Pinned toolchain: leanprover/lean4:v4.30.0
Lean: Lean (version 4.30.0, arm64-apple-darwin24.6.0, commit d024af099ca4bf2c86f649261ebf59565dc8c622, Release)
Lake: Lake version 5.0.0-src+d024af0 (Lean version 4.30.0)
Spec/All.lean coverage OK: 119 modules
All.lean coverage OK: 197 modules
placeholder check OK: 230 Lean files, no code-level sorry/admit
Lean source structure: 230 files; failures=0
== Stage 1a/3: trusted Spec modules, individually ==
== kernel-check ZhangLS/Spec/CharacterAbelAnalyticContinuation.lean ==
⚠ [1279/1362] Replayed ZhangLS.Spec.RealDirichletCharacter
warning: ZhangLS/Spec/RealDirichletCharacter.lean:48:4: try 'simp' instead of 'simpa'

Note: This linter can be disabled with `set_option linter.unnecessarySimpa false`
Build completed successfully (3432 jobs).
== kernel-check ZhangLS/Spec/CharacterAbelIntegralBound.lean ==
⚠ [1279/1385] Replayed ZhangLS.Spec.RealDirichletCharacter
warning: ZhangLS/Spec/RealDirichletCharacter.lean:48:4: try 'simp' instead of 'simpa'

Note: This linter can be disabled with `set_option linter.unnecessarySimpa false`
Build completed successfully (3431 jobs).
== kernel-check ZhangLS/Spec/CharacterLSeriesAbel.lean ==
⚠ [1279/1456] Replayed ZhangLS.Spec.RealDirichletCharacter
warning: ZhangLS/Spec/RealDirichletCharacter.lean:48:4: try 'simp' instead of 'simpa'

Note: This linter can be disabled with `set_option linter.unnecessarySimpa false`
Build completed successfully (3430 jobs).
== kernel-check ZhangLS/Spec/CharacterPeriodSum.lean ==
⚠ [1279/1385] Replayed ZhangLS.Spec.RealDirichletCharacter
warning: ZhangLS/Spec/RealDirichletCharacter.lean:48:4: try 'simp' instead of 'simpa'

Note: This linter can be disabled with `set_option linter.unnecessarySimpa false`
Build completed successfully (3425 jobs).
== kernel-check ZhangLS/Spec/DirichletLSeries.lean ==
⚠ [1279/1385] Replayed ZhangLS.Spec.RealDirichletCharacter
warning: ZhangLS/Spec/RealDirichletCharacter.lean:48:4: try 'simp' instead of 'simpa'

Note: This linter can be disabled with `set_option linter.unnecessarySimpa false`
Build completed successfully (3424 jobs).
== kernel-check ZhangLS/Spec/DivisorCharacterSum.lean ==
⚠ [1280/1292] Replayed ZhangLS.Spec.RealDirichletCharacter
warning: ZhangLS/Spec/RealDirichletCharacter.lean:48:4: try 'simp' instead of 'simpa'

Note: This linter can be disabled with `set_option linter.unnecessarySimpa false`
Build completed successfully (1292 jobs).
== kernel-check ZhangLS/Spec/DivisorCharacterSumNonnegative.lean ==
⚠ [1279/1391] Replayed ZhangLS.Spec.RealDirichletCharacter
warning: ZhangLS/Spec/RealDirichletCharacter.lean:48:4: try 'simp' instead of 'simpa'

Note: This linter can be disabled with `set_option linter.unnecessarySimpa false`
⚠ [3428/3443] Replayed ZhangLS.Spec.RealAxisAtOne
warning: ZhangLS/Spec/RealAxisAtOne.lean:56:4: try 'simp' instead of 'simpa'

Note: This linter can be disabled with `set_option linter.unnecessarySimpa false`
⚠ [3430/3443] Replayed ZhangLS.Spec.Lemma57
warning: ZhangLS/Spec/Lemma57.lean:101:58: unused variable `hD`

Note: This linter can be disabled with `set_option linter.unusedVariables false`
warning: ZhangLS/Spec/Lemma57.lean:102:7: unused variable `hA`

Note: This linter can be disabled with `set_option linter.unusedVariables false`
⚠ [3431/3443] Replayed ZhangLS.Spec.Lemma57Arithmetic
warning: ZhangLS/Spec/Lemma57Arithmetic.lean:55:15: unused variable `hc_g`

Note: This linter can be disabled with `set_option linter.unusedVariables false`
⚠ [3436/3443] Replayed ZhangLS.Spec.Lemma57SmoothedSum
warning: ZhangLS/Spec/Lemma57SmoothedSum.lean:42:46: unused variable `hD`

Note: This linter can be disabled with `set_option linter.unusedVariables false`
Build completed successfully (3443 jobs).
== kernel-check ZhangLS/Spec/Lemma23AnalyticLogBranch.lean ==
⚠ [2470/2470] Replayed ZhangLS.Spec.Lemma23AnalyticLogBranch
warning: ZhangLS/Spec/Lemma23AnalyticLogBranch.lean:42:53: try 'simp' instead of 'simpa'

Note: This linter can be disabled with `set_option linter.unnecessarySimpa false`
warning: ZhangLS/Spec/Lemma23AnalyticLogBranch.lean:67:44: try 'simp' instead of 'simpa'

Note: This linter can be disabled with `set_option linter.unnecessarySimpa false`
Build completed successfully (2470 jobs).
ZhangLS/Spec/Lemma23AnalyticLogBranch.lean:42:53: warning: try 'simp' instead of 'simpa'

Note: This linter can be disabled with `set_option linter.unnecessarySimpa false`
ZhangLS/Spec/Lemma23AnalyticLogBranch.lean:67:44: warning: try 'simp' instead of 'simpa'

Note: This linter can be disabled with `set_option linter.unnecessarySimpa false`
== kernel-check ZhangLS/Spec/Lemma23ArgumentPrinciple.lean ==
Build completed successfully (2683 jobs).
== kernel-check ZhangLS/Spec/Lemma23ArithmeticCoefficients.lean ==
⚠ [1279/1295] Replayed ZhangLS.Spec.RealDirichletCharacter
warning: ZhangLS/Spec/RealDirichletCharacter.lean:48:4: try 'simp' instead of 'simpa'

Note: This linter can be disabled with `set_option linter.unnecessarySimpa false`
Build completed successfully (3003 jobs).
== kernel-check ZhangLS/Spec/Lemma23BorelCaratheodory.lean ==
⚠ [2469/2688] Replayed ZhangLS.Spec.Lemma23AnalyticLogBranch
warning: ZhangLS/Spec/Lemma23AnalyticLogBranch.lean:42:53: try 'simp' instead of 'simpa'

Note: This linter can be disabled with `set_option linter.unnecessarySimpa false`
warning: ZhangLS/Spec/Lemma23AnalyticLogBranch.lean:67:44: try 'simp' instead of 'simpa'

Note: This linter can be disabled with `set_option linter.unnecessarySimpa false`
⚠ [2473/2688] Replayed ZhangLS.Spec.RealDirichletCharacter
warning: ZhangLS/Spec/RealDirichletCharacter.lean:48:4: try 'simp' instead of 'simpa'

Note: This linter can be disabled with `set_option linter.unnecessarySimpa false`
Build completed successfully (3153 jobs).
== kernel-check ZhangLS/Spec/Lemma23CharacterOrthogonality.lean ==
Build completed successfully (3290 jobs).
== kernel-check ZhangLS/Spec/Lemma23CoefficientBounds.lean ==
⚠ [1279/1415] Replayed ZhangLS.Spec.RealDirichletCharacter
warning: ZhangLS/Spec/RealDirichletCharacter.lean:48:4: try 'simp' instead of 'simpa'

Note: This linter can be disabled with `set_option linter.unnecessarySimpa false`
Build completed successfully (3011 jobs).
== kernel-check ZhangLS/Spec/Lemma23DirichletBranch.lean ==
⚠ [1279/1391] Replayed ZhangLS.Spec.RealDirichletCharacter
warning: ZhangLS/Spec/RealDirichletCharacter.lean:48:4: try 'simp' instead of 'simpa'

Note: This linter can be disabled with `set_option linter.unnecessarySimpa false`
⚠ [3452/3461] Replayed ZhangLS.Spec.Lemma23DirichletConjugation
warning: ZhangLS/Spec/Lemma23DirichletConjugation.lean:23:0: automatically included section variable(s) unused in theorem `ZhangLS.Spec.dirichletLSeries_inv_eq_conj_at_conj`:
  [NeZero N]
consider restructuring your `variable` declarations so that the variables are not in scope or explicitly omit them:
  omit [NeZero N] in theorem ...

Note: This linter can be disabled with `set_option linter.unusedSectionVars false`
⚠ [3454/3461] Replayed ZhangLS.Spec.Lemma23PrimitiveGaussSum
warning: ZhangLS/Spec/Lemma23PrimitiveGaussSum.lean:42:19: Used `tac1 <;> tac2` where `(tac1; tac2)` would suffice

Note: This linter can be disabled with `set_option linter.unnecessarySeqFocus false`
⚠ [3455/3461] Replayed ZhangLS.Spec.Lemma23DirichletUnitModulus
warning: ZhangLS/Spec/Lemma23DirichletUnitModulus.lean:112:48: Used `tac1 <;> tac2` where `(tac1; tac2)` would suffice

Note: This linter can be disabled with `set_option linter.unnecessarySeqFocus false`
Build completed successfully (3461 jobs).
== kernel-check ZhangLS/Spec/Lemma23DirichletConjugation.lean ==
⚠ [1279/1391] Replayed ZhangLS.Spec.RealDirichletCharacter
warning: ZhangLS/Spec/RealDirichletCharacter.lean:48:4: try 'simp' instead of 'simpa'

Note: This linter can be disabled with `set_option linter.unnecessarySimpa false`
⚠ [3452/3452] Replayed ZhangLS.Spec.Lemma23DirichletConjugation
warning: ZhangLS/Spec/Lemma23DirichletConjugation.lean:23:0: automatically included section variable(s) unused in theorem `ZhangLS.Spec.dirichletLSeries_inv_eq_conj_at_conj`:
  [NeZero N]
consider restructuring your `variable` declarations so that the variables are not in scope or explicitly omit them:
  omit [NeZero N] in theorem ...

Note: This linter can be disabled with `set_option linter.unusedSectionVars false`
Build completed successfully (3452 jobs).
ZhangLS/Spec/Lemma23DirichletConjugation.lean:23:0: warning: automatically included section variable(s) unused in theorem `ZhangLS.Spec.dirichletLSeries_inv_eq_conj_at_conj`:
  [NeZero N]
consider restructuring your `variable` declarations so that the variables are not in scope or explicitly omit them:
  omit [NeZero N] in theorem ...

Note: This linter can be disabled with `set_option linter.unusedSectionVars false`
== kernel-check ZhangLS/Spec/Lemma23DirichletFunctionalEquation.lean ==
⚠ [1279/1351] Replayed ZhangLS.Spec.RealDirichletCharacter
warning: ZhangLS/Spec/RealDirichletCharacter.lean:48:4: try 'simp' instead of 'simpa'

Note: This linter can be disabled with `set_option linter.unnecessarySimpa false`
⚠ [3452/3453] Replayed ZhangLS.Spec.Lemma23DirichletConjugation
warning: ZhangLS/Spec/Lemma23DirichletConjugation.lean:23:0: automatically included section variable(s) unused in theorem `ZhangLS.Spec.dirichletLSeries_inv_eq_conj_at_conj`:
  [NeZero N]
consider restructuring your `variable` declarations so that the variables are not in scope or explicitly omit them:
  omit [NeZero N] in theorem ...

Note: This linter can be disabled with `set_option linter.unusedSectionVars false`
Build completed successfully (3453 jobs).
== kernel-check ZhangLS/Spec/Lemma23DirichletUnitModulus.lean ==
⚠ [1279/1307] Replayed ZhangLS.Spec.RealDirichletCharacter
warning: ZhangLS/Spec/RealDirichletCharacter.lean:48:4: try 'simp' instead of 'simpa'

Note: This linter can be disabled with `set_option linter.unnecessarySimpa false`
⚠ [3452/3455] Replayed ZhangLS.Spec.Lemma23DirichletConjugation
warning: ZhangLS/Spec/Lemma23DirichletConjugation.lean:23:0: automatically included section variable(s) unused in theorem `ZhangLS.Spec.dirichletLSeries_inv_eq_conj_at_conj`:
  [NeZero N]
consider restructuring your `variable` declarations so that the variables are not in scope or explicitly omit them:
  omit [NeZero N] in theorem ...

Note: This linter can be disabled with `set_option linter.unusedSectionVars false`
⚠ [3454/3455] Replayed ZhangLS.Spec.Lemma23PrimitiveGaussSum
warning: ZhangLS/Spec/Lemma23PrimitiveGaussSum.lean:42:19: Used `tac1 <;> tac2` where `(tac1; tac2)` would suffice

Note: This linter can be disabled with `set_option linter.unnecessarySeqFocus false`
⚠ [3455/3455] Replayed ZhangLS.Spec.Lemma23DirichletUnitModulus
warning: ZhangLS/Spec/Lemma23DirichletUnitModulus.lean:112:48: Used `tac1 <;> tac2` where `(tac1; tac2)` would suffice

Note: This linter can be disabled with `set_option linter.unnecessarySeqFocus false`
Build completed successfully (3455 jobs).
ZhangLS/Spec/Lemma23DirichletUnitModulus.lean:112:48: warning: Used `tac1 <;> tac2` where `(tac1; tac2)` would suffice

Note: This linter can be disabled with `set_option linter.unnecessarySeqFocus false`
== kernel-check ZhangLS/Spec/Lemma23FiniteDirichletApproximation.lean ==
Build completed successfully (2115 jobs).
== kernel-check ZhangLS/Spec/Lemma23GeneralArgumentPrinciple.lean ==
Build completed successfully (2695 jobs).
== kernel-check ZhangLS/Spec/Lemma23GoodSet.lean ==
⚠ [1279/1440] Replayed ZhangLS.Spec.RealDirichletCharacter
warning: ZhangLS/Spec/RealDirichletCharacter.lean:48:4: try 'simp' instead of 'simpa'

Note: This linter can be disabled with `set_option linter.unnecessarySimpa false`
Build completed successfully (3516 jobs).
== kernel-check ZhangLS/Spec/Lemma23ModelRouche.lean ==
Build completed successfully (2697 jobs).
== kernel-check ZhangLS/Spec/Lemma23ModelZeros.lean ==
Build completed successfully (2168 jobs).
== kernel-check ZhangLS/Spec/Lemma23Nu20Bounds.lean ==
⚠ [1279/1426] Replayed ZhangLS.Spec.RealDirichletCharacter
warning: ZhangLS/Spec/RealDirichletCharacter.lean:48:4: try 'simp' instead of 'simpa'

Note: This linter can be disabled with `set_option linter.unnecessarySimpa false`
Build completed successfully (3012 jobs).
== kernel-check ZhangLS/Spec/Lemma23PrimitiveGaussSum.lean ==
⚠ [1279/1391] Replayed ZhangLS.Spec.RealDirichletCharacter
warning: ZhangLS/Spec/RealDirichletCharacter.lean:48:4: try 'simp' instead of 'simpa'

Note: This linter can be disabled with `set_option linter.unnecessarySimpa false`
⚠ [3452/3454] Replayed ZhangLS.Spec.Lemma23DirichletConjugation
warning: ZhangLS/Spec/Lemma23DirichletConjugation.lean:23:0: automatically included section variable(s) unused in theorem `ZhangLS.Spec.dirichletLSeries_inv_eq_conj_at_conj`:
  [NeZero N]
consider restructuring your `variable` declarations so that the variables are not in scope or explicitly omit them:
  omit [NeZero N] in theorem ...

Note: This linter can be disabled with `set_option linter.unusedSectionVars false`
⚠ [3454/3454] Replayed ZhangLS.Spec.Lemma23PrimitiveGaussSum
warning: ZhangLS/Spec/Lemma23PrimitiveGaussSum.lean:42:19: Used `tac1 <;> tac2` where `(tac1; tac2)` would suffice

Note: This linter can be disabled with `set_option linter.unnecessarySeqFocus false`
Build completed successfully (3454 jobs).
ZhangLS/Spec/Lemma23PrimitiveGaussSum.lean:42:19: warning: Used `tac1 <;> tac2` where `(tac1; tac2)` would suffice

Note: This linter can be disabled with `set_option linter.unnecessarySeqFocus false`
== kernel-check ZhangLS/Spec/Lemma23ProductApproximation.lean ==
⚠ [1279/1399] Replayed ZhangLS.Spec.RealDirichletCharacter
warning: ZhangLS/Spec/RealDirichletCharacter.lean:48:4: try 'simp' instead of 'simpa'

Note: This linter can be disabled with `set_option linter.unnecessarySimpa false`
Build completed successfully (3517 jobs).
== kernel-check ZhangLS/Spec/Lemma23RealSign.lean ==
Build completed successfully (2470 jobs).
== kernel-check ZhangLS/Spec/Lemma23RoucheIntegral.lean ==
Build completed successfully (2686 jobs).
== kernel-check ZhangLS/Spec/Lemma23SectionFourLogDerivative.lean ==
⚠ [1279/1412] Replayed ZhangLS.Spec.RealDirichletCharacter
warning: ZhangLS/Spec/RealDirichletCharacter.lean:48:4: try 'simp' instead of 'simpa'

Note: This linter can be disabled with `set_option linter.unnecessarySimpa false`
⚠ [3544/3557] Replayed ZhangLS.Spec.Lemma23AnalyticLogBranch
warning: ZhangLS/Spec/Lemma23AnalyticLogBranch.lean:42:53: try 'simp' instead of 'simpa'

Note: This linter can be disabled with `set_option linter.unnecessarySimpa false`
warning: ZhangLS/Spec/Lemma23AnalyticLogBranch.lean:67:44: try 'simp' instead of 'simpa'

Note: This linter can be disabled with `set_option linter.unnecessarySimpa false`
Build completed successfully (3557 jobs).
== kernel-check ZhangLS/Spec/Lemma23X1Expansion.lean ==
⚠ [1279/1395] Replayed ZhangLS.Spec.RealDirichletCharacter
warning: ZhangLS/Spec/RealDirichletCharacter.lean:48:4: try 'simp' instead of 'simpa'

Note: This linter can be disabled with `set_option linter.unnecessarySimpa false`
Build completed successfully (3515 jobs).
== kernel-check ZhangLS/Spec/Lemma23ZeroGapArithmetic.lean ==
Build completed successfully (846 jobs).
== kernel-check ZhangLS/Spec/Lemma23ZeroGapDirichlet.lean ==
⚠ [1279/1322] Replayed ZhangLS.Spec.RealDirichletCharacter
warning: ZhangLS/Spec/RealDirichletCharacter.lean:48:4: try 'simp' instead of 'simpa'

Note: This linter can be disabled with `set_option linter.unnecessarySimpa false`
⚠ [3452/3463] Replayed ZhangLS.Spec.Lemma23DirichletConjugation
warning: ZhangLS/Spec/Lemma23DirichletConjugation.lean:23:0: automatically included section variable(s) unused in theorem `ZhangLS.Spec.dirichletLSeries_inv_eq_conj_at_conj`:
  [NeZero N]
consider restructuring your `variable` declarations so that the variables are not in scope or explicitly omit them:
  omit [NeZero N] in theorem ...

Note: This linter can be disabled with `set_option linter.unusedSectionVars false`
⚠ [3454/3463] Replayed ZhangLS.Spec.Lemma23PrimitiveGaussSum
warning: ZhangLS/Spec/Lemma23PrimitiveGaussSum.lean:42:19: Used `tac1 <;> tac2` where `(tac1; tac2)` would suffice

Note: This linter can be disabled with `set_option linter.unnecessarySeqFocus false`
⚠ [3455/3463] Replayed ZhangLS.Spec.Lemma23DirichletUnitModulus
warning: ZhangLS/Spec/Lemma23DirichletUnitModulus.lean:112:48: Used `tac1 <;> tac2` where `(tac1; tac2)` would suffice

Note: This linter can be disabled with `set_option linter.unnecessarySeqFocus false`
Build completed successfully (3463 jobs).
== kernel-check ZhangLS/Spec/Lemma44ApproximateFunctionalEquation.lean ==
⚠ [1279/1308] Replayed ZhangLS.Spec.RealDirichletCharacter
warning: ZhangLS/Spec/RealDirichletCharacter.lean:48:4: try 'simp' instead of 'simpa'

Note: This linter can be disabled with `set_option linter.unnecessarySimpa false`
⚠ [1280/1308] Replayed ZhangLS.Spec.Lemma44CharacterProduct
warning: ZhangLS/Spec/Lemma44CharacterProduct.lean:55:38: This simp argument is unused:
  mul_comm

Hint: Omit it from the simp argument list.
  simp [̵m̵u̵l̵_̵c̵o̵m̵m̵,̵ ̵m̵u̵l̵_̵l̵e̵f̵t̵_̵c̵o̵m̵m̵,̵[̲m̲u̲l̲_̲l̲e̲f̲t̲_̲c̲o̲m̲m̲,̲ mul_assoc]

Note: This linter can be disabled with `set_option linter.unusedSimpArgs false`
warning: ZhangLS/Spec/Lemma44CharacterProduct.lean:55:48: This simp argument is unused:
  mul_left_comm

Hint: Omit it from the simp argument list.
  simp [mul_comm, mul_l̵e̵f̵t̵_̵c̵o̵m̵m̵,̵ ̵m̵u̵l̵_̵assoc]

Note: This linter can be disabled with `set_option linter.unusedSimpArgs false`
⚠ [2474/2549] Replayed ZhangLS.Spec.Lemma23AnalyticLogBranch
warning: ZhangLS/Spec/Lemma23AnalyticLogBranch.lean:42:53: try 'simp' instead of 'simpa'

Note: This linter can be disabled with `set_option linter.unnecessarySimpa false`
warning: ZhangLS/Spec/Lemma23AnalyticLogBranch.lean:67:44: try 'simp' instead of 'simpa'

Note: This linter can be disabled with `set_option linter.unnecessarySimpa false`
⚠ [3461/3595] Replayed ZhangLS.Spec.RealAxisAtOne
warning: ZhangLS/Spec/RealAxisAtOne.lean:56:4: try 'simp' instead of 'simpa'

Note: This linter can be disabled with `set_option linter.unnecessarySimpa false`
⚠ [3463/3595] Replayed ZhangLS.Spec.Lemma57
warning: ZhangLS/Spec/Lemma57.lean:101:58: unused variable `hD`

Note: This linter can be disabled with `set_option linter.unusedVariables false`
warning: ZhangLS/Spec/Lemma57.lean:102:7: unused variable `hA`

Note: This linter can be disabled with `set_option linter.unusedVariables false`
⚠ [3464/3595] Replayed ZhangLS.Spec.Lemma57Arithmetic
warning: ZhangLS/Spec/Lemma57Arithmetic.lean:55:15: unused variable `hc_g`

Note: This linter can be disabled with `set_option linter.unusedVariables false`
⚠ [3469/3595] Replayed ZhangLS.Spec.Lemma57SmoothedSum
warning: ZhangLS/Spec/Lemma57SmoothedSum.lean:42:46: unused variable `hD`

Note: This linter can be disabled with `set_option linter.unusedVariables false`
⚠ [3478/3595] Replayed ZhangLS.Spec.Lemma57GaussianGlobal
warning: ZhangLS/Spec/Lemma57GaussianGlobal.lean:55:58: unused variable `ha`

Note: This linter can be disabled with `set_option linter.unusedVariables false`
warning: ZhangLS/Spec/Lemma57GaussianGlobal.lean:241:13: unused variable `hD`

Note: This linter can be disabled with `set_option linter.unusedVariables false`
warning: ZhangLS/Spec/Lemma57GaussianGlobal.lean:241:34: unused variable `hx`

Note: This linter can be disabled with `set_option linter.unusedVariables false`
⚠ [3479/3595] Replayed ZhangLS.Spec.Lemma57SmoothedSummability
warning: ZhangLS/Spec/Lemma57SmoothedSummability.lean:20:52: unused variable `hn`

Note: This linter can be disabled with `set_option linter.unusedVariables false`
⚠ [3484/3595] Replayed ZhangLS.Spec.Lemma57GaussianMellinTransform
warning: ZhangLS/Spec/Lemma57GaussianMellinTransform.lean:67:63: Used `tac1 <;> tac2` where `(tac1; tac2)` would suffice

Note: This linter can be disabled with `set_option linter.unnecessarySeqFocus false`
warning: ZhangLS/Spec/Lemma57GaussianMellinTransform.lean:145:54: Used `tac1 <;> tac2` where `(tac1; tac2)` would suffice

Note: This linter can be disabled with `set_option linter.unnecessarySeqFocus false`
warning: ZhangLS/Spec/Lemma57GaussianMellinTransform.lean:326:4: Try `simp at hs` instead of `simpa using hs`

Note: This linter can be disabled with `set_option linter.unnecessarySimpa false`
⚠ [3498/3595] Replayed ZhangLS.Spec.RiemannZetaCriticalLineBound
warning: ZhangLS/Spec/RiemannZetaCriticalLineBound.lean:99:2: Used `tac1 <;> tac2` where `(tac1; tac2)` would suffice

Note: This linter can be disabled with `set_option linter.unnecessarySeqFocus false`
warning: ZhangLS/Spec/RiemannZetaCriticalLineBound.lean:124:13: unused variable `hs`

Note: This linter can be disabled with `set_option linter.unusedVariables false`
warning: ZhangLS/Spec/RiemannZetaCriticalLineBound.lean:152:6: unused variable `n`

Note: This linter can be disabled with `set_option linter.unusedVariables false`
warning: ZhangLS/Spec/RiemannZetaCriticalLineBound.lean:156:20: unused variable `k`

Note: This linter can be disabled with `set_option linter.unusedVariables false`
warning: ZhangLS/Spec/RiemannZetaCriticalLineBound.lean:161:8: This simp argument is unused:
  sum_one_Icc

Hint: Omit it from the simp argument list.
  simp ̵[̵s̵u̵m̵_̵o̵n̵e̵_̵I̵c̵c̵]̵

Note: This linter can be disabled with `set_option linter.unusedSimpArgs false`
warning: ZhangLS/Spec/RiemannZetaCriticalLineBound.lean:242:12: 'ring' tactic does nothing

Note: This linter can be disabled with `set_option linter.unusedTactic false`
warning: ZhangLS/Spec/RiemannZetaCriticalLineBound.lean:242:12: this tactic is never executed

Note: This linter can be disabled with `set_option linter.unreachableTactic false`
warning: ZhangLS/Spec/RiemannZetaCriticalLineBound.lean:219:41: Used `tac1 <;> tac2` where `(tac1; tac2)` would suffice

Note: This linter can be disabled with `set_option linter.unnecessarySeqFocus false`
warning: ZhangLS/Spec/RiemannZetaCriticalLineBound.lean:303:8: 'ring' tactic does nothing

Note: This linter can be disabled with `set_option linter.unusedTactic false`
warning: ZhangLS/Spec/RiemannZetaCriticalLineBound.lean:303:8: this tactic is never executed

Note: This linter can be disabled with `set_option linter.unreachableTactic false`
warning: ZhangLS/Spec/RiemannZetaCriticalLineBound.lean:394:12: This simp argument is unused:
  norm_div

Hint: Omit it from the simp argument list.
  simp ̵[̵n̵o̵r̵m̵_̵d̵i̵v̵]̵

Note: This linter can be disabled with `set_option linter.unusedSimpArgs false`
warning: ZhangLS/Spec/RiemannZetaCriticalLineBound.lean:475:75: This simp argument is unused:
  norm_div

Hint: Omit it from the simp argument list.
  simp ̵[̵n̵o̵r̵m̵_̵d̵i̵v̵]̵

Note: This linter can be disabled with `set_option linter.unusedSimpArgs false`
⚠ [3499/3595] Replayed ZhangLS.Spec.Lemma57CriticalStripGrowth
warning: ZhangLS/Spec/Lemma57CriticalStripGrowth.lean:270:14: This simp argument is unused:
  norm_div

Hint: Omit it from the simp argument list.
  simp ̵[̵n̵o̵r̵m̵_̵d̵i̵v̵]̵

Note: This linter can be disabled with `set_option linter.unusedSimpArgs false`
⚠ [3506/3595] Replayed ZhangLS.Spec.Lemma23DirichletConjugation
warning: ZhangLS/Spec/Lemma23DirichletConjugation.lean:23:0: automatically included section variable(s) unused in theorem `ZhangLS.Spec.dirichletLSeries_inv_eq_conj_at_conj`:
  [NeZero N]
consider restructuring your `variable` declarations so that the variables are not in scope or explicitly omit them:
  omit [NeZero N] in theorem ...

Note: This linter can be disabled with `set_option linter.unusedSectionVars false`
⚠ [3508/3595] Replayed ZhangLS.Spec.Lemma23PrimitiveGaussSum
warning: ZhangLS/Spec/Lemma23PrimitiveGaussSum.lean:42:19: Used `tac1 <;> tac2` where `(tac1; tac2)` would suffice

Note: This linter can be disabled with `set_option linter.unnecessarySeqFocus false`
⚠ [3509/3595] Replayed ZhangLS.Spec.Lemma23DirichletUnitModulus
warning: ZhangLS/Spec/Lemma23DirichletUnitModulus.lean:112:48: Used `tac1 <;> tac2` where `(tac1; tac2)` would suffice

Note: This linter can be disabled with `set_option linter.unnecessarySeqFocus false`
⚠ [3647/3672] Replayed ZhangLS.Spec.Lemma44ProductMellin
warning: ZhangLS/Spec/Lemma44ProductMellin.lean:144:4: try 'simp' instead of 'simpa'

Note: This linter can be disabled with `set_option linter.unnecessarySimpa false`
⚠ [3651/3672] Replayed ZhangLS.Spec.Lemma44RightMellinApproximation
warning: ZhangLS/Spec/Lemma44RightMellinApproximation.lean:37:4: try 'simp' instead of 'simpa'

Note: This linter can be disabled with `set_option linter.unnecessarySimpa false`
⚠ [3655/3672] Replayed ZhangLS.Spec.Lemma44ReflectedLongSum
warning: ZhangLS/Spec/Lemma44ReflectedLongSum.lean:81:64: Used `tac1 <;> tac2` where `(tac1; tac2)` would suffice

Note: This linter can be disabled with `set_option linter.unnecessarySeqFocus false`
⚠ [3658/3672] Replayed ZhangLS.Spec.Lemma44InitialLeftEstimates
warning: ZhangLS/Spec/Lemma44InitialLeftEstimates.lean:68:23: Used `tac1 <;> tac2` where `(tac1; tac2)` would suffice

Note: This linter can be disabled with `set_option linter.unnecessarySeqFocus false`
⚠ [3661/3672] Replayed ZhangLS.Spec.Lemma44ComplexCharacterAbel
warning: ZhangLS/Spec/Lemma44ComplexCharacterAbel.lean:73:56: unused variable `hD`

Note: This linter can be disabled with `set_option linter.unusedVariables false`
⚠ [3662/3672] Replayed ZhangLS.Spec.Lemma44HorizontalGrowth
warning: ZhangLS/Spec/Lemma44HorizontalGrowth.lean:147:6: 'push_cast' tactic does nothing

Note: This linter can be disabled with `set_option linter.unusedTactic false`
⚠ [3664/3672] Replayed ZhangLS.Spec.Lemma44GaussianVerticalTail
info: ZhangLS/Spec/Lemma44GaussianVerticalTail.lean:41:4: Try this:
  [apply] ring_nf
  
  The `ring` tactic failed to close the goal. Use `ring_nf` to obtain a normal form.
    
  Note that `ring` works primarily in *commutative* rings. If you have a noncommutative ring, abelian group or module, consider using `noncomm_ring`, `abel` or `module` instead.
info: ZhangLS/Spec/Lemma44GaussianVerticalTail.lean:57:16: Try this:
  [apply] ring_nf
  
  The `ring` tactic failed to close the goal. Use `ring_nf` to obtain a normal form.
    
  Note that `ring` works primarily in *commutative* rings. If you have a noncommutative ring, abelian group or module, consider using `noncomm_ring`, `abel` or `module` instead.
warning: ZhangLS/Spec/Lemma44GaussianVerticalTail.lean:57:12: Used `tac1 <;> tac2` where `(tac1; tac2)` would suffice

Note: This linter can be disabled with `set_option linter.unnecessarySeqFocus false`
warning: ZhangLS/Spec/Lemma44GaussianVerticalTail.lean:68:22: Used `tac1 <;> tac2` where `(tac1; tac2)` would suffice

Note: This linter can be disabled with `set_option linter.unnecessarySeqFocus false`
info: ZhangLS/Spec/Lemma44GaussianVerticalTail.lean:153:35: Try this:
  [apply] ring_nf
  
  The `ring` tactic failed to close the goal. Use `ring_nf` to obtain a normal form.
    
  Note that `ring` works primarily in *commutative* rings. If you have a noncommutative ring, abelian group or module, consider using `noncomm_ring`, `abel` or `module` instead.
⚠ [3665/3672] Replayed ZhangLS.Spec.Lemma44LocalRectangle
warning: ZhangLS/Spec/Lemma44LocalRectangle.lean:115:46: This simp argument is unused:
  zero_mul

Hint: Omit it from the simp argument list.
  simp only [mem_reProdIm, mem_Icc, sub_re, sub_im, ofReal_re, ofReal_im, mul_re, mul_im, I_re,
  ̲  ̲ ̲ ̲ ̲ ̲ ̲ ̲I_im, mul_zero, z̵e̵r̵o̵_̵m̵u̵l̵,̵ ̵mul_one, zero_add, sub_zero]

Note: This linter can be disabled with `set_option linter.unusedSimpArgs false`
warning: ZhangLS/Spec/Lemma44LocalRectangle.lean:115:65: This simp argument is unused:
  zero_add

Hint: Omit it from the simp argument list.
  simp only [mem_reProdIm, mem_Icc, sub_re, sub_im, ofReal_re, ofReal_im, mul_re, mul_im, I_re,
  ̲  ̲ ̲ ̲ ̲ ̲ ̲ ̲I_im, mul_zero, zero_mul, mul_one, z̵e̵r̵o̵_̵a̵d̵d̵,̵ ̵sub_zero]

Note: This linter can be disabled with `set_option linter.unusedSimpArgs false`
⚠ [3668/3672] Replayed ZhangLS.Spec.Lemma44HorizontalIntegrals
warning: ZhangLS/Spec/Lemma44HorizontalIntegrals.lean:18:5: unused variable `hK`

Note: This linter can be disabled with `set_option linter.unusedVariables false`
⚠ [3669/3672] Replayed ZhangLS.Spec.Lemma44ReflectedPolynomialContours
warning: ZhangLS/Spec/Lemma44ReflectedPolynomialContours.lean:152:64: This simp argument is unused:
  mul_left_comm

Hint: Omit it from the simp argument list.
  simp only [sub_eq_add_neg, add_comm, add_left_comm, mul_comm, mul_l̵e̵f̵t̵_̵c̵o̵m̵m̵,̵ ̵m̵u̵l̵_̵assoc] at hc ⊢

Note: This linter can be disabled with `set_option linter.unusedSimpArgs false`
warning: ZhangLS/Spec/Lemma44ReflectedPolynomialContours.lean:152:79: This simp argument is unused:
  mul_assoc

Hint: Omit it from the simp argument list.
  simp only [sub_eq_add_neg, add_comm, add_left_comm, mul_comm, mul_left_comm,̵ ̵m̵u̵l̵_̵a̵s̵s̵o̵c̵] at hc ⊢

Note: This linter can be disabled with `set_option linter.unusedSimpArgs false`
Build completed successfully (3672 jobs).
== kernel-check ZhangLS/Spec/Lemma44CharacterProduct.lean ==
⚠ [1280/1281] Replayed ZhangLS.Spec.RealDirichletCharacter
warning: ZhangLS/Spec/RealDirichletCharacter.lean:48:4: try 'simp' instead of 'simpa'

Note: This linter can be disabled with `set_option linter.unnecessarySimpa false`
⚠ [1281/1281] Replayed ZhangLS.Spec.Lemma44CharacterProduct
warning: ZhangLS/Spec/Lemma44CharacterProduct.lean:55:38: This simp argument is unused:
  mul_comm

Hint: Omit it from the simp argument list.
  simp [̵m̵u̵l̵_̵c̵o̵m̵m̵,̵ ̵m̵u̵l̵_̵l̵e̵f̵t̵_̵c̵o̵m̵m̵,̵[̲m̲u̲l̲_̲l̲e̲f̲t̲_̲c̲o̲m̲m̲,̲ mul_assoc]

Note: This linter can be disabled with `set_option linter.unusedSimpArgs false`
warning: ZhangLS/Spec/Lemma44CharacterProduct.lean:55:48: This simp argument is unused:
  mul_left_comm

Hint: Omit it from the simp argument list.
  simp [mul_comm, mul_l̵e̵f̵t̵_̵c̵o̵m̵m̵,̵ ̵m̵u̵l̵_̵assoc]

Note: This linter can be disabled with `set_option linter.unusedSimpArgs false`
Build completed successfully (1281 jobs).
ZhangLS/Spec/Lemma44CharacterProduct.lean:55:38: warning: This simp argument is unused:
  mul_comm

Hint: Omit it from the simp argument list.
  simp [̵m̵u̵l̵_̵c̵o̵m̵m̵,̵ ̵m̵u̵l̵_̵l̵e̵f̵t̵_̵c̵o̵m̵m̵,̵[̲m̲u̲l̲_̲l̲e̲f̲t̲_̲c̲o̲m̲m̲,̲ mul_assoc]

Note: This linter can be disabled with `set_option linter.unusedSimpArgs false`
ZhangLS/Spec/Lemma44CharacterProduct.lean:55:48: warning: This simp argument is unused:
  mul_left_comm

Hint: Omit it from the simp argument list.
  simp [mul_comm, mul_l̵e̵f̵t̵_̵c̵o̵m̵m̵,̵ ̵m̵u̵l̵_̵assoc]

Note: This linter can be disabled with `set_option linter.unusedSimpArgs false`
== kernel-check ZhangLS/Spec/Lemma44ComplexCharacterAbel.lean ==
⚠ [1279/1323] Replayed ZhangLS.Spec.RealDirichletCharacter
warning: ZhangLS/Spec/RealDirichletCharacter.lean:48:4: try 'simp' instead of 'simpa'

Note: This linter can be disabled with `set_option linter.unnecessarySimpa false`
⚠ [3433/3433] Replayed ZhangLS.Spec.Lemma44ComplexCharacterAbel
warning: ZhangLS/Spec/Lemma44ComplexCharacterAbel.lean:73:56: unused variable `hD`

Note: This linter can be disabled with `set_option linter.unusedVariables false`
Build completed successfully (3433 jobs).
ZhangLS/Spec/Lemma44ComplexCharacterAbel.lean:73:56: warning: unused variable `hD`

Note: This linter can be disabled with `set_option linter.unusedVariables false`
== kernel-check ZhangLS/Spec/Lemma44DirichletFactorEstimates.lean ==
⚠ [2469/2859] Replayed ZhangLS.Spec.Lemma23AnalyticLogBranch
warning: ZhangLS/Spec/Lemma23AnalyticLogBranch.lean:42:53: try 'simp' instead of 'simpa'

Note: This linter can be disabled with `set_option linter.unnecessarySimpa false`
warning: ZhangLS/Spec/Lemma23AnalyticLogBranch.lean:67:44: try 'simp' instead of 'simpa'

Note: This linter can be disabled with `set_option linter.unnecessarySimpa false`
⚠ [2473/2859] Replayed ZhangLS.Spec.RealDirichletCharacter
warning: ZhangLS/Spec/RealDirichletCharacter.lean:48:4: try 'simp' instead of 'simpa'

Note: This linter can be disabled with `set_option linter.unnecessarySimpa false`
⚠ [3461/3516] Replayed ZhangLS.Spec.RealAxisAtOne
warning: ZhangLS/Spec/RealAxisAtOne.lean:56:4: try 'simp' instead of 'simpa'

Note: This linter can be disabled with `set_option linter.unnecessarySimpa false`
⚠ [3463/3516] Replayed ZhangLS.Spec.Lemma57
warning: ZhangLS/Spec/Lemma57.lean:101:58: unused variable `hD`

Note: This linter can be disabled with `set_option linter.unusedVariables false`
warning: ZhangLS/Spec/Lemma57.lean:102:7: unused variable `hA`

Note: This linter can be disabled with `set_option linter.unusedVariables false`
⚠ [3464/3516] Replayed ZhangLS.Spec.Lemma57Arithmetic
warning: ZhangLS/Spec/Lemma57Arithmetic.lean:55:15: unused variable `hc_g`

Note: This linter can be disabled with `set_option linter.unusedVariables false`
⚠ [3469/3516] Replayed ZhangLS.Spec.Lemma57SmoothedSum
warning: ZhangLS/Spec/Lemma57SmoothedSum.lean:42:46: unused variable `hD`

Note: This linter can be disabled with `set_option linter.unusedVariables false`
⚠ [3478/3516] Replayed ZhangLS.Spec.Lemma57GaussianGlobal
warning: ZhangLS/Spec/Lemma57GaussianGlobal.lean:55:58: unused variable `ha`

Note: This linter can be disabled with `set_option linter.unusedVariables false`
warning: ZhangLS/Spec/Lemma57GaussianGlobal.lean:241:13: unused variable `hD`

Note: This linter can be disabled with `set_option linter.unusedVariables false`
warning: ZhangLS/Spec/Lemma57GaussianGlobal.lean:241:34: unused variable `hx`

Note: This linter can be disabled with `set_option linter.unusedVariables false`
⚠ [3479/3516] Replayed ZhangLS.Spec.Lemma57SmoothedSummability
warning: ZhangLS/Spec/Lemma57SmoothedSummability.lean:20:52: unused variable `hn`

Note: This linter can be disabled with `set_option linter.unusedVariables false`
⚠ [3484/3516] Replayed ZhangLS.Spec.Lemma57GaussianMellinTransform
warning: ZhangLS/Spec/Lemma57GaussianMellinTransform.lean:67:63: Used `tac1 <;> tac2` where `(tac1; tac2)` would suffice

Note: This linter can be disabled with `set_option linter.unnecessarySeqFocus false`
warning: ZhangLS/Spec/Lemma57GaussianMellinTransform.lean:145:54: Used `tac1 <;> tac2` where `(tac1; tac2)` would suffice

Note: This linter can be disabled with `set_option linter.unnecessarySeqFocus false`
warning: ZhangLS/Spec/Lemma57GaussianMellinTransform.lean:326:4: Try `simp at hs` instead of `simpa using hs`

Note: This linter can be disabled with `set_option linter.unnecessarySimpa false`
⚠ [3498/3516] Replayed ZhangLS.Spec.RiemannZetaCriticalLineBound
warning: ZhangLS/Spec/RiemannZetaCriticalLineBound.lean:99:2: Used `tac1 <;> tac2` where `(tac1; tac2)` would suffice

Note: This linter can be disabled with `set_option linter.unnecessarySeqFocus false`
warning: ZhangLS/Spec/RiemannZetaCriticalLineBound.lean:124:13: unused variable `hs`

Note: This linter can be disabled with `set_option linter.unusedVariables false`
warning: ZhangLS/Spec/RiemannZetaCriticalLineBound.lean:152:6: unused variable `n`

Note: This linter can be disabled with `set_option linter.unusedVariables false`
warning: ZhangLS/Spec/RiemannZetaCriticalLineBound.lean:156:20: unused variable `k`

Note: This linter can be disabled with `set_option linter.unusedVariables false`
warning: ZhangLS/Spec/RiemannZetaCriticalLineBound.lean:161:8: This simp argument is unused:
  sum_one_Icc

Hint: Omit it from the simp argument list.
  simp ̵[̵s̵u̵m̵_̵o̵n̵e̵_̵I̵c̵c̵]̵

Note: This linter can be disabled with `set_option linter.unusedSimpArgs false`
warning: ZhangLS/Spec/RiemannZetaCriticalLineBound.lean:242:12: 'ring' tactic does nothing

Note: This linter can be disabled with `set_option linter.unusedTactic false`
warning: ZhangLS/Spec/RiemannZetaCriticalLineBound.lean:242:12: this tactic is never executed

Note: This linter can be disabled with `set_option linter.unreachableTactic false`
warning: ZhangLS/Spec/RiemannZetaCriticalLineBound.lean:219:41: Used `tac1 <;> tac2` where `(tac1; tac2)` would suffice

Note: This linter can be disabled with `set_option linter.unnecessarySeqFocus false`
warning: ZhangLS/Spec/RiemannZetaCriticalLineBound.lean:303:8: 'ring' tactic does nothing

Note: This linter can be disabled with `set_option linter.unusedTactic false`
warning: ZhangLS/Spec/RiemannZetaCriticalLineBound.lean:303:8: this tactic is never executed

Note: This linter can be disabled with `set_option linter.unreachableTactic false`
warning: ZhangLS/Spec/RiemannZetaCriticalLineBound.lean:394:12: This simp argument is unused:
  norm_div

Hint: Omit it from the simp argument list.
  simp ̵[̵n̵o̵r̵m̵_̵d̵i̵v̵]̵

Note: This linter can be disabled with `set_option linter.unusedSimpArgs false`
warning: ZhangLS/Spec/RiemannZetaCriticalLineBound.lean:475:75: This simp argument is unused:
  norm_div

Hint: Omit it from the simp argument list.
  simp ̵[̵n̵o̵r̵m̵_̵d̵i̵v̵]̵

Note: This linter can be disabled with `set_option linter.unusedSimpArgs false`
⚠ [3499/3516] Replayed ZhangLS.Spec.Lemma57CriticalStripGrowth
warning: ZhangLS/Spec/Lemma57CriticalStripGrowth.lean:270:14: This simp argument is unused:
  norm_div

Hint: Omit it from the simp argument list.
  simp ̵[̵n̵o̵r̵m̵_̵d̵i̵v̵]̵

Note: This linter can be disabled with `set_option linter.unusedSimpArgs false`
⚠ [3506/3516] Replayed ZhangLS.Spec.Lemma23DirichletConjugation
warning: ZhangLS/Spec/Lemma23DirichletConjugation.lean:23:0: automatically included section variable(s) unused in theorem `ZhangLS.Spec.dirichletLSeries_inv_eq_conj_at_conj`:
  [NeZero N]
consider restructuring your `variable` declarations so that the variables are not in scope or explicitly omit them:
  omit [NeZero N] in theorem ...

Note: This linter can be disabled with `set_option linter.unusedSectionVars false`
⚠ [3508/3516] Replayed ZhangLS.Spec.Lemma23PrimitiveGaussSum
warning: ZhangLS/Spec/Lemma23PrimitiveGaussSum.lean:42:19: Used `tac1 <;> tac2` where `(tac1; tac2)` would suffice

Note: This linter can be disabled with `set_option linter.unnecessarySeqFocus false`
⚠ [3509/3516] Replayed ZhangLS.Spec.Lemma23DirichletUnitModulus
warning: ZhangLS/Spec/Lemma23DirichletUnitModulus.lean:112:48: Used `tac1 <;> tac2` where `(tac1; tac2)` would suffice

Note: This linter can be disabled with `set_option linter.unnecessarySeqFocus false`
Build completed successfully (3516 jobs).
== kernel-check ZhangLS/Spec/Lemma44FiniteGaussianMellin.lean ==
⚠ [1279/1789] Replayed ZhangLS.Spec.RealDirichletCharacter
warning: ZhangLS/Spec/RealDirichletCharacter.lean:48:4: try 'simp' instead of 'simpa'

Note: This linter can be disabled with `set_option linter.unnecessarySimpa false`
⚠ [3561/3584] Replayed ZhangLS.Spec.RealAxisAtOne
warning: ZhangLS/Spec/RealAxisAtOne.lean:56:4: try 'simp' instead of 'simpa'

Note: This linter can be disabled with `set_option linter.unnecessarySimpa false`
⚠ [3563/3584] Replayed ZhangLS.Spec.Lemma57
warning: ZhangLS/Spec/Lemma57.lean:101:58: unused variable `hD`

Note: This linter can be disabled with `set_option linter.unusedVariables false`
warning: ZhangLS/Spec/Lemma57.lean:102:7: unused variable `hA`

Note: This linter can be disabled with `set_option linter.unusedVariables false`
⚠ [3564/3584] Replayed ZhangLS.Spec.Lemma57Arithmetic
warning: ZhangLS/Spec/Lemma57Arithmetic.lean:55:15: unused variable `hc_g`

Note: This linter can be disabled with `set_option linter.unusedVariables false`
⚠ [3569/3584] Replayed ZhangLS.Spec.Lemma57SmoothedSum
warning: ZhangLS/Spec/Lemma57SmoothedSum.lean:42:46: unused variable `hD`

Note: This linter can be disabled with `set_option linter.unusedVariables false`
⚠ [3577/3584] Replayed ZhangLS.Spec.Lemma57GaussianGlobal
warning: ZhangLS/Spec/Lemma57GaussianGlobal.lean:55:58: unused variable `ha`

Note: This linter can be disabled with `set_option linter.unusedVariables false`
warning: ZhangLS/Spec/Lemma57GaussianGlobal.lean:241:13: unused variable `hD`

Note: This linter can be disabled with `set_option linter.unusedVariables false`
warning: ZhangLS/Spec/Lemma57GaussianGlobal.lean:241:34: unused variable `hx`

Note: This linter can be disabled with `set_option linter.unusedVariables false`
⚠ [3578/3584] Replayed ZhangLS.Spec.Lemma57SmoothedSummability
warning: ZhangLS/Spec/Lemma57SmoothedSummability.lean:20:52: unused variable `hn`

Note: This linter can be disabled with `set_option linter.unusedVariables false`
⚠ [3582/3584] Replayed ZhangLS.Spec.Lemma57GaussianMellinTransform
warning: ZhangLS/Spec/Lemma57GaussianMellinTransform.lean:67:63: Used `tac1 <;> tac2` where `(tac1; tac2)` would suffice

Note: This linter can be disabled with `set_option linter.unnecessarySeqFocus false`
warning: ZhangLS/Spec/Lemma57GaussianMellinTransform.lean:145:54: Used `tac1 <;> tac2` where `(tac1; tac2)` would suffice

Note: This linter can be disabled with `set_option linter.unnecessarySeqFocus false`
warning: ZhangLS/Spec/Lemma57GaussianMellinTransform.lean:326:4: Try `simp at hs` instead of `simpa using hs`

Note: This linter can be disabled with `set_option linter.unnecessarySimpa false`
Build completed successfully (3584 jobs).
== kernel-check ZhangLS/Spec/Lemma44FiniteProductShift.lean ==
⚠ [1279/1288] Replayed ZhangLS.Spec.RealDirichletCharacter
warning: ZhangLS/Spec/RealDirichletCharacter.lean:48:4: try 'simp' instead of 'simpa'

Note: This linter can be disabled with `set_option linter.unnecessarySimpa false`
⚠ [1280/1288] Replayed ZhangLS.Spec.Lemma44CharacterProduct
warning: ZhangLS/Spec/Lemma44CharacterProduct.lean:55:38: This simp argument is unused:
  mul_comm

Hint: Omit it from the simp argument list.
  simp [̵m̵u̵l̵_̵c̵o̵m̵m̵,̵ ̵m̵u̵l̵_̵l̵e̵f̵t̵_̵c̵o̵m̵m̵,̵[̲m̲u̲l̲_̲l̲e̲f̲t̲_̲c̲o̲m̲m̲,̲ mul_assoc]

Note: This linter can be disabled with `set_option linter.unusedSimpArgs false`
warning: ZhangLS/Spec/Lemma44CharacterProduct.lean:55:48: This simp argument is unused:
  mul_left_comm

Hint: Omit it from the simp argument list.
  simp [mul_comm, mul_l̵e̵f̵t̵_̵c̵o̵m̵m̵,̵ ̵m̵u̵l̵_̵assoc]

Note: This linter can be disabled with `set_option linter.unusedSimpArgs false`
⚠ [2474/2925] Replayed ZhangLS.Spec.Lemma23AnalyticLogBranch
warning: ZhangLS/Spec/Lemma23AnalyticLogBranch.lean:42:53: try 'simp' instead of 'simpa'

Note: This linter can be disabled with `set_option linter.unnecessarySimpa false`
warning: ZhangLS/Spec/Lemma23AnalyticLogBranch.lean:67:44: try 'simp' instead of 'simpa'

Note: This linter can be disabled with `set_option linter.unnecessarySimpa false`
⚠ [3462/3654] Replayed ZhangLS.Spec.RealAxisAtOne
warning: ZhangLS/Spec/RealAxisAtOne.lean:56:4: try 'simp' instead of 'simpa'

Note: This linter can be disabled with `set_option linter.unnecessarySimpa false`
⚠ [3464/3654] Replayed ZhangLS.Spec.Lemma57
warning: ZhangLS/Spec/Lemma57.lean:101:58: unused variable `hD`

Note: This linter can be disabled with `set_option linter.unusedVariables false`
warning: ZhangLS/Spec/Lemma57.lean:102:7: unused variable `hA`

Note: This linter can be disabled with `set_option linter.unusedVariables false`
⚠ [3465/3654] Replayed ZhangLS.Spec.Lemma57Arithmetic
warning: ZhangLS/Spec/Lemma57Arithmetic.lean:55:15: unused variable `hc_g`

Note: This linter can be disabled with `set_option linter.unusedVariables false`
⚠ [3470/3654] Replayed ZhangLS.Spec.Lemma57SmoothedSum
warning: ZhangLS/Spec/Lemma57SmoothedSum.lean:42:46: unused variable `hD`

Note: This linter can be disabled with `set_option linter.unusedVariables false`
⚠ [3479/3654] Replayed ZhangLS.Spec.Lemma57GaussianGlobal
warning: ZhangLS/Spec/Lemma57GaussianGlobal.lean:55:58: unused variable `ha`

Note: This linter can be disabled with `set_option linter.unusedVariables false`
warning: ZhangLS/Spec/Lemma57GaussianGlobal.lean:241:13: unused variable `hD`

Note: This linter can be disabled with `set_option linter.unusedVariables false`
warning: ZhangLS/Spec/Lemma57GaussianGlobal.lean:241:34: unused variable `hx`

Note: This linter can be disabled with `set_option linter.unusedVariables false`
⚠ [3480/3654] Replayed ZhangLS.Spec.Lemma57SmoothedSummability
warning: ZhangLS/Spec/Lemma57SmoothedSummability.lean:20:52: unused variable `hn`

Note: This linter can be disabled with `set_option linter.unusedVariables false`
⚠ [3485/3654] Replayed ZhangLS.Spec.Lemma57GaussianMellinTransform
warning: ZhangLS/Spec/Lemma57GaussianMellinTransform.lean:67:63: Used `tac1 <;> tac2` where `(tac1; tac2)` would suffice

Note: This linter can be disabled with `set_option linter.unnecessarySeqFocus false`
warning: ZhangLS/Spec/Lemma57GaussianMellinTransform.lean:145:54: Used `tac1 <;> tac2` where `(tac1; tac2)` would suffice

Note: This linter can be disabled with `set_option linter.unnecessarySeqFocus false`
warning: ZhangLS/Spec/Lemma57GaussianMellinTransform.lean:326:4: Try `simp at hs` instead of `simpa using hs`

Note: This linter can be disabled with `set_option linter.unnecessarySimpa false`
⚠ [3499/3654] Replayed ZhangLS.Spec.RiemannZetaCriticalLineBound
warning: ZhangLS/Spec/RiemannZetaCriticalLineBound.lean:99:2: Used `tac1 <;> tac2` where `(tac1; tac2)` would suffice

Note: This linter can be disabled with `set_option linter.unnecessarySeqFocus false`
warning: ZhangLS/Spec/RiemannZetaCriticalLineBound.lean:124:13: unused variable `hs`

Note: This linter can be disabled with `set_option linter.unusedVariables false`
warning: ZhangLS/Spec/RiemannZetaCriticalLineBound.lean:152:6: unused variable `n`

Note: This linter can be disabled with `set_option linter.unusedVariables false`
warning: ZhangLS/Spec/RiemannZetaCriticalLineBound.lean:156:20: unused variable `k`

Note: This linter can be disabled with `set_option linter.unusedVariables false`
warning: ZhangLS/Spec/RiemannZetaCriticalLineBound.lean:161:8: This simp argument is unused:
  sum_one_Icc

Hint: Omit it from the simp argument list.
  simp ̵[̵s̵u̵m̵_̵o̵n̵e̵_̵I̵c̵c̵]̵

Note: This linter can be disabled with `set_option linter.unusedSimpArgs false`
warning: ZhangLS/Spec/RiemannZetaCriticalLineBound.lean:242:12: 'ring' tactic does nothing

Note: This linter can be disabled with `set_option linter.unusedTactic false`
warning: ZhangLS/Spec/RiemannZetaCriticalLineBound.lean:242:12: this tactic is never executed

Note: This linter can be disabled with `set_option linter.unreachableTactic false`
warning: ZhangLS/Spec/RiemannZetaCriticalLineBound.lean:219:41: Used `tac1 <;> tac2` where `(tac1; tac2)` would suffice

Note: This linter can be disabled with `set_option linter.unnecessarySeqFocus false`
warning: ZhangLS/Spec/RiemannZetaCriticalLineBound.lean:303:8: 'ring' tactic does nothing

Note: This linter can be disabled with `set_option linter.unusedTactic false`
warning: ZhangLS/Spec/RiemannZetaCriticalLineBound.lean:303:8: this tactic is never executed

Note: This linter can be disabled with `set_option linter.unreachableTactic false`
warning: ZhangLS/Spec/RiemannZetaCriticalLineBound.lean:394:12: This simp argument is unused:
  norm_div

Hint: Omit it from the simp argument list.
  simp ̵[̵n̵o̵r̵m̵_̵d̵i̵v̵]̵

Note: This linter can be disabled with `set_option linter.unusedSimpArgs false`
warning: ZhangLS/Spec/RiemannZetaCriticalLineBound.lean:475:75: This simp argument is unused:
  norm_div

Hint: Omit it from the simp argument list.
  simp ̵[̵n̵o̵r̵m̵_̵d̵i̵v̵]̵

Note: This linter can be disabled with `set_option linter.unusedSimpArgs false`
⚠ [3500/3654] Replayed ZhangLS.Spec.Lemma57CriticalStripGrowth
warning: ZhangLS/Spec/Lemma57CriticalStripGrowth.lean:270:14: This simp argument is unused:
  norm_div

Hint: Omit it from the simp argument list.
  simp ̵[̵n̵o̵r̵m̵_̵d̵i̵v̵]̵

Note: This linter can be disabled with `set_option linter.unusedSimpArgs false`
⚠ [3507/3654] Replayed ZhangLS.Spec.Lemma23DirichletConjugation
warning: ZhangLS/Spec/Lemma23DirichletConjugation.lean:23:0: automatically included section variable(s) unused in theorem `ZhangLS.Spec.dirichletLSeries_inv_eq_conj_at_conj`:
  [NeZero N]
consider restructuring your `variable` declarations so that the variables are not in scope or explicitly omit them:
  omit [NeZero N] in theorem ...

Note: This linter can be disabled with `set_option linter.unusedSectionVars false`
⚠ [3509/3654] Replayed ZhangLS.Spec.Lemma23PrimitiveGaussSum
warning: ZhangLS/Spec/Lemma23PrimitiveGaussSum.lean:42:19: Used `tac1 <;> tac2` where `(tac1; tac2)` would suffice

Note: This linter can be disabled with `set_option linter.unnecessarySeqFocus false`
⚠ [3510/3654] Replayed ZhangLS.Spec.Lemma23DirichletUnitModulus
warning: ZhangLS/Spec/Lemma23DirichletUnitModulus.lean:112:48: Used `tac1 <;> tac2` where `(tac1; tac2)` would suffice

Note: This linter can be disabled with `set_option linter.unnecessarySeqFocus false`
⚠ [3647/3654] Replayed ZhangLS.Spec.Lemma44ProductMellin
warning: ZhangLS/Spec/Lemma44ProductMellin.lean:144:4: try 'simp' instead of 'simpa'

Note: This linter can be disabled with `set_option linter.unnecessarySimpa false`
⚠ [3651/3654] Replayed ZhangLS.Spec.Lemma44RightMellinApproximation
warning: ZhangLS/Spec/Lemma44RightMellinApproximation.lean:37:4: try 'simp' instead of 'simpa'

Note: This linter can be disabled with `set_option linter.unnecessarySimpa false`
Build completed successfully (3654 jobs).
== kernel-check ZhangLS/Spec/Lemma44GammaLogDerivative.lean ==
⚠ [2469/2550] Replayed ZhangLS.Spec.Lemma23AnalyticLogBranch
warning: ZhangLS/Spec/Lemma23AnalyticLogBranch.lean:42:53: try 'simp' instead of 'simpa'

Note: This linter can be disabled with `set_option linter.unnecessarySimpa false`
warning: ZhangLS/Spec/Lemma23AnalyticLogBranch.lean:67:44: try 'simp' instead of 'simpa'

Note: This linter can be disabled with `set_option linter.unnecessarySimpa false`
⚠ [2473/2550] Replayed ZhangLS.Spec.RealDirichletCharacter
warning: ZhangLS/Spec/RealDirichletCharacter.lean:48:4: try 'simp' instead of 'simpa'

Note: This linter can be disabled with `set_option linter.unnecessarySimpa false`
⚠ [3461/3502] Replayed ZhangLS.Spec.RealAxisAtOne
warning: ZhangLS/Spec/RealAxisAtOne.lean:56:4: try 'simp' instead of 'simpa'

Note: This linter can be disabled with `set_option linter.unnecessarySimpa false`
⚠ [3463/3502] Replayed ZhangLS.Spec.Lemma57
warning: ZhangLS/Spec/Lemma57.lean:101:58: unused variable `hD`

Note: This linter can be disabled with `set_option linter.unusedVariables false`
warning: ZhangLS/Spec/Lemma57.lean:102:7: unused variable `hA`

Note: This linter can be disabled with `set_option linter.unusedVariables false`
⚠ [3464/3502] Replayed ZhangLS.Spec.Lemma57Arithmetic
warning: ZhangLS/Spec/Lemma57Arithmetic.lean:55:15: unused variable `hc_g`

Note: This linter can be disabled with `set_option linter.unusedVariables false`
⚠ [3469/3502] Replayed ZhangLS.Spec.Lemma57SmoothedSum
warning: ZhangLS/Spec/Lemma57SmoothedSum.lean:42:46: unused variable `hD`

Note: This linter can be disabled with `set_option linter.unusedVariables false`
⚠ [3478/3502] Replayed ZhangLS.Spec.Lemma57GaussianGlobal
warning: ZhangLS/Spec/Lemma57GaussianGlobal.lean:55:58: unused variable `ha`

Note: This linter can be disabled with `set_option linter.unusedVariables false`
warning: ZhangLS/Spec/Lemma57GaussianGlobal.lean:241:13: unused variable `hD`

Note: This linter can be disabled with `set_option linter.unusedVariables false`
warning: ZhangLS/Spec/Lemma57GaussianGlobal.lean:241:34: unused variable `hx`

Note: This linter can be disabled with `set_option linter.unusedVariables false`
⚠ [3479/3502] Replayed ZhangLS.Spec.Lemma57SmoothedSummability
warning: ZhangLS/Spec/Lemma57SmoothedSummability.lean:20:52: unused variable `hn`

Note: This linter can be disabled with `set_option linter.unusedVariables false`
⚠ [3484/3502] Replayed ZhangLS.Spec.Lemma57GaussianMellinTransform
warning: ZhangLS/Spec/Lemma57GaussianMellinTransform.lean:67:63: Used `tac1 <;> tac2` where `(tac1; tac2)` would suffice

Note: This linter can be disabled with `set_option linter.unnecessarySeqFocus false`
warning: ZhangLS/Spec/Lemma57GaussianMellinTransform.lean:145:54: Used `tac1 <;> tac2` where `(tac1; tac2)` would suffice

Note: This linter can be disabled with `set_option linter.unnecessarySeqFocus false`
warning: ZhangLS/Spec/Lemma57GaussianMellinTransform.lean:326:4: Try `simp at hs` instead of `simpa using hs`

Note: This linter can be disabled with `set_option linter.unnecessarySimpa false`
⚠ [3498/3502] Replayed ZhangLS.Spec.RiemannZetaCriticalLineBound
warning: ZhangLS/Spec/RiemannZetaCriticalLineBound.lean:99:2: Used `tac1 <;> tac2` where `(tac1; tac2)` would suffice

Note: This linter can be disabled with `set_option linter.unnecessarySeqFocus false`
warning: ZhangLS/Spec/RiemannZetaCriticalLineBound.lean:124:13: unused variable `hs`

Note: This linter can be disabled with `set_option linter.unusedVariables false`
warning: ZhangLS/Spec/RiemannZetaCriticalLineBound.lean:152:6: unused variable `n`

Note: This linter can be disabled with `set_option linter.unusedVariables false`
warning: ZhangLS/Spec/RiemannZetaCriticalLineBound.lean:156:20: unused variable `k`

Note: This linter can be disabled with `set_option linter.unusedVariables false`
warning: ZhangLS/Spec/RiemannZetaCriticalLineBound.lean:161:8: This simp argument is unused:
  sum_one_Icc

Hint: Omit it from the simp argument list.
  simp ̵[̵s̵u̵m̵_̵o̵n̵e̵_̵I̵c̵c̵]̵

Note: This linter can be disabled with `set_option linter.unusedSimpArgs false`
warning: ZhangLS/Spec/RiemannZetaCriticalLineBound.lean:242:12: 'ring' tactic does nothing

Note: This linter can be disabled with `set_option linter.unusedTactic false`
warning: ZhangLS/Spec/RiemannZetaCriticalLineBound.lean:242:12: this tactic is never executed

Note: This linter can be disabled with `set_option linter.unreachableTactic false`
warning: ZhangLS/Spec/RiemannZetaCriticalLineBound.lean:219:41: Used `tac1 <;> tac2` where `(tac1; tac2)` would suffice

Note: This linter can be disabled with `set_option linter.unnecessarySeqFocus false`
warning: ZhangLS/Spec/RiemannZetaCriticalLineBound.lean:303:8: 'ring' tactic does nothing

Note: This linter can be disabled with `set_option linter.unusedTactic false`
warning: ZhangLS/Spec/RiemannZetaCriticalLineBound.lean:303:8: this tactic is never executed

Note: This linter can be disabled with `set_option linter.unreachableTactic false`
warning: ZhangLS/Spec/RiemannZetaCriticalLineBound.lean:394:12: This simp argument is unused:
  norm_div

Hint: Omit it from the simp argument list.
  simp ̵[̵n̵o̵r̵m̵_̵d̵i̵v̵]̵

Note: This linter can be disabled with `set_option linter.unusedSimpArgs false`
warning: ZhangLS/Spec/RiemannZetaCriticalLineBound.lean:475:75: This simp argument is unused:
  norm_div

Hint: Omit it from the simp argument list.
  simp ̵[̵n̵o̵r̵m̵_̵d̵i̵v̵]̵

Note: This linter can be disabled with `set_option linter.unusedSimpArgs false`
⚠ [3499/3502] Replayed ZhangLS.Spec.Lemma57CriticalStripGrowth
warning: ZhangLS/Spec/Lemma57CriticalStripGrowth.lean:270:14: This simp argument is unused:
  norm_div

Hint: Omit it from the simp argument list.
  simp ̵[̵n̵o̵r̵m̵_̵d̵i̵v̵]̵

Note: This linter can be disabled with `set_option linter.unusedSimpArgs false`
Build completed successfully (3502 jobs).
== kernel-check ZhangLS/Spec/Lemma44GaussianLongSum.lean ==
⚠ [1279/1826] Replayed ZhangLS.Spec.RealDirichletCharacter
warning: ZhangLS/Spec/RealDirichletCharacter.lean:48:4: try 'simp' instead of 'simpa'

Note: This linter can be disabled with `set_option linter.unnecessarySimpa false`
⚠ [3561/3583] Replayed ZhangLS.Spec.RealAxisAtOne
warning: ZhangLS/Spec/RealAxisAtOne.lean:56:4: try 'simp' instead of 'simpa'

Note: This linter can be disabled with `set_option linter.unnecessarySimpa false`
⚠ [3563/3583] Replayed ZhangLS.Spec.Lemma57
warning: ZhangLS/Spec/Lemma57.lean:101:58: unused variable `hD`

Note: This linter can be disabled with `set_option linter.unusedVariables false`
warning: ZhangLS/Spec/Lemma57.lean:102:7: unused variable `hA`

Note: This linter can be disabled with `set_option linter.unusedVariables false`
⚠ [3564/3583] Replayed ZhangLS.Spec.Lemma57Arithmetic
warning: ZhangLS/Spec/Lemma57Arithmetic.lean:55:15: unused variable `hc_g`

Note: This linter can be disabled with `set_option linter.unusedVariables false`
⚠ [3569/3583] Replayed ZhangLS.Spec.Lemma57SmoothedSum
warning: ZhangLS/Spec/Lemma57SmoothedSum.lean:42:46: unused variable `hD`

Note: This linter can be disabled with `set_option linter.unusedVariables false`
⚠ [3577/3583] Replayed ZhangLS.Spec.Lemma57GaussianGlobal
warning: ZhangLS/Spec/Lemma57GaussianGlobal.lean:55:58: unused variable `ha`

Note: This linter can be disabled with `set_option linter.unusedVariables false`
warning: ZhangLS/Spec/Lemma57GaussianGlobal.lean:241:13: unused variable `hD`

Note: This linter can be disabled with `set_option linter.unusedVariables false`
warning: ZhangLS/Spec/Lemma57GaussianGlobal.lean:241:34: unused variable `hx`

Note: This linter can be disabled with `set_option linter.unusedVariables false`
⚠ [3578/3583] Replayed ZhangLS.Spec.Lemma57SmoothedSummability
warning: ZhangLS/Spec/Lemma57SmoothedSummability.lean:20:52: unused variable `hn`

Note: This linter can be disabled with `set_option linter.unusedVariables false`
⚠ [3582/3583] Replayed ZhangLS.Spec.Lemma57GaussianMellinTransform
warning: ZhangLS/Spec/Lemma57GaussianMellinTransform.lean:67:63: Used `tac1 <;> tac2` where `(tac1; tac2)` would suffice

Note: This linter can be disabled with `set_option linter.unnecessarySeqFocus false`
warning: ZhangLS/Spec/Lemma57GaussianMellinTransform.lean:145:54: Used `tac1 <;> tac2` where `(tac1; tac2)` would suffice

Note: This linter can be disabled with `set_option linter.unnecessarySeqFocus false`
warning: ZhangLS/Spec/Lemma57GaussianMellinTransform.lean:326:4: Try `simp at hs` instead of `simpa using hs`

Note: This linter can be disabled with `set_option linter.unnecessarySimpa false`
Build completed successfully (3583 jobs).
== kernel-check ZhangLS/Spec/Lemma44GaussianVerticalTail.lean ==
⚠ [1279/1729] Replayed ZhangLS.Spec.RealDirichletCharacter
warning: ZhangLS/Spec/RealDirichletCharacter.lean:48:4: try 'simp' instead of 'simpa'

Note: This linter can be disabled with `set_option linter.unnecessarySimpa false`
⚠ [3433/3661] Replayed ZhangLS.Spec.Lemma44ComplexCharacterAbel
warning: ZhangLS/Spec/Lemma44ComplexCharacterAbel.lean:73:56: unused variable `hD`

Note: This linter can be disabled with `set_option linter.unusedVariables false`
⚠ [3434/3661] Replayed ZhangLS.Spec.Lemma44CharacterProduct
warning: ZhangLS/Spec/Lemma44CharacterProduct.lean:55:38: This simp argument is unused:
  mul_comm

Hint: Omit it from the simp argument list.
  simp [̵m̵u̵l̵_̵c̵o̵m̵m̵,̵ ̵m̵u̵l̵_̵l̵e̵f̵t̵_̵c̵o̵m̵m̵,̵[̲m̲u̲l̲_̲l̲e̲f̲t̲_̲c̲o̲m̲m̲,̲ mul_assoc]

Note: This linter can be disabled with `set_option linter.unusedSimpArgs false`
warning: ZhangLS/Spec/Lemma44CharacterProduct.lean:55:48: This simp argument is unused:
  mul_left_comm

Hint: Omit it from the simp argument list.
  simp [mul_comm, mul_l̵e̵f̵t̵_̵c̵o̵m̵m̵,̵ ̵m̵u̵l̵_̵assoc]

Note: This linter can be disabled with `set_option linter.unusedSimpArgs false`
⚠ [3459/3661] Replayed ZhangLS.Spec.Lemma23AnalyticLogBranch
warning: ZhangLS/Spec/Lemma23AnalyticLogBranch.lean:42:53: try 'simp' instead of 'simpa'

Note: This linter can be disabled with `set_option linter.unnecessarySimpa false`
warning: ZhangLS/Spec/Lemma23AnalyticLogBranch.lean:67:44: try 'simp' instead of 'simpa'

Note: This linter can be disabled with `set_option linter.unnecessarySimpa false`
⚠ [3471/3661] Replayed ZhangLS.Spec.RealAxisAtOne
warning: ZhangLS/Spec/RealAxisAtOne.lean:56:4: try 'simp' instead of 'simpa'

Note: This linter can be disabled with `set_option linter.unnecessarySimpa false`
⚠ [3473/3661] Replayed ZhangLS.Spec.Lemma57
warning: ZhangLS/Spec/Lemma57.lean:101:58: unused variable `hD`

Note: This linter can be disabled with `set_option linter.unusedVariables false`
warning: ZhangLS/Spec/Lemma57.lean:102:7: unused variable `hA`

Note: This linter can be disabled with `set_option linter.unusedVariables false`
⚠ [3474/3661] Replayed ZhangLS.Spec.Lemma57Arithmetic
warning: ZhangLS/Spec/Lemma57Arithmetic.lean:55:15: unused variable `hc_g`

Note: This linter can be disabled with `set_option linter.unusedVariables false`
⚠ [3479/3661] Replayed ZhangLS.Spec.Lemma57SmoothedSum
warning: ZhangLS/Spec/Lemma57SmoothedSum.lean:42:46: unused variable `hD`

Note: This linter can be disabled with `set_option linter.unusedVariables false`
⚠ [3488/3661] Replayed ZhangLS.Spec.Lemma57GaussianGlobal
warning: ZhangLS/Spec/Lemma57GaussianGlobal.lean:55:58: unused variable `ha`

Note: This linter can be disabled with `set_option linter.unusedVariables false`
warning: ZhangLS/Spec/Lemma57GaussianGlobal.lean:241:13: unused variable `hD`

Note: This linter can be disabled with `set_option linter.unusedVariables false`
warning: ZhangLS/Spec/Lemma57GaussianGlobal.lean:241:34: unused variable `hx`

Note: This linter can be disabled with `set_option linter.unusedVariables false`
⚠ [3489/3661] Replayed ZhangLS.Spec.Lemma57SmoothedSummability
warning: ZhangLS/Spec/Lemma57SmoothedSummability.lean:20:52: unused variable `hn`

Note: This linter can be disabled with `set_option linter.unusedVariables false`
⚠ [3494/3661] Replayed ZhangLS.Spec.Lemma57GaussianMellinTransform
warning: ZhangLS/Spec/Lemma57GaussianMellinTransform.lean:67:63: Used `tac1 <;> tac2` where `(tac1; tac2)` would suffice

Note: This linter can be disabled with `set_option linter.unnecessarySeqFocus false`
warning: ZhangLS/Spec/Lemma57GaussianMellinTransform.lean:145:54: Used `tac1 <;> tac2` where `(tac1; tac2)` would suffice

Note: This linter can be disabled with `set_option linter.unnecessarySeqFocus false`
warning: ZhangLS/Spec/Lemma57GaussianMellinTransform.lean:326:4: Try `simp at hs` instead of `simpa using hs`

Note: This linter can be disabled with `set_option linter.unnecessarySimpa false`
⚠ [3500/3661] Replayed ZhangLS.Spec.RiemannZetaCriticalLineBound
warning: ZhangLS/Spec/RiemannZetaCriticalLineBound.lean:99:2: Used `tac1 <;> tac2` where `(tac1; tac2)` would suffice

Note: This linter can be disabled with `set_option linter.unnecessarySeqFocus false`
warning: ZhangLS/Spec/RiemannZetaCriticalLineBound.lean:124:13: unused variable `hs`

Note: This linter can be disabled with `set_option linter.unusedVariables false`
warning: ZhangLS/Spec/RiemannZetaCriticalLineBound.lean:152:6: unused variable `n`

Note: This linter can be disabled with `set_option linter.unusedVariables false`
warning: ZhangLS/Spec/RiemannZetaCriticalLineBound.lean:156:20: unused variable `k`

Note: This linter can be disabled with `set_option linter.unusedVariables false`
warning: ZhangLS/Spec/RiemannZetaCriticalLineBound.lean:161:8: This simp argument is unused:
  sum_one_Icc

Hint: Omit it from the simp argument list.
  simp ̵[̵s̵u̵m̵_̵o̵n̵e̵_̵I̵c̵c̵]̵

Note: This linter can be disabled with `set_option linter.unusedSimpArgs false`
warning: ZhangLS/Spec/RiemannZetaCriticalLineBound.lean:242:12: 'ring' tactic does nothing

Note: This linter can be disabled with `set_option linter.unusedTactic false`
warning: ZhangLS/Spec/RiemannZetaCriticalLineBound.lean:242:12: this tactic is never executed

Note: This linter can be disabled with `set_option linter.unreachableTactic false`
warning: ZhangLS/Spec/RiemannZetaCriticalLineBound.lean:219:41: Used `tac1 <;> tac2` where `(tac1; tac2)` would suffice

Note: This linter can be disabled with `set_option linter.unnecessarySeqFocus false`
warning: ZhangLS/Spec/RiemannZetaCriticalLineBound.lean:303:8: 'ring' tactic does nothing

Note: This linter can be disabled with `set_option linter.unusedTactic false`
warning: ZhangLS/Spec/RiemannZetaCriticalLineBound.lean:303:8: this tactic is never executed

Note: This linter can be disabled with `set_option linter.unreachableTactic false`
warning: ZhangLS/Spec/RiemannZetaCriticalLineBound.lean:394:12: This simp argument is unused:
  norm_div

Hint: Omit it from the simp argument list.
  simp ̵[̵n̵o̵r̵m̵_̵d̵i̵v̵]̵

Note: This linter can be disabled with `set_option linter.unusedSimpArgs false`
warning: ZhangLS/Spec/RiemannZetaCriticalLineBound.lean:475:75: This simp argument is unused:
  norm_div

Hint: Omit it from the simp argument list.
  simp ̵[̵n̵o̵r̵m̵_̵d̵i̵v̵]̵

Note: This linter can be disabled with `set_option linter.unusedSimpArgs false`
⚠ [3501/3661] Replayed ZhangLS.Spec.Lemma57CriticalStripGrowth
warning: ZhangLS/Spec/Lemma57CriticalStripGrowth.lean:270:14: This simp argument is unused:
  norm_div

Hint: Omit it from the simp argument list.
  simp ̵[̵n̵o̵r̵m̵_̵d̵i̵v̵]̵

Note: This linter can be disabled with `set_option linter.unusedSimpArgs false`
⚠ [3508/3661] Replayed ZhangLS.Spec.Lemma23DirichletConjugation
warning: ZhangLS/Spec/Lemma23DirichletConjugation.lean:23:0: automatically included section variable(s) unused in theorem `ZhangLS.Spec.dirichletLSeries_inv_eq_conj_at_conj`:
  [NeZero N]
consider restructuring your `variable` declarations so that the variables are not in scope or explicitly omit them:
  omit [NeZero N] in theorem ...

Note: This linter can be disabled with `set_option linter.unusedSectionVars false`
⚠ [3510/3661] Replayed ZhangLS.Spec.Lemma23PrimitiveGaussSum
warning: ZhangLS/Spec/Lemma23PrimitiveGaussSum.lean:42:19: Used `tac1 <;> tac2` where `(tac1; tac2)` would suffice

Note: This linter can be disabled with `set_option linter.unnecessarySeqFocus false`
⚠ [3511/3661] Replayed ZhangLS.Spec.Lemma23DirichletUnitModulus
warning: ZhangLS/Spec/Lemma23DirichletUnitModulus.lean:112:48: Used `tac1 <;> tac2` where `(tac1; tac2)` would suffice

Note: This linter can be disabled with `set_option linter.unnecessarySeqFocus false`
⚠ [3648/3661] Replayed ZhangLS.Spec.Lemma44ProductMellin
warning: ZhangLS/Spec/Lemma44ProductMellin.lean:144:4: try 'simp' instead of 'simpa'

Note: This linter can be disabled with `set_option linter.unnecessarySimpa false`
⚠ [3652/3661] Replayed ZhangLS.Spec.Lemma44RightMellinApproximation
warning: ZhangLS/Spec/Lemma44RightMellinApproximation.lean:37:4: try 'simp' instead of 'simpa'

Note: This linter can be disabled with `set_option linter.unnecessarySimpa false`
⚠ [3656/3661] Replayed ZhangLS.Spec.Lemma44ReflectedLongSum
warning: ZhangLS/Spec/Lemma44ReflectedLongSum.lean:81:64: Used `tac1 <;> tac2` where `(tac1; tac2)` would suffice

Note: This linter can be disabled with `set_option linter.unnecessarySeqFocus false`
⚠ [3658/3661] Replayed ZhangLS.Spec.Lemma44InitialLeftEstimates
warning: ZhangLS/Spec/Lemma44InitialLeftEstimates.lean:68:23: Used `tac1 <;> tac2` where `(tac1; tac2)` would suffice

Note: This linter can be disabled with `set_option linter.unnecessarySeqFocus false`
⚠ [3659/3661] Replayed ZhangLS.Spec.Lemma44HorizontalGrowth
warning: ZhangLS/Spec/Lemma44HorizontalGrowth.lean:147:6: 'push_cast' tactic does nothing

Note: This linter can be disabled with `set_option linter.unusedTactic false`
⚠ [3661/3661] Replayed ZhangLS.Spec.Lemma44GaussianVerticalTail
info: ZhangLS/Spec/Lemma44GaussianVerticalTail.lean:41:4: Try this:
  [apply] ring_nf
  
  The `ring` tactic failed to close the goal. Use `ring_nf` to obtain a normal form.
    
  Note that `ring` works primarily in *commutative* rings. If you have a noncommutative ring, abelian group or module, consider using `noncomm_ring`, `abel` or `module` instead.
info: ZhangLS/Spec/Lemma44GaussianVerticalTail.lean:57:16: Try this:
  [apply] ring_nf
  
  The `ring` tactic failed to close the goal. Use `ring_nf` to obtain a normal form.
    
  Note that `ring` works primarily in *commutative* rings. If you have a noncommutative ring, abelian group or module, consider using `noncomm_ring`, `abel` or `module` instead.
warning: ZhangLS/Spec/Lemma44GaussianVerticalTail.lean:57:12: Used `tac1 <;> tac2` where `(tac1; tac2)` would suffice

Note: This linter can be disabled with `set_option linter.unnecessarySeqFocus false`
warning: ZhangLS/Spec/Lemma44GaussianVerticalTail.lean:68:22: Used `tac1 <;> tac2` where `(tac1; tac2)` would suffice

Note: This linter can be disabled with `set_option linter.unnecessarySeqFocus false`
info: ZhangLS/Spec/Lemma44GaussianVerticalTail.lean:153:35: Try this:
  [apply] ring_nf
  
  The `ring` tactic failed to close the goal. Use `ring_nf` to obtain a normal form.
    
  Note that `ring` works primarily in *commutative* rings. If you have a noncommutative ring, abelian group or module, consider using `noncomm_ring`, `abel` or `module` instead.
Build completed successfully (3661 jobs).
Try this:
  [apply] ring_nf
  
  The `ring` tactic failed to close the goal. Use `ring_nf` to obtain a normal form.
    
  Note that `ring` works primarily in *commutative* rings. If you have a noncommutative ring, abelian group or module, consider using `noncomm_ring`, `abel` or `module` instead.
Try this:
  [apply] ring_nf
  
  The `ring` tactic failed to close the goal. Use `ring_nf` to obtain a normal form.
    
  Note that `ring` works primarily in *commutative* rings. If you have a noncommutative ring, abelian group or module, consider using `noncomm_ring`, `abel` or `module` instead.
ZhangLS/Spec/Lemma44GaussianVerticalTail.lean:57:12: warning: Used `tac1 <;> tac2` where `(tac1; tac2)` would suffice

Note: This linter can be disabled with `set_option linter.unnecessarySeqFocus false`
ZhangLS/Spec/Lemma44GaussianVerticalTail.lean:68:22: warning: Used `tac1 <;> tac2` where `(tac1; tac2)` would suffice

Note: This linter can be disabled with `set_option linter.unnecessarySeqFocus false`
Try this:
  [apply] ring_nf
  
  The `ring` tactic failed to close the goal. Use `ring_nf` to obtain a normal form.
    
  Note that `ring` works primarily in *commutative* rings. If you have a noncommutative ring, abelian group or module, consider using `noncomm_ring`, `abel` or `module` instead.
== kernel-check ZhangLS/Spec/Lemma44HorizontalGrowth.lean ==
⚠ [1279/1785] Replayed ZhangLS.Spec.RealDirichletCharacter
warning: ZhangLS/Spec/RealDirichletCharacter.lean:48:4: try 'simp' instead of 'simpa'

Note: This linter can be disabled with `set_option linter.unnecessarySimpa false`
⚠ [3433/3659] Replayed ZhangLS.Spec.Lemma44ComplexCharacterAbel
warning: ZhangLS/Spec/Lemma44ComplexCharacterAbel.lean:73:56: unused variable `hD`

Note: This linter can be disabled with `set_option linter.unusedVariables false`
⚠ [3434/3659] Replayed ZhangLS.Spec.Lemma44CharacterProduct
warning: ZhangLS/Spec/Lemma44CharacterProduct.lean:55:38: This simp argument is unused:
  mul_comm

Hint: Omit it from the simp argument list.
  simp [̵m̵u̵l̵_̵c̵o̵m̵m̵,̵ ̵m̵u̵l̵_̵l̵e̵f̵t̵_̵c̵o̵m̵m̵,̵[̲m̲u̲l̲_̲l̲e̲f̲t̲_̲c̲o̲m̲m̲,̲ mul_assoc]

Note: This linter can be disabled with `set_option linter.unusedSimpArgs false`
warning: ZhangLS/Spec/Lemma44CharacterProduct.lean:55:48: This simp argument is unused:
  mul_left_comm

Hint: Omit it from the simp argument list.
  simp [mul_comm, mul_l̵e̵f̵t̵_̵c̵o̵m̵m̵,̵ ̵m̵u̵l̵_̵assoc]

Note: This linter can be disabled with `set_option linter.unusedSimpArgs false`
⚠ [3459/3659] Replayed ZhangLS.Spec.Lemma23AnalyticLogBranch
warning: ZhangLS/Spec/Lemma23AnalyticLogBranch.lean:42:53: try 'simp' instead of 'simpa'

Note: This linter can be disabled with `set_option linter.unnecessarySimpa false`
warning: ZhangLS/Spec/Lemma23AnalyticLogBranch.lean:67:44: try 'simp' instead of 'simpa'

Note: This linter can be disabled with `set_option linter.unnecessarySimpa false`
⚠ [3471/3659] Replayed ZhangLS.Spec.RealAxisAtOne
warning: ZhangLS/Spec/RealAxisAtOne.lean:56:4: try 'simp' instead of 'simpa'

Note: This linter can be disabled with `set_option linter.unnecessarySimpa false`
⚠ [3473/3659] Replayed ZhangLS.Spec.Lemma57
warning: ZhangLS/Spec/Lemma57.lean:101:58: unused variable `hD`

Note: This linter can be disabled with `set_option linter.unusedVariables false`
warning: ZhangLS/Spec/Lemma57.lean:102:7: unused variable `hA`

Note: This linter can be disabled with `set_option linter.unusedVariables false`
⚠ [3474/3659] Replayed ZhangLS.Spec.Lemma57Arithmetic
warning: ZhangLS/Spec/Lemma57Arithmetic.lean:55:15: unused variable `hc_g`

Note: This linter can be disabled with `set_option linter.unusedVariables false`
⚠ [3479/3659] Replayed ZhangLS.Spec.Lemma57SmoothedSum
warning: ZhangLS/Spec/Lemma57SmoothedSum.lean:42:46: unused variable `hD`

Note: This linter can be disabled with `set_option linter.unusedVariables false`
⚠ [3488/3659] Replayed ZhangLS.Spec.Lemma57GaussianGlobal
warning: ZhangLS/Spec/Lemma57GaussianGlobal.lean:55:58: unused variable `ha`

Note: This linter can be disabled with `set_option linter.unusedVariables false`
warning: ZhangLS/Spec/Lemma57GaussianGlobal.lean:241:13: unused variable `hD`

Note: This linter can be disabled with `set_option linter.unusedVariables false`
warning: ZhangLS/Spec/Lemma57GaussianGlobal.lean:241:34: unused variable `hx`

Note: This linter can be disabled with `set_option linter.unusedVariables false`
⚠ [3489/3659] Replayed ZhangLS.Spec.Lemma57SmoothedSummability
warning: ZhangLS/Spec/Lemma57SmoothedSummability.lean:20:52: unused variable `hn`

Note: This linter can be disabled with `set_option linter.unusedVariables false`
⚠ [3494/3659] Replayed ZhangLS.Spec.Lemma57GaussianMellinTransform
warning: ZhangLS/Spec/Lemma57GaussianMellinTransform.lean:67:63: Used `tac1 <;> tac2` where `(tac1; tac2)` would suffice

Note: This linter can be disabled with `set_option linter.unnecessarySeqFocus false`
warning: ZhangLS/Spec/Lemma57GaussianMellinTransform.lean:145:54: Used `tac1 <;> tac2` where `(tac1; tac2)` would suffice

Note: This linter can be disabled with `set_option linter.unnecessarySeqFocus false`
warning: ZhangLS/Spec/Lemma57GaussianMellinTransform.lean:326:4: Try `simp at hs` instead of `simpa using hs`

Note: This linter can be disabled with `set_option linter.unnecessarySimpa false`
⚠ [3500/3659] Replayed ZhangLS.Spec.RiemannZetaCriticalLineBound
warning: ZhangLS/Spec/RiemannZetaCriticalLineBound.lean:99:2: Used `tac1 <;> tac2` where `(tac1; tac2)` would suffice

Note: This linter can be disabled with `set_option linter.unnecessarySeqFocus false`
warning: ZhangLS/Spec/RiemannZetaCriticalLineBound.lean:124:13: unused variable `hs`

Note: This linter can be disabled with `set_option linter.unusedVariables false`
warning: ZhangLS/Spec/RiemannZetaCriticalLineBound.lean:152:6: unused variable `n`

Note: This linter can be disabled with `set_option linter.unusedVariables false`
warning: ZhangLS/Spec/RiemannZetaCriticalLineBound.lean:156:20: unused variable `k`

Note: This linter can be disabled with `set_option linter.unusedVariables false`
warning: ZhangLS/Spec/RiemannZetaCriticalLineBound.lean:161:8: This simp argument is unused:
  sum_one_Icc

Hint: Omit it from the simp argument list.
  simp ̵[̵s̵u̵m̵_̵o̵n̵e̵_̵I̵c̵c̵]̵

Note: This linter can be disabled with `set_option linter.unusedSimpArgs false`
warning: ZhangLS/Spec/RiemannZetaCriticalLineBound.lean:242:12: 'ring' tactic does nothing

Note: This linter can be disabled with `set_option linter.unusedTactic false`
warning: ZhangLS/Spec/RiemannZetaCriticalLineBound.lean:242:12: this tactic is never executed

Note: This linter can be disabled with `set_option linter.unreachableTactic false`
warning: ZhangLS/Spec/RiemannZetaCriticalLineBound.lean:219:41: Used `tac1 <;> tac2` where `(tac1; tac2)` would suffice

Note: This linter can be disabled with `set_option linter.unnecessarySeqFocus false`
warning: ZhangLS/Spec/RiemannZetaCriticalLineBound.lean:303:8: 'ring' tactic does nothing

Note: This linter can be disabled with `set_option linter.unusedTactic false`
warning: ZhangLS/Spec/RiemannZetaCriticalLineBound.lean:303:8: this tactic is never executed

Note: This linter can be disabled with `set_option linter.unreachableTactic false`
warning: ZhangLS/Spec/RiemannZetaCriticalLineBound.lean:394:12: This simp argument is unused:
  norm_div

Hint: Omit it from the simp argument list.
  simp ̵[̵n̵o̵r̵m̵_̵d̵i̵v̵]̵

Note: This linter can be disabled with `set_option linter.unusedSimpArgs false`
warning: ZhangLS/Spec/RiemannZetaCriticalLineBound.lean:475:75: This simp argument is unused:
  norm_div

Hint: Omit it from the simp argument list.
  simp ̵[̵n̵o̵r̵m̵_̵d̵i̵v̵]̵

Note: This linter can be disabled with `set_option linter.unusedSimpArgs false`
⚠ [3501/3659] Replayed ZhangLS.Spec.Lemma57CriticalStripGrowth
warning: ZhangLS/Spec/Lemma57CriticalStripGrowth.lean:270:14: This simp argument is unused:
  norm_div

Hint: Omit it from the simp argument list.
  simp ̵[̵n̵o̵r̵m̵_̵d̵i̵v̵]̵

Note: This linter can be disabled with `set_option linter.unusedSimpArgs false`
⚠ [3508/3659] Replayed ZhangLS.Spec.Lemma23DirichletConjugation
warning: ZhangLS/Spec/Lemma23DirichletConjugation.lean:23:0: automatically included section variable(s) unused in theorem `ZhangLS.Spec.dirichletLSeries_inv_eq_conj_at_conj`:
  [NeZero N]
consider restructuring your `variable` declarations so that the variables are not in scope or explicitly omit them:
  omit [NeZero N] in theorem ...

Note: This linter can be disabled with `set_option linter.unusedSectionVars false`
⚠ [3510/3659] Replayed ZhangLS.Spec.Lemma23PrimitiveGaussSum
warning: ZhangLS/Spec/Lemma23PrimitiveGaussSum.lean:42:19: Used `tac1 <;> tac2` where `(tac1; tac2)` would suffice

Note: This linter can be disabled with `set_option linter.unnecessarySeqFocus false`
⚠ [3511/3659] Replayed ZhangLS.Spec.Lemma23DirichletUnitModulus
warning: ZhangLS/Spec/Lemma23DirichletUnitModulus.lean:112:48: Used `tac1 <;> tac2` where `(tac1; tac2)` would suffice

Note: This linter can be disabled with `set_option linter.unnecessarySeqFocus false`
⚠ [3648/3659] Replayed ZhangLS.Spec.Lemma44ProductMellin
warning: ZhangLS/Spec/Lemma44ProductMellin.lean:144:4: try 'simp' instead of 'simpa'

Note: This linter can be disabled with `set_option linter.unnecessarySimpa false`
⚠ [3652/3659] Replayed ZhangLS.Spec.Lemma44RightMellinApproximation
warning: ZhangLS/Spec/Lemma44RightMellinApproximation.lean:37:4: try 'simp' instead of 'simpa'

Note: This linter can be disabled with `set_option linter.unnecessarySimpa false`
⚠ [3656/3659] Replayed ZhangLS.Spec.Lemma44ReflectedLongSum
warning: ZhangLS/Spec/Lemma44ReflectedLongSum.lean:81:64: Used `tac1 <;> tac2` where `(tac1; tac2)` would suffice

Note: This linter can be disabled with `set_option linter.unnecessarySeqFocus false`
⚠ [3658/3659] Replayed ZhangLS.Spec.Lemma44InitialLeftEstimates
warning: ZhangLS/Spec/Lemma44InitialLeftEstimates.lean:68:23: Used `tac1 <;> tac2` where `(tac1; tac2)` would suffice

Note: This linter can be disabled with `set_option linter.unnecessarySeqFocus false`
⚠ [3659/3659] Replayed ZhangLS.Spec.Lemma44HorizontalGrowth
warning: ZhangLS/Spec/Lemma44HorizontalGrowth.lean:147:6: 'push_cast' tactic does nothing

Note: This linter can be disabled with `set_option linter.unusedTactic false`
Build completed successfully (3659 jobs).
ZhangLS/Spec/Lemma44HorizontalGrowth.lean:147:6: warning: 'push_cast' tactic does nothing

Note: This linter can be disabled with `set_option linter.unusedTactic false`
== kernel-check ZhangLS/Spec/Lemma44HorizontalIntegrals.lean ==
⚠ [1279/1339] Replayed ZhangLS.Spec.RealDirichletCharacter
warning: ZhangLS/Spec/RealDirichletCharacter.lean:48:4: try 'simp' instead of 'simpa'

Note: This linter can be disabled with `set_option linter.unnecessarySimpa false`
⚠ [3433/3665] Replayed ZhangLS.Spec.Lemma44ComplexCharacterAbel
warning: ZhangLS/Spec/Lemma44ComplexCharacterAbel.lean:73:56: unused variable `hD`

Note: This linter can be disabled with `set_option linter.unusedVariables false`
⚠ [3434/3665] Replayed ZhangLS.Spec.Lemma44CharacterProduct
warning: ZhangLS/Spec/Lemma44CharacterProduct.lean:55:38: This simp argument is unused:
  mul_comm

Hint: Omit it from the simp argument list.
  simp [̵m̵u̵l̵_̵c̵o̵m̵m̵,̵ ̵m̵u̵l̵_̵l̵e̵f̵t̵_̵c̵o̵m̵m̵,̵[̲m̲u̲l̲_̲l̲e̲f̲t̲_̲c̲o̲m̲m̲,̲ mul_assoc]

Note: This linter can be disabled with `set_option linter.unusedSimpArgs false`
warning: ZhangLS/Spec/Lemma44CharacterProduct.lean:55:48: This simp argument is unused:
  mul_left_comm

Hint: Omit it from the simp argument list.
  simp [mul_comm, mul_l̵e̵f̵t̵_̵c̵o̵m̵m̵,̵ ̵m̵u̵l̵_̵assoc]

Note: This linter can be disabled with `set_option linter.unusedSimpArgs false`
⚠ [3459/3665] Replayed ZhangLS.Spec.Lemma23AnalyticLogBranch
warning: ZhangLS/Spec/Lemma23AnalyticLogBranch.lean:42:53: try 'simp' instead of 'simpa'

Note: This linter can be disabled with `set_option linter.unnecessarySimpa false`
warning: ZhangLS/Spec/Lemma23AnalyticLogBranch.lean:67:44: try 'simp' instead of 'simpa'

Note: This linter can be disabled with `set_option linter.unnecessarySimpa false`
⚠ [3471/3665] Replayed ZhangLS.Spec.RealAxisAtOne
warning: ZhangLS/Spec/RealAxisAtOne.lean:56:4: try 'simp' instead of 'simpa'

Note: This linter can be disabled with `set_option linter.unnecessarySimpa false`
⚠ [3473/3665] Replayed ZhangLS.Spec.Lemma57
warning: ZhangLS/Spec/Lemma57.lean:101:58: unused variable `hD`

Note: This linter can be disabled with `set_option linter.unusedVariables false`
warning: ZhangLS/Spec/Lemma57.lean:102:7: unused variable `hA`

Note: This linter can be disabled with `set_option linter.unusedVariables false`
⚠ [3474/3665] Replayed ZhangLS.Spec.Lemma57Arithmetic
warning: ZhangLS/Spec/Lemma57Arithmetic.lean:55:15: unused variable `hc_g`

Note: This linter can be disabled with `set_option linter.unusedVariables false`
⚠ [3479/3665] Replayed ZhangLS.Spec.Lemma57SmoothedSum
warning: ZhangLS/Spec/Lemma57SmoothedSum.lean:42:46: unused variable `hD`

Note: This linter can be disabled with `set_option linter.unusedVariables false`
⚠ [3488/3665] Replayed ZhangLS.Spec.Lemma57GaussianGlobal
warning: ZhangLS/Spec/Lemma57GaussianGlobal.lean:55:58: unused variable `ha`

Note: This linter can be disabled with `set_option linter.unusedVariables false`
warning: ZhangLS/Spec/Lemma57GaussianGlobal.lean:241:13: unused variable `hD`

Note: This linter can be disabled with `set_option linter.unusedVariables false`
warning: ZhangLS/Spec/Lemma57GaussianGlobal.lean:241:34: unused variable `hx`

Note: This linter can be disabled with `set_option linter.unusedVariables false`
⚠ [3489/3665] Replayed ZhangLS.Spec.Lemma57SmoothedSummability
warning: ZhangLS/Spec/Lemma57SmoothedSummability.lean:20:52: unused variable `hn`

Note: This linter can be disabled with `set_option linter.unusedVariables false`
⚠ [3494/3665] Replayed ZhangLS.Spec.Lemma57GaussianMellinTransform
warning: ZhangLS/Spec/Lemma57GaussianMellinTransform.lean:67:63: Used `tac1 <;> tac2` where `(tac1; tac2)` would suffice

Note: This linter can be disabled with `set_option linter.unnecessarySeqFocus false`
warning: ZhangLS/Spec/Lemma57GaussianMellinTransform.lean:145:54: Used `tac1 <;> tac2` where `(tac1; tac2)` would suffice

Note: This linter can be disabled with `set_option linter.unnecessarySeqFocus false`
warning: ZhangLS/Spec/Lemma57GaussianMellinTransform.lean:326:4: Try `simp at hs` instead of `simpa using hs`

Note: This linter can be disabled with `set_option linter.unnecessarySimpa false`
⚠ [3500/3665] Replayed ZhangLS.Spec.RiemannZetaCriticalLineBound
warning: ZhangLS/Spec/RiemannZetaCriticalLineBound.lean:99:2: Used `tac1 <;> tac2` where `(tac1; tac2)` would suffice

Note: This linter can be disabled with `set_option linter.unnecessarySeqFocus false`
warning: ZhangLS/Spec/RiemannZetaCriticalLineBound.lean:124:13: unused variable `hs`

Note: This linter can be disabled with `set_option linter.unusedVariables false`
warning: ZhangLS/Spec/RiemannZetaCriticalLineBound.lean:152:6: unused variable `n`

Note: This linter can be disabled with `set_option linter.unusedVariables false`
warning: ZhangLS/Spec/RiemannZetaCriticalLineBound.lean:156:20: unused variable `k`

Note: This linter can be disabled with `set_option linter.unusedVariables false`
warning: ZhangLS/Spec/RiemannZetaCriticalLineBound.lean:161:8: This simp argument is unused:
  sum_one_Icc

Hint: Omit it from the simp argument list.
  simp ̵[̵s̵u̵m̵_̵o̵n̵e̵_̵I̵c̵c̵]̵

Note: This linter can be disabled with `set_option linter.unusedSimpArgs false`
warning: ZhangLS/Spec/RiemannZetaCriticalLineBound.lean:242:12: 'ring' tactic does nothing

Note: This linter can be disabled with `set_option linter.unusedTactic false`
warning: ZhangLS/Spec/RiemannZetaCriticalLineBound.lean:242:12: this tactic is never executed

Note: This linter can be disabled with `set_option linter.unreachableTactic false`
warning: ZhangLS/Spec/RiemannZetaCriticalLineBound.lean:219:41: Used `tac1 <;> tac2` where `(tac1; tac2)` would suffice

Note: This linter can be disabled with `set_option linter.unnecessarySeqFocus false`
warning: ZhangLS/Spec/RiemannZetaCriticalLineBound.lean:303:8: 'ring' tactic does nothing

Note: This linter can be disabled with `set_option linter.unusedTactic false`
warning: ZhangLS/Spec/RiemannZetaCriticalLineBound.lean:303:8: this tactic is never executed

Note: This linter can be disabled with `set_option linter.unreachableTactic false`
warning: ZhangLS/Spec/RiemannZetaCriticalLineBound.lean:394:12: This simp argument is unused:
  norm_div

Hint: Omit it from the simp argument list.
  simp ̵[̵n̵o̵r̵m̵_̵d̵i̵v̵]̵

Note: This linter can be disabled with `set_option linter.unusedSimpArgs false`
warning: ZhangLS/Spec/RiemannZetaCriticalLineBound.lean:475:75: This simp argument is unused:
  norm_div

Hint: Omit it from the simp argument list.
  simp ̵[̵n̵o̵r̵m̵_̵d̵i̵v̵]̵

Note: This linter can be disabled with `set_option linter.unusedSimpArgs false`
⚠ [3501/3665] Replayed ZhangLS.Spec.Lemma57CriticalStripGrowth
warning: ZhangLS/Spec/Lemma57CriticalStripGrowth.lean:270:14: This simp argument is unused:
  norm_div

Hint: Omit it from the simp argument list.
  simp ̵[̵n̵o̵r̵m̵_̵d̵i̵v̵]̵

Note: This linter can be disabled with `set_option linter.unusedSimpArgs false`
⚠ [3508/3665] Replayed ZhangLS.Spec.Lemma23DirichletConjugation
warning: ZhangLS/Spec/Lemma23DirichletConjugation.lean:23:0: automatically included section variable(s) unused in theorem `ZhangLS.Spec.dirichletLSeries_inv_eq_conj_at_conj`:
  [NeZero N]
consider restructuring your `variable` declarations so that the variables are not in scope or explicitly omit them:
  omit [NeZero N] in theorem ...

Note: This linter can be disabled with `set_option linter.unusedSectionVars false`
⚠ [3510/3665] Replayed ZhangLS.Spec.Lemma23PrimitiveGaussSum
warning: ZhangLS/Spec/Lemma23PrimitiveGaussSum.lean:42:19: Used `tac1 <;> tac2` where `(tac1; tac2)` would suffice

Note: This linter can be disabled with `set_option linter.unnecessarySeqFocus false`
⚠ [3511/3665] Replayed ZhangLS.Spec.Lemma23DirichletUnitModulus
warning: ZhangLS/Spec/Lemma23DirichletUnitModulus.lean:112:48: Used `tac1 <;> tac2` where `(tac1; tac2)` would suffice

Note: This linter can be disabled with `set_option linter.unnecessarySeqFocus false`
⚠ [3648/3665] Replayed ZhangLS.Spec.Lemma44ProductMellin
warning: ZhangLS/Spec/Lemma44ProductMellin.lean:144:4: try 'simp' instead of 'simpa'

Note: This linter can be disabled with `set_option linter.unnecessarySimpa false`
⚠ [3652/3665] Replayed ZhangLS.Spec.Lemma44RightMellinApproximation
warning: ZhangLS/Spec/Lemma44RightMellinApproximation.lean:37:4: try 'simp' instead of 'simpa'

Note: This linter can be disabled with `set_option linter.unnecessarySimpa false`
⚠ [3656/3665] Replayed ZhangLS.Spec.Lemma44ReflectedLongSum
warning: ZhangLS/Spec/Lemma44ReflectedLongSum.lean:81:64: Used `tac1 <;> tac2` where `(tac1; tac2)` would suffice

Note: This linter can be disabled with `set_option linter.unnecessarySeqFocus false`
⚠ [3658/3665] Replayed ZhangLS.Spec.Lemma44InitialLeftEstimates
warning: ZhangLS/Spec/Lemma44InitialLeftEstimates.lean:68:23: Used `tac1 <;> tac2` where `(tac1; tac2)` would suffice

Note: This linter can be disabled with `set_option linter.unnecessarySeqFocus false`
⚠ [3659/3665] Replayed ZhangLS.Spec.Lemma44HorizontalGrowth
warning: ZhangLS/Spec/Lemma44HorizontalGrowth.lean:147:6: 'push_cast' tactic does nothing

Note: This linter can be disabled with `set_option linter.unusedTactic false`
⚠ [3661/3665] Replayed ZhangLS.Spec.Lemma44GaussianVerticalTail
info: ZhangLS/Spec/Lemma44GaussianVerticalTail.lean:41:4: Try this:
  [apply] ring_nf
  
  The `ring` tactic failed to close the goal. Use `ring_nf` to obtain a normal form.
    
  Note that `ring` works primarily in *commutative* rings. If you have a noncommutative ring, abelian group or module, consider using `noncomm_ring`, `abel` or `module` instead.
info: ZhangLS/Spec/Lemma44GaussianVerticalTail.lean:57:16: Try this:
  [apply] ring_nf
  
  The `ring` tactic failed to close the goal. Use `ring_nf` to obtain a normal form.
    
  Note that `ring` works primarily in *commutative* rings. If you have a noncommutative ring, abelian group or module, consider using `noncomm_ring`, `abel` or `module` instead.
warning: ZhangLS/Spec/Lemma44GaussianVerticalTail.lean:57:12: Used `tac1 <;> tac2` where `(tac1; tac2)` would suffice

Note: This linter can be disabled with `set_option linter.unnecessarySeqFocus false`
warning: ZhangLS/Spec/Lemma44GaussianVerticalTail.lean:68:22: Used `tac1 <;> tac2` where `(tac1; tac2)` would suffice

Note: This linter can be disabled with `set_option linter.unnecessarySeqFocus false`
info: ZhangLS/Spec/Lemma44GaussianVerticalTail.lean:153:35: Try this:
  [apply] ring_nf
  
  The `ring` tactic failed to close the goal. Use `ring_nf` to obtain a normal form.
    
  Note that `ring` works primarily in *commutative* rings. If you have a noncommutative ring, abelian group or module, consider using `noncomm_ring`, `abel` or `module` instead.
⚠ [3662/3665] Replayed ZhangLS.Spec.Lemma44LocalRectangle
warning: ZhangLS/Spec/Lemma44LocalRectangle.lean:115:46: This simp argument is unused:
  zero_mul

Hint: Omit it from the simp argument list.
  simp only [mem_reProdIm, mem_Icc, sub_re, sub_im, ofReal_re, ofReal_im, mul_re, mul_im, I_re,
  ̲  ̲ ̲ ̲ ̲ ̲ ̲ ̲I_im, mul_zero, z̵e̵r̵o̵_̵m̵u̵l̵,̵ ̵mul_one, zero_add, sub_zero]

Note: This linter can be disabled with `set_option linter.unusedSimpArgs false`
warning: ZhangLS/Spec/Lemma44LocalRectangle.lean:115:65: This simp argument is unused:
  zero_add

Hint: Omit it from the simp argument list.
  simp only [mem_reProdIm, mem_Icc, sub_re, sub_im, ofReal_re, ofReal_im, mul_re, mul_im, I_re,
  ̲  ̲ ̲ ̲ ̲ ̲ ̲ ̲I_im, mul_zero, zero_mul, mul_one, z̵e̵r̵o̵_̵a̵d̵d̵,̵ ̵sub_zero]

Note: This linter can be disabled with `set_option linter.unusedSimpArgs false`
⚠ [3665/3665] Replayed ZhangLS.Spec.Lemma44HorizontalIntegrals
warning: ZhangLS/Spec/Lemma44HorizontalIntegrals.lean:18:5: unused variable `hK`

Note: This linter can be disabled with `set_option linter.unusedVariables false`
Build completed successfully (3665 jobs).
ZhangLS/Spec/Lemma44HorizontalIntegrals.lean:18:5: warning: unused variable `hK`

Note: This linter can be disabled with `set_option linter.unusedVariables false`
== kernel-check ZhangLS/Spec/Lemma44HorizontalKernel.lean ==
⚠ [1279/1411] Replayed ZhangLS.Spec.RealDirichletCharacter
warning: ZhangLS/Spec/RealDirichletCharacter.lean:48:4: try 'simp' instead of 'simpa'

Note: This linter can be disabled with `set_option linter.unnecessarySimpa false`
⚠ [3433/3663] Replayed ZhangLS.Spec.Lemma44ComplexCharacterAbel
warning: ZhangLS/Spec/Lemma44ComplexCharacterAbel.lean:73:56: unused variable `hD`

Note: This linter can be disabled with `set_option linter.unusedVariables false`
⚠ [3434/3663] Replayed ZhangLS.Spec.Lemma44CharacterProduct
warning: ZhangLS/Spec/Lemma44CharacterProduct.lean:55:38: This simp argument is unused:
  mul_comm

Hint: Omit it from the simp argument list.
  simp [̵m̵u̵l̵_̵c̵o̵m̵m̵,̵ ̵m̵u̵l̵_̵l̵e̵f̵t̵_̵c̵o̵m̵m̵,̵[̲m̲u̲l̲_̲l̲e̲f̲t̲_̲c̲o̲m̲m̲,̲ mul_assoc]

Note: This linter can be disabled with `set_option linter.unusedSimpArgs false`
warning: ZhangLS/Spec/Lemma44CharacterProduct.lean:55:48: This simp argument is unused:
  mul_left_comm

Hint: Omit it from the simp argument list.
  simp [mul_comm, mul_l̵e̵f̵t̵_̵c̵o̵m̵m̵,̵ ̵m̵u̵l̵_̵assoc]

Note: This linter can be disabled with `set_option linter.unusedSimpArgs false`
⚠ [3459/3663] Replayed ZhangLS.Spec.Lemma23AnalyticLogBranch
warning: ZhangLS/Spec/Lemma23AnalyticLogBranch.lean:42:53: try 'simp' instead of 'simpa'

Note: This linter can be disabled with `set_option linter.unnecessarySimpa false`
warning: ZhangLS/Spec/Lemma23AnalyticLogBranch.lean:67:44: try 'simp' instead of 'simpa'

Note: This linter can be disabled with `set_option linter.unnecessarySimpa false`
⚠ [3471/3663] Replayed ZhangLS.Spec.RealAxisAtOne
warning: ZhangLS/Spec/RealAxisAtOne.lean:56:4: try 'simp' instead of 'simpa'

Note: This linter can be disabled with `set_option linter.unnecessarySimpa false`
⚠ [3473/3663] Replayed ZhangLS.Spec.Lemma57
warning: ZhangLS/Spec/Lemma57.lean:101:58: unused variable `hD`

Note: This linter can be disabled with `set_option linter.unusedVariables false`
warning: ZhangLS/Spec/Lemma57.lean:102:7: unused variable `hA`

Note: This linter can be disabled with `set_option linter.unusedVariables false`
⚠ [3474/3663] Replayed ZhangLS.Spec.Lemma57Arithmetic
warning: ZhangLS/Spec/Lemma57Arithmetic.lean:55:15: unused variable `hc_g`

Note: This linter can be disabled with `set_option linter.unusedVariables false`
⚠ [3479/3663] Replayed ZhangLS.Spec.Lemma57SmoothedSum
warning: ZhangLS/Spec/Lemma57SmoothedSum.lean:42:46: unused variable `hD`

Note: This linter can be disabled with `set_option linter.unusedVariables false`
⚠ [3488/3663] Replayed ZhangLS.Spec.Lemma57GaussianGlobal
warning: ZhangLS/Spec/Lemma57GaussianGlobal.lean:55:58: unused variable `ha`

Note: This linter can be disabled with `set_option linter.unusedVariables false`
warning: ZhangLS/Spec/Lemma57GaussianGlobal.lean:241:13: unused variable `hD`

Note: This linter can be disabled with `set_option linter.unusedVariables false`
warning: ZhangLS/Spec/Lemma57GaussianGlobal.lean:241:34: unused variable `hx`

Note: This linter can be disabled with `set_option linter.unusedVariables false`
⚠ [3489/3663] Replayed ZhangLS.Spec.Lemma57SmoothedSummability
warning: ZhangLS/Spec/Lemma57SmoothedSummability.lean:20:52: unused variable `hn`

Note: This linter can be disabled with `set_option linter.unusedVariables false`
⚠ [3494/3663] Replayed ZhangLS.Spec.Lemma57GaussianMellinTransform
warning: ZhangLS/Spec/Lemma57GaussianMellinTransform.lean:67:63: Used `tac1 <;> tac2` where `(tac1; tac2)` would suffice

Note: This linter can be disabled with `set_option linter.unnecessarySeqFocus false`
warning: ZhangLS/Spec/Lemma57GaussianMellinTransform.lean:145:54: Used `tac1 <;> tac2` where `(tac1; tac2)` would suffice

Note: This linter can be disabled with `set_option linter.unnecessarySeqFocus false`
warning: ZhangLS/Spec/Lemma57GaussianMellinTransform.lean:326:4: Try `simp at hs` instead of `simpa using hs`

Note: This linter can be disabled with `set_option linter.unnecessarySimpa false`
⚠ [3500/3663] Replayed ZhangLS.Spec.RiemannZetaCriticalLineBound
warning: ZhangLS/Spec/RiemannZetaCriticalLineBound.lean:99:2: Used `tac1 <;> tac2` where `(tac1; tac2)` would suffice

Note: This linter can be disabled with `set_option linter.unnecessarySeqFocus false`
warning: ZhangLS/Spec/RiemannZetaCriticalLineBound.lean:124:13: unused variable `hs`

Note: This linter can be disabled with `set_option linter.unusedVariables false`
warning: ZhangLS/Spec/RiemannZetaCriticalLineBound.lean:152:6: unused variable `n`

Note: This linter can be disabled with `set_option linter.unusedVariables false`
warning: ZhangLS/Spec/RiemannZetaCriticalLineBound.lean:156:20: unused variable `k`

Note: This linter can be disabled with `set_option linter.unusedVariables false`
warning: ZhangLS/Spec/RiemannZetaCriticalLineBound.lean:161:8: This simp argument is unused:
  sum_one_Icc

Hint: Omit it from the simp argument list.
  simp ̵[̵s̵u̵m̵_̵o̵n̵e̵_̵I̵c̵c̵]̵

Note: This linter can be disabled with `set_option linter.unusedSimpArgs false`
warning: ZhangLS/Spec/RiemannZetaCriticalLineBound.lean:242:12: 'ring' tactic does nothing

Note: This linter can be disabled with `set_option linter.unusedTactic false`
warning: ZhangLS/Spec/RiemannZetaCriticalLineBound.lean:242:12: this tactic is never executed

Note: This linter can be disabled with `set_option linter.unreachableTactic false`
warning: ZhangLS/Spec/RiemannZetaCriticalLineBound.lean:219:41: Used `tac1 <;> tac2` where `(tac1; tac2)` would suffice

Note: This linter can be disabled with `set_option linter.unnecessarySeqFocus false`
warning: ZhangLS/Spec/RiemannZetaCriticalLineBound.lean:303:8: 'ring' tactic does nothing

Note: This linter can be disabled with `set_option linter.unusedTactic false`
warning: ZhangLS/Spec/RiemannZetaCriticalLineBound.lean:303:8: this tactic is never executed

Note: This linter can be disabled with `set_option linter.unreachableTactic false`
warning: ZhangLS/Spec/RiemannZetaCriticalLineBound.lean:394:12: This simp argument is unused:
  norm_div

Hint: Omit it from the simp argument list.
  simp ̵[̵n̵o̵r̵m̵_̵d̵i̵v̵]̵

Note: This linter can be disabled with `set_option linter.unusedSimpArgs false`
warning: ZhangLS/Spec/RiemannZetaCriticalLineBound.lean:475:75: This simp argument is unused:
  norm_div

Hint: Omit it from the simp argument list.
  simp ̵[̵n̵o̵r̵m̵_̵d̵i̵v̵]̵

Note: This linter can be disabled with `set_option linter.unusedSimpArgs false`
⚠ [3501/3663] Replayed ZhangLS.Spec.Lemma57CriticalStripGrowth
warning: ZhangLS/Spec/Lemma57CriticalStripGrowth.lean:270:14: This simp argument is unused:
  norm_div

Hint: Omit it from the simp argument list.
  simp ̵[̵n̵o̵r̵m̵_̵d̵i̵v̵]̵

Note: This linter can be disabled with `set_option linter.unusedSimpArgs false`
⚠ [3508/3663] Replayed ZhangLS.Spec.Lemma23DirichletConjugation
warning: ZhangLS/Spec/Lemma23DirichletConjugation.lean:23:0: automatically included section variable(s) unused in theorem `ZhangLS.Spec.dirichletLSeries_inv_eq_conj_at_conj`:
  [NeZero N]
consider restructuring your `variable` declarations so that the variables are not in scope or explicitly omit them:
  omit [NeZero N] in theorem ...

Note: This linter can be disabled with `set_option linter.unusedSectionVars false`
⚠ [3510/3663] Replayed ZhangLS.Spec.Lemma23PrimitiveGaussSum
warning: ZhangLS/Spec/Lemma23PrimitiveGaussSum.lean:42:19: Used `tac1 <;> tac2` where `(tac1; tac2)` would suffice

Note: This linter can be disabled with `set_option linter.unnecessarySeqFocus false`
⚠ [3511/3663] Replayed ZhangLS.Spec.Lemma23DirichletUnitModulus
warning: ZhangLS/Spec/Lemma23DirichletUnitModulus.lean:112:48: Used `tac1 <;> tac2` where `(tac1; tac2)` would suffice

Note: This linter can be disabled with `set_option linter.unnecessarySeqFocus false`
⚠ [3648/3663] Replayed ZhangLS.Spec.Lemma44ProductMellin
warning: ZhangLS/Spec/Lemma44ProductMellin.lean:144:4: try 'simp' instead of 'simpa'

Note: This linter can be disabled with `set_option linter.unnecessarySimpa false`
⚠ [3652/3663] Replayed ZhangLS.Spec.Lemma44RightMellinApproximation
warning: ZhangLS/Spec/Lemma44RightMellinApproximation.lean:37:4: try 'simp' instead of 'simpa'

Note: This linter can be disabled with `set_option linter.unnecessarySimpa false`
⚠ [3656/3663] Replayed ZhangLS.Spec.Lemma44ReflectedLongSum
warning: ZhangLS/Spec/Lemma44ReflectedLongSum.lean:81:64: Used `tac1 <;> tac2` where `(tac1; tac2)` would suffice

Note: This linter can be disabled with `set_option linter.unnecessarySeqFocus false`
⚠ [3658/3663] Replayed ZhangLS.Spec.Lemma44InitialLeftEstimates
warning: ZhangLS/Spec/Lemma44InitialLeftEstimates.lean:68:23: Used `tac1 <;> tac2` where `(tac1; tac2)` would suffice

Note: This linter can be disabled with `set_option linter.unnecessarySeqFocus false`
⚠ [3659/3663] Replayed ZhangLS.Spec.Lemma44HorizontalGrowth
warning: ZhangLS/Spec/Lemma44HorizontalGrowth.lean:147:6: 'push_cast' tactic does nothing

Note: This linter can be disabled with `set_option linter.unusedTactic false`
⚠ [3661/3663] Replayed ZhangLS.Spec.Lemma44GaussianVerticalTail
info: ZhangLS/Spec/Lemma44GaussianVerticalTail.lean:41:4: Try this:
  [apply] ring_nf
  
  The `ring` tactic failed to close the goal. Use `ring_nf` to obtain a normal form.
    
  Note that `ring` works primarily in *commutative* rings. If you have a noncommutative ring, abelian group or module, consider using `noncomm_ring`, `abel` or `module` instead.
info: ZhangLS/Spec/Lemma44GaussianVerticalTail.lean:57:16: Try this:
  [apply] ring_nf
  
  The `ring` tactic failed to close the goal. Use `ring_nf` to obtain a normal form.
    
  Note that `ring` works primarily in *commutative* rings. If you have a noncommutative ring, abelian group or module, consider using `noncomm_ring`, `abel` or `module` instead.
warning: ZhangLS/Spec/Lemma44GaussianVerticalTail.lean:57:12: Used `tac1 <;> tac2` where `(tac1; tac2)` would suffice

Note: This linter can be disabled with `set_option linter.unnecessarySeqFocus false`
warning: ZhangLS/Spec/Lemma44GaussianVerticalTail.lean:68:22: Used `tac1 <;> tac2` where `(tac1; tac2)` would suffice

Note: This linter can be disabled with `set_option linter.unnecessarySeqFocus false`
info: ZhangLS/Spec/Lemma44GaussianVerticalTail.lean:153:35: Try this:
  [apply] ring_nf
  
  The `ring` tactic failed to close the goal. Use `ring_nf` to obtain a normal form.
    
  Note that `ring` works primarily in *commutative* rings. If you have a noncommutative ring, abelian group or module, consider using `noncomm_ring`, `abel` or `module` instead.
⚠ [3662/3663] Replayed ZhangLS.Spec.Lemma44LocalRectangle
warning: ZhangLS/Spec/Lemma44LocalRectangle.lean:115:46: This simp argument is unused:
  zero_mul

Hint: Omit it from the simp argument list.
  simp only [mem_reProdIm, mem_Icc, sub_re, sub_im, ofReal_re, ofReal_im, mul_re, mul_im, I_re,
  ̲  ̲ ̲ ̲ ̲ ̲ ̲ ̲I_im, mul_zero, z̵e̵r̵o̵_̵m̵u̵l̵,̵ ̵mul_one, zero_add, sub_zero]

Note: This linter can be disabled with `set_option linter.unusedSimpArgs false`
warning: ZhangLS/Spec/Lemma44LocalRectangle.lean:115:65: This simp argument is unused:
  zero_add

Hint: Omit it from the simp argument list.
  simp only [mem_reProdIm, mem_Icc, sub_re, sub_im, ofReal_re, ofReal_im, mul_re, mul_im, I_re,
  ̲  ̲ ̲ ̲ ̲ ̲ ̲ ̲I_im, mul_zero, zero_mul, mul_one, z̵e̵r̵o̵_̵a̵d̵d̵,̵ ̵sub_zero]

Note: This linter can be disabled with `set_option linter.unusedSimpArgs false`
Build completed successfully (3663 jobs).
== kernel-check ZhangLS/Spec/Lemma44InitialLeftEstimates.lean ==
⚠ [1279/1409] Replayed ZhangLS.Spec.RealDirichletCharacter
warning: ZhangLS/Spec/RealDirichletCharacter.lean:48:4: try 'simp' instead of 'simpa'

Note: This linter can be disabled with `set_option linter.unnecessarySimpa false`
⚠ [1280/1409] Replayed ZhangLS.Spec.Lemma44CharacterProduct
warning: ZhangLS/Spec/Lemma44CharacterProduct.lean:55:38: This simp argument is unused:
  mul_comm

Hint: Omit it from the simp argument list.
  simp [̵m̵u̵l̵_̵c̵o̵m̵m̵,̵ ̵m̵u̵l̵_̵l̵e̵f̵t̵_̵c̵o̵m̵m̵,̵[̲m̲u̲l̲_̲l̲e̲f̲t̲_̲c̲o̲m̲m̲,̲ mul_assoc]

Note: This linter can be disabled with `set_option linter.unusedSimpArgs false`
warning: ZhangLS/Spec/Lemma44CharacterProduct.lean:55:48: This simp argument is unused:
  mul_left_comm

Hint: Omit it from the simp argument list.
  simp [mul_comm, mul_l̵e̵f̵t̵_̵c̵o̵m̵m̵,̵ ̵m̵u̵l̵_̵assoc]

Note: This linter can be disabled with `set_option linter.unusedSimpArgs false`
⚠ [2474/2699] Replayed ZhangLS.Spec.Lemma23AnalyticLogBranch
warning: ZhangLS/Spec/Lemma23AnalyticLogBranch.lean:42:53: try 'simp' instead of 'simpa'

Note: This linter can be disabled with `set_option linter.unnecessarySimpa false`
warning: ZhangLS/Spec/Lemma23AnalyticLogBranch.lean:67:44: try 'simp' instead of 'simpa'

Note: This linter can be disabled with `set_option linter.unnecessarySimpa false`
⚠ [3462/3657] Replayed ZhangLS.Spec.RealAxisAtOne
warning: ZhangLS/Spec/RealAxisAtOne.lean:56:4: try 'simp' instead of 'simpa'

Note: This linter can be disabled with `set_option linter.unnecessarySimpa false`
⚠ [3464/3657] Replayed ZhangLS.Spec.Lemma57
warning: ZhangLS/Spec/Lemma57.lean:101:58: unused variable `hD`

Note: This linter can be disabled with `set_option linter.unusedVariables false`
warning: ZhangLS/Spec/Lemma57.lean:102:7: unused variable `hA`

Note: This linter can be disabled with `set_option linter.unusedVariables false`
⚠ [3465/3657] Replayed ZhangLS.Spec.Lemma57Arithmetic
warning: ZhangLS/Spec/Lemma57Arithmetic.lean:55:15: unused variable `hc_g`

Note: This linter can be disabled with `set_option linter.unusedVariables false`
⚠ [3470/3657] Replayed ZhangLS.Spec.Lemma57SmoothedSum
warning: ZhangLS/Spec/Lemma57SmoothedSum.lean:42:46: unused variable `hD`

Note: This linter can be disabled with `set_option linter.unusedVariables false`
⚠ [3479/3657] Replayed ZhangLS.Spec.Lemma57GaussianGlobal
warning: ZhangLS/Spec/Lemma57GaussianGlobal.lean:55:58: unused variable `ha`

Note: This linter can be disabled with `set_option linter.unusedVariables false`
warning: ZhangLS/Spec/Lemma57GaussianGlobal.lean:241:13: unused variable `hD`

Note: This linter can be disabled with `set_option linter.unusedVariables false`
warning: ZhangLS/Spec/Lemma57GaussianGlobal.lean:241:34: unused variable `hx`

Note: This linter can be disabled with `set_option linter.unusedVariables false`
⚠ [3480/3657] Replayed ZhangLS.Spec.Lemma57SmoothedSummability
warning: ZhangLS/Spec/Lemma57SmoothedSummability.lean:20:52: unused variable `hn`

Note: This linter can be disabled with `set_option linter.unusedVariables false`
⚠ [3485/3657] Replayed ZhangLS.Spec.Lemma57GaussianMellinTransform
warning: ZhangLS/Spec/Lemma57GaussianMellinTransform.lean:67:63: Used `tac1 <;> tac2` where `(tac1; tac2)` would suffice

Note: This linter can be disabled with `set_option linter.unnecessarySeqFocus false`
warning: ZhangLS/Spec/Lemma57GaussianMellinTransform.lean:145:54: Used `tac1 <;> tac2` where `(tac1; tac2)` would suffice

Note: This linter can be disabled with `set_option linter.unnecessarySeqFocus false`
warning: ZhangLS/Spec/Lemma57GaussianMellinTransform.lean:326:4: Try `simp at hs` instead of `simpa using hs`

Note: This linter can be disabled with `set_option linter.unnecessarySimpa false`
⚠ [3499/3657] Replayed ZhangLS.Spec.RiemannZetaCriticalLineBound
warning: ZhangLS/Spec/RiemannZetaCriticalLineBound.lean:99:2: Used `tac1 <;> tac2` where `(tac1; tac2)` would suffice

Note: This linter can be disabled with `set_option linter.unnecessarySeqFocus false`
warning: ZhangLS/Spec/RiemannZetaCriticalLineBound.lean:124:13: unused variable `hs`

Note: This linter can be disabled with `set_option linter.unusedVariables false`
warning: ZhangLS/Spec/RiemannZetaCriticalLineBound.lean:152:6: unused variable `n`

Note: This linter can be disabled with `set_option linter.unusedVariables false`
warning: ZhangLS/Spec/RiemannZetaCriticalLineBound.lean:156:20: unused variable `k`

Note: This linter can be disabled with `set_option linter.unusedVariables false`
warning: ZhangLS/Spec/RiemannZetaCriticalLineBound.lean:161:8: This simp argument is unused:
  sum_one_Icc

Hint: Omit it from the simp argument list.
  simp ̵[̵s̵u̵m̵_̵o̵n̵e̵_̵I̵c̵c̵]̵

Note: This linter can be disabled with `set_option linter.unusedSimpArgs false`
warning: ZhangLS/Spec/RiemannZetaCriticalLineBound.lean:242:12: 'ring' tactic does nothing

Note: This linter can be disabled with `set_option linter.unusedTactic false`
warning: ZhangLS/Spec/RiemannZetaCriticalLineBound.lean:242:12: this tactic is never executed

Note: This linter can be disabled with `set_option linter.unreachableTactic false`
warning: ZhangLS/Spec/RiemannZetaCriticalLineBound.lean:219:41: Used `tac1 <;> tac2` where `(tac1; tac2)` would suffice

Note: This linter can be disabled with `set_option linter.unnecessarySeqFocus false`
warning: ZhangLS/Spec/RiemannZetaCriticalLineBound.lean:303:8: 'ring' tactic does nothing

Note: This linter can be disabled with `set_option linter.unusedTactic false`
warning: ZhangLS/Spec/RiemannZetaCriticalLineBound.lean:303:8: this tactic is never executed

Note: This linter can be disabled with `set_option linter.unreachableTactic false`
warning: ZhangLS/Spec/RiemannZetaCriticalLineBound.lean:394:12: This simp argument is unused:
  norm_div

Hint: Omit it from the simp argument list.
  simp ̵[̵n̵o̵r̵m̵_̵d̵i̵v̵]̵

Note: This linter can be disabled with `set_option linter.unusedSimpArgs false`
warning: ZhangLS/Spec/RiemannZetaCriticalLineBound.lean:475:75: This simp argument is unused:
  norm_div

Hint: Omit it from the simp argument list.
  simp ̵[̵n̵o̵r̵m̵_̵d̵i̵v̵]̵

Note: This linter can be disabled with `set_option linter.unusedSimpArgs false`
⚠ [3500/3657] Replayed ZhangLS.Spec.Lemma57CriticalStripGrowth
warning: ZhangLS/Spec/Lemma57CriticalStripGrowth.lean:270:14: This simp argument is unused:
  norm_div

Hint: Omit it from the simp argument list.
  simp ̵[̵n̵o̵r̵m̵_̵d̵i̵v̵]̵

Note: This linter can be disabled with `set_option linter.unusedSimpArgs false`
⚠ [3507/3657] Replayed ZhangLS.Spec.Lemma23DirichletConjugation
warning: ZhangLS/Spec/Lemma23DirichletConjugation.lean:23:0: automatically included section variable(s) unused in theorem `ZhangLS.Spec.dirichletLSeries_inv_eq_conj_at_conj`:
  [NeZero N]
consider restructuring your `variable` declarations so that the variables are not in scope or explicitly omit them:
  omit [NeZero N] in theorem ...

Note: This linter can be disabled with `set_option linter.unusedSectionVars false`
⚠ [3509/3657] Replayed ZhangLS.Spec.Lemma23PrimitiveGaussSum
warning: ZhangLS/Spec/Lemma23PrimitiveGaussSum.lean:42:19: Used `tac1 <;> tac2` where `(tac1; tac2)` would suffice

Note: This linter can be disabled with `set_option linter.unnecessarySeqFocus false`
⚠ [3510/3657] Replayed ZhangLS.Spec.Lemma23DirichletUnitModulus
warning: ZhangLS/Spec/Lemma23DirichletUnitModulus.lean:112:48: Used `tac1 <;> tac2` where `(tac1; tac2)` would suffice

Note: This linter can be disabled with `set_option linter.unnecessarySeqFocus false`
⚠ [3647/3657] Replayed ZhangLS.Spec.Lemma44ProductMellin
warning: ZhangLS/Spec/Lemma44ProductMellin.lean:144:4: try 'simp' instead of 'simpa'

Note: This linter can be disabled with `set_option linter.unnecessarySimpa false`
⚠ [3651/3657] Replayed ZhangLS.Spec.Lemma44RightMellinApproximation
warning: ZhangLS/Spec/Lemma44RightMellinApproximation.lean:37:4: try 'simp' instead of 'simpa'

Note: This linter can be disabled with `set_option linter.unnecessarySimpa false`
⚠ [3655/3657] Replayed ZhangLS.Spec.Lemma44ReflectedLongSum
warning: ZhangLS/Spec/Lemma44ReflectedLongSum.lean:81:64: Used `tac1 <;> tac2` where `(tac1; tac2)` would suffice

Note: This linter can be disabled with `set_option linter.unnecessarySeqFocus false`
⚠ [3657/3657] Replayed ZhangLS.Spec.Lemma44InitialLeftEstimates
warning: ZhangLS/Spec/Lemma44InitialLeftEstimates.lean:68:23: Used `tac1 <;> tac2` where `(tac1; tac2)` would suffice

Note: This linter can be disabled with `set_option linter.unnecessarySeqFocus false`
Build completed successfully (3657 jobs).
ZhangLS/Spec/Lemma44InitialLeftEstimates.lean:68:23: warning: Used `tac1 <;> tac2` where `(tac1; tac2)` would suffice

Note: This linter can be disabled with `set_option linter.unnecessarySeqFocus false`
== kernel-check ZhangLS/Spec/Lemma44LeftContourSplit.lean ==
⚠ [1279/1354] Replayed ZhangLS.Spec.RealDirichletCharacter
warning: ZhangLS/Spec/RealDirichletCharacter.lean:48:4: try 'simp' instead of 'simpa'

Note: This linter can be disabled with `set_option linter.unnecessarySimpa false`
⚠ [1280/1354] Replayed ZhangLS.Spec.Lemma44CharacterProduct
warning: ZhangLS/Spec/Lemma44CharacterProduct.lean:55:38: This simp argument is unused:
  mul_comm

Hint: Omit it from the simp argument list.
  simp [̵m̵u̵l̵_̵c̵o̵m̵m̵,̵ ̵m̵u̵l̵_̵l̵e̵f̵t̵_̵c̵o̵m̵m̵,̵[̲m̲u̲l̲_̲l̲e̲f̲t̲_̲c̲o̲m̲m̲,̲ mul_assoc]

Note: This linter can be disabled with `set_option linter.unusedSimpArgs false`
warning: ZhangLS/Spec/Lemma44CharacterProduct.lean:55:48: This simp argument is unused:
  mul_left_comm

Hint: Omit it from the simp argument list.
  simp [mul_comm, mul_l̵e̵f̵t̵_̵c̵o̵m̵m̵,̵ ̵m̵u̵l̵_̵assoc]

Note: This linter can be disabled with `set_option linter.unusedSimpArgs false`
⚠ [2474/2630] Replayed ZhangLS.Spec.Lemma23AnalyticLogBranch
warning: ZhangLS/Spec/Lemma23AnalyticLogBranch.lean:42:53: try 'simp' instead of 'simpa'

Note: This linter can be disabled with `set_option linter.unnecessarySimpa false`
warning: ZhangLS/Spec/Lemma23AnalyticLogBranch.lean:67:44: try 'simp' instead of 'simpa'

Note: This linter can be disabled with `set_option linter.unnecessarySimpa false`
⚠ [3462/3670] Replayed ZhangLS.Spec.RealAxisAtOne
warning: ZhangLS/Spec/RealAxisAtOne.lean:56:4: try 'simp' instead of 'simpa'

Note: This linter can be disabled with `set_option linter.unnecessarySimpa false`
⚠ [3464/3670] Replayed ZhangLS.Spec.Lemma57
warning: ZhangLS/Spec/Lemma57.lean:101:58: unused variable `hD`

Note: This linter can be disabled with `set_option linter.unusedVariables false`
warning: ZhangLS/Spec/Lemma57.lean:102:7: unused variable `hA`

Note: This linter can be disabled with `set_option linter.unusedVariables false`
⚠ [3465/3670] Replayed ZhangLS.Spec.Lemma57Arithmetic
warning: ZhangLS/Spec/Lemma57Arithmetic.lean:55:15: unused variable `hc_g`

Note: This linter can be disabled with `set_option linter.unusedVariables false`
⚠ [3470/3670] Replayed ZhangLS.Spec.Lemma57SmoothedSum
warning: ZhangLS/Spec/Lemma57SmoothedSum.lean:42:46: unused variable `hD`

Note: This linter can be disabled with `set_option linter.unusedVariables false`
⚠ [3479/3670] Replayed ZhangLS.Spec.Lemma57GaussianGlobal
warning: ZhangLS/Spec/Lemma57GaussianGlobal.lean:55:58: unused variable `ha`

Note: This linter can be disabled with `set_option linter.unusedVariables false`
warning: ZhangLS/Spec/Lemma57GaussianGlobal.lean:241:13: unused variable `hD`

Note: This linter can be disabled with `set_option linter.unusedVariables false`
warning: ZhangLS/Spec/Lemma57GaussianGlobal.lean:241:34: unused variable `hx`

Note: This linter can be disabled with `set_option linter.unusedVariables false`
⚠ [3480/3670] Replayed ZhangLS.Spec.Lemma57SmoothedSummability
warning: ZhangLS/Spec/Lemma57SmoothedSummability.lean:20:52: unused variable `hn`

Note: This linter can be disabled with `set_option linter.unusedVariables false`
⚠ [3485/3670] Replayed ZhangLS.Spec.Lemma57GaussianMellinTransform
warning: ZhangLS/Spec/Lemma57GaussianMellinTransform.lean:67:63: Used `tac1 <;> tac2` where `(tac1; tac2)` would suffice

Note: This linter can be disabled with `set_option linter.unnecessarySeqFocus false`
warning: ZhangLS/Spec/Lemma57GaussianMellinTransform.lean:145:54: Used `tac1 <;> tac2` where `(tac1; tac2)` would suffice

Note: This linter can be disabled with `set_option linter.unnecessarySeqFocus false`
warning: ZhangLS/Spec/Lemma57GaussianMellinTransform.lean:326:4: Try `simp at hs` instead of `simpa using hs`

Note: This linter can be disabled with `set_option linter.unnecessarySimpa false`
⚠ [3499/3670] Replayed ZhangLS.Spec.RiemannZetaCriticalLineBound
warning: ZhangLS/Spec/RiemannZetaCriticalLineBound.lean:99:2: Used `tac1 <;> tac2` where `(tac1; tac2)` would suffice

Note: This linter can be disabled with `set_option linter.unnecessarySeqFocus false`
warning: ZhangLS/Spec/RiemannZetaCriticalLineBound.lean:124:13: unused variable `hs`

Note: This linter can be disabled with `set_option linter.unusedVariables false`
warning: ZhangLS/Spec/RiemannZetaCriticalLineBound.lean:152:6: unused variable `n`

Note: This linter can be disabled with `set_option linter.unusedVariables false`
warning: ZhangLS/Spec/RiemannZetaCriticalLineBound.lean:156:20: unused variable `k`

Note: This linter can be disabled with `set_option linter.unusedVariables false`
warning: ZhangLS/Spec/RiemannZetaCriticalLineBound.lean:161:8: This simp argument is unused:
  sum_one_Icc

Hint: Omit it from the simp argument list.
  simp ̵[̵s̵u̵m̵_̵o̵n̵e̵_̵I̵c̵c̵]̵

Note: This linter can be disabled with `set_option linter.unusedSimpArgs false`
warning: ZhangLS/Spec/RiemannZetaCriticalLineBound.lean:242:12: 'ring' tactic does nothing

Note: This linter can be disabled with `set_option linter.unusedTactic false`
warning: ZhangLS/Spec/RiemannZetaCriticalLineBound.lean:242:12: this tactic is never executed

Note: This linter can be disabled with `set_option linter.unreachableTactic false`
warning: ZhangLS/Spec/RiemannZetaCriticalLineBound.lean:219:41: Used `tac1 <;> tac2` where `(tac1; tac2)` would suffice

Note: This linter can be disabled with `set_option linter.unnecessarySeqFocus false`
warning: ZhangLS/Spec/RiemannZetaCriticalLineBound.lean:303:8: 'ring' tactic does nothing

Note: This linter can be disabled with `set_option linter.unusedTactic false`
warning: ZhangLS/Spec/RiemannZetaCriticalLineBound.lean:303:8: this tactic is never executed

Note: This linter can be disabled with `set_option linter.unreachableTactic false`
warning: ZhangLS/Spec/RiemannZetaCriticalLineBound.lean:394:12: This simp argument is unused:
  norm_div

Hint: Omit it from the simp argument list.
  simp ̵[̵n̵o̵r̵m̵_̵d̵i̵v̵]̵

Note: This linter can be disabled with `set_option linter.unusedSimpArgs false`
warning: ZhangLS/Spec/RiemannZetaCriticalLineBound.lean:475:75: This simp argument is unused:
  norm_div

Hint: Omit it from the simp argument list.
  simp ̵[̵n̵o̵r̵m̵_̵d̵i̵v̵]̵

Note: This linter can be disabled with `set_option linter.unusedSimpArgs false`
⚠ [3500/3670] Replayed ZhangLS.Spec.Lemma57CriticalStripGrowth
warning: ZhangLS/Spec/Lemma57CriticalStripGrowth.lean:270:14: This simp argument is unused:
  norm_div

Hint: Omit it from the simp argument list.
  simp ̵[̵n̵o̵r̵m̵_̵d̵i̵v̵]̵

Note: This linter can be disabled with `set_option linter.unusedSimpArgs false`
⚠ [3507/3670] Replayed ZhangLS.Spec.Lemma23DirichletConjugation
warning: ZhangLS/Spec/Lemma23DirichletConjugation.lean:23:0: automatically included section variable(s) unused in theorem `ZhangLS.Spec.dirichletLSeries_inv_eq_conj_at_conj`:
  [NeZero N]
consider restructuring your `variable` declarations so that the variables are not in scope or explicitly omit them:
  omit [NeZero N] in theorem ...

Note: This linter can be disabled with `set_option linter.unusedSectionVars false`
⚠ [3509/3670] Replayed ZhangLS.Spec.Lemma23PrimitiveGaussSum
warning: ZhangLS/Spec/Lemma23PrimitiveGaussSum.lean:42:19: Used `tac1 <;> tac2` where `(tac1; tac2)` would suffice

Note: This linter can be disabled with `set_option linter.unnecessarySeqFocus false`
⚠ [3510/3670] Replayed ZhangLS.Spec.Lemma23DirichletUnitModulus
warning: ZhangLS/Spec/Lemma23DirichletUnitModulus.lean:112:48: Used `tac1 <;> tac2` where `(tac1; tac2)` would suffice

Note: This linter can be disabled with `set_option linter.unnecessarySeqFocus false`
⚠ [3647/3670] Replayed ZhangLS.Spec.Lemma44ProductMellin
warning: ZhangLS/Spec/Lemma44ProductMellin.lean:144:4: try 'simp' instead of 'simpa'

Note: This linter can be disabled with `set_option linter.unnecessarySimpa false`
⚠ [3651/3670] Replayed ZhangLS.Spec.Lemma44RightMellinApproximation
warning: ZhangLS/Spec/Lemma44RightMellinApproximation.lean:37:4: try 'simp' instead of 'simpa'

Note: This linter can be disabled with `set_option linter.unnecessarySimpa false`
⚠ [3655/3670] Replayed ZhangLS.Spec.Lemma44ReflectedLongSum
warning: ZhangLS/Spec/Lemma44ReflectedLongSum.lean:81:64: Used `tac1 <;> tac2` where `(tac1; tac2)` would suffice

Note: This linter can be disabled with `set_option linter.unnecessarySeqFocus false`
⚠ [3658/3670] Replayed ZhangLS.Spec.Lemma44InitialLeftEstimates
warning: ZhangLS/Spec/Lemma44InitialLeftEstimates.lean:68:23: Used `tac1 <;> tac2` where `(tac1; tac2)` would suffice

Note: This linter can be disabled with `set_option linter.unnecessarySeqFocus false`
⚠ [3661/3670] Replayed ZhangLS.Spec.Lemma44ComplexCharacterAbel
warning: ZhangLS/Spec/Lemma44ComplexCharacterAbel.lean:73:56: unused variable `hD`

Note: This linter can be disabled with `set_option linter.unusedVariables false`
⚠ [3662/3670] Replayed ZhangLS.Spec.Lemma44HorizontalGrowth
warning: ZhangLS/Spec/Lemma44HorizontalGrowth.lean:147:6: 'push_cast' tactic does nothing

Note: This linter can be disabled with `set_option linter.unusedTactic false`
⚠ [3664/3670] Replayed ZhangLS.Spec.Lemma44GaussianVerticalTail
info: ZhangLS/Spec/Lemma44GaussianVerticalTail.lean:41:4: Try this:
  [apply] ring_nf
  
  The `ring` tactic failed to close the goal. Use `ring_nf` to obtain a normal form.
    
  Note that `ring` works primarily in *commutative* rings. If you have a noncommutative ring, abelian group or module, consider using `noncomm_ring`, `abel` or `module` instead.
info: ZhangLS/Spec/Lemma44GaussianVerticalTail.lean:57:16: Try this:
  [apply] ring_nf
  
  The `ring` tactic failed to close the goal. Use `ring_nf` to obtain a normal form.
    
  Note that `ring` works primarily in *commutative* rings. If you have a noncommutative ring, abelian group or module, consider using `noncomm_ring`, `abel` or `module` instead.
warning: ZhangLS/Spec/Lemma44GaussianVerticalTail.lean:57:12: Used `tac1 <;> tac2` where `(tac1; tac2)` would suffice

Note: This linter can be disabled with `set_option linter.unnecessarySeqFocus false`
warning: ZhangLS/Spec/Lemma44GaussianVerticalTail.lean:68:22: Used `tac1 <;> tac2` where `(tac1; tac2)` would suffice

Note: This linter can be disabled with `set_option linter.unnecessarySeqFocus false`
info: ZhangLS/Spec/Lemma44GaussianVerticalTail.lean:153:35: Try this:
  [apply] ring_nf
  
  The `ring` tactic failed to close the goal. Use `ring_nf` to obtain a normal form.
    
  Note that `ring` works primarily in *commutative* rings. If you have a noncommutative ring, abelian group or module, consider using `noncomm_ring`, `abel` or `module` instead.
⚠ [3665/3670] Replayed ZhangLS.Spec.Lemma44LocalRectangle
warning: ZhangLS/Spec/Lemma44LocalRectangle.lean:115:46: This simp argument is unused:
  zero_mul

Hint: Omit it from the simp argument list.
  simp only [mem_reProdIm, mem_Icc, sub_re, sub_im, ofReal_re, ofReal_im, mul_re, mul_im, I_re,
  ̲  ̲ ̲ ̲ ̲ ̲ ̲ ̲I_im, mul_zero, z̵e̵r̵o̵_̵m̵u̵l̵,̵ ̵mul_one, zero_add, sub_zero]

Note: This linter can be disabled with `set_option linter.unusedSimpArgs false`
warning: ZhangLS/Spec/Lemma44LocalRectangle.lean:115:65: This simp argument is unused:
  zero_add

Hint: Omit it from the simp argument list.
  simp only [mem_reProdIm, mem_Icc, sub_re, sub_im, ofReal_re, ofReal_im, mul_re, mul_im, I_re,
  ̲  ̲ ̲ ̲ ̲ ̲ ̲ ̲I_im, mul_zero, zero_mul, mul_one, z̵e̵r̵o̵_̵a̵d̵d̵,̵ ̵sub_zero]

Note: This linter can be disabled with `set_option linter.unusedSimpArgs false`
⚠ [3668/3670] Replayed ZhangLS.Spec.Lemma44HorizontalIntegrals
warning: ZhangLS/Spec/Lemma44HorizontalIntegrals.lean:18:5: unused variable `hK`

Note: This linter can be disabled with `set_option linter.unusedVariables false`
⚠ [3669/3670] Replayed ZhangLS.Spec.Lemma44ReflectedPolynomialContours
warning: ZhangLS/Spec/Lemma44ReflectedPolynomialContours.lean:152:64: This simp argument is unused:
  mul_left_comm

Hint: Omit it from the simp argument list.
  simp only [sub_eq_add_neg, add_comm, add_left_comm, mul_comm, mul_l̵e̵f̵t̵_̵c̵o̵m̵m̵,̵ ̵m̵u̵l̵_̵assoc] at hc ⊢

Note: This linter can be disabled with `set_option linter.unusedSimpArgs false`
warning: ZhangLS/Spec/Lemma44ReflectedPolynomialContours.lean:152:79: This simp argument is unused:
  mul_assoc

Hint: Omit it from the simp argument list.
  simp only [sub_eq_add_neg, add_comm, add_left_comm, mul_comm, mul_left_comm,̵ ̵m̵u̵l̵_̵a̵s̵s̵o̵c̵] at hc ⊢

Note: This linter can be disabled with `set_option linter.unusedSimpArgs false`
Build completed successfully (3670 jobs).
== kernel-check ZhangLS/Spec/Lemma44LocalRectangle.lean ==
⚠ [1279/1397] Replayed ZhangLS.Spec.RealDirichletCharacter
warning: ZhangLS/Spec/RealDirichletCharacter.lean:48:4: try 'simp' instead of 'simpa'

Note: This linter can be disabled with `set_option linter.unnecessarySimpa false`
⚠ [1280/1397] Replayed ZhangLS.Spec.Lemma44CharacterProduct
warning: ZhangLS/Spec/Lemma44CharacterProduct.lean:55:38: This simp argument is unused:
  mul_comm

Hint: Omit it from the simp argument list.
  simp [̵m̵u̵l̵_̵c̵o̵m̵m̵,̵ ̵m̵u̵l̵_̵l̵e̵f̵t̵_̵c̵o̵m̵m̵,̵[̲m̲u̲l̲_̲l̲e̲f̲t̲_̲c̲o̲m̲m̲,̲ mul_assoc]

Note: This linter can be disabled with `set_option linter.unusedSimpArgs false`
warning: ZhangLS/Spec/Lemma44CharacterProduct.lean:55:48: This simp argument is unused:
  mul_left_comm

Hint: Omit it from the simp argument list.
  simp [mul_comm, mul_l̵e̵f̵t̵_̵c̵o̵m̵m̵,̵ ̵m̵u̵l̵_̵assoc]

Note: This linter can be disabled with `set_option linter.unusedSimpArgs false`
⚠ [2474/2723] Replayed ZhangLS.Spec.Lemma23AnalyticLogBranch
warning: ZhangLS/Spec/Lemma23AnalyticLogBranch.lean:42:53: try 'simp' instead of 'simpa'

Note: This linter can be disabled with `set_option linter.unnecessarySimpa false`
warning: ZhangLS/Spec/Lemma23AnalyticLogBranch.lean:67:44: try 'simp' instead of 'simpa'

Note: This linter can be disabled with `set_option linter.unnecessarySimpa false`
⚠ [3462/3655] Replayed ZhangLS.Spec.RealAxisAtOne
warning: ZhangLS/Spec/RealAxisAtOne.lean:56:4: try 'simp' instead of 'simpa'

Note: This linter can be disabled with `set_option linter.unnecessarySimpa false`
⚠ [3464/3655] Replayed ZhangLS.Spec.Lemma57
warning: ZhangLS/Spec/Lemma57.lean:101:58: unused variable `hD`

Note: This linter can be disabled with `set_option linter.unusedVariables false`
warning: ZhangLS/Spec/Lemma57.lean:102:7: unused variable `hA`

Note: This linter can be disabled with `set_option linter.unusedVariables false`
⚠ [3465/3655] Replayed ZhangLS.Spec.Lemma57Arithmetic
warning: ZhangLS/Spec/Lemma57Arithmetic.lean:55:15: unused variable `hc_g`

Note: This linter can be disabled with `set_option linter.unusedVariables false`
⚠ [3470/3655] Replayed ZhangLS.Spec.Lemma57SmoothedSum
warning: ZhangLS/Spec/Lemma57SmoothedSum.lean:42:46: unused variable `hD`

Note: This linter can be disabled with `set_option linter.unusedVariables false`
⚠ [3479/3655] Replayed ZhangLS.Spec.Lemma57GaussianGlobal
warning: ZhangLS/Spec/Lemma57GaussianGlobal.lean:55:58: unused variable `ha`

Note: This linter can be disabled with `set_option linter.unusedVariables false`
warning: ZhangLS/Spec/Lemma57GaussianGlobal.lean:241:13: unused variable `hD`

Note: This linter can be disabled with `set_option linter.unusedVariables false`
warning: ZhangLS/Spec/Lemma57GaussianGlobal.lean:241:34: unused variable `hx`

Note: This linter can be disabled with `set_option linter.unusedVariables false`
⚠ [3480/3655] Replayed ZhangLS.Spec.Lemma57SmoothedSummability
warning: ZhangLS/Spec/Lemma57SmoothedSummability.lean:20:52: unused variable `hn`

Note: This linter can be disabled with `set_option linter.unusedVariables false`
⚠ [3485/3655] Replayed ZhangLS.Spec.Lemma57GaussianMellinTransform
warning: ZhangLS/Spec/Lemma57GaussianMellinTransform.lean:67:63: Used `tac1 <;> tac2` where `(tac1; tac2)` would suffice

Note: This linter can be disabled with `set_option linter.unnecessarySeqFocus false`
warning: ZhangLS/Spec/Lemma57GaussianMellinTransform.lean:145:54: Used `tac1 <;> tac2` where `(tac1; tac2)` would suffice

Note: This linter can be disabled with `set_option linter.unnecessarySeqFocus false`
warning: ZhangLS/Spec/Lemma57GaussianMellinTransform.lean:326:4: Try `simp at hs` instead of `simpa using hs`

Note: This linter can be disabled with `set_option linter.unnecessarySimpa false`
⚠ [3499/3655] Replayed ZhangLS.Spec.RiemannZetaCriticalLineBound
warning: ZhangLS/Spec/RiemannZetaCriticalLineBound.lean:99:2: Used `tac1 <;> tac2` where `(tac1; tac2)` would suffice

Note: This linter can be disabled with `set_option linter.unnecessarySeqFocus false`
warning: ZhangLS/Spec/RiemannZetaCriticalLineBound.lean:124:13: unused variable `hs`

Note: This linter can be disabled with `set_option linter.unusedVariables false`
warning: ZhangLS/Spec/RiemannZetaCriticalLineBound.lean:152:6: unused variable `n`

Note: This linter can be disabled with `set_option linter.unusedVariables false`
warning: ZhangLS/Spec/RiemannZetaCriticalLineBound.lean:156:20: unused variable `k`

Note: This linter can be disabled with `set_option linter.unusedVariables false`
warning: ZhangLS/Spec/RiemannZetaCriticalLineBound.lean:161:8: This simp argument is unused:
  sum_one_Icc

Hint: Omit it from the simp argument list.
  simp ̵[̵s̵u̵m̵_̵o̵n̵e̵_̵I̵c̵c̵]̵

Note: This linter can be disabled with `set_option linter.unusedSimpArgs false`
warning: ZhangLS/Spec/RiemannZetaCriticalLineBound.lean:242:12: 'ring' tactic does nothing

Note: This linter can be disabled with `set_option linter.unusedTactic false`
warning: ZhangLS/Spec/RiemannZetaCriticalLineBound.lean:242:12: this tactic is never executed

Note: This linter can be disabled with `set_option linter.unreachableTactic false`
warning: ZhangLS/Spec/RiemannZetaCriticalLineBound.lean:219:41: Used `tac1 <;> tac2` where `(tac1; tac2)` would suffice

Note: This linter can be disabled with `set_option linter.unnecessarySeqFocus false`
warning: ZhangLS/Spec/RiemannZetaCriticalLineBound.lean:303:8: 'ring' tactic does nothing

Note: This linter can be disabled with `set_option linter.unusedTactic false`
warning: ZhangLS/Spec/RiemannZetaCriticalLineBound.lean:303:8: this tactic is never executed

Note: This linter can be disabled with `set_option linter.unreachableTactic false`
warning: ZhangLS/Spec/RiemannZetaCriticalLineBound.lean:394:12: This simp argument is unused:
  norm_div

Hint: Omit it from the simp argument list.
  simp ̵[̵n̵o̵r̵m̵_̵d̵i̵v̵]̵

Note: This linter can be disabled with `set_option linter.unusedSimpArgs false`
warning: ZhangLS/Spec/RiemannZetaCriticalLineBound.lean:475:75: This simp argument is unused:
  norm_div

Hint: Omit it from the simp argument list.
  simp ̵[̵n̵o̵r̵m̵_̵d̵i̵v̵]̵

Note: This linter can be disabled with `set_option linter.unusedSimpArgs false`
⚠ [3500/3655] Replayed ZhangLS.Spec.Lemma57CriticalStripGrowth
warning: ZhangLS/Spec/Lemma57CriticalStripGrowth.lean:270:14: This simp argument is unused:
  norm_div

Hint: Omit it from the simp argument list.
  simp ̵[̵n̵o̵r̵m̵_̵d̵i̵v̵]̵

Note: This linter can be disabled with `set_option linter.unusedSimpArgs false`
⚠ [3507/3655] Replayed ZhangLS.Spec.Lemma23DirichletConjugation
warning: ZhangLS/Spec/Lemma23DirichletConjugation.lean:23:0: automatically included section variable(s) unused in theorem `ZhangLS.Spec.dirichletLSeries_inv_eq_conj_at_conj`:
  [NeZero N]
consider restructuring your `variable` declarations so that the variables are not in scope or explicitly omit them:
  omit [NeZero N] in theorem ...

Note: This linter can be disabled with `set_option linter.unusedSectionVars false`
⚠ [3509/3655] Replayed ZhangLS.Spec.Lemma23PrimitiveGaussSum
warning: ZhangLS/Spec/Lemma23PrimitiveGaussSum.lean:42:19: Used `tac1 <;> tac2` where `(tac1; tac2)` would suffice

Note: This linter can be disabled with `set_option linter.unnecessarySeqFocus false`
⚠ [3510/3655] Replayed ZhangLS.Spec.Lemma23DirichletUnitModulus
warning: ZhangLS/Spec/Lemma23DirichletUnitModulus.lean:112:48: Used `tac1 <;> tac2` where `(tac1; tac2)` would suffice

Note: This linter can be disabled with `set_option linter.unnecessarySeqFocus false`
⚠ [3647/3655] Replayed ZhangLS.Spec.Lemma44ProductMellin
warning: ZhangLS/Spec/Lemma44ProductMellin.lean:144:4: try 'simp' instead of 'simpa'

Note: This linter can be disabled with `set_option linter.unnecessarySimpa false`
⚠ [3651/3655] Replayed ZhangLS.Spec.Lemma44RightMellinApproximation
warning: ZhangLS/Spec/Lemma44RightMellinApproximation.lean:37:4: try 'simp' instead of 'simpa'

Note: This linter can be disabled with `set_option linter.unnecessarySimpa false`
⚠ [3655/3655] Replayed ZhangLS.Spec.Lemma44LocalRectangle
warning: ZhangLS/Spec/Lemma44LocalRectangle.lean:115:46: This simp argument is unused:
  zero_mul

Hint: Omit it from the simp argument list.
  simp only [mem_reProdIm, mem_Icc, sub_re, sub_im, ofReal_re, ofReal_im, mul_re, mul_im, I_re,
  ̲  ̲ ̲ ̲ ̲ ̲ ̲ ̲I_im, mul_zero, z̵e̵r̵o̵_̵m̵u̵l̵,̵ ̵mul_one, zero_add, sub_zero]

Note: This linter can be disabled with `set_option linter.unusedSimpArgs false`
warning: ZhangLS/Spec/Lemma44LocalRectangle.lean:115:65: This simp argument is unused:
  zero_add

Hint: Omit it from the simp argument list.
  simp only [mem_reProdIm, mem_Icc, sub_re, sub_im, ofReal_re, ofReal_im, mul_re, mul_im, I_re,
  ̲  ̲ ̲ ̲ ̲ ̲ ̲ ̲I_im, mul_zero, zero_mul, mul_one, z̵e̵r̵o̵_̵a̵d̵d̵,̵ ̵sub_zero]

Note: This linter can be disabled with `set_option linter.unusedSimpArgs false`
Build completed successfully (3655 jobs).
ZhangLS/Spec/Lemma44LocalRectangle.lean:115:46: warning: This simp argument is unused:
  zero_mul

Hint: Omit it from the simp argument list.
  simp only [mem_reProdIm, mem_Icc, sub_re, sub_im, ofReal_re, ofReal_im, mul_re, mul_im, I_re,
  ̲  ̲ ̲ ̲ ̲ ̲ ̲ ̲I_im, mul_zero, z̵e̵r̵o̵_̵m̵u̵l̵,̵ ̵mul_one, zero_add, sub_zero]

Note: This linter can be disabled with `set_option linter.unusedSimpArgs false`
ZhangLS/Spec/Lemma44LocalRectangle.lean:115:65: warning: This simp argument is unused:
  zero_add

Hint: Omit it from the simp argument list.
  simp only [mem_reProdIm, mem_Icc, sub_re, sub_im, ofReal_re, ofReal_im, mul_re, mul_im, I_re,
  ̲  ̲ ̲ ̲ ̲ ̲ ̲ ̲I_im, mul_zero, zero_mul, mul_one, z̵e̵r̵o̵_̵a̵d̵d̵,̵ ̵sub_zero]

Note: This linter can be disabled with `set_option linter.unusedSimpArgs false`
== kernel-check ZhangLS/Spec/Lemma44LongSum.lean ==
⚠ [1279/1406] Replayed ZhangLS.Spec.RealDirichletCharacter
warning: ZhangLS/Spec/RealDirichletCharacter.lean:48:4: try 'simp' instead of 'simpa'

Note: This linter can be disabled with `set_option linter.unnecessarySimpa false`
Build completed successfully (3518 jobs).
== kernel-check ZhangLS/Spec/Lemma44MiddleContour.lean ==
⚠ [1279/1417] Replayed ZhangLS.Spec.RealDirichletCharacter
warning: ZhangLS/Spec/RealDirichletCharacter.lean:48:4: try 'simp' instead of 'simpa'

Note: This linter can be disabled with `set_option linter.unnecessarySimpa false`
⚠ [1280/1417] Replayed ZhangLS.Spec.Lemma44CharacterProduct
warning: ZhangLS/Spec/Lemma44CharacterProduct.lean:55:38: This simp argument is unused:
  mul_comm

Hint: Omit it from the simp argument list.
  simp [̵m̵u̵l̵_̵c̵o̵m̵m̵,̵ ̵m̵u̵l̵_̵l̵e̵f̵t̵_̵c̵o̵m̵m̵,̵[̲m̲u̲l̲_̲l̲e̲f̲t̲_̲c̲o̲m̲m̲,̲ mul_assoc]

Note: This linter can be disabled with `set_option linter.unusedSimpArgs false`
warning: ZhangLS/Spec/Lemma44CharacterProduct.lean:55:48: This simp argument is unused:
  mul_left_comm

Hint: Omit it from the simp argument list.
  simp [mul_comm, mul_l̵e̵f̵t̵_̵c̵o̵m̵m̵,̵ ̵m̵u̵l̵_̵assoc]

Note: This linter can be disabled with `set_option linter.unusedSimpArgs false`
⚠ [2474/2722] Replayed ZhangLS.Spec.Lemma23AnalyticLogBranch
warning: ZhangLS/Spec/Lemma23AnalyticLogBranch.lean:42:53: try 'simp' instead of 'simpa'

Note: This linter can be disabled with `set_option linter.unnecessarySimpa false`
warning: ZhangLS/Spec/Lemma23AnalyticLogBranch.lean:67:44: try 'simp' instead of 'simpa'

Note: This linter can be disabled with `set_option linter.unnecessarySimpa false`
⚠ [3462/3648] Replayed ZhangLS.Spec.RealAxisAtOne
warning: ZhangLS/Spec/RealAxisAtOne.lean:56:4: try 'simp' instead of 'simpa'

Note: This linter can be disabled with `set_option linter.unnecessarySimpa false`
⚠ [3464/3648] Replayed ZhangLS.Spec.Lemma57
warning: ZhangLS/Spec/Lemma57.lean:101:58: unused variable `hD`

Note: This linter can be disabled with `set_option linter.unusedVariables false`
warning: ZhangLS/Spec/Lemma57.lean:102:7: unused variable `hA`

Note: This linter can be disabled with `set_option linter.unusedVariables false`
⚠ [3465/3648] Replayed ZhangLS.Spec.Lemma57Arithmetic
warning: ZhangLS/Spec/Lemma57Arithmetic.lean:55:15: unused variable `hc_g`

Note: This linter can be disabled with `set_option linter.unusedVariables false`
⚠ [3470/3648] Replayed ZhangLS.Spec.Lemma57SmoothedSum
warning: ZhangLS/Spec/Lemma57SmoothedSum.lean:42:46: unused variable `hD`

Note: This linter can be disabled with `set_option linter.unusedVariables false`
⚠ [3479/3648] Replayed ZhangLS.Spec.Lemma57GaussianGlobal
warning: ZhangLS/Spec/Lemma57GaussianGlobal.lean:55:58: unused variable `ha`

Note: This linter can be disabled with `set_option linter.unusedVariables false`
warning: ZhangLS/Spec/Lemma57GaussianGlobal.lean:241:13: unused variable `hD`

Note: This linter can be disabled with `set_option linter.unusedVariables false`
warning: ZhangLS/Spec/Lemma57GaussianGlobal.lean:241:34: unused variable `hx`

Note: This linter can be disabled with `set_option linter.unusedVariables false`
⚠ [3480/3648] Replayed ZhangLS.Spec.Lemma57SmoothedSummability
warning: ZhangLS/Spec/Lemma57SmoothedSummability.lean:20:52: unused variable `hn`

Note: This linter can be disabled with `set_option linter.unusedVariables false`
⚠ [3485/3648] Replayed ZhangLS.Spec.Lemma57GaussianMellinTransform
warning: ZhangLS/Spec/Lemma57GaussianMellinTransform.lean:67:63: Used `tac1 <;> tac2` where `(tac1; tac2)` would suffice

Note: This linter can be disabled with `set_option linter.unnecessarySeqFocus false`
warning: ZhangLS/Spec/Lemma57GaussianMellinTransform.lean:145:54: Used `tac1 <;> tac2` where `(tac1; tac2)` would suffice

Note: This linter can be disabled with `set_option linter.unnecessarySeqFocus false`
warning: ZhangLS/Spec/Lemma57GaussianMellinTransform.lean:326:4: Try `simp at hs` instead of `simpa using hs`

Note: This linter can be disabled with `set_option linter.unnecessarySimpa false`
⚠ [3499/3648] Replayed ZhangLS.Spec.RiemannZetaCriticalLineBound
warning: ZhangLS/Spec/RiemannZetaCriticalLineBound.lean:99:2: Used `tac1 <;> tac2` where `(tac1; tac2)` would suffice

Note: This linter can be disabled with `set_option linter.unnecessarySeqFocus false`
warning: ZhangLS/Spec/RiemannZetaCriticalLineBound.lean:124:13: unused variable `hs`

Note: This linter can be disabled with `set_option linter.unusedVariables false`
warning: ZhangLS/Spec/RiemannZetaCriticalLineBound.lean:152:6: unused variable `n`

Note: This linter can be disabled with `set_option linter.unusedVariables false`
warning: ZhangLS/Spec/RiemannZetaCriticalLineBound.lean:156:20: unused variable `k`

Note: This linter can be disabled with `set_option linter.unusedVariables false`
warning: ZhangLS/Spec/RiemannZetaCriticalLineBound.lean:161:8: This simp argument is unused:
  sum_one_Icc

Hint: Omit it from the simp argument list.
  simp ̵[̵s̵u̵m̵_̵o̵n̵e̵_̵I̵c̵c̵]̵

Note: This linter can be disabled with `set_option linter.unusedSimpArgs false`
warning: ZhangLS/Spec/RiemannZetaCriticalLineBound.lean:242:12: 'ring' tactic does nothing

Note: This linter can be disabled with `set_option linter.unusedTactic false`
warning: ZhangLS/Spec/RiemannZetaCriticalLineBound.lean:242:12: this tactic is never executed

Note: This linter can be disabled with `set_option linter.unreachableTactic false`
warning: ZhangLS/Spec/RiemannZetaCriticalLineBound.lean:219:41: Used `tac1 <;> tac2` where `(tac1; tac2)` would suffice

Note: This linter can be disabled with `set_option linter.unnecessarySeqFocus false`
warning: ZhangLS/Spec/RiemannZetaCriticalLineBound.lean:303:8: 'ring' tactic does nothing

Note: This linter can be disabled with `set_option linter.unusedTactic false`
warning: ZhangLS/Spec/RiemannZetaCriticalLineBound.lean:303:8: this tactic is never executed

Note: This linter can be disabled with `set_option linter.unreachableTactic false`
warning: ZhangLS/Spec/RiemannZetaCriticalLineBound.lean:394:12: This simp argument is unused:
  norm_div

Hint: Omit it from the simp argument list.
  simp ̵[̵n̵o̵r̵m̵_̵d̵i̵v̵]̵

Note: This linter can be disabled with `set_option linter.unusedSimpArgs false`
warning: ZhangLS/Spec/RiemannZetaCriticalLineBound.lean:475:75: This simp argument is unused:
  norm_div

Hint: Omit it from the simp argument list.
  simp ̵[̵n̵o̵r̵m̵_̵d̵i̵v̵]̵

Note: This linter can be disabled with `set_option linter.unusedSimpArgs false`
⚠ [3500/3648] Replayed ZhangLS.Spec.Lemma57CriticalStripGrowth
warning: ZhangLS/Spec/Lemma57CriticalStripGrowth.lean:270:14: This simp argument is unused:
  norm_div

Hint: Omit it from the simp argument list.
  simp ̵[̵n̵o̵r̵m̵_̵d̵i̵v̵]̵

Note: This linter can be disabled with `set_option linter.unusedSimpArgs false`
⚠ [3507/3648] Replayed ZhangLS.Spec.Lemma23DirichletConjugation
warning: ZhangLS/Spec/Lemma23DirichletConjugation.lean:23:0: automatically included section variable(s) unused in theorem `ZhangLS.Spec.dirichletLSeries_inv_eq_conj_at_conj`:
  [NeZero N]
consider restructuring your `variable` declarations so that the variables are not in scope or explicitly omit them:
  omit [NeZero N] in theorem ...

Note: This linter can be disabled with `set_option linter.unusedSectionVars false`
⚠ [3509/3648] Replayed ZhangLS.Spec.Lemma23PrimitiveGaussSum
warning: ZhangLS/Spec/Lemma23PrimitiveGaussSum.lean:42:19: Used `tac1 <;> tac2` where `(tac1; tac2)` would suffice

Note: This linter can be disabled with `set_option linter.unnecessarySeqFocus false`
⚠ [3510/3648] Replayed ZhangLS.Spec.Lemma23DirichletUnitModulus
warning: ZhangLS/Spec/Lemma23DirichletUnitModulus.lean:112:48: Used `tac1 <;> tac2` where `(tac1; tac2)` would suffice

Note: This linter can be disabled with `set_option linter.unnecessarySeqFocus false`
⚠ [3646/3648] Replayed ZhangLS.Spec.Lemma44ReflectedLongSum
warning: ZhangLS/Spec/Lemma44ReflectedLongSum.lean:81:64: Used `tac1 <;> tac2` where `(tac1; tac2)` would suffice

Note: This linter can be disabled with `set_option linter.unnecessarySeqFocus false`
Build completed successfully (3648 jobs).
== kernel-check ZhangLS/Spec/Lemma44ModulusControl.lean ==
⚠ [1279/1451] Replayed ZhangLS.Spec.RealDirichletCharacter
warning: ZhangLS/Spec/RealDirichletCharacter.lean:48:4: try 'simp' instead of 'simpa'

Note: This linter can be disabled with `set_option linter.unnecessarySimpa false`
⚠ [1280/1451] Replayed ZhangLS.Spec.Lemma44CharacterProduct
warning: ZhangLS/Spec/Lemma44CharacterProduct.lean:55:38: This simp argument is unused:
  mul_comm

Hint: Omit it from the simp argument list.
  simp [̵m̵u̵l̵_̵c̵o̵m̵m̵,̵ ̵m̵u̵l̵_̵l̵e̵f̵t̵_̵c̵o̵m̵m̵,̵[̲m̲u̲l̲_̲l̲e̲f̲t̲_̲c̲o̲m̲m̲,̲ mul_assoc]

Note: This linter can be disabled with `set_option linter.unusedSimpArgs false`
warning: ZhangLS/Spec/Lemma44CharacterProduct.lean:55:48: This simp argument is unused:
  mul_left_comm

Hint: Omit it from the simp argument list.
  simp [mul_comm, mul_l̵e̵f̵t̵_̵c̵o̵m̵m̵,̵ ̵m̵u̵l̵_̵assoc]

Note: This linter can be disabled with `set_option linter.unusedSimpArgs false`
⚠ [2474/2755] Replayed ZhangLS.Spec.Lemma23AnalyticLogBranch
warning: ZhangLS/Spec/Lemma23AnalyticLogBranch.lean:42:53: try 'simp' instead of 'simpa'

Note: This linter can be disabled with `set_option linter.unnecessarySimpa false`
warning: ZhangLS/Spec/Lemma23AnalyticLogBranch.lean:67:44: try 'simp' instead of 'simpa'

Note: This linter can be disabled with `set_option linter.unnecessarySimpa false`
⚠ [3462/3645] Replayed ZhangLS.Spec.RealAxisAtOne
warning: ZhangLS/Spec/RealAxisAtOne.lean:56:4: try 'simp' instead of 'simpa'

Note: This linter can be disabled with `set_option linter.unnecessarySimpa false`
⚠ [3464/3645] Replayed ZhangLS.Spec.Lemma57
warning: ZhangLS/Spec/Lemma57.lean:101:58: unused variable `hD`

Note: This linter can be disabled with `set_option linter.unusedVariables false`
warning: ZhangLS/Spec/Lemma57.lean:102:7: unused variable `hA`

Note: This linter can be disabled with `set_option linter.unusedVariables false`
⚠ [3465/3645] Replayed ZhangLS.Spec.Lemma57Arithmetic
warning: ZhangLS/Spec/Lemma57Arithmetic.lean:55:15: unused variable `hc_g`

Note: This linter can be disabled with `set_option linter.unusedVariables false`
⚠ [3470/3645] Replayed ZhangLS.Spec.Lemma57SmoothedSum
warning: ZhangLS/Spec/Lemma57SmoothedSum.lean:42:46: unused variable `hD`

Note: This linter can be disabled with `set_option linter.unusedVariables false`
⚠ [3479/3645] Replayed ZhangLS.Spec.Lemma57GaussianGlobal
warning: ZhangLS/Spec/Lemma57GaussianGlobal.lean:55:58: unused variable `ha`

Note: This linter can be disabled with `set_option linter.unusedVariables false`
warning: ZhangLS/Spec/Lemma57GaussianGlobal.lean:241:13: unused variable `hD`

Note: This linter can be disabled with `set_option linter.unusedVariables false`
warning: ZhangLS/Spec/Lemma57GaussianGlobal.lean:241:34: unused variable `hx`

Note: This linter can be disabled with `set_option linter.unusedVariables false`
⚠ [3480/3645] Replayed ZhangLS.Spec.Lemma57SmoothedSummability
warning: ZhangLS/Spec/Lemma57SmoothedSummability.lean:20:52: unused variable `hn`

Note: This linter can be disabled with `set_option linter.unusedVariables false`
⚠ [3485/3645] Replayed ZhangLS.Spec.Lemma57GaussianMellinTransform
warning: ZhangLS/Spec/Lemma57GaussianMellinTransform.lean:67:63: Used `tac1 <;> tac2` where `(tac1; tac2)` would suffice

Note: This linter can be disabled with `set_option linter.unnecessarySeqFocus false`
warning: ZhangLS/Spec/Lemma57GaussianMellinTransform.lean:145:54: Used `tac1 <;> tac2` where `(tac1; tac2)` would suffice

Note: This linter can be disabled with `set_option linter.unnecessarySeqFocus false`
warning: ZhangLS/Spec/Lemma57GaussianMellinTransform.lean:326:4: Try `simp at hs` instead of `simpa using hs`

Note: This linter can be disabled with `set_option linter.unnecessarySimpa false`
⚠ [3499/3645] Replayed ZhangLS.Spec.RiemannZetaCriticalLineBound
warning: ZhangLS/Spec/RiemannZetaCriticalLineBound.lean:99:2: Used `tac1 <;> tac2` where `(tac1; tac2)` would suffice

Note: This linter can be disabled with `set_option linter.unnecessarySeqFocus false`
warning: ZhangLS/Spec/RiemannZetaCriticalLineBound.lean:124:13: unused variable `hs`

Note: This linter can be disabled with `set_option linter.unusedVariables false`
warning: ZhangLS/Spec/RiemannZetaCriticalLineBound.lean:152:6: unused variable `n`

Note: This linter can be disabled with `set_option linter.unusedVariables false`
warning: ZhangLS/Spec/RiemannZetaCriticalLineBound.lean:156:20: unused variable `k`

Note: This linter can be disabled with `set_option linter.unusedVariables false`
warning: ZhangLS/Spec/RiemannZetaCriticalLineBound.lean:161:8: This simp argument is unused:
  sum_one_Icc

Hint: Omit it from the simp argument list.
  simp ̵[̵s̵u̵m̵_̵o̵n̵e̵_̵I̵c̵c̵]̵

Note: This linter can be disabled with `set_option linter.unusedSimpArgs false`
warning: ZhangLS/Spec/RiemannZetaCriticalLineBound.lean:242:12: 'ring' tactic does nothing

Note: This linter can be disabled with `set_option linter.unusedTactic false`
warning: ZhangLS/Spec/RiemannZetaCriticalLineBound.lean:242:12: this tactic is never executed

Note: This linter can be disabled with `set_option linter.unreachableTactic false`
warning: ZhangLS/Spec/RiemannZetaCriticalLineBound.lean:219:41: Used `tac1 <;> tac2` where `(tac1; tac2)` would suffice

Note: This linter can be disabled with `set_option linter.unnecessarySeqFocus false`
warning: ZhangLS/Spec/RiemannZetaCriticalLineBound.lean:303:8: 'ring' tactic does nothing

Note: This linter can be disabled with `set_option linter.unusedTactic false`
warning: ZhangLS/Spec/RiemannZetaCriticalLineBound.lean:303:8: this tactic is never executed

Note: This linter can be disabled with `set_option linter.unreachableTactic false`
warning: ZhangLS/Spec/RiemannZetaCriticalLineBound.lean:394:12: This simp argument is unused:
  norm_div

Hint: Omit it from the simp argument list.
  simp ̵[̵n̵o̵r̵m̵_̵d̵i̵v̵]̵

Note: This linter can be disabled with `set_option linter.unusedSimpArgs false`
warning: ZhangLS/Spec/RiemannZetaCriticalLineBound.lean:475:75: This simp argument is unused:
  norm_div

Hint: Omit it from the simp argument list.
  simp ̵[̵n̵o̵r̵m̵_̵d̵i̵v̵]̵

Note: This linter can be disabled with `set_option linter.unusedSimpArgs false`
⚠ [3500/3645] Replayed ZhangLS.Spec.Lemma57CriticalStripGrowth
warning: ZhangLS/Spec/Lemma57CriticalStripGrowth.lean:270:14: This simp argument is unused:
  norm_div

Hint: Omit it from the simp argument list.
  simp ̵[̵n̵o̵r̵m̵_̵d̵i̵v̵]̵

Note: This linter can be disabled with `set_option linter.unusedSimpArgs false`
⚠ [3507/3645] Replayed ZhangLS.Spec.Lemma23DirichletConjugation
warning: ZhangLS/Spec/Lemma23DirichletConjugation.lean:23:0: automatically included section variable(s) unused in theorem `ZhangLS.Spec.dirichletLSeries_inv_eq_conj_at_conj`:
  [NeZero N]
consider restructuring your `variable` declarations so that the variables are not in scope or explicitly omit them:
  omit [NeZero N] in theorem ...

Note: This linter can be disabled with `set_option linter.unusedSectionVars false`
⚠ [3509/3645] Replayed ZhangLS.Spec.Lemma23PrimitiveGaussSum
warning: ZhangLS/Spec/Lemma23PrimitiveGaussSum.lean:42:19: Used `tac1 <;> tac2` where `(tac1; tac2)` would suffice

Note: This linter can be disabled with `set_option linter.unnecessarySeqFocus false`
⚠ [3510/3645] Replayed ZhangLS.Spec.Lemma23DirichletUnitModulus
warning: ZhangLS/Spec/Lemma23DirichletUnitModulus.lean:112:48: Used `tac1 <;> tac2` where `(tac1; tac2)` would suffice

Note: This linter can be disabled with `set_option linter.unnecessarySeqFocus false`
Build completed successfully (3645 jobs).
== kernel-check ZhangLS/Spec/Lemma44PolynomialGrowth.lean ==
⚠ [1279/1418] Replayed ZhangLS.Spec.RealDirichletCharacter
warning: ZhangLS/Spec/RealDirichletCharacter.lean:48:4: try 'simp' instead of 'simpa'

Note: This linter can be disabled with `set_option linter.unnecessarySimpa false`
⚠ [3433/3660] Replayed ZhangLS.Spec.Lemma44ComplexCharacterAbel
warning: ZhangLS/Spec/Lemma44ComplexCharacterAbel.lean:73:56: unused variable `hD`

Note: This linter can be disabled with `set_option linter.unusedVariables false`
⚠ [3434/3660] Replayed ZhangLS.Spec.Lemma44CharacterProduct
warning: ZhangLS/Spec/Lemma44CharacterProduct.lean:55:38: This simp argument is unused:
  mul_comm

Hint: Omit it from the simp argument list.
  simp [̵m̵u̵l̵_̵c̵o̵m̵m̵,̵ ̵m̵u̵l̵_̵l̵e̵f̵t̵_̵c̵o̵m̵m̵,̵[̲m̲u̲l̲_̲l̲e̲f̲t̲_̲c̲o̲m̲m̲,̲ mul_assoc]

Note: This linter can be disabled with `set_option linter.unusedSimpArgs false`
warning: ZhangLS/Spec/Lemma44CharacterProduct.lean:55:48: This simp argument is unused:
  mul_left_comm

Hint: Omit it from the simp argument list.
  simp [mul_comm, mul_l̵e̵f̵t̵_̵c̵o̵m̵m̵,̵ ̵m̵u̵l̵_̵assoc]

Note: This linter can be disabled with `set_option linter.unusedSimpArgs false`
⚠ [3459/3660] Replayed ZhangLS.Spec.Lemma23AnalyticLogBranch
warning: ZhangLS/Spec/Lemma23AnalyticLogBranch.lean:42:53: try 'simp' instead of 'simpa'

Note: This linter can be disabled with `set_option linter.unnecessarySimpa false`
warning: ZhangLS/Spec/Lemma23AnalyticLogBranch.lean:67:44: try 'simp' instead of 'simpa'

Note: This linter can be disabled with `set_option linter.unnecessarySimpa false`
⚠ [3471/3660] Replayed ZhangLS.Spec.RealAxisAtOne
warning: ZhangLS/Spec/RealAxisAtOne.lean:56:4: try 'simp' instead of 'simpa'

Note: This linter can be disabled with `set_option linter.unnecessarySimpa false`
⚠ [3473/3660] Replayed ZhangLS.Spec.Lemma57
warning: ZhangLS/Spec/Lemma57.lean:101:58: unused variable `hD`

Note: This linter can be disabled with `set_option linter.unusedVariables false`
warning: ZhangLS/Spec/Lemma57.lean:102:7: unused variable `hA`

Note: This linter can be disabled with `set_option linter.unusedVariables false`
⚠ [3474/3660] Replayed ZhangLS.Spec.Lemma57Arithmetic
warning: ZhangLS/Spec/Lemma57Arithmetic.lean:55:15: unused variable `hc_g`

Note: This linter can be disabled with `set_option linter.unusedVariables false`
⚠ [3479/3660] Replayed ZhangLS.Spec.Lemma57SmoothedSum
warning: ZhangLS/Spec/Lemma57SmoothedSum.lean:42:46: unused variable `hD`

Note: This linter can be disabled with `set_option linter.unusedVariables false`
⚠ [3488/3660] Replayed ZhangLS.Spec.Lemma57GaussianGlobal
warning: ZhangLS/Spec/Lemma57GaussianGlobal.lean:55:58: unused variable `ha`

Note: This linter can be disabled with `set_option linter.unusedVariables false`
warning: ZhangLS/Spec/Lemma57GaussianGlobal.lean:241:13: unused variable `hD`

Note: This linter can be disabled with `set_option linter.unusedVariables false`
warning: ZhangLS/Spec/Lemma57GaussianGlobal.lean:241:34: unused variable `hx`

Note: This linter can be disabled with `set_option linter.unusedVariables false`
⚠ [3489/3660] Replayed ZhangLS.Spec.Lemma57SmoothedSummability
warning: ZhangLS/Spec/Lemma57SmoothedSummability.lean:20:52: unused variable `hn`

Note: This linter can be disabled with `set_option linter.unusedVariables false`
⚠ [3494/3660] Replayed ZhangLS.Spec.Lemma57GaussianMellinTransform
warning: ZhangLS/Spec/Lemma57GaussianMellinTransform.lean:67:63: Used `tac1 <;> tac2` where `(tac1; tac2)` would suffice

Note: This linter can be disabled with `set_option linter.unnecessarySeqFocus false`
warning: ZhangLS/Spec/Lemma57GaussianMellinTransform.lean:145:54: Used `tac1 <;> tac2` where `(tac1; tac2)` would suffice

Note: This linter can be disabled with `set_option linter.unnecessarySeqFocus false`
warning: ZhangLS/Spec/Lemma57GaussianMellinTransform.lean:326:4: Try `simp at hs` instead of `simpa using hs`

Note: This linter can be disabled with `set_option linter.unnecessarySimpa false`
⚠ [3500/3660] Replayed ZhangLS.Spec.RiemannZetaCriticalLineBound
warning: ZhangLS/Spec/RiemannZetaCriticalLineBound.lean:99:2: Used `tac1 <;> tac2` where `(tac1; tac2)` would suffice

Note: This linter can be disabled with `set_option linter.unnecessarySeqFocus false`
warning: ZhangLS/Spec/RiemannZetaCriticalLineBound.lean:124:13: unused variable `hs`

Note: This linter can be disabled with `set_option linter.unusedVariables false`
warning: ZhangLS/Spec/RiemannZetaCriticalLineBound.lean:152:6: unused variable `n`

Note: This linter can be disabled with `set_option linter.unusedVariables false`
warning: ZhangLS/Spec/RiemannZetaCriticalLineBound.lean:156:20: unused variable `k`

Note: This linter can be disabled with `set_option linter.unusedVariables false`
warning: ZhangLS/Spec/RiemannZetaCriticalLineBound.lean:161:8: This simp argument is unused:
  sum_one_Icc

Hint: Omit it from the simp argument list.
  simp ̵[̵s̵u̵m̵_̵o̵n̵e̵_̵I̵c̵c̵]̵

Note: This linter can be disabled with `set_option linter.unusedSimpArgs false`
warning: ZhangLS/Spec/RiemannZetaCriticalLineBound.lean:242:12: 'ring' tactic does nothing

Note: This linter can be disabled with `set_option linter.unusedTactic false`
warning: ZhangLS/Spec/RiemannZetaCriticalLineBound.lean:242:12: this tactic is never executed

Note: This linter can be disabled with `set_option linter.unreachableTactic false`
warning: ZhangLS/Spec/RiemannZetaCriticalLineBound.lean:219:41: Used `tac1 <;> tac2` where `(tac1; tac2)` would suffice

Note: This linter can be disabled with `set_option linter.unnecessarySeqFocus false`
warning: ZhangLS/Spec/RiemannZetaCriticalLineBound.lean:303:8: 'ring' tactic does nothing

Note: This linter can be disabled with `set_option linter.unusedTactic false`
warning: ZhangLS/Spec/RiemannZetaCriticalLineBound.lean:303:8: this tactic is never executed

Note: This linter can be disabled with `set_option linter.unreachableTactic false`
warning: ZhangLS/Spec/RiemannZetaCriticalLineBound.lean:394:12: This simp argument is unused:
  norm_div

Hint: Omit it from the simp argument list.
  simp ̵[̵n̵o̵r̵m̵_̵d̵i̵v̵]̵

Note: This linter can be disabled with `set_option linter.unusedSimpArgs false`
warning: ZhangLS/Spec/RiemannZetaCriticalLineBound.lean:475:75: This simp argument is unused:
  norm_div

Hint: Omit it from the simp argument list.
  simp ̵[̵n̵o̵r̵m̵_̵d̵i̵v̵]̵

Note: This linter can be disabled with `set_option linter.unusedSimpArgs false`
⚠ [3501/3660] Replayed ZhangLS.Spec.Lemma57CriticalStripGrowth
warning: ZhangLS/Spec/Lemma57CriticalStripGrowth.lean:270:14: This simp argument is unused:
  norm_div

Hint: Omit it from the simp argument list.
  simp ̵[̵n̵o̵r̵m̵_̵d̵i̵v̵]̵

Note: This linter can be disabled with `set_option linter.unusedSimpArgs false`
⚠ [3508/3660] Replayed ZhangLS.Spec.Lemma23DirichletConjugation
warning: ZhangLS/Spec/Lemma23DirichletConjugation.lean:23:0: automatically included section variable(s) unused in theorem `ZhangLS.Spec.dirichletLSeries_inv_eq_conj_at_conj`:
  [NeZero N]
consider restructuring your `variable` declarations so that the variables are not in scope or explicitly omit them:
  omit [NeZero N] in theorem ...

Note: This linter can be disabled with `set_option linter.unusedSectionVars false`
⚠ [3510/3660] Replayed ZhangLS.Spec.Lemma23PrimitiveGaussSum
warning: ZhangLS/Spec/Lemma23PrimitiveGaussSum.lean:42:19: Used `tac1 <;> tac2` where `(tac1; tac2)` would suffice

Note: This linter can be disabled with `set_option linter.unnecessarySeqFocus false`
⚠ [3511/3660] Replayed ZhangLS.Spec.Lemma23DirichletUnitModulus
warning: ZhangLS/Spec/Lemma23DirichletUnitModulus.lean:112:48: Used `tac1 <;> tac2` where `(tac1; tac2)` would suffice

Note: This linter can be disabled with `set_option linter.unnecessarySeqFocus false`
⚠ [3648/3660] Replayed ZhangLS.Spec.Lemma44ProductMellin
warning: ZhangLS/Spec/Lemma44ProductMellin.lean:144:4: try 'simp' instead of 'simpa'

Note: This linter can be disabled with `set_option linter.unnecessarySimpa false`
⚠ [3652/3660] Replayed ZhangLS.Spec.Lemma44RightMellinApproximation
warning: ZhangLS/Spec/Lemma44RightMellinApproximation.lean:37:4: try 'simp' instead of 'simpa'

Note: This linter can be disabled with `set_option linter.unnecessarySimpa false`
⚠ [3656/3660] Replayed ZhangLS.Spec.Lemma44ReflectedLongSum
warning: ZhangLS/Spec/Lemma44ReflectedLongSum.lean:81:64: Used `tac1 <;> tac2` where `(tac1; tac2)` would suffice

Note: This linter can be disabled with `set_option linter.unnecessarySeqFocus false`
⚠ [3658/3660] Replayed ZhangLS.Spec.Lemma44InitialLeftEstimates
warning: ZhangLS/Spec/Lemma44InitialLeftEstimates.lean:68:23: Used `tac1 <;> tac2` where `(tac1; tac2)` would suffice

Note: This linter can be disabled with `set_option linter.unnecessarySeqFocus false`
⚠ [3659/3660] Replayed ZhangLS.Spec.Lemma44HorizontalGrowth
warning: ZhangLS/Spec/Lemma44HorizontalGrowth.lean:147:6: 'push_cast' tactic does nothing

Note: This linter can be disabled with `set_option linter.unusedTactic false`
Build completed successfully (3660 jobs).
== kernel-check ZhangLS/Spec/Lemma44ProductDirichletSeries.lean ==
⚠ [1279/1457] Replayed ZhangLS.Spec.RealDirichletCharacter
warning: ZhangLS/Spec/RealDirichletCharacter.lean:48:4: try 'simp' instead of 'simpa'

Note: This linter can be disabled with `set_option linter.unnecessarySimpa false`
⚠ [1280/1457] Replayed ZhangLS.Spec.Lemma44CharacterProduct
warning: ZhangLS/Spec/Lemma44CharacterProduct.lean:55:38: This simp argument is unused:
  mul_comm

Hint: Omit it from the simp argument list.
  simp [̵m̵u̵l̵_̵c̵o̵m̵m̵,̵ ̵m̵u̵l̵_̵l̵e̵f̵t̵_̵c̵o̵m̵m̵,̵[̲m̲u̲l̲_̲l̲e̲f̲t̲_̲c̲o̲m̲m̲,̲ mul_assoc]

Note: This linter can be disabled with `set_option linter.unusedSimpArgs false`
warning: ZhangLS/Spec/Lemma44CharacterProduct.lean:55:48: This simp argument is unused:
  mul_left_comm

Hint: Omit it from the simp argument list.
  simp [mul_comm, mul_l̵e̵f̵t̵_̵c̵o̵m̵m̵,̵ ̵m̵u̵l̵_̵assoc]

Note: This linter can be disabled with `set_option linter.unusedSimpArgs false`
⚠ [2474/2721] Replayed ZhangLS.Spec.Lemma23AnalyticLogBranch
warning: ZhangLS/Spec/Lemma23AnalyticLogBranch.lean:42:53: try 'simp' instead of 'simpa'

Note: This linter can be disabled with `set_option linter.unnecessarySimpa false`
warning: ZhangLS/Spec/Lemma23AnalyticLogBranch.lean:67:44: try 'simp' instead of 'simpa'

Note: This linter can be disabled with `set_option linter.unnecessarySimpa false`
⚠ [3462/3642] Replayed ZhangLS.Spec.RealAxisAtOne
warning: ZhangLS/Spec/RealAxisAtOne.lean:56:4: try 'simp' instead of 'simpa'

Note: This linter can be disabled with `set_option linter.unnecessarySimpa false`
⚠ [3464/3642] Replayed ZhangLS.Spec.Lemma57
warning: ZhangLS/Spec/Lemma57.lean:101:58: unused variable `hD`

Note: This linter can be disabled with `set_option linter.unusedVariables false`
warning: ZhangLS/Spec/Lemma57.lean:102:7: unused variable `hA`

Note: This linter can be disabled with `set_option linter.unusedVariables false`
⚠ [3465/3642] Replayed ZhangLS.Spec.Lemma57Arithmetic
warning: ZhangLS/Spec/Lemma57Arithmetic.lean:55:15: unused variable `hc_g`

Note: This linter can be disabled with `set_option linter.unusedVariables false`
⚠ [3470/3642] Replayed ZhangLS.Spec.Lemma57SmoothedSum
warning: ZhangLS/Spec/Lemma57SmoothedSum.lean:42:46: unused variable `hD`

Note: This linter can be disabled with `set_option linter.unusedVariables false`
⚠ [3479/3642] Replayed ZhangLS.Spec.Lemma57GaussianGlobal
warning: ZhangLS/Spec/Lemma57GaussianGlobal.lean:55:58: unused variable `ha`

Note: This linter can be disabled with `set_option linter.unusedVariables false`
warning: ZhangLS/Spec/Lemma57GaussianGlobal.lean:241:13: unused variable `hD`

Note: This linter can be disabled with `set_option linter.unusedVariables false`
warning: ZhangLS/Spec/Lemma57GaussianGlobal.lean:241:34: unused variable `hx`

Note: This linter can be disabled with `set_option linter.unusedVariables false`
⚠ [3480/3642] Replayed ZhangLS.Spec.Lemma57SmoothedSummability
warning: ZhangLS/Spec/Lemma57SmoothedSummability.lean:20:52: unused variable `hn`

Note: This linter can be disabled with `set_option linter.unusedVariables false`
⚠ [3485/3642] Replayed ZhangLS.Spec.Lemma57GaussianMellinTransform
warning: ZhangLS/Spec/Lemma57GaussianMellinTransform.lean:67:63: Used `tac1 <;> tac2` where `(tac1; tac2)` would suffice

Note: This linter can be disabled with `set_option linter.unnecessarySeqFocus false`
warning: ZhangLS/Spec/Lemma57GaussianMellinTransform.lean:145:54: Used `tac1 <;> tac2` where `(tac1; tac2)` would suffice

Note: This linter can be disabled with `set_option linter.unnecessarySeqFocus false`
warning: ZhangLS/Spec/Lemma57GaussianMellinTransform.lean:326:4: Try `simp at hs` instead of `simpa using hs`

Note: This linter can be disabled with `set_option linter.unnecessarySimpa false`
⚠ [3499/3642] Replayed ZhangLS.Spec.RiemannZetaCriticalLineBound
warning: ZhangLS/Spec/RiemannZetaCriticalLineBound.lean:99:2: Used `tac1 <;> tac2` where `(tac1; tac2)` would suffice

Note: This linter can be disabled with `set_option linter.unnecessarySeqFocus false`
warning: ZhangLS/Spec/RiemannZetaCriticalLineBound.lean:124:13: unused variable `hs`

Note: This linter can be disabled with `set_option linter.unusedVariables false`
warning: ZhangLS/Spec/RiemannZetaCriticalLineBound.lean:152:6: unused variable `n`

Note: This linter can be disabled with `set_option linter.unusedVariables false`
warning: ZhangLS/Spec/RiemannZetaCriticalLineBound.lean:156:20: unused variable `k`

Note: This linter can be disabled with `set_option linter.unusedVariables false`
warning: ZhangLS/Spec/RiemannZetaCriticalLineBound.lean:161:8: This simp argument is unused:
  sum_one_Icc

Hint: Omit it from the simp argument list.
  simp ̵[̵s̵u̵m̵_̵o̵n̵e̵_̵I̵c̵c̵]̵

Note: This linter can be disabled with `set_option linter.unusedSimpArgs false`
warning: ZhangLS/Spec/RiemannZetaCriticalLineBound.lean:242:12: 'ring' tactic does nothing

Note: This linter can be disabled with `set_option linter.unusedTactic false`
warning: ZhangLS/Spec/RiemannZetaCriticalLineBound.lean:242:12: this tactic is never executed

Note: This linter can be disabled with `set_option linter.unreachableTactic false`
warning: ZhangLS/Spec/RiemannZetaCriticalLineBound.lean:219:41: Used `tac1 <;> tac2` where `(tac1; tac2)` would suffice

Note: This linter can be disabled with `set_option linter.unnecessarySeqFocus false`
warning: ZhangLS/Spec/RiemannZetaCriticalLineBound.lean:303:8: 'ring' tactic does nothing

Note: This linter can be disabled with `set_option linter.unusedTactic false`
warning: ZhangLS/Spec/RiemannZetaCriticalLineBound.lean:303:8: this tactic is never executed

Note: This linter can be disabled with `set_option linter.unreachableTactic false`
warning: ZhangLS/Spec/RiemannZetaCriticalLineBound.lean:394:12: This simp argument is unused:
  norm_div

Hint: Omit it from the simp argument list.
  simp ̵[̵n̵o̵r̵m̵_̵d̵i̵v̵]̵

Note: This linter can be disabled with `set_option linter.unusedSimpArgs false`
warning: ZhangLS/Spec/RiemannZetaCriticalLineBound.lean:475:75: This simp argument is unused:
  norm_div

Hint: Omit it from the simp argument list.
  simp ̵[̵n̵o̵r̵m̵_̵d̵i̵v̵]̵

Note: This linter can be disabled with `set_option linter.unusedSimpArgs false`
⚠ [3500/3642] Replayed ZhangLS.Spec.Lemma57CriticalStripGrowth
warning: ZhangLS/Spec/Lemma57CriticalStripGrowth.lean:270:14: This simp argument is unused:
  norm_div

Hint: Omit it from the simp argument list.
  simp ̵[̵n̵o̵r̵m̵_̵d̵i̵v̵]̵

Note: This linter can be disabled with `set_option linter.unusedSimpArgs false`
⚠ [3507/3642] Replayed ZhangLS.Spec.Lemma23DirichletConjugation
warning: ZhangLS/Spec/Lemma23DirichletConjugation.lean:23:0: automatically included section variable(s) unused in theorem `ZhangLS.Spec.dirichletLSeries_inv_eq_conj_at_conj`:
  [NeZero N]
consider restructuring your `variable` declarations so that the variables are not in scope or explicitly omit them:
  omit [NeZero N] in theorem ...

Note: This linter can be disabled with `set_option linter.unusedSectionVars false`
⚠ [3509/3642] Replayed ZhangLS.Spec.Lemma23PrimitiveGaussSum
warning: ZhangLS/Spec/Lemma23PrimitiveGaussSum.lean:42:19: Used `tac1 <;> tac2` where `(tac1; tac2)` would suffice

Note: This linter can be disabled with `set_option linter.unnecessarySeqFocus false`
⚠ [3510/3642] Replayed ZhangLS.Spec.Lemma23DirichletUnitModulus
warning: ZhangLS/Spec/Lemma23DirichletUnitModulus.lean:112:48: Used `tac1 <;> tac2` where `(tac1; tac2)` would suffice

Note: This linter can be disabled with `set_option linter.unnecessarySeqFocus false`
Build completed successfully (3642 jobs).
== kernel-check ZhangLS/Spec/Lemma44ProductMellin.lean ==
⚠ [1279/1414] Replayed ZhangLS.Spec.RealDirichletCharacter
warning: ZhangLS/Spec/RealDirichletCharacter.lean:48:4: try 'simp' instead of 'simpa'

Note: This linter can be disabled with `set_option linter.unnecessarySimpa false`
⚠ [1280/1414] Replayed ZhangLS.Spec.Lemma44CharacterProduct
warning: ZhangLS/Spec/Lemma44CharacterProduct.lean:55:38: This simp argument is unused:
  mul_comm

Hint: Omit it from the simp argument list.
  simp [̵m̵u̵l̵_̵c̵o̵m̵m̵,̵ ̵m̵u̵l̵_̵l̵e̵f̵t̵_̵c̵o̵m̵m̵,̵[̲m̲u̲l̲_̲l̲e̲f̲t̲_̲c̲o̲m̲m̲,̲ mul_assoc]

Note: This linter can be disabled with `set_option linter.unusedSimpArgs false`
warning: ZhangLS/Spec/Lemma44CharacterProduct.lean:55:48: This simp argument is unused:
  mul_left_comm

Hint: Omit it from the simp argument list.
  simp [mul_comm, mul_l̵e̵f̵t̵_̵c̵o̵m̵m̵,̵ ̵m̵u̵l̵_̵assoc]

Note: This linter can be disabled with `set_option linter.unusedSimpArgs false`
⚠ [2474/2723] Replayed ZhangLS.Spec.Lemma23AnalyticLogBranch
warning: ZhangLS/Spec/Lemma23AnalyticLogBranch.lean:42:53: try 'simp' instead of 'simpa'

Note: This linter can be disabled with `set_option linter.unnecessarySimpa false`
warning: ZhangLS/Spec/Lemma23AnalyticLogBranch.lean:67:44: try 'simp' instead of 'simpa'

Note: This linter can be disabled with `set_option linter.unnecessarySimpa false`
⚠ [3462/3647] Replayed ZhangLS.Spec.RealAxisAtOne
warning: ZhangLS/Spec/RealAxisAtOne.lean:56:4: try 'simp' instead of 'simpa'

Note: This linter can be disabled with `set_option linter.unnecessarySimpa false`
⚠ [3464/3647] Replayed ZhangLS.Spec.Lemma57
warning: ZhangLS/Spec/Lemma57.lean:101:58: unused variable `hD`

Note: This linter can be disabled with `set_option linter.unusedVariables false`
warning: ZhangLS/Spec/Lemma57.lean:102:7: unused variable `hA`

Note: This linter can be disabled with `set_option linter.unusedVariables false`
⚠ [3465/3647] Replayed ZhangLS.Spec.Lemma57Arithmetic
warning: ZhangLS/Spec/Lemma57Arithmetic.lean:55:15: unused variable `hc_g`

Note: This linter can be disabled with `set_option linter.unusedVariables false`
⚠ [3470/3647] Replayed ZhangLS.Spec.Lemma57SmoothedSum
warning: ZhangLS/Spec/Lemma57SmoothedSum.lean:42:46: unused variable `hD`

Note: This linter can be disabled with `set_option linter.unusedVariables false`
⚠ [3479/3647] Replayed ZhangLS.Spec.Lemma57GaussianGlobal
warning: ZhangLS/Spec/Lemma57GaussianGlobal.lean:55:58: unused variable `ha`

Note: This linter can be disabled with `set_option linter.unusedVariables false`
warning: ZhangLS/Spec/Lemma57GaussianGlobal.lean:241:13: unused variable `hD`

Note: This linter can be disabled with `set_option linter.unusedVariables false`
warning: ZhangLS/Spec/Lemma57GaussianGlobal.lean:241:34: unused variable `hx`

Note: This linter can be disabled with `set_option linter.unusedVariables false`
⚠ [3480/3647] Replayed ZhangLS.Spec.Lemma57SmoothedSummability
warning: ZhangLS/Spec/Lemma57SmoothedSummability.lean:20:52: unused variable `hn`

Note: This linter can be disabled with `set_option linter.unusedVariables false`
⚠ [3485/3647] Replayed ZhangLS.Spec.Lemma57GaussianMellinTransform
warning: ZhangLS/Spec/Lemma57GaussianMellinTransform.lean:67:63: Used `tac1 <;> tac2` where `(tac1; tac2)` would suffice

Note: This linter can be disabled with `set_option linter.unnecessarySeqFocus false`
warning: ZhangLS/Spec/Lemma57GaussianMellinTransform.lean:145:54: Used `tac1 <;> tac2` where `(tac1; tac2)` would suffice

Note: This linter can be disabled with `set_option linter.unnecessarySeqFocus false`
warning: ZhangLS/Spec/Lemma57GaussianMellinTransform.lean:326:4: Try `simp at hs` instead of `simpa using hs`

Note: This linter can be disabled with `set_option linter.unnecessarySimpa false`
⚠ [3499/3647] Replayed ZhangLS.Spec.RiemannZetaCriticalLineBound
warning: ZhangLS/Spec/RiemannZetaCriticalLineBound.lean:99:2: Used `tac1 <;> tac2` where `(tac1; tac2)` would suffice

Note: This linter can be disabled with `set_option linter.unnecessarySeqFocus false`
warning: ZhangLS/Spec/RiemannZetaCriticalLineBound.lean:124:13: unused variable `hs`

Note: This linter can be disabled with `set_option linter.unusedVariables false`
warning: ZhangLS/Spec/RiemannZetaCriticalLineBound.lean:152:6: unused variable `n`

Note: This linter can be disabled with `set_option linter.unusedVariables false`
warning: ZhangLS/Spec/RiemannZetaCriticalLineBound.lean:156:20: unused variable `k`

Note: This linter can be disabled with `set_option linter.unusedVariables false`
warning: ZhangLS/Spec/RiemannZetaCriticalLineBound.lean:161:8: This simp argument is unused:
  sum_one_Icc

Hint: Omit it from the simp argument list.
  simp ̵[̵s̵u̵m̵_̵o̵n̵e̵_̵I̵c̵c̵]̵

Note: This linter can be disabled with `set_option linter.unusedSimpArgs false`
warning: ZhangLS/Spec/RiemannZetaCriticalLineBound.lean:242:12: 'ring' tactic does nothing

Note: This linter can be disabled with `set_option linter.unusedTactic false`
warning: ZhangLS/Spec/RiemannZetaCriticalLineBound.lean:242:12: this tactic is never executed

Note: This linter can be disabled with `set_option linter.unreachableTactic false`
warning: ZhangLS/Spec/RiemannZetaCriticalLineBound.lean:219:41: Used `tac1 <;> tac2` where `(tac1; tac2)` would suffice

Note: This linter can be disabled with `set_option linter.unnecessarySeqFocus false`
warning: ZhangLS/Spec/RiemannZetaCriticalLineBound.lean:303:8: 'ring' tactic does nothing

Note: This linter can be disabled with `set_option linter.unusedTactic false`
warning: ZhangLS/Spec/RiemannZetaCriticalLineBound.lean:303:8: this tactic is never executed

Note: This linter can be disabled with `set_option linter.unreachableTactic false`
warning: ZhangLS/Spec/RiemannZetaCriticalLineBound.lean:394:12: This simp argument is unused:
  norm_div

Hint: Omit it from the simp argument list.
  simp ̵[̵n̵o̵r̵m̵_̵d̵i̵v̵]̵

Note: This linter can be disabled with `set_option linter.unusedSimpArgs false`
warning: ZhangLS/Spec/RiemannZetaCriticalLineBound.lean:475:75: This simp argument is unused:
  norm_div

Hint: Omit it from the simp argument list.
  simp ̵[̵n̵o̵r̵m̵_̵d̵i̵v̵]̵

Note: This linter can be disabled with `set_option linter.unusedSimpArgs false`
⚠ [3500/3647] Replayed ZhangLS.Spec.Lemma57CriticalStripGrowth
warning: ZhangLS/Spec/Lemma57CriticalStripGrowth.lean:270:14: This simp argument is unused:
  norm_div

Hint: Omit it from the simp argument list.
  simp ̵[̵n̵o̵r̵m̵_̵d̵i̵v̵]̵

Note: This linter can be disabled with `set_option linter.unusedSimpArgs false`
⚠ [3507/3647] Replayed ZhangLS.Spec.Lemma23DirichletConjugation
warning: ZhangLS/Spec/Lemma23DirichletConjugation.lean:23:0: automatically included section variable(s) unused in theorem `ZhangLS.Spec.dirichletLSeries_inv_eq_conj_at_conj`:
  [NeZero N]
consider restructuring your `variable` declarations so that the variables are not in scope or explicitly omit them:
  omit [NeZero N] in theorem ...

Note: This linter can be disabled with `set_option linter.unusedSectionVars false`
⚠ [3509/3647] Replayed ZhangLS.Spec.Lemma23PrimitiveGaussSum
warning: ZhangLS/Spec/Lemma23PrimitiveGaussSum.lean:42:19: Used `tac1 <;> tac2` where `(tac1; tac2)` would suffice

Note: This linter can be disabled with `set_option linter.unnecessarySeqFocus false`
⚠ [3510/3647] Replayed ZhangLS.Spec.Lemma23DirichletUnitModulus
warning: ZhangLS/Spec/Lemma23DirichletUnitModulus.lean:112:48: Used `tac1 <;> tac2` where `(tac1; tac2)` would suffice

Note: This linter can be disabled with `set_option linter.unnecessarySeqFocus false`
⚠ [3647/3647] Replayed ZhangLS.Spec.Lemma44ProductMellin
warning: ZhangLS/Spec/Lemma44ProductMellin.lean:144:4: try 'simp' instead of 'simpa'

Note: This linter can be disabled with `set_option linter.unnecessarySimpa false`
Build completed successfully (3647 jobs).
ZhangLS/Spec/Lemma44ProductMellin.lean:144:4: warning: try 'simp' instead of 'simpa'

Note: This linter can be disabled with `set_option linter.unnecessarySimpa false`
== kernel-check ZhangLS/Spec/Lemma44ProductResidue.lean ==
⚠ [1279/1440] Replayed ZhangLS.Spec.RealDirichletCharacter
warning: ZhangLS/Spec/RealDirichletCharacter.lean:48:4: try 'simp' instead of 'simpa'

Note: This linter can be disabled with `set_option linter.unnecessarySimpa false`
⚠ [1280/1440] Replayed ZhangLS.Spec.Lemma44CharacterProduct
warning: ZhangLS/Spec/Lemma44CharacterProduct.lean:55:38: This simp argument is unused:
  mul_comm

Hint: Omit it from the simp argument list.
  simp [̵m̵u̵l̵_̵c̵o̵m̵m̵,̵ ̵m̵u̵l̵_̵l̵e̵f̵t̵_̵c̵o̵m̵m̵,̵[̲m̲u̲l̲_̲l̲e̲f̲t̲_̲c̲o̲m̲m̲,̲ mul_assoc]

Note: This linter can be disabled with `set_option linter.unusedSimpArgs false`
warning: ZhangLS/Spec/Lemma44CharacterProduct.lean:55:48: This simp argument is unused:
  mul_left_comm

Hint: Omit it from the simp argument list.
  simp [mul_comm, mul_l̵e̵f̵t̵_̵c̵o̵m̵m̵,̵ ̵m̵u̵l̵_̵assoc]

Note: This linter can be disabled with `set_option linter.unusedSimpArgs false`
⚠ [2474/2724] Replayed ZhangLS.Spec.Lemma23AnalyticLogBranch
warning: ZhangLS/Spec/Lemma23AnalyticLogBranch.lean:42:53: try 'simp' instead of 'simpa'

Note: This linter can be disabled with `set_option linter.unnecessarySimpa false`
warning: ZhangLS/Spec/Lemma23AnalyticLogBranch.lean:67:44: try 'simp' instead of 'simpa'

Note: This linter can be disabled with `set_option linter.unnecessarySimpa false`
⚠ [3462/3648] Replayed ZhangLS.Spec.RealAxisAtOne
warning: ZhangLS/Spec/RealAxisAtOne.lean:56:4: try 'simp' instead of 'simpa'

Note: This linter can be disabled with `set_option linter.unnecessarySimpa false`
⚠ [3464/3648] Replayed ZhangLS.Spec.Lemma57
warning: ZhangLS/Spec/Lemma57.lean:101:58: unused variable `hD`

Note: This linter can be disabled with `set_option linter.unusedVariables false`
warning: ZhangLS/Spec/Lemma57.lean:102:7: unused variable `hA`

Note: This linter can be disabled with `set_option linter.unusedVariables false`
⚠ [3465/3648] Replayed ZhangLS.Spec.Lemma57Arithmetic
warning: ZhangLS/Spec/Lemma57Arithmetic.lean:55:15: unused variable `hc_g`

Note: This linter can be disabled with `set_option linter.unusedVariables false`
⚠ [3470/3648] Replayed ZhangLS.Spec.Lemma57SmoothedSum
warning: ZhangLS/Spec/Lemma57SmoothedSum.lean:42:46: unused variable `hD`

Note: This linter can be disabled with `set_option linter.unusedVariables false`
⚠ [3479/3648] Replayed ZhangLS.Spec.Lemma57GaussianGlobal
warning: ZhangLS/Spec/Lemma57GaussianGlobal.lean:55:58: unused variable `ha`

Note: This linter can be disabled with `set_option linter.unusedVariables false`
warning: ZhangLS/Spec/Lemma57GaussianGlobal.lean:241:13: unused variable `hD`

Note: This linter can be disabled with `set_option linter.unusedVariables false`
warning: ZhangLS/Spec/Lemma57GaussianGlobal.lean:241:34: unused variable `hx`

Note: This linter can be disabled with `set_option linter.unusedVariables false`
⚠ [3480/3648] Replayed ZhangLS.Spec.Lemma57SmoothedSummability
warning: ZhangLS/Spec/Lemma57SmoothedSummability.lean:20:52: unused variable `hn`

Note: This linter can be disabled with `set_option linter.unusedVariables false`
⚠ [3485/3648] Replayed ZhangLS.Spec.Lemma57GaussianMellinTransform
warning: ZhangLS/Spec/Lemma57GaussianMellinTransform.lean:67:63: Used `tac1 <;> tac2` where `(tac1; tac2)` would suffice

Note: This linter can be disabled with `set_option linter.unnecessarySeqFocus false`
warning: ZhangLS/Spec/Lemma57GaussianMellinTransform.lean:145:54: Used `tac1 <;> tac2` where `(tac1; tac2)` would suffice

Note: This linter can be disabled with `set_option linter.unnecessarySeqFocus false`
warning: ZhangLS/Spec/Lemma57GaussianMellinTransform.lean:326:4: Try `simp at hs` instead of `simpa using hs`

Note: This linter can be disabled with `set_option linter.unnecessarySimpa false`
⚠ [3499/3648] Replayed ZhangLS.Spec.RiemannZetaCriticalLineBound
warning: ZhangLS/Spec/RiemannZetaCriticalLineBound.lean:99:2: Used `tac1 <;> tac2` where `(tac1; tac2)` would suffice

Note: This linter can be disabled with `set_option linter.unnecessarySeqFocus false`
warning: ZhangLS/Spec/RiemannZetaCriticalLineBound.lean:124:13: unused variable `hs`

Note: This linter can be disabled with `set_option linter.unusedVariables false`
warning: ZhangLS/Spec/RiemannZetaCriticalLineBound.lean:152:6: unused variable `n`

Note: This linter can be disabled with `set_option linter.unusedVariables false`
warning: ZhangLS/Spec/RiemannZetaCriticalLineBound.lean:156:20: unused variable `k`

Note: This linter can be disabled with `set_option linter.unusedVariables false`
warning: ZhangLS/Spec/RiemannZetaCriticalLineBound.lean:161:8: This simp argument is unused:
  sum_one_Icc

Hint: Omit it from the simp argument list.
  simp ̵[̵s̵u̵m̵_̵o̵n̵e̵_̵I̵c̵c̵]̵

Note: This linter can be disabled with `set_option linter.unusedSimpArgs false`
warning: ZhangLS/Spec/RiemannZetaCriticalLineBound.lean:242:12: 'ring' tactic does nothing

Note: This linter can be disabled with `set_option linter.unusedTactic false`
warning: ZhangLS/Spec/RiemannZetaCriticalLineBound.lean:242:12: this tactic is never executed

Note: This linter can be disabled with `set_option linter.unreachableTactic false`
warning: ZhangLS/Spec/RiemannZetaCriticalLineBound.lean:219:41: Used `tac1 <;> tac2` where `(tac1; tac2)` would suffice

Note: This linter can be disabled with `set_option linter.unnecessarySeqFocus false`
warning: ZhangLS/Spec/RiemannZetaCriticalLineBound.lean:303:8: 'ring' tactic does nothing

Note: This linter can be disabled with `set_option linter.unusedTactic false`
warning: ZhangLS/Spec/RiemannZetaCriticalLineBound.lean:303:8: this tactic is never executed

Note: This linter can be disabled with `set_option linter.unreachableTactic false`
warning: ZhangLS/Spec/RiemannZetaCriticalLineBound.lean:394:12: This simp argument is unused:
  norm_div

Hint: Omit it from the simp argument list.
  simp ̵[̵n̵o̵r̵m̵_̵d̵i̵v̵]̵

Note: This linter can be disabled with `set_option linter.unusedSimpArgs false`
warning: ZhangLS/Spec/RiemannZetaCriticalLineBound.lean:475:75: This simp argument is unused:
  norm_div

Hint: Omit it from the simp argument list.
  simp ̵[̵n̵o̵r̵m̵_̵d̵i̵v̵]̵

Note: This linter can be disabled with `set_option linter.unusedSimpArgs false`
⚠ [3500/3648] Replayed ZhangLS.Spec.Lemma57CriticalStripGrowth
warning: ZhangLS/Spec/Lemma57CriticalStripGrowth.lean:270:14: This simp argument is unused:
  norm_div

Hint: Omit it from the simp argument list.
  simp ̵[̵n̵o̵r̵m̵_̵d̵i̵v̵]̵

Note: This linter can be disabled with `set_option linter.unusedSimpArgs false`
⚠ [3507/3648] Replayed ZhangLS.Spec.Lemma23DirichletConjugation
warning: ZhangLS/Spec/Lemma23DirichletConjugation.lean:23:0: automatically included section variable(s) unused in theorem `ZhangLS.Spec.dirichletLSeries_inv_eq_conj_at_conj`:
  [NeZero N]
consider restructuring your `variable` declarations so that the variables are not in scope or explicitly omit them:
  omit [NeZero N] in theorem ...

Note: This linter can be disabled with `set_option linter.unusedSectionVars false`
⚠ [3509/3648] Replayed ZhangLS.Spec.Lemma23PrimitiveGaussSum
warning: ZhangLS/Spec/Lemma23PrimitiveGaussSum.lean:42:19: Used `tac1 <;> tac2` where `(tac1; tac2)` would suffice

Note: This linter can be disabled with `set_option linter.unnecessarySeqFocus false`
⚠ [3510/3648] Replayed ZhangLS.Spec.Lemma23DirichletUnitModulus
warning: ZhangLS/Spec/Lemma23DirichletUnitModulus.lean:112:48: Used `tac1 <;> tac2` where `(tac1; tac2)` would suffice

Note: This linter can be disabled with `set_option linter.unnecessarySeqFocus false`
⚠ [3647/3648] Replayed ZhangLS.Spec.Lemma44ProductMellin
warning: ZhangLS/Spec/Lemma44ProductMellin.lean:144:4: try 'simp' instead of 'simpa'

Note: This linter can be disabled with `set_option linter.unnecessarySimpa false`
Build completed successfully (3648 jobs).
== kernel-check ZhangLS/Spec/Lemma44ReflectedLongSum.lean ==
⚠ [1279/1419] Replayed ZhangLS.Spec.RealDirichletCharacter
warning: ZhangLS/Spec/RealDirichletCharacter.lean:48:4: try 'simp' instead of 'simpa'

Note: This linter can be disabled with `set_option linter.unnecessarySimpa false`
⚠ [1280/1419] Replayed ZhangLS.Spec.Lemma44CharacterProduct
warning: ZhangLS/Spec/Lemma44CharacterProduct.lean:55:38: This simp argument is unused:
  mul_comm

Hint: Omit it from the simp argument list.
  simp [̵m̵u̵l̵_̵c̵o̵m̵m̵,̵ ̵m̵u̵l̵_̵l̵e̵f̵t̵_̵c̵o̵m̵m̵,̵[̲m̲u̲l̲_̲l̲e̲f̲t̲_̲c̲o̲m̲m̲,̲ mul_assoc]

Note: This linter can be disabled with `set_option linter.unusedSimpArgs false`
warning: ZhangLS/Spec/Lemma44CharacterProduct.lean:55:48: This simp argument is unused:
  mul_left_comm

Hint: Omit it from the simp argument list.
  simp [mul_comm, mul_l̵e̵f̵t̵_̵c̵o̵m̵m̵,̵ ̵m̵u̵l̵_̵assoc]

Note: This linter can be disabled with `set_option linter.unusedSimpArgs false`
⚠ [2474/2727] Replayed ZhangLS.Spec.Lemma23AnalyticLogBranch
warning: ZhangLS/Spec/Lemma23AnalyticLogBranch.lean:42:53: try 'simp' instead of 'simpa'

Note: This linter can be disabled with `set_option linter.unnecessarySimpa false`
warning: ZhangLS/Spec/Lemma23AnalyticLogBranch.lean:67:44: try 'simp' instead of 'simpa'

Note: This linter can be disabled with `set_option linter.unnecessarySimpa false`
⚠ [3462/3646] Replayed ZhangLS.Spec.RealAxisAtOne
warning: ZhangLS/Spec/RealAxisAtOne.lean:56:4: try 'simp' instead of 'simpa'

Note: This linter can be disabled with `set_option linter.unnecessarySimpa false`
⚠ [3464/3646] Replayed ZhangLS.Spec.Lemma57
warning: ZhangLS/Spec/Lemma57.lean:101:58: unused variable `hD`

Note: This linter can be disabled with `set_option linter.unusedVariables false`
warning: ZhangLS/Spec/Lemma57.lean:102:7: unused variable `hA`

Note: This linter can be disabled with `set_option linter.unusedVariables false`
⚠ [3465/3646] Replayed ZhangLS.Spec.Lemma57Arithmetic
warning: ZhangLS/Spec/Lemma57Arithmetic.lean:55:15: unused variable `hc_g`

Note: This linter can be disabled with `set_option linter.unusedVariables false`
⚠ [3470/3646] Replayed ZhangLS.Spec.Lemma57SmoothedSum
warning: ZhangLS/Spec/Lemma57SmoothedSum.lean:42:46: unused variable `hD`

Note: This linter can be disabled with `set_option linter.unusedVariables false`
⚠ [3479/3646] Replayed ZhangLS.Spec.Lemma57GaussianGlobal
warning: ZhangLS/Spec/Lemma57GaussianGlobal.lean:55:58: unused variable `ha`

Note: This linter can be disabled with `set_option linter.unusedVariables false`
warning: ZhangLS/Spec/Lemma57GaussianGlobal.lean:241:13: unused variable `hD`

Note: This linter can be disabled with `set_option linter.unusedVariables false`
warning: ZhangLS/Spec/Lemma57GaussianGlobal.lean:241:34: unused variable `hx`

Note: This linter can be disabled with `set_option linter.unusedVariables false`
⚠ [3480/3646] Replayed ZhangLS.Spec.Lemma57SmoothedSummability
warning: ZhangLS/Spec/Lemma57SmoothedSummability.lean:20:52: unused variable `hn`

Note: This linter can be disabled with `set_option linter.unusedVariables false`
⚠ [3485/3646] Replayed ZhangLS.Spec.Lemma57GaussianMellinTransform
warning: ZhangLS/Spec/Lemma57GaussianMellinTransform.lean:67:63: Used `tac1 <;> tac2` where `(tac1; tac2)` would suffice

Note: This linter can be disabled with `set_option linter.unnecessarySeqFocus false`
warning: ZhangLS/Spec/Lemma57GaussianMellinTransform.lean:145:54: Used `tac1 <;> tac2` where `(tac1; tac2)` would suffice

Note: This linter can be disabled with `set_option linter.unnecessarySeqFocus false`
warning: ZhangLS/Spec/Lemma57GaussianMellinTransform.lean:326:4: Try `simp at hs` instead of `simpa using hs`

Note: This linter can be disabled with `set_option linter.unnecessarySimpa false`
⚠ [3499/3646] Replayed ZhangLS.Spec.RiemannZetaCriticalLineBound
warning: ZhangLS/Spec/RiemannZetaCriticalLineBound.lean:99:2: Used `tac1 <;> tac2` where `(tac1; tac2)` would suffice

Note: This linter can be disabled with `set_option linter.unnecessarySeqFocus false`
warning: ZhangLS/Spec/RiemannZetaCriticalLineBound.lean:124:13: unused variable `hs`

Note: This linter can be disabled with `set_option linter.unusedVariables false`
warning: ZhangLS/Spec/RiemannZetaCriticalLineBound.lean:152:6: unused variable `n`

Note: This linter can be disabled with `set_option linter.unusedVariables false`
warning: ZhangLS/Spec/RiemannZetaCriticalLineBound.lean:156:20: unused variable `k`

Note: This linter can be disabled with `set_option linter.unusedVariables false`
warning: ZhangLS/Spec/RiemannZetaCriticalLineBound.lean:161:8: This simp argument is unused:
  sum_one_Icc

Hint: Omit it from the simp argument list.
  simp ̵[̵s̵u̵m̵_̵o̵n̵e̵_̵I̵c̵c̵]̵

Note: This linter can be disabled with `set_option linter.unusedSimpArgs false`
warning: ZhangLS/Spec/RiemannZetaCriticalLineBound.lean:242:12: 'ring' tactic does nothing

Note: This linter can be disabled with `set_option linter.unusedTactic false`
warning: ZhangLS/Spec/RiemannZetaCriticalLineBound.lean:242:12: this tactic is never executed

Note: This linter can be disabled with `set_option linter.unreachableTactic false`
warning: ZhangLS/Spec/RiemannZetaCriticalLineBound.lean:219:41: Used `tac1 <;> tac2` where `(tac1; tac2)` would suffice

Note: This linter can be disabled with `set_option linter.unnecessarySeqFocus false`
warning: ZhangLS/Spec/RiemannZetaCriticalLineBound.lean:303:8: 'ring' tactic does nothing

Note: This linter can be disabled with `set_option linter.unusedTactic false`
warning: ZhangLS/Spec/RiemannZetaCriticalLineBound.lean:303:8: this tactic is never executed

Note: This linter can be disabled with `set_option linter.unreachableTactic false`
warning: ZhangLS/Spec/RiemannZetaCriticalLineBound.lean:394:12: This simp argument is unused:
  norm_div

Hint: Omit it from the simp argument list.
  simp ̵[̵n̵o̵r̵m̵_̵d̵i̵v̵]̵

Note: This linter can be disabled with `set_option linter.unusedSimpArgs false`
warning: ZhangLS/Spec/RiemannZetaCriticalLineBound.lean:475:75: This simp argument is unused:
  norm_div

Hint: Omit it from the simp argument list.
  simp ̵[̵n̵o̵r̵m̵_̵d̵i̵v̵]̵

Note: This linter can be disabled with `set_option linter.unusedSimpArgs false`
⚠ [3500/3646] Replayed ZhangLS.Spec.Lemma57CriticalStripGrowth
warning: ZhangLS/Spec/Lemma57CriticalStripGrowth.lean:270:14: This simp argument is unused:
  norm_div

Hint: Omit it from the simp argument list.
  simp ̵[̵n̵o̵r̵m̵_̵d̵i̵v̵]̵

Note: This linter can be disabled with `set_option linter.unusedSimpArgs false`
⚠ [3507/3646] Replayed ZhangLS.Spec.Lemma23DirichletConjugation
warning: ZhangLS/Spec/Lemma23DirichletConjugation.lean:23:0: automatically included section variable(s) unused in theorem `ZhangLS.Spec.dirichletLSeries_inv_eq_conj_at_conj`:
  [NeZero N]
consider restructuring your `variable` declarations so that the variables are not in scope or explicitly omit them:
  omit [NeZero N] in theorem ...

Note: This linter can be disabled with `set_option linter.unusedSectionVars false`
⚠ [3509/3646] Replayed ZhangLS.Spec.Lemma23PrimitiveGaussSum
warning: ZhangLS/Spec/Lemma23PrimitiveGaussSum.lean:42:19: Used `tac1 <;> tac2` where `(tac1; tac2)` would suffice

Note: This linter can be disabled with `set_option linter.unnecessarySeqFocus false`
⚠ [3510/3646] Replayed ZhangLS.Spec.Lemma23DirichletUnitModulus
warning: ZhangLS/Spec/Lemma23DirichletUnitModulus.lean:112:48: Used `tac1 <;> tac2` where `(tac1; tac2)` would suffice

Note: This linter can be disabled with `set_option linter.unnecessarySeqFocus false`
⚠ [3646/3646] Replayed ZhangLS.Spec.Lemma44ReflectedLongSum
warning: ZhangLS/Spec/Lemma44ReflectedLongSum.lean:81:64: Used `tac1 <;> tac2` where `(tac1; tac2)` would suffice

Note: This linter can be disabled with `set_option linter.unnecessarySeqFocus false`
Build completed successfully (3646 jobs).
ZhangLS/Spec/Lemma44ReflectedLongSum.lean:81:64: warning: Used `tac1 <;> tac2` where `(tac1; tac2)` would suffice

Note: This linter can be disabled with `set_option linter.unnecessarySeqFocus false`
== kernel-check ZhangLS/Spec/Lemma44ReflectedPolynomialBounds.lean ==
⚠ [1279/1391] Replayed ZhangLS.Spec.RealDirichletCharacter
warning: ZhangLS/Spec/RealDirichletCharacter.lean:48:4: try 'simp' instead of 'simpa'

Note: This linter can be disabled with `set_option linter.unnecessarySimpa false`
⚠ [3433/3668] Replayed ZhangLS.Spec.Lemma44ComplexCharacterAbel
warning: ZhangLS/Spec/Lemma44ComplexCharacterAbel.lean:73:56: unused variable `hD`

Note: This linter can be disabled with `set_option linter.unusedVariables false`
⚠ [3434/3668] Replayed ZhangLS.Spec.Lemma44CharacterProduct
warning: ZhangLS/Spec/Lemma44CharacterProduct.lean:55:38: This simp argument is unused:
  mul_comm

Hint: Omit it from the simp argument list.
  simp [̵m̵u̵l̵_̵c̵o̵m̵m̵,̵ ̵m̵u̵l̵_̵l̵e̵f̵t̵_̵c̵o̵m̵m̵,̵[̲m̲u̲l̲_̲l̲e̲f̲t̲_̲c̲o̲m̲m̲,̲ mul_assoc]

Note: This linter can be disabled with `set_option linter.unusedSimpArgs false`
warning: ZhangLS/Spec/Lemma44CharacterProduct.lean:55:48: This simp argument is unused:
  mul_left_comm

Hint: Omit it from the simp argument list.
  simp [mul_comm, mul_l̵e̵f̵t̵_̵c̵o̵m̵m̵,̵ ̵m̵u̵l̵_̵assoc]

Note: This linter can be disabled with `set_option linter.unusedSimpArgs false`
⚠ [3459/3668] Replayed ZhangLS.Spec.Lemma23AnalyticLogBranch
warning: ZhangLS/Spec/Lemma23AnalyticLogBranch.lean:42:53: try 'simp' instead of 'simpa'

Note: This linter can be disabled with `set_option linter.unnecessarySimpa false`
warning: ZhangLS/Spec/Lemma23AnalyticLogBranch.lean:67:44: try 'simp' instead of 'simpa'

Note: This linter can be disabled with `set_option linter.unnecessarySimpa false`
⚠ [3471/3668] Replayed ZhangLS.Spec.RealAxisAtOne
warning: ZhangLS/Spec/RealAxisAtOne.lean:56:4: try 'simp' instead of 'simpa'

Note: This linter can be disabled with `set_option linter.unnecessarySimpa false`
⚠ [3473/3668] Replayed ZhangLS.Spec.Lemma57
warning: ZhangLS/Spec/Lemma57.lean:101:58: unused variable `hD`

Note: This linter can be disabled with `set_option linter.unusedVariables false`
warning: ZhangLS/Spec/Lemma57.lean:102:7: unused variable `hA`

Note: This linter can be disabled with `set_option linter.unusedVariables false`
⚠ [3474/3668] Replayed ZhangLS.Spec.Lemma57Arithmetic
warning: ZhangLS/Spec/Lemma57Arithmetic.lean:55:15: unused variable `hc_g`

Note: This linter can be disabled with `set_option linter.unusedVariables false`
⚠ [3479/3668] Replayed ZhangLS.Spec.Lemma57SmoothedSum
warning: ZhangLS/Spec/Lemma57SmoothedSum.lean:42:46: unused variable `hD`

Note: This linter can be disabled with `set_option linter.unusedVariables false`
⚠ [3488/3668] Replayed ZhangLS.Spec.Lemma57GaussianGlobal
warning: ZhangLS/Spec/Lemma57GaussianGlobal.lean:55:58: unused variable `ha`

Note: This linter can be disabled with `set_option linter.unusedVariables false`
warning: ZhangLS/Spec/Lemma57GaussianGlobal.lean:241:13: unused variable `hD`

Note: This linter can be disabled with `set_option linter.unusedVariables false`
warning: ZhangLS/Spec/Lemma57GaussianGlobal.lean:241:34: unused variable `hx`

Note: This linter can be disabled with `set_option linter.unusedVariables false`
⚠ [3489/3668] Replayed ZhangLS.Spec.Lemma57SmoothedSummability
warning: ZhangLS/Spec/Lemma57SmoothedSummability.lean:20:52: unused variable `hn`

Note: This linter can be disabled with `set_option linter.unusedVariables false`
⚠ [3494/3668] Replayed ZhangLS.Spec.Lemma57GaussianMellinTransform
warning: ZhangLS/Spec/Lemma57GaussianMellinTransform.lean:67:63: Used `tac1 <;> tac2` where `(tac1; tac2)` would suffice

Note: This linter can be disabled with `set_option linter.unnecessarySeqFocus false`
warning: ZhangLS/Spec/Lemma57GaussianMellinTransform.lean:145:54: Used `tac1 <;> tac2` where `(tac1; tac2)` would suffice

Note: This linter can be disabled with `set_option linter.unnecessarySeqFocus false`
warning: ZhangLS/Spec/Lemma57GaussianMellinTransform.lean:326:4: Try `simp at hs` instead of `simpa using hs`

Note: This linter can be disabled with `set_option linter.unnecessarySimpa false`
⚠ [3500/3668] Replayed ZhangLS.Spec.RiemannZetaCriticalLineBound
warning: ZhangLS/Spec/RiemannZetaCriticalLineBound.lean:99:2: Used `tac1 <;> tac2` where `(tac1; tac2)` would suffice

Note: This linter can be disabled with `set_option linter.unnecessarySeqFocus false`
warning: ZhangLS/Spec/RiemannZetaCriticalLineBound.lean:124:13: unused variable `hs`

Note: This linter can be disabled with `set_option linter.unusedVariables false`
warning: ZhangLS/Spec/RiemannZetaCriticalLineBound.lean:152:6: unused variable `n`

Note: This linter can be disabled with `set_option linter.unusedVariables false`
warning: ZhangLS/Spec/RiemannZetaCriticalLineBound.lean:156:20: unused variable `k`

Note: This linter can be disabled with `set_option linter.unusedVariables false`
warning: ZhangLS/Spec/RiemannZetaCriticalLineBound.lean:161:8: This simp argument is unused:
  sum_one_Icc

Hint: Omit it from the simp argument list.
  simp ̵[̵s̵u̵m̵_̵o̵n̵e̵_̵I̵c̵c̵]̵

Note: This linter can be disabled with `set_option linter.unusedSimpArgs false`
warning: ZhangLS/Spec/RiemannZetaCriticalLineBound.lean:242:12: 'ring' tactic does nothing

Note: This linter can be disabled with `set_option linter.unusedTactic false`
warning: ZhangLS/Spec/RiemannZetaCriticalLineBound.lean:242:12: this tactic is never executed

Note: This linter can be disabled with `set_option linter.unreachableTactic false`
warning: ZhangLS/Spec/RiemannZetaCriticalLineBound.lean:219:41: Used `tac1 <;> tac2` where `(tac1; tac2)` would suffice

Note: This linter can be disabled with `set_option linter.unnecessarySeqFocus false`
warning: ZhangLS/Spec/RiemannZetaCriticalLineBound.lean:303:8: 'ring' tactic does nothing

Note: This linter can be disabled with `set_option linter.unusedTactic false`
warning: ZhangLS/Spec/RiemannZetaCriticalLineBound.lean:303:8: this tactic is never executed

Note: This linter can be disabled with `set_option linter.unreachableTactic false`
warning: ZhangLS/Spec/RiemannZetaCriticalLineBound.lean:394:12: This simp argument is unused:
  norm_div

Hint: Omit it from the simp argument list.
  simp ̵[̵n̵o̵r̵m̵_̵d̵i̵v̵]̵

Note: This linter can be disabled with `set_option linter.unusedSimpArgs false`
warning: ZhangLS/Spec/RiemannZetaCriticalLineBound.lean:475:75: This simp argument is unused:
  norm_div

Hint: Omit it from the simp argument list.
  simp ̵[̵n̵o̵r̵m̵_̵d̵i̵v̵]̵

Note: This linter can be disabled with `set_option linter.unusedSimpArgs false`
⚠ [3501/3668] Replayed ZhangLS.Spec.Lemma57CriticalStripGrowth
warning: ZhangLS/Spec/Lemma57CriticalStripGrowth.lean:270:14: This simp argument is unused:
  norm_div

Hint: Omit it from the simp argument list.
  simp ̵[̵n̵o̵r̵m̵_̵d̵i̵v̵]̵

Note: This linter can be disabled with `set_option linter.unusedSimpArgs false`
⚠ [3508/3668] Replayed ZhangLS.Spec.Lemma23DirichletConjugation
warning: ZhangLS/Spec/Lemma23DirichletConjugation.lean:23:0: automatically included section variable(s) unused in theorem `ZhangLS.Spec.dirichletLSeries_inv_eq_conj_at_conj`:
  [NeZero N]
consider restructuring your `variable` declarations so that the variables are not in scope or explicitly omit them:
  omit [NeZero N] in theorem ...

Note: This linter can be disabled with `set_option linter.unusedSectionVars false`
⚠ [3510/3668] Replayed ZhangLS.Spec.Lemma23PrimitiveGaussSum
warning: ZhangLS/Spec/Lemma23PrimitiveGaussSum.lean:42:19: Used `tac1 <;> tac2` where `(tac1; tac2)` would suffice

Note: This linter can be disabled with `set_option linter.unnecessarySeqFocus false`
⚠ [3511/3668] Replayed ZhangLS.Spec.Lemma23DirichletUnitModulus
warning: ZhangLS/Spec/Lemma23DirichletUnitModulus.lean:112:48: Used `tac1 <;> tac2` where `(tac1; tac2)` would suffice

Note: This linter can be disabled with `set_option linter.unnecessarySeqFocus false`
⚠ [3648/3668] Replayed ZhangLS.Spec.Lemma44ProductMellin
warning: ZhangLS/Spec/Lemma44ProductMellin.lean:144:4: try 'simp' instead of 'simpa'

Note: This linter can be disabled with `set_option linter.unnecessarySimpa false`
⚠ [3652/3668] Replayed ZhangLS.Spec.Lemma44RightMellinApproximation
warning: ZhangLS/Spec/Lemma44RightMellinApproximation.lean:37:4: try 'simp' instead of 'simpa'

Note: This linter can be disabled with `set_option linter.unnecessarySimpa false`
⚠ [3656/3668] Replayed ZhangLS.Spec.Lemma44ReflectedLongSum
warning: ZhangLS/Spec/Lemma44ReflectedLongSum.lean:81:64: Used `tac1 <;> tac2` where `(tac1; tac2)` would suffice

Note: This linter can be disabled with `set_option linter.unnecessarySeqFocus false`
⚠ [3658/3668] Replayed ZhangLS.Spec.Lemma44InitialLeftEstimates
warning: ZhangLS/Spec/Lemma44InitialLeftEstimates.lean:68:23: Used `tac1 <;> tac2` where `(tac1; tac2)` would suffice

Note: This linter can be disabled with `set_option linter.unnecessarySeqFocus false`
⚠ [3659/3668] Replayed ZhangLS.Spec.Lemma44HorizontalGrowth
warning: ZhangLS/Spec/Lemma44HorizontalGrowth.lean:147:6: 'push_cast' tactic does nothing

Note: This linter can be disabled with `set_option linter.unusedTactic false`
⚠ [3662/3668] Replayed ZhangLS.Spec.Lemma44GaussianVerticalTail
info: ZhangLS/Spec/Lemma44GaussianVerticalTail.lean:41:4: Try this:
  [apply] ring_nf
  
  The `ring` tactic failed to close the goal. Use `ring_nf` to obtain a normal form.
    
  Note that `ring` works primarily in *commutative* rings. If you have a noncommutative ring, abelian group or module, consider using `noncomm_ring`, `abel` or `module` instead.
info: ZhangLS/Spec/Lemma44GaussianVerticalTail.lean:57:16: Try this:
  [apply] ring_nf
  
  The `ring` tactic failed to close the goal. Use `ring_nf` to obtain a normal form.
    
  Note that `ring` works primarily in *commutative* rings. If you have a noncommutative ring, abelian group or module, consider using `noncomm_ring`, `abel` or `module` instead.
warning: ZhangLS/Spec/Lemma44GaussianVerticalTail.lean:57:12: Used `tac1 <;> tac2` where `(tac1; tac2)` would suffice

Note: This linter can be disabled with `set_option linter.unnecessarySeqFocus false`
warning: ZhangLS/Spec/Lemma44GaussianVerticalTail.lean:68:22: Used `tac1 <;> tac2` where `(tac1; tac2)` would suffice

Note: This linter can be disabled with `set_option linter.unnecessarySeqFocus false`
info: ZhangLS/Spec/Lemma44GaussianVerticalTail.lean:153:35: Try this:
  [apply] ring_nf
  
  The `ring` tactic failed to close the goal. Use `ring_nf` to obtain a normal form.
    
  Note that `ring` works primarily in *commutative* rings. If you have a noncommutative ring, abelian group or module, consider using `noncomm_ring`, `abel` or `module` instead.
⚠ [3663/3668] Replayed ZhangLS.Spec.Lemma44LocalRectangle
warning: ZhangLS/Spec/Lemma44LocalRectangle.lean:115:46: This simp argument is unused:
  zero_mul

Hint: Omit it from the simp argument list.
  simp only [mem_reProdIm, mem_Icc, sub_re, sub_im, ofReal_re, ofReal_im, mul_re, mul_im, I_re,
  ̲  ̲ ̲ ̲ ̲ ̲ ̲ ̲I_im, mul_zero, z̵e̵r̵o̵_̵m̵u̵l̵,̵ ̵mul_one, zero_add, sub_zero]

Note: This linter can be disabled with `set_option linter.unusedSimpArgs false`
warning: ZhangLS/Spec/Lemma44LocalRectangle.lean:115:65: This simp argument is unused:
  zero_add

Hint: Omit it from the simp argument list.
  simp only [mem_reProdIm, mem_Icc, sub_re, sub_im, ofReal_re, ofReal_im, mul_re, mul_im, I_re,
  ̲  ̲ ̲ ̲ ̲ ̲ ̲ ̲I_im, mul_zero, zero_mul, mul_one, z̵e̵r̵o̵_̵a̵d̵d̵,̵ ̵sub_zero]

Note: This linter can be disabled with `set_option linter.unusedSimpArgs false`
⚠ [3666/3668] Replayed ZhangLS.Spec.Lemma44HorizontalIntegrals
warning: ZhangLS/Spec/Lemma44HorizontalIntegrals.lean:18:5: unused variable `hK`

Note: This linter can be disabled with `set_option linter.unusedVariables false`
⚠ [3667/3668] Replayed ZhangLS.Spec.Lemma44ReflectedPolynomialContours
warning: ZhangLS/Spec/Lemma44ReflectedPolynomialContours.lean:152:64: This simp argument is unused:
  mul_left_comm

Hint: Omit it from the simp argument list.
  simp only [sub_eq_add_neg, add_comm, add_left_comm, mul_comm, mul_l̵e̵f̵t̵_̵c̵o̵m̵m̵,̵ ̵m̵u̵l̵_̵assoc] at hc ⊢

Note: This linter can be disabled with `set_option linter.unusedSimpArgs false`
warning: ZhangLS/Spec/Lemma44ReflectedPolynomialContours.lean:152:79: This simp argument is unused:
  mul_assoc

Hint: Omit it from the simp argument list.
  simp only [sub_eq_add_neg, add_comm, add_left_comm, mul_comm, mul_left_comm,̵ ̵m̵u̵l̵_̵a̵s̵s̵o̵c̵] at hc ⊢

Note: This linter can be disabled with `set_option linter.unusedSimpArgs false`
Build completed successfully (3668 jobs).
== kernel-check ZhangLS/Spec/Lemma44ReflectedPolynomialContours.lean ==
⚠ [1279/1803] Replayed ZhangLS.Spec.RealDirichletCharacter
warning: ZhangLS/Spec/RealDirichletCharacter.lean:48:4: try 'simp' instead of 'simpa'

Note: This linter can be disabled with `set_option linter.unnecessarySimpa false`
⚠ [3432/3532] Replayed ZhangLS.Spec.Lemma44ComplexCharacterAbel
warning: ZhangLS/Spec/Lemma44ComplexCharacterAbel.lean:73:56: unused variable `hD`

Note: This linter can be disabled with `set_option linter.unusedVariables false`
⚠ [3433/3532] Replayed ZhangLS.Spec.Lemma44CharacterProduct
warning: ZhangLS/Spec/Lemma44CharacterProduct.lean:55:38: This simp argument is unused:
  mul_comm

Hint: Omit it from the simp argument list.
  simp [̵m̵u̵l̵_̵c̵o̵m̵m̵,̵ ̵m̵u̵l̵_̵l̵e̵f̵t̵_̵c̵o̵m̵m̵,̵[̲m̲u̲l̲_̲l̲e̲f̲t̲_̲c̲o̲m̲m̲,̲ mul_assoc]

Note: This linter can be disabled with `set_option linter.unusedSimpArgs false`
warning: ZhangLS/Spec/Lemma44CharacterProduct.lean:55:48: This simp argument is unused:
  mul_left_comm

Hint: Omit it from the simp argument list.
  simp [mul_comm, mul_l̵e̵f̵t̵_̵c̵o̵m̵m̵,̵ ̵m̵u̵l̵_̵assoc]

Note: This linter can be disabled with `set_option linter.unusedSimpArgs false`
⚠ [3458/3532] Replayed ZhangLS.Spec.Lemma23AnalyticLogBranch
warning: ZhangLS/Spec/Lemma23AnalyticLogBranch.lean:42:53: try 'simp' instead of 'simpa'

Note: This linter can be disabled with `set_option linter.unnecessarySimpa false`
warning: ZhangLS/Spec/Lemma23AnalyticLogBranch.lean:67:44: try 'simp' instead of 'simpa'

Note: This linter can be disabled with `set_option linter.unnecessarySimpa false`
⚠ [3470/3532] Replayed ZhangLS.Spec.RealAxisAtOne
warning: ZhangLS/Spec/RealAxisAtOne.lean:56:4: try 'simp' instead of 'simpa'

Note: This linter can be disabled with `set_option linter.unnecessarySimpa false`
⚠ [3472/3532] Replayed ZhangLS.Spec.Lemma57
warning: ZhangLS/Spec/Lemma57.lean:101:58: unused variable `hD`

Note: This linter can be disabled with `set_option linter.unusedVariables false`
warning: ZhangLS/Spec/Lemma57.lean:102:7: unused variable `hA`

Note: This linter can be disabled with `set_option linter.unusedVariables false`
⚠ [3473/3532] Replayed ZhangLS.Spec.Lemma57Arithmetic
warning: ZhangLS/Spec/Lemma57Arithmetic.lean:55:15: unused variable `hc_g`

Note: This linter can be disabled with `set_option linter.unusedVariables false`
⚠ [3478/3532] Replayed ZhangLS.Spec.Lemma57SmoothedSum
warning: ZhangLS/Spec/Lemma57SmoothedSum.lean:42:46: unused variable `hD`

Note: This linter can be disabled with `set_option linter.unusedVariables false`
⚠ [3487/3532] Replayed ZhangLS.Spec.Lemma57GaussianGlobal
warning: ZhangLS/Spec/Lemma57GaussianGlobal.lean:55:58: unused variable `ha`

Note: This linter can be disabled with `set_option linter.unusedVariables false`
warning: ZhangLS/Spec/Lemma57GaussianGlobal.lean:241:13: unused variable `hD`

Note: This linter can be disabled with `set_option linter.unusedVariables false`
warning: ZhangLS/Spec/Lemma57GaussianGlobal.lean:241:34: unused variable `hx`

Note: This linter can be disabled with `set_option linter.unusedVariables false`
⚠ [3488/3532] Replayed ZhangLS.Spec.Lemma57SmoothedSummability
warning: ZhangLS/Spec/Lemma57SmoothedSummability.lean:20:52: unused variable `hn`

Note: This linter can be disabled with `set_option linter.unusedVariables false`
⚠ [3493/3532] Replayed ZhangLS.Spec.Lemma57GaussianMellinTransform
warning: ZhangLS/Spec/Lemma57GaussianMellinTransform.lean:67:63: Used `tac1 <;> tac2` where `(tac1; tac2)` would suffice

Note: This linter can be disabled with `set_option linter.unnecessarySeqFocus false`
warning: ZhangLS/Spec/Lemma57GaussianMellinTransform.lean:145:54: Used `tac1 <;> tac2` where `(tac1; tac2)` would suffice

Note: This linter can be disabled with `set_option linter.unnecessarySeqFocus false`
warning: ZhangLS/Spec/Lemma57GaussianMellinTransform.lean:326:4: Try `simp at hs` instead of `simpa using hs`

Note: This linter can be disabled with `set_option linter.unnecessarySimpa false`
⚠ [3499/3532] Replayed ZhangLS.Spec.RiemannZetaCriticalLineBound
warning: ZhangLS/Spec/RiemannZetaCriticalLineBound.lean:99:2: Used `tac1 <;> tac2` where `(tac1; tac2)` would suffice

Note: This linter can be disabled with `set_option linter.unnecessarySeqFocus false`
warning: ZhangLS/Spec/RiemannZetaCriticalLineBound.lean:124:13: unused variable `hs`

Note: This linter can be disabled with `set_option linter.unusedVariables false`
warning: ZhangLS/Spec/RiemannZetaCriticalLineBound.lean:152:6: unused variable `n`

Note: This linter can be disabled with `set_option linter.unusedVariables false`
warning: ZhangLS/Spec/RiemannZetaCriticalLineBound.lean:156:20: unused variable `k`

Note: This linter can be disabled with `set_option linter.unusedVariables false`
warning: ZhangLS/Spec/RiemannZetaCriticalLineBound.lean:161:8: This simp argument is unused:
  sum_one_Icc

Hint: Omit it from the simp argument list.
  simp ̵[̵s̵u̵m̵_̵o̵n̵e̵_̵I̵c̵c̵]̵

Note: This linter can be disabled with `set_option linter.unusedSimpArgs false`
warning: ZhangLS/Spec/RiemannZetaCriticalLineBound.lean:242:12: 'ring' tactic does nothing

Note: This linter can be disabled with `set_option linter.unusedTactic false`
warning: ZhangLS/Spec/RiemannZetaCriticalLineBound.lean:242:12: this tactic is never executed

Note: This linter can be disabled with `set_option linter.unreachableTactic false`
warning: ZhangLS/Spec/RiemannZetaCriticalLineBound.lean:219:41: Used `tac1 <;> tac2` where `(tac1; tac2)` would suffice

Note: This linter can be disabled with `set_option linter.unnecessarySeqFocus false`
warning: ZhangLS/Spec/RiemannZetaCriticalLineBound.lean:303:8: 'ring' tactic does nothing

Note: This linter can be disabled with `set_option linter.unusedTactic false`
warning: ZhangLS/Spec/RiemannZetaCriticalLineBound.lean:303:8: this tactic is never executed

Note: This linter can be disabled with `set_option linter.unreachableTactic false`
warning: ZhangLS/Spec/RiemannZetaCriticalLineBound.lean:394:12: This simp argument is unused:
  norm_div

Hint: Omit it from the simp argument list.
  simp ̵[̵n̵o̵r̵m̵_̵d̵i̵v̵]̵

Note: This linter can be disabled with `set_option linter.unusedSimpArgs false`
warning: ZhangLS/Spec/RiemannZetaCriticalLineBound.lean:475:75: This simp argument is unused:
  norm_div

Hint: Omit it from the simp argument list.
  simp ̵[̵n̵o̵r̵m̵_̵d̵i̵v̵]̵

Note: This linter can be disabled with `set_option linter.unusedSimpArgs false`
⚠ [3500/3532] Replayed ZhangLS.Spec.Lemma57CriticalStripGrowth
warning: ZhangLS/Spec/Lemma57CriticalStripGrowth.lean:270:14: This simp argument is unused:
  norm_div

Hint: Omit it from the simp argument list.
  simp ̵[̵n̵o̵r̵m̵_̵d̵i̵v̵]̵

Note: This linter can be disabled with `set_option linter.unusedSimpArgs false`
⚠ [3507/3532] Replayed ZhangLS.Spec.Lemma23DirichletConjugation
warning: ZhangLS/Spec/Lemma23DirichletConjugation.lean:23:0: automatically included section variable(s) unused in theorem `ZhangLS.Spec.dirichletLSeries_inv_eq_conj_at_conj`:
  [NeZero N]
consider restructuring your `variable` declarations so that the variables are not in scope or explicitly omit them:
  omit [NeZero N] in theorem ...

Note: This linter can be disabled with `set_option linter.unusedSectionVars false`
⚠ [3509/3532] Replayed ZhangLS.Spec.Lemma23PrimitiveGaussSum
warning: ZhangLS/Spec/Lemma23PrimitiveGaussSum.lean:42:19: Used `tac1 <;> tac2` where `(tac1; tac2)` would suffice

Note: This linter can be disabled with `set_option linter.unnecessarySeqFocus false`
⚠ [3510/3532] Replayed ZhangLS.Spec.Lemma23DirichletUnitModulus
warning: ZhangLS/Spec/Lemma23DirichletUnitModulus.lean:112:48: Used `tac1 <;> tac2` where `(tac1; tac2)` would suffice

Note: This linter can be disabled with `set_option linter.unnecessarySeqFocus false`
⚠ [3648/3667] Replayed ZhangLS.Spec.Lemma44ProductMellin
warning: ZhangLS/Spec/Lemma44ProductMellin.lean:144:4: try 'simp' instead of 'simpa'

Note: This linter can be disabled with `set_option linter.unnecessarySimpa false`
⚠ [3652/3667] Replayed ZhangLS.Spec.Lemma44RightMellinApproximation
warning: ZhangLS/Spec/Lemma44RightMellinApproximation.lean:37:4: try 'simp' instead of 'simpa'

Note: This linter can be disabled with `set_option linter.unnecessarySimpa false`
⚠ [3656/3667] Replayed ZhangLS.Spec.Lemma44ReflectedLongSum
warning: ZhangLS/Spec/Lemma44ReflectedLongSum.lean:81:64: Used `tac1 <;> tac2` where `(tac1; tac2)` would suffice

Note: This linter can be disabled with `set_option linter.unnecessarySeqFocus false`
⚠ [3658/3667] Replayed ZhangLS.Spec.Lemma44InitialLeftEstimates
warning: ZhangLS/Spec/Lemma44InitialLeftEstimates.lean:68:23: Used `tac1 <;> tac2` where `(tac1; tac2)` would suffice

Note: This linter can be disabled with `set_option linter.unnecessarySeqFocus false`
⚠ [3659/3667] Replayed ZhangLS.Spec.Lemma44HorizontalGrowth
warning: ZhangLS/Spec/Lemma44HorizontalGrowth.lean:147:6: 'push_cast' tactic does nothing

Note: This linter can be disabled with `set_option linter.unusedTactic false`
⚠ [3662/3667] Replayed ZhangLS.Spec.Lemma44GaussianVerticalTail
info: ZhangLS/Spec/Lemma44GaussianVerticalTail.lean:41:4: Try this:
  [apply] ring_nf
  
  The `ring` tactic failed to close the goal. Use `ring_nf` to obtain a normal form.
    
  Note that `ring` works primarily in *commutative* rings. If you have a noncommutative ring, abelian group or module, consider using `noncomm_ring`, `abel` or `module` instead.
info: ZhangLS/Spec/Lemma44GaussianVerticalTail.lean:57:16: Try this:
  [apply] ring_nf
  
  The `ring` tactic failed to close the goal. Use `ring_nf` to obtain a normal form.
    
  Note that `ring` works primarily in *commutative* rings. If you have a noncommutative ring, abelian group or module, consider using `noncomm_ring`, `abel` or `module` instead.
warning: ZhangLS/Spec/Lemma44GaussianVerticalTail.lean:57:12: Used `tac1 <;> tac2` where `(tac1; tac2)` would suffice

Note: This linter can be disabled with `set_option linter.unnecessarySeqFocus false`
warning: ZhangLS/Spec/Lemma44GaussianVerticalTail.lean:68:22: Used `tac1 <;> tac2` where `(tac1; tac2)` would suffice

Note: This linter can be disabled with `set_option linter.unnecessarySeqFocus false`
info: ZhangLS/Spec/Lemma44GaussianVerticalTail.lean:153:35: Try this:
  [apply] ring_nf
  
  The `ring` tactic failed to close the goal. Use `ring_nf` to obtain a normal form.
    
  Note that `ring` works primarily in *commutative* rings. If you have a noncommutative ring, abelian group or module, consider using `noncomm_ring`, `abel` or `module` instead.
⚠ [3663/3667] Replayed ZhangLS.Spec.Lemma44LocalRectangle
warning: ZhangLS/Spec/Lemma44LocalRectangle.lean:115:46: This simp argument is unused:
  zero_mul

Hint: Omit it from the simp argument list.
  simp only [mem_reProdIm, mem_Icc, sub_re, sub_im, ofReal_re, ofReal_im, mul_re, mul_im, I_re,
  ̲  ̲ ̲ ̲ ̲ ̲ ̲ ̲I_im, mul_zero, z̵e̵r̵o̵_̵m̵u̵l̵,̵ ̵mul_one, zero_add, sub_zero]

Note: This linter can be disabled with `set_option linter.unusedSimpArgs false`
warning: ZhangLS/Spec/Lemma44LocalRectangle.lean:115:65: This simp argument is unused:
  zero_add

Hint: Omit it from the simp argument list.
  simp only [mem_reProdIm, mem_Icc, sub_re, sub_im, ofReal_re, ofReal_im, mul_re, mul_im, I_re,
  ̲  ̲ ̲ ̲ ̲ ̲ ̲ ̲I_im, mul_zero, zero_mul, mul_one, z̵e̵r̵o̵_̵a̵d̵d̵,̵ ̵sub_zero]

Note: This linter can be disabled with `set_option linter.unusedSimpArgs false`
⚠ [3666/3667] Replayed ZhangLS.Spec.Lemma44HorizontalIntegrals
warning: ZhangLS/Spec/Lemma44HorizontalIntegrals.lean:18:5: unused variable `hK`

Note: This linter can be disabled with `set_option linter.unusedVariables false`
⚠ [3667/3667] Replayed ZhangLS.Spec.Lemma44ReflectedPolynomialContours
warning: ZhangLS/Spec/Lemma44ReflectedPolynomialContours.lean:152:64: This simp argument is unused:
  mul_left_comm

Hint: Omit it from the simp argument list.
  simp only [sub_eq_add_neg, add_comm, add_left_comm, mul_comm, mul_l̵e̵f̵t̵_̵c̵o̵m̵m̵,̵ ̵m̵u̵l̵_̵assoc] at hc ⊢

Note: This linter can be disabled with `set_option linter.unusedSimpArgs false`
warning: ZhangLS/Spec/Lemma44ReflectedPolynomialContours.lean:152:79: This simp argument is unused:
  mul_assoc

Hint: Omit it from the simp argument list.
  simp only [sub_eq_add_neg, add_comm, add_left_comm, mul_comm, mul_left_comm,̵ ̵m̵u̵l̵_̵a̵s̵s̵o̵c̵] at hc ⊢

Note: This linter can be disabled with `set_option linter.unusedSimpArgs false`
Build completed successfully (3667 jobs).
ZhangLS/Spec/Lemma44ReflectedPolynomialContours.lean:152:64: warning: This simp argument is unused:
  mul_left_comm

Hint: Omit it from the simp argument list.
  simp only [sub_eq_add_neg, add_comm, add_left_comm, mul_comm, mul_l̵e̵f̵t̵_̵c̵o̵m̵m̵,̵ ̵m̵u̵l̵_̵assoc] at hc ⊢

Note: This linter can be disabled with `set_option linter.unusedSimpArgs false`
ZhangLS/Spec/Lemma44ReflectedPolynomialContours.lean:152:79: warning: This simp argument is unused:
  mul_assoc

Hint: Omit it from the simp argument list.
  simp only [sub_eq_add_neg, add_comm, add_left_comm, mul_comm, mul_left_comm,̵ ̵m̵u̵l̵_̵a̵s̵s̵o̵c̵] at hc ⊢

Note: This linter can be disabled with `set_option linter.unusedSimpArgs false`
== kernel-check ZhangLS/Spec/Lemma44ReflectedSeriesSplit.lean ==
⚠ [1279/1317] Replayed ZhangLS.Spec.RealDirichletCharacter
warning: ZhangLS/Spec/RealDirichletCharacter.lean:48:4: try 'simp' instead of 'simpa'

Note: This linter can be disabled with `set_option linter.unnecessarySimpa false`
⚠ [1280/1317] Replayed ZhangLS.Spec.Lemma44CharacterProduct
warning: ZhangLS/Spec/Lemma44CharacterProduct.lean:55:38: This simp argument is unused:
  mul_comm

Hint: Omit it from the simp argument list.
  simp [̵m̵u̵l̵_̵c̵o̵m̵m̵,̵ ̵m̵u̵l̵_̵l̵e̵f̵t̵_̵c̵o̵m̵m̵,̵[̲m̲u̲l̲_̲l̲e̲f̲t̲_̲c̲o̲m̲m̲,̲ mul_assoc]

Note: This linter can be disabled with `set_option linter.unusedSimpArgs false`
warning: ZhangLS/Spec/Lemma44CharacterProduct.lean:55:48: This simp argument is unused:
  mul_left_comm

Hint: Omit it from the simp argument list.
  simp [mul_comm, mul_l̵e̵f̵t̵_̵c̵o̵m̵m̵,̵ ̵m̵u̵l̵_̵assoc]

Note: This linter can be disabled with `set_option linter.unusedSimpArgs false`
⚠ [2490/2852] Replayed ZhangLS.Spec.Lemma23AnalyticLogBranch
warning: ZhangLS/Spec/Lemma23AnalyticLogBranch.lean:42:53: try 'simp' instead of 'simpa'

Note: This linter can be disabled with `set_option linter.unnecessarySimpa false`
warning: ZhangLS/Spec/Lemma23AnalyticLogBranch.lean:67:44: try 'simp' instead of 'simpa'

Note: This linter can be disabled with `set_option linter.unnecessarySimpa false`
⚠ [3461/3619] Replayed ZhangLS.Spec.RealAxisAtOne
warning: ZhangLS/Spec/RealAxisAtOne.lean:56:4: try 'simp' instead of 'simpa'

Note: This linter can be disabled with `set_option linter.unnecessarySimpa false`
⚠ [3463/3619] Replayed ZhangLS.Spec.Lemma57
warning: ZhangLS/Spec/Lemma57.lean:101:58: unused variable `hD`

Note: This linter can be disabled with `set_option linter.unusedVariables false`
warning: ZhangLS/Spec/Lemma57.lean:102:7: unused variable `hA`

Note: This linter can be disabled with `set_option linter.unusedVariables false`
⚠ [3464/3619] Replayed ZhangLS.Spec.Lemma57Arithmetic
warning: ZhangLS/Spec/Lemma57Arithmetic.lean:55:15: unused variable `hc_g`

Note: This linter can be disabled with `set_option linter.unusedVariables false`
⚠ [3469/3619] Replayed ZhangLS.Spec.Lemma57SmoothedSum
warning: ZhangLS/Spec/Lemma57SmoothedSum.lean:42:46: unused variable `hD`

Note: This linter can be disabled with `set_option linter.unusedVariables false`
⚠ [3478/3619] Replayed ZhangLS.Spec.Lemma57GaussianGlobal
warning: ZhangLS/Spec/Lemma57GaussianGlobal.lean:55:58: unused variable `ha`

Note: This linter can be disabled with `set_option linter.unusedVariables false`
warning: ZhangLS/Spec/Lemma57GaussianGlobal.lean:241:13: unused variable `hD`

Note: This linter can be disabled with `set_option linter.unusedVariables false`
warning: ZhangLS/Spec/Lemma57GaussianGlobal.lean:241:34: unused variable `hx`

Note: This linter can be disabled with `set_option linter.unusedVariables false`
⚠ [3479/3619] Replayed ZhangLS.Spec.Lemma57SmoothedSummability
warning: ZhangLS/Spec/Lemma57SmoothedSummability.lean:20:52: unused variable `hn`

Note: This linter can be disabled with `set_option linter.unusedVariables false`
⚠ [3491/3619] Replayed ZhangLS.Spec.RiemannZetaCriticalLineBound
warning: ZhangLS/Spec/RiemannZetaCriticalLineBound.lean:99:2: Used `tac1 <;> tac2` where `(tac1; tac2)` would suffice

Note: This linter can be disabled with `set_option linter.unnecessarySeqFocus false`
warning: ZhangLS/Spec/RiemannZetaCriticalLineBound.lean:124:13: unused variable `hs`

Note: This linter can be disabled with `set_option linter.unusedVariables false`
warning: ZhangLS/Spec/RiemannZetaCriticalLineBound.lean:152:6: unused variable `n`

Note: This linter can be disabled with `set_option linter.unusedVariables false`
warning: ZhangLS/Spec/RiemannZetaCriticalLineBound.lean:156:20: unused variable `k`

Note: This linter can be disabled with `set_option linter.unusedVariables false`
warning: ZhangLS/Spec/RiemannZetaCriticalLineBound.lean:161:8: This simp argument is unused:
  sum_one_Icc

Hint: Omit it from the simp argument list.
  simp ̵[̵s̵u̵m̵_̵o̵n̵e̵_̵I̵c̵c̵]̵

Note: This linter can be disabled with `set_option linter.unusedSimpArgs false`
warning: ZhangLS/Spec/RiemannZetaCriticalLineBound.lean:242:12: 'ring' tactic does nothing

Note: This linter can be disabled with `set_option linter.unusedTactic false`
warning: ZhangLS/Spec/RiemannZetaCriticalLineBound.lean:242:12: this tactic is never executed

Note: This linter can be disabled with `set_option linter.unreachableTactic false`
warning: ZhangLS/Spec/RiemannZetaCriticalLineBound.lean:219:41: Used `tac1 <;> tac2` where `(tac1; tac2)` would suffice

Note: This linter can be disabled with `set_option linter.unnecessarySeqFocus false`
warning: ZhangLS/Spec/RiemannZetaCriticalLineBound.lean:303:8: 'ring' tactic does nothing

Note: This linter can be disabled with `set_option linter.unusedTactic false`
warning: ZhangLS/Spec/RiemannZetaCriticalLineBound.lean:303:8: this tactic is never executed

Note: This linter can be disabled with `set_option linter.unreachableTactic false`
warning: ZhangLS/Spec/RiemannZetaCriticalLineBound.lean:394:12: This simp argument is unused:
  norm_div

Hint: Omit it from the simp argument list.
  simp ̵[̵n̵o̵r̵m̵_̵d̵i̵v̵]̵

Note: This linter can be disabled with `set_option linter.unusedSimpArgs false`
warning: ZhangLS/Spec/RiemannZetaCriticalLineBound.lean:475:75: This simp argument is unused:
  norm_div

Hint: Omit it from the simp argument list.
  simp ̵[̵n̵o̵r̵m̵_̵d̵i̵v̵]̵

Note: This linter can be disabled with `set_option linter.unusedSimpArgs false`
⚠ [3495/3619] Replayed ZhangLS.Spec.Lemma23DirichletConjugation
warning: ZhangLS/Spec/Lemma23DirichletConjugation.lean:23:0: automatically included section variable(s) unused in theorem `ZhangLS.Spec.dirichletLSeries_inv_eq_conj_at_conj`:
  [NeZero N]
consider restructuring your `variable` declarations so that the variables are not in scope or explicitly omit them:
  omit [NeZero N] in theorem ...

Note: This linter can be disabled with `set_option linter.unusedSectionVars false`
⚠ [3497/3619] Replayed ZhangLS.Spec.Lemma23PrimitiveGaussSum
warning: ZhangLS/Spec/Lemma23PrimitiveGaussSum.lean:42:19: Used `tac1 <;> tac2` where `(tac1; tac2)` would suffice

Note: This linter can be disabled with `set_option linter.unnecessarySeqFocus false`
⚠ [3498/3619] Replayed ZhangLS.Spec.Lemma23DirichletUnitModulus
warning: ZhangLS/Spec/Lemma23DirichletUnitModulus.lean:112:48: Used `tac1 <;> tac2` where `(tac1; tac2)` would suffice

Note: This linter can be disabled with `set_option linter.unnecessarySeqFocus false`
⚠ [3600/3660] Replayed ZhangLS.Spec.Lemma57GaussianMellinTransform
warning: ZhangLS/Spec/Lemma57GaussianMellinTransform.lean:67:63: Used `tac1 <;> tac2` where `(tac1; tac2)` would suffice

Note: This linter can be disabled with `set_option linter.unnecessarySeqFocus false`
warning: ZhangLS/Spec/Lemma57GaussianMellinTransform.lean:145:54: Used `tac1 <;> tac2` where `(tac1; tac2)` would suffice

Note: This linter can be disabled with `set_option linter.unnecessarySeqFocus false`
warning: ZhangLS/Spec/Lemma57GaussianMellinTransform.lean:326:4: Try `simp at hs` instead of `simpa using hs`

Note: This linter can be disabled with `set_option linter.unnecessarySimpa false`
⚠ [3606/3660] Replayed ZhangLS.Spec.Lemma57CriticalStripGrowth
warning: ZhangLS/Spec/Lemma57CriticalStripGrowth.lean:270:14: This simp argument is unused:
  norm_div

Hint: Omit it from the simp argument list.
  simp ̵[̵n̵o̵r̵m̵_̵d̵i̵v̵]̵

Note: This linter can be disabled with `set_option linter.unusedSimpArgs false`
⚠ [3647/3660] Replayed ZhangLS.Spec.Lemma44ProductMellin
warning: ZhangLS/Spec/Lemma44ProductMellin.lean:144:4: try 'simp' instead of 'simpa'

Note: This linter can be disabled with `set_option linter.unnecessarySimpa false`
⚠ [3651/3660] Replayed ZhangLS.Spec.Lemma44RightMellinApproximation
warning: ZhangLS/Spec/Lemma44RightMellinApproximation.lean:37:4: try 'simp' instead of 'simpa'

Note: This linter can be disabled with `set_option linter.unnecessarySimpa false`
⚠ [3655/3660] Replayed ZhangLS.Spec.Lemma44ReflectedLongSum
warning: ZhangLS/Spec/Lemma44ReflectedLongSum.lean:81:64: Used `tac1 <;> tac2` where `(tac1; tac2)` would suffice

Note: This linter can be disabled with `set_option linter.unnecessarySeqFocus false`
⚠ [3658/3660] Replayed ZhangLS.Spec.Lemma44InitialLeftEstimates
warning: ZhangLS/Spec/Lemma44InitialLeftEstimates.lean:68:23: Used `tac1 <;> tac2` where `(tac1; tac2)` would suffice

Note: This linter can be disabled with `set_option linter.unnecessarySeqFocus false`
Build completed successfully (3660 jobs).
== kernel-check ZhangLS/Spec/Lemma44ReflectedTail.lean ==
⚠ [1279/1364] Replayed ZhangLS.Spec.RealDirichletCharacter
warning: ZhangLS/Spec/RealDirichletCharacter.lean:48:4: try 'simp' instead of 'simpa'

Note: This linter can be disabled with `set_option linter.unnecessarySimpa false`
⚠ [1280/1364] Replayed ZhangLS.Spec.Lemma44CharacterProduct
warning: ZhangLS/Spec/Lemma44CharacterProduct.lean:55:38: This simp argument is unused:
  mul_comm

Hint: Omit it from the simp argument list.
  simp [̵m̵u̵l̵_̵c̵o̵m̵m̵,̵ ̵m̵u̵l̵_̵l̵e̵f̵t̵_̵c̵o̵m̵m̵,̵[̲m̲u̲l̲_̲l̲e̲f̲t̲_̲c̲o̲m̲m̲,̲ mul_assoc]

Note: This linter can be disabled with `set_option linter.unusedSimpArgs false`
warning: ZhangLS/Spec/Lemma44CharacterProduct.lean:55:48: This simp argument is unused:
  mul_left_comm

Hint: Omit it from the simp argument list.
  simp [mul_comm, mul_l̵e̵f̵t̵_̵c̵o̵m̵m̵,̵ ̵m̵u̵l̵_̵assoc]

Note: This linter can be disabled with `set_option linter.unusedSimpArgs false`
⚠ [2474/2586] Replayed ZhangLS.Spec.Lemma23AnalyticLogBranch
warning: ZhangLS/Spec/Lemma23AnalyticLogBranch.lean:42:53: try 'simp' instead of 'simpa'

Note: This linter can be disabled with `set_option linter.unnecessarySimpa false`
warning: ZhangLS/Spec/Lemma23AnalyticLogBranch.lean:67:44: try 'simp' instead of 'simpa'

Note: This linter can be disabled with `set_option linter.unnecessarySimpa false`
⚠ [3462/3657] Replayed ZhangLS.Spec.RealAxisAtOne
warning: ZhangLS/Spec/RealAxisAtOne.lean:56:4: try 'simp' instead of 'simpa'

Note: This linter can be disabled with `set_option linter.unnecessarySimpa false`
⚠ [3464/3657] Replayed ZhangLS.Spec.Lemma57
warning: ZhangLS/Spec/Lemma57.lean:101:58: unused variable `hD`

Note: This linter can be disabled with `set_option linter.unusedVariables false`
warning: ZhangLS/Spec/Lemma57.lean:102:7: unused variable `hA`

Note: This linter can be disabled with `set_option linter.unusedVariables false`
⚠ [3465/3657] Replayed ZhangLS.Spec.Lemma57Arithmetic
warning: ZhangLS/Spec/Lemma57Arithmetic.lean:55:15: unused variable `hc_g`

Note: This linter can be disabled with `set_option linter.unusedVariables false`
⚠ [3470/3657] Replayed ZhangLS.Spec.Lemma57SmoothedSum
warning: ZhangLS/Spec/Lemma57SmoothedSum.lean:42:46: unused variable `hD`

Note: This linter can be disabled with `set_option linter.unusedVariables false`
⚠ [3479/3657] Replayed ZhangLS.Spec.Lemma57GaussianGlobal
warning: ZhangLS/Spec/Lemma57GaussianGlobal.lean:55:58: unused variable `ha`

Note: This linter can be disabled with `set_option linter.unusedVariables false`
warning: ZhangLS/Spec/Lemma57GaussianGlobal.lean:241:13: unused variable `hD`

Note: This linter can be disabled with `set_option linter.unusedVariables false`
warning: ZhangLS/Spec/Lemma57GaussianGlobal.lean:241:34: unused variable `hx`

Note: This linter can be disabled with `set_option linter.unusedVariables false`
⚠ [3480/3657] Replayed ZhangLS.Spec.Lemma57SmoothedSummability
warning: ZhangLS/Spec/Lemma57SmoothedSummability.lean:20:52: unused variable `hn`

Note: This linter can be disabled with `set_option linter.unusedVariables false`
⚠ [3485/3657] Replayed ZhangLS.Spec.Lemma57GaussianMellinTransform
warning: ZhangLS/Spec/Lemma57GaussianMellinTransform.lean:67:63: Used `tac1 <;> tac2` where `(tac1; tac2)` would suffice

Note: This linter can be disabled with `set_option linter.unnecessarySeqFocus false`
warning: ZhangLS/Spec/Lemma57GaussianMellinTransform.lean:145:54: Used `tac1 <;> tac2` where `(tac1; tac2)` would suffice

Note: This linter can be disabled with `set_option linter.unnecessarySeqFocus false`
warning: ZhangLS/Spec/Lemma57GaussianMellinTransform.lean:326:4: Try `simp at hs` instead of `simpa using hs`

Note: This linter can be disabled with `set_option linter.unnecessarySimpa false`
⚠ [3499/3657] Replayed ZhangLS.Spec.RiemannZetaCriticalLineBound
warning: ZhangLS/Spec/RiemannZetaCriticalLineBound.lean:99:2: Used `tac1 <;> tac2` where `(tac1; tac2)` would suffice

Note: This linter can be disabled with `set_option linter.unnecessarySeqFocus false`
warning: ZhangLS/Spec/RiemannZetaCriticalLineBound.lean:124:13: unused variable `hs`

Note: This linter can be disabled with `set_option linter.unusedVariables false`
warning: ZhangLS/Spec/RiemannZetaCriticalLineBound.lean:152:6: unused variable `n`

Note: This linter can be disabled with `set_option linter.unusedVariables false`
warning: ZhangLS/Spec/RiemannZetaCriticalLineBound.lean:156:20: unused variable `k`

Note: This linter can be disabled with `set_option linter.unusedVariables false`
warning: ZhangLS/Spec/RiemannZetaCriticalLineBound.lean:161:8: This simp argument is unused:
  sum_one_Icc

Hint: Omit it from the simp argument list.
  simp ̵[̵s̵u̵m̵_̵o̵n̵e̵_̵I̵c̵c̵]̵

Note: This linter can be disabled with `set_option linter.unusedSimpArgs false`
warning: ZhangLS/Spec/RiemannZetaCriticalLineBound.lean:242:12: 'ring' tactic does nothing

Note: This linter can be disabled with `set_option linter.unusedTactic false`
warning: ZhangLS/Spec/RiemannZetaCriticalLineBound.lean:242:12: this tactic is never executed

Note: This linter can be disabled with `set_option linter.unreachableTactic false`
warning: ZhangLS/Spec/RiemannZetaCriticalLineBound.lean:219:41: Used `tac1 <;> tac2` where `(tac1; tac2)` would suffice

Note: This linter can be disabled with `set_option linter.unnecessarySeqFocus false`
warning: ZhangLS/Spec/RiemannZetaCriticalLineBound.lean:303:8: 'ring' tactic does nothing

Note: This linter can be disabled with `set_option linter.unusedTactic false`
warning: ZhangLS/Spec/RiemannZetaCriticalLineBound.lean:303:8: this tactic is never executed

Note: This linter can be disabled with `set_option linter.unreachableTactic false`
warning: ZhangLS/Spec/RiemannZetaCriticalLineBound.lean:394:12: This simp argument is unused:
  norm_div

Hint: Omit it from the simp argument list.
  simp ̵[̵n̵o̵r̵m̵_̵d̵i̵v̵]̵

Note: This linter can be disabled with `set_option linter.unusedSimpArgs false`
warning: ZhangLS/Spec/RiemannZetaCriticalLineBound.lean:475:75: This simp argument is unused:
  norm_div

Hint: Omit it from the simp argument list.
  simp ̵[̵n̵o̵r̵m̵_̵d̵i̵v̵]̵

Note: This linter can be disabled with `set_option linter.unusedSimpArgs false`
⚠ [3500/3657] Replayed ZhangLS.Spec.Lemma57CriticalStripGrowth
warning: ZhangLS/Spec/Lemma57CriticalStripGrowth.lean:270:14: This simp argument is unused:
  norm_div

Hint: Omit it from the simp argument list.
  simp ̵[̵n̵o̵r̵m̵_̵d̵i̵v̵]̵

Note: This linter can be disabled with `set_option linter.unusedSimpArgs false`
⚠ [3507/3657] Replayed ZhangLS.Spec.Lemma23DirichletConjugation
warning: ZhangLS/Spec/Lemma23DirichletConjugation.lean:23:0: automatically included section variable(s) unused in theorem `ZhangLS.Spec.dirichletLSeries_inv_eq_conj_at_conj`:
  [NeZero N]
consider restructuring your `variable` declarations so that the variables are not in scope or explicitly omit them:
  omit [NeZero N] in theorem ...

Note: This linter can be disabled with `set_option linter.unusedSectionVars false`
⚠ [3509/3657] Replayed ZhangLS.Spec.Lemma23PrimitiveGaussSum
warning: ZhangLS/Spec/Lemma23PrimitiveGaussSum.lean:42:19: Used `tac1 <;> tac2` where `(tac1; tac2)` would suffice

Note: This linter can be disabled with `set_option linter.unnecessarySeqFocus false`
⚠ [3510/3657] Replayed ZhangLS.Spec.Lemma23DirichletUnitModulus
warning: ZhangLS/Spec/Lemma23DirichletUnitModulus.lean:112:48: Used `tac1 <;> tac2` where `(tac1; tac2)` would suffice

Note: This linter can be disabled with `set_option linter.unnecessarySeqFocus false`
⚠ [3647/3657] Replayed ZhangLS.Spec.Lemma44ProductMellin
warning: ZhangLS/Spec/Lemma44ProductMellin.lean:144:4: try 'simp' instead of 'simpa'

Note: This linter can be disabled with `set_option linter.unnecessarySimpa false`
⚠ [3651/3657] Replayed ZhangLS.Spec.Lemma44RightMellinApproximation
warning: ZhangLS/Spec/Lemma44RightMellinApproximation.lean:37:4: try 'simp' instead of 'simpa'

Note: This linter can be disabled with `set_option linter.unnecessarySimpa false`
⚠ [3655/3657] Replayed ZhangLS.Spec.Lemma44ReflectedLongSum
warning: ZhangLS/Spec/Lemma44ReflectedLongSum.lean:81:64: Used `tac1 <;> tac2` where `(tac1; tac2)` would suffice

Note: This linter can be disabled with `set_option linter.unnecessarySeqFocus false`
Build completed successfully (3657 jobs).
== kernel-check ZhangLS/Spec/Lemma44ReflectedTailContour.lean ==
⚠ [1279/1319] Replayed ZhangLS.Spec.RealDirichletCharacter
warning: ZhangLS/Spec/RealDirichletCharacter.lean:48:4: try 'simp' instead of 'simpa'

Note: This linter can be disabled with `set_option linter.unnecessarySimpa false`
⚠ [1280/1319] Replayed ZhangLS.Spec.Lemma44CharacterProduct
warning: ZhangLS/Spec/Lemma44CharacterProduct.lean:55:38: This simp argument is unused:
  mul_comm

Hint: Omit it from the simp argument list.
  simp [̵m̵u̵l̵_̵c̵o̵m̵m̵,̵ ̵m̵u̵l̵_̵l̵e̵f̵t̵_̵c̵o̵m̵m̵,̵[̲m̲u̲l̲_̲l̲e̲f̲t̲_̲c̲o̲m̲m̲,̲ mul_assoc]

Note: This linter can be disabled with `set_option linter.unusedSimpArgs false`
warning: ZhangLS/Spec/Lemma44CharacterProduct.lean:55:48: This simp argument is unused:
  mul_left_comm

Hint: Omit it from the simp argument list.
  simp [mul_comm, mul_l̵e̵f̵t̵_̵c̵o̵m̵m̵,̵ ̵m̵u̵l̵_̵assoc]

Note: This linter can be disabled with `set_option linter.unusedSimpArgs false`
⚠ [2475/3016] Replayed ZhangLS.Spec.Lemma23AnalyticLogBranch
warning: ZhangLS/Spec/Lemma23AnalyticLogBranch.lean:42:53: try 'simp' instead of 'simpa'

Note: This linter can be disabled with `set_option linter.unnecessarySimpa false`
warning: ZhangLS/Spec/Lemma23AnalyticLogBranch.lean:67:44: try 'simp' instead of 'simpa'

Note: This linter can be disabled with `set_option linter.unnecessarySimpa false`
⚠ [3461/3599] Replayed ZhangLS.Spec.RealAxisAtOne
warning: ZhangLS/Spec/RealAxisAtOne.lean:56:4: try 'simp' instead of 'simpa'

Note: This linter can be disabled with `set_option linter.unnecessarySimpa false`
⚠ [3463/3599] Replayed ZhangLS.Spec.Lemma57
warning: ZhangLS/Spec/Lemma57.lean:101:58: unused variable `hD`

Note: This linter can be disabled with `set_option linter.unusedVariables false`
warning: ZhangLS/Spec/Lemma57.lean:102:7: unused variable `hA`

Note: This linter can be disabled with `set_option linter.unusedVariables false`
⚠ [3464/3599] Replayed ZhangLS.Spec.Lemma57Arithmetic
warning: ZhangLS/Spec/Lemma57Arithmetic.lean:55:15: unused variable `hc_g`

Note: This linter can be disabled with `set_option linter.unusedVariables false`
⚠ [3469/3599] Replayed ZhangLS.Spec.Lemma57SmoothedSum
warning: ZhangLS/Spec/Lemma57SmoothedSum.lean:42:46: unused variable `hD`

Note: This linter can be disabled with `set_option linter.unusedVariables false`
⚠ [3478/3599] Replayed ZhangLS.Spec.Lemma57GaussianGlobal
warning: ZhangLS/Spec/Lemma57GaussianGlobal.lean:55:58: unused variable `ha`

Note: This linter can be disabled with `set_option linter.unusedVariables false`
warning: ZhangLS/Spec/Lemma57GaussianGlobal.lean:241:13: unused variable `hD`

Note: This linter can be disabled with `set_option linter.unusedVariables false`
warning: ZhangLS/Spec/Lemma57GaussianGlobal.lean:241:34: unused variable `hx`

Note: This linter can be disabled with `set_option linter.unusedVariables false`
⚠ [3479/3599] Replayed ZhangLS.Spec.Lemma57SmoothedSummability
warning: ZhangLS/Spec/Lemma57SmoothedSummability.lean:20:52: unused variable `hn`

Note: This linter can be disabled with `set_option linter.unusedVariables false`
⚠ [3484/3599] Replayed ZhangLS.Spec.Lemma57GaussianMellinTransform
warning: ZhangLS/Spec/Lemma57GaussianMellinTransform.lean:67:63: Used `tac1 <;> tac2` where `(tac1; tac2)` would suffice

Note: This linter can be disabled with `set_option linter.unnecessarySeqFocus false`
warning: ZhangLS/Spec/Lemma57GaussianMellinTransform.lean:145:54: Used `tac1 <;> tac2` where `(tac1; tac2)` would suffice

Note: This linter can be disabled with `set_option linter.unnecessarySeqFocus false`
warning: ZhangLS/Spec/Lemma57GaussianMellinTransform.lean:326:4: Try `simp at hs` instead of `simpa using hs`

Note: This linter can be disabled with `set_option linter.unnecessarySimpa false`
⚠ [3498/3599] Replayed ZhangLS.Spec.RiemannZetaCriticalLineBound
warning: ZhangLS/Spec/RiemannZetaCriticalLineBound.lean:99:2: Used `tac1 <;> tac2` where `(tac1; tac2)` would suffice

Note: This linter can be disabled with `set_option linter.unnecessarySeqFocus false`
warning: ZhangLS/Spec/RiemannZetaCriticalLineBound.lean:124:13: unused variable `hs`

Note: This linter can be disabled with `set_option linter.unusedVariables false`
warning: ZhangLS/Spec/RiemannZetaCriticalLineBound.lean:152:6: unused variable `n`

Note: This linter can be disabled with `set_option linter.unusedVariables false`
warning: ZhangLS/Spec/RiemannZetaCriticalLineBound.lean:156:20: unused variable `k`

Note: This linter can be disabled with `set_option linter.unusedVariables false`
warning: ZhangLS/Spec/RiemannZetaCriticalLineBound.lean:161:8: This simp argument is unused:
  sum_one_Icc

Hint: Omit it from the simp argument list.
  simp ̵[̵s̵u̵m̵_̵o̵n̵e̵_̵I̵c̵c̵]̵

Note: This linter can be disabled with `set_option linter.unusedSimpArgs false`
warning: ZhangLS/Spec/RiemannZetaCriticalLineBound.lean:242:12: 'ring' tactic does nothing

Note: This linter can be disabled with `set_option linter.unusedTactic false`
warning: ZhangLS/Spec/RiemannZetaCriticalLineBound.lean:242:12: this tactic is never executed

Note: This linter can be disabled with `set_option linter.unreachableTactic false`
warning: ZhangLS/Spec/RiemannZetaCriticalLineBound.lean:219:41: Used `tac1 <;> tac2` where `(tac1; tac2)` would suffice

Note: This linter can be disabled with `set_option linter.unnecessarySeqFocus false`
warning: ZhangLS/Spec/RiemannZetaCriticalLineBound.lean:303:8: 'ring' tactic does nothing

Note: This linter can be disabled with `set_option linter.unusedTactic false`
warning: ZhangLS/Spec/RiemannZetaCriticalLineBound.lean:303:8: this tactic is never executed

Note: This linter can be disabled with `set_option linter.unreachableTactic false`
warning: ZhangLS/Spec/RiemannZetaCriticalLineBound.lean:394:12: This simp argument is unused:
  norm_div

Hint: Omit it from the simp argument list.
  simp ̵[̵n̵o̵r̵m̵_̵d̵i̵v̵]̵

Note: This linter can be disabled with `set_option linter.unusedSimpArgs false`
warning: ZhangLS/Spec/RiemannZetaCriticalLineBound.lean:475:75: This simp argument is unused:
  norm_div

Hint: Omit it from the simp argument list.
  simp ̵[̵n̵o̵r̵m̵_̵d̵i̵v̵]̵

Note: This linter can be disabled with `set_option linter.unusedSimpArgs false`
⚠ [3499/3599] Replayed ZhangLS.Spec.Lemma57CriticalStripGrowth
warning: ZhangLS/Spec/Lemma57CriticalStripGrowth.lean:270:14: This simp argument is unused:
  norm_div

Hint: Omit it from the simp argument list.
  simp ̵[̵n̵o̵r̵m̵_̵d̵i̵v̵]̵

Note: This linter can be disabled with `set_option linter.unusedSimpArgs false`
⚠ [3506/3599] Replayed ZhangLS.Spec.Lemma23DirichletConjugation
warning: ZhangLS/Spec/Lemma23DirichletConjugation.lean:23:0: automatically included section variable(s) unused in theorem `ZhangLS.Spec.dirichletLSeries_inv_eq_conj_at_conj`:
  [NeZero N]
consider restructuring your `variable` declarations so that the variables are not in scope or explicitly omit them:
  omit [NeZero N] in theorem ...

Note: This linter can be disabled with `set_option linter.unusedSectionVars false`
⚠ [3508/3599] Replayed ZhangLS.Spec.Lemma23PrimitiveGaussSum
warning: ZhangLS/Spec/Lemma23PrimitiveGaussSum.lean:42:19: Used `tac1 <;> tac2` where `(tac1; tac2)` would suffice

Note: This linter can be disabled with `set_option linter.unnecessarySeqFocus false`
⚠ [3509/3599] Replayed ZhangLS.Spec.Lemma23DirichletUnitModulus
warning: ZhangLS/Spec/Lemma23DirichletUnitModulus.lean:112:48: Used `tac1 <;> tac2` where `(tac1; tac2)` would suffice

Note: This linter can be disabled with `set_option linter.unnecessarySeqFocus false`
⚠ [3647/3659] Replayed ZhangLS.Spec.Lemma44ProductMellin
warning: ZhangLS/Spec/Lemma44ProductMellin.lean:144:4: try 'simp' instead of 'simpa'

Note: This linter can be disabled with `set_option linter.unnecessarySimpa false`
⚠ [3651/3659] Replayed ZhangLS.Spec.Lemma44RightMellinApproximation
warning: ZhangLS/Spec/Lemma44RightMellinApproximation.lean:37:4: try 'simp' instead of 'simpa'

Note: This linter can be disabled with `set_option linter.unnecessarySimpa false`
⚠ [3655/3659] Replayed ZhangLS.Spec.Lemma44ReflectedLongSum
warning: ZhangLS/Spec/Lemma44ReflectedLongSum.lean:81:64: Used `tac1 <;> tac2` where `(tac1; tac2)` would suffice

Note: This linter can be disabled with `set_option linter.unnecessarySeqFocus false`
⚠ [3658/3659] Replayed ZhangLS.Spec.Lemma44InitialLeftEstimates
warning: ZhangLS/Spec/Lemma44InitialLeftEstimates.lean:68:23: Used `tac1 <;> tac2` where `(tac1; tac2)` would suffice

Note: This linter can be disabled with `set_option linter.unnecessarySeqFocus false`
Build completed successfully (3659 jobs).
== kernel-check ZhangLS/Spec/Lemma44RightMellinApproximation.lean ==
⚠ [1279/1689] Replayed ZhangLS.Spec.RealDirichletCharacter
warning: ZhangLS/Spec/RealDirichletCharacter.lean:48:4: try 'simp' instead of 'simpa'

Note: This linter can be disabled with `set_option linter.unnecessarySimpa false`
⚠ [1280/1689] Replayed ZhangLS.Spec.Lemma44CharacterProduct
warning: ZhangLS/Spec/Lemma44CharacterProduct.lean:55:38: This simp argument is unused:
  mul_comm

Hint: Omit it from the simp argument list.
  simp [̵m̵u̵l̵_̵c̵o̵m̵m̵,̵ ̵m̵u̵l̵_̵l̵e̵f̵t̵_̵c̵o̵m̵m̵,̵[̲m̲u̲l̲_̲l̲e̲f̲t̲_̲c̲o̲m̲m̲,̲ mul_assoc]

Note: This linter can be disabled with `set_option linter.unusedSimpArgs false`
warning: ZhangLS/Spec/Lemma44CharacterProduct.lean:55:48: This simp argument is unused:
  mul_left_comm

Hint: Omit it from the simp argument list.
  simp [mul_comm, mul_l̵e̵f̵t̵_̵c̵o̵m̵m̵,̵ ̵m̵u̵l̵_̵assoc]

Note: This linter can be disabled with `set_option linter.unusedSimpArgs false`
⚠ [2474/2632] Replayed ZhangLS.Spec.Lemma23AnalyticLogBranch
warning: ZhangLS/Spec/Lemma23AnalyticLogBranch.lean:42:53: try 'simp' instead of 'simpa'

Note: This linter can be disabled with `set_option linter.unnecessarySimpa false`
warning: ZhangLS/Spec/Lemma23AnalyticLogBranch.lean:67:44: try 'simp' instead of 'simpa'

Note: This linter can be disabled with `set_option linter.unnecessarySimpa false`
⚠ [3462/3650] Replayed ZhangLS.Spec.RealAxisAtOne
warning: ZhangLS/Spec/RealAxisAtOne.lean:56:4: try 'simp' instead of 'simpa'

Note: This linter can be disabled with `set_option linter.unnecessarySimpa false`
⚠ [3464/3650] Replayed ZhangLS.Spec.Lemma57
warning: ZhangLS/Spec/Lemma57.lean:101:58: unused variable `hD`

Note: This linter can be disabled with `set_option linter.unusedVariables false`
warning: ZhangLS/Spec/Lemma57.lean:102:7: unused variable `hA`

Note: This linter can be disabled with `set_option linter.unusedVariables false`
⚠ [3465/3650] Replayed ZhangLS.Spec.Lemma57Arithmetic
warning: ZhangLS/Spec/Lemma57Arithmetic.lean:55:15: unused variable `hc_g`

Note: This linter can be disabled with `set_option linter.unusedVariables false`
⚠ [3470/3650] Replayed ZhangLS.Spec.Lemma57SmoothedSum
warning: ZhangLS/Spec/Lemma57SmoothedSum.lean:42:46: unused variable `hD`

Note: This linter can be disabled with `set_option linter.unusedVariables false`
⚠ [3479/3650] Replayed ZhangLS.Spec.Lemma57GaussianGlobal
warning: ZhangLS/Spec/Lemma57GaussianGlobal.lean:55:58: unused variable `ha`

Note: This linter can be disabled with `set_option linter.unusedVariables false`
warning: ZhangLS/Spec/Lemma57GaussianGlobal.lean:241:13: unused variable `hD`

Note: This linter can be disabled with `set_option linter.unusedVariables false`
warning: ZhangLS/Spec/Lemma57GaussianGlobal.lean:241:34: unused variable `hx`

Note: This linter can be disabled with `set_option linter.unusedVariables false`
⚠ [3480/3650] Replayed ZhangLS.Spec.Lemma57SmoothedSummability
warning: ZhangLS/Spec/Lemma57SmoothedSummability.lean:20:52: unused variable `hn`

Note: This linter can be disabled with `set_option linter.unusedVariables false`
⚠ [3485/3650] Replayed ZhangLS.Spec.Lemma57GaussianMellinTransform
warning: ZhangLS/Spec/Lemma57GaussianMellinTransform.lean:67:63: Used `tac1 <;> tac2` where `(tac1; tac2)` would suffice

Note: This linter can be disabled with `set_option linter.unnecessarySeqFocus false`
warning: ZhangLS/Spec/Lemma57GaussianMellinTransform.lean:145:54: Used `tac1 <;> tac2` where `(tac1; tac2)` would suffice

Note: This linter can be disabled with `set_option linter.unnecessarySeqFocus false`
warning: ZhangLS/Spec/Lemma57GaussianMellinTransform.lean:326:4: Try `simp at hs` instead of `simpa using hs`

Note: This linter can be disabled with `set_option linter.unnecessarySimpa false`
⚠ [3499/3650] Replayed ZhangLS.Spec.RiemannZetaCriticalLineBound
warning: ZhangLS/Spec/RiemannZetaCriticalLineBound.lean:99:2: Used `tac1 <;> tac2` where `(tac1; tac2)` would suffice

Note: This linter can be disabled with `set_option linter.unnecessarySeqFocus false`
warning: ZhangLS/Spec/RiemannZetaCriticalLineBound.lean:124:13: unused variable `hs`

Note: This linter can be disabled with `set_option linter.unusedVariables false`
warning: ZhangLS/Spec/RiemannZetaCriticalLineBound.lean:152:6: unused variable `n`

Note: This linter can be disabled with `set_option linter.unusedVariables false`
warning: ZhangLS/Spec/RiemannZetaCriticalLineBound.lean:156:20: unused variable `k`

Note: This linter can be disabled with `set_option linter.unusedVariables false`
warning: ZhangLS/Spec/RiemannZetaCriticalLineBound.lean:161:8: This simp argument is unused:
  sum_one_Icc

Hint: Omit it from the simp argument list.
  simp ̵[̵s̵u̵m̵_̵o̵n̵e̵_̵I̵c̵c̵]̵

Note: This linter can be disabled with `set_option linter.unusedSimpArgs false`
warning: ZhangLS/Spec/RiemannZetaCriticalLineBound.lean:242:12: 'ring' tactic does nothing

Note: This linter can be disabled with `set_option linter.unusedTactic false`
warning: ZhangLS/Spec/RiemannZetaCriticalLineBound.lean:242:12: this tactic is never executed

Note: This linter can be disabled with `set_option linter.unreachableTactic false`
warning: ZhangLS/Spec/RiemannZetaCriticalLineBound.lean:219:41: Used `tac1 <;> tac2` where `(tac1; tac2)` would suffice

Note: This linter can be disabled with `set_option linter.unnecessarySeqFocus false`
warning: ZhangLS/Spec/RiemannZetaCriticalLineBound.lean:303:8: 'ring' tactic does nothing

Note: This linter can be disabled with `set_option linter.unusedTactic false`
warning: ZhangLS/Spec/RiemannZetaCriticalLineBound.lean:303:8: this tactic is never executed

Note: This linter can be disabled with `set_option linter.unreachableTactic false`
warning: ZhangLS/Spec/RiemannZetaCriticalLineBound.lean:394:12: This simp argument is unused:
  norm_div

Hint: Omit it from the simp argument list.
  simp ̵[̵n̵o̵r̵m̵_̵d̵i̵v̵]̵

Note: This linter can be disabled with `set_option linter.unusedSimpArgs false`
warning: ZhangLS/Spec/RiemannZetaCriticalLineBound.lean:475:75: This simp argument is unused:
  norm_div

Hint: Omit it from the simp argument list.
  simp ̵[̵n̵o̵r̵m̵_̵d̵i̵v̵]̵

Note: This linter can be disabled with `set_option linter.unusedSimpArgs false`
⚠ [3500/3650] Replayed ZhangLS.Spec.Lemma57CriticalStripGrowth
warning: ZhangLS/Spec/Lemma57CriticalStripGrowth.lean:270:14: This simp argument is unused:
  norm_div

Hint: Omit it from the simp argument list.
  simp ̵[̵n̵o̵r̵m̵_̵d̵i̵v̵]̵

Note: This linter can be disabled with `set_option linter.unusedSimpArgs false`
⚠ [3507/3650] Replayed ZhangLS.Spec.Lemma23DirichletConjugation
warning: ZhangLS/Spec/Lemma23DirichletConjugation.lean:23:0: automatically included section variable(s) unused in theorem `ZhangLS.Spec.dirichletLSeries_inv_eq_conj_at_conj`:
  [NeZero N]
consider restructuring your `variable` declarations so that the variables are not in scope or explicitly omit them:
  omit [NeZero N] in theorem ...

Note: This linter can be disabled with `set_option linter.unusedSectionVars false`
⚠ [3509/3650] Replayed ZhangLS.Spec.Lemma23PrimitiveGaussSum
warning: ZhangLS/Spec/Lemma23PrimitiveGaussSum.lean:42:19: Used `tac1 <;> tac2` where `(tac1; tac2)` would suffice

Note: This linter can be disabled with `set_option linter.unnecessarySeqFocus false`
⚠ [3510/3650] Replayed ZhangLS.Spec.Lemma23DirichletUnitModulus
warning: ZhangLS/Spec/Lemma23DirichletUnitModulus.lean:112:48: Used `tac1 <;> tac2` where `(tac1; tac2)` would suffice

Note: This linter can be disabled with `set_option linter.unnecessarySeqFocus false`
⚠ [3647/3650] Replayed ZhangLS.Spec.Lemma44ProductMellin
warning: ZhangLS/Spec/Lemma44ProductMellin.lean:144:4: try 'simp' instead of 'simpa'

Note: This linter can be disabled with `set_option linter.unnecessarySimpa false`
⚠ [3650/3650] Replayed ZhangLS.Spec.Lemma44RightMellinApproximation
warning: ZhangLS/Spec/Lemma44RightMellinApproximation.lean:37:4: try 'simp' instead of 'simpa'

Note: This linter can be disabled with `set_option linter.unnecessarySimpa false`
Build completed successfully (3650 jobs).
ZhangLS/Spec/Lemma44RightMellinApproximation.lean:37:4: warning: try 'simp' instead of 'simpa'

Note: This linter can be disabled with `set_option linter.unnecessarySimpa false`
== kernel-check ZhangLS/Spec/Lemma44RightVerticalTruncation.lean ==
⚠ [1279/1363] Replayed ZhangLS.Spec.RealDirichletCharacter
warning: ZhangLS/Spec/RealDirichletCharacter.lean:48:4: try 'simp' instead of 'simpa'

Note: This linter can be disabled with `set_option linter.unnecessarySimpa false`
⚠ [3433/3662] Replayed ZhangLS.Spec.Lemma44ComplexCharacterAbel
warning: ZhangLS/Spec/Lemma44ComplexCharacterAbel.lean:73:56: unused variable `hD`

Note: This linter can be disabled with `set_option linter.unusedVariables false`
⚠ [3434/3662] Replayed ZhangLS.Spec.Lemma44CharacterProduct
warning: ZhangLS/Spec/Lemma44CharacterProduct.lean:55:38: This simp argument is unused:
  mul_comm

Hint: Omit it from the simp argument list.
  simp [̵m̵u̵l̵_̵c̵o̵m̵m̵,̵ ̵m̵u̵l̵_̵l̵e̵f̵t̵_̵c̵o̵m̵m̵,̵[̲m̲u̲l̲_̲l̲e̲f̲t̲_̲c̲o̲m̲m̲,̲ mul_assoc]

Note: This linter can be disabled with `set_option linter.unusedSimpArgs false`
warning: ZhangLS/Spec/Lemma44CharacterProduct.lean:55:48: This simp argument is unused:
  mul_left_comm

Hint: Omit it from the simp argument list.
  simp [mul_comm, mul_l̵e̵f̵t̵_̵c̵o̵m̵m̵,̵ ̵m̵u̵l̵_̵assoc]

Note: This linter can be disabled with `set_option linter.unusedSimpArgs false`
⚠ [3459/3662] Replayed ZhangLS.Spec.Lemma23AnalyticLogBranch
warning: ZhangLS/Spec/Lemma23AnalyticLogBranch.lean:42:53: try 'simp' instead of 'simpa'

Note: This linter can be disabled with `set_option linter.unnecessarySimpa false`
warning: ZhangLS/Spec/Lemma23AnalyticLogBranch.lean:67:44: try 'simp' instead of 'simpa'

Note: This linter can be disabled with `set_option linter.unnecessarySimpa false`
⚠ [3471/3662] Replayed ZhangLS.Spec.RealAxisAtOne
warning: ZhangLS/Spec/RealAxisAtOne.lean:56:4: try 'simp' instead of 'simpa'

Note: This linter can be disabled with `set_option linter.unnecessarySimpa false`
⚠ [3473/3662] Replayed ZhangLS.Spec.Lemma57
warning: ZhangLS/Spec/Lemma57.lean:101:58: unused variable `hD`

Note: This linter can be disabled with `set_option linter.unusedVariables false`
warning: ZhangLS/Spec/Lemma57.lean:102:7: unused variable `hA`

Note: This linter can be disabled with `set_option linter.unusedVariables false`
⚠ [3474/3662] Replayed ZhangLS.Spec.Lemma57Arithmetic
warning: ZhangLS/Spec/Lemma57Arithmetic.lean:55:15: unused variable `hc_g`

Note: This linter can be disabled with `set_option linter.unusedVariables false`
⚠ [3479/3662] Replayed ZhangLS.Spec.Lemma57SmoothedSum
warning: ZhangLS/Spec/Lemma57SmoothedSum.lean:42:46: unused variable `hD`

Note: This linter can be disabled with `set_option linter.unusedVariables false`
⚠ [3488/3662] Replayed ZhangLS.Spec.Lemma57GaussianGlobal
warning: ZhangLS/Spec/Lemma57GaussianGlobal.lean:55:58: unused variable `ha`

Note: This linter can be disabled with `set_option linter.unusedVariables false`
warning: ZhangLS/Spec/Lemma57GaussianGlobal.lean:241:13: unused variable `hD`

Note: This linter can be disabled with `set_option linter.unusedVariables false`
warning: ZhangLS/Spec/Lemma57GaussianGlobal.lean:241:34: unused variable `hx`

Note: This linter can be disabled with `set_option linter.unusedVariables false`
⚠ [3489/3662] Replayed ZhangLS.Spec.Lemma57SmoothedSummability
warning: ZhangLS/Spec/Lemma57SmoothedSummability.lean:20:52: unused variable `hn`

Note: This linter can be disabled with `set_option linter.unusedVariables false`
⚠ [3494/3662] Replayed ZhangLS.Spec.Lemma57GaussianMellinTransform
warning: ZhangLS/Spec/Lemma57GaussianMellinTransform.lean:67:63: Used `tac1 <;> tac2` where `(tac1; tac2)` would suffice

Note: This linter can be disabled with `set_option linter.unnecessarySeqFocus false`
warning: ZhangLS/Spec/Lemma57GaussianMellinTransform.lean:145:54: Used `tac1 <;> tac2` where `(tac1; tac2)` would suffice

Note: This linter can be disabled with `set_option linter.unnecessarySeqFocus false`
warning: ZhangLS/Spec/Lemma57GaussianMellinTransform.lean:326:4: Try `simp at hs` instead of `simpa using hs`

Note: This linter can be disabled with `set_option linter.unnecessarySimpa false`
⚠ [3500/3662] Replayed ZhangLS.Spec.RiemannZetaCriticalLineBound
warning: ZhangLS/Spec/RiemannZetaCriticalLineBound.lean:99:2: Used `tac1 <;> tac2` where `(tac1; tac2)` would suffice

Note: This linter can be disabled with `set_option linter.unnecessarySeqFocus false`
warning: ZhangLS/Spec/RiemannZetaCriticalLineBound.lean:124:13: unused variable `hs`

Note: This linter can be disabled with `set_option linter.unusedVariables false`
warning: ZhangLS/Spec/RiemannZetaCriticalLineBound.lean:152:6: unused variable `n`

Note: This linter can be disabled with `set_option linter.unusedVariables false`
warning: ZhangLS/Spec/RiemannZetaCriticalLineBound.lean:156:20: unused variable `k`

Note: This linter can be disabled with `set_option linter.unusedVariables false`
warning: ZhangLS/Spec/RiemannZetaCriticalLineBound.lean:161:8: This simp argument is unused:
  sum_one_Icc

Hint: Omit it from the simp argument list.
  simp ̵[̵s̵u̵m̵_̵o̵n̵e̵_̵I̵c̵c̵]̵

Note: This linter can be disabled with `set_option linter.unusedSimpArgs false`
warning: ZhangLS/Spec/RiemannZetaCriticalLineBound.lean:242:12: 'ring' tactic does nothing

Note: This linter can be disabled with `set_option linter.unusedTactic false`
warning: ZhangLS/Spec/RiemannZetaCriticalLineBound.lean:242:12: this tactic is never executed

Note: This linter can be disabled with `set_option linter.unreachableTactic false`
warning: ZhangLS/Spec/RiemannZetaCriticalLineBound.lean:219:41: Used `tac1 <;> tac2` where `(tac1; tac2)` would suffice

Note: This linter can be disabled with `set_option linter.unnecessarySeqFocus false`
warning: ZhangLS/Spec/RiemannZetaCriticalLineBound.lean:303:8: 'ring' tactic does nothing

Note: This linter can be disabled with `set_option linter.unusedTactic false`
warning: ZhangLS/Spec/RiemannZetaCriticalLineBound.lean:303:8: this tactic is never executed

Note: This linter can be disabled with `set_option linter.unreachableTactic false`
warning: ZhangLS/Spec/RiemannZetaCriticalLineBound.lean:394:12: This simp argument is unused:
  norm_div

Hint: Omit it from the simp argument list.
  simp ̵[̵n̵o̵r̵m̵_̵d̵i̵v̵]̵

Note: This linter can be disabled with `set_option linter.unusedSimpArgs false`
warning: ZhangLS/Spec/RiemannZetaCriticalLineBound.lean:475:75: This simp argument is unused:
  norm_div

Hint: Omit it from the simp argument list.
  simp ̵[̵n̵o̵r̵m̵_̵d̵i̵v̵]̵

Note: This linter can be disabled with `set_option linter.unusedSimpArgs false`
⚠ [3501/3662] Replayed ZhangLS.Spec.Lemma57CriticalStripGrowth
warning: ZhangLS/Spec/Lemma57CriticalStripGrowth.lean:270:14: This simp argument is unused:
  norm_div

Hint: Omit it from the simp argument list.
  simp ̵[̵n̵o̵r̵m̵_̵d̵i̵v̵]̵

Note: This linter can be disabled with `set_option linter.unusedSimpArgs false`
⚠ [3508/3662] Replayed ZhangLS.Spec.Lemma23DirichletConjugation
warning: ZhangLS/Spec/Lemma23DirichletConjugation.lean:23:0: automatically included section variable(s) unused in theorem `ZhangLS.Spec.dirichletLSeries_inv_eq_conj_at_conj`:
  [NeZero N]
consider restructuring your `variable` declarations so that the variables are not in scope or explicitly omit them:
  omit [NeZero N] in theorem ...

Note: This linter can be disabled with `set_option linter.unusedSectionVars false`
⚠ [3510/3662] Replayed ZhangLS.Spec.Lemma23PrimitiveGaussSum
warning: ZhangLS/Spec/Lemma23PrimitiveGaussSum.lean:42:19: Used `tac1 <;> tac2` where `(tac1; tac2)` would suffice

Note: This linter can be disabled with `set_option linter.unnecessarySeqFocus false`
⚠ [3511/3662] Replayed ZhangLS.Spec.Lemma23DirichletUnitModulus
warning: ZhangLS/Spec/Lemma23DirichletUnitModulus.lean:112:48: Used `tac1 <;> tac2` where `(tac1; tac2)` would suffice

Note: This linter can be disabled with `set_option linter.unnecessarySeqFocus false`
⚠ [3648/3662] Replayed ZhangLS.Spec.Lemma44ProductMellin
warning: ZhangLS/Spec/Lemma44ProductMellin.lean:144:4: try 'simp' instead of 'simpa'

Note: This linter can be disabled with `set_option linter.unnecessarySimpa false`
⚠ [3652/3662] Replayed ZhangLS.Spec.Lemma44RightMellinApproximation
warning: ZhangLS/Spec/Lemma44RightMellinApproximation.lean:37:4: try 'simp' instead of 'simpa'

Note: This linter can be disabled with `set_option linter.unnecessarySimpa false`
⚠ [3656/3662] Replayed ZhangLS.Spec.Lemma44ReflectedLongSum
warning: ZhangLS/Spec/Lemma44ReflectedLongSum.lean:81:64: Used `tac1 <;> tac2` where `(tac1; tac2)` would suffice

Note: This linter can be disabled with `set_option linter.unnecessarySeqFocus false`
⚠ [3658/3662] Replayed ZhangLS.Spec.Lemma44InitialLeftEstimates
warning: ZhangLS/Spec/Lemma44InitialLeftEstimates.lean:68:23: Used `tac1 <;> tac2` where `(tac1; tac2)` would suffice

Note: This linter can be disabled with `set_option linter.unnecessarySeqFocus false`
⚠ [3659/3662] Replayed ZhangLS.Spec.Lemma44HorizontalGrowth
warning: ZhangLS/Spec/Lemma44HorizontalGrowth.lean:147:6: 'push_cast' tactic does nothing

Note: This linter can be disabled with `set_option linter.unusedTactic false`
⚠ [3661/3662] Replayed ZhangLS.Spec.Lemma44GaussianVerticalTail
info: ZhangLS/Spec/Lemma44GaussianVerticalTail.lean:41:4: Try this:
  [apply] ring_nf
  
  The `ring` tactic failed to close the goal. Use `ring_nf` to obtain a normal form.
    
  Note that `ring` works primarily in *commutative* rings. If you have a noncommutative ring, abelian group or module, consider using `noncomm_ring`, `abel` or `module` instead.
info: ZhangLS/Spec/Lemma44GaussianVerticalTail.lean:57:16: Try this:
  [apply] ring_nf
  
  The `ring` tactic failed to close the goal. Use `ring_nf` to obtain a normal form.
    
  Note that `ring` works primarily in *commutative* rings. If you have a noncommutative ring, abelian group or module, consider using `noncomm_ring`, `abel` or `module` instead.
warning: ZhangLS/Spec/Lemma44GaussianVerticalTail.lean:57:12: Used `tac1 <;> tac2` where `(tac1; tac2)` would suffice

Note: This linter can be disabled with `set_option linter.unnecessarySeqFocus false`
warning: ZhangLS/Spec/Lemma44GaussianVerticalTail.lean:68:22: Used `tac1 <;> tac2` where `(tac1; tac2)` would suffice

Note: This linter can be disabled with `set_option linter.unnecessarySeqFocus false`
info: ZhangLS/Spec/Lemma44GaussianVerticalTail.lean:153:35: Try this:
  [apply] ring_nf
  
  The `ring` tactic failed to close the goal. Use `ring_nf` to obtain a normal form.
    
  Note that `ring` works primarily in *commutative* rings. If you have a noncommutative ring, abelian group or module, consider using `noncomm_ring`, `abel` or `module` instead.
Build completed successfully (3662 jobs).
== kernel-check ZhangLS/Spec/Lemma44SectionFourGamma.lean ==
⚠ [1279/1725] Replayed ZhangLS.Spec.RealDirichletCharacter
warning: ZhangLS/Spec/RealDirichletCharacter.lean:48:4: try 'simp' instead of 'simpa'

Note: This linter can be disabled with `set_option linter.unnecessarySimpa false`
⚠ [1280/1725] Replayed ZhangLS.Spec.Lemma44CharacterProduct
warning: ZhangLS/Spec/Lemma44CharacterProduct.lean:55:38: This simp argument is unused:
  mul_comm

Hint: Omit it from the simp argument list.
  simp [̵m̵u̵l̵_̵c̵o̵m̵m̵,̵ ̵m̵u̵l̵_̵l̵e̵f̵t̵_̵c̵o̵m̵m̵,̵[̲m̲u̲l̲_̲l̲e̲f̲t̲_̲c̲o̲m̲m̲,̲ mul_assoc]

Note: This linter can be disabled with `set_option linter.unusedSimpArgs false`
warning: ZhangLS/Spec/Lemma44CharacterProduct.lean:55:48: This simp argument is unused:
  mul_left_comm

Hint: Omit it from the simp argument list.
  simp [mul_comm, mul_l̵e̵f̵t̵_̵c̵o̵m̵m̵,̵ ̵m̵u̵l̵_̵assoc]

Note: This linter can be disabled with `set_option linter.unusedSimpArgs false`
⚠ [2474/2767] Replayed ZhangLS.Spec.Lemma23AnalyticLogBranch
warning: ZhangLS/Spec/Lemma23AnalyticLogBranch.lean:42:53: try 'simp' instead of 'simpa'

Note: This linter can be disabled with `set_option linter.unnecessarySimpa false`
warning: ZhangLS/Spec/Lemma23AnalyticLogBranch.lean:67:44: try 'simp' instead of 'simpa'

Note: This linter can be disabled with `set_option linter.unnecessarySimpa false`
⚠ [3462/3641] Replayed ZhangLS.Spec.RealAxisAtOne
warning: ZhangLS/Spec/RealAxisAtOne.lean:56:4: try 'simp' instead of 'simpa'

Note: This linter can be disabled with `set_option linter.unnecessarySimpa false`
⚠ [3464/3641] Replayed ZhangLS.Spec.Lemma57
warning: ZhangLS/Spec/Lemma57.lean:101:58: unused variable `hD`

Note: This linter can be disabled with `set_option linter.unusedVariables false`
warning: ZhangLS/Spec/Lemma57.lean:102:7: unused variable `hA`

Note: This linter can be disabled with `set_option linter.unusedVariables false`
⚠ [3465/3641] Replayed ZhangLS.Spec.Lemma57Arithmetic
warning: ZhangLS/Spec/Lemma57Arithmetic.lean:55:15: unused variable `hc_g`

Note: This linter can be disabled with `set_option linter.unusedVariables false`
⚠ [3470/3641] Replayed ZhangLS.Spec.Lemma57SmoothedSum
warning: ZhangLS/Spec/Lemma57SmoothedSum.lean:42:46: unused variable `hD`

Note: This linter can be disabled with `set_option linter.unusedVariables false`
⚠ [3479/3641] Replayed ZhangLS.Spec.Lemma57GaussianGlobal
warning: ZhangLS/Spec/Lemma57GaussianGlobal.lean:55:58: unused variable `ha`

Note: This linter can be disabled with `set_option linter.unusedVariables false`
warning: ZhangLS/Spec/Lemma57GaussianGlobal.lean:241:13: unused variable `hD`

Note: This linter can be disabled with `set_option linter.unusedVariables false`
warning: ZhangLS/Spec/Lemma57GaussianGlobal.lean:241:34: unused variable `hx`

Note: This linter can be disabled with `set_option linter.unusedVariables false`
⚠ [3480/3641] Replayed ZhangLS.Spec.Lemma57SmoothedSummability
warning: ZhangLS/Spec/Lemma57SmoothedSummability.lean:20:52: unused variable `hn`

Note: This linter can be disabled with `set_option linter.unusedVariables false`
⚠ [3485/3641] Replayed ZhangLS.Spec.Lemma57GaussianMellinTransform
warning: ZhangLS/Spec/Lemma57GaussianMellinTransform.lean:67:63: Used `tac1 <;> tac2` where `(tac1; tac2)` would suffice

Note: This linter can be disabled with `set_option linter.unnecessarySeqFocus false`
warning: ZhangLS/Spec/Lemma57GaussianMellinTransform.lean:145:54: Used `tac1 <;> tac2` where `(tac1; tac2)` would suffice

Note: This linter can be disabled with `set_option linter.unnecessarySeqFocus false`
warning: ZhangLS/Spec/Lemma57GaussianMellinTransform.lean:326:4: Try `simp at hs` instead of `simpa using hs`

Note: This linter can be disabled with `set_option linter.unnecessarySimpa false`
⚠ [3499/3641] Replayed ZhangLS.Spec.RiemannZetaCriticalLineBound
warning: ZhangLS/Spec/RiemannZetaCriticalLineBound.lean:99:2: Used `tac1 <;> tac2` where `(tac1; tac2)` would suffice

Note: This linter can be disabled with `set_option linter.unnecessarySeqFocus false`
warning: ZhangLS/Spec/RiemannZetaCriticalLineBound.lean:124:13: unused variable `hs`

Note: This linter can be disabled with `set_option linter.unusedVariables false`
warning: ZhangLS/Spec/RiemannZetaCriticalLineBound.lean:152:6: unused variable `n`

Note: This linter can be disabled with `set_option linter.unusedVariables false`
warning: ZhangLS/Spec/RiemannZetaCriticalLineBound.lean:156:20: unused variable `k`

Note: This linter can be disabled with `set_option linter.unusedVariables false`
warning: ZhangLS/Spec/RiemannZetaCriticalLineBound.lean:161:8: This simp argument is unused:
  sum_one_Icc

Hint: Omit it from the simp argument list.
  simp ̵[̵s̵u̵m̵_̵o̵n̵e̵_̵I̵c̵c̵]̵

Note: This linter can be disabled with `set_option linter.unusedSimpArgs false`
warning: ZhangLS/Spec/RiemannZetaCriticalLineBound.lean:242:12: 'ring' tactic does nothing

Note: This linter can be disabled with `set_option linter.unusedTactic false`
warning: ZhangLS/Spec/RiemannZetaCriticalLineBound.lean:242:12: this tactic is never executed

Note: This linter can be disabled with `set_option linter.unreachableTactic false`
warning: ZhangLS/Spec/RiemannZetaCriticalLineBound.lean:219:41: Used `tac1 <;> tac2` where `(tac1; tac2)` would suffice

Note: This linter can be disabled with `set_option linter.unnecessarySeqFocus false`
warning: ZhangLS/Spec/RiemannZetaCriticalLineBound.lean:303:8: 'ring' tactic does nothing

Note: This linter can be disabled with `set_option linter.unusedTactic false`
warning: ZhangLS/Spec/RiemannZetaCriticalLineBound.lean:303:8: this tactic is never executed

Note: This linter can be disabled with `set_option linter.unreachableTactic false`
warning: ZhangLS/Spec/RiemannZetaCriticalLineBound.lean:394:12: This simp argument is unused:
  norm_div

Hint: Omit it from the simp argument list.
  simp ̵[̵n̵o̵r̵m̵_̵d̵i̵v̵]̵

Note: This linter can be disabled with `set_option linter.unusedSimpArgs false`
warning: ZhangLS/Spec/RiemannZetaCriticalLineBound.lean:475:75: This simp argument is unused:
  norm_div

Hint: Omit it from the simp argument list.
  simp ̵[̵n̵o̵r̵m̵_̵d̵i̵v̵]̵

Note: This linter can be disabled with `set_option linter.unusedSimpArgs false`
⚠ [3500/3641] Replayed ZhangLS.Spec.Lemma57CriticalStripGrowth
warning: ZhangLS/Spec/Lemma57CriticalStripGrowth.lean:270:14: This simp argument is unused:
  norm_div

Hint: Omit it from the simp argument list.
  simp ̵[̵n̵o̵r̵m̵_̵d̵i̵v̵]̵

Note: This linter can be disabled with `set_option linter.unusedSimpArgs false`
⚠ [3507/3641] Replayed ZhangLS.Spec.Lemma23DirichletConjugation
warning: ZhangLS/Spec/Lemma23DirichletConjugation.lean:23:0: automatically included section variable(s) unused in theorem `ZhangLS.Spec.dirichletLSeries_inv_eq_conj_at_conj`:
  [NeZero N]
consider restructuring your `variable` declarations so that the variables are not in scope or explicitly omit them:
  omit [NeZero N] in theorem ...

Note: This linter can be disabled with `set_option linter.unusedSectionVars false`
⚠ [3509/3641] Replayed ZhangLS.Spec.Lemma23PrimitiveGaussSum
warning: ZhangLS/Spec/Lemma23PrimitiveGaussSum.lean:42:19: Used `tac1 <;> tac2` where `(tac1; tac2)` would suffice

Note: This linter can be disabled with `set_option linter.unnecessarySeqFocus false`
⚠ [3510/3641] Replayed ZhangLS.Spec.Lemma23DirichletUnitModulus
warning: ZhangLS/Spec/Lemma23DirichletUnitModulus.lean:112:48: Used `tac1 <;> tac2` where `(tac1; tac2)` would suffice

Note: This linter can be disabled with `set_option linter.unnecessarySeqFocus false`
Build completed successfully (3641 jobs).
== kernel-check ZhangLS/Spec/Lemma44SmoothedTail.lean ==
⚠ [1279/1825] Replayed ZhangLS.Spec.RealDirichletCharacter
warning: ZhangLS/Spec/RealDirichletCharacter.lean:48:4: try 'simp' instead of 'simpa'

Note: This linter can be disabled with `set_option linter.unnecessarySimpa false`
⚠ [1280/1825] Replayed ZhangLS.Spec.Lemma44CharacterProduct
warning: ZhangLS/Spec/Lemma44CharacterProduct.lean:55:38: This simp argument is unused:
  mul_comm

Hint: Omit it from the simp argument list.
  simp [̵m̵u̵l̵_̵c̵o̵m̵m̵,̵ ̵m̵u̵l̵_̵l̵e̵f̵t̵_̵c̵o̵m̵m̵,̵[̲m̲u̲l̲_̲l̲e̲f̲t̲_̲c̲o̲m̲m̲,̲ mul_assoc]

Note: This linter can be disabled with `set_option linter.unusedSimpArgs false`
warning: ZhangLS/Spec/Lemma44CharacterProduct.lean:55:48: This simp argument is unused:
  mul_left_comm

Hint: Omit it from the simp argument list.
  simp [mul_comm, mul_l̵e̵f̵t̵_̵c̵o̵m̵m̵,̵ ̵m̵u̵l̵_̵assoc]

Note: This linter can be disabled with `set_option linter.unusedSimpArgs false`
⚠ [2474/2991] Replayed ZhangLS.Spec.Lemma23AnalyticLogBranch
warning: ZhangLS/Spec/Lemma23AnalyticLogBranch.lean:42:53: try 'simp' instead of 'simpa'

Note: This linter can be disabled with `set_option linter.unnecessarySimpa false`
warning: ZhangLS/Spec/Lemma23AnalyticLogBranch.lean:67:44: try 'simp' instead of 'simpa'

Note: This linter can be disabled with `set_option linter.unnecessarySimpa false`
⚠ [3461/3569] Replayed ZhangLS.Spec.RealAxisAtOne
warning: ZhangLS/Spec/RealAxisAtOne.lean:56:4: try 'simp' instead of 'simpa'

Note: This linter can be disabled with `set_option linter.unnecessarySimpa false`
⚠ [3463/3569] Replayed ZhangLS.Spec.Lemma57
warning: ZhangLS/Spec/Lemma57.lean:101:58: unused variable `hD`

Note: This linter can be disabled with `set_option linter.unusedVariables false`
warning: ZhangLS/Spec/Lemma57.lean:102:7: unused variable `hA`

Note: This linter can be disabled with `set_option linter.unusedVariables false`
⚠ [3464/3569] Replayed ZhangLS.Spec.Lemma57Arithmetic
warning: ZhangLS/Spec/Lemma57Arithmetic.lean:55:15: unused variable `hc_g`

Note: This linter can be disabled with `set_option linter.unusedVariables false`
⚠ [3469/3569] Replayed ZhangLS.Spec.Lemma57SmoothedSum
warning: ZhangLS/Spec/Lemma57SmoothedSum.lean:42:46: unused variable `hD`

Note: This linter can be disabled with `set_option linter.unusedVariables false`
⚠ [3478/3569] Replayed ZhangLS.Spec.Lemma57GaussianGlobal
warning: ZhangLS/Spec/Lemma57GaussianGlobal.lean:55:58: unused variable `ha`

Note: This linter can be disabled with `set_option linter.unusedVariables false`
warning: ZhangLS/Spec/Lemma57GaussianGlobal.lean:241:13: unused variable `hD`

Note: This linter can be disabled with `set_option linter.unusedVariables false`
warning: ZhangLS/Spec/Lemma57GaussianGlobal.lean:241:34: unused variable `hx`

Note: This linter can be disabled with `set_option linter.unusedVariables false`
⚠ [3479/3569] Replayed ZhangLS.Spec.Lemma57SmoothedSummability
warning: ZhangLS/Spec/Lemma57SmoothedSummability.lean:20:52: unused variable `hn`

Note: This linter can be disabled with `set_option linter.unusedVariables false`
⚠ [3484/3569] Replayed ZhangLS.Spec.Lemma57GaussianMellinTransform
warning: ZhangLS/Spec/Lemma57GaussianMellinTransform.lean:67:63: Used `tac1 <;> tac2` where `(tac1; tac2)` would suffice

Note: This linter can be disabled with `set_option linter.unnecessarySeqFocus false`
warning: ZhangLS/Spec/Lemma57GaussianMellinTransform.lean:145:54: Used `tac1 <;> tac2` where `(tac1; tac2)` would suffice

Note: This linter can be disabled with `set_option linter.unnecessarySeqFocus false`
warning: ZhangLS/Spec/Lemma57GaussianMellinTransform.lean:326:4: Try `simp at hs` instead of `simpa using hs`

Note: This linter can be disabled with `set_option linter.unnecessarySimpa false`
⚠ [3498/3569] Replayed ZhangLS.Spec.RiemannZetaCriticalLineBound
warning: ZhangLS/Spec/RiemannZetaCriticalLineBound.lean:99:2: Used `tac1 <;> tac2` where `(tac1; tac2)` would suffice

Note: This linter can be disabled with `set_option linter.unnecessarySeqFocus false`
warning: ZhangLS/Spec/RiemannZetaCriticalLineBound.lean:124:13: unused variable `hs`

Note: This linter can be disabled with `set_option linter.unusedVariables false`
warning: ZhangLS/Spec/RiemannZetaCriticalLineBound.lean:152:6: unused variable `n`

Note: This linter can be disabled with `set_option linter.unusedVariables false`
warning: ZhangLS/Spec/RiemannZetaCriticalLineBound.lean:156:20: unused variable `k`

Note: This linter can be disabled with `set_option linter.unusedVariables false`
warning: ZhangLS/Spec/RiemannZetaCriticalLineBound.lean:161:8: This simp argument is unused:
  sum_one_Icc

Hint: Omit it from the simp argument list.
  simp ̵[̵s̵u̵m̵_̵o̵n̵e̵_̵I̵c̵c̵]̵

Note: This linter can be disabled with `set_option linter.unusedSimpArgs false`
warning: ZhangLS/Spec/RiemannZetaCriticalLineBound.lean:242:12: 'ring' tactic does nothing

Note: This linter can be disabled with `set_option linter.unusedTactic false`
warning: ZhangLS/Spec/RiemannZetaCriticalLineBound.lean:242:12: this tactic is never executed

Note: This linter can be disabled with `set_option linter.unreachableTactic false`
warning: ZhangLS/Spec/RiemannZetaCriticalLineBound.lean:219:41: Used `tac1 <;> tac2` where `(tac1; tac2)` would suffice

Note: This linter can be disabled with `set_option linter.unnecessarySeqFocus false`
warning: ZhangLS/Spec/RiemannZetaCriticalLineBound.lean:303:8: 'ring' tactic does nothing

Note: This linter can be disabled with `set_option linter.unusedTactic false`
warning: ZhangLS/Spec/RiemannZetaCriticalLineBound.lean:303:8: this tactic is never executed

Note: This linter can be disabled with `set_option linter.unreachableTactic false`
warning: ZhangLS/Spec/RiemannZetaCriticalLineBound.lean:394:12: This simp argument is unused:
  norm_div

Hint: Omit it from the simp argument list.
  simp ̵[̵n̵o̵r̵m̵_̵d̵i̵v̵]̵

Note: This linter can be disabled with `set_option linter.unusedSimpArgs false`
warning: ZhangLS/Spec/RiemannZetaCriticalLineBound.lean:475:75: This simp argument is unused:
  norm_div

Hint: Omit it from the simp argument list.
  simp ̵[̵n̵o̵r̵m̵_̵d̵i̵v̵]̵

Note: This linter can be disabled with `set_option linter.unusedSimpArgs false`
⚠ [3499/3569] Replayed ZhangLS.Spec.Lemma57CriticalStripGrowth
warning: ZhangLS/Spec/Lemma57CriticalStripGrowth.lean:270:14: This simp argument is unused:
  norm_div

Hint: Omit it from the simp argument list.
  simp ̵[̵n̵o̵r̵m̵_̵d̵i̵v̵]̵

Note: This linter can be disabled with `set_option linter.unusedSimpArgs false`
⚠ [3506/3569] Replayed ZhangLS.Spec.Lemma23DirichletConjugation
warning: ZhangLS/Spec/Lemma23DirichletConjugation.lean:23:0: automatically included section variable(s) unused in theorem `ZhangLS.Spec.dirichletLSeries_inv_eq_conj_at_conj`:
  [NeZero N]
consider restructuring your `variable` declarations so that the variables are not in scope or explicitly omit them:
  omit [NeZero N] in theorem ...

Note: This linter can be disabled with `set_option linter.unusedSectionVars false`
⚠ [3508/3569] Replayed ZhangLS.Spec.Lemma23PrimitiveGaussSum
warning: ZhangLS/Spec/Lemma23PrimitiveGaussSum.lean:42:19: Used `tac1 <;> tac2` where `(tac1; tac2)` would suffice

Note: This linter can be disabled with `set_option linter.unnecessarySeqFocus false`
⚠ [3509/3569] Replayed ZhangLS.Spec.Lemma23DirichletUnitModulus
warning: ZhangLS/Spec/Lemma23DirichletUnitModulus.lean:112:48: Used `tac1 <;> tac2` where `(tac1; tac2)` would suffice

Note: This linter can be disabled with `set_option linter.unnecessarySeqFocus false`
⚠ [3647/3649] Replayed ZhangLS.Spec.Lemma44ProductMellin
warning: ZhangLS/Spec/Lemma44ProductMellin.lean:144:4: try 'simp' instead of 'simpa'

Note: This linter can be disabled with `set_option linter.unnecessarySimpa false`
Build completed successfully (3649 jobs).
== kernel-check ZhangLS/Spec/Lemma44SmoothedTruncation.lean ==
⚠ [1279/1335] Replayed ZhangLS.Spec.RealDirichletCharacter
warning: ZhangLS/Spec/RealDirichletCharacter.lean:48:4: try 'simp' instead of 'simpa'

Note: This linter can be disabled with `set_option linter.unnecessarySimpa false`
⚠ [1280/1335] Replayed ZhangLS.Spec.Lemma44CharacterProduct
warning: ZhangLS/Spec/Lemma44CharacterProduct.lean:55:38: This simp argument is unused:
  mul_comm

Hint: Omit it from the simp argument list.
  simp [̵m̵u̵l̵_̵c̵o̵m̵m̵,̵ ̵m̵u̵l̵_̵l̵e̵f̵t̵_̵c̵o̵m̵m̵,̵[̲m̲u̲l̲_̲l̲e̲f̲t̲_̲c̲o̲m̲m̲,̲ mul_assoc]

Note: This linter can be disabled with `set_option linter.unusedSimpArgs false`
warning: ZhangLS/Spec/Lemma44CharacterProduct.lean:55:48: This simp argument is unused:
  mul_left_comm

Hint: Omit it from the simp argument list.
  simp [mul_comm, mul_l̵e̵f̵t̵_̵c̵o̵m̵m̵,̵ ̵m̵u̵l̵_̵assoc]

Note: This linter can be disabled with `set_option linter.unusedSimpArgs false`
⚠ [2474/2568] Replayed ZhangLS.Spec.Lemma23AnalyticLogBranch
warning: ZhangLS/Spec/Lemma23AnalyticLogBranch.lean:42:53: try 'simp' instead of 'simpa'

Note: This linter can be disabled with `set_option linter.unnecessarySimpa false`
warning: ZhangLS/Spec/Lemma23AnalyticLogBranch.lean:67:44: try 'simp' instead of 'simpa'

Note: This linter can be disabled with `set_option linter.unnecessarySimpa false`
⚠ [3462/3648] Replayed ZhangLS.Spec.RealAxisAtOne
warning: ZhangLS/Spec/RealAxisAtOne.lean:56:4: try 'simp' instead of 'simpa'

Note: This linter can be disabled with `set_option linter.unnecessarySimpa false`
⚠ [3464/3648] Replayed ZhangLS.Spec.Lemma57
warning: ZhangLS/Spec/Lemma57.lean:101:58: unused variable `hD`

Note: This linter can be disabled with `set_option linter.unusedVariables false`
warning: ZhangLS/Spec/Lemma57.lean:102:7: unused variable `hA`

Note: This linter can be disabled with `set_option linter.unusedVariables false`
⚠ [3465/3648] Replayed ZhangLS.Spec.Lemma57Arithmetic
warning: ZhangLS/Spec/Lemma57Arithmetic.lean:55:15: unused variable `hc_g`

Note: This linter can be disabled with `set_option linter.unusedVariables false`
⚠ [3470/3648] Replayed ZhangLS.Spec.Lemma57SmoothedSum
warning: ZhangLS/Spec/Lemma57SmoothedSum.lean:42:46: unused variable `hD`

Note: This linter can be disabled with `set_option linter.unusedVariables false`
⚠ [3479/3648] Replayed ZhangLS.Spec.Lemma57GaussianGlobal
warning: ZhangLS/Spec/Lemma57GaussianGlobal.lean:55:58: unused variable `ha`

Note: This linter can be disabled with `set_option linter.unusedVariables false`
warning: ZhangLS/Spec/Lemma57GaussianGlobal.lean:241:13: unused variable `hD`

Note: This linter can be disabled with `set_option linter.unusedVariables false`
warning: ZhangLS/Spec/Lemma57GaussianGlobal.lean:241:34: unused variable `hx`

Note: This linter can be disabled with `set_option linter.unusedVariables false`
⚠ [3480/3648] Replayed ZhangLS.Spec.Lemma57SmoothedSummability
warning: ZhangLS/Spec/Lemma57SmoothedSummability.lean:20:52: unused variable `hn`

Note: This linter can be disabled with `set_option linter.unusedVariables false`
⚠ [3485/3648] Replayed ZhangLS.Spec.Lemma57GaussianMellinTransform
warning: ZhangLS/Spec/Lemma57GaussianMellinTransform.lean:67:63: Used `tac1 <;> tac2` where `(tac1; tac2)` would suffice

Note: This linter can be disabled with `set_option linter.unnecessarySeqFocus false`
warning: ZhangLS/Spec/Lemma57GaussianMellinTransform.lean:145:54: Used `tac1 <;> tac2` where `(tac1; tac2)` would suffice

Note: This linter can be disabled with `set_option linter.unnecessarySeqFocus false`
warning: ZhangLS/Spec/Lemma57GaussianMellinTransform.lean:326:4: Try `simp at hs` instead of `simpa using hs`

Note: This linter can be disabled with `set_option linter.unnecessarySimpa false`
⚠ [3499/3648] Replayed ZhangLS.Spec.RiemannZetaCriticalLineBound
warning: ZhangLS/Spec/RiemannZetaCriticalLineBound.lean:99:2: Used `tac1 <;> tac2` where `(tac1; tac2)` would suffice

Note: This linter can be disabled with `set_option linter.unnecessarySeqFocus false`
warning: ZhangLS/Spec/RiemannZetaCriticalLineBound.lean:124:13: unused variable `hs`

Note: This linter can be disabled with `set_option linter.unusedVariables false`
warning: ZhangLS/Spec/RiemannZetaCriticalLineBound.lean:152:6: unused variable `n`

Note: This linter can be disabled with `set_option linter.unusedVariables false`
warning: ZhangLS/Spec/RiemannZetaCriticalLineBound.lean:156:20: unused variable `k`

Note: This linter can be disabled with `set_option linter.unusedVariables false`
warning: ZhangLS/Spec/RiemannZetaCriticalLineBound.lean:161:8: This simp argument is unused:
  sum_one_Icc

Hint: Omit it from the simp argument list.
  simp ̵[̵s̵u̵m̵_̵o̵n̵e̵_̵I̵c̵c̵]̵

Note: This linter can be disabled with `set_option linter.unusedSimpArgs false`
warning: ZhangLS/Spec/RiemannZetaCriticalLineBound.lean:242:12: 'ring' tactic does nothing

Note: This linter can be disabled with `set_option linter.unusedTactic false`
warning: ZhangLS/Spec/RiemannZetaCriticalLineBound.lean:242:12: this tactic is never executed

Note: This linter can be disabled with `set_option linter.unreachableTactic false`
warning: ZhangLS/Spec/RiemannZetaCriticalLineBound.lean:219:41: Used `tac1 <;> tac2` where `(tac1; tac2)` would suffice

Note: This linter can be disabled with `set_option linter.unnecessarySeqFocus false`
warning: ZhangLS/Spec/RiemannZetaCriticalLineBound.lean:303:8: 'ring' tactic does nothing

Note: This linter can be disabled with `set_option linter.unusedTactic false`
warning: ZhangLS/Spec/RiemannZetaCriticalLineBound.lean:303:8: this tactic is never executed

Note: This linter can be disabled with `set_option linter.unreachableTactic false`
warning: ZhangLS/Spec/RiemannZetaCriticalLineBound.lean:394:12: This simp argument is unused:
  norm_div

Hint: Omit it from the simp argument list.
  simp ̵[̵n̵o̵r̵m̵_̵d̵i̵v̵]̵

Note: This linter can be disabled with `set_option linter.unusedSimpArgs false`
warning: ZhangLS/Spec/RiemannZetaCriticalLineBound.lean:475:75: This simp argument is unused:
  norm_div

Hint: Omit it from the simp argument list.
  simp ̵[̵n̵o̵r̵m̵_̵d̵i̵v̵]̵

Note: This linter can be disabled with `set_option linter.unusedSimpArgs false`
⚠ [3500/3648] Replayed ZhangLS.Spec.Lemma57CriticalStripGrowth
warning: ZhangLS/Spec/Lemma57CriticalStripGrowth.lean:270:14: This simp argument is unused:
  norm_div

Hint: Omit it from the simp argument list.
  simp ̵[̵n̵o̵r̵m̵_̵d̵i̵v̵]̵

Note: This linter can be disabled with `set_option linter.unusedSimpArgs false`
⚠ [3507/3648] Replayed ZhangLS.Spec.Lemma23DirichletConjugation
warning: ZhangLS/Spec/Lemma23DirichletConjugation.lean:23:0: automatically included section variable(s) unused in theorem `ZhangLS.Spec.dirichletLSeries_inv_eq_conj_at_conj`:
  [NeZero N]
consider restructuring your `variable` declarations so that the variables are not in scope or explicitly omit them:
  omit [NeZero N] in theorem ...

Note: This linter can be disabled with `set_option linter.unusedSectionVars false`
⚠ [3509/3648] Replayed ZhangLS.Spec.Lemma23PrimitiveGaussSum
warning: ZhangLS/Spec/Lemma23PrimitiveGaussSum.lean:42:19: Used `tac1 <;> tac2` where `(tac1; tac2)` would suffice

Note: This linter can be disabled with `set_option linter.unnecessarySeqFocus false`
⚠ [3510/3648] Replayed ZhangLS.Spec.Lemma23DirichletUnitModulus
warning: ZhangLS/Spec/Lemma23DirichletUnitModulus.lean:112:48: Used `tac1 <;> tac2` where `(tac1; tac2)` would suffice

Note: This linter can be disabled with `set_option linter.unnecessarySeqFocus false`
⚠ [3647/3648] Replayed ZhangLS.Spec.Lemma44ProductMellin
warning: ZhangLS/Spec/Lemma44ProductMellin.lean:144:4: try 'simp' instead of 'simpa'

Note: This linter can be disabled with `set_option linter.unnecessarySimpa false`
Build completed successfully (3648 jobs).
== kernel-check ZhangLS/Spec/Lemma45ErrorBudget.lean ==
⚠ [1279/1368] Replayed ZhangLS.Spec.RealDirichletCharacter
warning: ZhangLS/Spec/RealDirichletCharacter.lean:48:4: try 'simp' instead of 'simpa'

Note: This linter can be disabled with `set_option linter.unnecessarySimpa false`
⚠ [1280/1368] Replayed ZhangLS.Spec.Lemma44CharacterProduct
warning: ZhangLS/Spec/Lemma44CharacterProduct.lean:55:38: This simp argument is unused:
  mul_comm

Hint: Omit it from the simp argument list.
  simp [̵m̵u̵l̵_̵c̵o̵m̵m̵,̵ ̵m̵u̵l̵_̵l̵e̵f̵t̵_̵c̵o̵m̵m̵,̵[̲m̲u̲l̲_̲l̲e̲f̲t̲_̲c̲o̲m̲m̲,̲ mul_assoc]

Note: This linter can be disabled with `set_option linter.unusedSimpArgs false`
warning: ZhangLS/Spec/Lemma44CharacterProduct.lean:55:48: This simp argument is unused:
  mul_left_comm

Hint: Omit it from the simp argument list.
  simp [mul_comm, mul_l̵e̵f̵t̵_̵c̵o̵m̵m̵,̵ ̵m̵u̵l̵_̵assoc]

Note: This linter can be disabled with `set_option linter.unusedSimpArgs false`
⚠ [2474/2597] Replayed ZhangLS.Spec.Lemma23AnalyticLogBranch
warning: ZhangLS/Spec/Lemma23AnalyticLogBranch.lean:42:53: try 'simp' instead of 'simpa'

Note: This linter can be disabled with `set_option linter.unnecessarySimpa false`
warning: ZhangLS/Spec/Lemma23AnalyticLogBranch.lean:67:44: try 'simp' instead of 'simpa'

Note: This linter can be disabled with `set_option linter.unnecessarySimpa false`
⚠ [3462/3674] Replayed ZhangLS.Spec.RealAxisAtOne
warning: ZhangLS/Spec/RealAxisAtOne.lean:56:4: try 'simp' instead of 'simpa'

Note: This linter can be disabled with `set_option linter.unnecessarySimpa false`
⚠ [3464/3674] Replayed ZhangLS.Spec.Lemma57
warning: ZhangLS/Spec/Lemma57.lean:101:58: unused variable `hD`

Note: This linter can be disabled with `set_option linter.unusedVariables false`
warning: ZhangLS/Spec/Lemma57.lean:102:7: unused variable `hA`

Note: This linter can be disabled with `set_option linter.unusedVariables false`
⚠ [3465/3674] Replayed ZhangLS.Spec.Lemma57Arithmetic
warning: ZhangLS/Spec/Lemma57Arithmetic.lean:55:15: unused variable `hc_g`

Note: This linter can be disabled with `set_option linter.unusedVariables false`
⚠ [3470/3674] Replayed ZhangLS.Spec.Lemma57SmoothedSum
warning: ZhangLS/Spec/Lemma57SmoothedSum.lean:42:46: unused variable `hD`

Note: This linter can be disabled with `set_option linter.unusedVariables false`
⚠ [3479/3674] Replayed ZhangLS.Spec.Lemma57GaussianGlobal
warning: ZhangLS/Spec/Lemma57GaussianGlobal.lean:55:58: unused variable `ha`

Note: This linter can be disabled with `set_option linter.unusedVariables false`
warning: ZhangLS/Spec/Lemma57GaussianGlobal.lean:241:13: unused variable `hD`

Note: This linter can be disabled with `set_option linter.unusedVariables false`
warning: ZhangLS/Spec/Lemma57GaussianGlobal.lean:241:34: unused variable `hx`

Note: This linter can be disabled with `set_option linter.unusedVariables false`
⚠ [3480/3674] Replayed ZhangLS.Spec.Lemma57SmoothedSummability
warning: ZhangLS/Spec/Lemma57SmoothedSummability.lean:20:52: unused variable `hn`

Note: This linter can be disabled with `set_option linter.unusedVariables false`
⚠ [3485/3674] Replayed ZhangLS.Spec.Lemma57GaussianMellinTransform
warning: ZhangLS/Spec/Lemma57GaussianMellinTransform.lean:67:63: Used `tac1 <;> tac2` where `(tac1; tac2)` would suffice

Note: This linter can be disabled with `set_option linter.unnecessarySeqFocus false`
warning: ZhangLS/Spec/Lemma57GaussianMellinTransform.lean:145:54: Used `tac1 <;> tac2` where `(tac1; tac2)` would suffice

Note: This linter can be disabled with `set_option linter.unnecessarySeqFocus false`
warning: ZhangLS/Spec/Lemma57GaussianMellinTransform.lean:326:4: Try `simp at hs` instead of `simpa using hs`

Note: This linter can be disabled with `set_option linter.unnecessarySimpa false`
⚠ [3499/3674] Replayed ZhangLS.Spec.RiemannZetaCriticalLineBound
warning: ZhangLS/Spec/RiemannZetaCriticalLineBound.lean:99:2: Used `tac1 <;> tac2` where `(tac1; tac2)` would suffice

Note: This linter can be disabled with `set_option linter.unnecessarySeqFocus false`
warning: ZhangLS/Spec/RiemannZetaCriticalLineBound.lean:124:13: unused variable `hs`

Note: This linter can be disabled with `set_option linter.unusedVariables false`
warning: ZhangLS/Spec/RiemannZetaCriticalLineBound.lean:152:6: unused variable `n`

Note: This linter can be disabled with `set_option linter.unusedVariables false`
warning: ZhangLS/Spec/RiemannZetaCriticalLineBound.lean:156:20: unused variable `k`

Note: This linter can be disabled with `set_option linter.unusedVariables false`
warning: ZhangLS/Spec/RiemannZetaCriticalLineBound.lean:161:8: This simp argument is unused:
  sum_one_Icc

Hint: Omit it from the simp argument list.
  simp ̵[̵s̵u̵m̵_̵o̵n̵e̵_̵I̵c̵c̵]̵

Note: This linter can be disabled with `set_option linter.unusedSimpArgs false`
warning: ZhangLS/Spec/RiemannZetaCriticalLineBound.lean:242:12: 'ring' tactic does nothing

Note: This linter can be disabled with `set_option linter.unusedTactic false`
warning: ZhangLS/Spec/RiemannZetaCriticalLineBound.lean:242:12: this tactic is never executed

Note: This linter can be disabled with `set_option linter.unreachableTactic false`
warning: ZhangLS/Spec/RiemannZetaCriticalLineBound.lean:219:41: Used `tac1 <;> tac2` where `(tac1; tac2)` would suffice

Note: This linter can be disabled with `set_option linter.unnecessarySeqFocus false`
warning: ZhangLS/Spec/RiemannZetaCriticalLineBound.lean:303:8: 'ring' tactic does nothing

Note: This linter can be disabled with `set_option linter.unusedTactic false`
warning: ZhangLS/Spec/RiemannZetaCriticalLineBound.lean:303:8: this tactic is never executed

Note: This linter can be disabled with `set_option linter.unreachableTactic false`
warning: ZhangLS/Spec/RiemannZetaCriticalLineBound.lean:394:12: This simp argument is unused:
  norm_div

Hint: Omit it from the simp argument list.
  simp ̵[̵n̵o̵r̵m̵_̵d̵i̵v̵]̵

Note: This linter can be disabled with `set_option linter.unusedSimpArgs false`
warning: ZhangLS/Spec/RiemannZetaCriticalLineBound.lean:475:75: This simp argument is unused:
  norm_div

Hint: Omit it from the simp argument list.
  simp ̵[̵n̵o̵r̵m̵_̵d̵i̵v̵]̵

Note: This linter can be disabled with `set_option linter.unusedSimpArgs false`
⚠ [3500/3674] Replayed ZhangLS.Spec.Lemma57CriticalStripGrowth
warning: ZhangLS/Spec/Lemma57CriticalStripGrowth.lean:270:14: This simp argument is unused:
  norm_div

Hint: Omit it from the simp argument list.
  simp ̵[̵n̵o̵r̵m̵_̵d̵i̵v̵]̵

Note: This linter can be disabled with `set_option linter.unusedSimpArgs false`
⚠ [3507/3674] Replayed ZhangLS.Spec.Lemma23DirichletConjugation
warning: ZhangLS/Spec/Lemma23DirichletConjugation.lean:23:0: automatically included section variable(s) unused in theorem `ZhangLS.Spec.dirichletLSeries_inv_eq_conj_at_conj`:
  [NeZero N]
consider restructuring your `variable` declarations so that the variables are not in scope or explicitly omit them:
  omit [NeZero N] in theorem ...

Note: This linter can be disabled with `set_option linter.unusedSectionVars false`
⚠ [3509/3674] Replayed ZhangLS.Spec.Lemma23PrimitiveGaussSum
warning: ZhangLS/Spec/Lemma23PrimitiveGaussSum.lean:42:19: Used `tac1 <;> tac2` where `(tac1; tac2)` would suffice

Note: This linter can be disabled with `set_option linter.unnecessarySeqFocus false`
⚠ [3510/3674] Replayed ZhangLS.Spec.Lemma23DirichletUnitModulus
warning: ZhangLS/Spec/Lemma23DirichletUnitModulus.lean:112:48: Used `tac1 <;> tac2` where `(tac1; tac2)` would suffice

Note: This linter can be disabled with `set_option linter.unnecessarySeqFocus false`
⚠ [3647/3674] Replayed ZhangLS.Spec.Lemma44ProductMellin
warning: ZhangLS/Spec/Lemma44ProductMellin.lean:144:4: try 'simp' instead of 'simpa'

Note: This linter can be disabled with `set_option linter.unnecessarySimpa false`
⚠ [3651/3674] Replayed ZhangLS.Spec.Lemma44RightMellinApproximation
warning: ZhangLS/Spec/Lemma44RightMellinApproximation.lean:37:4: try 'simp' instead of 'simpa'

Note: This linter can be disabled with `set_option linter.unnecessarySimpa false`
⚠ [3655/3674] Replayed ZhangLS.Spec.Lemma44ReflectedLongSum
warning: ZhangLS/Spec/Lemma44ReflectedLongSum.lean:81:64: Used `tac1 <;> tac2` where `(tac1; tac2)` would suffice

Note: This linter can be disabled with `set_option linter.unnecessarySeqFocus false`
⚠ [3658/3674] Replayed ZhangLS.Spec.Lemma44InitialLeftEstimates
warning: ZhangLS/Spec/Lemma44InitialLeftEstimates.lean:68:23: Used `tac1 <;> tac2` where `(tac1; tac2)` would suffice

Note: This linter can be disabled with `set_option linter.unnecessarySeqFocus false`
⚠ [3661/3674] Replayed ZhangLS.Spec.Lemma44ComplexCharacterAbel
warning: ZhangLS/Spec/Lemma44ComplexCharacterAbel.lean:73:56: unused variable `hD`

Note: This linter can be disabled with `set_option linter.unusedVariables false`
⚠ [3662/3674] Replayed ZhangLS.Spec.Lemma44HorizontalGrowth
warning: ZhangLS/Spec/Lemma44HorizontalGrowth.lean:147:6: 'push_cast' tactic does nothing

Note: This linter can be disabled with `set_option linter.unusedTactic false`
⚠ [3664/3674] Replayed ZhangLS.Spec.Lemma44GaussianVerticalTail
info: ZhangLS/Spec/Lemma44GaussianVerticalTail.lean:41:4: Try this:
  [apply] ring_nf
  
  The `ring` tactic failed to close the goal. Use `ring_nf` to obtain a normal form.
    
  Note that `ring` works primarily in *commutative* rings. If you have a noncommutative ring, abelian group or module, consider using `noncomm_ring`, `abel` or `module` instead.
info: ZhangLS/Spec/Lemma44GaussianVerticalTail.lean:57:16: Try this:
  [apply] ring_nf
  
  The `ring` tactic failed to close the goal. Use `ring_nf` to obtain a normal form.
    
  Note that `ring` works primarily in *commutative* rings. If you have a noncommutative ring, abelian group or module, consider using `noncomm_ring`, `abel` or `module` instead.
warning: ZhangLS/Spec/Lemma44GaussianVerticalTail.lean:57:12: Used `tac1 <;> tac2` where `(tac1; tac2)` would suffice

Note: This linter can be disabled with `set_option linter.unnecessarySeqFocus false`
warning: ZhangLS/Spec/Lemma44GaussianVerticalTail.lean:68:22: Used `tac1 <;> tac2` where `(tac1; tac2)` would suffice

Note: This linter can be disabled with `set_option linter.unnecessarySeqFocus false`
info: ZhangLS/Spec/Lemma44GaussianVerticalTail.lean:153:35: Try this:
  [apply] ring_nf
  
  The `ring` tactic failed to close the goal. Use `ring_nf` to obtain a normal form.
    
  Note that `ring` works primarily in *commutative* rings. If you have a noncommutative ring, abelian group or module, consider using `noncomm_ring`, `abel` or `module` instead.
⚠ [3665/3674] Replayed ZhangLS.Spec.Lemma44LocalRectangle
warning: ZhangLS/Spec/Lemma44LocalRectangle.lean:115:46: This simp argument is unused:
  zero_mul

Hint: Omit it from the simp argument list.
  simp only [mem_reProdIm, mem_Icc, sub_re, sub_im, ofReal_re, ofReal_im, mul_re, mul_im, I_re,
  ̲  ̲ ̲ ̲ ̲ ̲ ̲ ̲I_im, mul_zero, z̵e̵r̵o̵_̵m̵u̵l̵,̵ ̵mul_one, zero_add, sub_zero]

Note: This linter can be disabled with `set_option linter.unusedSimpArgs false`
warning: ZhangLS/Spec/Lemma44LocalRectangle.lean:115:65: This simp argument is unused:
  zero_add

Hint: Omit it from the simp argument list.
  simp only [mem_reProdIm, mem_Icc, sub_re, sub_im, ofReal_re, ofReal_im, mul_re, mul_im, I_re,
  ̲  ̲ ̲ ̲ ̲ ̲ ̲ ̲I_im, mul_zero, zero_mul, mul_one, z̵e̵r̵o̵_̵a̵d̵d̵,̵ ̵sub_zero]

Note: This linter can be disabled with `set_option linter.unusedSimpArgs false`
⚠ [3668/3674] Replayed ZhangLS.Spec.Lemma44HorizontalIntegrals
warning: ZhangLS/Spec/Lemma44HorizontalIntegrals.lean:18:5: unused variable `hK`

Note: This linter can be disabled with `set_option linter.unusedVariables false`
⚠ [3669/3674] Replayed ZhangLS.Spec.Lemma44ReflectedPolynomialContours
warning: ZhangLS/Spec/Lemma44ReflectedPolynomialContours.lean:152:64: This simp argument is unused:
  mul_left_comm

Hint: Omit it from the simp argument list.
  simp only [sub_eq_add_neg, add_comm, add_left_comm, mul_comm, mul_l̵e̵f̵t̵_̵c̵o̵m̵m̵,̵ ̵m̵u̵l̵_̵assoc] at hc ⊢

Note: This linter can be disabled with `set_option linter.unusedSimpArgs false`
warning: ZhangLS/Spec/Lemma44ReflectedPolynomialContours.lean:152:79: This simp argument is unused:
  mul_assoc

Hint: Omit it from the simp argument list.
  simp only [sub_eq_add_neg, add_comm, add_left_comm, mul_comm, mul_left_comm,̵ ̵m̵u̵l̵_̵a̵s̵s̵o̵c̵] at hc ⊢

Note: This linter can be disabled with `set_option linter.unusedSimpArgs false`
⚠ [3673/3674] Replayed ZhangLS.Spec.Lemma45Normalization
warning: ZhangLS/Spec/Lemma45Normalization.lean:90:8: 'ring' tactic does nothing

Note: This linter can be disabled with `set_option linter.unusedTactic false`
warning: ZhangLS/Spec/Lemma45Normalization.lean:90:8: this tactic is never executed

Note: This linter can be disabled with `set_option linter.unreachableTactic false`
Build completed successfully (3674 jobs).
== kernel-check ZhangLS/Spec/Lemma45HorizontalQuotient.lean ==
⚠ [1279/1417] Replayed ZhangLS.Spec.RealDirichletCharacter
warning: ZhangLS/Spec/RealDirichletCharacter.lean:48:4: try 'simp' instead of 'simpa'

Note: This linter can be disabled with `set_option linter.unnecessarySimpa false`
⚠ [1280/1417] Replayed ZhangLS.Spec.Lemma44CharacterProduct
warning: ZhangLS/Spec/Lemma44CharacterProduct.lean:55:38: This simp argument is unused:
  mul_comm

Hint: Omit it from the simp argument list.
  simp [̵m̵u̵l̵_̵c̵o̵m̵m̵,̵ ̵m̵u̵l̵_̵l̵e̵f̵t̵_̵c̵o̵m̵m̵,̵[̲m̲u̲l̲_̲l̲e̲f̲t̲_̲c̲o̲m̲m̲,̲ mul_assoc]

Note: This linter can be disabled with `set_option linter.unusedSimpArgs false`
warning: ZhangLS/Spec/Lemma44CharacterProduct.lean:55:48: This simp argument is unused:
  mul_left_comm

Hint: Omit it from the simp argument list.
  simp [mul_comm, mul_l̵e̵f̵t̵_̵c̵o̵m̵m̵,̵ ̵m̵u̵l̵_̵assoc]

Note: This linter can be disabled with `set_option linter.unusedSimpArgs false`
⚠ [2474/2693] Replayed ZhangLS.Spec.Lemma23AnalyticLogBranch
warning: ZhangLS/Spec/Lemma23AnalyticLogBranch.lean:42:53: try 'simp' instead of 'simpa'

Note: This linter can be disabled with `set_option linter.unnecessarySimpa false`
warning: ZhangLS/Spec/Lemma23AnalyticLogBranch.lean:67:44: try 'simp' instead of 'simpa'

Note: This linter can be disabled with `set_option linter.unnecessarySimpa false`
⚠ [3462/3674] Replayed ZhangLS.Spec.RealAxisAtOne
warning: ZhangLS/Spec/RealAxisAtOne.lean:56:4: try 'simp' instead of 'simpa'

Note: This linter can be disabled with `set_option linter.unnecessarySimpa false`
⚠ [3464/3674] Replayed ZhangLS.Spec.Lemma57
warning: ZhangLS/Spec/Lemma57.lean:101:58: unused variable `hD`

Note: This linter can be disabled with `set_option linter.unusedVariables false`
warning: ZhangLS/Spec/Lemma57.lean:102:7: unused variable `hA`

Note: This linter can be disabled with `set_option linter.unusedVariables false`
⚠ [3465/3674] Replayed ZhangLS.Spec.Lemma57Arithmetic
warning: ZhangLS/Spec/Lemma57Arithmetic.lean:55:15: unused variable `hc_g`

Note: This linter can be disabled with `set_option linter.unusedVariables false`
⚠ [3470/3674] Replayed ZhangLS.Spec.Lemma57SmoothedSum
warning: ZhangLS/Spec/Lemma57SmoothedSum.lean:42:46: unused variable `hD`

Note: This linter can be disabled with `set_option linter.unusedVariables false`
⚠ [3479/3674] Replayed ZhangLS.Spec.Lemma57GaussianGlobal
warning: ZhangLS/Spec/Lemma57GaussianGlobal.lean:55:58: unused variable `ha`

Note: This linter can be disabled with `set_option linter.unusedVariables false`
warning: ZhangLS/Spec/Lemma57GaussianGlobal.lean:241:13: unused variable `hD`

Note: This linter can be disabled with `set_option linter.unusedVariables false`
warning: ZhangLS/Spec/Lemma57GaussianGlobal.lean:241:34: unused variable `hx`

Note: This linter can be disabled with `set_option linter.unusedVariables false`
⚠ [3480/3674] Replayed ZhangLS.Spec.Lemma57SmoothedSummability
warning: ZhangLS/Spec/Lemma57SmoothedSummability.lean:20:52: unused variable `hn`

Note: This linter can be disabled with `set_option linter.unusedVariables false`
⚠ [3485/3674] Replayed ZhangLS.Spec.Lemma57GaussianMellinTransform
warning: ZhangLS/Spec/Lemma57GaussianMellinTransform.lean:67:63: Used `tac1 <;> tac2` where `(tac1; tac2)` would suffice

Note: This linter can be disabled with `set_option linter.unnecessarySeqFocus false`
warning: ZhangLS/Spec/Lemma57GaussianMellinTransform.lean:145:54: Used `tac1 <;> tac2` where `(tac1; tac2)` would suffice

Note: This linter can be disabled with `set_option linter.unnecessarySeqFocus false`
warning: ZhangLS/Spec/Lemma57GaussianMellinTransform.lean:326:4: Try `simp at hs` instead of `simpa using hs`

Note: This linter can be disabled with `set_option linter.unnecessarySimpa false`
⚠ [3499/3674] Replayed ZhangLS.Spec.RiemannZetaCriticalLineBound
warning: ZhangLS/Spec/RiemannZetaCriticalLineBound.lean:99:2: Used `tac1 <;> tac2` where `(tac1; tac2)` would suffice

Note: This linter can be disabled with `set_option linter.unnecessarySeqFocus false`
warning: ZhangLS/Spec/RiemannZetaCriticalLineBound.lean:124:13: unused variable `hs`

Note: This linter can be disabled with `set_option linter.unusedVariables false`
warning: ZhangLS/Spec/RiemannZetaCriticalLineBound.lean:152:6: unused variable `n`

Note: This linter can be disabled with `set_option linter.unusedVariables false`
warning: ZhangLS/Spec/RiemannZetaCriticalLineBound.lean:156:20: unused variable `k`

Note: This linter can be disabled with `set_option linter.unusedVariables false`
warning: ZhangLS/Spec/RiemannZetaCriticalLineBound.lean:161:8: This simp argument is unused:
  sum_one_Icc

Hint: Omit it from the simp argument list.
  simp ̵[̵s̵u̵m̵_̵o̵n̵e̵_̵I̵c̵c̵]̵

Note: This linter can be disabled with `set_option linter.unusedSimpArgs false`
warning: ZhangLS/Spec/RiemannZetaCriticalLineBound.lean:242:12: 'ring' tactic does nothing

Note: This linter can be disabled with `set_option linter.unusedTactic false`
warning: ZhangLS/Spec/RiemannZetaCriticalLineBound.lean:242:12: this tactic is never executed

Note: This linter can be disabled with `set_option linter.unreachableTactic false`
warning: ZhangLS/Spec/RiemannZetaCriticalLineBound.lean:219:41: Used `tac1 <;> tac2` where `(tac1; tac2)` would suffice

Note: This linter can be disabled with `set_option linter.unnecessarySeqFocus false`
warning: ZhangLS/Spec/RiemannZetaCriticalLineBound.lean:303:8: 'ring' tactic does nothing

Note: This linter can be disabled with `set_option linter.unusedTactic false`
warning: ZhangLS/Spec/RiemannZetaCriticalLineBound.lean:303:8: this tactic is never executed

Note: This linter can be disabled with `set_option linter.unreachableTactic false`
warning: ZhangLS/Spec/RiemannZetaCriticalLineBound.lean:394:12: This simp argument is unused:
  norm_div

Hint: Omit it from the simp argument list.
  simp ̵[̵n̵o̵r̵m̵_̵d̵i̵v̵]̵

Note: This linter can be disabled with `set_option linter.unusedSimpArgs false`
warning: ZhangLS/Spec/RiemannZetaCriticalLineBound.lean:475:75: This simp argument is unused:
  norm_div

Hint: Omit it from the simp argument list.
  simp ̵[̵n̵o̵r̵m̵_̵d̵i̵v̵]̵

Note: This linter can be disabled with `set_option linter.unusedSimpArgs false`
⚠ [3500/3674] Replayed ZhangLS.Spec.Lemma57CriticalStripGrowth
warning: ZhangLS/Spec/Lemma57CriticalStripGrowth.lean:270:14: This simp argument is unused:
  norm_div

Hint: Omit it from the simp argument list.
  simp ̵[̵n̵o̵r̵m̵_̵d̵i̵v̵]̵

Note: This linter can be disabled with `set_option linter.unusedSimpArgs false`
⚠ [3507/3674] Replayed ZhangLS.Spec.Lemma23DirichletConjugation
warning: ZhangLS/Spec/Lemma23DirichletConjugation.lean:23:0: automatically included section variable(s) unused in theorem `ZhangLS.Spec.dirichletLSeries_inv_eq_conj_at_conj`:
  [NeZero N]
consider restructuring your `variable` declarations so that the variables are not in scope or explicitly omit them:
  omit [NeZero N] in theorem ...

Note: This linter can be disabled with `set_option linter.unusedSectionVars false`
⚠ [3509/3674] Replayed ZhangLS.Spec.Lemma23PrimitiveGaussSum
warning: ZhangLS/Spec/Lemma23PrimitiveGaussSum.lean:42:19: Used `tac1 <;> tac2` where `(tac1; tac2)` would suffice

Note: This linter can be disabled with `set_option linter.unnecessarySeqFocus false`
⚠ [3510/3674] Replayed ZhangLS.Spec.Lemma23DirichletUnitModulus
warning: ZhangLS/Spec/Lemma23DirichletUnitModulus.lean:112:48: Used `tac1 <;> tac2` where `(tac1; tac2)` would suffice

Note: This linter can be disabled with `set_option linter.unnecessarySeqFocus false`
⚠ [3647/3674] Replayed ZhangLS.Spec.Lemma44ProductMellin
warning: ZhangLS/Spec/Lemma44ProductMellin.lean:144:4: try 'simp' instead of 'simpa'

Note: This linter can be disabled with `set_option linter.unnecessarySimpa false`
⚠ [3651/3674] Replayed ZhangLS.Spec.Lemma44RightMellinApproximation
warning: ZhangLS/Spec/Lemma44RightMellinApproximation.lean:37:4: try 'simp' instead of 'simpa'

Note: This linter can be disabled with `set_option linter.unnecessarySimpa false`
⚠ [3655/3674] Replayed ZhangLS.Spec.Lemma44ReflectedLongSum
warning: ZhangLS/Spec/Lemma44ReflectedLongSum.lean:81:64: Used `tac1 <;> tac2` where `(tac1; tac2)` would suffice

Note: This linter can be disabled with `set_option linter.unnecessarySeqFocus false`
⚠ [3658/3674] Replayed ZhangLS.Spec.Lemma44InitialLeftEstimates
warning: ZhangLS/Spec/Lemma44InitialLeftEstimates.lean:68:23: Used `tac1 <;> tac2` where `(tac1; tac2)` would suffice

Note: This linter can be disabled with `set_option linter.unnecessarySeqFocus false`
⚠ [3661/3674] Replayed ZhangLS.Spec.Lemma44ComplexCharacterAbel
warning: ZhangLS/Spec/Lemma44ComplexCharacterAbel.lean:73:56: unused variable `hD`

Note: This linter can be disabled with `set_option linter.unusedVariables false`
⚠ [3662/3674] Replayed ZhangLS.Spec.Lemma44HorizontalGrowth
warning: ZhangLS/Spec/Lemma44HorizontalGrowth.lean:147:6: 'push_cast' tactic does nothing

Note: This linter can be disabled with `set_option linter.unusedTactic false`
⚠ [3664/3674] Replayed ZhangLS.Spec.Lemma44GaussianVerticalTail
info: ZhangLS/Spec/Lemma44GaussianVerticalTail.lean:41:4: Try this:
  [apply] ring_nf
  
  The `ring` tactic failed to close the goal. Use `ring_nf` to obtain a normal form.
    
  Note that `ring` works primarily in *commutative* rings. If you have a noncommutative ring, abelian group or module, consider using `noncomm_ring`, `abel` or `module` instead.
info: ZhangLS/Spec/Lemma44GaussianVerticalTail.lean:57:16: Try this:
  [apply] ring_nf
  
  The `ring` tactic failed to close the goal. Use `ring_nf` to obtain a normal form.
    
  Note that `ring` works primarily in *commutative* rings. If you have a noncommutative ring, abelian group or module, consider using `noncomm_ring`, `abel` or `module` instead.
warning: ZhangLS/Spec/Lemma44GaussianVerticalTail.lean:57:12: Used `tac1 <;> tac2` where `(tac1; tac2)` would suffice

Note: This linter can be disabled with `set_option linter.unnecessarySeqFocus false`
warning: ZhangLS/Spec/Lemma44GaussianVerticalTail.lean:68:22: Used `tac1 <;> tac2` where `(tac1; tac2)` would suffice

Note: This linter can be disabled with `set_option linter.unnecessarySeqFocus false`
info: ZhangLS/Spec/Lemma44GaussianVerticalTail.lean:153:35: Try this:
  [apply] ring_nf
  
  The `ring` tactic failed to close the goal. Use `ring_nf` to obtain a normal form.
    
  Note that `ring` works primarily in *commutative* rings. If you have a noncommutative ring, abelian group or module, consider using `noncomm_ring`, `abel` or `module` instead.
⚠ [3665/3674] Replayed ZhangLS.Spec.Lemma44LocalRectangle
warning: ZhangLS/Spec/Lemma44LocalRectangle.lean:115:46: This simp argument is unused:
  zero_mul

Hint: Omit it from the simp argument list.
  simp only [mem_reProdIm, mem_Icc, sub_re, sub_im, ofReal_re, ofReal_im, mul_re, mul_im, I_re,
  ̲  ̲ ̲ ̲ ̲ ̲ ̲ ̲I_im, mul_zero, z̵e̵r̵o̵_̵m̵u̵l̵,̵ ̵mul_one, zero_add, sub_zero]

Note: This linter can be disabled with `set_option linter.unusedSimpArgs false`
warning: ZhangLS/Spec/Lemma44LocalRectangle.lean:115:65: This simp argument is unused:
  zero_add

Hint: Omit it from the simp argument list.
  simp only [mem_reProdIm, mem_Icc, sub_re, sub_im, ofReal_re, ofReal_im, mul_re, mul_im, I_re,
  ̲  ̲ ̲ ̲ ̲ ̲ ̲ ̲I_im, mul_zero, zero_mul, mul_one, z̵e̵r̵o̵_̵a̵d̵d̵,̵ ̵sub_zero]

Note: This linter can be disabled with `set_option linter.unusedSimpArgs false`
⚠ [3668/3674] Replayed ZhangLS.Spec.Lemma44HorizontalIntegrals
warning: ZhangLS/Spec/Lemma44HorizontalIntegrals.lean:18:5: unused variable `hK`

Note: This linter can be disabled with `set_option linter.unusedVariables false`
⚠ [3669/3674] Replayed ZhangLS.Spec.Lemma44ReflectedPolynomialContours
warning: ZhangLS/Spec/Lemma44ReflectedPolynomialContours.lean:152:64: This simp argument is unused:
  mul_left_comm

Hint: Omit it from the simp argument list.
  simp only [sub_eq_add_neg, add_comm, add_left_comm, mul_comm, mul_l̵e̵f̵t̵_̵c̵o̵m̵m̵,̵ ̵m̵u̵l̵_̵assoc] at hc ⊢

Note: This linter can be disabled with `set_option linter.unusedSimpArgs false`
warning: ZhangLS/Spec/Lemma44ReflectedPolynomialContours.lean:152:79: This simp argument is unused:
  mul_assoc

Hint: Omit it from the simp argument list.
  simp only [sub_eq_add_neg, add_comm, add_left_comm, mul_comm, mul_left_comm,̵ ̵m̵u̵l̵_̵a̵s̵s̵o̵c̵] at hc ⊢

Note: This linter can be disabled with `set_option linter.unusedSimpArgs false`
⚠ [3673/3674] Replayed ZhangLS.Spec.Lemma45Normalization
warning: ZhangLS/Spec/Lemma45Normalization.lean:90:8: 'ring' tactic does nothing

Note: This linter can be disabled with `set_option linter.unusedTactic false`
warning: ZhangLS/Spec/Lemma45Normalization.lean:90:8: this tactic is never executed

Note: This linter can be disabled with `set_option linter.unreachableTactic false`
Build completed successfully (3674 jobs).
== kernel-check ZhangLS/Spec/Lemma45Normalization.lean ==
⚠ [1279/1399] Replayed ZhangLS.Spec.RealDirichletCharacter
warning: ZhangLS/Spec/RealDirichletCharacter.lean:48:4: try 'simp' instead of 'simpa'

Note: This linter can be disabled with `set_option linter.unnecessarySimpa false`
⚠ [1280/1399] Replayed ZhangLS.Spec.Lemma44CharacterProduct
warning: ZhangLS/Spec/Lemma44CharacterProduct.lean:55:38: This simp argument is unused:
  mul_comm

Hint: Omit it from the simp argument list.
  simp [̵m̵u̵l̵_̵c̵o̵m̵m̵,̵ ̵m̵u̵l̵_̵l̵e̵f̵t̵_̵c̵o̵m̵m̵,̵[̲m̲u̲l̲_̲l̲e̲f̲t̲_̲c̲o̲m̲m̲,̲ mul_assoc]

Note: This linter can be disabled with `set_option linter.unusedSimpArgs false`
warning: ZhangLS/Spec/Lemma44CharacterProduct.lean:55:48: This simp argument is unused:
  mul_left_comm

Hint: Omit it from the simp argument list.
  simp [mul_comm, mul_l̵e̵f̵t̵_̵c̵o̵m̵m̵,̵ ̵m̵u̵l̵_̵assoc]

Note: This linter can be disabled with `set_option linter.unusedSimpArgs false`
⚠ [2474/2685] Replayed ZhangLS.Spec.Lemma23AnalyticLogBranch
warning: ZhangLS/Spec/Lemma23AnalyticLogBranch.lean:42:53: try 'simp' instead of 'simpa'

Note: This linter can be disabled with `set_option linter.unnecessarySimpa false`
warning: ZhangLS/Spec/Lemma23AnalyticLogBranch.lean:67:44: try 'simp' instead of 'simpa'

Note: This linter can be disabled with `set_option linter.unnecessarySimpa false`
⚠ [3462/3673] Replayed ZhangLS.Spec.RealAxisAtOne
warning: ZhangLS/Spec/RealAxisAtOne.lean:56:4: try 'simp' instead of 'simpa'

Note: This linter can be disabled with `set_option linter.unnecessarySimpa false`
⚠ [3464/3673] Replayed ZhangLS.Spec.Lemma57
warning: ZhangLS/Spec/Lemma57.lean:101:58: unused variable `hD`

Note: This linter can be disabled with `set_option linter.unusedVariables false`
warning: ZhangLS/Spec/Lemma57.lean:102:7: unused variable `hA`

Note: This linter can be disabled with `set_option linter.unusedVariables false`
⚠ [3465/3673] Replayed ZhangLS.Spec.Lemma57Arithmetic
warning: ZhangLS/Spec/Lemma57Arithmetic.lean:55:15: unused variable `hc_g`

Note: This linter can be disabled with `set_option linter.unusedVariables false`
⚠ [3470/3673] Replayed ZhangLS.Spec.Lemma57SmoothedSum
warning: ZhangLS/Spec/Lemma57SmoothedSum.lean:42:46: unused variable `hD`

Note: This linter can be disabled with `set_option linter.unusedVariables false`
⚠ [3479/3673] Replayed ZhangLS.Spec.Lemma57GaussianGlobal
warning: ZhangLS/Spec/Lemma57GaussianGlobal.lean:55:58: unused variable `ha`

Note: This linter can be disabled with `set_option linter.unusedVariables false`
warning: ZhangLS/Spec/Lemma57GaussianGlobal.lean:241:13: unused variable `hD`

Note: This linter can be disabled with `set_option linter.unusedVariables false`
warning: ZhangLS/Spec/Lemma57GaussianGlobal.lean:241:34: unused variable `hx`

Note: This linter can be disabled with `set_option linter.unusedVariables false`
⚠ [3480/3673] Replayed ZhangLS.Spec.Lemma57SmoothedSummability
warning: ZhangLS/Spec/Lemma57SmoothedSummability.lean:20:52: unused variable `hn`

Note: This linter can be disabled with `set_option linter.unusedVariables false`
⚠ [3485/3673] Replayed ZhangLS.Spec.Lemma57GaussianMellinTransform
warning: ZhangLS/Spec/Lemma57GaussianMellinTransform.lean:67:63: Used `tac1 <;> tac2` where `(tac1; tac2)` would suffice

Note: This linter can be disabled with `set_option linter.unnecessarySeqFocus false`
warning: ZhangLS/Spec/Lemma57GaussianMellinTransform.lean:145:54: Used `tac1 <;> tac2` where `(tac1; tac2)` would suffice

Note: This linter can be disabled with `set_option linter.unnecessarySeqFocus false`
warning: ZhangLS/Spec/Lemma57GaussianMellinTransform.lean:326:4: Try `simp at hs` instead of `simpa using hs`

Note: This linter can be disabled with `set_option linter.unnecessarySimpa false`
⚠ [3499/3673] Replayed ZhangLS.Spec.RiemannZetaCriticalLineBound
warning: ZhangLS/Spec/RiemannZetaCriticalLineBound.lean:99:2: Used `tac1 <;> tac2` where `(tac1; tac2)` would suffice

Note: This linter can be disabled with `set_option linter.unnecessarySeqFocus false`
warning: ZhangLS/Spec/RiemannZetaCriticalLineBound.lean:124:13: unused variable `hs`

Note: This linter can be disabled with `set_option linter.unusedVariables false`
warning: ZhangLS/Spec/RiemannZetaCriticalLineBound.lean:152:6: unused variable `n`

Note: This linter can be disabled with `set_option linter.unusedVariables false`
warning: ZhangLS/Spec/RiemannZetaCriticalLineBound.lean:156:20: unused variable `k`

Note: This linter can be disabled with `set_option linter.unusedVariables false`
warning: ZhangLS/Spec/RiemannZetaCriticalLineBound.lean:161:8: This simp argument is unused:
  sum_one_Icc

Hint: Omit it from the simp argument list.
  simp ̵[̵s̵u̵m̵_̵o̵n̵e̵_̵I̵c̵c̵]̵

Note: This linter can be disabled with `set_option linter.unusedSimpArgs false`
warning: ZhangLS/Spec/RiemannZetaCriticalLineBound.lean:242:12: 'ring' tactic does nothing

Note: This linter can be disabled with `set_option linter.unusedTactic false`
warning: ZhangLS/Spec/RiemannZetaCriticalLineBound.lean:242:12: this tactic is never executed

Note: This linter can be disabled with `set_option linter.unreachableTactic false`
warning: ZhangLS/Spec/RiemannZetaCriticalLineBound.lean:219:41: Used `tac1 <;> tac2` where `(tac1; tac2)` would suffice

Note: This linter can be disabled with `set_option linter.unnecessarySeqFocus false`
warning: ZhangLS/Spec/RiemannZetaCriticalLineBound.lean:303:8: 'ring' tactic does nothing

Note: This linter can be disabled with `set_option linter.unusedTactic false`
warning: ZhangLS/Spec/RiemannZetaCriticalLineBound.lean:303:8: this tactic is never executed

Note: This linter can be disabled with `set_option linter.unreachableTactic false`
warning: ZhangLS/Spec/RiemannZetaCriticalLineBound.lean:394:12: This simp argument is unused:
  norm_div

Hint: Omit it from the simp argument list.
  simp ̵[̵n̵o̵r̵m̵_̵d̵i̵v̵]̵

Note: This linter can be disabled with `set_option linter.unusedSimpArgs false`
warning: ZhangLS/Spec/RiemannZetaCriticalLineBound.lean:475:75: This simp argument is unused:
  norm_div

Hint: Omit it from the simp argument list.
  simp ̵[̵n̵o̵r̵m̵_̵d̵i̵v̵]̵

Note: This linter can be disabled with `set_option linter.unusedSimpArgs false`
⚠ [3500/3673] Replayed ZhangLS.Spec.Lemma57CriticalStripGrowth
warning: ZhangLS/Spec/Lemma57CriticalStripGrowth.lean:270:14: This simp argument is unused:
  norm_div

Hint: Omit it from the simp argument list.
  simp ̵[̵n̵o̵r̵m̵_̵d̵i̵v̵]̵

Note: This linter can be disabled with `set_option linter.unusedSimpArgs false`
⚠ [3507/3673] Replayed ZhangLS.Spec.Lemma23DirichletConjugation
warning: ZhangLS/Spec/Lemma23DirichletConjugation.lean:23:0: automatically included section variable(s) unused in theorem `ZhangLS.Spec.dirichletLSeries_inv_eq_conj_at_conj`:
  [NeZero N]
consider restructuring your `variable` declarations so that the variables are not in scope or explicitly omit them:
  omit [NeZero N] in theorem ...

Note: This linter can be disabled with `set_option linter.unusedSectionVars false`
⚠ [3509/3673] Replayed ZhangLS.Spec.Lemma23PrimitiveGaussSum
warning: ZhangLS/Spec/Lemma23PrimitiveGaussSum.lean:42:19: Used `tac1 <;> tac2` where `(tac1; tac2)` would suffice

Note: This linter can be disabled with `set_option linter.unnecessarySeqFocus false`
⚠ [3510/3673] Replayed ZhangLS.Spec.Lemma23DirichletUnitModulus
warning: ZhangLS/Spec/Lemma23DirichletUnitModulus.lean:112:48: Used `tac1 <;> tac2` where `(tac1; tac2)` would suffice

Note: This linter can be disabled with `set_option linter.unnecessarySeqFocus false`
⚠ [3647/3673] Replayed ZhangLS.Spec.Lemma44ProductMellin
warning: ZhangLS/Spec/Lemma44ProductMellin.lean:144:4: try 'simp' instead of 'simpa'

Note: This linter can be disabled with `set_option linter.unnecessarySimpa false`
⚠ [3651/3673] Replayed ZhangLS.Spec.Lemma44RightMellinApproximation
warning: ZhangLS/Spec/Lemma44RightMellinApproximation.lean:37:4: try 'simp' instead of 'simpa'

Note: This linter can be disabled with `set_option linter.unnecessarySimpa false`
⚠ [3655/3673] Replayed ZhangLS.Spec.Lemma44ReflectedLongSum
warning: ZhangLS/Spec/Lemma44ReflectedLongSum.lean:81:64: Used `tac1 <;> tac2` where `(tac1; tac2)` would suffice

Note: This linter can be disabled with `set_option linter.unnecessarySeqFocus false`
⚠ [3658/3673] Replayed ZhangLS.Spec.Lemma44InitialLeftEstimates
warning: ZhangLS/Spec/Lemma44InitialLeftEstimates.lean:68:23: Used `tac1 <;> tac2` where `(tac1; tac2)` would suffice

Note: This linter can be disabled with `set_option linter.unnecessarySeqFocus false`
⚠ [3661/3673] Replayed ZhangLS.Spec.Lemma44ComplexCharacterAbel
warning: ZhangLS/Spec/Lemma44ComplexCharacterAbel.lean:73:56: unused variable `hD`

Note: This linter can be disabled with `set_option linter.unusedVariables false`
⚠ [3662/3673] Replayed ZhangLS.Spec.Lemma44HorizontalGrowth
warning: ZhangLS/Spec/Lemma44HorizontalGrowth.lean:147:6: 'push_cast' tactic does nothing

Note: This linter can be disabled with `set_option linter.unusedTactic false`
⚠ [3664/3673] Replayed ZhangLS.Spec.Lemma44GaussianVerticalTail
info: ZhangLS/Spec/Lemma44GaussianVerticalTail.lean:41:4: Try this:
  [apply] ring_nf
  
  The `ring` tactic failed to close the goal. Use `ring_nf` to obtain a normal form.
    
  Note that `ring` works primarily in *commutative* rings. If you have a noncommutative ring, abelian group or module, consider using `noncomm_ring`, `abel` or `module` instead.
info: ZhangLS/Spec/Lemma44GaussianVerticalTail.lean:57:16: Try this:
  [apply] ring_nf
  
  The `ring` tactic failed to close the goal. Use `ring_nf` to obtain a normal form.
    
  Note that `ring` works primarily in *commutative* rings. If you have a noncommutative ring, abelian group or module, consider using `noncomm_ring`, `abel` or `module` instead.
warning: ZhangLS/Spec/Lemma44GaussianVerticalTail.lean:57:12: Used `tac1 <;> tac2` where `(tac1; tac2)` would suffice

Note: This linter can be disabled with `set_option linter.unnecessarySeqFocus false`
warning: ZhangLS/Spec/Lemma44GaussianVerticalTail.lean:68:22: Used `tac1 <;> tac2` where `(tac1; tac2)` would suffice

Note: This linter can be disabled with `set_option linter.unnecessarySeqFocus false`
info: ZhangLS/Spec/Lemma44GaussianVerticalTail.lean:153:35: Try this:
  [apply] ring_nf
  
  The `ring` tactic failed to close the goal. Use `ring_nf` to obtain a normal form.
    
  Note that `ring` works primarily in *commutative* rings. If you have a noncommutative ring, abelian group or module, consider using `noncomm_ring`, `abel` or `module` instead.
⚠ [3665/3673] Replayed ZhangLS.Spec.Lemma44LocalRectangle
warning: ZhangLS/Spec/Lemma44LocalRectangle.lean:115:46: This simp argument is unused:
  zero_mul

Hint: Omit it from the simp argument list.
  simp only [mem_reProdIm, mem_Icc, sub_re, sub_im, ofReal_re, ofReal_im, mul_re, mul_im, I_re,
  ̲  ̲ ̲ ̲ ̲ ̲ ̲ ̲I_im, mul_zero, z̵e̵r̵o̵_̵m̵u̵l̵,̵ ̵mul_one, zero_add, sub_zero]

Note: This linter can be disabled with `set_option linter.unusedSimpArgs false`
warning: ZhangLS/Spec/Lemma44LocalRectangle.lean:115:65: This simp argument is unused:
  zero_add

Hint: Omit it from the simp argument list.
  simp only [mem_reProdIm, mem_Icc, sub_re, sub_im, ofReal_re, ofReal_im, mul_re, mul_im, I_re,
  ̲  ̲ ̲ ̲ ̲ ̲ ̲ ̲I_im, mul_zero, zero_mul, mul_one, z̵e̵r̵o̵_̵a̵d̵d̵,̵ ̵sub_zero]

Note: This linter can be disabled with `set_option linter.unusedSimpArgs false`
⚠ [3668/3673] Replayed ZhangLS.Spec.Lemma44HorizontalIntegrals
warning: ZhangLS/Spec/Lemma44HorizontalIntegrals.lean:18:5: unused variable `hK`

Note: This linter can be disabled with `set_option linter.unusedVariables false`
⚠ [3669/3673] Replayed ZhangLS.Spec.Lemma44ReflectedPolynomialContours
warning: ZhangLS/Spec/Lemma44ReflectedPolynomialContours.lean:152:64: This simp argument is unused:
  mul_left_comm

Hint: Omit it from the simp argument list.
  simp only [sub_eq_add_neg, add_comm, add_left_comm, mul_comm, mul_l̵e̵f̵t̵_̵c̵o̵m̵m̵,̵ ̵m̵u̵l̵_̵assoc] at hc ⊢

Note: This linter can be disabled with `set_option linter.unusedSimpArgs false`
warning: ZhangLS/Spec/Lemma44ReflectedPolynomialContours.lean:152:79: This simp argument is unused:
  mul_assoc

Hint: Omit it from the simp argument list.
  simp only [sub_eq_add_neg, add_comm, add_left_comm, mul_comm, mul_left_comm,̵ ̵m̵u̵l̵_̵a̵s̵s̵o̵c̵] at hc ⊢

Note: This linter can be disabled with `set_option linter.unusedSimpArgs false`
⚠ [3673/3673] Replayed ZhangLS.Spec.Lemma45Normalization
warning: ZhangLS/Spec/Lemma45Normalization.lean:90:8: 'ring' tactic does nothing

Note: This linter can be disabled with `set_option linter.unusedTactic false`
warning: ZhangLS/Spec/Lemma45Normalization.lean:90:8: this tactic is never executed

Note: This linter can be disabled with `set_option linter.unreachableTactic false`
Build completed successfully (3673 jobs).
ZhangLS/Spec/Lemma45Normalization.lean:90:8: warning: 'ring' tactic does nothing

Note: This linter can be disabled with `set_option linter.unusedTactic false`
ZhangLS/Spec/Lemma45Normalization.lean:90:8: warning: this tactic is never executed

Note: This linter can be disabled with `set_option linter.unreachableTactic false`
== kernel-check ZhangLS/Spec/Lemma45ZeroFree.lean ==
⚠ [1279/1404] Replayed ZhangLS.Spec.RealDirichletCharacter
warning: ZhangLS/Spec/RealDirichletCharacter.lean:48:4: try 'simp' instead of 'simpa'

Note: This linter can be disabled with `set_option linter.unnecessarySimpa false`
⚠ [1280/1404] Replayed ZhangLS.Spec.Lemma44CharacterProduct
warning: ZhangLS/Spec/Lemma44CharacterProduct.lean:55:38: This simp argument is unused:
  mul_comm

Hint: Omit it from the simp argument list.
  simp [̵m̵u̵l̵_̵c̵o̵m̵m̵,̵ ̵m̵u̵l̵_̵l̵e̵f̵t̵_̵c̵o̵m̵m̵,̵[̲m̲u̲l̲_̲l̲e̲f̲t̲_̲c̲o̲m̲m̲,̲ mul_assoc]

Note: This linter can be disabled with `set_option linter.unusedSimpArgs false`
warning: ZhangLS/Spec/Lemma44CharacterProduct.lean:55:48: This simp argument is unused:
  mul_left_comm

Hint: Omit it from the simp argument list.
  simp [mul_comm, mul_l̵e̵f̵t̵_̵c̵o̵m̵m̵,̵ ̵m̵u̵l̵_̵assoc]

Note: This linter can be disabled with `set_option linter.unusedSimpArgs false`
⚠ [2474/2664] Replayed ZhangLS.Spec.Lemma23AnalyticLogBranch
warning: ZhangLS/Spec/Lemma23AnalyticLogBranch.lean:42:53: try 'simp' instead of 'simpa'

Note: This linter can be disabled with `set_option linter.unnecessarySimpa false`
warning: ZhangLS/Spec/Lemma23AnalyticLogBranch.lean:67:44: try 'simp' instead of 'simpa'

Note: This linter can be disabled with `set_option linter.unnecessarySimpa false`
⚠ [3462/3676] Replayed ZhangLS.Spec.RealAxisAtOne
warning: ZhangLS/Spec/RealAxisAtOne.lean:56:4: try 'simp' instead of 'simpa'

Note: This linter can be disabled with `set_option linter.unnecessarySimpa false`
⚠ [3464/3676] Replayed ZhangLS.Spec.Lemma57
warning: ZhangLS/Spec/Lemma57.lean:101:58: unused variable `hD`

Note: This linter can be disabled with `set_option linter.unusedVariables false`
warning: ZhangLS/Spec/Lemma57.lean:102:7: unused variable `hA`

Note: This linter can be disabled with `set_option linter.unusedVariables false`
⚠ [3465/3676] Replayed ZhangLS.Spec.Lemma57Arithmetic
warning: ZhangLS/Spec/Lemma57Arithmetic.lean:55:15: unused variable `hc_g`

Note: This linter can be disabled with `set_option linter.unusedVariables false`
⚠ [3470/3676] Replayed ZhangLS.Spec.Lemma57SmoothedSum
warning: ZhangLS/Spec/Lemma57SmoothedSum.lean:42:46: unused variable `hD`

Note: This linter can be disabled with `set_option linter.unusedVariables false`
⚠ [3479/3676] Replayed ZhangLS.Spec.Lemma57GaussianGlobal
warning: ZhangLS/Spec/Lemma57GaussianGlobal.lean:55:58: unused variable `ha`

Note: This linter can be disabled with `set_option linter.unusedVariables false`
warning: ZhangLS/Spec/Lemma57GaussianGlobal.lean:241:13: unused variable `hD`

Note: This linter can be disabled with `set_option linter.unusedVariables false`
warning: ZhangLS/Spec/Lemma57GaussianGlobal.lean:241:34: unused variable `hx`

Note: This linter can be disabled with `set_option linter.unusedVariables false`
⚠ [3480/3676] Replayed ZhangLS.Spec.Lemma57SmoothedSummability
warning: ZhangLS/Spec/Lemma57SmoothedSummability.lean:20:52: unused variable `hn`

Note: This linter can be disabled with `set_option linter.unusedVariables false`
⚠ [3485/3676] Replayed ZhangLS.Spec.Lemma57GaussianMellinTransform
warning: ZhangLS/Spec/Lemma57GaussianMellinTransform.lean:67:63: Used `tac1 <;> tac2` where `(tac1; tac2)` would suffice

Note: This linter can be disabled with `set_option linter.unnecessarySeqFocus false`
warning: ZhangLS/Spec/Lemma57GaussianMellinTransform.lean:145:54: Used `tac1 <;> tac2` where `(tac1; tac2)` would suffice

Note: This linter can be disabled with `set_option linter.unnecessarySeqFocus false`
warning: ZhangLS/Spec/Lemma57GaussianMellinTransform.lean:326:4: Try `simp at hs` instead of `simpa using hs`

Note: This linter can be disabled with `set_option linter.unnecessarySimpa false`
⚠ [3499/3676] Replayed ZhangLS.Spec.RiemannZetaCriticalLineBound
warning: ZhangLS/Spec/RiemannZetaCriticalLineBound.lean:99:2: Used `tac1 <;> tac2` where `(tac1; tac2)` would suffice

Note: This linter can be disabled with `set_option linter.unnecessarySeqFocus false`
warning: ZhangLS/Spec/RiemannZetaCriticalLineBound.lean:124:13: unused variable `hs`

Note: This linter can be disabled with `set_option linter.unusedVariables false`
warning: ZhangLS/Spec/RiemannZetaCriticalLineBound.lean:152:6: unused variable `n`

Note: This linter can be disabled with `set_option linter.unusedVariables false`
warning: ZhangLS/Spec/RiemannZetaCriticalLineBound.lean:156:20: unused variable `k`

Note: This linter can be disabled with `set_option linter.unusedVariables false`
warning: ZhangLS/Spec/RiemannZetaCriticalLineBound.lean:161:8: This simp argument is unused:
  sum_one_Icc

Hint: Omit it from the simp argument list.
  simp ̵[̵s̵u̵m̵_̵o̵n̵e̵_̵I̵c̵c̵]̵

Note: This linter can be disabled with `set_option linter.unusedSimpArgs false`
warning: ZhangLS/Spec/RiemannZetaCriticalLineBound.lean:242:12: 'ring' tactic does nothing

Note: This linter can be disabled with `set_option linter.unusedTactic false`
warning: ZhangLS/Spec/RiemannZetaCriticalLineBound.lean:242:12: this tactic is never executed

Note: This linter can be disabled with `set_option linter.unreachableTactic false`
warning: ZhangLS/Spec/RiemannZetaCriticalLineBound.lean:219:41: Used `tac1 <;> tac2` where `(tac1; tac2)` would suffice

Note: This linter can be disabled with `set_option linter.unnecessarySeqFocus false`
warning: ZhangLS/Spec/RiemannZetaCriticalLineBound.lean:303:8: 'ring' tactic does nothing

Note: This linter can be disabled with `set_option linter.unusedTactic false`
warning: ZhangLS/Spec/RiemannZetaCriticalLineBound.lean:303:8: this tactic is never executed

Note: This linter can be disabled with `set_option linter.unreachableTactic false`
warning: ZhangLS/Spec/RiemannZetaCriticalLineBound.lean:394:12: This simp argument is unused:
  norm_div

Hint: Omit it from the simp argument list.
  simp ̵[̵n̵o̵r̵m̵_̵d̵i̵v̵]̵

Note: This linter can be disabled with `set_option linter.unusedSimpArgs false`
warning: ZhangLS/Spec/RiemannZetaCriticalLineBound.lean:475:75: This simp argument is unused:
  norm_div

Hint: Omit it from the simp argument list.
  simp ̵[̵n̵o̵r̵m̵_̵d̵i̵v̵]̵

Note: This linter can be disabled with `set_option linter.unusedSimpArgs false`
⚠ [3500/3676] Replayed ZhangLS.Spec.Lemma57CriticalStripGrowth
warning: ZhangLS/Spec/Lemma57CriticalStripGrowth.lean:270:14: This simp argument is unused:
  norm_div

Hint: Omit it from the simp argument list.
  simp ̵[̵n̵o̵r̵m̵_̵d̵i̵v̵]̵

Note: This linter can be disabled with `set_option linter.unusedSimpArgs false`
⚠ [3507/3676] Replayed ZhangLS.Spec.Lemma23DirichletConjugation
warning: ZhangLS/Spec/Lemma23DirichletConjugation.lean:23:0: automatically included section variable(s) unused in theorem `ZhangLS.Spec.dirichletLSeries_inv_eq_conj_at_conj`:
  [NeZero N]
consider restructuring your `variable` declarations so that the variables are not in scope or explicitly omit them:
  omit [NeZero N] in theorem ...

Note: This linter can be disabled with `set_option linter.unusedSectionVars false`
⚠ [3509/3676] Replayed ZhangLS.Spec.Lemma23PrimitiveGaussSum
warning: ZhangLS/Spec/Lemma23PrimitiveGaussSum.lean:42:19: Used `tac1 <;> tac2` where `(tac1; tac2)` would suffice

Note: This linter can be disabled with `set_option linter.unnecessarySeqFocus false`
⚠ [3510/3676] Replayed ZhangLS.Spec.Lemma23DirichletUnitModulus
warning: ZhangLS/Spec/Lemma23DirichletUnitModulus.lean:112:48: Used `tac1 <;> tac2` where `(tac1; tac2)` would suffice

Note: This linter can be disabled with `set_option linter.unnecessarySeqFocus false`
⚠ [3647/3676] Replayed ZhangLS.Spec.Lemma44ProductMellin
warning: ZhangLS/Spec/Lemma44ProductMellin.lean:144:4: try 'simp' instead of 'simpa'

Note: This linter can be disabled with `set_option linter.unnecessarySimpa false`
⚠ [3651/3676] Replayed ZhangLS.Spec.Lemma44RightMellinApproximation
warning: ZhangLS/Spec/Lemma44RightMellinApproximation.lean:37:4: try 'simp' instead of 'simpa'

Note: This linter can be disabled with `set_option linter.unnecessarySimpa false`
⚠ [3655/3676] Replayed ZhangLS.Spec.Lemma44ReflectedLongSum
warning: ZhangLS/Spec/Lemma44ReflectedLongSum.lean:81:64: Used `tac1 <;> tac2` where `(tac1; tac2)` would suffice

Note: This linter can be disabled with `set_option linter.unnecessarySeqFocus false`
⚠ [3658/3676] Replayed ZhangLS.Spec.Lemma44InitialLeftEstimates
warning: ZhangLS/Spec/Lemma44InitialLeftEstimates.lean:68:23: Used `tac1 <;> tac2` where `(tac1; tac2)` would suffice

Note: This linter can be disabled with `set_option linter.unnecessarySeqFocus false`
⚠ [3661/3676] Replayed ZhangLS.Spec.Lemma44ComplexCharacterAbel
warning: ZhangLS/Spec/Lemma44ComplexCharacterAbel.lean:73:56: unused variable `hD`

Note: This linter can be disabled with `set_option linter.unusedVariables false`
⚠ [3662/3676] Replayed ZhangLS.Spec.Lemma44HorizontalGrowth
warning: ZhangLS/Spec/Lemma44HorizontalGrowth.lean:147:6: 'push_cast' tactic does nothing

Note: This linter can be disabled with `set_option linter.unusedTactic false`
⚠ [3664/3676] Replayed ZhangLS.Spec.Lemma44GaussianVerticalTail
info: ZhangLS/Spec/Lemma44GaussianVerticalTail.lean:41:4: Try this:
  [apply] ring_nf
  
  The `ring` tactic failed to close the goal. Use `ring_nf` to obtain a normal form.
    
  Note that `ring` works primarily in *commutative* rings. If you have a noncommutative ring, abelian group or module, consider using `noncomm_ring`, `abel` or `module` instead.
info: ZhangLS/Spec/Lemma44GaussianVerticalTail.lean:57:16: Try this:
  [apply] ring_nf
  
  The `ring` tactic failed to close the goal. Use `ring_nf` to obtain a normal form.
    
  Note that `ring` works primarily in *commutative* rings. If you have a noncommutative ring, abelian group or module, consider using `noncomm_ring`, `abel` or `module` instead.
warning: ZhangLS/Spec/Lemma44GaussianVerticalTail.lean:57:12: Used `tac1 <;> tac2` where `(tac1; tac2)` would suffice

Note: This linter can be disabled with `set_option linter.unnecessarySeqFocus false`
warning: ZhangLS/Spec/Lemma44GaussianVerticalTail.lean:68:22: Used `tac1 <;> tac2` where `(tac1; tac2)` would suffice

Note: This linter can be disabled with `set_option linter.unnecessarySeqFocus false`
info: ZhangLS/Spec/Lemma44GaussianVerticalTail.lean:153:35: Try this:
  [apply] ring_nf
  
  The `ring` tactic failed to close the goal. Use `ring_nf` to obtain a normal form.
    
  Note that `ring` works primarily in *commutative* rings. If you have a noncommutative ring, abelian group or module, consider using `noncomm_ring`, `abel` or `module` instead.
⚠ [3665/3676] Replayed ZhangLS.Spec.Lemma44LocalRectangle
warning: ZhangLS/Spec/Lemma44LocalRectangle.lean:115:46: This simp argument is unused:
  zero_mul

Hint: Omit it from the simp argument list.
  simp only [mem_reProdIm, mem_Icc, sub_re, sub_im, ofReal_re, ofReal_im, mul_re, mul_im, I_re,
  ̲  ̲ ̲ ̲ ̲ ̲ ̲ ̲I_im, mul_zero, z̵e̵r̵o̵_̵m̵u̵l̵,̵ ̵mul_one, zero_add, sub_zero]

Note: This linter can be disabled with `set_option linter.unusedSimpArgs false`
warning: ZhangLS/Spec/Lemma44LocalRectangle.lean:115:65: This simp argument is unused:
  zero_add

Hint: Omit it from the simp argument list.
  simp only [mem_reProdIm, mem_Icc, sub_re, sub_im, ofReal_re, ofReal_im, mul_re, mul_im, I_re,
  ̲  ̲ ̲ ̲ ̲ ̲ ̲ ̲I_im, mul_zero, zero_mul, mul_one, z̵e̵r̵o̵_̵a̵d̵d̵,̵ ̵sub_zero]

Note: This linter can be disabled with `set_option linter.unusedSimpArgs false`
⚠ [3668/3676] Replayed ZhangLS.Spec.Lemma44HorizontalIntegrals
warning: ZhangLS/Spec/Lemma44HorizontalIntegrals.lean:18:5: unused variable `hK`

Note: This linter can be disabled with `set_option linter.unusedVariables false`
⚠ [3669/3676] Replayed ZhangLS.Spec.Lemma44ReflectedPolynomialContours
warning: ZhangLS/Spec/Lemma44ReflectedPolynomialContours.lean:152:64: This simp argument is unused:
  mul_left_comm

Hint: Omit it from the simp argument list.
  simp only [sub_eq_add_neg, add_comm, add_left_comm, mul_comm, mul_l̵e̵f̵t̵_̵c̵o̵m̵m̵,̵ ̵m̵u̵l̵_̵assoc] at hc ⊢

Note: This linter can be disabled with `set_option linter.unusedSimpArgs false`
warning: ZhangLS/Spec/Lemma44ReflectedPolynomialContours.lean:152:79: This simp argument is unused:
  mul_assoc

Hint: Omit it from the simp argument list.
  simp only [sub_eq_add_neg, add_comm, add_left_comm, mul_comm, mul_left_comm,̵ ̵m̵u̵l̵_̵a̵s̵s̵o̵c̵] at hc ⊢

Note: This linter can be disabled with `set_option linter.unusedSimpArgs false`
⚠ [3673/3676] Replayed ZhangLS.Spec.Lemma45Normalization
warning: ZhangLS/Spec/Lemma45Normalization.lean:90:8: 'ring' tactic does nothing

Note: This linter can be disabled with `set_option linter.unusedTactic false`
warning: ZhangLS/Spec/Lemma45Normalization.lean:90:8: this tactic is never executed

Note: This linter can be disabled with `set_option linter.unreachableTactic false`
Build completed successfully (3676 jobs).
== kernel-check ZhangLS/Spec/Lemma46AnalyticSymmetry.lean ==
⚠ [1279/1409] Replayed ZhangLS.Spec.RealDirichletCharacter
warning: ZhangLS/Spec/RealDirichletCharacter.lean:48:4: try 'simp' instead of 'simpa'

Note: This linter can be disabled with `set_option linter.unnecessarySimpa false`
⚠ [1280/1409] Replayed ZhangLS.Spec.Lemma44CharacterProduct
warning: ZhangLS/Spec/Lemma44CharacterProduct.lean:55:38: This simp argument is unused:
  mul_comm

Hint: Omit it from the simp argument list.
  simp [̵m̵u̵l̵_̵c̵o̵m̵m̵,̵ ̵m̵u̵l̵_̵l̵e̵f̵t̵_̵c̵o̵m̵m̵,̵[̲m̲u̲l̲_̲l̲e̲f̲t̲_̲c̲o̲m̲m̲,̲ mul_assoc]

Note: This linter can be disabled with `set_option linter.unusedSimpArgs false`
warning: ZhangLS/Spec/Lemma44CharacterProduct.lean:55:48: This simp argument is unused:
  mul_left_comm

Hint: Omit it from the simp argument list.
  simp [mul_comm, mul_l̵e̵f̵t̵_̵c̵o̵m̵m̵,̵ ̵m̵u̵l̵_̵assoc]

Note: This linter can be disabled with `set_option linter.unusedSimpArgs false`
⚠ [2474/2676] Replayed ZhangLS.Spec.Lemma23AnalyticLogBranch
warning: ZhangLS/Spec/Lemma23AnalyticLogBranch.lean:42:53: try 'simp' instead of 'simpa'

Note: This linter can be disabled with `set_option linter.unnecessarySimpa false`
warning: ZhangLS/Spec/Lemma23AnalyticLogBranch.lean:67:44: try 'simp' instead of 'simpa'

Note: This linter can be disabled with `set_option linter.unnecessarySimpa false`
⚠ [3462/3680] Replayed ZhangLS.Spec.RealAxisAtOne
warning: ZhangLS/Spec/RealAxisAtOne.lean:56:4: try 'simp' instead of 'simpa'

Note: This linter can be disabled with `set_option linter.unnecessarySimpa false`
⚠ [3464/3680] Replayed ZhangLS.Spec.Lemma57
warning: ZhangLS/Spec/Lemma57.lean:101:58: unused variable `hD`

Note: This linter can be disabled with `set_option linter.unusedVariables false`
warning: ZhangLS/Spec/Lemma57.lean:102:7: unused variable `hA`

Note: This linter can be disabled with `set_option linter.unusedVariables false`
⚠ [3465/3680] Replayed ZhangLS.Spec.Lemma57Arithmetic
warning: ZhangLS/Spec/Lemma57Arithmetic.lean:55:15: unused variable `hc_g`

Note: This linter can be disabled with `set_option linter.unusedVariables false`
⚠ [3470/3680] Replayed ZhangLS.Spec.Lemma57SmoothedSum
warning: ZhangLS/Spec/Lemma57SmoothedSum.lean:42:46: unused variable `hD`

Note: This linter can be disabled with `set_option linter.unusedVariables false`
⚠ [3479/3680] Replayed ZhangLS.Spec.Lemma57GaussianGlobal
warning: ZhangLS/Spec/Lemma57GaussianGlobal.lean:55:58: unused variable `ha`

Note: This linter can be disabled with `set_option linter.unusedVariables false`
warning: ZhangLS/Spec/Lemma57GaussianGlobal.lean:241:13: unused variable `hD`

Note: This linter can be disabled with `set_option linter.unusedVariables false`
warning: ZhangLS/Spec/Lemma57GaussianGlobal.lean:241:34: unused variable `hx`

Note: This linter can be disabled with `set_option linter.unusedVariables false`
⚠ [3480/3680] Replayed ZhangLS.Spec.Lemma57SmoothedSummability
warning: ZhangLS/Spec/Lemma57SmoothedSummability.lean:20:52: unused variable `hn`

Note: This linter can be disabled with `set_option linter.unusedVariables false`
⚠ [3485/3680] Replayed ZhangLS.Spec.Lemma57GaussianMellinTransform
warning: ZhangLS/Spec/Lemma57GaussianMellinTransform.lean:67:63: Used `tac1 <;> tac2` where `(tac1; tac2)` would suffice

Note: This linter can be disabled with `set_option linter.unnecessarySeqFocus false`
warning: ZhangLS/Spec/Lemma57GaussianMellinTransform.lean:145:54: Used `tac1 <;> tac2` where `(tac1; tac2)` would suffice

Note: This linter can be disabled with `set_option linter.unnecessarySeqFocus false`
warning: ZhangLS/Spec/Lemma57GaussianMellinTransform.lean:326:4: Try `simp at hs` instead of `simpa using hs`

Note: This linter can be disabled with `set_option linter.unnecessarySimpa false`
⚠ [3499/3680] Replayed ZhangLS.Spec.RiemannZetaCriticalLineBound
warning: ZhangLS/Spec/RiemannZetaCriticalLineBound.lean:99:2: Used `tac1 <;> tac2` where `(tac1; tac2)` would suffice

Note: This linter can be disabled with `set_option linter.unnecessarySeqFocus false`
warning: ZhangLS/Spec/RiemannZetaCriticalLineBound.lean:124:13: unused variable `hs`

Note: This linter can be disabled with `set_option linter.unusedVariables false`
warning: ZhangLS/Spec/RiemannZetaCriticalLineBound.lean:152:6: unused variable `n`

Note: This linter can be disabled with `set_option linter.unusedVariables false`
warning: ZhangLS/Spec/RiemannZetaCriticalLineBound.lean:156:20: unused variable `k`

Note: This linter can be disabled with `set_option linter.unusedVariables false`
warning: ZhangLS/Spec/RiemannZetaCriticalLineBound.lean:161:8: This simp argument is unused:
  sum_one_Icc

Hint: Omit it from the simp argument list.
  simp ̵[̵s̵u̵m̵_̵o̵n̵e̵_̵I̵c̵c̵]̵

Note: This linter can be disabled with `set_option linter.unusedSimpArgs false`
warning: ZhangLS/Spec/RiemannZetaCriticalLineBound.lean:242:12: 'ring' tactic does nothing

Note: This linter can be disabled with `set_option linter.unusedTactic false`
warning: ZhangLS/Spec/RiemannZetaCriticalLineBound.lean:242:12: this tactic is never executed

Note: This linter can be disabled with `set_option linter.unreachableTactic false`
warning: ZhangLS/Spec/RiemannZetaCriticalLineBound.lean:219:41: Used `tac1 <;> tac2` where `(tac1; tac2)` would suffice

Note: This linter can be disabled with `set_option linter.unnecessarySeqFocus false`
warning: ZhangLS/Spec/RiemannZetaCriticalLineBound.lean:303:8: 'ring' tactic does nothing

Note: This linter can be disabled with `set_option linter.unusedTactic false`
warning: ZhangLS/Spec/RiemannZetaCriticalLineBound.lean:303:8: this tactic is never executed

Note: This linter can be disabled with `set_option linter.unreachableTactic false`
warning: ZhangLS/Spec/RiemannZetaCriticalLineBound.lean:394:12: This simp argument is unused:
  norm_div

Hint: Omit it from the simp argument list.
  simp ̵[̵n̵o̵r̵m̵_̵d̵i̵v̵]̵

Note: This linter can be disabled with `set_option linter.unusedSimpArgs false`
warning: ZhangLS/Spec/RiemannZetaCriticalLineBound.lean:475:75: This simp argument is unused:
  norm_div

Hint: Omit it from the simp argument list.
  simp ̵[̵n̵o̵r̵m̵_̵d̵i̵v̵]̵

Note: This linter can be disabled with `set_option linter.unusedSimpArgs false`
⚠ [3500/3680] Replayed ZhangLS.Spec.Lemma57CriticalStripGrowth
warning: ZhangLS/Spec/Lemma57CriticalStripGrowth.lean:270:14: This simp argument is unused:
  norm_div

Hint: Omit it from the simp argument list.
  simp ̵[̵n̵o̵r̵m̵_̵d̵i̵v̵]̵

Note: This linter can be disabled with `set_option linter.unusedSimpArgs false`
⚠ [3507/3680] Replayed ZhangLS.Spec.Lemma23DirichletConjugation
warning: ZhangLS/Spec/Lemma23DirichletConjugation.lean:23:0: automatically included section variable(s) unused in theorem `ZhangLS.Spec.dirichletLSeries_inv_eq_conj_at_conj`:
  [NeZero N]
consider restructuring your `variable` declarations so that the variables are not in scope or explicitly omit them:
  omit [NeZero N] in theorem ...

Note: This linter can be disabled with `set_option linter.unusedSectionVars false`
⚠ [3509/3680] Replayed ZhangLS.Spec.Lemma23PrimitiveGaussSum
warning: ZhangLS/Spec/Lemma23PrimitiveGaussSum.lean:42:19: Used `tac1 <;> tac2` where `(tac1; tac2)` would suffice

Note: This linter can be disabled with `set_option linter.unnecessarySeqFocus false`
⚠ [3510/3680] Replayed ZhangLS.Spec.Lemma23DirichletUnitModulus
warning: ZhangLS/Spec/Lemma23DirichletUnitModulus.lean:112:48: Used `tac1 <;> tac2` where `(tac1; tac2)` would suffice

Note: This linter can be disabled with `set_option linter.unnecessarySeqFocus false`
⚠ [3647/3680] Replayed ZhangLS.Spec.Lemma44ProductMellin
warning: ZhangLS/Spec/Lemma44ProductMellin.lean:144:4: try 'simp' instead of 'simpa'

Note: This linter can be disabled with `set_option linter.unnecessarySimpa false`
⚠ [3651/3680] Replayed ZhangLS.Spec.Lemma44RightMellinApproximation
warning: ZhangLS/Spec/Lemma44RightMellinApproximation.lean:37:4: try 'simp' instead of 'simpa'

Note: This linter can be disabled with `set_option linter.unnecessarySimpa false`
⚠ [3655/3680] Replayed ZhangLS.Spec.Lemma44ReflectedLongSum
warning: ZhangLS/Spec/Lemma44ReflectedLongSum.lean:81:64: Used `tac1 <;> tac2` where `(tac1; tac2)` would suffice

Note: This linter can be disabled with `set_option linter.unnecessarySeqFocus false`
⚠ [3658/3680] Replayed ZhangLS.Spec.Lemma44InitialLeftEstimates
warning: ZhangLS/Spec/Lemma44InitialLeftEstimates.lean:68:23: Used `tac1 <;> tac2` where `(tac1; tac2)` would suffice

Note: This linter can be disabled with `set_option linter.unnecessarySeqFocus false`
⚠ [3661/3680] Replayed ZhangLS.Spec.Lemma44ComplexCharacterAbel
warning: ZhangLS/Spec/Lemma44ComplexCharacterAbel.lean:73:56: unused variable `hD`

Note: This linter can be disabled with `set_option linter.unusedVariables false`
⚠ [3662/3680] Replayed ZhangLS.Spec.Lemma44HorizontalGrowth
warning: ZhangLS/Spec/Lemma44HorizontalGrowth.lean:147:6: 'push_cast' tactic does nothing

Note: This linter can be disabled with `set_option linter.unusedTactic false`
⚠ [3664/3680] Replayed ZhangLS.Spec.Lemma44GaussianVerticalTail
info: ZhangLS/Spec/Lemma44GaussianVerticalTail.lean:41:4: Try this:
  [apply] ring_nf
  
  The `ring` tactic failed to close the goal. Use `ring_nf` to obtain a normal form.
    
  Note that `ring` works primarily in *commutative* rings. If you have a noncommutative ring, abelian group or module, consider using `noncomm_ring`, `abel` or `module` instead.
info: ZhangLS/Spec/Lemma44GaussianVerticalTail.lean:57:16: Try this:
  [apply] ring_nf
  
  The `ring` tactic failed to close the goal. Use `ring_nf` to obtain a normal form.
    
  Note that `ring` works primarily in *commutative* rings. If you have a noncommutative ring, abelian group or module, consider using `noncomm_ring`, `abel` or `module` instead.
warning: ZhangLS/Spec/Lemma44GaussianVerticalTail.lean:57:12: Used `tac1 <;> tac2` where `(tac1; tac2)` would suffice

Note: This linter can be disabled with `set_option linter.unnecessarySeqFocus false`
warning: ZhangLS/Spec/Lemma44GaussianVerticalTail.lean:68:22: Used `tac1 <;> tac2` where `(tac1; tac2)` would suffice

Note: This linter can be disabled with `set_option linter.unnecessarySeqFocus false`
info: ZhangLS/Spec/Lemma44GaussianVerticalTail.lean:153:35: Try this:
  [apply] ring_nf
  
  The `ring` tactic failed to close the goal. Use `ring_nf` to obtain a normal form.
    
  Note that `ring` works primarily in *commutative* rings. If you have a noncommutative ring, abelian group or module, consider using `noncomm_ring`, `abel` or `module` instead.
⚠ [3665/3680] Replayed ZhangLS.Spec.Lemma44LocalRectangle
warning: ZhangLS/Spec/Lemma44LocalRectangle.lean:115:46: This simp argument is unused:
  zero_mul

Hint: Omit it from the simp argument list.
  simp only [mem_reProdIm, mem_Icc, sub_re, sub_im, ofReal_re, ofReal_im, mul_re, mul_im, I_re,
  ̲  ̲ ̲ ̲ ̲ ̲ ̲ ̲I_im, mul_zero, z̵e̵r̵o̵_̵m̵u̵l̵,̵ ̵mul_one, zero_add, sub_zero]

Note: This linter can be disabled with `set_option linter.unusedSimpArgs false`
warning: ZhangLS/Spec/Lemma44LocalRectangle.lean:115:65: This simp argument is unused:
  zero_add

Hint: Omit it from the simp argument list.
  simp only [mem_reProdIm, mem_Icc, sub_re, sub_im, ofReal_re, ofReal_im, mul_re, mul_im, I_re,
  ̲  ̲ ̲ ̲ ̲ ̲ ̲ ̲I_im, mul_zero, zero_mul, mul_one, z̵e̵r̵o̵_̵a̵d̵d̵,̵ ̵sub_zero]

Note: This linter can be disabled with `set_option linter.unusedSimpArgs false`
⚠ [3668/3680] Replayed ZhangLS.Spec.Lemma44HorizontalIntegrals
warning: ZhangLS/Spec/Lemma44HorizontalIntegrals.lean:18:5: unused variable `hK`

Note: This linter can be disabled with `set_option linter.unusedVariables false`
⚠ [3669/3680] Replayed ZhangLS.Spec.Lemma44ReflectedPolynomialContours
warning: ZhangLS/Spec/Lemma44ReflectedPolynomialContours.lean:152:64: This simp argument is unused:
  mul_left_comm

Hint: Omit it from the simp argument list.
  simp only [sub_eq_add_neg, add_comm, add_left_comm, mul_comm, mul_l̵e̵f̵t̵_̵c̵o̵m̵m̵,̵ ̵m̵u̵l̵_̵assoc] at hc ⊢

Note: This linter can be disabled with `set_option linter.unusedSimpArgs false`
warning: ZhangLS/Spec/Lemma44ReflectedPolynomialContours.lean:152:79: This simp argument is unused:
  mul_assoc

Hint: Omit it from the simp argument list.
  simp only [sub_eq_add_neg, add_comm, add_left_comm, mul_comm, mul_left_comm,̵ ̵m̵u̵l̵_̵a̵s̵s̵o̵c̵] at hc ⊢

Note: This linter can be disabled with `set_option linter.unusedSimpArgs false`
⚠ [3673/3680] Replayed ZhangLS.Spec.Lemma45Normalization
warning: ZhangLS/Spec/Lemma45Normalization.lean:90:8: 'ring' tactic does nothing

Note: This linter can be disabled with `set_option linter.unusedTactic false`
warning: ZhangLS/Spec/Lemma45Normalization.lean:90:8: this tactic is never executed

Note: This linter can be disabled with `set_option linter.unreachableTactic false`
Build completed successfully (3680 jobs).
== kernel-check ZhangLS/Spec/Lemma46ExponentialTransport.lean ==
⚠ [1279/1312] Replayed ZhangLS.Spec.RealDirichletCharacter
warning: ZhangLS/Spec/RealDirichletCharacter.lean:48:4: try 'simp' instead of 'simpa'

Note: This linter can be disabled with `set_option linter.unnecessarySimpa false`
⚠ [1280/1312] Replayed ZhangLS.Spec.Lemma44CharacterProduct
warning: ZhangLS/Spec/Lemma44CharacterProduct.lean:55:38: This simp argument is unused:
  mul_comm

Hint: Omit it from the simp argument list.
  simp [̵m̵u̵l̵_̵c̵o̵m̵m̵,̵ ̵m̵u̵l̵_̵l̵e̵f̵t̵_̵c̵o̵m̵m̵,̵[̲m̲u̲l̲_̲l̲e̲f̲t̲_̲c̲o̲m̲m̲,̲ mul_assoc]

Note: This linter can be disabled with `set_option linter.unusedSimpArgs false`
warning: ZhangLS/Spec/Lemma44CharacterProduct.lean:55:48: This simp argument is unused:
  mul_left_comm

Hint: Omit it from the simp argument list.
  simp [mul_comm, mul_l̵e̵f̵t̵_̵c̵o̵m̵m̵,̵ ̵m̵u̵l̵_̵assoc]

Note: This linter can be disabled with `set_option linter.unusedSimpArgs false`
⚠ [2474/2579] Replayed ZhangLS.Spec.Lemma23AnalyticLogBranch
warning: ZhangLS/Spec/Lemma23AnalyticLogBranch.lean:42:53: try 'simp' instead of 'simpa'

Note: This linter can be disabled with `set_option linter.unnecessarySimpa false`
warning: ZhangLS/Spec/Lemma23AnalyticLogBranch.lean:67:44: try 'simp' instead of 'simpa'

Note: This linter can be disabled with `set_option linter.unnecessarySimpa false`
⚠ [3462/3678] Replayed ZhangLS.Spec.RealAxisAtOne
warning: ZhangLS/Spec/RealAxisAtOne.lean:56:4: try 'simp' instead of 'simpa'

Note: This linter can be disabled with `set_option linter.unnecessarySimpa false`
⚠ [3464/3678] Replayed ZhangLS.Spec.Lemma57
warning: ZhangLS/Spec/Lemma57.lean:101:58: unused variable `hD`

Note: This linter can be disabled with `set_option linter.unusedVariables false`
warning: ZhangLS/Spec/Lemma57.lean:102:7: unused variable `hA`

Note: This linter can be disabled with `set_option linter.unusedVariables false`
⚠ [3465/3678] Replayed ZhangLS.Spec.Lemma57Arithmetic
warning: ZhangLS/Spec/Lemma57Arithmetic.lean:55:15: unused variable `hc_g`

Note: This linter can be disabled with `set_option linter.unusedVariables false`
⚠ [3470/3678] Replayed ZhangLS.Spec.Lemma57SmoothedSum
warning: ZhangLS/Spec/Lemma57SmoothedSum.lean:42:46: unused variable `hD`

Note: This linter can be disabled with `set_option linter.unusedVariables false`
⚠ [3479/3678] Replayed ZhangLS.Spec.Lemma57GaussianGlobal
warning: ZhangLS/Spec/Lemma57GaussianGlobal.lean:55:58: unused variable `ha`

Note: This linter can be disabled with `set_option linter.unusedVariables false`
warning: ZhangLS/Spec/Lemma57GaussianGlobal.lean:241:13: unused variable `hD`

Note: This linter can be disabled with `set_option linter.unusedVariables false`
warning: ZhangLS/Spec/Lemma57GaussianGlobal.lean:241:34: unused variable `hx`

Note: This linter can be disabled with `set_option linter.unusedVariables false`
⚠ [3480/3678] Replayed ZhangLS.Spec.Lemma57SmoothedSummability
warning: ZhangLS/Spec/Lemma57SmoothedSummability.lean:20:52: unused variable `hn`

Note: This linter can be disabled with `set_option linter.unusedVariables false`
⚠ [3485/3678] Replayed ZhangLS.Spec.Lemma57GaussianMellinTransform
warning: ZhangLS/Spec/Lemma57GaussianMellinTransform.lean:67:63: Used `tac1 <;> tac2` where `(tac1; tac2)` would suffice

Note: This linter can be disabled with `set_option linter.unnecessarySeqFocus false`
warning: ZhangLS/Spec/Lemma57GaussianMellinTransform.lean:145:54: Used `tac1 <;> tac2` where `(tac1; tac2)` would suffice

Note: This linter can be disabled with `set_option linter.unnecessarySeqFocus false`
warning: ZhangLS/Spec/Lemma57GaussianMellinTransform.lean:326:4: Try `simp at hs` instead of `simpa using hs`

Note: This linter can be disabled with `set_option linter.unnecessarySimpa false`
⚠ [3499/3678] Replayed ZhangLS.Spec.RiemannZetaCriticalLineBound
warning: ZhangLS/Spec/RiemannZetaCriticalLineBound.lean:99:2: Used `tac1 <;> tac2` where `(tac1; tac2)` would suffice

Note: This linter can be disabled with `set_option linter.unnecessarySeqFocus false`
warning: ZhangLS/Spec/RiemannZetaCriticalLineBound.lean:124:13: unused variable `hs`

Note: This linter can be disabled with `set_option linter.unusedVariables false`
warning: ZhangLS/Spec/RiemannZetaCriticalLineBound.lean:152:6: unused variable `n`

Note: This linter can be disabled with `set_option linter.unusedVariables false`
warning: ZhangLS/Spec/RiemannZetaCriticalLineBound.lean:156:20: unused variable `k`

Note: This linter can be disabled with `set_option linter.unusedVariables false`
warning: ZhangLS/Spec/RiemannZetaCriticalLineBound.lean:161:8: This simp argument is unused:
  sum_one_Icc

Hint: Omit it from the simp argument list.
  simp ̵[̵s̵u̵m̵_̵o̵n̵e̵_̵I̵c̵c̵]̵

Note: This linter can be disabled with `set_option linter.unusedSimpArgs false`
warning: ZhangLS/Spec/RiemannZetaCriticalLineBound.lean:242:12: 'ring' tactic does nothing

Note: This linter can be disabled with `set_option linter.unusedTactic false`
warning: ZhangLS/Spec/RiemannZetaCriticalLineBound.lean:242:12: this tactic is never executed

Note: This linter can be disabled with `set_option linter.unreachableTactic false`
warning: ZhangLS/Spec/RiemannZetaCriticalLineBound.lean:219:41: Used `tac1 <;> tac2` where `(tac1; tac2)` would suffice

Note: This linter can be disabled with `set_option linter.unnecessarySeqFocus false`
warning: ZhangLS/Spec/RiemannZetaCriticalLineBound.lean:303:8: 'ring' tactic does nothing

Note: This linter can be disabled with `set_option linter.unusedTactic false`
warning: ZhangLS/Spec/RiemannZetaCriticalLineBound.lean:303:8: this tactic is never executed

Note: This linter can be disabled with `set_option linter.unreachableTactic false`
warning: ZhangLS/Spec/RiemannZetaCriticalLineBound.lean:394:12: This simp argument is unused:
  norm_div

Hint: Omit it from the simp argument list.
  simp ̵[̵n̵o̵r̵m̵_̵d̵i̵v̵]̵

Note: This linter can be disabled with `set_option linter.unusedSimpArgs false`
warning: ZhangLS/Spec/RiemannZetaCriticalLineBound.lean:475:75: This simp argument is unused:
  norm_div

Hint: Omit it from the simp argument list.
  simp ̵[̵n̵o̵r̵m̵_̵d̵i̵v̵]̵

Note: This linter can be disabled with `set_option linter.unusedSimpArgs false`
⚠ [3500/3678] Replayed ZhangLS.Spec.Lemma57CriticalStripGrowth
warning: ZhangLS/Spec/Lemma57CriticalStripGrowth.lean:270:14: This simp argument is unused:
  norm_div

Hint: Omit it from the simp argument list.
  simp ̵[̵n̵o̵r̵m̵_̵d̵i̵v̵]̵

Note: This linter can be disabled with `set_option linter.unusedSimpArgs false`
⚠ [3507/3678] Replayed ZhangLS.Spec.Lemma23DirichletConjugation
warning: ZhangLS/Spec/Lemma23DirichletConjugation.lean:23:0: automatically included section variable(s) unused in theorem `ZhangLS.Spec.dirichletLSeries_inv_eq_conj_at_conj`:
  [NeZero N]
consider restructuring your `variable` declarations so that the variables are not in scope or explicitly omit them:
  omit [NeZero N] in theorem ...

Note: This linter can be disabled with `set_option linter.unusedSectionVars false`
⚠ [3509/3678] Replayed ZhangLS.Spec.Lemma23PrimitiveGaussSum
warning: ZhangLS/Spec/Lemma23PrimitiveGaussSum.lean:42:19: Used `tac1 <;> tac2` where `(tac1; tac2)` would suffice

Note: This linter can be disabled with `set_option linter.unnecessarySeqFocus false`
⚠ [3510/3678] Replayed ZhangLS.Spec.Lemma23DirichletUnitModulus
warning: ZhangLS/Spec/Lemma23DirichletUnitModulus.lean:112:48: Used `tac1 <;> tac2` where `(tac1; tac2)` would suffice

Note: This linter can be disabled with `set_option linter.unnecessarySeqFocus false`
⚠ [3647/3678] Replayed ZhangLS.Spec.Lemma44ProductMellin
warning: ZhangLS/Spec/Lemma44ProductMellin.lean:144:4: try 'simp' instead of 'simpa'

Note: This linter can be disabled with `set_option linter.unnecessarySimpa false`
⚠ [3651/3678] Replayed ZhangLS.Spec.Lemma44RightMellinApproximation
warning: ZhangLS/Spec/Lemma44RightMellinApproximation.lean:37:4: try 'simp' instead of 'simpa'

Note: This linter can be disabled with `set_option linter.unnecessarySimpa false`
⚠ [3655/3678] Replayed ZhangLS.Spec.Lemma44ReflectedLongSum
warning: ZhangLS/Spec/Lemma44ReflectedLongSum.lean:81:64: Used `tac1 <;> tac2` where `(tac1; tac2)` would suffice

Note: This linter can be disabled with `set_option linter.unnecessarySeqFocus false`
⚠ [3658/3678] Replayed ZhangLS.Spec.Lemma44InitialLeftEstimates
warning: ZhangLS/Spec/Lemma44InitialLeftEstimates.lean:68:23: Used `tac1 <;> tac2` where `(tac1; tac2)` would suffice

Note: This linter can be disabled with `set_option linter.unnecessarySeqFocus false`
⚠ [3661/3678] Replayed ZhangLS.Spec.Lemma44ComplexCharacterAbel
warning: ZhangLS/Spec/Lemma44ComplexCharacterAbel.lean:73:56: unused variable `hD`

Note: This linter can be disabled with `set_option linter.unusedVariables false`
⚠ [3662/3678] Replayed ZhangLS.Spec.Lemma44HorizontalGrowth
warning: ZhangLS/Spec/Lemma44HorizontalGrowth.lean:147:6: 'push_cast' tactic does nothing

Note: This linter can be disabled with `set_option linter.unusedTactic false`
⚠ [3664/3678] Replayed ZhangLS.Spec.Lemma44GaussianVerticalTail
info: ZhangLS/Spec/Lemma44GaussianVerticalTail.lean:41:4: Try this:
  [apply] ring_nf
  
  The `ring` tactic failed to close the goal. Use `ring_nf` to obtain a normal form.
    
  Note that `ring` works primarily in *commutative* rings. If you have a noncommutative ring, abelian group or module, consider using `noncomm_ring`, `abel` or `module` instead.
info: ZhangLS/Spec/Lemma44GaussianVerticalTail.lean:57:16: Try this:
  [apply] ring_nf
  
  The `ring` tactic failed to close the goal. Use `ring_nf` to obtain a normal form.
    
  Note that `ring` works primarily in *commutative* rings. If you have a noncommutative ring, abelian group or module, consider using `noncomm_ring`, `abel` or `module` instead.
warning: ZhangLS/Spec/Lemma44GaussianVerticalTail.lean:57:12: Used `tac1 <;> tac2` where `(tac1; tac2)` would suffice

Note: This linter can be disabled with `set_option linter.unnecessarySeqFocus false`
warning: ZhangLS/Spec/Lemma44GaussianVerticalTail.lean:68:22: Used `tac1 <;> tac2` where `(tac1; tac2)` would suffice

Note: This linter can be disabled with `set_option linter.unnecessarySeqFocus false`
info: ZhangLS/Spec/Lemma44GaussianVerticalTail.lean:153:35: Try this:
  [apply] ring_nf
  
  The `ring` tactic failed to close the goal. Use `ring_nf` to obtain a normal form.
    
  Note that `ring` works primarily in *commutative* rings. If you have a noncommutative ring, abelian group or module, consider using `noncomm_ring`, `abel` or `module` instead.
⚠ [3665/3678] Replayed ZhangLS.Spec.Lemma44LocalRectangle
warning: ZhangLS/Spec/Lemma44LocalRectangle.lean:115:46: This simp argument is unused:
  zero_mul

Hint: Omit it from the simp argument list.
  simp only [mem_reProdIm, mem_Icc, sub_re, sub_im, ofReal_re, ofReal_im, mul_re, mul_im, I_re,
  ̲  ̲ ̲ ̲ ̲ ̲ ̲ ̲I_im, mul_zero, z̵e̵r̵o̵_̵m̵u̵l̵,̵ ̵mul_one, zero_add, sub_zero]

Note: This linter can be disabled with `set_option linter.unusedSimpArgs false`
warning: ZhangLS/Spec/Lemma44LocalRectangle.lean:115:65: This simp argument is unused:
  zero_add

Hint: Omit it from the simp argument list.
  simp only [mem_reProdIm, mem_Icc, sub_re, sub_im, ofReal_re, ofReal_im, mul_re, mul_im, I_re,
  ̲  ̲ ̲ ̲ ̲ ̲ ̲ ̲I_im, mul_zero, zero_mul, mul_one, z̵e̵r̵o̵_̵a̵d̵d̵,̵ ̵sub_zero]

Note: This linter can be disabled with `set_option linter.unusedSimpArgs false`
⚠ [3668/3678] Replayed ZhangLS.Spec.Lemma44HorizontalIntegrals
warning: ZhangLS/Spec/Lemma44HorizontalIntegrals.lean:18:5: unused variable `hK`

Note: This linter can be disabled with `set_option linter.unusedVariables false`
⚠ [3669/3678] Replayed ZhangLS.Spec.Lemma44ReflectedPolynomialContours
warning: ZhangLS/Spec/Lemma44ReflectedPolynomialContours.lean:152:64: This simp argument is unused:
  mul_left_comm

Hint: Omit it from the simp argument list.
  simp only [sub_eq_add_neg, add_comm, add_left_comm, mul_comm, mul_l̵e̵f̵t̵_̵c̵o̵m̵m̵,̵ ̵m̵u̵l̵_̵assoc] at hc ⊢

Note: This linter can be disabled with `set_option linter.unusedSimpArgs false`
warning: ZhangLS/Spec/Lemma44ReflectedPolynomialContours.lean:152:79: This simp argument is unused:
  mul_assoc

Hint: Omit it from the simp argument list.
  simp only [sub_eq_add_neg, add_comm, add_left_comm, mul_comm, mul_left_comm,̵ ̵m̵u̵l̵_̵a̵s̵s̵o̵c̵] at hc ⊢

Note: This linter can be disabled with `set_option linter.unusedSimpArgs false`
⚠ [3673/3678] Replayed ZhangLS.Spec.Lemma45Normalization
warning: ZhangLS/Spec/Lemma45Normalization.lean:90:8: 'ring' tactic does nothing

Note: This linter can be disabled with `set_option linter.unusedTactic false`
warning: ZhangLS/Spec/Lemma45Normalization.lean:90:8: this tactic is never executed

Note: This linter can be disabled with `set_option linter.unreachableTactic false`
Build completed successfully (3678 jobs).
== kernel-check ZhangLS/Spec/Lemma46LocalGeometry.lean ==
⚠ [1279/1409] Replayed ZhangLS.Spec.RealDirichletCharacter
warning: ZhangLS/Spec/RealDirichletCharacter.lean:48:4: try 'simp' instead of 'simpa'

Note: This linter can be disabled with `set_option linter.unnecessarySimpa false`
⚠ [1280/1409] Replayed ZhangLS.Spec.Lemma44CharacterProduct
warning: ZhangLS/Spec/Lemma44CharacterProduct.lean:55:38: This simp argument is unused:
  mul_comm

Hint: Omit it from the simp argument list.
  simp [̵m̵u̵l̵_̵c̵o̵m̵m̵,̵ ̵m̵u̵l̵_̵l̵e̵f̵t̵_̵c̵o̵m̵m̵,̵[̲m̲u̲l̲_̲l̲e̲f̲t̲_̲c̲o̲m̲m̲,̲ mul_assoc]

Note: This linter can be disabled with `set_option linter.unusedSimpArgs false`
warning: ZhangLS/Spec/Lemma44CharacterProduct.lean:55:48: This simp argument is unused:
  mul_left_comm

Hint: Omit it from the simp argument list.
  simp [mul_comm, mul_l̵e̵f̵t̵_̵c̵o̵m̵m̵,̵ ̵m̵u̵l̵_̵assoc]

Note: This linter can be disabled with `set_option linter.unusedSimpArgs false`
⚠ [2474/2625] Replayed ZhangLS.Spec.Lemma23AnalyticLogBranch
warning: ZhangLS/Spec/Lemma23AnalyticLogBranch.lean:42:53: try 'simp' instead of 'simpa'

Note: This linter can be disabled with `set_option linter.unnecessarySimpa false`
warning: ZhangLS/Spec/Lemma23AnalyticLogBranch.lean:67:44: try 'simp' instead of 'simpa'

Note: This linter can be disabled with `set_option linter.unnecessarySimpa false`
⚠ [3462/3679] Replayed ZhangLS.Spec.RealAxisAtOne
warning: ZhangLS/Spec/RealAxisAtOne.lean:56:4: try 'simp' instead of 'simpa'

Note: This linter can be disabled with `set_option linter.unnecessarySimpa false`
⚠ [3464/3679] Replayed ZhangLS.Spec.Lemma57
warning: ZhangLS/Spec/Lemma57.lean:101:58: unused variable `hD`

Note: This linter can be disabled with `set_option linter.unusedVariables false`
warning: ZhangLS/Spec/Lemma57.lean:102:7: unused variable `hA`

Note: This linter can be disabled with `set_option linter.unusedVariables false`
⚠ [3465/3679] Replayed ZhangLS.Spec.Lemma57Arithmetic
warning: ZhangLS/Spec/Lemma57Arithmetic.lean:55:15: unused variable `hc_g`

Note: This linter can be disabled with `set_option linter.unusedVariables false`
⚠ [3470/3679] Replayed ZhangLS.Spec.Lemma57SmoothedSum
warning: ZhangLS/Spec/Lemma57SmoothedSum.lean:42:46: unused variable `hD`

Note: This linter can be disabled with `set_option linter.unusedVariables false`
⚠ [3479/3679] Replayed ZhangLS.Spec.Lemma57GaussianGlobal
warning: ZhangLS/Spec/Lemma57GaussianGlobal.lean:55:58: unused variable `ha`

Note: This linter can be disabled with `set_option linter.unusedVariables false`
warning: ZhangLS/Spec/Lemma57GaussianGlobal.lean:241:13: unused variable `hD`

Note: This linter can be disabled with `set_option linter.unusedVariables false`
warning: ZhangLS/Spec/Lemma57GaussianGlobal.lean:241:34: unused variable `hx`

Note: This linter can be disabled with `set_option linter.unusedVariables false`
⚠ [3480/3679] Replayed ZhangLS.Spec.Lemma57SmoothedSummability
warning: ZhangLS/Spec/Lemma57SmoothedSummability.lean:20:52: unused variable `hn`

Note: This linter can be disabled with `set_option linter.unusedVariables false`
⚠ [3485/3679] Replayed ZhangLS.Spec.Lemma57GaussianMellinTransform
warning: ZhangLS/Spec/Lemma57GaussianMellinTransform.lean:67:63: Used `tac1 <;> tac2` where `(tac1; tac2)` would suffice

Note: This linter can be disabled with `set_option linter.unnecessarySeqFocus false`
warning: ZhangLS/Spec/Lemma57GaussianMellinTransform.lean:145:54: Used `tac1 <;> tac2` where `(tac1; tac2)` would suffice

Note: This linter can be disabled with `set_option linter.unnecessarySeqFocus false`
warning: ZhangLS/Spec/Lemma57GaussianMellinTransform.lean:326:4: Try `simp at hs` instead of `simpa using hs`

Note: This linter can be disabled with `set_option linter.unnecessarySimpa false`
⚠ [3499/3679] Replayed ZhangLS.Spec.RiemannZetaCriticalLineBound
warning: ZhangLS/Spec/RiemannZetaCriticalLineBound.lean:99:2: Used `tac1 <;> tac2` where `(tac1; tac2)` would suffice

Note: This linter can be disabled with `set_option linter.unnecessarySeqFocus false`
warning: ZhangLS/Spec/RiemannZetaCriticalLineBound.lean:124:13: unused variable `hs`

Note: This linter can be disabled with `set_option linter.unusedVariables false`
warning: ZhangLS/Spec/RiemannZetaCriticalLineBound.lean:152:6: unused variable `n`

Note: This linter can be disabled with `set_option linter.unusedVariables false`
warning: ZhangLS/Spec/RiemannZetaCriticalLineBound.lean:156:20: unused variable `k`

Note: This linter can be disabled with `set_option linter.unusedVariables false`
warning: ZhangLS/Spec/RiemannZetaCriticalLineBound.lean:161:8: This simp argument is unused:
  sum_one_Icc

Hint: Omit it from the simp argument list.
  simp ̵[̵s̵u̵m̵_̵o̵n̵e̵_̵I̵c̵c̵]̵

Note: This linter can be disabled with `set_option linter.unusedSimpArgs false`
warning: ZhangLS/Spec/RiemannZetaCriticalLineBound.lean:242:12: 'ring' tactic does nothing

Note: This linter can be disabled with `set_option linter.unusedTactic false`
warning: ZhangLS/Spec/RiemannZetaCriticalLineBound.lean:242:12: this tactic is never executed

Note: This linter can be disabled with `set_option linter.unreachableTactic false`
warning: ZhangLS/Spec/RiemannZetaCriticalLineBound.lean:219:41: Used `tac1 <;> tac2` where `(tac1; tac2)` would suffice

Note: This linter can be disabled with `set_option linter.unnecessarySeqFocus false`
warning: ZhangLS/Spec/RiemannZetaCriticalLineBound.lean:303:8: 'ring' tactic does nothing

Note: This linter can be disabled with `set_option linter.unusedTactic false`
warning: ZhangLS/Spec/RiemannZetaCriticalLineBound.lean:303:8: this tactic is never executed

Note: This linter can be disabled with `set_option linter.unreachableTactic false`
warning: ZhangLS/Spec/RiemannZetaCriticalLineBound.lean:394:12: This simp argument is unused:
  norm_div

Hint: Omit it from the simp argument list.
  simp ̵[̵n̵o̵r̵m̵_̵d̵i̵v̵]̵

Note: This linter can be disabled with `set_option linter.unusedSimpArgs false`
warning: ZhangLS/Spec/RiemannZetaCriticalLineBound.lean:475:75: This simp argument is unused:
  norm_div

Hint: Omit it from the simp argument list.
  simp ̵[̵n̵o̵r̵m̵_̵d̵i̵v̵]̵

Note: This linter can be disabled with `set_option linter.unusedSimpArgs false`
⚠ [3500/3679] Replayed ZhangLS.Spec.Lemma57CriticalStripGrowth
warning: ZhangLS/Spec/Lemma57CriticalStripGrowth.lean:270:14: This simp argument is unused:
  norm_div

Hint: Omit it from the simp argument list.
  simp ̵[̵n̵o̵r̵m̵_̵d̵i̵v̵]̵

Note: This linter can be disabled with `set_option linter.unusedSimpArgs false`
⚠ [3507/3679] Replayed ZhangLS.Spec.Lemma23DirichletConjugation
warning: ZhangLS/Spec/Lemma23DirichletConjugation.lean:23:0: automatically included section variable(s) unused in theorem `ZhangLS.Spec.dirichletLSeries_inv_eq_conj_at_conj`:
  [NeZero N]
consider restructuring your `variable` declarations so that the variables are not in scope or explicitly omit them:
  omit [NeZero N] in theorem ...

Note: This linter can be disabled with `set_option linter.unusedSectionVars false`
⚠ [3509/3679] Replayed ZhangLS.Spec.Lemma23PrimitiveGaussSum
warning: ZhangLS/Spec/Lemma23PrimitiveGaussSum.lean:42:19: Used `tac1 <;> tac2` where `(tac1; tac2)` would suffice

Note: This linter can be disabled with `set_option linter.unnecessarySeqFocus false`
⚠ [3510/3679] Replayed ZhangLS.Spec.Lemma23DirichletUnitModulus
warning: ZhangLS/Spec/Lemma23DirichletUnitModulus.lean:112:48: Used `tac1 <;> tac2` where `(tac1; tac2)` would suffice

Note: This linter can be disabled with `set_option linter.unnecessarySeqFocus false`
⚠ [3647/3679] Replayed ZhangLS.Spec.Lemma44ProductMellin
warning: ZhangLS/Spec/Lemma44ProductMellin.lean:144:4: try 'simp' instead of 'simpa'

Note: This linter can be disabled with `set_option linter.unnecessarySimpa false`
⚠ [3651/3679] Replayed ZhangLS.Spec.Lemma44RightMellinApproximation
warning: ZhangLS/Spec/Lemma44RightMellinApproximation.lean:37:4: try 'simp' instead of 'simpa'

Note: This linter can be disabled with `set_option linter.unnecessarySimpa false`
⚠ [3655/3679] Replayed ZhangLS.Spec.Lemma44ReflectedLongSum
warning: ZhangLS/Spec/Lemma44ReflectedLongSum.lean:81:64: Used `tac1 <;> tac2` where `(tac1; tac2)` would suffice

Note: This linter can be disabled with `set_option linter.unnecessarySeqFocus false`
⚠ [3658/3679] Replayed ZhangLS.Spec.Lemma44InitialLeftEstimates
warning: ZhangLS/Spec/Lemma44InitialLeftEstimates.lean:68:23: Used `tac1 <;> tac2` where `(tac1; tac2)` would suffice

Note: This linter can be disabled with `set_option linter.unnecessarySeqFocus false`
⚠ [3661/3679] Replayed ZhangLS.Spec.Lemma44ComplexCharacterAbel
warning: ZhangLS/Spec/Lemma44ComplexCharacterAbel.lean:73:56: unused variable `hD`

Note: This linter can be disabled with `set_option linter.unusedVariables false`
⚠ [3662/3679] Replayed ZhangLS.Spec.Lemma44HorizontalGrowth
warning: ZhangLS/Spec/Lemma44HorizontalGrowth.lean:147:6: 'push_cast' tactic does nothing

Note: This linter can be disabled with `set_option linter.unusedTactic false`
⚠ [3664/3679] Replayed ZhangLS.Spec.Lemma44GaussianVerticalTail
info: ZhangLS/Spec/Lemma44GaussianVerticalTail.lean:41:4: Try this:
  [apply] ring_nf
  
  The `ring` tactic failed to close the goal. Use `ring_nf` to obtain a normal form.
    
  Note that `ring` works primarily in *commutative* rings. If you have a noncommutative ring, abelian group or module, consider using `noncomm_ring`, `abel` or `module` instead.
info: ZhangLS/Spec/Lemma44GaussianVerticalTail.lean:57:16: Try this:
  [apply] ring_nf
  
  The `ring` tactic failed to close the goal. Use `ring_nf` to obtain a normal form.
    
  Note that `ring` works primarily in *commutative* rings. If you have a noncommutative ring, abelian group or module, consider using `noncomm_ring`, `abel` or `module` instead.
warning: ZhangLS/Spec/Lemma44GaussianVerticalTail.lean:57:12: Used `tac1 <;> tac2` where `(tac1; tac2)` would suffice

Note: This linter can be disabled with `set_option linter.unnecessarySeqFocus false`
warning: ZhangLS/Spec/Lemma44GaussianVerticalTail.lean:68:22: Used `tac1 <;> tac2` where `(tac1; tac2)` would suffice

Note: This linter can be disabled with `set_option linter.unnecessarySeqFocus false`
info: ZhangLS/Spec/Lemma44GaussianVerticalTail.lean:153:35: Try this:
  [apply] ring_nf
  
  The `ring` tactic failed to close the goal. Use `ring_nf` to obtain a normal form.
    
  Note that `ring` works primarily in *commutative* rings. If you have a noncommutative ring, abelian group or module, consider using `noncomm_ring`, `abel` or `module` instead.
⚠ [3665/3679] Replayed ZhangLS.Spec.Lemma44LocalRectangle
warning: ZhangLS/Spec/Lemma44LocalRectangle.lean:115:46: This simp argument is unused:
  zero_mul

Hint: Omit it from the simp argument list.
  simp only [mem_reProdIm, mem_Icc, sub_re, sub_im, ofReal_re, ofReal_im, mul_re, mul_im, I_re,
  ̲  ̲ ̲ ̲ ̲ ̲ ̲ ̲I_im, mul_zero, z̵e̵r̵o̵_̵m̵u̵l̵,̵ ̵mul_one, zero_add, sub_zero]

Note: This linter can be disabled with `set_option linter.unusedSimpArgs false`
warning: ZhangLS/Spec/Lemma44LocalRectangle.lean:115:65: This simp argument is unused:
  zero_add

Hint: Omit it from the simp argument list.
  simp only [mem_reProdIm, mem_Icc, sub_re, sub_im, ofReal_re, ofReal_im, mul_re, mul_im, I_re,
  ̲  ̲ ̲ ̲ ̲ ̲ ̲ ̲I_im, mul_zero, zero_mul, mul_one, z̵e̵r̵o̵_̵a̵d̵d̵,̵ ̵sub_zero]

Note: This linter can be disabled with `set_option linter.unusedSimpArgs false`
⚠ [3668/3679] Replayed ZhangLS.Spec.Lemma44HorizontalIntegrals
warning: ZhangLS/Spec/Lemma44HorizontalIntegrals.lean:18:5: unused variable `hK`

Note: This linter can be disabled with `set_option linter.unusedVariables false`
⚠ [3669/3679] Replayed ZhangLS.Spec.Lemma44ReflectedPolynomialContours
warning: ZhangLS/Spec/Lemma44ReflectedPolynomialContours.lean:152:64: This simp argument is unused:
  mul_left_comm

Hint: Omit it from the simp argument list.
  simp only [sub_eq_add_neg, add_comm, add_left_comm, mul_comm, mul_l̵e̵f̵t̵_̵c̵o̵m̵m̵,̵ ̵m̵u̵l̵_̵assoc] at hc ⊢

Note: This linter can be disabled with `set_option linter.unusedSimpArgs false`
warning: ZhangLS/Spec/Lemma44ReflectedPolynomialContours.lean:152:79: This simp argument is unused:
  mul_assoc

Hint: Omit it from the simp argument list.
  simp only [sub_eq_add_neg, add_comm, add_left_comm, mul_comm, mul_left_comm,̵ ̵m̵u̵l̵_̵a̵s̵s̵o̵c̵] at hc ⊢

Note: This linter can be disabled with `set_option linter.unusedSimpArgs false`
⚠ [3673/3679] Replayed ZhangLS.Spec.Lemma45Normalization
warning: ZhangLS/Spec/Lemma45Normalization.lean:90:8: 'ring' tactic does nothing

Note: This linter can be disabled with `set_option linter.unusedTactic false`
warning: ZhangLS/Spec/Lemma45Normalization.lean:90:8: this tactic is never executed

Note: This linter can be disabled with `set_option linter.unreachableTactic false`
Build completed successfully (3679 jobs).
== kernel-check ZhangLS/Spec/Lemma46LogDerivative.lean ==
⚠ [1279/1369] Replayed ZhangLS.Spec.RealDirichletCharacter
warning: ZhangLS/Spec/RealDirichletCharacter.lean:48:4: try 'simp' instead of 'simpa'

Note: This linter can be disabled with `set_option linter.unnecessarySimpa false`
⚠ [1280/1369] Replayed ZhangLS.Spec.Lemma44CharacterProduct
warning: ZhangLS/Spec/Lemma44CharacterProduct.lean:55:38: This simp argument is unused:
  mul_comm

Hint: Omit it from the simp argument list.
  simp [̵m̵u̵l̵_̵c̵o̵m̵m̵,̵ ̵m̵u̵l̵_̵l̵e̵f̵t̵_̵c̵o̵m̵m̵,̵[̲m̲u̲l̲_̲l̲e̲f̲t̲_̲c̲o̲m̲m̲,̲ mul_assoc]

Note: This linter can be disabled with `set_option linter.unusedSimpArgs false`
warning: ZhangLS/Spec/Lemma44CharacterProduct.lean:55:48: This simp argument is unused:
  mul_left_comm

Hint: Omit it from the simp argument list.
  simp [mul_comm, mul_l̵e̵f̵t̵_̵c̵o̵m̵m̵,̵ ̵m̵u̵l̵_̵assoc]

Note: This linter can be disabled with `set_option linter.unusedSimpArgs false`
⚠ [2474/2647] Replayed ZhangLS.Spec.Lemma23AnalyticLogBranch
warning: ZhangLS/Spec/Lemma23AnalyticLogBranch.lean:42:53: try 'simp' instead of 'simpa'

Note: This linter can be disabled with `set_option linter.unnecessarySimpa false`
warning: ZhangLS/Spec/Lemma23AnalyticLogBranch.lean:67:44: try 'simp' instead of 'simpa'

Note: This linter can be disabled with `set_option linter.unnecessarySimpa false`
⚠ [3462/3677] Replayed ZhangLS.Spec.RealAxisAtOne
warning: ZhangLS/Spec/RealAxisAtOne.lean:56:4: try 'simp' instead of 'simpa'

Note: This linter can be disabled with `set_option linter.unnecessarySimpa false`
⚠ [3464/3677] Replayed ZhangLS.Spec.Lemma57
warning: ZhangLS/Spec/Lemma57.lean:101:58: unused variable `hD`

Note: This linter can be disabled with `set_option linter.unusedVariables false`
warning: ZhangLS/Spec/Lemma57.lean:102:7: unused variable `hA`

Note: This linter can be disabled with `set_option linter.unusedVariables false`
⚠ [3465/3677] Replayed ZhangLS.Spec.Lemma57Arithmetic
warning: ZhangLS/Spec/Lemma57Arithmetic.lean:55:15: unused variable `hc_g`

Note: This linter can be disabled with `set_option linter.unusedVariables false`
⚠ [3470/3677] Replayed ZhangLS.Spec.Lemma57SmoothedSum
warning: ZhangLS/Spec/Lemma57SmoothedSum.lean:42:46: unused variable `hD`

Note: This linter can be disabled with `set_option linter.unusedVariables false`
⚠ [3479/3677] Replayed ZhangLS.Spec.Lemma57GaussianGlobal
warning: ZhangLS/Spec/Lemma57GaussianGlobal.lean:55:58: unused variable `ha`

Note: This linter can be disabled with `set_option linter.unusedVariables false`
warning: ZhangLS/Spec/Lemma57GaussianGlobal.lean:241:13: unused variable `hD`

Note: This linter can be disabled with `set_option linter.unusedVariables false`
warning: ZhangLS/Spec/Lemma57GaussianGlobal.lean:241:34: unused variable `hx`

Note: This linter can be disabled with `set_option linter.unusedVariables false`
⚠ [3480/3677] Replayed ZhangLS.Spec.Lemma57SmoothedSummability
warning: ZhangLS/Spec/Lemma57SmoothedSummability.lean:20:52: unused variable `hn`

Note: This linter can be disabled with `set_option linter.unusedVariables false`
⚠ [3485/3677] Replayed ZhangLS.Spec.Lemma57GaussianMellinTransform
warning: ZhangLS/Spec/Lemma57GaussianMellinTransform.lean:67:63: Used `tac1 <;> tac2` where `(tac1; tac2)` would suffice

Note: This linter can be disabled with `set_option linter.unnecessarySeqFocus false`
warning: ZhangLS/Spec/Lemma57GaussianMellinTransform.lean:145:54: Used `tac1 <;> tac2` where `(tac1; tac2)` would suffice

Note: This linter can be disabled with `set_option linter.unnecessarySeqFocus false`
warning: ZhangLS/Spec/Lemma57GaussianMellinTransform.lean:326:4: Try `simp at hs` instead of `simpa using hs`

Note: This linter can be disabled with `set_option linter.unnecessarySimpa false`
⚠ [3499/3677] Replayed ZhangLS.Spec.RiemannZetaCriticalLineBound
warning: ZhangLS/Spec/RiemannZetaCriticalLineBound.lean:99:2: Used `tac1 <;> tac2` where `(tac1; tac2)` would suffice

Note: This linter can be disabled with `set_option linter.unnecessarySeqFocus false`
warning: ZhangLS/Spec/RiemannZetaCriticalLineBound.lean:124:13: unused variable `hs`

Note: This linter can be disabled with `set_option linter.unusedVariables false`
warning: ZhangLS/Spec/RiemannZetaCriticalLineBound.lean:152:6: unused variable `n`

Note: This linter can be disabled with `set_option linter.unusedVariables false`
warning: ZhangLS/Spec/RiemannZetaCriticalLineBound.lean:156:20: unused variable `k`

Note: This linter can be disabled with `set_option linter.unusedVariables false`
warning: ZhangLS/Spec/RiemannZetaCriticalLineBound.lean:161:8: This simp argument is unused:
  sum_one_Icc

Hint: Omit it from the simp argument list.
  simp ̵[̵s̵u̵m̵_̵o̵n̵e̵_̵I̵c̵c̵]̵

Note: This linter can be disabled with `set_option linter.unusedSimpArgs false`
warning: ZhangLS/Spec/RiemannZetaCriticalLineBound.lean:242:12: 'ring' tactic does nothing

Note: This linter can be disabled with `set_option linter.unusedTactic false`
warning: ZhangLS/Spec/RiemannZetaCriticalLineBound.lean:242:12: this tactic is never executed

Note: This linter can be disabled with `set_option linter.unreachableTactic false`
warning: ZhangLS/Spec/RiemannZetaCriticalLineBound.lean:219:41: Used `tac1 <;> tac2` where `(tac1; tac2)` would suffice

Note: This linter can be disabled with `set_option linter.unnecessarySeqFocus false`
warning: ZhangLS/Spec/RiemannZetaCriticalLineBound.lean:303:8: 'ring' tactic does nothing

Note: This linter can be disabled with `set_option linter.unusedTactic false`
warning: ZhangLS/Spec/RiemannZetaCriticalLineBound.lean:303:8: this tactic is never executed

Note: This linter can be disabled with `set_option linter.unreachableTactic false`
warning: ZhangLS/Spec/RiemannZetaCriticalLineBound.lean:394:12: This simp argument is unused:
  norm_div

Hint: Omit it from the simp argument list.
  simp ̵[̵n̵o̵r̵m̵_̵d̵i̵v̵]̵

Note: This linter can be disabled with `set_option linter.unusedSimpArgs false`
warning: ZhangLS/Spec/RiemannZetaCriticalLineBound.lean:475:75: This simp argument is unused:
  norm_div

Hint: Omit it from the simp argument list.
  simp ̵[̵n̵o̵r̵m̵_̵d̵i̵v̵]̵

Note: This linter can be disabled with `set_option linter.unusedSimpArgs false`
⚠ [3500/3677] Replayed ZhangLS.Spec.Lemma57CriticalStripGrowth
warning: ZhangLS/Spec/Lemma57CriticalStripGrowth.lean:270:14: This simp argument is unused:
  norm_div

Hint: Omit it from the simp argument list.
  simp ̵[̵n̵o̵r̵m̵_̵d̵i̵v̵]̵

Note: This linter can be disabled with `set_option linter.unusedSimpArgs false`
⚠ [3507/3677] Replayed ZhangLS.Spec.Lemma23DirichletConjugation
warning: ZhangLS/Spec/Lemma23DirichletConjugation.lean:23:0: automatically included section variable(s) unused in theorem `ZhangLS.Spec.dirichletLSeries_inv_eq_conj_at_conj`:
  [NeZero N]
consider restructuring your `variable` declarations so that the variables are not in scope or explicitly omit them:
  omit [NeZero N] in theorem ...

Note: This linter can be disabled with `set_option linter.unusedSectionVars false`
⚠ [3509/3677] Replayed ZhangLS.Spec.Lemma23PrimitiveGaussSum
warning: ZhangLS/Spec/Lemma23PrimitiveGaussSum.lean:42:19: Used `tac1 <;> tac2` where `(tac1; tac2)` would suffice

Note: This linter can be disabled with `set_option linter.unnecessarySeqFocus false`
⚠ [3510/3677] Replayed ZhangLS.Spec.Lemma23DirichletUnitModulus
warning: ZhangLS/Spec/Lemma23DirichletUnitModulus.lean:112:48: Used `tac1 <;> tac2` where `(tac1; tac2)` would suffice

Note: This linter can be disabled with `set_option linter.unnecessarySeqFocus false`
⚠ [3647/3677] Replayed ZhangLS.Spec.Lemma44ProductMellin
warning: ZhangLS/Spec/Lemma44ProductMellin.lean:144:4: try 'simp' instead of 'simpa'

Note: This linter can be disabled with `set_option linter.unnecessarySimpa false`
⚠ [3651/3677] Replayed ZhangLS.Spec.Lemma44RightMellinApproximation
warning: ZhangLS/Spec/Lemma44RightMellinApproximation.lean:37:4: try 'simp' instead of 'simpa'

Note: This linter can be disabled with `set_option linter.unnecessarySimpa false`
⚠ [3655/3677] Replayed ZhangLS.Spec.Lemma44ReflectedLongSum
warning: ZhangLS/Spec/Lemma44ReflectedLongSum.lean:81:64: Used `tac1 <;> tac2` where `(tac1; tac2)` would suffice

Note: This linter can be disabled with `set_option linter.unnecessarySeqFocus false`
⚠ [3658/3677] Replayed ZhangLS.Spec.Lemma44InitialLeftEstimates
warning: ZhangLS/Spec/Lemma44InitialLeftEstimates.lean:68:23: Used `tac1 <;> tac2` where `(tac1; tac2)` would suffice

Note: This linter can be disabled with `set_option linter.unnecessarySeqFocus false`
⚠ [3661/3677] Replayed ZhangLS.Spec.Lemma44ComplexCharacterAbel
warning: ZhangLS/Spec/Lemma44ComplexCharacterAbel.lean:73:56: unused variable `hD`

Note: This linter can be disabled with `set_option linter.unusedVariables false`
⚠ [3662/3677] Replayed ZhangLS.Spec.Lemma44HorizontalGrowth
warning: ZhangLS/Spec/Lemma44HorizontalGrowth.lean:147:6: 'push_cast' tactic does nothing

Note: This linter can be disabled with `set_option linter.unusedTactic false`
⚠ [3664/3677] Replayed ZhangLS.Spec.Lemma44GaussianVerticalTail
info: ZhangLS/Spec/Lemma44GaussianVerticalTail.lean:41:4: Try this:
  [apply] ring_nf
  
  The `ring` tactic failed to close the goal. Use `ring_nf` to obtain a normal form.
    
  Note that `ring` works primarily in *commutative* rings. If you have a noncommutative ring, abelian group or module, consider using `noncomm_ring`, `abel` or `module` instead.
info: ZhangLS/Spec/Lemma44GaussianVerticalTail.lean:57:16: Try this:
  [apply] ring_nf
  
  The `ring` tactic failed to close the goal. Use `ring_nf` to obtain a normal form.
    
  Note that `ring` works primarily in *commutative* rings. If you have a noncommutative ring, abelian group or module, consider using `noncomm_ring`, `abel` or `module` instead.
warning: ZhangLS/Spec/Lemma44GaussianVerticalTail.lean:57:12: Used `tac1 <;> tac2` where `(tac1; tac2)` would suffice

Note: This linter can be disabled with `set_option linter.unnecessarySeqFocus false`
warning: ZhangLS/Spec/Lemma44GaussianVerticalTail.lean:68:22: Used `tac1 <;> tac2` where `(tac1; tac2)` would suffice

Note: This linter can be disabled with `set_option linter.unnecessarySeqFocus false`
info: ZhangLS/Spec/Lemma44GaussianVerticalTail.lean:153:35: Try this:
  [apply] ring_nf
  
  The `ring` tactic failed to close the goal. Use `ring_nf` to obtain a normal form.
    
  Note that `ring` works primarily in *commutative* rings. If you have a noncommutative ring, abelian group or module, consider using `noncomm_ring`, `abel` or `module` instead.
⚠ [3665/3677] Replayed ZhangLS.Spec.Lemma44LocalRectangle
warning: ZhangLS/Spec/Lemma44LocalRectangle.lean:115:46: This simp argument is unused:
  zero_mul

Hint: Omit it from the simp argument list.
  simp only [mem_reProdIm, mem_Icc, sub_re, sub_im, ofReal_re, ofReal_im, mul_re, mul_im, I_re,
  ̲  ̲ ̲ ̲ ̲ ̲ ̲ ̲I_im, mul_zero, z̵e̵r̵o̵_̵m̵u̵l̵,̵ ̵mul_one, zero_add, sub_zero]

Note: This linter can be disabled with `set_option linter.unusedSimpArgs false`
warning: ZhangLS/Spec/Lemma44LocalRectangle.lean:115:65: This simp argument is unused:
  zero_add

Hint: Omit it from the simp argument list.
  simp only [mem_reProdIm, mem_Icc, sub_re, sub_im, ofReal_re, ofReal_im, mul_re, mul_im, I_re,
  ̲  ̲ ̲ ̲ ̲ ̲ ̲ ̲I_im, mul_zero, zero_mul, mul_one, z̵e̵r̵o̵_̵a̵d̵d̵,̵ ̵sub_zero]

Note: This linter can be disabled with `set_option linter.unusedSimpArgs false`
⚠ [3668/3677] Replayed ZhangLS.Spec.Lemma44HorizontalIntegrals
warning: ZhangLS/Spec/Lemma44HorizontalIntegrals.lean:18:5: unused variable `hK`

Note: This linter can be disabled with `set_option linter.unusedVariables false`
⚠ [3669/3677] Replayed ZhangLS.Spec.Lemma44ReflectedPolynomialContours
warning: ZhangLS/Spec/Lemma44ReflectedPolynomialContours.lean:152:64: This simp argument is unused:
  mul_left_comm

Hint: Omit it from the simp argument list.
  simp only [sub_eq_add_neg, add_comm, add_left_comm, mul_comm, mul_l̵e̵f̵t̵_̵c̵o̵m̵m̵,̵ ̵m̵u̵l̵_̵assoc] at hc ⊢

Note: This linter can be disabled with `set_option linter.unusedSimpArgs false`
warning: ZhangLS/Spec/Lemma44ReflectedPolynomialContours.lean:152:79: This simp argument is unused:
  mul_assoc

Hint: Omit it from the simp argument list.
  simp only [sub_eq_add_neg, add_comm, add_left_comm, mul_comm, mul_left_comm,̵ ̵m̵u̵l̵_̵a̵s̵s̵o̵c̵] at hc ⊢

Note: This linter can be disabled with `set_option linter.unusedSimpArgs false`
⚠ [3673/3677] Replayed ZhangLS.Spec.Lemma45Normalization
warning: ZhangLS/Spec/Lemma45Normalization.lean:90:8: 'ring' tactic does nothing

Note: This linter can be disabled with `set_option linter.unusedTactic false`
warning: ZhangLS/Spec/Lemma45Normalization.lean:90:8: this tactic is never executed

Note: This linter can be disabled with `set_option linter.unreachableTactic false`
Build completed successfully (3677 jobs).
== kernel-check ZhangLS/Spec/Lemma46ModelApproximation.lean ==
⚠ [1279/1409] Replayed ZhangLS.Spec.RealDirichletCharacter
warning: ZhangLS/Spec/RealDirichletCharacter.lean:48:4: try 'simp' instead of 'simpa'

Note: This linter can be disabled with `set_option linter.unnecessarySimpa false`
⚠ [1280/1409] Replayed ZhangLS.Spec.Lemma44CharacterProduct
warning: ZhangLS/Spec/Lemma44CharacterProduct.lean:55:38: This simp argument is unused:
  mul_comm

Hint: Omit it from the simp argument list.
  simp [̵m̵u̵l̵_̵c̵o̵m̵m̵,̵ ̵m̵u̵l̵_̵l̵e̵f̵t̵_̵c̵o̵m̵m̵,̵[̲m̲u̲l̲_̲l̲e̲f̲t̲_̲c̲o̲m̲m̲,̲ mul_assoc]

Note: This linter can be disabled with `set_option linter.unusedSimpArgs false`
warning: ZhangLS/Spec/Lemma44CharacterProduct.lean:55:48: This simp argument is unused:
  mul_left_comm

Hint: Omit it from the simp argument list.
  simp [mul_comm, mul_l̵e̵f̵t̵_̵c̵o̵m̵m̵,̵ ̵m̵u̵l̵_̵assoc]

Note: This linter can be disabled with `set_option linter.unusedSimpArgs false`
⚠ [2474/2712] Replayed ZhangLS.Spec.Lemma23AnalyticLogBranch
warning: ZhangLS/Spec/Lemma23AnalyticLogBranch.lean:42:53: try 'simp' instead of 'simpa'

Note: This linter can be disabled with `set_option linter.unnecessarySimpa false`
warning: ZhangLS/Spec/Lemma23AnalyticLogBranch.lean:67:44: try 'simp' instead of 'simpa'

Note: This linter can be disabled with `set_option linter.unnecessarySimpa false`
⚠ [3462/3681] Replayed ZhangLS.Spec.RealAxisAtOne
warning: ZhangLS/Spec/RealAxisAtOne.lean:56:4: try 'simp' instead of 'simpa'

Note: This linter can be disabled with `set_option linter.unnecessarySimpa false`
⚠ [3464/3681] Replayed ZhangLS.Spec.Lemma57
warning: ZhangLS/Spec/Lemma57.lean:101:58: unused variable `hD`

Note: This linter can be disabled with `set_option linter.unusedVariables false`
warning: ZhangLS/Spec/Lemma57.lean:102:7: unused variable `hA`

Note: This linter can be disabled with `set_option linter.unusedVariables false`
⚠ [3465/3681] Replayed ZhangLS.Spec.Lemma57Arithmetic
warning: ZhangLS/Spec/Lemma57Arithmetic.lean:55:15: unused variable `hc_g`

Note: This linter can be disabled with `set_option linter.unusedVariables false`
⚠ [3470/3681] Replayed ZhangLS.Spec.Lemma57SmoothedSum
warning: ZhangLS/Spec/Lemma57SmoothedSum.lean:42:46: unused variable `hD`

Note: This linter can be disabled with `set_option linter.unusedVariables false`
⚠ [3479/3681] Replayed ZhangLS.Spec.Lemma57GaussianGlobal
warning: ZhangLS/Spec/Lemma57GaussianGlobal.lean:55:58: unused variable `ha`

Note: This linter can be disabled with `set_option linter.unusedVariables false`
warning: ZhangLS/Spec/Lemma57GaussianGlobal.lean:241:13: unused variable `hD`

Note: This linter can be disabled with `set_option linter.unusedVariables false`
warning: ZhangLS/Spec/Lemma57GaussianGlobal.lean:241:34: unused variable `hx`

Note: This linter can be disabled with `set_option linter.unusedVariables false`
⚠ [3480/3681] Replayed ZhangLS.Spec.Lemma57SmoothedSummability
warning: ZhangLS/Spec/Lemma57SmoothedSummability.lean:20:52: unused variable `hn`

Note: This linter can be disabled with `set_option linter.unusedVariables false`
⚠ [3485/3681] Replayed ZhangLS.Spec.Lemma57GaussianMellinTransform
warning: ZhangLS/Spec/Lemma57GaussianMellinTransform.lean:67:63: Used `tac1 <;> tac2` where `(tac1; tac2)` would suffice

Note: This linter can be disabled with `set_option linter.unnecessarySeqFocus false`
warning: ZhangLS/Spec/Lemma57GaussianMellinTransform.lean:145:54: Used `tac1 <;> tac2` where `(tac1; tac2)` would suffice

Note: This linter can be disabled with `set_option linter.unnecessarySeqFocus false`
warning: ZhangLS/Spec/Lemma57GaussianMellinTransform.lean:326:4: Try `simp at hs` instead of `simpa using hs`

Note: This linter can be disabled with `set_option linter.unnecessarySimpa false`
⚠ [3499/3681] Replayed ZhangLS.Spec.RiemannZetaCriticalLineBound
warning: ZhangLS/Spec/RiemannZetaCriticalLineBound.lean:99:2: Used `tac1 <;> tac2` where `(tac1; tac2)` would suffice

Note: This linter can be disabled with `set_option linter.unnecessarySeqFocus false`
warning: ZhangLS/Spec/RiemannZetaCriticalLineBound.lean:124:13: unused variable `hs`

Note: This linter can be disabled with `set_option linter.unusedVariables false`
warning: ZhangLS/Spec/RiemannZetaCriticalLineBound.lean:152:6: unused variable `n`

Note: This linter can be disabled with `set_option linter.unusedVariables false`
warning: ZhangLS/Spec/RiemannZetaCriticalLineBound.lean:156:20: unused variable `k`

Note: This linter can be disabled with `set_option linter.unusedVariables false`
warning: ZhangLS/Spec/RiemannZetaCriticalLineBound.lean:161:8: This simp argument is unused:
  sum_one_Icc

Hint: Omit it from the simp argument list.
  simp ̵[̵s̵u̵m̵_̵o̵n̵e̵_̵I̵c̵c̵]̵

Note: This linter can be disabled with `set_option linter.unusedSimpArgs false`
warning: ZhangLS/Spec/RiemannZetaCriticalLineBound.lean:242:12: 'ring' tactic does nothing

Note: This linter can be disabled with `set_option linter.unusedTactic false`
warning: ZhangLS/Spec/RiemannZetaCriticalLineBound.lean:242:12: this tactic is never executed

Note: This linter can be disabled with `set_option linter.unreachableTactic false`
warning: ZhangLS/Spec/RiemannZetaCriticalLineBound.lean:219:41: Used `tac1 <;> tac2` where `(tac1; tac2)` would suffice

Note: This linter can be disabled with `set_option linter.unnecessarySeqFocus false`
warning: ZhangLS/Spec/RiemannZetaCriticalLineBound.lean:303:8: 'ring' tactic does nothing

Note: This linter can be disabled with `set_option linter.unusedTactic false`
warning: ZhangLS/Spec/RiemannZetaCriticalLineBound.lean:303:8: this tactic is never executed

Note: This linter can be disabled with `set_option linter.unreachableTactic false`
warning: ZhangLS/Spec/RiemannZetaCriticalLineBound.lean:394:12: This simp argument is unused:
  norm_div

Hint: Omit it from the simp argument list.
  simp ̵[̵n̵o̵r̵m̵_̵d̵i̵v̵]̵

Note: This linter can be disabled with `set_option linter.unusedSimpArgs false`
warning: ZhangLS/Spec/RiemannZetaCriticalLineBound.lean:475:75: This simp argument is unused:
  norm_div

Hint: Omit it from the simp argument list.
  simp ̵[̵n̵o̵r̵m̵_̵d̵i̵v̵]̵

Note: This linter can be disabled with `set_option linter.unusedSimpArgs false`
⚠ [3500/3681] Replayed ZhangLS.Spec.Lemma57CriticalStripGrowth
warning: ZhangLS/Spec/Lemma57CriticalStripGrowth.lean:270:14: This simp argument is unused:
  norm_div

Hint: Omit it from the simp argument list.
  simp ̵[̵n̵o̵r̵m̵_̵d̵i̵v̵]̵

Note: This linter can be disabled with `set_option linter.unusedSimpArgs false`
⚠ [3507/3681] Replayed ZhangLS.Spec.Lemma23DirichletConjugation
warning: ZhangLS/Spec/Lemma23DirichletConjugation.lean:23:0: automatically included section variable(s) unused in theorem `ZhangLS.Spec.dirichletLSeries_inv_eq_conj_at_conj`:
  [NeZero N]
consider restructuring your `variable` declarations so that the variables are not in scope or explicitly omit them:
  omit [NeZero N] in theorem ...

Note: This linter can be disabled with `set_option linter.unusedSectionVars false`
⚠ [3509/3681] Replayed ZhangLS.Spec.Lemma23PrimitiveGaussSum
warning: ZhangLS/Spec/Lemma23PrimitiveGaussSum.lean:42:19: Used `tac1 <;> tac2` where `(tac1; tac2)` would suffice

Note: This linter can be disabled with `set_option linter.unnecessarySeqFocus false`
⚠ [3510/3681] Replayed ZhangLS.Spec.Lemma23DirichletUnitModulus
warning: ZhangLS/Spec/Lemma23DirichletUnitModulus.lean:112:48: Used `tac1 <;> tac2` where `(tac1; tac2)` would suffice

Note: This linter can be disabled with `set_option linter.unnecessarySeqFocus false`
⚠ [3647/3681] Replayed ZhangLS.Spec.Lemma44ProductMellin
warning: ZhangLS/Spec/Lemma44ProductMellin.lean:144:4: try 'simp' instead of 'simpa'

Note: This linter can be disabled with `set_option linter.unnecessarySimpa false`
⚠ [3651/3681] Replayed ZhangLS.Spec.Lemma44RightMellinApproximation
warning: ZhangLS/Spec/Lemma44RightMellinApproximation.lean:37:4: try 'simp' instead of 'simpa'

Note: This linter can be disabled with `set_option linter.unnecessarySimpa false`
⚠ [3655/3681] Replayed ZhangLS.Spec.Lemma44ReflectedLongSum
warning: ZhangLS/Spec/Lemma44ReflectedLongSum.lean:81:64: Used `tac1 <;> tac2` where `(tac1; tac2)` would suffice

Note: This linter can be disabled with `set_option linter.unnecessarySeqFocus false`
⚠ [3658/3681] Replayed ZhangLS.Spec.Lemma44InitialLeftEstimates
warning: ZhangLS/Spec/Lemma44InitialLeftEstimates.lean:68:23: Used `tac1 <;> tac2` where `(tac1; tac2)` would suffice

Note: This linter can be disabled with `set_option linter.unnecessarySeqFocus false`
⚠ [3661/3681] Replayed ZhangLS.Spec.Lemma44ComplexCharacterAbel
warning: ZhangLS/Spec/Lemma44ComplexCharacterAbel.lean:73:56: unused variable `hD`

Note: This linter can be disabled with `set_option linter.unusedVariables false`
⚠ [3662/3681] Replayed ZhangLS.Spec.Lemma44HorizontalGrowth
warning: ZhangLS/Spec/Lemma44HorizontalGrowth.lean:147:6: 'push_cast' tactic does nothing

Note: This linter can be disabled with `set_option linter.unusedTactic false`
⚠ [3664/3681] Replayed ZhangLS.Spec.Lemma44GaussianVerticalTail
info: ZhangLS/Spec/Lemma44GaussianVerticalTail.lean:41:4: Try this:
  [apply] ring_nf
  
  The `ring` tactic failed to close the goal. Use `ring_nf` to obtain a normal form.
    
  Note that `ring` works primarily in *commutative* rings. If you have a noncommutative ring, abelian group or module, consider using `noncomm_ring`, `abel` or `module` instead.
info: ZhangLS/Spec/Lemma44GaussianVerticalTail.lean:57:16: Try this:
  [apply] ring_nf
  
  The `ring` tactic failed to close the goal. Use `ring_nf` to obtain a normal form.
    
  Note that `ring` works primarily in *commutative* rings. If you have a noncommutative ring, abelian group or module, consider using `noncomm_ring`, `abel` or `module` instead.
warning: ZhangLS/Spec/Lemma44GaussianVerticalTail.lean:57:12: Used `tac1 <;> tac2` where `(tac1; tac2)` would suffice

Note: This linter can be disabled with `set_option linter.unnecessarySeqFocus false`
warning: ZhangLS/Spec/Lemma44GaussianVerticalTail.lean:68:22: Used `tac1 <;> tac2` where `(tac1; tac2)` would suffice

Note: This linter can be disabled with `set_option linter.unnecessarySeqFocus false`
info: ZhangLS/Spec/Lemma44GaussianVerticalTail.lean:153:35: Try this:
  [apply] ring_nf
  
  The `ring` tactic failed to close the goal. Use `ring_nf` to obtain a normal form.
    
  Note that `ring` works primarily in *commutative* rings. If you have a noncommutative ring, abelian group or module, consider using `noncomm_ring`, `abel` or `module` instead.
⚠ [3665/3681] Replayed ZhangLS.Spec.Lemma44LocalRectangle
warning: ZhangLS/Spec/Lemma44LocalRectangle.lean:115:46: This simp argument is unused:
  zero_mul

Hint: Omit it from the simp argument list.
  simp only [mem_reProdIm, mem_Icc, sub_re, sub_im, ofReal_re, ofReal_im, mul_re, mul_im, I_re,
  ̲  ̲ ̲ ̲ ̲ ̲ ̲ ̲I_im, mul_zero, z̵e̵r̵o̵_̵m̵u̵l̵,̵ ̵mul_one, zero_add, sub_zero]

Note: This linter can be disabled with `set_option linter.unusedSimpArgs false`
warning: ZhangLS/Spec/Lemma44LocalRectangle.lean:115:65: This simp argument is unused:
  zero_add

Hint: Omit it from the simp argument list.
  simp only [mem_reProdIm, mem_Icc, sub_re, sub_im, ofReal_re, ofReal_im, mul_re, mul_im, I_re,
  ̲  ̲ ̲ ̲ ̲ ̲ ̲ ̲I_im, mul_zero, zero_mul, mul_one, z̵e̵r̵o̵_̵a̵d̵d̵,̵ ̵sub_zero]

Note: This linter can be disabled with `set_option linter.unusedSimpArgs false`
⚠ [3668/3681] Replayed ZhangLS.Spec.Lemma44HorizontalIntegrals
warning: ZhangLS/Spec/Lemma44HorizontalIntegrals.lean:18:5: unused variable `hK`

Note: This linter can be disabled with `set_option linter.unusedVariables false`
⚠ [3669/3681] Replayed ZhangLS.Spec.Lemma44ReflectedPolynomialContours
warning: ZhangLS/Spec/Lemma44ReflectedPolynomialContours.lean:152:64: This simp argument is unused:
  mul_left_comm

Hint: Omit it from the simp argument list.
  simp only [sub_eq_add_neg, add_comm, add_left_comm, mul_comm, mul_l̵e̵f̵t̵_̵c̵o̵m̵m̵,̵ ̵m̵u̵l̵_̵assoc] at hc ⊢

Note: This linter can be disabled with `set_option linter.unusedSimpArgs false`
warning: ZhangLS/Spec/Lemma44ReflectedPolynomialContours.lean:152:79: This simp argument is unused:
  mul_assoc

Hint: Omit it from the simp argument list.
  simp only [sub_eq_add_neg, add_comm, add_left_comm, mul_comm, mul_left_comm,̵ ̵m̵u̵l̵_̵a̵s̵s̵o̵c̵] at hc ⊢

Note: This linter can be disabled with `set_option linter.unusedSimpArgs false`
⚠ [3673/3681] Replayed ZhangLS.Spec.Lemma45Normalization
warning: ZhangLS/Spec/Lemma45Normalization.lean:90:8: 'ring' tactic does nothing

Note: This linter can be disabled with `set_option linter.unusedTactic false`
warning: ZhangLS/Spec/Lemma45Normalization.lean:90:8: this tactic is never executed

Note: This linter can be disabled with `set_option linter.unreachableTactic false`
Build completed successfully (3681 jobs).
== kernel-check ZhangLS/Spec/Lemma46ModelBoundary.lean ==
Build completed successfully (2700 jobs).
== kernel-check ZhangLS/Spec/Lemma46RoucheLocal.lean ==
⚠ [1279/1413] Replayed ZhangLS.Spec.RealDirichletCharacter
warning: ZhangLS/Spec/RealDirichletCharacter.lean:48:4: try 'simp' instead of 'simpa'

Note: This linter can be disabled with `set_option linter.unnecessarySimpa false`
⚠ [1280/1413] Replayed ZhangLS.Spec.Lemma44CharacterProduct
warning: ZhangLS/Spec/Lemma44CharacterProduct.lean:55:38: This simp argument is unused:
  mul_comm

Hint: Omit it from the simp argument list.
  simp [̵m̵u̵l̵_̵c̵o̵m̵m̵,̵ ̵m̵u̵l̵_̵l̵e̵f̵t̵_̵c̵o̵m̵m̵,̵[̲m̲u̲l̲_̲l̲e̲f̲t̲_̲c̲o̲m̲m̲,̲ mul_assoc]

Note: This linter can be disabled with `set_option linter.unusedSimpArgs false`
warning: ZhangLS/Spec/Lemma44CharacterProduct.lean:55:48: This simp argument is unused:
  mul_left_comm

Hint: Omit it from the simp argument list.
  simp [mul_comm, mul_l̵e̵f̵t̵_̵c̵o̵m̵m̵,̵ ̵m̵u̵l̵_̵assoc]

Note: This linter can be disabled with `set_option linter.unusedSimpArgs false`
⚠ [2474/2706] Replayed ZhangLS.Spec.Lemma23AnalyticLogBranch
warning: ZhangLS/Spec/Lemma23AnalyticLogBranch.lean:42:53: try 'simp' instead of 'simpa'

Note: This linter can be disabled with `set_option linter.unnecessarySimpa false`
warning: ZhangLS/Spec/Lemma23AnalyticLogBranch.lean:67:44: try 'simp' instead of 'simpa'

Note: This linter can be disabled with `set_option linter.unnecessarySimpa false`
⚠ [3462/3697] Replayed ZhangLS.Spec.RealAxisAtOne
warning: ZhangLS/Spec/RealAxisAtOne.lean:56:4: try 'simp' instead of 'simpa'

Note: This linter can be disabled with `set_option linter.unnecessarySimpa false`
⚠ [3464/3697] Replayed ZhangLS.Spec.Lemma57
warning: ZhangLS/Spec/Lemma57.lean:101:58: unused variable `hD`

Note: This linter can be disabled with `set_option linter.unusedVariables false`
warning: ZhangLS/Spec/Lemma57.lean:102:7: unused variable `hA`

Note: This linter can be disabled with `set_option linter.unusedVariables false`
⚠ [3465/3697] Replayed ZhangLS.Spec.Lemma57Arithmetic
warning: ZhangLS/Spec/Lemma57Arithmetic.lean:55:15: unused variable `hc_g`

Note: This linter can be disabled with `set_option linter.unusedVariables false`
⚠ [3470/3697] Replayed ZhangLS.Spec.Lemma57SmoothedSum
warning: ZhangLS/Spec/Lemma57SmoothedSum.lean:42:46: unused variable `hD`

Note: This linter can be disabled with `set_option linter.unusedVariables false`
⚠ [3479/3697] Replayed ZhangLS.Spec.Lemma57GaussianGlobal
warning: ZhangLS/Spec/Lemma57GaussianGlobal.lean:55:58: unused variable `ha`

Note: This linter can be disabled with `set_option linter.unusedVariables false`
warning: ZhangLS/Spec/Lemma57GaussianGlobal.lean:241:13: unused variable `hD`

Note: This linter can be disabled with `set_option linter.unusedVariables false`
warning: ZhangLS/Spec/Lemma57GaussianGlobal.lean:241:34: unused variable `hx`

Note: This linter can be disabled with `set_option linter.unusedVariables false`
⚠ [3480/3697] Replayed ZhangLS.Spec.Lemma57SmoothedSummability
warning: ZhangLS/Spec/Lemma57SmoothedSummability.lean:20:52: unused variable `hn`

Note: This linter can be disabled with `set_option linter.unusedVariables false`
⚠ [3485/3697] Replayed ZhangLS.Spec.Lemma57GaussianMellinTransform
warning: ZhangLS/Spec/Lemma57GaussianMellinTransform.lean:67:63: Used `tac1 <;> tac2` where `(tac1; tac2)` would suffice

Note: This linter can be disabled with `set_option linter.unnecessarySeqFocus false`
warning: ZhangLS/Spec/Lemma57GaussianMellinTransform.lean:145:54: Used `tac1 <;> tac2` where `(tac1; tac2)` would suffice

Note: This linter can be disabled with `set_option linter.unnecessarySeqFocus false`
warning: ZhangLS/Spec/Lemma57GaussianMellinTransform.lean:326:4: Try `simp at hs` instead of `simpa using hs`

Note: This linter can be disabled with `set_option linter.unnecessarySimpa false`
⚠ [3499/3697] Replayed ZhangLS.Spec.RiemannZetaCriticalLineBound
warning: ZhangLS/Spec/RiemannZetaCriticalLineBound.lean:99:2: Used `tac1 <;> tac2` where `(tac1; tac2)` would suffice

Note: This linter can be disabled with `set_option linter.unnecessarySeqFocus false`
warning: ZhangLS/Spec/RiemannZetaCriticalLineBound.lean:124:13: unused variable `hs`

Note: This linter can be disabled with `set_option linter.unusedVariables false`
warning: ZhangLS/Spec/RiemannZetaCriticalLineBound.lean:152:6: unused variable `n`

Note: This linter can be disabled with `set_option linter.unusedVariables false`
warning: ZhangLS/Spec/RiemannZetaCriticalLineBound.lean:156:20: unused variable `k`

Note: This linter can be disabled with `set_option linter.unusedVariables false`
warning: ZhangLS/Spec/RiemannZetaCriticalLineBound.lean:161:8: This simp argument is unused:
  sum_one_Icc

Hint: Omit it from the simp argument list.
  simp ̵[̵s̵u̵m̵_̵o̵n̵e̵_̵I̵c̵c̵]̵

Note: This linter can be disabled with `set_option linter.unusedSimpArgs false`
warning: ZhangLS/Spec/RiemannZetaCriticalLineBound.lean:242:12: 'ring' tactic does nothing

Note: This linter can be disabled with `set_option linter.unusedTactic false`
warning: ZhangLS/Spec/RiemannZetaCriticalLineBound.lean:242:12: this tactic is never executed

Note: This linter can be disabled with `set_option linter.unreachableTactic false`
warning: ZhangLS/Spec/RiemannZetaCriticalLineBound.lean:219:41: Used `tac1 <;> tac2` where `(tac1; tac2)` would suffice

Note: This linter can be disabled with `set_option linter.unnecessarySeqFocus false`
warning: ZhangLS/Spec/RiemannZetaCriticalLineBound.lean:303:8: 'ring' tactic does nothing

Note: This linter can be disabled with `set_option linter.unusedTactic false`
warning: ZhangLS/Spec/RiemannZetaCriticalLineBound.lean:303:8: this tactic is never executed

Note: This linter can be disabled with `set_option linter.unreachableTactic false`
warning: ZhangLS/Spec/RiemannZetaCriticalLineBound.lean:394:12: This simp argument is unused:
  norm_div

Hint: Omit it from the simp argument list.
  simp ̵[̵n̵o̵r̵m̵_̵d̵i̵v̵]̵

Note: This linter can be disabled with `set_option linter.unusedSimpArgs false`
warning: ZhangLS/Spec/RiemannZetaCriticalLineBound.lean:475:75: This simp argument is unused:
  norm_div

Hint: Omit it from the simp argument list.
  simp ̵[̵n̵o̵r̵m̵_̵d̵i̵v̵]̵

Note: This linter can be disabled with `set_option linter.unusedSimpArgs false`
⚠ [3500/3697] Replayed ZhangLS.Spec.Lemma57CriticalStripGrowth
warning: ZhangLS/Spec/Lemma57CriticalStripGrowth.lean:270:14: This simp argument is unused:
  norm_div

Hint: Omit it from the simp argument list.
  simp ̵[̵n̵o̵r̵m̵_̵d̵i̵v̵]̵

Note: This linter can be disabled with `set_option linter.unusedSimpArgs false`
⚠ [3507/3697] Replayed ZhangLS.Spec.Lemma23DirichletConjugation
warning: ZhangLS/Spec/Lemma23DirichletConjugation.lean:23:0: automatically included section variable(s) unused in theorem `ZhangLS.Spec.dirichletLSeries_inv_eq_conj_at_conj`:
  [NeZero N]
consider restructuring your `variable` declarations so that the variables are not in scope or explicitly omit them:
  omit [NeZero N] in theorem ...

Note: This linter can be disabled with `set_option linter.unusedSectionVars false`
⚠ [3509/3697] Replayed ZhangLS.Spec.Lemma23PrimitiveGaussSum
warning: ZhangLS/Spec/Lemma23PrimitiveGaussSum.lean:42:19: Used `tac1 <;> tac2` where `(tac1; tac2)` would suffice

Note: This linter can be disabled with `set_option linter.unnecessarySeqFocus false`
⚠ [3510/3697] Replayed ZhangLS.Spec.Lemma23DirichletUnitModulus
warning: ZhangLS/Spec/Lemma23DirichletUnitModulus.lean:112:48: Used `tac1 <;> tac2` where `(tac1; tac2)` would suffice

Note: This linter can be disabled with `set_option linter.unnecessarySeqFocus false`
⚠ [3647/3697] Replayed ZhangLS.Spec.Lemma44ProductMellin
warning: ZhangLS/Spec/Lemma44ProductMellin.lean:144:4: try 'simp' instead of 'simpa'

Note: This linter can be disabled with `set_option linter.unnecessarySimpa false`
⚠ [3651/3697] Replayed ZhangLS.Spec.Lemma44RightMellinApproximation
warning: ZhangLS/Spec/Lemma44RightMellinApproximation.lean:37:4: try 'simp' instead of 'simpa'

Note: This linter can be disabled with `set_option linter.unnecessarySimpa false`
⚠ [3655/3697] Replayed ZhangLS.Spec.Lemma44ReflectedLongSum
warning: ZhangLS/Spec/Lemma44ReflectedLongSum.lean:81:64: Used `tac1 <;> tac2` where `(tac1; tac2)` would suffice

Note: This linter can be disabled with `set_option linter.unnecessarySeqFocus false`
⚠ [3658/3697] Replayed ZhangLS.Spec.Lemma44InitialLeftEstimates
warning: ZhangLS/Spec/Lemma44InitialLeftEstimates.lean:68:23: Used `tac1 <;> tac2` where `(tac1; tac2)` would suffice

Note: This linter can be disabled with `set_option linter.unnecessarySeqFocus false`
⚠ [3661/3697] Replayed ZhangLS.Spec.Lemma44ComplexCharacterAbel
warning: ZhangLS/Spec/Lemma44ComplexCharacterAbel.lean:73:56: unused variable `hD`

Note: This linter can be disabled with `set_option linter.unusedVariables false`
⚠ [3662/3697] Replayed ZhangLS.Spec.Lemma44HorizontalGrowth
warning: ZhangLS/Spec/Lemma44HorizontalGrowth.lean:147:6: 'push_cast' tactic does nothing

Note: This linter can be disabled with `set_option linter.unusedTactic false`
⚠ [3664/3697] Replayed ZhangLS.Spec.Lemma44GaussianVerticalTail
info: ZhangLS/Spec/Lemma44GaussianVerticalTail.lean:41:4: Try this:
  [apply] ring_nf
  
  The `ring` tactic failed to close the goal. Use `ring_nf` to obtain a normal form.
    
  Note that `ring` works primarily in *commutative* rings. If you have a noncommutative ring, abelian group or module, consider using `noncomm_ring`, `abel` or `module` instead.
info: ZhangLS/Spec/Lemma44GaussianVerticalTail.lean:57:16: Try this:
  [apply] ring_nf
  
  The `ring` tactic failed to close the goal. Use `ring_nf` to obtain a normal form.
    
  Note that `ring` works primarily in *commutative* rings. If you have a noncommutative ring, abelian group or module, consider using `noncomm_ring`, `abel` or `module` instead.
warning: ZhangLS/Spec/Lemma44GaussianVerticalTail.lean:57:12: Used `tac1 <;> tac2` where `(tac1; tac2)` would suffice

Note: This linter can be disabled with `set_option linter.unnecessarySeqFocus false`
warning: ZhangLS/Spec/Lemma44GaussianVerticalTail.lean:68:22: Used `tac1 <;> tac2` where `(tac1; tac2)` would suffice

Note: This linter can be disabled with `set_option linter.unnecessarySeqFocus false`
info: ZhangLS/Spec/Lemma44GaussianVerticalTail.lean:153:35: Try this:
  [apply] ring_nf
  
  The `ring` tactic failed to close the goal. Use `ring_nf` to obtain a normal form.
    
  Note that `ring` works primarily in *commutative* rings. If you have a noncommutative ring, abelian group or module, consider using `noncomm_ring`, `abel` or `module` instead.
⚠ [3665/3697] Replayed ZhangLS.Spec.Lemma44LocalRectangle
warning: ZhangLS/Spec/Lemma44LocalRectangle.lean:115:46: This simp argument is unused:
  zero_mul

Hint: Omit it from the simp argument list.
  simp only [mem_reProdIm, mem_Icc, sub_re, sub_im, ofReal_re, ofReal_im, mul_re, mul_im, I_re,
  ̲  ̲ ̲ ̲ ̲ ̲ ̲ ̲I_im, mul_zero, z̵e̵r̵o̵_̵m̵u̵l̵,̵ ̵mul_one, zero_add, sub_zero]

Note: This linter can be disabled with `set_option linter.unusedSimpArgs false`
warning: ZhangLS/Spec/Lemma44LocalRectangle.lean:115:65: This simp argument is unused:
  zero_add

Hint: Omit it from the simp argument list.
  simp only [mem_reProdIm, mem_Icc, sub_re, sub_im, ofReal_re, ofReal_im, mul_re, mul_im, I_re,
  ̲  ̲ ̲ ̲ ̲ ̲ ̲ ̲I_im, mul_zero, zero_mul, mul_one, z̵e̵r̵o̵_̵a̵d̵d̵,̵ ̵sub_zero]

Note: This linter can be disabled with `set_option linter.unusedSimpArgs false`
⚠ [3668/3697] Replayed ZhangLS.Spec.Lemma44HorizontalIntegrals
warning: ZhangLS/Spec/Lemma44HorizontalIntegrals.lean:18:5: unused variable `hK`

Note: This linter can be disabled with `set_option linter.unusedVariables false`
⚠ [3669/3697] Replayed ZhangLS.Spec.Lemma44ReflectedPolynomialContours
warning: ZhangLS/Spec/Lemma44ReflectedPolynomialContours.lean:152:64: This simp argument is unused:
  mul_left_comm

Hint: Omit it from the simp argument list.
  simp only [sub_eq_add_neg, add_comm, add_left_comm, mul_comm, mul_l̵e̵f̵t̵_̵c̵o̵m̵m̵,̵ ̵m̵u̵l̵_̵assoc] at hc ⊢

Note: This linter can be disabled with `set_option linter.unusedSimpArgs false`
warning: ZhangLS/Spec/Lemma44ReflectedPolynomialContours.lean:152:79: This simp argument is unused:
  mul_assoc

Hint: Omit it from the simp argument list.
  simp only [sub_eq_add_neg, add_comm, add_left_comm, mul_comm, mul_left_comm,̵ ̵m̵u̵l̵_̵a̵s̵s̵o̵c̵] at hc ⊢

Note: This linter can be disabled with `set_option linter.unusedSimpArgs false`
⚠ [3673/3697] Replayed ZhangLS.Spec.Lemma45Normalization
warning: ZhangLS/Spec/Lemma45Normalization.lean:90:8: 'ring' tactic does nothing

Note: This linter can be disabled with `set_option linter.unusedTactic false`
warning: ZhangLS/Spec/Lemma45Normalization.lean:90:8: this tactic is never executed

Note: This linter can be disabled with `set_option linter.unreachableTactic false`
⚠ [3696/3697] Replayed ZhangLS.Spec.Lemma46SingleZero
warning: ZhangLS/Spec/Lemma46SingleZero.lean:33:10: This simp argument is unused:
  mem_sphere

Hint: Omit it from the simp argument list.
  simp [m̵e̵m̵_̵s̵p̵h̵e̵r̵e̵,̵ ̵dist_zero_right, abs_of_pos hR]

Note: This linter can be disabled with `set_option linter.unusedSimpArgs false`
warning: ZhangLS/Spec/Lemma46SingleZero.lean:33:22: This simp argument is unused:
  dist_zero_right

Hint: Omit it from the simp argument list.
  simp [mem_sphere, d̵i̵s̵t̵_̵z̵e̵r̵o̵_̵r̵i̵g̵h̵t̵,̵ ̵abs_of_pos hR]

Note: This linter can be disabled with `set_option linter.unusedSimpArgs false`
⚠ [3697/3697] Replayed ZhangLS.Spec.Lemma46RoucheLocal
warning: ZhangLS/Spec/Lemma46RoucheLocal.lean:30:5: unused variable `hm`

Note: This linter can be disabled with `set_option linter.unusedVariables false`
Build completed successfully (3697 jobs).
ZhangLS/Spec/Lemma46RoucheLocal.lean:30:5: warning: unused variable `hm`

Note: This linter can be disabled with `set_option linter.unusedVariables false`
== kernel-check ZhangLS/Spec/Lemma46SingleZero.lean ==
⚠ [2698/2698] Replayed ZhangLS.Spec.Lemma46SingleZero
warning: ZhangLS/Spec/Lemma46SingleZero.lean:33:10: This simp argument is unused:
  mem_sphere

Hint: Omit it from the simp argument list.
  simp [m̵e̵m̵_̵s̵p̵h̵e̵r̵e̵,̵ ̵dist_zero_right, abs_of_pos hR]

Note: This linter can be disabled with `set_option linter.unusedSimpArgs false`
warning: ZhangLS/Spec/Lemma46SingleZero.lean:33:22: This simp argument is unused:
  dist_zero_right

Hint: Omit it from the simp argument list.
  simp [mem_sphere, d̵i̵s̵t̵_̵z̵e̵r̵o̵_̵r̵i̵g̵h̵t̵,̵ ̵abs_of_pos hR]

Note: This linter can be disabled with `set_option linter.unusedSimpArgs false`
Build completed successfully (2698 jobs).
ZhangLS/Spec/Lemma46SingleZero.lean:33:10: warning: This simp argument is unused:
  mem_sphere

Hint: Omit it from the simp argument list.
  simp [m̵e̵m̵_̵s̵p̵h̵e̵r̵e̵,̵ ̵dist_zero_right, abs_of_pos hR]

Note: This linter can be disabled with `set_option linter.unusedSimpArgs false`
ZhangLS/Spec/Lemma46SingleZero.lean:33:22: warning: This simp argument is unused:
  dist_zero_right

Hint: Omit it from the simp argument list.
  simp [mem_sphere, d̵i̵s̵t̵_̵z̵e̵r̵o̵_̵r̵i̵g̵h̵t̵,̵ ̵abs_of_pos hR]

Note: This linter can be disabled with `set_option linter.unusedSimpArgs false`
== kernel-check ZhangLS/Spec/Lemma46ZeroAnalysis.lean ==
⚠ [1279/1391] Replayed ZhangLS.Spec.RealDirichletCharacter
warning: ZhangLS/Spec/RealDirichletCharacter.lean:48:4: try 'simp' instead of 'simpa'

Note: This linter can be disabled with `set_option linter.unnecessarySimpa false`
⚠ [1280/1391] Replayed ZhangLS.Spec.Lemma44CharacterProduct
warning: ZhangLS/Spec/Lemma44CharacterProduct.lean:55:38: This simp argument is unused:
  mul_comm

Hint: Omit it from the simp argument list.
  simp [̵m̵u̵l̵_̵c̵o̵m̵m̵,̵ ̵m̵u̵l̵_̵l̵e̵f̵t̵_̵c̵o̵m̵m̵,̵[̲m̲u̲l̲_̲l̲e̲f̲t̲_̲c̲o̲m̲m̲,̲ mul_assoc]

Note: This linter can be disabled with `set_option linter.unusedSimpArgs false`
warning: ZhangLS/Spec/Lemma44CharacterProduct.lean:55:48: This simp argument is unused:
  mul_left_comm

Hint: Omit it from the simp argument list.
  simp [mul_comm, mul_l̵e̵f̵t̵_̵c̵o̵m̵m̵,̵ ̵m̵u̵l̵_̵assoc]

Note: This linter can be disabled with `set_option linter.unusedSimpArgs false`
⚠ [2474/2522] Replayed ZhangLS.Spec.Lemma23AnalyticLogBranch
warning: ZhangLS/Spec/Lemma23AnalyticLogBranch.lean:42:53: try 'simp' instead of 'simpa'

Note: This linter can be disabled with `set_option linter.unnecessarySimpa false`
warning: ZhangLS/Spec/Lemma23AnalyticLogBranch.lean:67:44: try 'simp' instead of 'simpa'

Note: This linter can be disabled with `set_option linter.unnecessarySimpa false`
⚠ [3462/3698] Replayed ZhangLS.Spec.RealAxisAtOne
warning: ZhangLS/Spec/RealAxisAtOne.lean:56:4: try 'simp' instead of 'simpa'

Note: This linter can be disabled with `set_option linter.unnecessarySimpa false`
⚠ [3464/3698] Replayed ZhangLS.Spec.Lemma57
warning: ZhangLS/Spec/Lemma57.lean:101:58: unused variable `hD`

Note: This linter can be disabled with `set_option linter.unusedVariables false`
warning: ZhangLS/Spec/Lemma57.lean:102:7: unused variable `hA`

Note: This linter can be disabled with `set_option linter.unusedVariables false`
⚠ [3465/3698] Replayed ZhangLS.Spec.Lemma57Arithmetic
warning: ZhangLS/Spec/Lemma57Arithmetic.lean:55:15: unused variable `hc_g`

Note: This linter can be disabled with `set_option linter.unusedVariables false`
⚠ [3470/3698] Replayed ZhangLS.Spec.Lemma57SmoothedSum
warning: ZhangLS/Spec/Lemma57SmoothedSum.lean:42:46: unused variable `hD`

Note: This linter can be disabled with `set_option linter.unusedVariables false`
⚠ [3479/3698] Replayed ZhangLS.Spec.Lemma57GaussianGlobal
warning: ZhangLS/Spec/Lemma57GaussianGlobal.lean:55:58: unused variable `ha`

Note: This linter can be disabled with `set_option linter.unusedVariables false`
warning: ZhangLS/Spec/Lemma57GaussianGlobal.lean:241:13: unused variable `hD`

Note: This linter can be disabled with `set_option linter.unusedVariables false`
warning: ZhangLS/Spec/Lemma57GaussianGlobal.lean:241:34: unused variable `hx`

Note: This linter can be disabled with `set_option linter.unusedVariables false`
⚠ [3480/3698] Replayed ZhangLS.Spec.Lemma57SmoothedSummability
warning: ZhangLS/Spec/Lemma57SmoothedSummability.lean:20:52: unused variable `hn`

Note: This linter can be disabled with `set_option linter.unusedVariables false`
⚠ [3485/3698] Replayed ZhangLS.Spec.Lemma57GaussianMellinTransform
warning: ZhangLS/Spec/Lemma57GaussianMellinTransform.lean:67:63: Used `tac1 <;> tac2` where `(tac1; tac2)` would suffice

Note: This linter can be disabled with `set_option linter.unnecessarySeqFocus false`
warning: ZhangLS/Spec/Lemma57GaussianMellinTransform.lean:145:54: Used `tac1 <;> tac2` where `(tac1; tac2)` would suffice

Note: This linter can be disabled with `set_option linter.unnecessarySeqFocus false`
warning: ZhangLS/Spec/Lemma57GaussianMellinTransform.lean:326:4: Try `simp at hs` instead of `simpa using hs`

Note: This linter can be disabled with `set_option linter.unnecessarySimpa false`
⚠ [3499/3698] Replayed ZhangLS.Spec.RiemannZetaCriticalLineBound
warning: ZhangLS/Spec/RiemannZetaCriticalLineBound.lean:99:2: Used `tac1 <;> tac2` where `(tac1; tac2)` would suffice

Note: This linter can be disabled with `set_option linter.unnecessarySeqFocus false`
warning: ZhangLS/Spec/RiemannZetaCriticalLineBound.lean:124:13: unused variable `hs`

Note: This linter can be disabled with `set_option linter.unusedVariables false`
warning: ZhangLS/Spec/RiemannZetaCriticalLineBound.lean:152:6: unused variable `n`

Note: This linter can be disabled with `set_option linter.unusedVariables false`
warning: ZhangLS/Spec/RiemannZetaCriticalLineBound.lean:156:20: unused variable `k`

Note: This linter can be disabled with `set_option linter.unusedVariables false`
warning: ZhangLS/Spec/RiemannZetaCriticalLineBound.lean:161:8: This simp argument is unused:
  sum_one_Icc

Hint: Omit it from the simp argument list.
  simp ̵[̵s̵u̵m̵_̵o̵n̵e̵_̵I̵c̵c̵]̵

Note: This linter can be disabled with `set_option linter.unusedSimpArgs false`
warning: ZhangLS/Spec/RiemannZetaCriticalLineBound.lean:242:12: 'ring' tactic does nothing

Note: This linter can be disabled with `set_option linter.unusedTactic false`
warning: ZhangLS/Spec/RiemannZetaCriticalLineBound.lean:242:12: this tactic is never executed

Note: This linter can be disabled with `set_option linter.unreachableTactic false`
warning: ZhangLS/Spec/RiemannZetaCriticalLineBound.lean:219:41: Used `tac1 <;> tac2` where `(tac1; tac2)` would suffice

Note: This linter can be disabled with `set_option linter.unnecessarySeqFocus false`
warning: ZhangLS/Spec/RiemannZetaCriticalLineBound.lean:303:8: 'ring' tactic does nothing

Note: This linter can be disabled with `set_option linter.unusedTactic false`
warning: ZhangLS/Spec/RiemannZetaCriticalLineBound.lean:303:8: this tactic is never executed

Note: This linter can be disabled with `set_option linter.unreachableTactic false`
warning: ZhangLS/Spec/RiemannZetaCriticalLineBound.lean:394:12: This simp argument is unused:
  norm_div

Hint: Omit it from the simp argument list.
  simp ̵[̵n̵o̵r̵m̵_̵d̵i̵v̵]̵

Note: This linter can be disabled with `set_option linter.unusedSimpArgs false`
warning: ZhangLS/Spec/RiemannZetaCriticalLineBound.lean:475:75: This simp argument is unused:
  norm_div

Hint: Omit it from the simp argument list.
  simp ̵[̵n̵o̵r̵m̵_̵d̵i̵v̵]̵

Note: This linter can be disabled with `set_option linter.unusedSimpArgs false`
⚠ [3500/3698] Replayed ZhangLS.Spec.Lemma57CriticalStripGrowth
warning: ZhangLS/Spec/Lemma57CriticalStripGrowth.lean:270:14: This simp argument is unused:
  norm_div

Hint: Omit it from the simp argument list.
  simp ̵[̵n̵o̵r̵m̵_̵d̵i̵v̵]̵

Note: This linter can be disabled with `set_option linter.unusedSimpArgs false`
⚠ [3507/3698] Replayed ZhangLS.Spec.Lemma23DirichletConjugation
warning: ZhangLS/Spec/Lemma23DirichletConjugation.lean:23:0: automatically included section variable(s) unused in theorem `ZhangLS.Spec.dirichletLSeries_inv_eq_conj_at_conj`:
  [NeZero N]
consider restructuring your `variable` declarations so that the variables are not in scope or explicitly omit them:
  omit [NeZero N] in theorem ...

Note: This linter can be disabled with `set_option linter.unusedSectionVars false`
⚠ [3509/3698] Replayed ZhangLS.Spec.Lemma23PrimitiveGaussSum
warning: ZhangLS/Spec/Lemma23PrimitiveGaussSum.lean:42:19: Used `tac1 <;> tac2` where `(tac1; tac2)` would suffice

Note: This linter can be disabled with `set_option linter.unnecessarySeqFocus false`
⚠ [3510/3698] Replayed ZhangLS.Spec.Lemma23DirichletUnitModulus
warning: ZhangLS/Spec/Lemma23DirichletUnitModulus.lean:112:48: Used `tac1 <;> tac2` where `(tac1; tac2)` would suffice

Note: This linter can be disabled with `set_option linter.unnecessarySeqFocus false`
⚠ [3647/3698] Replayed ZhangLS.Spec.Lemma44ProductMellin
warning: ZhangLS/Spec/Lemma44ProductMellin.lean:144:4: try 'simp' instead of 'simpa'

Note: This linter can be disabled with `set_option linter.unnecessarySimpa false`
⚠ [3651/3698] Replayed ZhangLS.Spec.Lemma44RightMellinApproximation
warning: ZhangLS/Spec/Lemma44RightMellinApproximation.lean:37:4: try 'simp' instead of 'simpa'

Note: This linter can be disabled with `set_option linter.unnecessarySimpa false`
⚠ [3655/3698] Replayed ZhangLS.Spec.Lemma44ReflectedLongSum
warning: ZhangLS/Spec/Lemma44ReflectedLongSum.lean:81:64: Used `tac1 <;> tac2` where `(tac1; tac2)` would suffice

Note: This linter can be disabled with `set_option linter.unnecessarySeqFocus false`
⚠ [3658/3698] Replayed ZhangLS.Spec.Lemma44InitialLeftEstimates
warning: ZhangLS/Spec/Lemma44InitialLeftEstimates.lean:68:23: Used `tac1 <;> tac2` where `(tac1; tac2)` would suffice

Note: This linter can be disabled with `set_option linter.unnecessarySeqFocus false`
⚠ [3661/3698] Replayed ZhangLS.Spec.Lemma44ComplexCharacterAbel
warning: ZhangLS/Spec/Lemma44ComplexCharacterAbel.lean:73:56: unused variable `hD`

Note: This linter can be disabled with `set_option linter.unusedVariables false`
⚠ [3662/3698] Replayed ZhangLS.Spec.Lemma44HorizontalGrowth
warning: ZhangLS/Spec/Lemma44HorizontalGrowth.lean:147:6: 'push_cast' tactic does nothing

Note: This linter can be disabled with `set_option linter.unusedTactic false`
⚠ [3664/3698] Replayed ZhangLS.Spec.Lemma44GaussianVerticalTail
info: ZhangLS/Spec/Lemma44GaussianVerticalTail.lean:41:4: Try this:
  [apply] ring_nf
  
  The `ring` tactic failed to close the goal. Use `ring_nf` to obtain a normal form.
    
  Note that `ring` works primarily in *commutative* rings. If you have a noncommutative ring, abelian group or module, consider using `noncomm_ring`, `abel` or `module` instead.
info: ZhangLS/Spec/Lemma44GaussianVerticalTail.lean:57:16: Try this:
  [apply] ring_nf
  
  The `ring` tactic failed to close the goal. Use `ring_nf` to obtain a normal form.
    
  Note that `ring` works primarily in *commutative* rings. If you have a noncommutative ring, abelian group or module, consider using `noncomm_ring`, `abel` or `module` instead.
warning: ZhangLS/Spec/Lemma44GaussianVerticalTail.lean:57:12: Used `tac1 <;> tac2` where `(tac1; tac2)` would suffice

Note: This linter can be disabled with `set_option linter.unnecessarySeqFocus false`
warning: ZhangLS/Spec/Lemma44GaussianVerticalTail.lean:68:22: Used `tac1 <;> tac2` where `(tac1; tac2)` would suffice

Note: This linter can be disabled with `set_option linter.unnecessarySeqFocus false`
info: ZhangLS/Spec/Lemma44GaussianVerticalTail.lean:153:35: Try this:
  [apply] ring_nf
  
  The `ring` tactic failed to close the goal. Use `ring_nf` to obtain a normal form.
    
  Note that `ring` works primarily in *commutative* rings. If you have a noncommutative ring, abelian group or module, consider using `noncomm_ring`, `abel` or `module` instead.
⚠ [3665/3698] Replayed ZhangLS.Spec.Lemma44LocalRectangle
warning: ZhangLS/Spec/Lemma44LocalRectangle.lean:115:46: This simp argument is unused:
  zero_mul

Hint: Omit it from the simp argument list.
  simp only [mem_reProdIm, mem_Icc, sub_re, sub_im, ofReal_re, ofReal_im, mul_re, mul_im, I_re,
  ̲  ̲ ̲ ̲ ̲ ̲ ̲ ̲I_im, mul_zero, z̵e̵r̵o̵_̵m̵u̵l̵,̵ ̵mul_one, zero_add, sub_zero]

Note: This linter can be disabled with `set_option linter.unusedSimpArgs false`
warning: ZhangLS/Spec/Lemma44LocalRectangle.lean:115:65: This simp argument is unused:
  zero_add

Hint: Omit it from the simp argument list.
  simp only [mem_reProdIm, mem_Icc, sub_re, sub_im, ofReal_re, ofReal_im, mul_re, mul_im, I_re,
  ̲  ̲ ̲ ̲ ̲ ̲ ̲ ̲I_im, mul_zero, zero_mul, mul_one, z̵e̵r̵o̵_̵a̵d̵d̵,̵ ̵sub_zero]

Note: This linter can be disabled with `set_option linter.unusedSimpArgs false`
⚠ [3668/3698] Replayed ZhangLS.Spec.Lemma44HorizontalIntegrals
warning: ZhangLS/Spec/Lemma44HorizontalIntegrals.lean:18:5: unused variable `hK`

Note: This linter can be disabled with `set_option linter.unusedVariables false`
⚠ [3669/3698] Replayed ZhangLS.Spec.Lemma44ReflectedPolynomialContours
warning: ZhangLS/Spec/Lemma44ReflectedPolynomialContours.lean:152:64: This simp argument is unused:
  mul_left_comm

Hint: Omit it from the simp argument list.
  simp only [sub_eq_add_neg, add_comm, add_left_comm, mul_comm, mul_l̵e̵f̵t̵_̵c̵o̵m̵m̵,̵ ̵m̵u̵l̵_̵assoc] at hc ⊢

Note: This linter can be disabled with `set_option linter.unusedSimpArgs false`
warning: ZhangLS/Spec/Lemma44ReflectedPolynomialContours.lean:152:79: This simp argument is unused:
  mul_assoc

Hint: Omit it from the simp argument list.
  simp only [sub_eq_add_neg, add_comm, add_left_comm, mul_comm, mul_left_comm,̵ ̵m̵u̵l̵_̵a̵s̵s̵o̵c̵] at hc ⊢

Note: This linter can be disabled with `set_option linter.unusedSimpArgs false`
⚠ [3673/3698] Replayed ZhangLS.Spec.Lemma45Normalization
warning: ZhangLS/Spec/Lemma45Normalization.lean:90:8: 'ring' tactic does nothing

Note: This linter can be disabled with `set_option linter.unusedTactic false`
warning: ZhangLS/Spec/Lemma45Normalization.lean:90:8: this tactic is never executed

Note: This linter can be disabled with `set_option linter.unreachableTactic false`
⚠ [3696/3698] Replayed ZhangLS.Spec.Lemma46SingleZero
warning: ZhangLS/Spec/Lemma46SingleZero.lean:33:10: This simp argument is unused:
  mem_sphere

Hint: Omit it from the simp argument list.
  simp [m̵e̵m̵_̵s̵p̵h̵e̵r̵e̵,̵ ̵dist_zero_right, abs_of_pos hR]

Note: This linter can be disabled with `set_option linter.unusedSimpArgs false`
warning: ZhangLS/Spec/Lemma46SingleZero.lean:33:22: This simp argument is unused:
  dist_zero_right

Hint: Omit it from the simp argument list.
  simp [mem_sphere, d̵i̵s̵t̵_̵z̵e̵r̵o̵_̵r̵i̵g̵h̵t̵,̵ ̵abs_of_pos hR]

Note: This linter can be disabled with `set_option linter.unusedSimpArgs false`
⚠ [3697/3698] Replayed ZhangLS.Spec.Lemma46RoucheLocal
warning: ZhangLS/Spec/Lemma46RoucheLocal.lean:30:5: unused variable `hm`

Note: This linter can be disabled with `set_option linter.unusedVariables false`
⚠ [3698/3698] Replayed ZhangLS.Spec.Lemma46ZeroAnalysis
warning: ZhangLS/Spec/Lemma46ZeroAnalysis.lean:108:39: Used `tac1 <;> tac2` where `(tac1; tac2)` would suffice

Note: This linter can be disabled with `set_option linter.unnecessarySeqFocus false`
warning: ZhangLS/Spec/Lemma46ZeroAnalysis.lean:132:54: unused variable `hc`

Note: This linter can be disabled with `set_option linter.unusedVariables false`
Build completed successfully (3698 jobs).
ZhangLS/Spec/Lemma46ZeroAnalysis.lean:108:39: warning: Used `tac1 <;> tac2` where `(tac1; tac2)` would suffice

Note: This linter can be disabled with `set_option linter.unnecessarySeqFocus false`
ZhangLS/Spec/Lemma46ZeroAnalysis.lean:132:54: warning: unused variable `hc`

Note: This linter can be disabled with `set_option linter.unusedVariables false`
== kernel-check ZhangLS/Spec/Lemma47ModelApproximation.lean ==
⚠ [1279/1368] Replayed ZhangLS.Spec.RealDirichletCharacter
warning: ZhangLS/Spec/RealDirichletCharacter.lean:48:4: try 'simp' instead of 'simpa'

Note: This linter can be disabled with `set_option linter.unnecessarySimpa false`
⚠ [1280/1368] Replayed ZhangLS.Spec.Lemma44CharacterProduct
warning: ZhangLS/Spec/Lemma44CharacterProduct.lean:55:38: This simp argument is unused:
  mul_comm

Hint: Omit it from the simp argument list.
  simp [̵m̵u̵l̵_̵c̵o̵m̵m̵,̵ ̵m̵u̵l̵_̵l̵e̵f̵t̵_̵c̵o̵m̵m̵,̵[̲m̲u̲l̲_̲l̲e̲f̲t̲_̲c̲o̲m̲m̲,̲ mul_assoc]

Note: This linter can be disabled with `set_option linter.unusedSimpArgs false`
warning: ZhangLS/Spec/Lemma44CharacterProduct.lean:55:48: This simp argument is unused:
  mul_left_comm

Hint: Omit it from the simp argument list.
  simp [mul_comm, mul_l̵e̵f̵t̵_̵c̵o̵m̵m̵,̵ ̵m̵u̵l̵_̵assoc]

Note: This linter can be disabled with `set_option linter.unusedSimpArgs false`
⚠ [2474/2590] Replayed ZhangLS.Spec.Lemma23AnalyticLogBranch
warning: ZhangLS/Spec/Lemma23AnalyticLogBranch.lean:42:53: try 'simp' instead of 'simpa'

Note: This linter can be disabled with `set_option linter.unnecessarySimpa false`
warning: ZhangLS/Spec/Lemma23AnalyticLogBranch.lean:67:44: try 'simp' instead of 'simpa'

Note: This linter can be disabled with `set_option linter.unnecessarySimpa false`
⚠ [3462/3701] Replayed ZhangLS.Spec.RealAxisAtOne
warning: ZhangLS/Spec/RealAxisAtOne.lean:56:4: try 'simp' instead of 'simpa'

Note: This linter can be disabled with `set_option linter.unnecessarySimpa false`
⚠ [3464/3701] Replayed ZhangLS.Spec.Lemma57
warning: ZhangLS/Spec/Lemma57.lean:101:58: unused variable `hD`

Note: This linter can be disabled with `set_option linter.unusedVariables false`
warning: ZhangLS/Spec/Lemma57.lean:102:7: unused variable `hA`

Note: This linter can be disabled with `set_option linter.unusedVariables false`
⚠ [3465/3701] Replayed ZhangLS.Spec.Lemma57Arithmetic
warning: ZhangLS/Spec/Lemma57Arithmetic.lean:55:15: unused variable `hc_g`

Note: This linter can be disabled with `set_option linter.unusedVariables false`
⚠ [3470/3701] Replayed ZhangLS.Spec.Lemma57SmoothedSum
warning: ZhangLS/Spec/Lemma57SmoothedSum.lean:42:46: unused variable `hD`

Note: This linter can be disabled with `set_option linter.unusedVariables false`
⚠ [3479/3701] Replayed ZhangLS.Spec.Lemma57GaussianGlobal
warning: ZhangLS/Spec/Lemma57GaussianGlobal.lean:55:58: unused variable `ha`

Note: This linter can be disabled with `set_option linter.unusedVariables false`
warning: ZhangLS/Spec/Lemma57GaussianGlobal.lean:241:13: unused variable `hD`

Note: This linter can be disabled with `set_option linter.unusedVariables false`
warning: ZhangLS/Spec/Lemma57GaussianGlobal.lean:241:34: unused variable `hx`

Note: This linter can be disabled with `set_option linter.unusedVariables false`
⚠ [3480/3701] Replayed ZhangLS.Spec.Lemma57SmoothedSummability
warning: ZhangLS/Spec/Lemma57SmoothedSummability.lean:20:52: unused variable `hn`

Note: This linter can be disabled with `set_option linter.unusedVariables false`
⚠ [3485/3701] Replayed ZhangLS.Spec.Lemma57GaussianMellinTransform
warning: ZhangLS/Spec/Lemma57GaussianMellinTransform.lean:67:63: Used `tac1 <;> tac2` where `(tac1; tac2)` would suffice

Note: This linter can be disabled with `set_option linter.unnecessarySeqFocus false`
warning: ZhangLS/Spec/Lemma57GaussianMellinTransform.lean:145:54: Used `tac1 <;> tac2` where `(tac1; tac2)` would suffice

Note: This linter can be disabled with `set_option linter.unnecessarySeqFocus false`
warning: ZhangLS/Spec/Lemma57GaussianMellinTransform.lean:326:4: Try `simp at hs` instead of `simpa using hs`

Note: This linter can be disabled with `set_option linter.unnecessarySimpa false`
⚠ [3499/3701] Replayed ZhangLS.Spec.RiemannZetaCriticalLineBound
warning: ZhangLS/Spec/RiemannZetaCriticalLineBound.lean:99:2: Used `tac1 <;> tac2` where `(tac1; tac2)` would suffice

Note: This linter can be disabled with `set_option linter.unnecessarySeqFocus false`
warning: ZhangLS/Spec/RiemannZetaCriticalLineBound.lean:124:13: unused variable `hs`

Note: This linter can be disabled with `set_option linter.unusedVariables false`
warning: ZhangLS/Spec/RiemannZetaCriticalLineBound.lean:152:6: unused variable `n`

Note: This linter can be disabled with `set_option linter.unusedVariables false`
warning: ZhangLS/Spec/RiemannZetaCriticalLineBound.lean:156:20: unused variable `k`

Note: This linter can be disabled with `set_option linter.unusedVariables false`
warning: ZhangLS/Spec/RiemannZetaCriticalLineBound.lean:161:8: This simp argument is unused:
  sum_one_Icc

Hint: Omit it from the simp argument list.
  simp ̵[̵s̵u̵m̵_̵o̵n̵e̵_̵I̵c̵c̵]̵

Note: This linter can be disabled with `set_option linter.unusedSimpArgs false`
warning: ZhangLS/Spec/RiemannZetaCriticalLineBound.lean:242:12: 'ring' tactic does nothing

Note: This linter can be disabled with `set_option linter.unusedTactic false`
warning: ZhangLS/Spec/RiemannZetaCriticalLineBound.lean:242:12: this tactic is never executed

Note: This linter can be disabled with `set_option linter.unreachableTactic false`
warning: ZhangLS/Spec/RiemannZetaCriticalLineBound.lean:219:41: Used `tac1 <;> tac2` where `(tac1; tac2)` would suffice

Note: This linter can be disabled with `set_option linter.unnecessarySeqFocus false`
warning: ZhangLS/Spec/RiemannZetaCriticalLineBound.lean:303:8: 'ring' tactic does nothing

Note: This linter can be disabled with `set_option linter.unusedTactic false`
warning: ZhangLS/Spec/RiemannZetaCriticalLineBound.lean:303:8: this tactic is never executed

Note: This linter can be disabled with `set_option linter.unreachableTactic false`
warning: ZhangLS/Spec/RiemannZetaCriticalLineBound.lean:394:12: This simp argument is unused:
  norm_div

Hint: Omit it from the simp argument list.
  simp ̵[̵n̵o̵r̵m̵_̵d̵i̵v̵]̵

Note: This linter can be disabled with `set_option linter.unusedSimpArgs false`
warning: ZhangLS/Spec/RiemannZetaCriticalLineBound.lean:475:75: This simp argument is unused:
  norm_div

Hint: Omit it from the simp argument list.
  simp ̵[̵n̵o̵r̵m̵_̵d̵i̵v̵]̵

Note: This linter can be disabled with `set_option linter.unusedSimpArgs false`
⚠ [3500/3701] Replayed ZhangLS.Spec.Lemma57CriticalStripGrowth
warning: ZhangLS/Spec/Lemma57CriticalStripGrowth.lean:270:14: This simp argument is unused:
  norm_div

Hint: Omit it from the simp argument list.
  simp ̵[̵n̵o̵r̵m̵_̵d̵i̵v̵]̵

Note: This linter can be disabled with `set_option linter.unusedSimpArgs false`
⚠ [3507/3701] Replayed ZhangLS.Spec.Lemma23DirichletConjugation
warning: ZhangLS/Spec/Lemma23DirichletConjugation.lean:23:0: automatically included section variable(s) unused in theorem `ZhangLS.Spec.dirichletLSeries_inv_eq_conj_at_conj`:
  [NeZero N]
consider restructuring your `variable` declarations so that the variables are not in scope or explicitly omit them:
  omit [NeZero N] in theorem ...

Note: This linter can be disabled with `set_option linter.unusedSectionVars false`
⚠ [3509/3701] Replayed ZhangLS.Spec.Lemma23PrimitiveGaussSum
warning: ZhangLS/Spec/Lemma23PrimitiveGaussSum.lean:42:19: Used `tac1 <;> tac2` where `(tac1; tac2)` would suffice

Note: This linter can be disabled with `set_option linter.unnecessarySeqFocus false`
⚠ [3510/3701] Replayed ZhangLS.Spec.Lemma23DirichletUnitModulus
warning: ZhangLS/Spec/Lemma23DirichletUnitModulus.lean:112:48: Used `tac1 <;> tac2` where `(tac1; tac2)` would suffice

Note: This linter can be disabled with `set_option linter.unnecessarySeqFocus false`
⚠ [3647/3701] Replayed ZhangLS.Spec.Lemma44ProductMellin
warning: ZhangLS/Spec/Lemma44ProductMellin.lean:144:4: try 'simp' instead of 'simpa'

Note: This linter can be disabled with `set_option linter.unnecessarySimpa false`
⚠ [3651/3701] Replayed ZhangLS.Spec.Lemma44RightMellinApproximation
warning: ZhangLS/Spec/Lemma44RightMellinApproximation.lean:37:4: try 'simp' instead of 'simpa'

Note: This linter can be disabled with `set_option linter.unnecessarySimpa false`
⚠ [3655/3701] Replayed ZhangLS.Spec.Lemma44ReflectedLongSum
warning: ZhangLS/Spec/Lemma44ReflectedLongSum.lean:81:64: Used `tac1 <;> tac2` where `(tac1; tac2)` would suffice

Note: This linter can be disabled with `set_option linter.unnecessarySeqFocus false`
⚠ [3658/3701] Replayed ZhangLS.Spec.Lemma44InitialLeftEstimates
warning: ZhangLS/Spec/Lemma44InitialLeftEstimates.lean:68:23: Used `tac1 <;> tac2` where `(tac1; tac2)` would suffice

Note: This linter can be disabled with `set_option linter.unnecessarySeqFocus false`
⚠ [3661/3701] Replayed ZhangLS.Spec.Lemma44ComplexCharacterAbel
warning: ZhangLS/Spec/Lemma44ComplexCharacterAbel.lean:73:56: unused variable `hD`

Note: This linter can be disabled with `set_option linter.unusedVariables false`
⚠ [3662/3701] Replayed ZhangLS.Spec.Lemma44HorizontalGrowth
warning: ZhangLS/Spec/Lemma44HorizontalGrowth.lean:147:6: 'push_cast' tactic does nothing

Note: This linter can be disabled with `set_option linter.unusedTactic false`
⚠ [3664/3701] Replayed ZhangLS.Spec.Lemma44GaussianVerticalTail
info: ZhangLS/Spec/Lemma44GaussianVerticalTail.lean:41:4: Try this:
  [apply] ring_nf
  
  The `ring` tactic failed to close the goal. Use `ring_nf` to obtain a normal form.
    
  Note that `ring` works primarily in *commutative* rings. If you have a noncommutative ring, abelian group or module, consider using `noncomm_ring`, `abel` or `module` instead.
info: ZhangLS/Spec/Lemma44GaussianVerticalTail.lean:57:16: Try this:
  [apply] ring_nf
  
  The `ring` tactic failed to close the goal. Use `ring_nf` to obtain a normal form.
    
  Note that `ring` works primarily in *commutative* rings. If you have a noncommutative ring, abelian group or module, consider using `noncomm_ring`, `abel` or `module` instead.
warning: ZhangLS/Spec/Lemma44GaussianVerticalTail.lean:57:12: Used `tac1 <;> tac2` where `(tac1; tac2)` would suffice

Note: This linter can be disabled with `set_option linter.unnecessarySeqFocus false`
warning: ZhangLS/Spec/Lemma44GaussianVerticalTail.lean:68:22: Used `tac1 <;> tac2` where `(tac1; tac2)` would suffice

Note: This linter can be disabled with `set_option linter.unnecessarySeqFocus false`
info: ZhangLS/Spec/Lemma44GaussianVerticalTail.lean:153:35: Try this:
  [apply] ring_nf
  
  The `ring` tactic failed to close the goal. Use `ring_nf` to obtain a normal form.
    
  Note that `ring` works primarily in *commutative* rings. If you have a noncommutative ring, abelian group or module, consider using `noncomm_ring`, `abel` or `module` instead.
⚠ [3665/3701] Replayed ZhangLS.Spec.Lemma44LocalRectangle
warning: ZhangLS/Spec/Lemma44LocalRectangle.lean:115:46: This simp argument is unused:
  zero_mul

Hint: Omit it from the simp argument list.
  simp only [mem_reProdIm, mem_Icc, sub_re, sub_im, ofReal_re, ofReal_im, mul_re, mul_im, I_re,
  ̲  ̲ ̲ ̲ ̲ ̲ ̲ ̲I_im, mul_zero, z̵e̵r̵o̵_̵m̵u̵l̵,̵ ̵mul_one, zero_add, sub_zero]

Note: This linter can be disabled with `set_option linter.unusedSimpArgs false`
warning: ZhangLS/Spec/Lemma44LocalRectangle.lean:115:65: This simp argument is unused:
  zero_add

Hint: Omit it from the simp argument list.
  simp only [mem_reProdIm, mem_Icc, sub_re, sub_im, ofReal_re, ofReal_im, mul_re, mul_im, I_re,
  ̲  ̲ ̲ ̲ ̲ ̲ ̲ ̲I_im, mul_zero, zero_mul, mul_one, z̵e̵r̵o̵_̵a̵d̵d̵,̵ ̵sub_zero]

Note: This linter can be disabled with `set_option linter.unusedSimpArgs false`
⚠ [3668/3701] Replayed ZhangLS.Spec.Lemma44HorizontalIntegrals
warning: ZhangLS/Spec/Lemma44HorizontalIntegrals.lean:18:5: unused variable `hK`

Note: This linter can be disabled with `set_option linter.unusedVariables false`
⚠ [3669/3701] Replayed ZhangLS.Spec.Lemma44ReflectedPolynomialContours
warning: ZhangLS/Spec/Lemma44ReflectedPolynomialContours.lean:152:64: This simp argument is unused:
  mul_left_comm

Hint: Omit it from the simp argument list.
  simp only [sub_eq_add_neg, add_comm, add_left_comm, mul_comm, mul_l̵e̵f̵t̵_̵c̵o̵m̵m̵,̵ ̵m̵u̵l̵_̵assoc] at hc ⊢

Note: This linter can be disabled with `set_option linter.unusedSimpArgs false`
warning: ZhangLS/Spec/Lemma44ReflectedPolynomialContours.lean:152:79: This simp argument is unused:
  mul_assoc

Hint: Omit it from the simp argument list.
  simp only [sub_eq_add_neg, add_comm, add_left_comm, mul_comm, mul_left_comm,̵ ̵m̵u̵l̵_̵a̵s̵s̵o̵c̵] at hc ⊢

Note: This linter can be disabled with `set_option linter.unusedSimpArgs false`
⚠ [3673/3701] Replayed ZhangLS.Spec.Lemma45Normalization
warning: ZhangLS/Spec/Lemma45Normalization.lean:90:8: 'ring' tactic does nothing

Note: This linter can be disabled with `set_option linter.unusedTactic false`
warning: ZhangLS/Spec/Lemma45Normalization.lean:90:8: this tactic is never executed

Note: This linter can be disabled with `set_option linter.unreachableTactic false`
⚠ [3696/3701] Replayed ZhangLS.Spec.Lemma46SingleZero
warning: ZhangLS/Spec/Lemma46SingleZero.lean:33:10: This simp argument is unused:
  mem_sphere

Hint: Omit it from the simp argument list.
  simp [m̵e̵m̵_̵s̵p̵h̵e̵r̵e̵,̵ ̵dist_zero_right, abs_of_pos hR]

Note: This linter can be disabled with `set_option linter.unusedSimpArgs false`
warning: ZhangLS/Spec/Lemma46SingleZero.lean:33:22: This simp argument is unused:
  dist_zero_right

Hint: Omit it from the simp argument list.
  simp [mem_sphere, d̵i̵s̵t̵_̵z̵e̵r̵o̵_̵r̵i̵g̵h̵t̵,̵ ̵abs_of_pos hR]

Note: This linter can be disabled with `set_option linter.unusedSimpArgs false`
⚠ [3697/3701] Replayed ZhangLS.Spec.Lemma46RoucheLocal
warning: ZhangLS/Spec/Lemma46RoucheLocal.lean:30:5: unused variable `hm`

Note: This linter can be disabled with `set_option linter.unusedVariables false`
⚠ [3698/3701] Replayed ZhangLS.Spec.Lemma46ZeroAnalysis
warning: ZhangLS/Spec/Lemma46ZeroAnalysis.lean:108:39: Used `tac1 <;> tac2` where `(tac1; tac2)` would suffice

Note: This linter can be disabled with `set_option linter.unnecessarySeqFocus false`
warning: ZhangLS/Spec/Lemma46ZeroAnalysis.lean:132:54: unused variable `hc`

Note: This linter can be disabled with `set_option linter.unusedVariables false`
Build completed successfully (3701 jobs).
== kernel-check ZhangLS/Spec/Lemma47ModelBoundary.lean ==
Build completed successfully (2700 jobs).
== kernel-check ZhangLS/Spec/Lemma47OuterGeometry.lean ==
⚠ [1279/1391] Replayed ZhangLS.Spec.RealDirichletCharacter
warning: ZhangLS/Spec/RealDirichletCharacter.lean:48:4: try 'simp' instead of 'simpa'

Note: This linter can be disabled with `set_option linter.unnecessarySimpa false`
⚠ [1280/1391] Replayed ZhangLS.Spec.Lemma44CharacterProduct
warning: ZhangLS/Spec/Lemma44CharacterProduct.lean:55:38: This simp argument is unused:
  mul_comm

Hint: Omit it from the simp argument list.
  simp [̵m̵u̵l̵_̵c̵o̵m̵m̵,̵ ̵m̵u̵l̵_̵l̵e̵f̵t̵_̵c̵o̵m̵m̵,̵[̲m̲u̲l̲_̲l̲e̲f̲t̲_̲c̲o̲m̲m̲,̲ mul_assoc]

Note: This linter can be disabled with `set_option linter.unusedSimpArgs false`
warning: ZhangLS/Spec/Lemma44CharacterProduct.lean:55:48: This simp argument is unused:
  mul_left_comm

Hint: Omit it from the simp argument list.
  simp [mul_comm, mul_l̵e̵f̵t̵_̵c̵o̵m̵m̵,̵ ̵m̵u̵l̵_̵assoc]

Note: This linter can be disabled with `set_option linter.unusedSimpArgs false`
⚠ [2474/2641] Replayed ZhangLS.Spec.Lemma23AnalyticLogBranch
warning: ZhangLS/Spec/Lemma23AnalyticLogBranch.lean:42:53: try 'simp' instead of 'simpa'

Note: This linter can be disabled with `set_option linter.unnecessarySimpa false`
warning: ZhangLS/Spec/Lemma23AnalyticLogBranch.lean:67:44: try 'simp' instead of 'simpa'

Note: This linter can be disabled with `set_option linter.unnecessarySimpa false`
⚠ [3462/3700] Replayed ZhangLS.Spec.RealAxisAtOne
warning: ZhangLS/Spec/RealAxisAtOne.lean:56:4: try 'simp' instead of 'simpa'

Note: This linter can be disabled with `set_option linter.unnecessarySimpa false`
⚠ [3464/3700] Replayed ZhangLS.Spec.Lemma57
warning: ZhangLS/Spec/Lemma57.lean:101:58: unused variable `hD`

Note: This linter can be disabled with `set_option linter.unusedVariables false`
warning: ZhangLS/Spec/Lemma57.lean:102:7: unused variable `hA`

Note: This linter can be disabled with `set_option linter.unusedVariables false`
⚠ [3465/3700] Replayed ZhangLS.Spec.Lemma57Arithmetic
warning: ZhangLS/Spec/Lemma57Arithmetic.lean:55:15: unused variable `hc_g`

Note: This linter can be disabled with `set_option linter.unusedVariables false`
⚠ [3470/3700] Replayed ZhangLS.Spec.Lemma57SmoothedSum
warning: ZhangLS/Spec/Lemma57SmoothedSum.lean:42:46: unused variable `hD`

Note: This linter can be disabled with `set_option linter.unusedVariables false`
⚠ [3479/3700] Replayed ZhangLS.Spec.Lemma57GaussianGlobal
warning: ZhangLS/Spec/Lemma57GaussianGlobal.lean:55:58: unused variable `ha`

Note: This linter can be disabled with `set_option linter.unusedVariables false`
warning: ZhangLS/Spec/Lemma57GaussianGlobal.lean:241:13: unused variable `hD`

Note: This linter can be disabled with `set_option linter.unusedVariables false`
warning: ZhangLS/Spec/Lemma57GaussianGlobal.lean:241:34: unused variable `hx`

Note: This linter can be disabled with `set_option linter.unusedVariables false`
⚠ [3480/3700] Replayed ZhangLS.Spec.Lemma57SmoothedSummability
warning: ZhangLS/Spec/Lemma57SmoothedSummability.lean:20:52: unused variable `hn`

Note: This linter can be disabled with `set_option linter.unusedVariables false`
⚠ [3485/3700] Replayed ZhangLS.Spec.Lemma57GaussianMellinTransform
warning: ZhangLS/Spec/Lemma57GaussianMellinTransform.lean:67:63: Used `tac1 <;> tac2` where `(tac1; tac2)` would suffice

Note: This linter can be disabled with `set_option linter.unnecessarySeqFocus false`
warning: ZhangLS/Spec/Lemma57GaussianMellinTransform.lean:145:54: Used `tac1 <;> tac2` where `(tac1; tac2)` would suffice

Note: This linter can be disabled with `set_option linter.unnecessarySeqFocus false`
warning: ZhangLS/Spec/Lemma57GaussianMellinTransform.lean:326:4: Try `simp at hs` instead of `simpa using hs`

Note: This linter can be disabled with `set_option linter.unnecessarySimpa false`
⚠ [3499/3700] Replayed ZhangLS.Spec.RiemannZetaCriticalLineBound
warning: ZhangLS/Spec/RiemannZetaCriticalLineBound.lean:99:2: Used `tac1 <;> tac2` where `(tac1; tac2)` would suffice

Note: This linter can be disabled with `set_option linter.unnecessarySeqFocus false`
warning: ZhangLS/Spec/RiemannZetaCriticalLineBound.lean:124:13: unused variable `hs`

Note: This linter can be disabled with `set_option linter.unusedVariables false`
warning: ZhangLS/Spec/RiemannZetaCriticalLineBound.lean:152:6: unused variable `n`

Note: This linter can be disabled with `set_option linter.unusedVariables false`
warning: ZhangLS/Spec/RiemannZetaCriticalLineBound.lean:156:20: unused variable `k`

Note: This linter can be disabled with `set_option linter.unusedVariables false`
warning: ZhangLS/Spec/RiemannZetaCriticalLineBound.lean:161:8: This simp argument is unused:
  sum_one_Icc

Hint: Omit it from the simp argument list.
  simp ̵[̵s̵u̵m̵_̵o̵n̵e̵_̵I̵c̵c̵]̵

Note: This linter can be disabled with `set_option linter.unusedSimpArgs false`
warning: ZhangLS/Spec/RiemannZetaCriticalLineBound.lean:242:12: 'ring' tactic does nothing

Note: This linter can be disabled with `set_option linter.unusedTactic false`
warning: ZhangLS/Spec/RiemannZetaCriticalLineBound.lean:242:12: this tactic is never executed

Note: This linter can be disabled with `set_option linter.unreachableTactic false`
warning: ZhangLS/Spec/RiemannZetaCriticalLineBound.lean:219:41: Used `tac1 <;> tac2` where `(tac1; tac2)` would suffice

Note: This linter can be disabled with `set_option linter.unnecessarySeqFocus false`
warning: ZhangLS/Spec/RiemannZetaCriticalLineBound.lean:303:8: 'ring' tactic does nothing

Note: This linter can be disabled with `set_option linter.unusedTactic false`
warning: ZhangLS/Spec/RiemannZetaCriticalLineBound.lean:303:8: this tactic is never executed

Note: This linter can be disabled with `set_option linter.unreachableTactic false`
warning: ZhangLS/Spec/RiemannZetaCriticalLineBound.lean:394:12: This simp argument is unused:
  norm_div

Hint: Omit it from the simp argument list.
  simp ̵[̵n̵o̵r̵m̵_̵d̵i̵v̵]̵

Note: This linter can be disabled with `set_option linter.unusedSimpArgs false`
warning: ZhangLS/Spec/RiemannZetaCriticalLineBound.lean:475:75: This simp argument is unused:
  norm_div

Hint: Omit it from the simp argument list.
  simp ̵[̵n̵o̵r̵m̵_̵d̵i̵v̵]̵

Note: This linter can be disabled with `set_option linter.unusedSimpArgs false`
⚠ [3500/3700] Replayed ZhangLS.Spec.Lemma57CriticalStripGrowth
warning: ZhangLS/Spec/Lemma57CriticalStripGrowth.lean:270:14: This simp argument is unused:
  norm_div

Hint: Omit it from the simp argument list.
  simp ̵[̵n̵o̵r̵m̵_̵d̵i̵v̵]̵

Note: This linter can be disabled with `set_option linter.unusedSimpArgs false`
⚠ [3507/3700] Replayed ZhangLS.Spec.Lemma23DirichletConjugation
warning: ZhangLS/Spec/Lemma23DirichletConjugation.lean:23:0: automatically included section variable(s) unused in theorem `ZhangLS.Spec.dirichletLSeries_inv_eq_conj_at_conj`:
  [NeZero N]
consider restructuring your `variable` declarations so that the variables are not in scope or explicitly omit them:
  omit [NeZero N] in theorem ...

Note: This linter can be disabled with `set_option linter.unusedSectionVars false`
⚠ [3509/3700] Replayed ZhangLS.Spec.Lemma23PrimitiveGaussSum
warning: ZhangLS/Spec/Lemma23PrimitiveGaussSum.lean:42:19: Used `tac1 <;> tac2` where `(tac1; tac2)` would suffice

Note: This linter can be disabled with `set_option linter.unnecessarySeqFocus false`
⚠ [3510/3700] Replayed ZhangLS.Spec.Lemma23DirichletUnitModulus
warning: ZhangLS/Spec/Lemma23DirichletUnitModulus.lean:112:48: Used `tac1 <;> tac2` where `(tac1; tac2)` would suffice

Note: This linter can be disabled with `set_option linter.unnecessarySeqFocus false`
⚠ [3647/3700] Replayed ZhangLS.Spec.Lemma44ProductMellin
warning: ZhangLS/Spec/Lemma44ProductMellin.lean:144:4: try 'simp' instead of 'simpa'

Note: This linter can be disabled with `set_option linter.unnecessarySimpa false`
⚠ [3651/3700] Replayed ZhangLS.Spec.Lemma44RightMellinApproximation
warning: ZhangLS/Spec/Lemma44RightMellinApproximation.lean:37:4: try 'simp' instead of 'simpa'

Note: This linter can be disabled with `set_option linter.unnecessarySimpa false`
⚠ [3655/3700] Replayed ZhangLS.Spec.Lemma44ReflectedLongSum
warning: ZhangLS/Spec/Lemma44ReflectedLongSum.lean:81:64: Used `tac1 <;> tac2` where `(tac1; tac2)` would suffice

Note: This linter can be disabled with `set_option linter.unnecessarySeqFocus false`
⚠ [3658/3700] Replayed ZhangLS.Spec.Lemma44InitialLeftEstimates
warning: ZhangLS/Spec/Lemma44InitialLeftEstimates.lean:68:23: Used `tac1 <;> tac2` where `(tac1; tac2)` would suffice

Note: This linter can be disabled with `set_option linter.unnecessarySeqFocus false`
⚠ [3661/3700] Replayed ZhangLS.Spec.Lemma44ComplexCharacterAbel
warning: ZhangLS/Spec/Lemma44ComplexCharacterAbel.lean:73:56: unused variable `hD`

Note: This linter can be disabled with `set_option linter.unusedVariables false`
⚠ [3662/3700] Replayed ZhangLS.Spec.Lemma44HorizontalGrowth
warning: ZhangLS/Spec/Lemma44HorizontalGrowth.lean:147:6: 'push_cast' tactic does nothing

Note: This linter can be disabled with `set_option linter.unusedTactic false`
⚠ [3664/3700] Replayed ZhangLS.Spec.Lemma44GaussianVerticalTail
info: ZhangLS/Spec/Lemma44GaussianVerticalTail.lean:41:4: Try this:
  [apply] ring_nf
  
  The `ring` tactic failed to close the goal. Use `ring_nf` to obtain a normal form.
    
  Note that `ring` works primarily in *commutative* rings. If you have a noncommutative ring, abelian group or module, consider using `noncomm_ring`, `abel` or `module` instead.
info: ZhangLS/Spec/Lemma44GaussianVerticalTail.lean:57:16: Try this:
  [apply] ring_nf
  
  The `ring` tactic failed to close the goal. Use `ring_nf` to obtain a normal form.
    
  Note that `ring` works primarily in *commutative* rings. If you have a noncommutative ring, abelian group or module, consider using `noncomm_ring`, `abel` or `module` instead.
warning: ZhangLS/Spec/Lemma44GaussianVerticalTail.lean:57:12: Used `tac1 <;> tac2` where `(tac1; tac2)` would suffice

Note: This linter can be disabled with `set_option linter.unnecessarySeqFocus false`
warning: ZhangLS/Spec/Lemma44GaussianVerticalTail.lean:68:22: Used `tac1 <;> tac2` where `(tac1; tac2)` would suffice

Note: This linter can be disabled with `set_option linter.unnecessarySeqFocus false`
info: ZhangLS/Spec/Lemma44GaussianVerticalTail.lean:153:35: Try this:
  [apply] ring_nf
  
  The `ring` tactic failed to close the goal. Use `ring_nf` to obtain a normal form.
    
  Note that `ring` works primarily in *commutative* rings. If you have a noncommutative ring, abelian group or module, consider using `noncomm_ring`, `abel` or `module` instead.
⚠ [3665/3700] Replayed ZhangLS.Spec.Lemma44LocalRectangle
warning: ZhangLS/Spec/Lemma44LocalRectangle.lean:115:46: This simp argument is unused:
  zero_mul

Hint: Omit it from the simp argument list.
  simp only [mem_reProdIm, mem_Icc, sub_re, sub_im, ofReal_re, ofReal_im, mul_re, mul_im, I_re,
  ̲  ̲ ̲ ̲ ̲ ̲ ̲ ̲I_im, mul_zero, z̵e̵r̵o̵_̵m̵u̵l̵,̵ ̵mul_one, zero_add, sub_zero]

Note: This linter can be disabled with `set_option linter.unusedSimpArgs false`
warning: ZhangLS/Spec/Lemma44LocalRectangle.lean:115:65: This simp argument is unused:
  zero_add

Hint: Omit it from the simp argument list.
  simp only [mem_reProdIm, mem_Icc, sub_re, sub_im, ofReal_re, ofReal_im, mul_re, mul_im, I_re,
  ̲  ̲ ̲ ̲ ̲ ̲ ̲ ̲I_im, mul_zero, zero_mul, mul_one, z̵e̵r̵o̵_̵a̵d̵d̵,̵ ̵sub_zero]

Note: This linter can be disabled with `set_option linter.unusedSimpArgs false`
⚠ [3668/3700] Replayed ZhangLS.Spec.Lemma44HorizontalIntegrals
warning: ZhangLS/Spec/Lemma44HorizontalIntegrals.lean:18:5: unused variable `hK`

Note: This linter can be disabled with `set_option linter.unusedVariables false`
⚠ [3669/3700] Replayed ZhangLS.Spec.Lemma44ReflectedPolynomialContours
warning: ZhangLS/Spec/Lemma44ReflectedPolynomialContours.lean:152:64: This simp argument is unused:
  mul_left_comm

Hint: Omit it from the simp argument list.
  simp only [sub_eq_add_neg, add_comm, add_left_comm, mul_comm, mul_l̵e̵f̵t̵_̵c̵o̵m̵m̵,̵ ̵m̵u̵l̵_̵assoc] at hc ⊢

Note: This linter can be disabled with `set_option linter.unusedSimpArgs false`
warning: ZhangLS/Spec/Lemma44ReflectedPolynomialContours.lean:152:79: This simp argument is unused:
  mul_assoc

Hint: Omit it from the simp argument list.
  simp only [sub_eq_add_neg, add_comm, add_left_comm, mul_comm, mul_left_comm,̵ ̵m̵u̵l̵_̵a̵s̵s̵o̵c̵] at hc ⊢

Note: This linter can be disabled with `set_option linter.unusedSimpArgs false`
⚠ [3673/3700] Replayed ZhangLS.Spec.Lemma45Normalization
warning: ZhangLS/Spec/Lemma45Normalization.lean:90:8: 'ring' tactic does nothing

Note: This linter can be disabled with `set_option linter.unusedTactic false`
warning: ZhangLS/Spec/Lemma45Normalization.lean:90:8: this tactic is never executed

Note: This linter can be disabled with `set_option linter.unreachableTactic false`
⚠ [3696/3700] Replayed ZhangLS.Spec.Lemma46SingleZero
warning: ZhangLS/Spec/Lemma46SingleZero.lean:33:10: This simp argument is unused:
  mem_sphere

Hint: Omit it from the simp argument list.
  simp [m̵e̵m̵_̵s̵p̵h̵e̵r̵e̵,̵ ̵dist_zero_right, abs_of_pos hR]

Note: This linter can be disabled with `set_option linter.unusedSimpArgs false`
warning: ZhangLS/Spec/Lemma46SingleZero.lean:33:22: This simp argument is unused:
  dist_zero_right

Hint: Omit it from the simp argument list.
  simp [mem_sphere, d̵i̵s̵t̵_̵z̵e̵r̵o̵_̵r̵i̵g̵h̵t̵,̵ ̵abs_of_pos hR]

Note: This linter can be disabled with `set_option linter.unusedSimpArgs false`
⚠ [3697/3700] Replayed ZhangLS.Spec.Lemma46RoucheLocal
warning: ZhangLS/Spec/Lemma46RoucheLocal.lean:30:5: unused variable `hm`

Note: This linter can be disabled with `set_option linter.unusedVariables false`
⚠ [3698/3700] Replayed ZhangLS.Spec.Lemma46ZeroAnalysis
warning: ZhangLS/Spec/Lemma46ZeroAnalysis.lean:108:39: Used `tac1 <;> tac2` where `(tac1; tac2)` would suffice

Note: This linter can be disabled with `set_option linter.unnecessarySeqFocus false`
warning: ZhangLS/Spec/Lemma46ZeroAnalysis.lean:132:54: unused variable `hc`

Note: This linter can be disabled with `set_option linter.unusedVariables false`
Build completed successfully (3700 jobs).
== kernel-check ZhangLS/Spec/Lemma47Reflection.lean ==
⚠ [1279/1419] Replayed ZhangLS.Spec.RealDirichletCharacter
warning: ZhangLS/Spec/RealDirichletCharacter.lean:48:4: try 'simp' instead of 'simpa'

Note: This linter can be disabled with `set_option linter.unnecessarySimpa false`
⚠ [1280/1419] Replayed ZhangLS.Spec.Lemma44CharacterProduct
warning: ZhangLS/Spec/Lemma44CharacterProduct.lean:55:38: This simp argument is unused:
  mul_comm

Hint: Omit it from the simp argument list.
  simp [̵m̵u̵l̵_̵c̵o̵m̵m̵,̵ ̵m̵u̵l̵_̵l̵e̵f̵t̵_̵c̵o̵m̵m̵,̵[̲m̲u̲l̲_̲l̲e̲f̲t̲_̲c̲o̲m̲m̲,̲ mul_assoc]

Note: This linter can be disabled with `set_option linter.unusedSimpArgs false`
warning: ZhangLS/Spec/Lemma44CharacterProduct.lean:55:48: This simp argument is unused:
  mul_left_comm

Hint: Omit it from the simp argument list.
  simp [mul_comm, mul_l̵e̵f̵t̵_̵c̵o̵m̵m̵,̵ ̵m̵u̵l̵_̵assoc]

Note: This linter can be disabled with `set_option linter.unusedSimpArgs false`
⚠ [2474/2723] Replayed ZhangLS.Spec.Lemma23AnalyticLogBranch
warning: ZhangLS/Spec/Lemma23AnalyticLogBranch.lean:42:53: try 'simp' instead of 'simpa'

Note: This linter can be disabled with `set_option linter.unnecessarySimpa false`
warning: ZhangLS/Spec/Lemma23AnalyticLogBranch.lean:67:44: try 'simp' instead of 'simpa'

Note: This linter can be disabled with `set_option linter.unnecessarySimpa false`
⚠ [3462/3699] Replayed ZhangLS.Spec.RealAxisAtOne
warning: ZhangLS/Spec/RealAxisAtOne.lean:56:4: try 'simp' instead of 'simpa'

Note: This linter can be disabled with `set_option linter.unnecessarySimpa false`
⚠ [3464/3699] Replayed ZhangLS.Spec.Lemma57
warning: ZhangLS/Spec/Lemma57.lean:101:58: unused variable `hD`

Note: This linter can be disabled with `set_option linter.unusedVariables false`
warning: ZhangLS/Spec/Lemma57.lean:102:7: unused variable `hA`

Note: This linter can be disabled with `set_option linter.unusedVariables false`
⚠ [3465/3699] Replayed ZhangLS.Spec.Lemma57Arithmetic
warning: ZhangLS/Spec/Lemma57Arithmetic.lean:55:15: unused variable `hc_g`

Note: This linter can be disabled with `set_option linter.unusedVariables false`
⚠ [3470/3699] Replayed ZhangLS.Spec.Lemma57SmoothedSum
warning: ZhangLS/Spec/Lemma57SmoothedSum.lean:42:46: unused variable `hD`

Note: This linter can be disabled with `set_option linter.unusedVariables false`
⚠ [3479/3699] Replayed ZhangLS.Spec.Lemma57GaussianGlobal
warning: ZhangLS/Spec/Lemma57GaussianGlobal.lean:55:58: unused variable `ha`

Note: This linter can be disabled with `set_option linter.unusedVariables false`
warning: ZhangLS/Spec/Lemma57GaussianGlobal.lean:241:13: unused variable `hD`

Note: This linter can be disabled with `set_option linter.unusedVariables false`
warning: ZhangLS/Spec/Lemma57GaussianGlobal.lean:241:34: unused variable `hx`

Note: This linter can be disabled with `set_option linter.unusedVariables false`
⚠ [3480/3699] Replayed ZhangLS.Spec.Lemma57SmoothedSummability
warning: ZhangLS/Spec/Lemma57SmoothedSummability.lean:20:52: unused variable `hn`

Note: This linter can be disabled with `set_option linter.unusedVariables false`
⚠ [3485/3699] Replayed ZhangLS.Spec.Lemma57GaussianMellinTransform
warning: ZhangLS/Spec/Lemma57GaussianMellinTransform.lean:67:63: Used `tac1 <;> tac2` where `(tac1; tac2)` would suffice

Note: This linter can be disabled with `set_option linter.unnecessarySeqFocus false`
warning: ZhangLS/Spec/Lemma57GaussianMellinTransform.lean:145:54: Used `tac1 <;> tac2` where `(tac1; tac2)` would suffice

Note: This linter can be disabled with `set_option linter.unnecessarySeqFocus false`
warning: ZhangLS/Spec/Lemma57GaussianMellinTransform.lean:326:4: Try `simp at hs` instead of `simpa using hs`

Note: This linter can be disabled with `set_option linter.unnecessarySimpa false`
⚠ [3499/3699] Replayed ZhangLS.Spec.RiemannZetaCriticalLineBound
warning: ZhangLS/Spec/RiemannZetaCriticalLineBound.lean:99:2: Used `tac1 <;> tac2` where `(tac1; tac2)` would suffice

Note: This linter can be disabled with `set_option linter.unnecessarySeqFocus false`
warning: ZhangLS/Spec/RiemannZetaCriticalLineBound.lean:124:13: unused variable `hs`

Note: This linter can be disabled with `set_option linter.unusedVariables false`
warning: ZhangLS/Spec/RiemannZetaCriticalLineBound.lean:152:6: unused variable `n`

Note: This linter can be disabled with `set_option linter.unusedVariables false`
warning: ZhangLS/Spec/RiemannZetaCriticalLineBound.lean:156:20: unused variable `k`

Note: This linter can be disabled with `set_option linter.unusedVariables false`
warning: ZhangLS/Spec/RiemannZetaCriticalLineBound.lean:161:8: This simp argument is unused:
  sum_one_Icc

Hint: Omit it from the simp argument list.
  simp ̵[̵s̵u̵m̵_̵o̵n̵e̵_̵I̵c̵c̵]̵

Note: This linter can be disabled with `set_option linter.unusedSimpArgs false`
warning: ZhangLS/Spec/RiemannZetaCriticalLineBound.lean:242:12: 'ring' tactic does nothing

Note: This linter can be disabled with `set_option linter.unusedTactic false`
warning: ZhangLS/Spec/RiemannZetaCriticalLineBound.lean:242:12: this tactic is never executed

Note: This linter can be disabled with `set_option linter.unreachableTactic false`
warning: ZhangLS/Spec/RiemannZetaCriticalLineBound.lean:219:41: Used `tac1 <;> tac2` where `(tac1; tac2)` would suffice

Note: This linter can be disabled with `set_option linter.unnecessarySeqFocus false`
warning: ZhangLS/Spec/RiemannZetaCriticalLineBound.lean:303:8: 'ring' tactic does nothing

Note: This linter can be disabled with `set_option linter.unusedTactic false`
warning: ZhangLS/Spec/RiemannZetaCriticalLineBound.lean:303:8: this tactic is never executed

Note: This linter can be disabled with `set_option linter.unreachableTactic false`
warning: ZhangLS/Spec/RiemannZetaCriticalLineBound.lean:394:12: This simp argument is unused:
  norm_div

Hint: Omit it from the simp argument list.
  simp ̵[̵n̵o̵r̵m̵_̵d̵i̵v̵]̵

Note: This linter can be disabled with `set_option linter.unusedSimpArgs false`
warning: ZhangLS/Spec/RiemannZetaCriticalLineBound.lean:475:75: This simp argument is unused:
  norm_div

Hint: Omit it from the simp argument list.
  simp ̵[̵n̵o̵r̵m̵_̵d̵i̵v̵]̵

Note: This linter can be disabled with `set_option linter.unusedSimpArgs false`
⚠ [3500/3699] Replayed ZhangLS.Spec.Lemma57CriticalStripGrowth
warning: ZhangLS/Spec/Lemma57CriticalStripGrowth.lean:270:14: This simp argument is unused:
  norm_div

Hint: Omit it from the simp argument list.
  simp ̵[̵n̵o̵r̵m̵_̵d̵i̵v̵]̵

Note: This linter can be disabled with `set_option linter.unusedSimpArgs false`
⚠ [3507/3699] Replayed ZhangLS.Spec.Lemma23DirichletConjugation
warning: ZhangLS/Spec/Lemma23DirichletConjugation.lean:23:0: automatically included section variable(s) unused in theorem `ZhangLS.Spec.dirichletLSeries_inv_eq_conj_at_conj`:
  [NeZero N]
consider restructuring your `variable` declarations so that the variables are not in scope or explicitly omit them:
  omit [NeZero N] in theorem ...

Note: This linter can be disabled with `set_option linter.unusedSectionVars false`
⚠ [3509/3699] Replayed ZhangLS.Spec.Lemma23PrimitiveGaussSum
warning: ZhangLS/Spec/Lemma23PrimitiveGaussSum.lean:42:19: Used `tac1 <;> tac2` where `(tac1; tac2)` would suffice

Note: This linter can be disabled with `set_option linter.unnecessarySeqFocus false`
⚠ [3510/3699] Replayed ZhangLS.Spec.Lemma23DirichletUnitModulus
warning: ZhangLS/Spec/Lemma23DirichletUnitModulus.lean:112:48: Used `tac1 <;> tac2` where `(tac1; tac2)` would suffice

Note: This linter can be disabled with `set_option linter.unnecessarySeqFocus false`
⚠ [3647/3699] Replayed ZhangLS.Spec.Lemma44ProductMellin
warning: ZhangLS/Spec/Lemma44ProductMellin.lean:144:4: try 'simp' instead of 'simpa'

Note: This linter can be disabled with `set_option linter.unnecessarySimpa false`
⚠ [3651/3699] Replayed ZhangLS.Spec.Lemma44RightMellinApproximation
warning: ZhangLS/Spec/Lemma44RightMellinApproximation.lean:37:4: try 'simp' instead of 'simpa'

Note: This linter can be disabled with `set_option linter.unnecessarySimpa false`
⚠ [3655/3699] Replayed ZhangLS.Spec.Lemma44ReflectedLongSum
warning: ZhangLS/Spec/Lemma44ReflectedLongSum.lean:81:64: Used `tac1 <;> tac2` where `(tac1; tac2)` would suffice

Note: This linter can be disabled with `set_option linter.unnecessarySeqFocus false`
⚠ [3658/3699] Replayed ZhangLS.Spec.Lemma44InitialLeftEstimates
warning: ZhangLS/Spec/Lemma44InitialLeftEstimates.lean:68:23: Used `tac1 <;> tac2` where `(tac1; tac2)` would suffice

Note: This linter can be disabled with `set_option linter.unnecessarySeqFocus false`
⚠ [3661/3699] Replayed ZhangLS.Spec.Lemma44ComplexCharacterAbel
warning: ZhangLS/Spec/Lemma44ComplexCharacterAbel.lean:73:56: unused variable `hD`

Note: This linter can be disabled with `set_option linter.unusedVariables false`
⚠ [3662/3699] Replayed ZhangLS.Spec.Lemma44HorizontalGrowth
warning: ZhangLS/Spec/Lemma44HorizontalGrowth.lean:147:6: 'push_cast' tactic does nothing

Note: This linter can be disabled with `set_option linter.unusedTactic false`
⚠ [3664/3699] Replayed ZhangLS.Spec.Lemma44GaussianVerticalTail
info: ZhangLS/Spec/Lemma44GaussianVerticalTail.lean:41:4: Try this:
  [apply] ring_nf
  
  The `ring` tactic failed to close the goal. Use `ring_nf` to obtain a normal form.
    
  Note that `ring` works primarily in *commutative* rings. If you have a noncommutative ring, abelian group or module, consider using `noncomm_ring`, `abel` or `module` instead.
info: ZhangLS/Spec/Lemma44GaussianVerticalTail.lean:57:16: Try this:
  [apply] ring_nf
  
  The `ring` tactic failed to close the goal. Use `ring_nf` to obtain a normal form.
    
  Note that `ring` works primarily in *commutative* rings. If you have a noncommutative ring, abelian group or module, consider using `noncomm_ring`, `abel` or `module` instead.
warning: ZhangLS/Spec/Lemma44GaussianVerticalTail.lean:57:12: Used `tac1 <;> tac2` where `(tac1; tac2)` would suffice

Note: This linter can be disabled with `set_option linter.unnecessarySeqFocus false`
warning: ZhangLS/Spec/Lemma44GaussianVerticalTail.lean:68:22: Used `tac1 <;> tac2` where `(tac1; tac2)` would suffice

Note: This linter can be disabled with `set_option linter.unnecessarySeqFocus false`
info: ZhangLS/Spec/Lemma44GaussianVerticalTail.lean:153:35: Try this:
  [apply] ring_nf
  
  The `ring` tactic failed to close the goal. Use `ring_nf` to obtain a normal form.
    
  Note that `ring` works primarily in *commutative* rings. If you have a noncommutative ring, abelian group or module, consider using `noncomm_ring`, `abel` or `module` instead.
⚠ [3665/3699] Replayed ZhangLS.Spec.Lemma44LocalRectangle
warning: ZhangLS/Spec/Lemma44LocalRectangle.lean:115:46: This simp argument is unused:
  zero_mul

Hint: Omit it from the simp argument list.
  simp only [mem_reProdIm, mem_Icc, sub_re, sub_im, ofReal_re, ofReal_im, mul_re, mul_im, I_re,
  ̲  ̲ ̲ ̲ ̲ ̲ ̲ ̲I_im, mul_zero, z̵e̵r̵o̵_̵m̵u̵l̵,̵ ̵mul_one, zero_add, sub_zero]

Note: This linter can be disabled with `set_option linter.unusedSimpArgs false`
warning: ZhangLS/Spec/Lemma44LocalRectangle.lean:115:65: This simp argument is unused:
  zero_add

Hint: Omit it from the simp argument list.
  simp only [mem_reProdIm, mem_Icc, sub_re, sub_im, ofReal_re, ofReal_im, mul_re, mul_im, I_re,
  ̲  ̲ ̲ ̲ ̲ ̲ ̲ ̲I_im, mul_zero, zero_mul, mul_one, z̵e̵r̵o̵_̵a̵d̵d̵,̵ ̵sub_zero]

Note: This linter can be disabled with `set_option linter.unusedSimpArgs false`
⚠ [3668/3699] Replayed ZhangLS.Spec.Lemma44HorizontalIntegrals
warning: ZhangLS/Spec/Lemma44HorizontalIntegrals.lean:18:5: unused variable `hK`

Note: This linter can be disabled with `set_option linter.unusedVariables false`
⚠ [3669/3699] Replayed ZhangLS.Spec.Lemma44ReflectedPolynomialContours
warning: ZhangLS/Spec/Lemma44ReflectedPolynomialContours.lean:152:64: This simp argument is unused:
  mul_left_comm

Hint: Omit it from the simp argument list.
  simp only [sub_eq_add_neg, add_comm, add_left_comm, mul_comm, mul_l̵e̵f̵t̵_̵c̵o̵m̵m̵,̵ ̵m̵u̵l̵_̵assoc] at hc ⊢

Note: This linter can be disabled with `set_option linter.unusedSimpArgs false`
warning: ZhangLS/Spec/Lemma44ReflectedPolynomialContours.lean:152:79: This simp argument is unused:
  mul_assoc

Hint: Omit it from the simp argument list.
  simp only [sub_eq_add_neg, add_comm, add_left_comm, mul_comm, mul_left_comm,̵ ̵m̵u̵l̵_̵a̵s̵s̵o̵c̵] at hc ⊢

Note: This linter can be disabled with `set_option linter.unusedSimpArgs false`
⚠ [3673/3699] Replayed ZhangLS.Spec.Lemma45Normalization
warning: ZhangLS/Spec/Lemma45Normalization.lean:90:8: 'ring' tactic does nothing

Note: This linter can be disabled with `set_option linter.unusedTactic false`
warning: ZhangLS/Spec/Lemma45Normalization.lean:90:8: this tactic is never executed

Note: This linter can be disabled with `set_option linter.unreachableTactic false`
⚠ [3696/3699] Replayed ZhangLS.Spec.Lemma46SingleZero
warning: ZhangLS/Spec/Lemma46SingleZero.lean:33:10: This simp argument is unused:
  mem_sphere

Hint: Omit it from the simp argument list.
  simp [m̵e̵m̵_̵s̵p̵h̵e̵r̵e̵,̵ ̵dist_zero_right, abs_of_pos hR]

Note: This linter can be disabled with `set_option linter.unusedSimpArgs false`
warning: ZhangLS/Spec/Lemma46SingleZero.lean:33:22: This simp argument is unused:
  dist_zero_right

Hint: Omit it from the simp argument list.
  simp [mem_sphere, d̵i̵s̵t̵_̵z̵e̵r̵o̵_̵r̵i̵g̵h̵t̵,̵ ̵abs_of_pos hR]

Note: This linter can be disabled with `set_option linter.unusedSimpArgs false`
⚠ [3697/3699] Replayed ZhangLS.Spec.Lemma46RoucheLocal
warning: ZhangLS/Spec/Lemma46RoucheLocal.lean:30:5: unused variable `hm`

Note: This linter can be disabled with `set_option linter.unusedVariables false`
⚠ [3698/3699] Replayed ZhangLS.Spec.Lemma46ZeroAnalysis
warning: ZhangLS/Spec/Lemma46ZeroAnalysis.lean:108:39: Used `tac1 <;> tac2` where `(tac1; tac2)` would suffice

Note: This linter can be disabled with `set_option linter.unnecessarySeqFocus false`
warning: ZhangLS/Spec/Lemma46ZeroAnalysis.lean:132:54: unused variable `hc`

Note: This linter can be disabled with `set_option linter.unusedVariables false`
Build completed successfully (3699 jobs).
== kernel-check ZhangLS/Spec/Lemma47ThreeZeros.lean ==
⚠ [1279/1308] Replayed ZhangLS.Spec.RealDirichletCharacter
warning: ZhangLS/Spec/RealDirichletCharacter.lean:48:4: try 'simp' instead of 'simpa'

Note: This linter can be disabled with `set_option linter.unnecessarySimpa false`
⚠ [1280/1308] Replayed ZhangLS.Spec.Lemma44CharacterProduct
warning: ZhangLS/Spec/Lemma44CharacterProduct.lean:55:38: This simp argument is unused:
  mul_comm

Hint: Omit it from the simp argument list.
  simp [̵m̵u̵l̵_̵c̵o̵m̵m̵,̵ ̵m̵u̵l̵_̵l̵e̵f̵t̵_̵c̵o̵m̵m̵,̵[̲m̲u̲l̲_̲l̲e̲f̲t̲_̲c̲o̲m̲m̲,̲ mul_assoc]

Note: This linter can be disabled with `set_option linter.unusedSimpArgs false`
warning: ZhangLS/Spec/Lemma44CharacterProduct.lean:55:48: This simp argument is unused:
  mul_left_comm

Hint: Omit it from the simp argument list.
  simp [mul_comm, mul_l̵e̵f̵t̵_̵c̵o̵m̵m̵,̵ ̵m̵u̵l̵_̵assoc]

Note: This linter can be disabled with `set_option linter.unusedSimpArgs false`
⚠ [2476/3033] Replayed ZhangLS.Spec.Lemma23AnalyticLogBranch
warning: ZhangLS/Spec/Lemma23AnalyticLogBranch.lean:42:53: try 'simp' instead of 'simpa'

Note: This linter can be disabled with `set_option linter.unnecessarySimpa false`
warning: ZhangLS/Spec/Lemma23AnalyticLogBranch.lean:67:44: try 'simp' instead of 'simpa'

Note: This linter can be disabled with `set_option linter.unnecessarySimpa false`
⚠ [3461/3644] Replayed ZhangLS.Spec.RealAxisAtOne
warning: ZhangLS/Spec/RealAxisAtOne.lean:56:4: try 'simp' instead of 'simpa'

Note: This linter can be disabled with `set_option linter.unnecessarySimpa false`
⚠ [3463/3644] Replayed ZhangLS.Spec.Lemma57
warning: ZhangLS/Spec/Lemma57.lean:101:58: unused variable `hD`

Note: This linter can be disabled with `set_option linter.unusedVariables false`
warning: ZhangLS/Spec/Lemma57.lean:102:7: unused variable `hA`

Note: This linter can be disabled with `set_option linter.unusedVariables false`
⚠ [3464/3644] Replayed ZhangLS.Spec.Lemma57Arithmetic
warning: ZhangLS/Spec/Lemma57Arithmetic.lean:55:15: unused variable `hc_g`

Note: This linter can be disabled with `set_option linter.unusedVariables false`
⚠ [3469/3644] Replayed ZhangLS.Spec.Lemma57SmoothedSum
warning: ZhangLS/Spec/Lemma57SmoothedSum.lean:42:46: unused variable `hD`

Note: This linter can be disabled with `set_option linter.unusedVariables false`
⚠ [3478/3644] Replayed ZhangLS.Spec.Lemma57GaussianGlobal
warning: ZhangLS/Spec/Lemma57GaussianGlobal.lean:55:58: unused variable `ha`

Note: This linter can be disabled with `set_option linter.unusedVariables false`
warning: ZhangLS/Spec/Lemma57GaussianGlobal.lean:241:13: unused variable `hD`

Note: This linter can be disabled with `set_option linter.unusedVariables false`
warning: ZhangLS/Spec/Lemma57GaussianGlobal.lean:241:34: unused variable `hx`

Note: This linter can be disabled with `set_option linter.unusedVariables false`
⚠ [3479/3644] Replayed ZhangLS.Spec.Lemma57SmoothedSummability
warning: ZhangLS/Spec/Lemma57SmoothedSummability.lean:20:52: unused variable `hn`

Note: This linter can be disabled with `set_option linter.unusedVariables false`
⚠ [3484/3644] Replayed ZhangLS.Spec.Lemma57GaussianMellinTransform
warning: ZhangLS/Spec/Lemma57GaussianMellinTransform.lean:67:63: Used `tac1 <;> tac2` where `(tac1; tac2)` would suffice

Note: This linter can be disabled with `set_option linter.unnecessarySeqFocus false`
warning: ZhangLS/Spec/Lemma57GaussianMellinTransform.lean:145:54: Used `tac1 <;> tac2` where `(tac1; tac2)` would suffice

Note: This linter can be disabled with `set_option linter.unnecessarySeqFocus false`
warning: ZhangLS/Spec/Lemma57GaussianMellinTransform.lean:326:4: Try `simp at hs` instead of `simpa using hs`

Note: This linter can be disabled with `set_option linter.unnecessarySimpa false`
⚠ [3498/3644] Replayed ZhangLS.Spec.RiemannZetaCriticalLineBound
warning: ZhangLS/Spec/RiemannZetaCriticalLineBound.lean:99:2: Used `tac1 <;> tac2` where `(tac1; tac2)` would suffice

Note: This linter can be disabled with `set_option linter.unnecessarySeqFocus false`
warning: ZhangLS/Spec/RiemannZetaCriticalLineBound.lean:124:13: unused variable `hs`

Note: This linter can be disabled with `set_option linter.unusedVariables false`
warning: ZhangLS/Spec/RiemannZetaCriticalLineBound.lean:152:6: unused variable `n`

Note: This linter can be disabled with `set_option linter.unusedVariables false`
warning: ZhangLS/Spec/RiemannZetaCriticalLineBound.lean:156:20: unused variable `k`

Note: This linter can be disabled with `set_option linter.unusedVariables false`
warning: ZhangLS/Spec/RiemannZetaCriticalLineBound.lean:161:8: This simp argument is unused:
  sum_one_Icc

Hint: Omit it from the simp argument list.
  simp ̵[̵s̵u̵m̵_̵o̵n̵e̵_̵I̵c̵c̵]̵

Note: This linter can be disabled with `set_option linter.unusedSimpArgs false`
warning: ZhangLS/Spec/RiemannZetaCriticalLineBound.lean:242:12: 'ring' tactic does nothing

Note: This linter can be disabled with `set_option linter.unusedTactic false`
warning: ZhangLS/Spec/RiemannZetaCriticalLineBound.lean:242:12: this tactic is never executed

Note: This linter can be disabled with `set_option linter.unreachableTactic false`
warning: ZhangLS/Spec/RiemannZetaCriticalLineBound.lean:219:41: Used `tac1 <;> tac2` where `(tac1; tac2)` would suffice

Note: This linter can be disabled with `set_option linter.unnecessarySeqFocus false`
warning: ZhangLS/Spec/RiemannZetaCriticalLineBound.lean:303:8: 'ring' tactic does nothing

Note: This linter can be disabled with `set_option linter.unusedTactic false`
warning: ZhangLS/Spec/RiemannZetaCriticalLineBound.lean:303:8: this tactic is never executed

Note: This linter can be disabled with `set_option linter.unreachableTactic false`
warning: ZhangLS/Spec/RiemannZetaCriticalLineBound.lean:394:12: This simp argument is unused:
  norm_div

Hint: Omit it from the simp argument list.
  simp ̵[̵n̵o̵r̵m̵_̵d̵i̵v̵]̵

Note: This linter can be disabled with `set_option linter.unusedSimpArgs false`
warning: ZhangLS/Spec/RiemannZetaCriticalLineBound.lean:475:75: This simp argument is unused:
  norm_div

Hint: Omit it from the simp argument list.
  simp ̵[̵n̵o̵r̵m̵_̵d̵i̵v̵]̵

Note: This linter can be disabled with `set_option linter.unusedSimpArgs false`
⚠ [3499/3644] Replayed ZhangLS.Spec.Lemma57CriticalStripGrowth
warning: ZhangLS/Spec/Lemma57CriticalStripGrowth.lean:270:14: This simp argument is unused:
  norm_div

Hint: Omit it from the simp argument list.
  simp ̵[̵n̵o̵r̵m̵_̵d̵i̵v̵]̵

Note: This linter can be disabled with `set_option linter.unusedSimpArgs false`
⚠ [3506/3644] Replayed ZhangLS.Spec.Lemma23DirichletConjugation
warning: ZhangLS/Spec/Lemma23DirichletConjugation.lean:23:0: automatically included section variable(s) unused in theorem `ZhangLS.Spec.dirichletLSeries_inv_eq_conj_at_conj`:
  [NeZero N]
consider restructuring your `variable` declarations so that the variables are not in scope or explicitly omit them:
  omit [NeZero N] in theorem ...

Note: This linter can be disabled with `set_option linter.unusedSectionVars false`
⚠ [3508/3644] Replayed ZhangLS.Spec.Lemma23PrimitiveGaussSum
warning: ZhangLS/Spec/Lemma23PrimitiveGaussSum.lean:42:19: Used `tac1 <;> tac2` where `(tac1; tac2)` would suffice

Note: This linter can be disabled with `set_option linter.unnecessarySeqFocus false`
⚠ [3509/3644] Replayed ZhangLS.Spec.Lemma23DirichletUnitModulus
warning: ZhangLS/Spec/Lemma23DirichletUnitModulus.lean:112:48: Used `tac1 <;> tac2` where `(tac1; tac2)` would suffice

Note: This linter can be disabled with `set_option linter.unnecessarySeqFocus false`
⚠ [3647/3703] Replayed ZhangLS.Spec.Lemma44ProductMellin
warning: ZhangLS/Spec/Lemma44ProductMellin.lean:144:4: try 'simp' instead of 'simpa'

Note: This linter can be disabled with `set_option linter.unnecessarySimpa false`
⚠ [3651/3703] Replayed ZhangLS.Spec.Lemma44RightMellinApproximation
warning: ZhangLS/Spec/Lemma44RightMellinApproximation.lean:37:4: try 'simp' instead of 'simpa'

Note: This linter can be disabled with `set_option linter.unnecessarySimpa false`
⚠ [3655/3703] Replayed ZhangLS.Spec.Lemma44ReflectedLongSum
warning: ZhangLS/Spec/Lemma44ReflectedLongSum.lean:81:64: Used `tac1 <;> tac2` where `(tac1; tac2)` would suffice

Note: This linter can be disabled with `set_option linter.unnecessarySeqFocus false`
⚠ [3658/3703] Replayed ZhangLS.Spec.Lemma44InitialLeftEstimates
warning: ZhangLS/Spec/Lemma44InitialLeftEstimates.lean:68:23: Used `tac1 <;> tac2` where `(tac1; tac2)` would suffice

Note: This linter can be disabled with `set_option linter.unnecessarySeqFocus false`
⚠ [3661/3703] Replayed ZhangLS.Spec.Lemma44ComplexCharacterAbel
warning: ZhangLS/Spec/Lemma44ComplexCharacterAbel.lean:73:56: unused variable `hD`

Note: This linter can be disabled with `set_option linter.unusedVariables false`
⚠ [3662/3703] Replayed ZhangLS.Spec.Lemma44HorizontalGrowth
warning: ZhangLS/Spec/Lemma44HorizontalGrowth.lean:147:6: 'push_cast' tactic does nothing

Note: This linter can be disabled with `set_option linter.unusedTactic false`
⚠ [3664/3703] Replayed ZhangLS.Spec.Lemma44GaussianVerticalTail
info: ZhangLS/Spec/Lemma44GaussianVerticalTail.lean:41:4: Try this:
  [apply] ring_nf
  
  The `ring` tactic failed to close the goal. Use `ring_nf` to obtain a normal form.
    
  Note that `ring` works primarily in *commutative* rings. If you have a noncommutative ring, abelian group or module, consider using `noncomm_ring`, `abel` or `module` instead.
info: ZhangLS/Spec/Lemma44GaussianVerticalTail.lean:57:16: Try this:
  [apply] ring_nf
  
  The `ring` tactic failed to close the goal. Use `ring_nf` to obtain a normal form.
    
  Note that `ring` works primarily in *commutative* rings. If you have a noncommutative ring, abelian group or module, consider using `noncomm_ring`, `abel` or `module` instead.
warning: ZhangLS/Spec/Lemma44GaussianVerticalTail.lean:57:12: Used `tac1 <;> tac2` where `(tac1; tac2)` would suffice

Note: This linter can be disabled with `set_option linter.unnecessarySeqFocus false`
warning: ZhangLS/Spec/Lemma44GaussianVerticalTail.lean:68:22: Used `tac1 <;> tac2` where `(tac1; tac2)` would suffice

Note: This linter can be disabled with `set_option linter.unnecessarySeqFocus false`
info: ZhangLS/Spec/Lemma44GaussianVerticalTail.lean:153:35: Try this:
  [apply] ring_nf
  
  The `ring` tactic failed to close the goal. Use `ring_nf` to obtain a normal form.
    
  Note that `ring` works primarily in *commutative* rings. If you have a noncommutative ring, abelian group or module, consider using `noncomm_ring`, `abel` or `module` instead.
⚠ [3665/3703] Replayed ZhangLS.Spec.Lemma44LocalRectangle
warning: ZhangLS/Spec/Lemma44LocalRectangle.lean:115:46: This simp argument is unused:
  zero_mul

Hint: Omit it from the simp argument list.
  simp only [mem_reProdIm, mem_Icc, sub_re, sub_im, ofReal_re, ofReal_im, mul_re, mul_im, I_re,
  ̲  ̲ ̲ ̲ ̲ ̲ ̲ ̲I_im, mul_zero, z̵e̵r̵o̵_̵m̵u̵l̵,̵ ̵mul_one, zero_add, sub_zero]

Note: This linter can be disabled with `set_option linter.unusedSimpArgs false`
warning: ZhangLS/Spec/Lemma44LocalRectangle.lean:115:65: This simp argument is unused:
  zero_add

Hint: Omit it from the simp argument list.
  simp only [mem_reProdIm, mem_Icc, sub_re, sub_im, ofReal_re, ofReal_im, mul_re, mul_im, I_re,
  ̲  ̲ ̲ ̲ ̲ ̲ ̲ ̲I_im, mul_zero, zero_mul, mul_one, z̵e̵r̵o̵_̵a̵d̵d̵,̵ ̵sub_zero]

Note: This linter can be disabled with `set_option linter.unusedSimpArgs false`
⚠ [3668/3703] Replayed ZhangLS.Spec.Lemma44HorizontalIntegrals
warning: ZhangLS/Spec/Lemma44HorizontalIntegrals.lean:18:5: unused variable `hK`

Note: This linter can be disabled with `set_option linter.unusedVariables false`
⚠ [3669/3703] Replayed ZhangLS.Spec.Lemma44ReflectedPolynomialContours
warning: ZhangLS/Spec/Lemma44ReflectedPolynomialContours.lean:152:64: This simp argument is unused:
  mul_left_comm

Hint: Omit it from the simp argument list.
  simp only [sub_eq_add_neg, add_comm, add_left_comm, mul_comm, mul_l̵e̵f̵t̵_̵c̵o̵m̵m̵,̵ ̵m̵u̵l̵_̵assoc] at hc ⊢

Note: This linter can be disabled with `set_option linter.unusedSimpArgs false`
warning: ZhangLS/Spec/Lemma44ReflectedPolynomialContours.lean:152:79: This simp argument is unused:
  mul_assoc

Hint: Omit it from the simp argument list.
  simp only [sub_eq_add_neg, add_comm, add_left_comm, mul_comm, mul_left_comm,̵ ̵m̵u̵l̵_̵a̵s̵s̵o̵c̵] at hc ⊢

Note: This linter can be disabled with `set_option linter.unusedSimpArgs false`
⚠ [3673/3703] Replayed ZhangLS.Spec.Lemma45Normalization
warning: ZhangLS/Spec/Lemma45Normalization.lean:90:8: 'ring' tactic does nothing

Note: This linter can be disabled with `set_option linter.unusedTactic false`
warning: ZhangLS/Spec/Lemma45Normalization.lean:90:8: this tactic is never executed

Note: This linter can be disabled with `set_option linter.unreachableTactic false`
⚠ [3696/3703] Replayed ZhangLS.Spec.Lemma46SingleZero
warning: ZhangLS/Spec/Lemma46SingleZero.lean:33:10: This simp argument is unused:
  mem_sphere

Hint: Omit it from the simp argument list.
  simp [m̵e̵m̵_̵s̵p̵h̵e̵r̵e̵,̵ ̵dist_zero_right, abs_of_pos hR]

Note: This linter can be disabled with `set_option linter.unusedSimpArgs false`
warning: ZhangLS/Spec/Lemma46SingleZero.lean:33:22: This simp argument is unused:
  dist_zero_right

Hint: Omit it from the simp argument list.
  simp [mem_sphere, d̵i̵s̵t̵_̵z̵e̵r̵o̵_̵r̵i̵g̵h̵t̵,̵ ̵abs_of_pos hR]

Note: This linter can be disabled with `set_option linter.unusedSimpArgs false`
⚠ [3697/3703] Replayed ZhangLS.Spec.Lemma46RoucheLocal
warning: ZhangLS/Spec/Lemma46RoucheLocal.lean:30:5: unused variable `hm`

Note: This linter can be disabled with `set_option linter.unusedVariables false`
⚠ [3698/3703] Replayed ZhangLS.Spec.Lemma46ZeroAnalysis
warning: ZhangLS/Spec/Lemma46ZeroAnalysis.lean:108:39: Used `tac1 <;> tac2` where `(tac1; tac2)` would suffice

Note: This linter can be disabled with `set_option linter.unnecessarySeqFocus false`
warning: ZhangLS/Spec/Lemma46ZeroAnalysis.lean:132:54: unused variable `hc`

Note: This linter can be disabled with `set_option linter.unusedVariables false`
Build completed successfully (3703 jobs).
== kernel-check ZhangLS/Spec/Lemma57.lean ==
⚠ [1279/1337] Replayed ZhangLS.Spec.RealDirichletCharacter
warning: ZhangLS/Spec/RealDirichletCharacter.lean:48:4: try 'simp' instead of 'simpa'

Note: This linter can be disabled with `set_option linter.unnecessarySimpa false`
⚠ [3427/3429] Replayed ZhangLS.Spec.RealAxisAtOne
warning: ZhangLS/Spec/RealAxisAtOne.lean:56:4: try 'simp' instead of 'simpa'

Note: This linter can be disabled with `set_option linter.unnecessarySimpa false`
⚠ [3429/3429] Replayed ZhangLS.Spec.Lemma57
warning: ZhangLS/Spec/Lemma57.lean:101:58: unused variable `hD`

Note: This linter can be disabled with `set_option linter.unusedVariables false`
warning: ZhangLS/Spec/Lemma57.lean:102:7: unused variable `hA`

Note: This linter can be disabled with `set_option linter.unusedVariables false`
Build completed successfully (3429 jobs).
ZhangLS/Spec/Lemma57.lean:101:58: warning: unused variable `hD`

Note: This linter can be disabled with `set_option linter.unusedVariables false`
ZhangLS/Spec/Lemma57.lean:102:7: warning: unused variable `hA`

Note: This linter can be disabled with `set_option linter.unusedVariables false`
== kernel-check ZhangLS/Spec/Lemma57Arithmetic.lean ==
⚠ [1279/1735] Replayed ZhangLS.Spec.RealDirichletCharacter
warning: ZhangLS/Spec/RealDirichletCharacter.lean:48:4: try 'simp' instead of 'simpa'

Note: This linter can be disabled with `set_option linter.unnecessarySimpa false`
⚠ [3428/3431] Replayed ZhangLS.Spec.RealAxisAtOne
warning: ZhangLS/Spec/RealAxisAtOne.lean:56:4: try 'simp' instead of 'simpa'

Note: This linter can be disabled with `set_option linter.unnecessarySimpa false`
⚠ [3430/3431] Replayed ZhangLS.Spec.Lemma57
warning: ZhangLS/Spec/Lemma57.lean:101:58: unused variable `hD`

Note: This linter can be disabled with `set_option linter.unusedVariables false`
warning: ZhangLS/Spec/Lemma57.lean:102:7: unused variable `hA`

Note: This linter can be disabled with `set_option linter.unusedVariables false`
⚠ [3431/3431] Replayed ZhangLS.Spec.Lemma57Arithmetic
warning: ZhangLS/Spec/Lemma57Arithmetic.lean:55:15: unused variable `hc_g`

Note: This linter can be disabled with `set_option linter.unusedVariables false`
Build completed successfully (3431 jobs).
ZhangLS/Spec/Lemma57Arithmetic.lean:55:15: warning: unused variable `hc_g`

Note: This linter can be disabled with `set_option linter.unusedVariables false`
== kernel-check ZhangLS/Spec/Lemma57CompletedDirichletStripBounds.lean ==
⚠ [1279/1808] Replayed ZhangLS.Spec.RealDirichletCharacter
warning: ZhangLS/Spec/RealDirichletCharacter.lean:48:4: try 'simp' instead of 'simpa'

Note: This linter can be disabled with `set_option linter.unnecessarySimpa false`
⚠ [3428/3469] Replayed ZhangLS.Spec.RealAxisAtOne
warning: ZhangLS/Spec/RealAxisAtOne.lean:56:4: try 'simp' instead of 'simpa'

Note: This linter can be disabled with `set_option linter.unnecessarySimpa false`
⚠ [3430/3469] Replayed ZhangLS.Spec.Lemma57
warning: ZhangLS/Spec/Lemma57.lean:101:58: unused variable `hD`

Note: This linter can be disabled with `set_option linter.unusedVariables false`
warning: ZhangLS/Spec/Lemma57.lean:102:7: unused variable `hA`

Note: This linter can be disabled with `set_option linter.unusedVariables false`
⚠ [3431/3469] Replayed ZhangLS.Spec.Lemma57Arithmetic
warning: ZhangLS/Spec/Lemma57Arithmetic.lean:55:15: unused variable `hc_g`

Note: This linter can be disabled with `set_option linter.unusedVariables false`
⚠ [3436/3469] Replayed ZhangLS.Spec.Lemma57SmoothedSum
warning: ZhangLS/Spec/Lemma57SmoothedSum.lean:42:46: unused variable `hD`

Note: This linter can be disabled with `set_option linter.unusedVariables false`
⚠ [3445/3469] Replayed ZhangLS.Spec.Lemma57GaussianGlobal
warning: ZhangLS/Spec/Lemma57GaussianGlobal.lean:55:58: unused variable `ha`

Note: This linter can be disabled with `set_option linter.unusedVariables false`
warning: ZhangLS/Spec/Lemma57GaussianGlobal.lean:241:13: unused variable `hD`

Note: This linter can be disabled with `set_option linter.unusedVariables false`
warning: ZhangLS/Spec/Lemma57GaussianGlobal.lean:241:34: unused variable `hx`

Note: This linter can be disabled with `set_option linter.unusedVariables false`
⚠ [3446/3469] Replayed ZhangLS.Spec.Lemma57SmoothedSummability
warning: ZhangLS/Spec/Lemma57SmoothedSummability.lean:20:52: unused variable `hn`

Note: This linter can be disabled with `set_option linter.unusedVariables false`
⚠ [3451/3469] Replayed ZhangLS.Spec.Lemma57GaussianMellinTransform
warning: ZhangLS/Spec/Lemma57GaussianMellinTransform.lean:67:63: Used `tac1 <;> tac2` where `(tac1; tac2)` would suffice

Note: This linter can be disabled with `set_option linter.unnecessarySeqFocus false`
warning: ZhangLS/Spec/Lemma57GaussianMellinTransform.lean:145:54: Used `tac1 <;> tac2` where `(tac1; tac2)` would suffice

Note: This linter can be disabled with `set_option linter.unnecessarySeqFocus false`
warning: ZhangLS/Spec/Lemma57GaussianMellinTransform.lean:326:4: Try `simp at hs` instead of `simpa using hs`

Note: This linter can be disabled with `set_option linter.unnecessarySimpa false`
⚠ [3465/3469] Replayed ZhangLS.Spec.RiemannZetaCriticalLineBound
warning: ZhangLS/Spec/RiemannZetaCriticalLineBound.lean:99:2: Used `tac1 <;> tac2` where `(tac1; tac2)` would suffice

Note: This linter can be disabled with `set_option linter.unnecessarySeqFocus false`
warning: ZhangLS/Spec/RiemannZetaCriticalLineBound.lean:124:13: unused variable `hs`

Note: This linter can be disabled with `set_option linter.unusedVariables false`
warning: ZhangLS/Spec/RiemannZetaCriticalLineBound.lean:152:6: unused variable `n`

Note: This linter can be disabled with `set_option linter.unusedVariables false`
warning: ZhangLS/Spec/RiemannZetaCriticalLineBound.lean:156:20: unused variable `k`

Note: This linter can be disabled with `set_option linter.unusedVariables false`
warning: ZhangLS/Spec/RiemannZetaCriticalLineBound.lean:161:8: This simp argument is unused:
  sum_one_Icc

Hint: Omit it from the simp argument list.
  simp ̵[̵s̵u̵m̵_̵o̵n̵e̵_̵I̵c̵c̵]̵

Note: This linter can be disabled with `set_option linter.unusedSimpArgs false`
warning: ZhangLS/Spec/RiemannZetaCriticalLineBound.lean:242:12: 'ring' tactic does nothing

Note: This linter can be disabled with `set_option linter.unusedTactic false`
warning: ZhangLS/Spec/RiemannZetaCriticalLineBound.lean:242:12: this tactic is never executed

Note: This linter can be disabled with `set_option linter.unreachableTactic false`
warning: ZhangLS/Spec/RiemannZetaCriticalLineBound.lean:219:41: Used `tac1 <;> tac2` where `(tac1; tac2)` would suffice

Note: This linter can be disabled with `set_option linter.unnecessarySeqFocus false`
warning: ZhangLS/Spec/RiemannZetaCriticalLineBound.lean:303:8: 'ring' tactic does nothing

Note: This linter can be disabled with `set_option linter.unusedTactic false`
warning: ZhangLS/Spec/RiemannZetaCriticalLineBound.lean:303:8: this tactic is never executed

Note: This linter can be disabled with `set_option linter.unreachableTactic false`
warning: ZhangLS/Spec/RiemannZetaCriticalLineBound.lean:394:12: This simp argument is unused:
  norm_div

Hint: Omit it from the simp argument list.
  simp ̵[̵n̵o̵r̵m̵_̵d̵i̵v̵]̵

Note: This linter can be disabled with `set_option linter.unusedSimpArgs false`
warning: ZhangLS/Spec/RiemannZetaCriticalLineBound.lean:475:75: This simp argument is unused:
  norm_div

Hint: Omit it from the simp argument list.
  simp ̵[̵n̵o̵r̵m̵_̵d̵i̵v̵]̵

Note: This linter can be disabled with `set_option linter.unusedSimpArgs false`
⚠ [3466/3469] Replayed ZhangLS.Spec.Lemma57CriticalStripGrowth
warning: ZhangLS/Spec/Lemma57CriticalStripGrowth.lean:270:14: This simp argument is unused:
  norm_div

Hint: Omit it from the simp argument list.
  simp ̵[̵n̵o̵r̵m̵_̵d̵i̵v̵]̵

Note: This linter can be disabled with `set_option linter.unusedSimpArgs false`
Build completed successfully (3469 jobs).
== kernel-check ZhangLS/Spec/Lemma57CompletedStripBounds.lean ==
⚠ [1279/1729] Replayed ZhangLS.Spec.RealDirichletCharacter
warning: ZhangLS/Spec/RealDirichletCharacter.lean:48:4: try 'simp' instead of 'simpa'

Note: This linter can be disabled with `set_option linter.unnecessarySimpa false`
⚠ [3427/3448] Replayed ZhangLS.Spec.RealAxisAtOne
warning: ZhangLS/Spec/RealAxisAtOne.lean:56:4: try 'simp' instead of 'simpa'

Note: This linter can be disabled with `set_option linter.unnecessarySimpa false`
⚠ [3429/3448] Replayed ZhangLS.Spec.Lemma57
warning: ZhangLS/Spec/Lemma57.lean:101:58: unused variable `hD`

Note: This linter can be disabled with `set_option linter.unusedVariables false`
warning: ZhangLS/Spec/Lemma57.lean:102:7: unused variable `hA`

Note: This linter can be disabled with `set_option linter.unusedVariables false`
⚠ [3430/3448] Replayed ZhangLS.Spec.Lemma57Arithmetic
warning: ZhangLS/Spec/Lemma57Arithmetic.lean:55:15: unused variable `hc_g`

Note: This linter can be disabled with `set_option linter.unusedVariables false`
⚠ [3438/3467] Replayed ZhangLS.Spec.Lemma57SmoothedSum
warning: ZhangLS/Spec/Lemma57SmoothedSum.lean:42:46: unused variable `hD`

Note: This linter can be disabled with `set_option linter.unusedVariables false`
⚠ [3445/3467] Replayed ZhangLS.Spec.Lemma57GaussianGlobal
warning: ZhangLS/Spec/Lemma57GaussianGlobal.lean:55:58: unused variable `ha`

Note: This linter can be disabled with `set_option linter.unusedVariables false`
warning: ZhangLS/Spec/Lemma57GaussianGlobal.lean:241:13: unused variable `hD`

Note: This linter can be disabled with `set_option linter.unusedVariables false`
warning: ZhangLS/Spec/Lemma57GaussianGlobal.lean:241:34: unused variable `hx`

Note: This linter can be disabled with `set_option linter.unusedVariables false`
⚠ [3446/3467] Replayed ZhangLS.Spec.Lemma57SmoothedSummability
warning: ZhangLS/Spec/Lemma57SmoothedSummability.lean:20:52: unused variable `hn`

Note: This linter can be disabled with `set_option linter.unusedVariables false`
⚠ [3451/3467] Replayed ZhangLS.Spec.Lemma57GaussianMellinTransform
warning: ZhangLS/Spec/Lemma57GaussianMellinTransform.lean:67:63: Used `tac1 <;> tac2` where `(tac1; tac2)` would suffice

Note: This linter can be disabled with `set_option linter.unnecessarySeqFocus false`
warning: ZhangLS/Spec/Lemma57GaussianMellinTransform.lean:145:54: Used `tac1 <;> tac2` where `(tac1; tac2)` would suffice

Note: This linter can be disabled with `set_option linter.unnecessarySeqFocus false`
warning: ZhangLS/Spec/Lemma57GaussianMellinTransform.lean:326:4: Try `simp at hs` instead of `simpa using hs`

Note: This linter can be disabled with `set_option linter.unnecessarySimpa false`
⚠ [3465/3467] Replayed ZhangLS.Spec.RiemannZetaCriticalLineBound
warning: ZhangLS/Spec/RiemannZetaCriticalLineBound.lean:99:2: Used `tac1 <;> tac2` where `(tac1; tac2)` would suffice

Note: This linter can be disabled with `set_option linter.unnecessarySeqFocus false`
warning: ZhangLS/Spec/RiemannZetaCriticalLineBound.lean:124:13: unused variable `hs`

Note: This linter can be disabled with `set_option linter.unusedVariables false`
warning: ZhangLS/Spec/RiemannZetaCriticalLineBound.lean:152:6: unused variable `n`

Note: This linter can be disabled with `set_option linter.unusedVariables false`
warning: ZhangLS/Spec/RiemannZetaCriticalLineBound.lean:156:20: unused variable `k`

Note: This linter can be disabled with `set_option linter.unusedVariables false`
warning: ZhangLS/Spec/RiemannZetaCriticalLineBound.lean:161:8: This simp argument is unused:
  sum_one_Icc

Hint: Omit it from the simp argument list.
  simp ̵[̵s̵u̵m̵_̵o̵n̵e̵_̵I̵c̵c̵]̵

Note: This linter can be disabled with `set_option linter.unusedSimpArgs false`
warning: ZhangLS/Spec/RiemannZetaCriticalLineBound.lean:242:12: 'ring' tactic does nothing

Note: This linter can be disabled with `set_option linter.unusedTactic false`
warning: ZhangLS/Spec/RiemannZetaCriticalLineBound.lean:242:12: this tactic is never executed

Note: This linter can be disabled with `set_option linter.unreachableTactic false`
warning: ZhangLS/Spec/RiemannZetaCriticalLineBound.lean:219:41: Used `tac1 <;> tac2` where `(tac1; tac2)` would suffice

Note: This linter can be disabled with `set_option linter.unnecessarySeqFocus false`
warning: ZhangLS/Spec/RiemannZetaCriticalLineBound.lean:303:8: 'ring' tactic does nothing

Note: This linter can be disabled with `set_option linter.unusedTactic false`
warning: ZhangLS/Spec/RiemannZetaCriticalLineBound.lean:303:8: this tactic is never executed

Note: This linter can be disabled with `set_option linter.unreachableTactic false`
warning: ZhangLS/Spec/RiemannZetaCriticalLineBound.lean:394:12: This simp argument is unused:
  norm_div

Hint: Omit it from the simp argument list.
  simp ̵[̵n̵o̵r̵m̵_̵d̵i̵v̵]̵

Note: This linter can be disabled with `set_option linter.unusedSimpArgs false`
warning: ZhangLS/Spec/RiemannZetaCriticalLineBound.lean:475:75: This simp argument is unused:
  norm_div

Hint: Omit it from the simp argument list.
  simp ̵[̵n̵o̵r̵m̵_̵d̵i̵v̵]̵

Note: This linter can be disabled with `set_option linter.unusedSimpArgs false`
⚠ [3466/3467] Replayed ZhangLS.Spec.Lemma57CriticalStripGrowth
warning: ZhangLS/Spec/Lemma57CriticalStripGrowth.lean:270:14: This simp argument is unused:
  norm_div

Hint: Omit it from the simp argument list.
  simp ̵[̵n̵o̵r̵m̵_̵d̵i̵v̵]̵

Note: This linter can be disabled with `set_option linter.unusedSimpArgs false`
Build completed successfully (3467 jobs).
== kernel-check ZhangLS/Spec/Lemma57ContourAnalyticity.lean ==
⚠ [1279/1867] Replayed ZhangLS.Spec.RealDirichletCharacter
warning: ZhangLS/Spec/RealDirichletCharacter.lean:48:4: try 'simp' instead of 'simpa'

Note: This linter can be disabled with `set_option linter.unnecessarySimpa false`
⚠ [3428/3448] Replayed ZhangLS.Spec.RealAxisAtOne
warning: ZhangLS/Spec/RealAxisAtOne.lean:56:4: try 'simp' instead of 'simpa'

Note: This linter can be disabled with `set_option linter.unnecessarySimpa false`
⚠ [3430/3448] Replayed ZhangLS.Spec.Lemma57
warning: ZhangLS/Spec/Lemma57.lean:101:58: unused variable `hD`

Note: This linter can be disabled with `set_option linter.unusedVariables false`
warning: ZhangLS/Spec/Lemma57.lean:102:7: unused variable `hA`

Note: This linter can be disabled with `set_option linter.unusedVariables false`
⚠ [3431/3448] Replayed ZhangLS.Spec.Lemma57Arithmetic
warning: ZhangLS/Spec/Lemma57Arithmetic.lean:55:15: unused variable `hc_g`

Note: This linter can be disabled with `set_option linter.unusedVariables false`
⚠ [3436/3448] Replayed ZhangLS.Spec.Lemma57SmoothedSum
warning: ZhangLS/Spec/Lemma57SmoothedSum.lean:42:46: unused variable `hD`

Note: This linter can be disabled with `set_option linter.unusedVariables false`
⚠ [3445/3448] Replayed ZhangLS.Spec.Lemma57GaussianGlobal
warning: ZhangLS/Spec/Lemma57GaussianGlobal.lean:55:58: unused variable `ha`

Note: This linter can be disabled with `set_option linter.unusedVariables false`
warning: ZhangLS/Spec/Lemma57GaussianGlobal.lean:241:13: unused variable `hD`

Note: This linter can be disabled with `set_option linter.unusedVariables false`
warning: ZhangLS/Spec/Lemma57GaussianGlobal.lean:241:34: unused variable `hx`

Note: This linter can be disabled with `set_option linter.unusedVariables false`
⚠ [3446/3448] Replayed ZhangLS.Spec.Lemma57SmoothedSummability
warning: ZhangLS/Spec/Lemma57SmoothedSummability.lean:20:52: unused variable `hn`

Note: This linter can be disabled with `set_option linter.unusedVariables false`
Build completed successfully (3448 jobs).
== kernel-check ZhangLS/Spec/Lemma57ContourGrowth.lean ==
⚠ [1279/1308] Replayed ZhangLS.Spec.RealDirichletCharacter
warning: ZhangLS/Spec/RealDirichletCharacter.lean:48:4: try 'simp' instead of 'simpa'

Note: This linter can be disabled with `set_option linter.unnecessarySimpa false`
⚠ [3428/3456] Replayed ZhangLS.Spec.RealAxisAtOne
warning: ZhangLS/Spec/RealAxisAtOne.lean:56:4: try 'simp' instead of 'simpa'

Note: This linter can be disabled with `set_option linter.unnecessarySimpa false`
⚠ [3430/3456] Replayed ZhangLS.Spec.Lemma57
warning: ZhangLS/Spec/Lemma57.lean:101:58: unused variable `hD`

Note: This linter can be disabled with `set_option linter.unusedVariables false`
warning: ZhangLS/Spec/Lemma57.lean:102:7: unused variable `hA`

Note: This linter can be disabled with `set_option linter.unusedVariables false`
⚠ [3431/3456] Replayed ZhangLS.Spec.Lemma57Arithmetic
warning: ZhangLS/Spec/Lemma57Arithmetic.lean:55:15: unused variable `hc_g`

Note: This linter can be disabled with `set_option linter.unusedVariables false`
⚠ [3436/3456] Replayed ZhangLS.Spec.Lemma57SmoothedSum
warning: ZhangLS/Spec/Lemma57SmoothedSum.lean:42:46: unused variable `hD`

Note: This linter can be disabled with `set_option linter.unusedVariables false`
⚠ [3445/3456] Replayed ZhangLS.Spec.Lemma57GaussianGlobal
warning: ZhangLS/Spec/Lemma57GaussianGlobal.lean:55:58: unused variable `ha`

Note: This linter can be disabled with `set_option linter.unusedVariables false`
warning: ZhangLS/Spec/Lemma57GaussianGlobal.lean:241:13: unused variable `hD`

Note: This linter can be disabled with `set_option linter.unusedVariables false`
warning: ZhangLS/Spec/Lemma57GaussianGlobal.lean:241:34: unused variable `hx`

Note: This linter can be disabled with `set_option linter.unusedVariables false`
⚠ [3446/3456] Replayed ZhangLS.Spec.Lemma57SmoothedSummability
warning: ZhangLS/Spec/Lemma57SmoothedSummability.lean:20:52: unused variable `hn`

Note: This linter can be disabled with `set_option linter.unusedVariables false`
⚠ [3451/3456] Replayed ZhangLS.Spec.Lemma57GaussianMellinTransform
warning: ZhangLS/Spec/Lemma57GaussianMellinTransform.lean:67:63: Used `tac1 <;> tac2` where `(tac1; tac2)` would suffice

Note: This linter can be disabled with `set_option linter.unnecessarySeqFocus false`
warning: ZhangLS/Spec/Lemma57GaussianMellinTransform.lean:145:54: Used `tac1 <;> tac2` where `(tac1; tac2)` would suffice

Note: This linter can be disabled with `set_option linter.unnecessarySeqFocus false`
warning: ZhangLS/Spec/Lemma57GaussianMellinTransform.lean:326:4: Try `simp at hs` instead of `simpa using hs`

Note: This linter can be disabled with `set_option linter.unnecessarySimpa false`
Build completed successfully (3456 jobs).
== kernel-check ZhangLS/Spec/Lemma57ContourShiftLimit.lean ==
⚠ [1279/1333] Replayed ZhangLS.Spec.RealDirichletCharacter
warning: ZhangLS/Spec/RealDirichletCharacter.lean:48:4: try 'simp' instead of 'simpa'

Note: This linter can be disabled with `set_option linter.unnecessarySimpa false`
⚠ [3428/3452] Replayed ZhangLS.Spec.RealAxisAtOne
warning: ZhangLS/Spec/RealAxisAtOne.lean:56:4: try 'simp' instead of 'simpa'

Note: This linter can be disabled with `set_option linter.unnecessarySimpa false`
⚠ [3430/3452] Replayed ZhangLS.Spec.Lemma57
warning: ZhangLS/Spec/Lemma57.lean:101:58: unused variable `hD`

Note: This linter can be disabled with `set_option linter.unusedVariables false`
warning: ZhangLS/Spec/Lemma57.lean:102:7: unused variable `hA`

Note: This linter can be disabled with `set_option linter.unusedVariables false`
⚠ [3431/3452] Replayed ZhangLS.Spec.Lemma57Arithmetic
warning: ZhangLS/Spec/Lemma57Arithmetic.lean:55:15: unused variable `hc_g`

Note: This linter can be disabled with `set_option linter.unusedVariables false`
⚠ [3436/3452] Replayed ZhangLS.Spec.Lemma57SmoothedSum
warning: ZhangLS/Spec/Lemma57SmoothedSum.lean:42:46: unused variable `hD`

Note: This linter can be disabled with `set_option linter.unusedVariables false`
⚠ [3445/3452] Replayed ZhangLS.Spec.Lemma57GaussianGlobal
warning: ZhangLS/Spec/Lemma57GaussianGlobal.lean:55:58: unused variable `ha`

Note: This linter can be disabled with `set_option linter.unusedVariables false`
warning: ZhangLS/Spec/Lemma57GaussianGlobal.lean:241:13: unused variable `hD`

Note: This linter can be disabled with `set_option linter.unusedVariables false`
warning: ZhangLS/Spec/Lemma57GaussianGlobal.lean:241:34: unused variable `hx`

Note: This linter can be disabled with `set_option linter.unusedVariables false`
⚠ [3446/3452] Replayed ZhangLS.Spec.Lemma57SmoothedSummability
warning: ZhangLS/Spec/Lemma57SmoothedSummability.lean:20:52: unused variable `hn`

Note: This linter can be disabled with `set_option linter.unusedVariables false`
⚠ [3450/3452] Replayed ZhangLS.Spec.Lemma57GaussianMellinTransform
warning: ZhangLS/Spec/Lemma57GaussianMellinTransform.lean:67:63: Used `tac1 <;> tac2` where `(tac1; tac2)` would suffice

Note: This linter can be disabled with `set_option linter.unnecessarySeqFocus false`
warning: ZhangLS/Spec/Lemma57GaussianMellinTransform.lean:145:54: Used `tac1 <;> tac2` where `(tac1; tac2)` would suffice

Note: This linter can be disabled with `set_option linter.unnecessarySeqFocus false`
warning: ZhangLS/Spec/Lemma57GaussianMellinTransform.lean:326:4: Try `simp at hs` instead of `simpa using hs`

Note: This linter can be disabled with `set_option linter.unnecessarySimpa false`
Build completed successfully (3452 jobs).
== kernel-check ZhangLS/Spec/Lemma57CriticalStripGrowth.lean ==
⚠ [1279/1397] Replayed ZhangLS.Spec.RealDirichletCharacter
warning: ZhangLS/Spec/RealDirichletCharacter.lean:48:4: try 'simp' instead of 'simpa'

Note: This linter can be disabled with `set_option linter.unnecessarySimpa false`
⚠ [3428/3466] Replayed ZhangLS.Spec.RealAxisAtOne
warning: ZhangLS/Spec/RealAxisAtOne.lean:56:4: try 'simp' instead of 'simpa'

Note: This linter can be disabled with `set_option linter.unnecessarySimpa false`
⚠ [3430/3466] Replayed ZhangLS.Spec.Lemma57
warning: ZhangLS/Spec/Lemma57.lean:101:58: unused variable `hD`

Note: This linter can be disabled with `set_option linter.unusedVariables false`
warning: ZhangLS/Spec/Lemma57.lean:102:7: unused variable `hA`

Note: This linter can be disabled with `set_option linter.unusedVariables false`
⚠ [3431/3466] Replayed ZhangLS.Spec.Lemma57Arithmetic
warning: ZhangLS/Spec/Lemma57Arithmetic.lean:55:15: unused variable `hc_g`

Note: This linter can be disabled with `set_option linter.unusedVariables false`
⚠ [3436/3466] Replayed ZhangLS.Spec.Lemma57SmoothedSum
warning: ZhangLS/Spec/Lemma57SmoothedSum.lean:42:46: unused variable `hD`

Note: This linter can be disabled with `set_option linter.unusedVariables false`
⚠ [3445/3466] Replayed ZhangLS.Spec.Lemma57GaussianGlobal
warning: ZhangLS/Spec/Lemma57GaussianGlobal.lean:55:58: unused variable `ha`

Note: This linter can be disabled with `set_option linter.unusedVariables false`
warning: ZhangLS/Spec/Lemma57GaussianGlobal.lean:241:13: unused variable `hD`

Note: This linter can be disabled with `set_option linter.unusedVariables false`
warning: ZhangLS/Spec/Lemma57GaussianGlobal.lean:241:34: unused variable `hx`

Note: This linter can be disabled with `set_option linter.unusedVariables false`
⚠ [3446/3466] Replayed ZhangLS.Spec.Lemma57SmoothedSummability
warning: ZhangLS/Spec/Lemma57SmoothedSummability.lean:20:52: unused variable `hn`

Note: This linter can be disabled with `set_option linter.unusedVariables false`
⚠ [3451/3466] Replayed ZhangLS.Spec.Lemma57GaussianMellinTransform
warning: ZhangLS/Spec/Lemma57GaussianMellinTransform.lean:67:63: Used `tac1 <;> tac2` where `(tac1; tac2)` would suffice

Note: This linter can be disabled with `set_option linter.unnecessarySeqFocus false`
warning: ZhangLS/Spec/Lemma57GaussianMellinTransform.lean:145:54: Used `tac1 <;> tac2` where `(tac1; tac2)` would suffice

Note: This linter can be disabled with `set_option linter.unnecessarySeqFocus false`
warning: ZhangLS/Spec/Lemma57GaussianMellinTransform.lean:326:4: Try `simp at hs` instead of `simpa using hs`

Note: This linter can be disabled with `set_option linter.unnecessarySimpa false`
⚠ [3465/3466] Replayed ZhangLS.Spec.RiemannZetaCriticalLineBound
warning: ZhangLS/Spec/RiemannZetaCriticalLineBound.lean:99:2: Used `tac1 <;> tac2` where `(tac1; tac2)` would suffice

Note: This linter can be disabled with `set_option linter.unnecessarySeqFocus false`
warning: ZhangLS/Spec/RiemannZetaCriticalLineBound.lean:124:13: unused variable `hs`

Note: This linter can be disabled with `set_option linter.unusedVariables false`
warning: ZhangLS/Spec/RiemannZetaCriticalLineBound.lean:152:6: unused variable `n`

Note: This linter can be disabled with `set_option linter.unusedVariables false`
warning: ZhangLS/Spec/RiemannZetaCriticalLineBound.lean:156:20: unused variable `k`

Note: This linter can be disabled with `set_option linter.unusedVariables false`
warning: ZhangLS/Spec/RiemannZetaCriticalLineBound.lean:161:8: This simp argument is unused:
  sum_one_Icc

Hint: Omit it from the simp argument list.
  simp ̵[̵s̵u̵m̵_̵o̵n̵e̵_̵I̵c̵c̵]̵

Note: This linter can be disabled with `set_option linter.unusedSimpArgs false`
warning: ZhangLS/Spec/RiemannZetaCriticalLineBound.lean:242:12: 'ring' tactic does nothing

Note: This linter can be disabled with `set_option linter.unusedTactic false`
warning: ZhangLS/Spec/RiemannZetaCriticalLineBound.lean:242:12: this tactic is never executed

Note: This linter can be disabled with `set_option linter.unreachableTactic false`
warning: ZhangLS/Spec/RiemannZetaCriticalLineBound.lean:219:41: Used `tac1 <;> tac2` where `(tac1; tac2)` would suffice

Note: This linter can be disabled with `set_option linter.unnecessarySeqFocus false`
warning: ZhangLS/Spec/RiemannZetaCriticalLineBound.lean:303:8: 'ring' tactic does nothing

Note: This linter can be disabled with `set_option linter.unusedTactic false`
warning: ZhangLS/Spec/RiemannZetaCriticalLineBound.lean:303:8: this tactic is never executed

Note: This linter can be disabled with `set_option linter.unreachableTactic false`
warning: ZhangLS/Spec/RiemannZetaCriticalLineBound.lean:394:12: This simp argument is unused:
  norm_div

Hint: Omit it from the simp argument list.
  simp ̵[̵n̵o̵r̵m̵_̵d̵i̵v̵]̵

Note: This linter can be disabled with `set_option linter.unusedSimpArgs false`
warning: ZhangLS/Spec/RiemannZetaCriticalLineBound.lean:475:75: This simp argument is unused:
  norm_div

Hint: Omit it from the simp argument list.
  simp ̵[̵n̵o̵r̵m̵_̵d̵i̵v̵]̵

Note: This linter can be disabled with `set_option linter.unusedSimpArgs false`
⚠ [3466/3466] Replayed ZhangLS.Spec.Lemma57CriticalStripGrowth
warning: ZhangLS/Spec/Lemma57CriticalStripGrowth.lean:270:14: This simp argument is unused:
  norm_div

Hint: Omit it from the simp argument list.
  simp ̵[̵n̵o̵r̵m̵_̵d̵i̵v̵]̵

Note: This linter can be disabled with `set_option linter.unusedSimpArgs false`
Build completed successfully (3466 jobs).
ZhangLS/Spec/Lemma57CriticalStripGrowth.lean:270:14: warning: This simp argument is unused:
  norm_div

Hint: Omit it from the simp argument list.
  simp ̵[̵n̵o̵r̵m̵_̵d̵i̵v̵]̵

Note: This linter can be disabled with `set_option linter.unusedSimpArgs false`
== kernel-check ZhangLS/Spec/Lemma57FullSmoothedSeries.lean ==
⚠ [1279/1448] Replayed ZhangLS.Spec.RealDirichletCharacter
warning: ZhangLS/Spec/RealDirichletCharacter.lean:48:4: try 'simp' instead of 'simpa'

Note: This linter can be disabled with `set_option linter.unnecessarySimpa false`
⚠ [3428/3444] Replayed ZhangLS.Spec.RealAxisAtOne
warning: ZhangLS/Spec/RealAxisAtOne.lean:56:4: try 'simp' instead of 'simpa'

Note: This linter can be disabled with `set_option linter.unnecessarySimpa false`
⚠ [3430/3444] Replayed ZhangLS.Spec.Lemma57
warning: ZhangLS/Spec/Lemma57.lean:101:58: unused variable `hD`

Note: This linter can be disabled with `set_option linter.unusedVariables false`
warning: ZhangLS/Spec/Lemma57.lean:102:7: unused variable `hA`

Note: This linter can be disabled with `set_option linter.unusedVariables false`
⚠ [3431/3444] Replayed ZhangLS.Spec.Lemma57Arithmetic
warning: ZhangLS/Spec/Lemma57Arithmetic.lean:55:15: unused variable `hc_g`

Note: This linter can be disabled with `set_option linter.unusedVariables false`
⚠ [3436/3444] Replayed ZhangLS.Spec.Lemma57SmoothedSum
warning: ZhangLS/Spec/Lemma57SmoothedSum.lean:42:46: unused variable `hD`

Note: This linter can be disabled with `set_option linter.unusedVariables false`
Build completed successfully (3444 jobs).
== kernel-check ZhangLS/Spec/Lemma57GammaFactorGrowth.lean ==
⚠ [1279/1317] Replayed ZhangLS.Spec.RealDirichletCharacter
warning: ZhangLS/Spec/RealDirichletCharacter.lean:48:4: try 'simp' instead of 'simpa'

Note: This linter can be disabled with `set_option linter.unnecessarySimpa false`
⚠ [3428/3468] Replayed ZhangLS.Spec.RealAxisAtOne
warning: ZhangLS/Spec/RealAxisAtOne.lean:56:4: try 'simp' instead of 'simpa'

Note: This linter can be disabled with `set_option linter.unnecessarySimpa false`
⚠ [3430/3468] Replayed ZhangLS.Spec.Lemma57
warning: ZhangLS/Spec/Lemma57.lean:101:58: unused variable `hD`

Note: This linter can be disabled with `set_option linter.unusedVariables false`
warning: ZhangLS/Spec/Lemma57.lean:102:7: unused variable `hA`

Note: This linter can be disabled with `set_option linter.unusedVariables false`
⚠ [3431/3468] Replayed ZhangLS.Spec.Lemma57Arithmetic
warning: ZhangLS/Spec/Lemma57Arithmetic.lean:55:15: unused variable `hc_g`

Note: This linter can be disabled with `set_option linter.unusedVariables false`
⚠ [3436/3468] Replayed ZhangLS.Spec.Lemma57SmoothedSum
warning: ZhangLS/Spec/Lemma57SmoothedSum.lean:42:46: unused variable `hD`

Note: This linter can be disabled with `set_option linter.unusedVariables false`
⚠ [3445/3468] Replayed ZhangLS.Spec.Lemma57GaussianGlobal
warning: ZhangLS/Spec/Lemma57GaussianGlobal.lean:55:58: unused variable `ha`

Note: This linter can be disabled with `set_option linter.unusedVariables false`
warning: ZhangLS/Spec/Lemma57GaussianGlobal.lean:241:13: unused variable `hD`

Note: This linter can be disabled with `set_option linter.unusedVariables false`
warning: ZhangLS/Spec/Lemma57GaussianGlobal.lean:241:34: unused variable `hx`

Note: This linter can be disabled with `set_option linter.unusedVariables false`
⚠ [3446/3468] Replayed ZhangLS.Spec.Lemma57SmoothedSummability
warning: ZhangLS/Spec/Lemma57SmoothedSummability.lean:20:52: unused variable `hn`

Note: This linter can be disabled with `set_option linter.unusedVariables false`
⚠ [3451/3468] Replayed ZhangLS.Spec.Lemma57GaussianMellinTransform
warning: ZhangLS/Spec/Lemma57GaussianMellinTransform.lean:67:63: Used `tac1 <;> tac2` where `(tac1; tac2)` would suffice

Note: This linter can be disabled with `set_option linter.unnecessarySeqFocus false`
warning: ZhangLS/Spec/Lemma57GaussianMellinTransform.lean:145:54: Used `tac1 <;> tac2` where `(tac1; tac2)` would suffice

Note: This linter can be disabled with `set_option linter.unnecessarySeqFocus false`
warning: ZhangLS/Spec/Lemma57GaussianMellinTransform.lean:326:4: Try `simp at hs` instead of `simpa using hs`

Note: This linter can be disabled with `set_option linter.unnecessarySimpa false`
⚠ [3465/3468] Replayed ZhangLS.Spec.RiemannZetaCriticalLineBound
warning: ZhangLS/Spec/RiemannZetaCriticalLineBound.lean:99:2: Used `tac1 <;> tac2` where `(tac1; tac2)` would suffice

Note: This linter can be disabled with `set_option linter.unnecessarySeqFocus false`
warning: ZhangLS/Spec/RiemannZetaCriticalLineBound.lean:124:13: unused variable `hs`

Note: This linter can be disabled with `set_option linter.unusedVariables false`
warning: ZhangLS/Spec/RiemannZetaCriticalLineBound.lean:152:6: unused variable `n`

Note: This linter can be disabled with `set_option linter.unusedVariables false`
warning: ZhangLS/Spec/RiemannZetaCriticalLineBound.lean:156:20: unused variable `k`

Note: This linter can be disabled with `set_option linter.unusedVariables false`
warning: ZhangLS/Spec/RiemannZetaCriticalLineBound.lean:161:8: This simp argument is unused:
  sum_one_Icc

Hint: Omit it from the simp argument list.
  simp ̵[̵s̵u̵m̵_̵o̵n̵e̵_̵I̵c̵c̵]̵

Note: This linter can be disabled with `set_option linter.unusedSimpArgs false`
warning: ZhangLS/Spec/RiemannZetaCriticalLineBound.lean:242:12: 'ring' tactic does nothing

Note: This linter can be disabled with `set_option linter.unusedTactic false`
warning: ZhangLS/Spec/RiemannZetaCriticalLineBound.lean:242:12: this tactic is never executed

Note: This linter can be disabled with `set_option linter.unreachableTactic false`
warning: ZhangLS/Spec/RiemannZetaCriticalLineBound.lean:219:41: Used `tac1 <;> tac2` where `(tac1; tac2)` would suffice

Note: This linter can be disabled with `set_option linter.unnecessarySeqFocus false`
warning: ZhangLS/Spec/RiemannZetaCriticalLineBound.lean:303:8: 'ring' tactic does nothing

Note: This linter can be disabled with `set_option linter.unusedTactic false`
warning: ZhangLS/Spec/RiemannZetaCriticalLineBound.lean:303:8: this tactic is never executed

Note: This linter can be disabled with `set_option linter.unreachableTactic false`
warning: ZhangLS/Spec/RiemannZetaCriticalLineBound.lean:394:12: This simp argument is unused:
  norm_div

Hint: Omit it from the simp argument list.
  simp ̵[̵n̵o̵r̵m̵_̵d̵i̵v̵]̵

Note: This linter can be disabled with `set_option linter.unusedSimpArgs false`
warning: ZhangLS/Spec/RiemannZetaCriticalLineBound.lean:475:75: This simp argument is unused:
  norm_div

Hint: Omit it from the simp argument list.
  simp ̵[̵n̵o̵r̵m̵_̵d̵i̵v̵]̵

Note: This linter can be disabled with `set_option linter.unusedSimpArgs false`
⚠ [3466/3468] Replayed ZhangLS.Spec.Lemma57CriticalStripGrowth
warning: ZhangLS/Spec/Lemma57CriticalStripGrowth.lean:270:14: This simp argument is unused:
  norm_div

Hint: Omit it from the simp argument list.
  simp ̵[̵n̵o̵r̵m̵_̵d̵i̵v̵]̵

Note: This linter can be disabled with `set_option linter.unusedSimpArgs false`
Build completed successfully (3468 jobs).
== kernel-check ZhangLS/Spec/Lemma57GaussianGlobal.lean ==
⚠ [1279/1444] Replayed ZhangLS.Spec.RealDirichletCharacter
warning: ZhangLS/Spec/RealDirichletCharacter.lean:48:4: try 'simp' instead of 'simpa'

Note: This linter can be disabled with `set_option linter.unnecessarySimpa false`
⚠ [3428/3445] Replayed ZhangLS.Spec.RealAxisAtOne
warning: ZhangLS/Spec/RealAxisAtOne.lean:56:4: try 'simp' instead of 'simpa'

Note: This linter can be disabled with `set_option linter.unnecessarySimpa false`
⚠ [3430/3445] Replayed ZhangLS.Spec.Lemma57
warning: ZhangLS/Spec/Lemma57.lean:101:58: unused variable `hD`

Note: This linter can be disabled with `set_option linter.unusedVariables false`
warning: ZhangLS/Spec/Lemma57.lean:102:7: unused variable `hA`

Note: This linter can be disabled with `set_option linter.unusedVariables false`
⚠ [3431/3445] Replayed ZhangLS.Spec.Lemma57Arithmetic
warning: ZhangLS/Spec/Lemma57Arithmetic.lean:55:15: unused variable `hc_g`

Note: This linter can be disabled with `set_option linter.unusedVariables false`
⚠ [3436/3445] Replayed ZhangLS.Spec.Lemma57SmoothedSum
warning: ZhangLS/Spec/Lemma57SmoothedSum.lean:42:46: unused variable `hD`

Note: This linter can be disabled with `set_option linter.unusedVariables false`
⚠ [3445/3445] Replayed ZhangLS.Spec.Lemma57GaussianGlobal
warning: ZhangLS/Spec/Lemma57GaussianGlobal.lean:55:58: unused variable `ha`

Note: This linter can be disabled with `set_option linter.unusedVariables false`
warning: ZhangLS/Spec/Lemma57GaussianGlobal.lean:241:13: unused variable `hD`

Note: This linter can be disabled with `set_option linter.unusedVariables false`
warning: ZhangLS/Spec/Lemma57GaussianGlobal.lean:241:34: unused variable `hx`

Note: This linter can be disabled with `set_option linter.unusedVariables false`
Build completed successfully (3445 jobs).
ZhangLS/Spec/Lemma57GaussianGlobal.lean:55:58: warning: unused variable `ha`

Note: This linter can be disabled with `set_option linter.unusedVariables false`
ZhangLS/Spec/Lemma57GaussianGlobal.lean:241:13: warning: unused variable `hD`

Note: This linter can be disabled with `set_option linter.unusedVariables false`
ZhangLS/Spec/Lemma57GaussianGlobal.lean:241:34: warning: unused variable `hx`

Note: This linter can be disabled with `set_option linter.unusedVariables false`
== kernel-check ZhangLS/Spec/Lemma57GaussianMellinKernel.lean ==
⚠ [1279/1453] Replayed ZhangLS.Spec.RealDirichletCharacter
warning: ZhangLS/Spec/RealDirichletCharacter.lean:48:4: try 'simp' instead of 'simpa'

Note: This linter can be disabled with `set_option linter.unnecessarySimpa false`
⚠ [3428/3449] Replayed ZhangLS.Spec.RealAxisAtOne
warning: ZhangLS/Spec/RealAxisAtOne.lean:56:4: try 'simp' instead of 'simpa'

Note: This linter can be disabled with `set_option linter.unnecessarySimpa false`
⚠ [3430/3449] Replayed ZhangLS.Spec.Lemma57
warning: ZhangLS/Spec/Lemma57.lean:101:58: unused variable `hD`

Note: This linter can be disabled with `set_option linter.unusedVariables false`
warning: ZhangLS/Spec/Lemma57.lean:102:7: unused variable `hA`

Note: This linter can be disabled with `set_option linter.unusedVariables false`
⚠ [3431/3449] Replayed ZhangLS.Spec.Lemma57Arithmetic
warning: ZhangLS/Spec/Lemma57Arithmetic.lean:55:15: unused variable `hc_g`

Note: This linter can be disabled with `set_option linter.unusedVariables false`
⚠ [3436/3449] Replayed ZhangLS.Spec.Lemma57SmoothedSum
warning: ZhangLS/Spec/Lemma57SmoothedSum.lean:42:46: unused variable `hD`

Note: This linter can be disabled with `set_option linter.unusedVariables false`
⚠ [3445/3449] Replayed ZhangLS.Spec.Lemma57GaussianGlobal
warning: ZhangLS/Spec/Lemma57GaussianGlobal.lean:55:58: unused variable `ha`

Note: This linter can be disabled with `set_option linter.unusedVariables false`
warning: ZhangLS/Spec/Lemma57GaussianGlobal.lean:241:13: unused variable `hD`

Note: This linter can be disabled with `set_option linter.unusedVariables false`
warning: ZhangLS/Spec/Lemma57GaussianGlobal.lean:241:34: unused variable `hx`

Note: This linter can be disabled with `set_option linter.unusedVariables false`
⚠ [3446/3449] Replayed ZhangLS.Spec.Lemma57SmoothedSummability
warning: ZhangLS/Spec/Lemma57SmoothedSummability.lean:20:52: unused variable `hn`

Note: This linter can be disabled with `set_option linter.unusedVariables false`
Build completed successfully (3449 jobs).
== kernel-check ZhangLS/Spec/Lemma57GaussianMellinTransform.lean ==
⚠ [1279/1451] Replayed ZhangLS.Spec.RealDirichletCharacter
warning: ZhangLS/Spec/RealDirichletCharacter.lean:48:4: try 'simp' instead of 'simpa'

Note: This linter can be disabled with `set_option linter.unnecessarySimpa false`
⚠ [3428/3450] Replayed ZhangLS.Spec.RealAxisAtOne
warning: ZhangLS/Spec/RealAxisAtOne.lean:56:4: try 'simp' instead of 'simpa'

Note: This linter can be disabled with `set_option linter.unnecessarySimpa false`
⚠ [3430/3450] Replayed ZhangLS.Spec.Lemma57
warning: ZhangLS/Spec/Lemma57.lean:101:58: unused variable `hD`

Note: This linter can be disabled with `set_option linter.unusedVariables false`
warning: ZhangLS/Spec/Lemma57.lean:102:7: unused variable `hA`

Note: This linter can be disabled with `set_option linter.unusedVariables false`
⚠ [3431/3450] Replayed ZhangLS.Spec.Lemma57Arithmetic
warning: ZhangLS/Spec/Lemma57Arithmetic.lean:55:15: unused variable `hc_g`

Note: This linter can be disabled with `set_option linter.unusedVariables false`
⚠ [3436/3450] Replayed ZhangLS.Spec.Lemma57SmoothedSum
warning: ZhangLS/Spec/Lemma57SmoothedSum.lean:42:46: unused variable `hD`

Note: This linter can be disabled with `set_option linter.unusedVariables false`
⚠ [3445/3450] Replayed ZhangLS.Spec.Lemma57GaussianGlobal
warning: ZhangLS/Spec/Lemma57GaussianGlobal.lean:55:58: unused variable `ha`

Note: This linter can be disabled with `set_option linter.unusedVariables false`
warning: ZhangLS/Spec/Lemma57GaussianGlobal.lean:241:13: unused variable `hD`

Note: This linter can be disabled with `set_option linter.unusedVariables false`
warning: ZhangLS/Spec/Lemma57GaussianGlobal.lean:241:34: unused variable `hx`

Note: This linter can be disabled with `set_option linter.unusedVariables false`
⚠ [3446/3450] Replayed ZhangLS.Spec.Lemma57SmoothedSummability
warning: ZhangLS/Spec/Lemma57SmoothedSummability.lean:20:52: unused variable `hn`

Note: This linter can be disabled with `set_option linter.unusedVariables false`
⚠ [3450/3450] Replayed ZhangLS.Spec.Lemma57GaussianMellinTransform
warning: ZhangLS/Spec/Lemma57GaussianMellinTransform.lean:67:63: Used `tac1 <;> tac2` where `(tac1; tac2)` would suffice

Note: This linter can be disabled with `set_option linter.unnecessarySeqFocus false`
warning: ZhangLS/Spec/Lemma57GaussianMellinTransform.lean:145:54: Used `tac1 <;> tac2` where `(tac1; tac2)` would suffice

Note: This linter can be disabled with `set_option linter.unnecessarySeqFocus false`
warning: ZhangLS/Spec/Lemma57GaussianMellinTransform.lean:326:4: Try `simp at hs` instead of `simpa using hs`

Note: This linter can be disabled with `set_option linter.unnecessarySimpa false`
Build completed successfully (3450 jobs).
ZhangLS/Spec/Lemma57GaussianMellinTransform.lean:67:63: warning: Used `tac1 <;> tac2` where `(tac1; tac2)` would suffice

Note: This linter can be disabled with `set_option linter.unnecessarySeqFocus false`
ZhangLS/Spec/Lemma57GaussianMellinTransform.lean:145:54: warning: Used `tac1 <;> tac2` where `(tac1; tac2)` would suffice

Note: This linter can be disabled with `set_option linter.unnecessarySeqFocus false`
ZhangLS/Spec/Lemma57GaussianMellinTransform.lean:326:4: warning: Try `simp at hs` instead of `simpa using hs`

Note: This linter can be disabled with `set_option linter.unnecessarySimpa false`
== kernel-check ZhangLS/Spec/Lemma57GaussianQuadraticMoment.lean ==
⚠ [1279/1410] Replayed ZhangLS.Spec.RealDirichletCharacter
warning: ZhangLS/Spec/RealDirichletCharacter.lean:48:4: try 'simp' instead of 'simpa'

Note: This linter can be disabled with `set_option linter.unnecessarySimpa false`
⚠ [3428/3477] Replayed ZhangLS.Spec.RealAxisAtOne
warning: ZhangLS/Spec/RealAxisAtOne.lean:56:4: try 'simp' instead of 'simpa'

Note: This linter can be disabled with `set_option linter.unnecessarySimpa false`
⚠ [3430/3477] Replayed ZhangLS.Spec.Lemma57
warning: ZhangLS/Spec/Lemma57.lean:101:58: unused variable `hD`

Note: This linter can be disabled with `set_option linter.unusedVariables false`
warning: ZhangLS/Spec/Lemma57.lean:102:7: unused variable `hA`

Note: This linter can be disabled with `set_option linter.unusedVariables false`
⚠ [3431/3477] Replayed ZhangLS.Spec.Lemma57Arithmetic
warning: ZhangLS/Spec/Lemma57Arithmetic.lean:55:15: unused variable `hc_g`

Note: This linter can be disabled with `set_option linter.unusedVariables false`
⚠ [3436/3477] Replayed ZhangLS.Spec.Lemma57SmoothedSum
warning: ZhangLS/Spec/Lemma57SmoothedSum.lean:42:46: unused variable `hD`

Note: This linter can be disabled with `set_option linter.unusedVariables false`
⚠ [3445/3477] Replayed ZhangLS.Spec.Lemma57GaussianGlobal
warning: ZhangLS/Spec/Lemma57GaussianGlobal.lean:55:58: unused variable `ha`

Note: This linter can be disabled with `set_option linter.unusedVariables false`
warning: ZhangLS/Spec/Lemma57GaussianGlobal.lean:241:13: unused variable `hD`

Note: This linter can be disabled with `set_option linter.unusedVariables false`
warning: ZhangLS/Spec/Lemma57GaussianGlobal.lean:241:34: unused variable `hx`

Note: This linter can be disabled with `set_option linter.unusedVariables false`
⚠ [3446/3477] Replayed ZhangLS.Spec.Lemma57SmoothedSummability
warning: ZhangLS/Spec/Lemma57SmoothedSummability.lean:20:52: unused variable `hn`

Note: This linter can be disabled with `set_option linter.unusedVariables false`
⚠ [3451/3477] Replayed ZhangLS.Spec.Lemma57GaussianMellinTransform
warning: ZhangLS/Spec/Lemma57GaussianMellinTransform.lean:67:63: Used `tac1 <;> tac2` where `(tac1; tac2)` would suffice

Note: This linter can be disabled with `set_option linter.unnecessarySeqFocus false`
warning: ZhangLS/Spec/Lemma57GaussianMellinTransform.lean:145:54: Used `tac1 <;> tac2` where `(tac1; tac2)` would suffice

Note: This linter can be disabled with `set_option linter.unnecessarySeqFocus false`
warning: ZhangLS/Spec/Lemma57GaussianMellinTransform.lean:326:4: Try `simp at hs` instead of `simpa using hs`

Note: This linter can be disabled with `set_option linter.unnecessarySimpa false`
⚠ [3465/3477] Replayed ZhangLS.Spec.RiemannZetaCriticalLineBound
warning: ZhangLS/Spec/RiemannZetaCriticalLineBound.lean:99:2: Used `tac1 <;> tac2` where `(tac1; tac2)` would suffice

Note: This linter can be disabled with `set_option linter.unnecessarySeqFocus false`
warning: ZhangLS/Spec/RiemannZetaCriticalLineBound.lean:124:13: unused variable `hs`

Note: This linter can be disabled with `set_option linter.unusedVariables false`
warning: ZhangLS/Spec/RiemannZetaCriticalLineBound.lean:152:6: unused variable `n`

Note: This linter can be disabled with `set_option linter.unusedVariables false`
warning: ZhangLS/Spec/RiemannZetaCriticalLineBound.lean:156:20: unused variable `k`

Note: This linter can be disabled with `set_option linter.unusedVariables false`
warning: ZhangLS/Spec/RiemannZetaCriticalLineBound.lean:161:8: This simp argument is unused:
  sum_one_Icc

Hint: Omit it from the simp argument list.
  simp ̵[̵s̵u̵m̵_̵o̵n̵e̵_̵I̵c̵c̵]̵

Note: This linter can be disabled with `set_option linter.unusedSimpArgs false`
warning: ZhangLS/Spec/RiemannZetaCriticalLineBound.lean:242:12: 'ring' tactic does nothing

Note: This linter can be disabled with `set_option linter.unusedTactic false`
warning: ZhangLS/Spec/RiemannZetaCriticalLineBound.lean:242:12: this tactic is never executed

Note: This linter can be disabled with `set_option linter.unreachableTactic false`
warning: ZhangLS/Spec/RiemannZetaCriticalLineBound.lean:219:41: Used `tac1 <;> tac2` where `(tac1; tac2)` would suffice

Note: This linter can be disabled with `set_option linter.unnecessarySeqFocus false`
warning: ZhangLS/Spec/RiemannZetaCriticalLineBound.lean:303:8: 'ring' tactic does nothing

Note: This linter can be disabled with `set_option linter.unusedTactic false`
warning: ZhangLS/Spec/RiemannZetaCriticalLineBound.lean:303:8: this tactic is never executed

Note: This linter can be disabled with `set_option linter.unreachableTactic false`
warning: ZhangLS/Spec/RiemannZetaCriticalLineBound.lean:394:12: This simp argument is unused:
  norm_div

Hint: Omit it from the simp argument list.
  simp ̵[̵n̵o̵r̵m̵_̵d̵i̵v̵]̵

Note: This linter can be disabled with `set_option linter.unusedSimpArgs false`
warning: ZhangLS/Spec/RiemannZetaCriticalLineBound.lean:475:75: This simp argument is unused:
  norm_div

Hint: Omit it from the simp argument list.
  simp ̵[̵n̵o̵r̵m̵_̵d̵i̵v̵]̵

Note: This linter can be disabled with `set_option linter.unusedSimpArgs false`
⚠ [3466/3477] Replayed ZhangLS.Spec.Lemma57CriticalStripGrowth
warning: ZhangLS/Spec/Lemma57CriticalStripGrowth.lean:270:14: This simp argument is unused:
  norm_div

Hint: Omit it from the simp argument list.
  simp ̵[̵n̵o̵r̵m̵_̵d̵i̵v̵]̵

Note: This linter can be disabled with `set_option linter.unusedSimpArgs false`
Build completed successfully (3477 jobs).
== kernel-check ZhangLS/Spec/Lemma57GaussianWeight.lean ==
⚠ [1279/1420] Replayed ZhangLS.Spec.RealDirichletCharacter
warning: ZhangLS/Spec/RealDirichletCharacter.lean:48:4: try 'simp' instead of 'simpa'

Note: This linter can be disabled with `set_option linter.unnecessarySimpa false`
⚠ [3428/3435] Replayed ZhangLS.Spec.RealAxisAtOne
warning: ZhangLS/Spec/RealAxisAtOne.lean:56:4: try 'simp' instead of 'simpa'

Note: This linter can be disabled with `set_option linter.unnecessarySimpa false`
⚠ [3430/3435] Replayed ZhangLS.Spec.Lemma57
warning: ZhangLS/Spec/Lemma57.lean:101:58: unused variable `hD`

Note: This linter can be disabled with `set_option linter.unusedVariables false`
warning: ZhangLS/Spec/Lemma57.lean:102:7: unused variable `hA`

Note: This linter can be disabled with `set_option linter.unusedVariables false`
⚠ [3431/3435] Replayed ZhangLS.Spec.Lemma57Arithmetic
warning: ZhangLS/Spec/Lemma57Arithmetic.lean:55:15: unused variable `hc_g`

Note: This linter can be disabled with `set_option linter.unusedVariables false`
Build completed successfully (3435 jobs).
== kernel-check ZhangLS/Spec/Lemma57LAtOnePositivity.lean ==
⚠ [1279/1755] Replayed ZhangLS.Spec.RealDirichletCharacter
warning: ZhangLS/Spec/RealDirichletCharacter.lean:48:4: try 'simp' instead of 'simpa'

Note: This linter can be disabled with `set_option linter.unnecessarySimpa false`
⚠ [3428/3475] Replayed ZhangLS.Spec.RealAxisAtOne
warning: ZhangLS/Spec/RealAxisAtOne.lean:56:4: try 'simp' instead of 'simpa'

Note: This linter can be disabled with `set_option linter.unnecessarySimpa false`
⚠ [3430/3475] Replayed ZhangLS.Spec.Lemma57
warning: ZhangLS/Spec/Lemma57.lean:101:58: unused variable `hD`

Note: This linter can be disabled with `set_option linter.unusedVariables false`
warning: ZhangLS/Spec/Lemma57.lean:102:7: unused variable `hA`

Note: This linter can be disabled with `set_option linter.unusedVariables false`
⚠ [3431/3475] Replayed ZhangLS.Spec.Lemma57Arithmetic
warning: ZhangLS/Spec/Lemma57Arithmetic.lean:55:15: unused variable `hc_g`

Note: This linter can be disabled with `set_option linter.unusedVariables false`
⚠ [3436/3475] Replayed ZhangLS.Spec.Lemma57SmoothedSum
warning: ZhangLS/Spec/Lemma57SmoothedSum.lean:42:46: unused variable `hD`

Note: This linter can be disabled with `set_option linter.unusedVariables false`
⚠ [3445/3475] Replayed ZhangLS.Spec.Lemma57GaussianGlobal
warning: ZhangLS/Spec/Lemma57GaussianGlobal.lean:55:58: unused variable `ha`

Note: This linter can be disabled with `set_option linter.unusedVariables false`
warning: ZhangLS/Spec/Lemma57GaussianGlobal.lean:241:13: unused variable `hD`

Note: This linter can be disabled with `set_option linter.unusedVariables false`
warning: ZhangLS/Spec/Lemma57GaussianGlobal.lean:241:34: unused variable `hx`

Note: This linter can be disabled with `set_option linter.unusedVariables false`
⚠ [3446/3475] Replayed ZhangLS.Spec.Lemma57SmoothedSummability
warning: ZhangLS/Spec/Lemma57SmoothedSummability.lean:20:52: unused variable `hn`

Note: This linter can be disabled with `set_option linter.unusedVariables false`
⚠ [3451/3475] Replayed ZhangLS.Spec.Lemma57GaussianMellinTransform
warning: ZhangLS/Spec/Lemma57GaussianMellinTransform.lean:67:63: Used `tac1 <;> tac2` where `(tac1; tac2)` would suffice

Note: This linter can be disabled with `set_option linter.unnecessarySeqFocus false`
warning: ZhangLS/Spec/Lemma57GaussianMellinTransform.lean:145:54: Used `tac1 <;> tac2` where `(tac1; tac2)` would suffice

Note: This linter can be disabled with `set_option linter.unnecessarySeqFocus false`
warning: ZhangLS/Spec/Lemma57GaussianMellinTransform.lean:326:4: Try `simp at hs` instead of `simpa using hs`

Note: This linter can be disabled with `set_option linter.unnecessarySimpa false`
⚠ [3468/3475] Replayed ZhangLS.Spec.RiemannZetaCriticalLineBound
warning: ZhangLS/Spec/RiemannZetaCriticalLineBound.lean:99:2: Used `tac1 <;> tac2` where `(tac1; tac2)` would suffice

Note: This linter can be disabled with `set_option linter.unnecessarySeqFocus false`
warning: ZhangLS/Spec/RiemannZetaCriticalLineBound.lean:124:13: unused variable `hs`

Note: This linter can be disabled with `set_option linter.unusedVariables false`
warning: ZhangLS/Spec/RiemannZetaCriticalLineBound.lean:152:6: unused variable `n`

Note: This linter can be disabled with `set_option linter.unusedVariables false`
warning: ZhangLS/Spec/RiemannZetaCriticalLineBound.lean:156:20: unused variable `k`

Note: This linter can be disabled with `set_option linter.unusedVariables false`
warning: ZhangLS/Spec/RiemannZetaCriticalLineBound.lean:161:8: This simp argument is unused:
  sum_one_Icc

Hint: Omit it from the simp argument list.
  simp ̵[̵s̵u̵m̵_̵o̵n̵e̵_̵I̵c̵c̵]̵

Note: This linter can be disabled with `set_option linter.unusedSimpArgs false`
warning: ZhangLS/Spec/RiemannZetaCriticalLineBound.lean:242:12: 'ring' tactic does nothing

Note: This linter can be disabled with `set_option linter.unusedTactic false`
warning: ZhangLS/Spec/RiemannZetaCriticalLineBound.lean:242:12: this tactic is never executed

Note: This linter can be disabled with `set_option linter.unreachableTactic false`
warning: ZhangLS/Spec/RiemannZetaCriticalLineBound.lean:219:41: Used `tac1 <;> tac2` where `(tac1; tac2)` would suffice

Note: This linter can be disabled with `set_option linter.unnecessarySeqFocus false`
warning: ZhangLS/Spec/RiemannZetaCriticalLineBound.lean:303:8: 'ring' tactic does nothing

Note: This linter can be disabled with `set_option linter.unusedTactic false`
warning: ZhangLS/Spec/RiemannZetaCriticalLineBound.lean:303:8: this tactic is never executed

Note: This linter can be disabled with `set_option linter.unreachableTactic false`
warning: ZhangLS/Spec/RiemannZetaCriticalLineBound.lean:394:12: This simp argument is unused:
  norm_div

Hint: Omit it from the simp argument list.
  simp ̵[̵n̵o̵r̵m̵_̵d̵i̵v̵]̵

Note: This linter can be disabled with `set_option linter.unusedSimpArgs false`
warning: ZhangLS/Spec/RiemannZetaCriticalLineBound.lean:475:75: This simp argument is unused:
  norm_div

Hint: Omit it from the simp argument list.
  simp ̵[̵n̵o̵r̵m̵_̵d̵i̵v̵]̵

Note: This linter can be disabled with `set_option linter.unusedSimpArgs false`
⚠ [3469/3475] Replayed ZhangLS.Spec.Lemma57CriticalStripGrowth
warning: ZhangLS/Spec/Lemma57CriticalStripGrowth.lean:270:14: This simp argument is unused:
  norm_div

Hint: Omit it from the simp argument list.
  simp ̵[̵n̵o̵r̵m̵_̵d̵i̵v̵]̵

Note: This linter can be disabled with `set_option linter.unusedSimpArgs false`
Build completed successfully (3475 jobs).
== kernel-check ZhangLS/Spec/Lemma57LeftQuadraticGrowth.lean ==
⚠ [1285/1913] Replayed ZhangLS.Spec.RealDirichletCharacter
warning: ZhangLS/Spec/RealDirichletCharacter.lean:48:4: try 'simp' instead of 'simpa'

Note: This linter can be disabled with `set_option linter.unnecessarySimpa false`
⚠ [3428/3480] Replayed ZhangLS.Spec.RealAxisAtOne
warning: ZhangLS/Spec/RealAxisAtOne.lean:56:4: try 'simp' instead of 'simpa'

Note: This linter can be disabled with `set_option linter.unnecessarySimpa false`
⚠ [3430/3480] Replayed ZhangLS.Spec.Lemma57
warning: ZhangLS/Spec/Lemma57.lean:101:58: unused variable `hD`

Note: This linter can be disabled with `set_option linter.unusedVariables false`
warning: ZhangLS/Spec/Lemma57.lean:102:7: unused variable `hA`

Note: This linter can be disabled with `set_option linter.unusedVariables false`
⚠ [3431/3480] Replayed ZhangLS.Spec.Lemma57Arithmetic
warning: ZhangLS/Spec/Lemma57Arithmetic.lean:55:15: unused variable `hc_g`

Note: This linter can be disabled with `set_option linter.unusedVariables false`
⚠ [3436/3480] Replayed ZhangLS.Spec.Lemma57SmoothedSum
warning: ZhangLS/Spec/Lemma57SmoothedSum.lean:42:46: unused variable `hD`

Note: This linter can be disabled with `set_option linter.unusedVariables false`
⚠ [3445/3480] Replayed ZhangLS.Spec.Lemma57GaussianGlobal
warning: ZhangLS/Spec/Lemma57GaussianGlobal.lean:55:58: unused variable `ha`

Note: This linter can be disabled with `set_option linter.unusedVariables false`
warning: ZhangLS/Spec/Lemma57GaussianGlobal.lean:241:13: unused variable `hD`

Note: This linter can be disabled with `set_option linter.unusedVariables false`
warning: ZhangLS/Spec/Lemma57GaussianGlobal.lean:241:34: unused variable `hx`

Note: This linter can be disabled with `set_option linter.unusedVariables false`
⚠ [3446/3480] Replayed ZhangLS.Spec.Lemma57SmoothedSummability
warning: ZhangLS/Spec/Lemma57SmoothedSummability.lean:20:52: unused variable `hn`

Note: This linter can be disabled with `set_option linter.unusedVariables false`
⚠ [3451/3480] Replayed ZhangLS.Spec.Lemma57GaussianMellinTransform
warning: ZhangLS/Spec/Lemma57GaussianMellinTransform.lean:67:63: Used `tac1 <;> tac2` where `(tac1; tac2)` would suffice

Note: This linter can be disabled with `set_option linter.unnecessarySeqFocus false`
warning: ZhangLS/Spec/Lemma57GaussianMellinTransform.lean:145:54: Used `tac1 <;> tac2` where `(tac1; tac2)` would suffice

Note: This linter can be disabled with `set_option linter.unnecessarySeqFocus false`
warning: ZhangLS/Spec/Lemma57GaussianMellinTransform.lean:326:4: Try `simp at hs` instead of `simpa using hs`

Note: This linter can be disabled with `set_option linter.unnecessarySimpa false`
⚠ [3465/3480] Replayed ZhangLS.Spec.RiemannZetaCriticalLineBound
warning: ZhangLS/Spec/RiemannZetaCriticalLineBound.lean:99:2: Used `tac1 <;> tac2` where `(tac1; tac2)` would suffice

Note: This linter can be disabled with `set_option linter.unnecessarySeqFocus false`
warning: ZhangLS/Spec/RiemannZetaCriticalLineBound.lean:124:13: unused variable `hs`

Note: This linter can be disabled with `set_option linter.unusedVariables false`
warning: ZhangLS/Spec/RiemannZetaCriticalLineBound.lean:152:6: unused variable `n`

Note: This linter can be disabled with `set_option linter.unusedVariables false`
warning: ZhangLS/Spec/RiemannZetaCriticalLineBound.lean:156:20: unused variable `k`

Note: This linter can be disabled with `set_option linter.unusedVariables false`
warning: ZhangLS/Spec/RiemannZetaCriticalLineBound.lean:161:8: This simp argument is unused:
  sum_one_Icc

Hint: Omit it from the simp argument list.
  simp ̵[̵s̵u̵m̵_̵o̵n̵e̵_̵I̵c̵c̵]̵

Note: This linter can be disabled with `set_option linter.unusedSimpArgs false`
warning: ZhangLS/Spec/RiemannZetaCriticalLineBound.lean:242:12: 'ring' tactic does nothing

Note: This linter can be disabled with `set_option linter.unusedTactic false`
warning: ZhangLS/Spec/RiemannZetaCriticalLineBound.lean:242:12: this tactic is never executed

Note: This linter can be disabled with `set_option linter.unreachableTactic false`
warning: ZhangLS/Spec/RiemannZetaCriticalLineBound.lean:219:41: Used `tac1 <;> tac2` where `(tac1; tac2)` would suffice

Note: This linter can be disabled with `set_option linter.unnecessarySeqFocus false`
warning: ZhangLS/Spec/RiemannZetaCriticalLineBound.lean:303:8: 'ring' tactic does nothing

Note: This linter can be disabled with `set_option linter.unusedTactic false`
warning: ZhangLS/Spec/RiemannZetaCriticalLineBound.lean:303:8: this tactic is never executed

Note: This linter can be disabled with `set_option linter.unreachableTactic false`
warning: ZhangLS/Spec/RiemannZetaCriticalLineBound.lean:394:12: This simp argument is unused:
  norm_div

Hint: Omit it from the simp argument list.
  simp ̵[̵n̵o̵r̵m̵_̵d̵i̵v̵]̵

Note: This linter can be disabled with `set_option linter.unusedSimpArgs false`
warning: ZhangLS/Spec/RiemannZetaCriticalLineBound.lean:475:75: This simp argument is unused:
  norm_div

Hint: Omit it from the simp argument list.
  simp ̵[̵n̵o̵r̵m̵_̵d̵i̵v̵]̵

Note: This linter can be disabled with `set_option linter.unusedSimpArgs false`
⚠ [3466/3480] Replayed ZhangLS.Spec.Lemma57CriticalStripGrowth
warning: ZhangLS/Spec/Lemma57CriticalStripGrowth.lean:270:14: This simp argument is unused:
  norm_div

Hint: Omit it from the simp argument list.
  simp ̵[̵n̵o̵r̵m̵_̵d̵i̵v̵]̵

Note: This linter can be disabled with `set_option linter.unusedSimpArgs false`
⚠ [3479/3480] Replayed ZhangLS.Spec.Lemma57QuadraticConductorThreshold
warning: ZhangLS/Spec/Lemma57QuadraticConductorThreshold.lean:63:4: exponent 10000000 exceeds the threshold 256, exponentiation operation was not evaluated, use `set_option exponentiation.threshold <num>` to set a new threshold
warning: ZhangLS/Spec/Lemma57QuadraticConductorThreshold.lean:136:18: Used `tac1 <;> tac2` where `(tac1; tac2)` would suffice

Note: This linter can be disabled with `set_option linter.unnecessarySeqFocus false`
Build completed successfully (3480 jobs).
== kernel-check ZhangLS/Spec/Lemma57MellinContour.lean ==
⚠ [1279/1330] Replayed ZhangLS.Spec.RealDirichletCharacter
warning: ZhangLS/Spec/RealDirichletCharacter.lean:48:4: try 'simp' instead of 'simpa'

Note: This linter can be disabled with `set_option linter.unnecessarySimpa false`
⚠ [3428/3447] Replayed ZhangLS.Spec.RealAxisAtOne
warning: ZhangLS/Spec/RealAxisAtOne.lean:56:4: try 'simp' instead of 'simpa'

Note: This linter can be disabled with `set_option linter.unnecessarySimpa false`
⚠ [3430/3447] Replayed ZhangLS.Spec.Lemma57
warning: ZhangLS/Spec/Lemma57.lean:101:58: unused variable `hD`

Note: This linter can be disabled with `set_option linter.unusedVariables false`
warning: ZhangLS/Spec/Lemma57.lean:102:7: unused variable `hA`

Note: This linter can be disabled with `set_option linter.unusedVariables false`
⚠ [3431/3447] Replayed ZhangLS.Spec.Lemma57Arithmetic
warning: ZhangLS/Spec/Lemma57Arithmetic.lean:55:15: unused variable `hc_g`

Note: This linter can be disabled with `set_option linter.unusedVariables false`
⚠ [3436/3447] Replayed ZhangLS.Spec.Lemma57SmoothedSum
warning: ZhangLS/Spec/Lemma57SmoothedSum.lean:42:46: unused variable `hD`

Note: This linter can be disabled with `set_option linter.unusedVariables false`
⚠ [3445/3447] Replayed ZhangLS.Spec.Lemma57GaussianGlobal
warning: ZhangLS/Spec/Lemma57GaussianGlobal.lean:55:58: unused variable `ha`

Note: This linter can be disabled with `set_option linter.unusedVariables false`
warning: ZhangLS/Spec/Lemma57GaussianGlobal.lean:241:13: unused variable `hD`

Note: This linter can be disabled with `set_option linter.unusedVariables false`
warning: ZhangLS/Spec/Lemma57GaussianGlobal.lean:241:34: unused variable `hx`

Note: This linter can be disabled with `set_option linter.unusedVariables false`
⚠ [3446/3447] Replayed ZhangLS.Spec.Lemma57SmoothedSummability
warning: ZhangLS/Spec/Lemma57SmoothedSummability.lean:20:52: unused variable `hn`

Note: This linter can be disabled with `set_option linter.unusedVariables false`
Build completed successfully (3447 jobs).
== kernel-check ZhangLS/Spec/Lemma57MellinIdentity.lean ==
⚠ [1279/1663] Replayed ZhangLS.Spec.RealDirichletCharacter
warning: ZhangLS/Spec/RealDirichletCharacter.lean:48:4: try 'simp' instead of 'simpa'

Note: This linter can be disabled with `set_option linter.unnecessarySimpa false`
⚠ [3428/3451] Replayed ZhangLS.Spec.RealAxisAtOne
warning: ZhangLS/Spec/RealAxisAtOne.lean:56:4: try 'simp' instead of 'simpa'

Note: This linter can be disabled with `set_option linter.unnecessarySimpa false`
⚠ [3430/3451] Replayed ZhangLS.Spec.Lemma57
warning: ZhangLS/Spec/Lemma57.lean:101:58: unused variable `hD`

Note: This linter can be disabled with `set_option linter.unusedVariables false`
warning: ZhangLS/Spec/Lemma57.lean:102:7: unused variable `hA`

Note: This linter can be disabled with `set_option linter.unusedVariables false`
⚠ [3431/3451] Replayed ZhangLS.Spec.Lemma57Arithmetic
warning: ZhangLS/Spec/Lemma57Arithmetic.lean:55:15: unused variable `hc_g`

Note: This linter can be disabled with `set_option linter.unusedVariables false`
⚠ [3436/3451] Replayed ZhangLS.Spec.Lemma57SmoothedSum
warning: ZhangLS/Spec/Lemma57SmoothedSum.lean:42:46: unused variable `hD`

Note: This linter can be disabled with `set_option linter.unusedVariables false`
⚠ [3445/3451] Replayed ZhangLS.Spec.Lemma57GaussianGlobal
warning: ZhangLS/Spec/Lemma57GaussianGlobal.lean:55:58: unused variable `ha`

Note: This linter can be disabled with `set_option linter.unusedVariables false`
warning: ZhangLS/Spec/Lemma57GaussianGlobal.lean:241:13: unused variable `hD`

Note: This linter can be disabled with `set_option linter.unusedVariables false`
warning: ZhangLS/Spec/Lemma57GaussianGlobal.lean:241:34: unused variable `hx`

Note: This linter can be disabled with `set_option linter.unusedVariables false`
⚠ [3446/3451] Replayed ZhangLS.Spec.Lemma57SmoothedSummability
warning: ZhangLS/Spec/Lemma57SmoothedSummability.lean:20:52: unused variable `hn`

Note: This linter can be disabled with `set_option linter.unusedVariables false`
⚠ [3450/3451] Replayed ZhangLS.Spec.Lemma57GaussianMellinTransform
warning: ZhangLS/Spec/Lemma57GaussianMellinTransform.lean:67:63: Used `tac1 <;> tac2` where `(tac1; tac2)` would suffice

Note: This linter can be disabled with `set_option linter.unnecessarySeqFocus false`
warning: ZhangLS/Spec/Lemma57GaussianMellinTransform.lean:145:54: Used `tac1 <;> tac2` where `(tac1; tac2)` would suffice

Note: This linter can be disabled with `set_option linter.unnecessarySeqFocus false`
warning: ZhangLS/Spec/Lemma57GaussianMellinTransform.lean:326:4: Try `simp at hs` instead of `simpa using hs`

Note: This linter can be disabled with `set_option linter.unnecessarySimpa false`
Build completed successfully (3451 jobs).
== kernel-check ZhangLS/Spec/Lemma57PrincipalPart.lean ==
⚠ [1279/1675] Replayed ZhangLS.Spec.RealDirichletCharacter
warning: ZhangLS/Spec/RealDirichletCharacter.lean:48:4: try 'simp' instead of 'simpa'

Note: This linter can be disabled with `set_option linter.unnecessarySimpa false`
⚠ [3428/3455] Replayed ZhangLS.Spec.RealAxisAtOne
warning: ZhangLS/Spec/RealAxisAtOne.lean:56:4: try 'simp' instead of 'simpa'

Note: This linter can be disabled with `set_option linter.unnecessarySimpa false`
⚠ [3430/3455] Replayed ZhangLS.Spec.Lemma57
warning: ZhangLS/Spec/Lemma57.lean:101:58: unused variable `hD`

Note: This linter can be disabled with `set_option linter.unusedVariables false`
warning: ZhangLS/Spec/Lemma57.lean:102:7: unused variable `hA`

Note: This linter can be disabled with `set_option linter.unusedVariables false`
⚠ [3431/3455] Replayed ZhangLS.Spec.Lemma57Arithmetic
warning: ZhangLS/Spec/Lemma57Arithmetic.lean:55:15: unused variable `hc_g`

Note: This linter can be disabled with `set_option linter.unusedVariables false`
⚠ [3436/3455] Replayed ZhangLS.Spec.Lemma57SmoothedSum
warning: ZhangLS/Spec/Lemma57SmoothedSum.lean:42:46: unused variable `hD`

Note: This linter can be disabled with `set_option linter.unusedVariables false`
⚠ [3445/3455] Replayed ZhangLS.Spec.Lemma57GaussianGlobal
warning: ZhangLS/Spec/Lemma57GaussianGlobal.lean:55:58: unused variable `ha`

Note: This linter can be disabled with `set_option linter.unusedVariables false`
warning: ZhangLS/Spec/Lemma57GaussianGlobal.lean:241:13: unused variable `hD`

Note: This linter can be disabled with `set_option linter.unusedVariables false`
warning: ZhangLS/Spec/Lemma57GaussianGlobal.lean:241:34: unused variable `hx`

Note: This linter can be disabled with `set_option linter.unusedVariables false`
⚠ [3446/3455] Replayed ZhangLS.Spec.Lemma57SmoothedSummability
warning: ZhangLS/Spec/Lemma57SmoothedSummability.lean:20:52: unused variable `hn`

Note: This linter can be disabled with `set_option linter.unusedVariables false`
⚠ [3451/3455] Replayed ZhangLS.Spec.Lemma57GaussianMellinTransform
warning: ZhangLS/Spec/Lemma57GaussianMellinTransform.lean:67:63: Used `tac1 <;> tac2` where `(tac1; tac2)` would suffice

Note: This linter can be disabled with `set_option linter.unnecessarySeqFocus false`
warning: ZhangLS/Spec/Lemma57GaussianMellinTransform.lean:145:54: Used `tac1 <;> tac2` where `(tac1; tac2)` would suffice

Note: This linter can be disabled with `set_option linter.unnecessarySeqFocus false`
warning: ZhangLS/Spec/Lemma57GaussianMellinTransform.lean:326:4: Try `simp at hs` instead of `simpa using hs`

Note: This linter can be disabled with `set_option linter.unnecessarySimpa false`
Build completed successfully (3455 jobs).
== kernel-check ZhangLS/Spec/Lemma57QuadraticConductorThreshold.lean ==
⚠ [1279/1747] Replayed ZhangLS.Spec.RealDirichletCharacter
warning: ZhangLS/Spec/RealDirichletCharacter.lean:48:4: try 'simp' instead of 'simpa'

Note: This linter can be disabled with `set_option linter.unnecessarySimpa false`
⚠ [3428/3479] Replayed ZhangLS.Spec.RealAxisAtOne
warning: ZhangLS/Spec/RealAxisAtOne.lean:56:4: try 'simp' instead of 'simpa'

Note: This linter can be disabled with `set_option linter.unnecessarySimpa false`
⚠ [3430/3479] Replayed ZhangLS.Spec.Lemma57
warning: ZhangLS/Spec/Lemma57.lean:101:58: unused variable `hD`

Note: This linter can be disabled with `set_option linter.unusedVariables false`
warning: ZhangLS/Spec/Lemma57.lean:102:7: unused variable `hA`

Note: This linter can be disabled with `set_option linter.unusedVariables false`
⚠ [3431/3479] Replayed ZhangLS.Spec.Lemma57Arithmetic
warning: ZhangLS/Spec/Lemma57Arithmetic.lean:55:15: unused variable `hc_g`

Note: This linter can be disabled with `set_option linter.unusedVariables false`
⚠ [3436/3479] Replayed ZhangLS.Spec.Lemma57SmoothedSum
warning: ZhangLS/Spec/Lemma57SmoothedSum.lean:42:46: unused variable `hD`

Note: This linter can be disabled with `set_option linter.unusedVariables false`
⚠ [3445/3479] Replayed ZhangLS.Spec.Lemma57GaussianGlobal
warning: ZhangLS/Spec/Lemma57GaussianGlobal.lean:55:58: unused variable `ha`

Note: This linter can be disabled with `set_option linter.unusedVariables false`
warning: ZhangLS/Spec/Lemma57GaussianGlobal.lean:241:13: unused variable `hD`

Note: This linter can be disabled with `set_option linter.unusedVariables false`
warning: ZhangLS/Spec/Lemma57GaussianGlobal.lean:241:34: unused variable `hx`

Note: This linter can be disabled with `set_option linter.unusedVariables false`
⚠ [3446/3479] Replayed ZhangLS.Spec.Lemma57SmoothedSummability
warning: ZhangLS/Spec/Lemma57SmoothedSummability.lean:20:52: unused variable `hn`

Note: This linter can be disabled with `set_option linter.unusedVariables false`
⚠ [3451/3479] Replayed ZhangLS.Spec.Lemma57GaussianMellinTransform
warning: ZhangLS/Spec/Lemma57GaussianMellinTransform.lean:67:63: Used `tac1 <;> tac2` where `(tac1; tac2)` would suffice

Note: This linter can be disabled with `set_option linter.unnecessarySeqFocus false`
warning: ZhangLS/Spec/Lemma57GaussianMellinTransform.lean:145:54: Used `tac1 <;> tac2` where `(tac1; tac2)` would suffice

Note: This linter can be disabled with `set_option linter.unnecessarySeqFocus false`
warning: ZhangLS/Spec/Lemma57GaussianMellinTransform.lean:326:4: Try `simp at hs` instead of `simpa using hs`

Note: This linter can be disabled with `set_option linter.unnecessarySimpa false`
⚠ [3469/3479] Replayed ZhangLS.Spec.RiemannZetaCriticalLineBound
warning: ZhangLS/Spec/RiemannZetaCriticalLineBound.lean:99:2: Used `tac1 <;> tac2` where `(tac1; tac2)` would suffice

Note: This linter can be disabled with `set_option linter.unnecessarySeqFocus false`
warning: ZhangLS/Spec/RiemannZetaCriticalLineBound.lean:124:13: unused variable `hs`

Note: This linter can be disabled with `set_option linter.unusedVariables false`
warning: ZhangLS/Spec/RiemannZetaCriticalLineBound.lean:152:6: unused variable `n`

Note: This linter can be disabled with `set_option linter.unusedVariables false`
warning: ZhangLS/Spec/RiemannZetaCriticalLineBound.lean:156:20: unused variable `k`

Note: This linter can be disabled with `set_option linter.unusedVariables false`
warning: ZhangLS/Spec/RiemannZetaCriticalLineBound.lean:161:8: This simp argument is unused:
  sum_one_Icc

Hint: Omit it from the simp argument list.
  simp ̵[̵s̵u̵m̵_̵o̵n̵e̵_̵I̵c̵c̵]̵

Note: This linter can be disabled with `set_option linter.unusedSimpArgs false`
warning: ZhangLS/Spec/RiemannZetaCriticalLineBound.lean:242:12: 'ring' tactic does nothing

Note: This linter can be disabled with `set_option linter.unusedTactic false`
warning: ZhangLS/Spec/RiemannZetaCriticalLineBound.lean:242:12: this tactic is never executed

Note: This linter can be disabled with `set_option linter.unreachableTactic false`
warning: ZhangLS/Spec/RiemannZetaCriticalLineBound.lean:219:41: Used `tac1 <;> tac2` where `(tac1; tac2)` would suffice

Note: This linter can be disabled with `set_option linter.unnecessarySeqFocus false`
warning: ZhangLS/Spec/RiemannZetaCriticalLineBound.lean:303:8: 'ring' tactic does nothing

Note: This linter can be disabled with `set_option linter.unusedTactic false`
warning: ZhangLS/Spec/RiemannZetaCriticalLineBound.lean:303:8: this tactic is never executed

Note: This linter can be disabled with `set_option linter.unreachableTactic false`
warning: ZhangLS/Spec/RiemannZetaCriticalLineBound.lean:394:12: This simp argument is unused:
  norm_div

Hint: Omit it from the simp argument list.
  simp ̵[̵n̵o̵r̵m̵_̵d̵i̵v̵]̵

Note: This linter can be disabled with `set_option linter.unusedSimpArgs false`
warning: ZhangLS/Spec/RiemannZetaCriticalLineBound.lean:475:75: This simp argument is unused:
  norm_div

Hint: Omit it from the simp argument list.
  simp ̵[̵n̵o̵r̵m̵_̵d̵i̵v̵]̵

Note: This linter can be disabled with `set_option linter.unusedSimpArgs false`
⚠ [3470/3479] Replayed ZhangLS.Spec.Lemma57CriticalStripGrowth
warning: ZhangLS/Spec/Lemma57CriticalStripGrowth.lean:270:14: This simp argument is unused:
  norm_div

Hint: Omit it from the simp argument list.
  simp ̵[̵n̵o̵r̵m̵_̵d̵i̵v̵]̵

Note: This linter can be disabled with `set_option linter.unusedSimpArgs false`
⚠ [3479/3479] Replayed ZhangLS.Spec.Lemma57QuadraticConductorThreshold
warning: ZhangLS/Spec/Lemma57QuadraticConductorThreshold.lean:63:4: exponent 10000000 exceeds the threshold 256, exponentiation operation was not evaluated, use `set_option exponentiation.threshold <num>` to set a new threshold
warning: ZhangLS/Spec/Lemma57QuadraticConductorThreshold.lean:136:18: Used `tac1 <;> tac2` where `(tac1; tac2)` would suffice

Note: This linter can be disabled with `set_option linter.unnecessarySeqFocus false`
Build completed successfully (3479 jobs).
ZhangLS/Spec/Lemma57QuadraticConductorThreshold.lean:63:4: warning: exponent 10000000 exceeds the threshold 256, exponentiation operation was not evaluated, use `set_option exponentiation.threshold <num>` to set a new threshold
ZhangLS/Spec/Lemma57QuadraticConductorThreshold.lean:136:18: warning: Used `tac1 <;> tac2` where `(tac1; tac2)` would suffice

Note: This linter can be disabled with `set_option linter.unnecessarySeqFocus false`
== kernel-check ZhangLS/Spec/Lemma57RectangleWinding.lean ==
⚠ [1279/1420] Replayed ZhangLS.Spec.RealDirichletCharacter
warning: ZhangLS/Spec/RealDirichletCharacter.lean:48:4: try 'simp' instead of 'simpa'

Note: This linter can be disabled with `set_option linter.unnecessarySimpa false`
⚠ [3428/3454] Replayed ZhangLS.Spec.RealAxisAtOne
warning: ZhangLS/Spec/RealAxisAtOne.lean:56:4: try 'simp' instead of 'simpa'

Note: This linter can be disabled with `set_option linter.unnecessarySimpa false`
⚠ [3430/3454] Replayed ZhangLS.Spec.Lemma57
warning: ZhangLS/Spec/Lemma57.lean:101:58: unused variable `hD`

Note: This linter can be disabled with `set_option linter.unusedVariables false`
warning: ZhangLS/Spec/Lemma57.lean:102:7: unused variable `hA`

Note: This linter can be disabled with `set_option linter.unusedVariables false`
⚠ [3431/3454] Replayed ZhangLS.Spec.Lemma57Arithmetic
warning: ZhangLS/Spec/Lemma57Arithmetic.lean:55:15: unused variable `hc_g`

Note: This linter can be disabled with `set_option linter.unusedVariables false`
⚠ [3436/3454] Replayed ZhangLS.Spec.Lemma57SmoothedSum
warning: ZhangLS/Spec/Lemma57SmoothedSum.lean:42:46: unused variable `hD`

Note: This linter can be disabled with `set_option linter.unusedVariables false`
⚠ [3445/3454] Replayed ZhangLS.Spec.Lemma57GaussianGlobal
warning: ZhangLS/Spec/Lemma57GaussianGlobal.lean:55:58: unused variable `ha`

Note: This linter can be disabled with `set_option linter.unusedVariables false`
warning: ZhangLS/Spec/Lemma57GaussianGlobal.lean:241:13: unused variable `hD`

Note: This linter can be disabled with `set_option linter.unusedVariables false`
warning: ZhangLS/Spec/Lemma57GaussianGlobal.lean:241:34: unused variable `hx`

Note: This linter can be disabled with `set_option linter.unusedVariables false`
⚠ [3446/3454] Replayed ZhangLS.Spec.Lemma57SmoothedSummability
warning: ZhangLS/Spec/Lemma57SmoothedSummability.lean:20:52: unused variable `hn`

Note: This linter can be disabled with `set_option linter.unusedVariables false`
⚠ [3451/3454] Replayed ZhangLS.Spec.Lemma57GaussianMellinTransform
warning: ZhangLS/Spec/Lemma57GaussianMellinTransform.lean:67:63: Used `tac1 <;> tac2` where `(tac1; tac2)` would suffice

Note: This linter can be disabled with `set_option linter.unnecessarySeqFocus false`
warning: ZhangLS/Spec/Lemma57GaussianMellinTransform.lean:145:54: Used `tac1 <;> tac2` where `(tac1; tac2)` would suffice

Note: This linter can be disabled with `set_option linter.unnecessarySeqFocus false`
warning: ZhangLS/Spec/Lemma57GaussianMellinTransform.lean:326:4: Try `simp at hs` instead of `simpa using hs`

Note: This linter can be disabled with `set_option linter.unnecessarySimpa false`
Build completed successfully (3454 jobs).
== kernel-check ZhangLS/Spec/Lemma57ResidueBudget.lean ==
⚠ [1279/1304] Replayed ZhangLS.Spec.RealDirichletCharacter
warning: ZhangLS/Spec/RealDirichletCharacter.lean:48:4: try 'simp' instead of 'simpa'

Note: This linter can be disabled with `set_option linter.unnecessarySimpa false`
⚠ [3428/3476] Replayed ZhangLS.Spec.RealAxisAtOne
warning: ZhangLS/Spec/RealAxisAtOne.lean:56:4: try 'simp' instead of 'simpa'

Note: This linter can be disabled with `set_option linter.unnecessarySimpa false`
⚠ [3430/3476] Replayed ZhangLS.Spec.Lemma57
warning: ZhangLS/Spec/Lemma57.lean:101:58: unused variable `hD`

Note: This linter can be disabled with `set_option linter.unusedVariables false`
warning: ZhangLS/Spec/Lemma57.lean:102:7: unused variable `hA`

Note: This linter can be disabled with `set_option linter.unusedVariables false`
⚠ [3431/3476] Replayed ZhangLS.Spec.Lemma57Arithmetic
warning: ZhangLS/Spec/Lemma57Arithmetic.lean:55:15: unused variable `hc_g`

Note: This linter can be disabled with `set_option linter.unusedVariables false`
⚠ [3436/3476] Replayed ZhangLS.Spec.Lemma57SmoothedSum
warning: ZhangLS/Spec/Lemma57SmoothedSum.lean:42:46: unused variable `hD`

Note: This linter can be disabled with `set_option linter.unusedVariables false`
⚠ [3445/3476] Replayed ZhangLS.Spec.Lemma57GaussianGlobal
warning: ZhangLS/Spec/Lemma57GaussianGlobal.lean:55:58: unused variable `ha`

Note: This linter can be disabled with `set_option linter.unusedVariables false`
warning: ZhangLS/Spec/Lemma57GaussianGlobal.lean:241:13: unused variable `hD`

Note: This linter can be disabled with `set_option linter.unusedVariables false`
warning: ZhangLS/Spec/Lemma57GaussianGlobal.lean:241:34: unused variable `hx`

Note: This linter can be disabled with `set_option linter.unusedVariables false`
⚠ [3446/3476] Replayed ZhangLS.Spec.Lemma57SmoothedSummability
warning: ZhangLS/Spec/Lemma57SmoothedSummability.lean:20:52: unused variable `hn`

Note: This linter can be disabled with `set_option linter.unusedVariables false`
⚠ [3451/3476] Replayed ZhangLS.Spec.Lemma57GaussianMellinTransform
warning: ZhangLS/Spec/Lemma57GaussianMellinTransform.lean:67:63: Used `tac1 <;> tac2` where `(tac1; tac2)` would suffice

Note: This linter can be disabled with `set_option linter.unnecessarySeqFocus false`
warning: ZhangLS/Spec/Lemma57GaussianMellinTransform.lean:145:54: Used `tac1 <;> tac2` where `(tac1; tac2)` would suffice

Note: This linter can be disabled with `set_option linter.unnecessarySeqFocus false`
warning: ZhangLS/Spec/Lemma57GaussianMellinTransform.lean:326:4: Try `simp at hs` instead of `simpa using hs`

Note: This linter can be disabled with `set_option linter.unnecessarySimpa false`
⚠ [3465/3476] Replayed ZhangLS.Spec.RiemannZetaCriticalLineBound
warning: ZhangLS/Spec/RiemannZetaCriticalLineBound.lean:99:2: Used `tac1 <;> tac2` where `(tac1; tac2)` would suffice

Note: This linter can be disabled with `set_option linter.unnecessarySeqFocus false`
warning: ZhangLS/Spec/RiemannZetaCriticalLineBound.lean:124:13: unused variable `hs`

Note: This linter can be disabled with `set_option linter.unusedVariables false`
warning: ZhangLS/Spec/RiemannZetaCriticalLineBound.lean:152:6: unused variable `n`

Note: This linter can be disabled with `set_option linter.unusedVariables false`
warning: ZhangLS/Spec/RiemannZetaCriticalLineBound.lean:156:20: unused variable `k`

Note: This linter can be disabled with `set_option linter.unusedVariables false`
warning: ZhangLS/Spec/RiemannZetaCriticalLineBound.lean:161:8: This simp argument is unused:
  sum_one_Icc

Hint: Omit it from the simp argument list.
  simp ̵[̵s̵u̵m̵_̵o̵n̵e̵_̵I̵c̵c̵]̵

Note: This linter can be disabled with `set_option linter.unusedSimpArgs false`
warning: ZhangLS/Spec/RiemannZetaCriticalLineBound.lean:242:12: 'ring' tactic does nothing

Note: This linter can be disabled with `set_option linter.unusedTactic false`
warning: ZhangLS/Spec/RiemannZetaCriticalLineBound.lean:242:12: this tactic is never executed

Note: This linter can be disabled with `set_option linter.unreachableTactic false`
warning: ZhangLS/Spec/RiemannZetaCriticalLineBound.lean:219:41: Used `tac1 <;> tac2` where `(tac1; tac2)` would suffice

Note: This linter can be disabled with `set_option linter.unnecessarySeqFocus false`
warning: ZhangLS/Spec/RiemannZetaCriticalLineBound.lean:303:8: 'ring' tactic does nothing

Note: This linter can be disabled with `set_option linter.unusedTactic false`
warning: ZhangLS/Spec/RiemannZetaCriticalLineBound.lean:303:8: this tactic is never executed

Note: This linter can be disabled with `set_option linter.unreachableTactic false`
warning: ZhangLS/Spec/RiemannZetaCriticalLineBound.lean:394:12: This simp argument is unused:
  norm_div

Hint: Omit it from the simp argument list.
  simp ̵[̵n̵o̵r̵m̵_̵d̵i̵v̵]̵

Note: This linter can be disabled with `set_option linter.unusedSimpArgs false`
warning: ZhangLS/Spec/RiemannZetaCriticalLineBound.lean:475:75: This simp argument is unused:
  norm_div

Hint: Omit it from the simp argument list.
  simp ̵[̵n̵o̵r̵m̵_̵d̵i̵v̵]̵

Note: This linter can be disabled with `set_option linter.unusedSimpArgs false`
⚠ [3466/3476] Replayed ZhangLS.Spec.Lemma57CriticalStripGrowth
warning: ZhangLS/Spec/Lemma57CriticalStripGrowth.lean:270:14: This simp argument is unused:
  norm_div

Hint: Omit it from the simp argument list.
  simp ̵[̵n̵o̵r̵m̵_̵d̵i̵v̵]̵

Note: This linter can be disabled with `set_option linter.unusedSimpArgs false`
Build completed successfully (3476 jobs).
== kernel-check ZhangLS/Spec/Lemma57ShiftedGammaGrowth.lean ==
⚠ [1279/1828] Replayed ZhangLS.Spec.RealDirichletCharacter
warning: ZhangLS/Spec/RealDirichletCharacter.lean:48:4: try 'simp' instead of 'simpa'

Note: This linter can be disabled with `set_option linter.unnecessarySimpa false`
⚠ [3428/3470] Replayed ZhangLS.Spec.RealAxisAtOne
warning: ZhangLS/Spec/RealAxisAtOne.lean:56:4: try 'simp' instead of 'simpa'

Note: This linter can be disabled with `set_option linter.unnecessarySimpa false`
⚠ [3430/3470] Replayed ZhangLS.Spec.Lemma57
warning: ZhangLS/Spec/Lemma57.lean:101:58: unused variable `hD`

Note: This linter can be disabled with `set_option linter.unusedVariables false`
warning: ZhangLS/Spec/Lemma57.lean:102:7: unused variable `hA`

Note: This linter can be disabled with `set_option linter.unusedVariables false`
⚠ [3431/3470] Replayed ZhangLS.Spec.Lemma57Arithmetic
warning: ZhangLS/Spec/Lemma57Arithmetic.lean:55:15: unused variable `hc_g`

Note: This linter can be disabled with `set_option linter.unusedVariables false`
⚠ [3436/3470] Replayed ZhangLS.Spec.Lemma57SmoothedSum
warning: ZhangLS/Spec/Lemma57SmoothedSum.lean:42:46: unused variable `hD`

Note: This linter can be disabled with `set_option linter.unusedVariables false`
⚠ [3445/3470] Replayed ZhangLS.Spec.Lemma57GaussianGlobal
warning: ZhangLS/Spec/Lemma57GaussianGlobal.lean:55:58: unused variable `ha`

Note: This linter can be disabled with `set_option linter.unusedVariables false`
warning: ZhangLS/Spec/Lemma57GaussianGlobal.lean:241:13: unused variable `hD`

Note: This linter can be disabled with `set_option linter.unusedVariables false`
warning: ZhangLS/Spec/Lemma57GaussianGlobal.lean:241:34: unused variable `hx`

Note: This linter can be disabled with `set_option linter.unusedVariables false`
⚠ [3446/3470] Replayed ZhangLS.Spec.Lemma57SmoothedSummability
warning: ZhangLS/Spec/Lemma57SmoothedSummability.lean:20:52: unused variable `hn`

Note: This linter can be disabled with `set_option linter.unusedVariables false`
⚠ [3451/3470] Replayed ZhangLS.Spec.Lemma57GaussianMellinTransform
warning: ZhangLS/Spec/Lemma57GaussianMellinTransform.lean:67:63: Used `tac1 <;> tac2` where `(tac1; tac2)` would suffice

Note: This linter can be disabled with `set_option linter.unnecessarySeqFocus false`
warning: ZhangLS/Spec/Lemma57GaussianMellinTransform.lean:145:54: Used `tac1 <;> tac2` where `(tac1; tac2)` would suffice

Note: This linter can be disabled with `set_option linter.unnecessarySeqFocus false`
warning: ZhangLS/Spec/Lemma57GaussianMellinTransform.lean:326:4: Try `simp at hs` instead of `simpa using hs`

Note: This linter can be disabled with `set_option linter.unnecessarySimpa false`
⚠ [3465/3470] Replayed ZhangLS.Spec.RiemannZetaCriticalLineBound
warning: ZhangLS/Spec/RiemannZetaCriticalLineBound.lean:99:2: Used `tac1 <;> tac2` where `(tac1; tac2)` would suffice

Note: This linter can be disabled with `set_option linter.unnecessarySeqFocus false`
warning: ZhangLS/Spec/RiemannZetaCriticalLineBound.lean:124:13: unused variable `hs`

Note: This linter can be disabled with `set_option linter.unusedVariables false`
warning: ZhangLS/Spec/RiemannZetaCriticalLineBound.lean:152:6: unused variable `n`

Note: This linter can be disabled with `set_option linter.unusedVariables false`
warning: ZhangLS/Spec/RiemannZetaCriticalLineBound.lean:156:20: unused variable `k`

Note: This linter can be disabled with `set_option linter.unusedVariables false`
warning: ZhangLS/Spec/RiemannZetaCriticalLineBound.lean:161:8: This simp argument is unused:
  sum_one_Icc

Hint: Omit it from the simp argument list.
  simp ̵[̵s̵u̵m̵_̵o̵n̵e̵_̵I̵c̵c̵]̵

Note: This linter can be disabled with `set_option linter.unusedSimpArgs false`
warning: ZhangLS/Spec/RiemannZetaCriticalLineBound.lean:242:12: 'ring' tactic does nothing

Note: This linter can be disabled with `set_option linter.unusedTactic false`
warning: ZhangLS/Spec/RiemannZetaCriticalLineBound.lean:242:12: this tactic is never executed

Note: This linter can be disabled with `set_option linter.unreachableTactic false`
warning: ZhangLS/Spec/RiemannZetaCriticalLineBound.lean:219:41: Used `tac1 <;> tac2` where `(tac1; tac2)` would suffice

Note: This linter can be disabled with `set_option linter.unnecessarySeqFocus false`
warning: ZhangLS/Spec/RiemannZetaCriticalLineBound.lean:303:8: 'ring' tactic does nothing

Note: This linter can be disabled with `set_option linter.unusedTactic false`
warning: ZhangLS/Spec/RiemannZetaCriticalLineBound.lean:303:8: this tactic is never executed

Note: This linter can be disabled with `set_option linter.unreachableTactic false`
warning: ZhangLS/Spec/RiemannZetaCriticalLineBound.lean:394:12: This simp argument is unused:
  norm_div

Hint: Omit it from the simp argument list.
  simp ̵[̵n̵o̵r̵m̵_̵d̵i̵v̵]̵

Note: This linter can be disabled with `set_option linter.unusedSimpArgs false`
warning: ZhangLS/Spec/RiemannZetaCriticalLineBound.lean:475:75: This simp argument is unused:
  norm_div

Hint: Omit it from the simp argument list.
  simp ̵[̵n̵o̵r̵m̵_̵d̵i̵v̵]̵

Note: This linter can be disabled with `set_option linter.unusedSimpArgs false`
⚠ [3466/3470] Replayed ZhangLS.Spec.Lemma57CriticalStripGrowth
warning: ZhangLS/Spec/Lemma57CriticalStripGrowth.lean:270:14: This simp argument is unused:
  norm_div

Hint: Omit it from the simp argument list.
  simp ̵[̵n̵o̵r̵m̵_̵d̵i̵v̵]̵

Note: This linter can be disabled with `set_option linter.unusedSimpArgs false`
Build completed successfully (3470 jobs).
== kernel-check ZhangLS/Spec/Lemma57ShiftedIntegralEnvelope.lean ==
⚠ [1279/1695] Replayed ZhangLS.Spec.RealDirichletCharacter
warning: ZhangLS/Spec/RealDirichletCharacter.lean:48:4: try 'simp' instead of 'simpa'

Note: This linter can be disabled with `set_option linter.unnecessarySimpa false`
⚠ [3428/3471] Replayed ZhangLS.Spec.RealAxisAtOne
warning: ZhangLS/Spec/RealAxisAtOne.lean:56:4: try 'simp' instead of 'simpa'

Note: This linter can be disabled with `set_option linter.unnecessarySimpa false`
⚠ [3430/3471] Replayed ZhangLS.Spec.Lemma57
warning: ZhangLS/Spec/Lemma57.lean:101:58: unused variable `hD`

Note: This linter can be disabled with `set_option linter.unusedVariables false`
warning: ZhangLS/Spec/Lemma57.lean:102:7: unused variable `hA`

Note: This linter can be disabled with `set_option linter.unusedVariables false`
⚠ [3431/3471] Replayed ZhangLS.Spec.Lemma57Arithmetic
warning: ZhangLS/Spec/Lemma57Arithmetic.lean:55:15: unused variable `hc_g`

Note: This linter can be disabled with `set_option linter.unusedVariables false`
⚠ [3436/3471] Replayed ZhangLS.Spec.Lemma57SmoothedSum
warning: ZhangLS/Spec/Lemma57SmoothedSum.lean:42:46: unused variable `hD`

Note: This linter can be disabled with `set_option linter.unusedVariables false`
⚠ [3445/3471] Replayed ZhangLS.Spec.Lemma57GaussianGlobal
warning: ZhangLS/Spec/Lemma57GaussianGlobal.lean:55:58: unused variable `ha`

Note: This linter can be disabled with `set_option linter.unusedVariables false`
warning: ZhangLS/Spec/Lemma57GaussianGlobal.lean:241:13: unused variable `hD`

Note: This linter can be disabled with `set_option linter.unusedVariables false`
warning: ZhangLS/Spec/Lemma57GaussianGlobal.lean:241:34: unused variable `hx`

Note: This linter can be disabled with `set_option linter.unusedVariables false`
⚠ [3446/3471] Replayed ZhangLS.Spec.Lemma57SmoothedSummability
warning: ZhangLS/Spec/Lemma57SmoothedSummability.lean:20:52: unused variable `hn`

Note: This linter can be disabled with `set_option linter.unusedVariables false`
⚠ [3451/3471] Replayed ZhangLS.Spec.Lemma57GaussianMellinTransform
warning: ZhangLS/Spec/Lemma57GaussianMellinTransform.lean:67:63: Used `tac1 <;> tac2` where `(tac1; tac2)` would suffice

Note: This linter can be disabled with `set_option linter.unnecessarySeqFocus false`
warning: ZhangLS/Spec/Lemma57GaussianMellinTransform.lean:145:54: Used `tac1 <;> tac2` where `(tac1; tac2)` would suffice

Note: This linter can be disabled with `set_option linter.unnecessarySeqFocus false`
warning: ZhangLS/Spec/Lemma57GaussianMellinTransform.lean:326:4: Try `simp at hs` instead of `simpa using hs`

Note: This linter can be disabled with `set_option linter.unnecessarySimpa false`
⚠ [3465/3471] Replayed ZhangLS.Spec.RiemannZetaCriticalLineBound
warning: ZhangLS/Spec/RiemannZetaCriticalLineBound.lean:99:2: Used `tac1 <;> tac2` where `(tac1; tac2)` would suffice

Note: This linter can be disabled with `set_option linter.unnecessarySeqFocus false`
warning: ZhangLS/Spec/RiemannZetaCriticalLineBound.lean:124:13: unused variable `hs`

Note: This linter can be disabled with `set_option linter.unusedVariables false`
warning: ZhangLS/Spec/RiemannZetaCriticalLineBound.lean:152:6: unused variable `n`

Note: This linter can be disabled with `set_option linter.unusedVariables false`
warning: ZhangLS/Spec/RiemannZetaCriticalLineBound.lean:156:20: unused variable `k`

Note: This linter can be disabled with `set_option linter.unusedVariables false`
warning: ZhangLS/Spec/RiemannZetaCriticalLineBound.lean:161:8: This simp argument is unused:
  sum_one_Icc

Hint: Omit it from the simp argument list.
  simp ̵[̵s̵u̵m̵_̵o̵n̵e̵_̵I̵c̵c̵]̵

Note: This linter can be disabled with `set_option linter.unusedSimpArgs false`
warning: ZhangLS/Spec/RiemannZetaCriticalLineBound.lean:242:12: 'ring' tactic does nothing

Note: This linter can be disabled with `set_option linter.unusedTactic false`
warning: ZhangLS/Spec/RiemannZetaCriticalLineBound.lean:242:12: this tactic is never executed

Note: This linter can be disabled with `set_option linter.unreachableTactic false`
warning: ZhangLS/Spec/RiemannZetaCriticalLineBound.lean:219:41: Used `tac1 <;> tac2` where `(tac1; tac2)` would suffice

Note: This linter can be disabled with `set_option linter.unnecessarySeqFocus false`
warning: ZhangLS/Spec/RiemannZetaCriticalLineBound.lean:303:8: 'ring' tactic does nothing

Note: This linter can be disabled with `set_option linter.unusedTactic false`
warning: ZhangLS/Spec/RiemannZetaCriticalLineBound.lean:303:8: this tactic is never executed

Note: This linter can be disabled with `set_option linter.unreachableTactic false`
warning: ZhangLS/Spec/RiemannZetaCriticalLineBound.lean:394:12: This simp argument is unused:
  norm_div

Hint: Omit it from the simp argument list.
  simp ̵[̵n̵o̵r̵m̵_̵d̵i̵v̵]̵

Note: This linter can be disabled with `set_option linter.unusedSimpArgs false`
warning: ZhangLS/Spec/RiemannZetaCriticalLineBound.lean:475:75: This simp argument is unused:
  norm_div

Hint: Omit it from the simp argument list.
  simp ̵[̵n̵o̵r̵m̵_̵d̵i̵v̵]̵

Note: This linter can be disabled with `set_option linter.unusedSimpArgs false`
⚠ [3466/3471] Replayed ZhangLS.Spec.Lemma57CriticalStripGrowth
warning: ZhangLS/Spec/Lemma57CriticalStripGrowth.lean:270:14: This simp argument is unused:
  norm_div

Hint: Omit it from the simp argument list.
  simp ̵[̵n̵o̵r̵m̵_̵d̵i̵v̵]̵

Note: This linter can be disabled with `set_option linter.unusedSimpArgs false`
Build completed successfully (3471 jobs).
== kernel-check ZhangLS/Spec/Lemma57SmoothedSum.lean ==
⚠ [1279/1335] Replayed ZhangLS.Spec.RealDirichletCharacter
warning: ZhangLS/Spec/RealDirichletCharacter.lean:48:4: try 'simp' instead of 'simpa'

Note: This linter can be disabled with `set_option linter.unnecessarySimpa false`
⚠ [3428/3436] Replayed ZhangLS.Spec.RealAxisAtOne
warning: ZhangLS/Spec/RealAxisAtOne.lean:56:4: try 'simp' instead of 'simpa'

Note: This linter can be disabled with `set_option linter.unnecessarySimpa false`
⚠ [3430/3436] Replayed ZhangLS.Spec.Lemma57
warning: ZhangLS/Spec/Lemma57.lean:101:58: unused variable `hD`

Note: This linter can be disabled with `set_option linter.unusedVariables false`
warning: ZhangLS/Spec/Lemma57.lean:102:7: unused variable `hA`

Note: This linter can be disabled with `set_option linter.unusedVariables false`
⚠ [3431/3436] Replayed ZhangLS.Spec.Lemma57Arithmetic
warning: ZhangLS/Spec/Lemma57Arithmetic.lean:55:15: unused variable `hc_g`

Note: This linter can be disabled with `set_option linter.unusedVariables false`
⚠ [3436/3436] Replayed ZhangLS.Spec.Lemma57SmoothedSum
warning: ZhangLS/Spec/Lemma57SmoothedSum.lean:42:46: unused variable `hD`

Note: This linter can be disabled with `set_option linter.unusedVariables false`
Build completed successfully (3436 jobs).
ZhangLS/Spec/Lemma57SmoothedSum.lean:42:46: warning: unused variable `hD`

Note: This linter can be disabled with `set_option linter.unusedVariables false`
== kernel-check ZhangLS/Spec/Lemma57SmoothedSummability.lean ==
⚠ [1283/1849] Replayed ZhangLS.Spec.RealDirichletCharacter
warning: ZhangLS/Spec/RealDirichletCharacter.lean:48:4: try 'simp' instead of 'simpa'

Note: This linter can be disabled with `set_option linter.unnecessarySimpa false`
⚠ [3428/3446] Replayed ZhangLS.Spec.RealAxisAtOne
warning: ZhangLS/Spec/RealAxisAtOne.lean:56:4: try 'simp' instead of 'simpa'

Note: This linter can be disabled with `set_option linter.unnecessarySimpa false`
⚠ [3430/3446] Replayed ZhangLS.Spec.Lemma57
warning: ZhangLS/Spec/Lemma57.lean:101:58: unused variable `hD`

Note: This linter can be disabled with `set_option linter.unusedVariables false`
warning: ZhangLS/Spec/Lemma57.lean:102:7: unused variable `hA`

Note: This linter can be disabled with `set_option linter.unusedVariables false`
⚠ [3431/3446] Replayed ZhangLS.Spec.Lemma57Arithmetic
warning: ZhangLS/Spec/Lemma57Arithmetic.lean:55:15: unused variable `hc_g`

Note: This linter can be disabled with `set_option linter.unusedVariables false`
⚠ [3436/3446] Replayed ZhangLS.Spec.Lemma57SmoothedSum
warning: ZhangLS/Spec/Lemma57SmoothedSum.lean:42:46: unused variable `hD`

Note: This linter can be disabled with `set_option linter.unusedVariables false`
⚠ [3445/3446] Replayed ZhangLS.Spec.Lemma57GaussianGlobal
warning: ZhangLS/Spec/Lemma57GaussianGlobal.lean:55:58: unused variable `ha`

Note: This linter can be disabled with `set_option linter.unusedVariables false`
warning: ZhangLS/Spec/Lemma57GaussianGlobal.lean:241:13: unused variable `hD`

Note: This linter can be disabled with `set_option linter.unusedVariables false`
warning: ZhangLS/Spec/Lemma57GaussianGlobal.lean:241:34: unused variable `hx`

Note: This linter can be disabled with `set_option linter.unusedVariables false`
⚠ [3446/3446] Replayed ZhangLS.Spec.Lemma57SmoothedSummability
warning: ZhangLS/Spec/Lemma57SmoothedSummability.lean:20:52: unused variable `hn`

Note: This linter can be disabled with `set_option linter.unusedVariables false`
Build completed successfully (3446 jobs).
ZhangLS/Spec/Lemma57SmoothedSummability.lean:20:52: warning: unused variable `hn`

Note: This linter can be disabled with `set_option linter.unusedVariables false`
== kernel-check ZhangLS/Spec/PaperTheorems.lean ==
⚠ [1279/1307] Replayed ZhangLS.Spec.RealDirichletCharacter
warning: ZhangLS/Spec/RealDirichletCharacter.lean:48:4: try 'simp' instead of 'simpa'

Note: This linter can be disabled with `set_option linter.unnecessarySimpa false`
Build completed successfully (3426 jobs).
== kernel-check ZhangLS/Spec/RealAxisAtOne.lean ==
⚠ [1279/1324] Replayed ZhangLS.Spec.RealDirichletCharacter
warning: ZhangLS/Spec/RealDirichletCharacter.lean:48:4: try 'simp' instead of 'simpa'

Note: This linter can be disabled with `set_option linter.unnecessarySimpa false`
⚠ [3427/3427] Replayed ZhangLS.Spec.RealAxisAtOne
warning: ZhangLS/Spec/RealAxisAtOne.lean:56:4: try 'simp' instead of 'simpa'

Note: This linter can be disabled with `set_option linter.unnecessarySimpa false`
Build completed successfully (3427 jobs).
ZhangLS/Spec/RealAxisAtOne.lean:56:4: warning: try 'simp' instead of 'simpa'

Note: This linter can be disabled with `set_option linter.unnecessarySimpa false`
== kernel-check ZhangLS/Spec/RealAxisDerivativeAtOne.lean ==
⚠ [1279/1385] Replayed ZhangLS.Spec.RealDirichletCharacter
warning: ZhangLS/Spec/RealDirichletCharacter.lean:48:4: try 'simp' instead of 'simpa'

Note: This linter can be disabled with `set_option linter.unnecessarySimpa false`
⚠ [3427/3428] Replayed ZhangLS.Spec.RealAxisAtOne
warning: ZhangLS/Spec/RealAxisAtOne.lean:56:4: try 'simp' instead of 'simpa'

Note: This linter can be disabled with `set_option linter.unnecessarySimpa false`
Build completed successfully (3428 jobs).
== kernel-check ZhangLS/Spec/RealAxisLFunction.lean ==
⚠ [1279/1337] Replayed ZhangLS.Spec.RealDirichletCharacter
warning: ZhangLS/Spec/RealDirichletCharacter.lean:48:4: try 'simp' instead of 'simpa'

Note: This linter can be disabled with `set_option linter.unnecessarySimpa false`
Build completed successfully (3425 jobs).
== kernel-check ZhangLS/Spec/RealAxisSeries.lean ==
⚠ [1279/1336] Replayed ZhangLS.Spec.RealDirichletCharacter
warning: ZhangLS/Spec/RealDirichletCharacter.lean:48:4: try 'simp' instead of 'simpa'

Note: This linter can be disabled with `set_option linter.unnecessarySimpa false`
Build completed successfully (3426 jobs).
== kernel-check ZhangLS/Spec/RealDirichletCharacter.lean ==
⚠ [1280/1280] Replayed ZhangLS.Spec.RealDirichletCharacter
warning: ZhangLS/Spec/RealDirichletCharacter.lean:48:4: try 'simp' instead of 'simpa'

Note: This linter can be disabled with `set_option linter.unnecessarySimpa false`
Build completed successfully (1280 jobs).
ZhangLS/Spec/RealDirichletCharacter.lean:48:4: warning: try 'simp' instead of 'simpa'

Note: This linter can be disabled with `set_option linter.unnecessarySimpa false`
== kernel-check ZhangLS/Spec/ReciprocalDivisorBound.lean ==
⚠ [1279/1362] Replayed ZhangLS.Spec.RealDirichletCharacter
warning: ZhangLS/Spec/RealDirichletCharacter.lean:48:4: try 'simp' instead of 'simpa'

Note: This linter can be disabled with `set_option linter.unnecessarySimpa false`
⚠ [3428/3432] Replayed ZhangLS.Spec.RealAxisAtOne
warning: ZhangLS/Spec/RealAxisAtOne.lean:56:4: try 'simp' instead of 'simpa'

Note: This linter can be disabled with `set_option linter.unnecessarySimpa false`
⚠ [3430/3432] Replayed ZhangLS.Spec.Lemma57
warning: ZhangLS/Spec/Lemma57.lean:101:58: unused variable `hD`

Note: This linter can be disabled with `set_option linter.unusedVariables false`
warning: ZhangLS/Spec/Lemma57.lean:102:7: unused variable `hA`

Note: This linter can be disabled with `set_option linter.unusedVariables false`
⚠ [3431/3432] Replayed ZhangLS.Spec.Lemma57Arithmetic
warning: ZhangLS/Spec/Lemma57Arithmetic.lean:55:15: unused variable `hc_g`

Note: This linter can be disabled with `set_option linter.unusedVariables false`
Build completed successfully (3432 jobs).
== kernel-check ZhangLS/Spec/ReciprocalDivisorEulerFactorization.lean ==
⚠ [1279/1368] Replayed ZhangLS.Spec.RealDirichletCharacter
warning: ZhangLS/Spec/RealDirichletCharacter.lean:48:4: try 'simp' instead of 'simpa'

Note: This linter can be disabled with `set_option linter.unnecessarySimpa false`
⚠ [3428/3434] Replayed ZhangLS.Spec.RealAxisAtOne
warning: ZhangLS/Spec/RealAxisAtOne.lean:56:4: try 'simp' instead of 'simpa'

Note: This linter can be disabled with `set_option linter.unnecessarySimpa false`
⚠ [3430/3434] Replayed ZhangLS.Spec.Lemma57
warning: ZhangLS/Spec/Lemma57.lean:101:58: unused variable `hD`

Note: This linter can be disabled with `set_option linter.unusedVariables false`
warning: ZhangLS/Spec/Lemma57.lean:102:7: unused variable `hA`

Note: This linter can be disabled with `set_option linter.unusedVariables false`
⚠ [3431/3434] Replayed ZhangLS.Spec.Lemma57Arithmetic
warning: ZhangLS/Spec/Lemma57Arithmetic.lean:55:15: unused variable `hc_g`

Note: This linter can be disabled with `set_option linter.unusedVariables false`
Build completed successfully (3434 jobs).
== kernel-check ZhangLS/Spec/ReciprocalDivisorEulerLoss.lean ==
⚠ [1279/1433] Replayed ZhangLS.Spec.RealDirichletCharacter
warning: ZhangLS/Spec/RealDirichletCharacter.lean:48:4: try 'simp' instead of 'simpa'

Note: This linter can be disabled with `set_option linter.unnecessarySimpa false`
⚠ [3428/3433] Replayed ZhangLS.Spec.RealAxisAtOne
warning: ZhangLS/Spec/RealAxisAtOne.lean:56:4: try 'simp' instead of 'simpa'

Note: This linter can be disabled with `set_option linter.unnecessarySimpa false`
⚠ [3430/3433] Replayed ZhangLS.Spec.Lemma57
warning: ZhangLS/Spec/Lemma57.lean:101:58: unused variable `hD`

Note: This linter can be disabled with `set_option linter.unusedVariables false`
warning: ZhangLS/Spec/Lemma57.lean:102:7: unused variable `hA`

Note: This linter can be disabled with `set_option linter.unusedVariables false`
⚠ [3431/3433] Replayed ZhangLS.Spec.Lemma57Arithmetic
warning: ZhangLS/Spec/Lemma57Arithmetic.lean:55:15: unused variable `hc_g`

Note: This linter can be disabled with `set_option linter.unusedVariables false`
Build completed successfully (3433 jobs).
== kernel-check ZhangLS/Spec/RiemannZetaCriticalLineBound.lean ==
⚠ [1279/1445] Replayed ZhangLS.Spec.RealDirichletCharacter
warning: ZhangLS/Spec/RealDirichletCharacter.lean:48:4: try 'simp' instead of 'simpa'

Note: This linter can be disabled with `set_option linter.unnecessarySimpa false`
⚠ [3433/3433] Replayed ZhangLS.Spec.RiemannZetaCriticalLineBound
warning: ZhangLS/Spec/RiemannZetaCriticalLineBound.lean:99:2: Used `tac1 <;> tac2` where `(tac1; tac2)` would suffice

Note: This linter can be disabled with `set_option linter.unnecessarySeqFocus false`
warning: ZhangLS/Spec/RiemannZetaCriticalLineBound.lean:124:13: unused variable `hs`

Note: This linter can be disabled with `set_option linter.unusedVariables false`
warning: ZhangLS/Spec/RiemannZetaCriticalLineBound.lean:152:6: unused variable `n`

Note: This linter can be disabled with `set_option linter.unusedVariables false`
warning: ZhangLS/Spec/RiemannZetaCriticalLineBound.lean:156:20: unused variable `k`

Note: This linter can be disabled with `set_option linter.unusedVariables false`
warning: ZhangLS/Spec/RiemannZetaCriticalLineBound.lean:161:8: This simp argument is unused:
  sum_one_Icc

Hint: Omit it from the simp argument list.
  simp ̵[̵s̵u̵m̵_̵o̵n̵e̵_̵I̵c̵c̵]̵

Note: This linter can be disabled with `set_option linter.unusedSimpArgs false`
warning: ZhangLS/Spec/RiemannZetaCriticalLineBound.lean:242:12: 'ring' tactic does nothing

Note: This linter can be disabled with `set_option linter.unusedTactic false`
warning: ZhangLS/Spec/RiemannZetaCriticalLineBound.lean:242:12: this tactic is never executed

Note: This linter can be disabled with `set_option linter.unreachableTactic false`
warning: ZhangLS/Spec/RiemannZetaCriticalLineBound.lean:219:41: Used `tac1 <;> tac2` where `(tac1; tac2)` would suffice

Note: This linter can be disabled with `set_option linter.unnecessarySeqFocus false`
warning: ZhangLS/Spec/RiemannZetaCriticalLineBound.lean:303:8: 'ring' tactic does nothing

Note: This linter can be disabled with `set_option linter.unusedTactic false`
warning: ZhangLS/Spec/RiemannZetaCriticalLineBound.lean:303:8: this tactic is never executed

Note: This linter can be disabled with `set_option linter.unreachableTactic false`
warning: ZhangLS/Spec/RiemannZetaCriticalLineBound.lean:394:12: This simp argument is unused:
  norm_div

Hint: Omit it from the simp argument list.
  simp ̵[̵n̵o̵r̵m̵_̵d̵i̵v̵]̵

Note: This linter can be disabled with `set_option linter.unusedSimpArgs false`
warning: ZhangLS/Spec/RiemannZetaCriticalLineBound.lean:475:75: This simp argument is unused:
  norm_div

Hint: Omit it from the simp argument list.
  simp ̵[̵n̵o̵r̵m̵_̵d̵i̵v̵]̵

Note: This linter can be disabled with `set_option linter.unusedSimpArgs false`
Build completed successfully (3433 jobs).
ZhangLS/Spec/RiemannZetaCriticalLineBound.lean:99:2: warning: Used `tac1 <;> tac2` where `(tac1; tac2)` would suffice

Note: This linter can be disabled with `set_option linter.unnecessarySeqFocus false`
ZhangLS/Spec/RiemannZetaCriticalLineBound.lean:124:13: warning: unused variable `hs`

Note: This linter can be disabled with `set_option linter.unusedVariables false`
ZhangLS/Spec/RiemannZetaCriticalLineBound.lean:152:6: warning: unused variable `n`

Note: This linter can be disabled with `set_option linter.unusedVariables false`
ZhangLS/Spec/RiemannZetaCriticalLineBound.lean:156:20: warning: unused variable `k`

Note: This linter can be disabled with `set_option linter.unusedVariables false`
ZhangLS/Spec/RiemannZetaCriticalLineBound.lean:161:8: warning: This simp argument is unused:
  sum_one_Icc

Hint: Omit it from the simp argument list.
  simp ̵[̵s̵u̵m̵_̵o̵n̵e̵_̵I̵c̵c̵]̵

Note: This linter can be disabled with `set_option linter.unusedSimpArgs false`
ZhangLS/Spec/RiemannZetaCriticalLineBound.lean:242:12: warning: 'ring' tactic does nothing

Note: This linter can be disabled with `set_option linter.unusedTactic false`
ZhangLS/Spec/RiemannZetaCriticalLineBound.lean:242:12: warning: this tactic is never executed

Note: This linter can be disabled with `set_option linter.unreachableTactic false`
ZhangLS/Spec/RiemannZetaCriticalLineBound.lean:219:41: warning: Used `tac1 <;> tac2` where `(tac1; tac2)` would suffice

Note: This linter can be disabled with `set_option linter.unnecessarySeqFocus false`
ZhangLS/Spec/RiemannZetaCriticalLineBound.lean:303:8: warning: 'ring' tactic does nothing

Note: This linter can be disabled with `set_option linter.unusedTactic false`
ZhangLS/Spec/RiemannZetaCriticalLineBound.lean:303:8: warning: this tactic is never executed

Note: This linter can be disabled with `set_option linter.unreachableTactic false`
ZhangLS/Spec/RiemannZetaCriticalLineBound.lean:394:12: warning: This simp argument is unused:
  norm_div

Hint: Omit it from the simp argument list.
  simp ̵[̵n̵o̵r̵m̵_̵d̵i̵v̵]̵

Note: This linter can be disabled with `set_option linter.unusedSimpArgs false`
ZhangLS/Spec/RiemannZetaCriticalLineBound.lean:475:75: warning: This simp argument is unused:
  norm_div

Hint: Omit it from the simp argument list.
  simp ̵[̵n̵o̵r̵m̵_̵d̵i̵v̵]̵

Note: This linter can be disabled with `set_option linter.unusedSimpArgs false`
== Stage 1b/3: trusted Spec aggregate ==
== Stage 2/3: full project kernel check ==
⚠ [1979/2607] Replayed ZhangLS.RealDirichletSeries
warning: ZhangLS/RealDirichletSeries.lean:34:25: unused variable `hr`

Note: This linter can be disabled with `set_option linter.unusedVariables false`
⚠ [1980/2607] Replayed ZhangLS.AssumptionA
warning: ZhangLS/AssumptionA.lean:30:21: unused variable `s`

Note: This linter can be disabled with `set_option linter.unusedVariables false`
warning: ZhangLS/AssumptionA.lean:30:37: unused variable `χ`

Note: This linter can be disabled with `set_option linter.unusedVariables false`
warning: ZhangLS/AssumptionA.lean:35:22: unused variable `s`

Note: This linter can be disabled with `set_option linter.unusedVariables false`
warning: ZhangLS/AssumptionA.lean:35:38: unused variable `χ`

Note: This linter can be disabled with `set_option linter.unusedVariables false`
warning: ZhangLS/AssumptionA.lean:91:23: unused variable `h_pos`

Note: This linter can be disabled with `set_option linter.unusedVariables false`
warning: ZhangLS/AssumptionA.lean:112:5: unused variable `h_c_pos`

Note: This linter can be disabled with `set_option linter.unusedVariables false`
warning: ZhangLS/AssumptionA.lean:113:5: unused variable `h_u_pos`

Note: This linter can be disabled with `set_option linter.unusedVariables false`
⚠ [1981/2607] Replayed ZhangLS.MainIdentity
warning: ZhangLS/MainIdentity.lean:19:32: unused variable `H₂`

Note: This linter can be disabled with `set_option linter.unusedVariables false`
⚠ [1986/2607] Replayed ZhangLS.MainTerms
warning: ZhangLS/MainTerms.lean:64:5: unused variable `h_ap`

Note: This linter can be disabled with `set_option linter.unusedVariables false`
⚠ [1988/2607] Replayed ZhangLS.AnalyticHypotheses
warning: ZhangLS/AnalyticHypotheses.lean:36:21: unused variable `gamma`

Note: This linter can be disabled with `set_option linter.unusedVariables false`
⚠ [1989/2607] Replayed ZhangLS.Theorem1
warning: ZhangLS/Theorem1.lean:23:5: unused variable `env`

Note: This linter can be disabled with `set_option linter.unusedVariables false`
warning: ZhangLS/Theorem1.lean:26:5: unused variable `h_logD_pos`

Note: This linter can be disabled with `set_option linter.unusedVariables false`
warning: ZhangLS/Theorem1.lean:36:5: unused variable `env`

Note: This linter can be disabled with `set_option linter.unusedVariables false`
⚠ [1995/2607] Replayed ZhangLS.Estimates
warning: ZhangLS/Estimates.lean:27:11: unused variable `D`

Note: This linter can be disabled with `set_option linter.unusedVariables false`
⚠ [2001/2607] Replayed ZhangLS.LargeSieveFoundation
warning: ZhangLS/LargeSieveFoundation.lean:27:30: unused variable `hP`

Note: This linter can be disabled with `set_option linter.unusedVariables false`
⚠ [2012/2607] Replayed ZhangLS.FareySequence
warning: ZhangLS/FareySequence.lean:32:5: unused variable `hq`

Note: This linter can be disabled with `set_option linter.unusedVariables false`
warning: ZhangLS/FareySequence.lean:32:18: unused variable `hq'`

Note: This linter can be disabled with `set_option linter.unusedVariables false`
warning: ZhangLS/FareySequence.lean:46:18: unused variable `hq'`

Note: This linter can be disabled with `set_option linter.unusedVariables false`
⚠ [2013/2607] Replayed ZhangLS.ExponentialSumOrthogonality
warning: ZhangLS/ExponentialSumOrthogonality.lean:35:5: unused variable `kernel_norm`

Note: This linter can be disabled with `set_option linter.unusedVariables false`
warning: ZhangLS/ExponentialSumOrthogonality.lean:36:5: unused variable `h_dist_pos`

Note: This linter can be disabled with `set_option linter.unusedVariables false`
⚠ [2023/2607] Replayed ZhangLS.TaoAnalysisBridge
warning: ZhangLS/TaoAnalysisBridge.lean:16:24: unused variable `f`

Note: This linter can be disabled with `set_option linter.unusedVariables false`
warning: ZhangLS/TaoAnalysisBridge.lean:16:60: unused variable `x1`

Note: This linter can be disabled with `set_option linter.unusedVariables false`
warning: ZhangLS/TaoAnalysisBridge.lean:16:63: unused variable `x2`

Note: This linter can be disabled with `set_option linter.unusedVariables false`
warning: ZhangLS/TaoAnalysisBridge.lean:16:66: unused variable `y`

Note: This linter can be disabled with `set_option linter.unusedVariables false`
warning: ZhangLS/TaoAnalysisBridge.lean:20:24: unused variable `f`

Note: This linter can be disabled with `set_option linter.unusedVariables false`
warning: ZhangLS/TaoAnalysisBridge.lean:20:60: unused variable `x`

Note: This linter can be disabled with `set_option linter.unusedVariables false`
warning: ZhangLS/TaoAnalysisBridge.lean:20:62: unused variable `y1`

Note: This linter can be disabled with `set_option linter.unusedVariables false`
warning: ZhangLS/TaoAnalysisBridge.lean:20:65: unused variable `y2`

Note: This linter can be disabled with `set_option linter.unusedVariables false`
warning: ZhangLS/TaoAnalysisBridge.lean:25:5: unused variable `f`

Note: This linter can be disabled with `set_option linter.unusedVariables false`
warning: ZhangLS/TaoAnalysisBridge.lean:25:41: unused variable `x1`

Note: This linter can be disabled with `set_option linter.unusedVariables false`
warning: ZhangLS/TaoAnalysisBridge.lean:25:44: unused variable `x2`

Note: This linter can be disabled with `set_option linter.unusedVariables false`
warning: ZhangLS/TaoAnalysisBridge.lean:25:47: unused variable `y1`

Note: This linter can be disabled with `set_option linter.unusedVariables false`
warning: ZhangLS/TaoAnalysisBridge.lean:25:50: unused variable `y2`

Note: This linter can be disabled with `set_option linter.unusedVariables false`
⚠ [2024/2607] Replayed ZhangLS.TaoMellinIntegration
warning: ZhangLS/TaoMellinIntegration.lean:19:5: unused variable `f`

Note: This linter can be disabled with `set_option linter.unusedVariables false`
warning: ZhangLS/TaoMellinIntegration.lean:19:7: unused variable `g`

Note: This linter can be disabled with `set_option linter.unusedVariables false`
warning: ZhangLS/TaoMellinIntegration.lean:19:27: unused variable `x`

Note: This linter can be disabled with `set_option linter.unusedVariables false`
⚠ [2030/2607] Replayed ZhangLS.RealFPolynomialLowerBound
warning: ZhangLS/RealFPolynomialLowerBound.lean:36:5: unused variable `h_L_pos`

Note: This linter can be disabled with `set_option linter.unusedVariables false`
⚠ [2032/2607] Replayed ZhangLS.RealSobolevEnergy
warning: ZhangLS/RealSobolevEnergy.lean:42:5: unused variable `h_N_pos`

Note: This linter can be disabled with `set_option linter.unusedVariables false`
warning: ZhangLS/RealSobolevEnergy.lean:54:5: unused variable `h_energy_nonneg`

Note: This linter can be disabled with `set_option linter.unusedVariables false`
⚠ [2033/2607] Replayed ZhangLS.RealGaussSumLargeSieve
warning: ZhangLS/RealGaussSumLargeSieve.lean:39:5: unused variable `h_mult_nonneg`

Note: This linter can be disabled with `set_option linter.unusedVariables false`
warning: ZhangLS/RealGaussSumLargeSieve.lean:48:5: unused variable `h_energy`

Note: This linter can be disabled with `set_option linter.unusedVariables false`
⚠ [2037/2607] Replayed ZhangLS.RealStieltjesKernelIntegral
warning: ZhangLS/RealStieltjesKernelIntegral.lean:29:5: unused variable `h_x_pos`

Note: This linter can be disabled with `set_option linter.unusedVariables false`
warning: ZhangLS/RealStieltjesKernelIntegral.lean:38:5: unused variable `h_L_pos`

Note: This linter can be disabled with `set_option linter.unusedVariables false`
warning: ZhangLS/RealStieltjesKernelIntegral.lean:39:5: unused variable `h_haar_nonneg`

Note: This linter can be disabled with `set_option linter.unusedVariables false`
⚠ [2039/2607] Replayed ZhangLS.RealLogMomentCalculus
warning: ZhangLS/RealLogMomentCalculus.lean:21:5: unused variable `h_denom_pos`

Note: This linter can be disabled with `set_option linter.unusedVariables false`
⚠ [2040/2607] Replayed ZhangLS.RealStirlingContourDecay
warning: ZhangLS/RealStirlingContourDecay.lean:47:5: unused variable `h_M_pos`

Note: This linter can be disabled with `set_option linter.unusedVariables false`
⚠ [2044/2607] Replayed ZhangLS.RealHilbertMeasureEmbedding
warning: ZhangLS/RealHilbertMeasureEmbedding.lean:29:5: unused variable `h_pi`

Note: This linter can be disabled with `set_option linter.unusedVariables false`
warning: ZhangLS/RealHilbertMeasureEmbedding.lean:30:5: unused variable `h_pos`

Note: This linter can be disabled with `set_option linter.unusedVariables false`
warning: ZhangLS/RealHilbertMeasureEmbedding.lean:31:5: unused variable `h_energy_nonneg`

Note: This linter can be disabled with `set_option linter.unusedVariables false`
warning: ZhangLS/RealHilbertMeasureEmbedding.lean:49:5: unused variable `h_energy`

Note: This linter can be disabled with `set_option linter.unusedVariables false`
⚠ [2047/2607] Replayed ZhangLS.UnconditionalTheorem1
warning: ZhangLS/UnconditionalTheorem1.lean:47:2: `push_neg` has been deprecated. Prefer using `push Not` instead.
If you'd rather continue using `push_neg` in your project, you can implement it as follows:
```
open Lean.Parser.Tactic in
macro "push_neg" cfg:optConfig loc:(location)? : tactic =>
  `(tactic| push $cfg:optConfig Not $[$loc]?)
```
⚠ [2256/2607] Replayed ZhangLS.Fix1_FPolynomialZeroExclusion
warning: ZhangLS/Fix1_FPolynomialZeroExclusion.lean:41:5: unused variable `h_L_pos`

Note: This linter can be disabled with `set_option linter.unusedVariables false`
⚠ [2270/2607] Replayed ZhangLS.Spec.RealDirichletCharacter
warning: ZhangLS/Spec/RealDirichletCharacter.lean:48:4: try 'simp' instead of 'simpa'

Note: This linter can be disabled with `set_option linter.unnecessarySimpa false`
⚠ [3504/3729] Replayed ZhangLS.Spec.RealAxisAtOne
warning: ZhangLS/Spec/RealAxisAtOne.lean:56:4: try 'simp' instead of 'simpa'

Note: This linter can be disabled with `set_option linter.unnecessarySimpa false`
⚠ [3506/3729] Replayed ZhangLS.Spec.Lemma57
warning: ZhangLS/Spec/Lemma57.lean:101:58: unused variable `hD`

Note: This linter can be disabled with `set_option linter.unusedVariables false`
warning: ZhangLS/Spec/Lemma57.lean:102:7: unused variable `hA`

Note: This linter can be disabled with `set_option linter.unusedVariables false`
⚠ [3508/3729] Replayed ZhangLS.Spec.Lemma57Arithmetic
warning: ZhangLS/Spec/Lemma57Arithmetic.lean:55:15: unused variable `hc_g`

Note: This linter can be disabled with `set_option linter.unusedVariables false`
⚠ [3513/3729] Replayed ZhangLS.Spec.Lemma57SmoothedSum
warning: ZhangLS/Spec/Lemma57SmoothedSum.lean:42:46: unused variable `hD`

Note: This linter can be disabled with `set_option linter.unusedVariables false`
⚠ [3522/3729] Replayed ZhangLS.Spec.Lemma57GaussianGlobal
warning: ZhangLS/Spec/Lemma57GaussianGlobal.lean:55:58: unused variable `ha`

Note: This linter can be disabled with `set_option linter.unusedVariables false`
warning: ZhangLS/Spec/Lemma57GaussianGlobal.lean:241:13: unused variable `hD`

Note: This linter can be disabled with `set_option linter.unusedVariables false`
warning: ZhangLS/Spec/Lemma57GaussianGlobal.lean:241:34: unused variable `hx`

Note: This linter can be disabled with `set_option linter.unusedVariables false`
⚠ [3523/3729] Replayed ZhangLS.Spec.Lemma57SmoothedSummability
warning: ZhangLS/Spec/Lemma57SmoothedSummability.lean:20:52: unused variable `hn`

Note: This linter can be disabled with `set_option linter.unusedVariables false`
⚠ [3527/3729] Replayed ZhangLS.Spec.Lemma57GaussianMellinTransform
warning: ZhangLS/Spec/Lemma57GaussianMellinTransform.lean:67:63: Used `tac1 <;> tac2` where `(tac1; tac2)` would suffice

Note: This linter can be disabled with `set_option linter.unnecessarySeqFocus false`
warning: ZhangLS/Spec/Lemma57GaussianMellinTransform.lean:145:54: Used `tac1 <;> tac2` where `(tac1; tac2)` would suffice

Note: This linter can be disabled with `set_option linter.unnecessarySeqFocus false`
warning: ZhangLS/Spec/Lemma57GaussianMellinTransform.lean:326:4: Try `simp at hs` instead of `simpa using hs`

Note: This linter can be disabled with `set_option linter.unnecessarySimpa false`
⚠ [3542/3729] Replayed ZhangLS.Spec.RiemannZetaCriticalLineBound
warning: ZhangLS/Spec/RiemannZetaCriticalLineBound.lean:99:2: Used `tac1 <;> tac2` where `(tac1; tac2)` would suffice

Note: This linter can be disabled with `set_option linter.unnecessarySeqFocus false`
warning: ZhangLS/Spec/RiemannZetaCriticalLineBound.lean:124:13: unused variable `hs`

Note: This linter can be disabled with `set_option linter.unusedVariables false`
warning: ZhangLS/Spec/RiemannZetaCriticalLineBound.lean:152:6: unused variable `n`

Note: This linter can be disabled with `set_option linter.unusedVariables false`
warning: ZhangLS/Spec/RiemannZetaCriticalLineBound.lean:156:20: unused variable `k`

Note: This linter can be disabled with `set_option linter.unusedVariables false`
warning: ZhangLS/Spec/RiemannZetaCriticalLineBound.lean:161:8: This simp argument is unused:
  sum_one_Icc

Hint: Omit it from the simp argument list.
  simp ̵[̵s̵u̵m̵_̵o̵n̵e̵_̵I̵c̵c̵]̵

Note: This linter can be disabled with `set_option linter.unusedSimpArgs false`
warning: ZhangLS/Spec/RiemannZetaCriticalLineBound.lean:242:12: 'ring' tactic does nothing

Note: This linter can be disabled with `set_option linter.unusedTactic false`
warning: ZhangLS/Spec/RiemannZetaCriticalLineBound.lean:242:12: this tactic is never executed

Note: This linter can be disabled with `set_option linter.unreachableTactic false`
warning: ZhangLS/Spec/RiemannZetaCriticalLineBound.lean:219:41: Used `tac1 <;> tac2` where `(tac1; tac2)` would suffice

Note: This linter can be disabled with `set_option linter.unnecessarySeqFocus false`
warning: ZhangLS/Spec/RiemannZetaCriticalLineBound.lean:303:8: 'ring' tactic does nothing

Note: This linter can be disabled with `set_option linter.unusedTactic false`
warning: ZhangLS/Spec/RiemannZetaCriticalLineBound.lean:303:8: this tactic is never executed

Note: This linter can be disabled with `set_option linter.unreachableTactic false`
warning: ZhangLS/Spec/RiemannZetaCriticalLineBound.lean:394:12: This simp argument is unused:
  norm_div

Hint: Omit it from the simp argument list.
  simp ̵[̵n̵o̵r̵m̵_̵d̵i̵v̵]̵

Note: This linter can be disabled with `set_option linter.unusedSimpArgs false`
warning: ZhangLS/Spec/RiemannZetaCriticalLineBound.lean:475:75: This simp argument is unused:
  norm_div

Hint: Omit it from the simp argument list.
  simp ̵[̵n̵o̵r̵m̵_̵d̵i̵v̵]̵

Note: This linter can be disabled with `set_option linter.unusedSimpArgs false`
⚠ [3543/3729] Replayed ZhangLS.Spec.Lemma57CriticalStripGrowth
warning: ZhangLS/Spec/Lemma57CriticalStripGrowth.lean:270:14: This simp argument is unused:
  norm_div

Hint: Omit it from the simp argument list.
  simp ̵[̵n̵o̵r̵m̵_̵d̵i̵v̵]̵

Note: This linter can be disabled with `set_option linter.unusedSimpArgs false`
⚠ [3556/3729] Replayed ZhangLS.Spec.Lemma57QuadraticConductorThreshold
warning: ZhangLS/Spec/Lemma57QuadraticConductorThreshold.lean:63:4: exponent 10000000 exceeds the threshold 256, exponentiation operation was not evaluated, use `set_option exponentiation.threshold <num>` to set a new threshold
warning: ZhangLS/Spec/Lemma57QuadraticConductorThreshold.lean:136:18: Used `tac1 <;> tac2` where `(tac1; tac2)` would suffice

Note: This linter can be disabled with `set_option linter.unnecessarySeqFocus false`
⚠ [3582/3729] Replayed ZhangLS.Spec.Lemma23AnalyticLogBranch
warning: ZhangLS/Spec/Lemma23AnalyticLogBranch.lean:42:53: try 'simp' instead of 'simpa'

Note: This linter can be disabled with `set_option linter.unnecessarySimpa false`
warning: ZhangLS/Spec/Lemma23AnalyticLogBranch.lean:67:44: try 'simp' instead of 'simpa'

Note: This linter can be disabled with `set_option linter.unnecessarySimpa false`
⚠ [3706/3729] Replayed ZhangLS.Spec.Lemma23DirichletConjugation
warning: ZhangLS/Spec/Lemma23DirichletConjugation.lean:23:0: automatically included section variable(s) unused in theorem `ZhangLS.Spec.dirichletLSeries_inv_eq_conj_at_conj`:
  [NeZero N]
consider restructuring your `variable` declarations so that the variables are not in scope or explicitly omit them:
  omit [NeZero N] in theorem ...

Note: This linter can be disabled with `set_option linter.unusedSectionVars false`
⚠ [3723/3800] Replayed ZhangLS.Spec.Lemma23PrimitiveGaussSum
warning: ZhangLS/Spec/Lemma23PrimitiveGaussSum.lean:42:19: Used `tac1 <;> tac2` where `(tac1; tac2)` would suffice

Note: This linter can be disabled with `set_option linter.unnecessarySeqFocus false`
⚠ [3724/3800] Replayed ZhangLS.Spec.Lemma23DirichletUnitModulus
warning: ZhangLS/Spec/Lemma23DirichletUnitModulus.lean:112:48: Used `tac1 <;> tac2` where `(tac1; tac2)` would suffice

Note: This linter can be disabled with `set_option linter.unnecessarySeqFocus false`
⚠ [3745/3800] Replayed ZhangLS.Spec.Lemma44CharacterProduct
warning: ZhangLS/Spec/Lemma44CharacterProduct.lean:55:38: This simp argument is unused:
  mul_comm

Hint: Omit it from the simp argument list.
  simp [̵m̵u̵l̵_̵c̵o̵m̵m̵,̵ ̵m̵u̵l̵_̵l̵e̵f̵t̵_̵c̵o̵m̵m̵,̵[̲m̲u̲l̲_̲l̲e̲f̲t̲_̲c̲o̲m̲m̲,̲ mul_assoc]

Note: This linter can be disabled with `set_option linter.unusedSimpArgs false`
warning: ZhangLS/Spec/Lemma44CharacterProduct.lean:55:48: This simp argument is unused:
  mul_left_comm

Hint: Omit it from the simp argument list.
  simp [mul_comm, mul_l̵e̵f̵t̵_̵c̵o̵m̵m̵,̵ ̵m̵u̵l̵_̵assoc]

Note: This linter can be disabled with `set_option linter.unusedSimpArgs false`
⚠ [3753/3800] Replayed ZhangLS.Spec.Lemma44ProductMellin
warning: ZhangLS/Spec/Lemma44ProductMellin.lean:144:4: try 'simp' instead of 'simpa'

Note: This linter can be disabled with `set_option linter.unnecessarySimpa false`
⚠ [3757/3800] Replayed ZhangLS.Spec.Lemma44RightMellinApproximation
warning: ZhangLS/Spec/Lemma44RightMellinApproximation.lean:37:4: try 'simp' instead of 'simpa'

Note: This linter can be disabled with `set_option linter.unnecessarySimpa false`
⚠ [3760/3800] Replayed ZhangLS.Spec.Lemma44ReflectedLongSum
warning: ZhangLS/Spec/Lemma44ReflectedLongSum.lean:81:64: Used `tac1 <;> tac2` where `(tac1; tac2)` would suffice

Note: This linter can be disabled with `set_option linter.unnecessarySeqFocus false`
⚠ [3763/3800] Replayed ZhangLS.Spec.Lemma44InitialLeftEstimates
warning: ZhangLS/Spec/Lemma44InitialLeftEstimates.lean:68:23: Used `tac1 <;> tac2` where `(tac1; tac2)` would suffice

Note: This linter can be disabled with `set_option linter.unnecessarySeqFocus false`
⚠ [3766/3800] Replayed ZhangLS.Spec.Lemma44ComplexCharacterAbel
warning: ZhangLS/Spec/Lemma44ComplexCharacterAbel.lean:73:56: unused variable `hD`

Note: This linter can be disabled with `set_option linter.unusedVariables false`
⚠ [3767/3800] Replayed ZhangLS.Spec.Lemma44HorizontalGrowth
warning: ZhangLS/Spec/Lemma44HorizontalGrowth.lean:147:6: 'push_cast' tactic does nothing

Note: This linter can be disabled with `set_option linter.unusedTactic false`
⚠ [3769/3800] Replayed ZhangLS.Spec.Lemma44GaussianVerticalTail
info: ZhangLS/Spec/Lemma44GaussianVerticalTail.lean:41:4: Try this:
  [apply] ring_nf
  
  The `ring` tactic failed to close the goal. Use `ring_nf` to obtain a normal form.
    
  Note that `ring` works primarily in *commutative* rings. If you have a noncommutative ring, abelian group or module, consider using `noncomm_ring`, `abel` or `module` instead.
info: ZhangLS/Spec/Lemma44GaussianVerticalTail.lean:57:16: Try this:
  [apply] ring_nf
  
  The `ring` tactic failed to close the goal. Use `ring_nf` to obtain a normal form.
    
  Note that `ring` works primarily in *commutative* rings. If you have a noncommutative ring, abelian group or module, consider using `noncomm_ring`, `abel` or `module` instead.
warning: ZhangLS/Spec/Lemma44GaussianVerticalTail.lean:57:12: Used `tac1 <;> tac2` where `(tac1; tac2)` would suffice

Note: This linter can be disabled with `set_option linter.unnecessarySeqFocus false`
warning: ZhangLS/Spec/Lemma44GaussianVerticalTail.lean:68:22: Used `tac1 <;> tac2` where `(tac1; tac2)` would suffice

Note: This linter can be disabled with `set_option linter.unnecessarySeqFocus false`
info: ZhangLS/Spec/Lemma44GaussianVerticalTail.lean:153:35: Try this:
  [apply] ring_nf
  
  The `ring` tactic failed to close the goal. Use `ring_nf` to obtain a normal form.
    
  Note that `ring` works primarily in *commutative* rings. If you have a noncommutative ring, abelian group or module, consider using `noncomm_ring`, `abel` or `module` instead.
⚠ [3770/3800] Replayed ZhangLS.Spec.Lemma44LocalRectangle
warning: ZhangLS/Spec/Lemma44LocalRectangle.lean:115:46: This simp argument is unused:
  zero_mul

Hint: Omit it from the simp argument list.
  simp only [mem_reProdIm, mem_Icc, sub_re, sub_im, ofReal_re, ofReal_im, mul_re, mul_im, I_re,
  ̲  ̲ ̲ ̲ ̲ ̲ ̲ ̲I_im, mul_zero, z̵e̵r̵o̵_̵m̵u̵l̵,̵ ̵mul_one, zero_add, sub_zero]

Note: This linter can be disabled with `set_option linter.unusedSimpArgs false`
warning: ZhangLS/Spec/Lemma44LocalRectangle.lean:115:65: This simp argument is unused:
  zero_add

Hint: Omit it from the simp argument list.
  simp only [mem_reProdIm, mem_Icc, sub_re, sub_im, ofReal_re, ofReal_im, mul_re, mul_im, I_re,
  ̲  ̲ ̲ ̲ ̲ ̲ ̲ ̲I_im, mul_zero, zero_mul, mul_one, z̵e̵r̵o̵_̵a̵d̵d̵,̵ ̵sub_zero]

Note: This linter can be disabled with `set_option linter.unusedSimpArgs false`
⚠ [3773/3800] Replayed ZhangLS.Spec.Lemma44HorizontalIntegrals
warning: ZhangLS/Spec/Lemma44HorizontalIntegrals.lean:18:5: unused variable `hK`

Note: This linter can be disabled with `set_option linter.unusedVariables false`
⚠ [3774/3800] Replayed ZhangLS.Spec.Lemma44ReflectedPolynomialContours
warning: ZhangLS/Spec/Lemma44ReflectedPolynomialContours.lean:152:64: This simp argument is unused:
  mul_left_comm

Hint: Omit it from the simp argument list.
  simp only [sub_eq_add_neg, add_comm, add_left_comm, mul_comm, mul_l̵e̵f̵t̵_̵c̵o̵m̵m̵,̵ ̵m̵u̵l̵_̵assoc] at hc ⊢

Note: This linter can be disabled with `set_option linter.unusedSimpArgs false`
warning: ZhangLS/Spec/Lemma44ReflectedPolynomialContours.lean:152:79: This simp argument is unused:
  mul_assoc

Hint: Omit it from the simp argument list.
  simp only [sub_eq_add_neg, add_comm, add_left_comm, mul_comm, mul_left_comm,̵ ̵m̵u̵l̵_̵a̵s̵s̵o̵c̵] at hc ⊢

Note: This linter can be disabled with `set_option linter.unusedSimpArgs false`
⚠ [3778/3800] Replayed ZhangLS.Spec.Lemma45Normalization
warning: ZhangLS/Spec/Lemma45Normalization.lean:90:8: 'ring' tactic does nothing

Note: This linter can be disabled with `set_option linter.unusedTactic false`
warning: ZhangLS/Spec/Lemma45Normalization.lean:90:8: this tactic is never executed

Note: This linter can be disabled with `set_option linter.unreachableTactic false`
⚠ [3788/3800] Replayed ZhangLS.Spec.Lemma46SingleZero
warning: ZhangLS/Spec/Lemma46SingleZero.lean:33:10: This simp argument is unused:
  mem_sphere

Hint: Omit it from the simp argument list.
  simp [m̵e̵m̵_̵s̵p̵h̵e̵r̵e̵,̵ ̵dist_zero_right, abs_of_pos hR]

Note: This linter can be disabled with `set_option linter.unusedSimpArgs false`
warning: ZhangLS/Spec/Lemma46SingleZero.lean:33:22: This simp argument is unused:
  dist_zero_right

Hint: Omit it from the simp argument list.
  simp [mem_sphere, d̵i̵s̵t̵_̵z̵e̵r̵o̵_̵r̵i̵g̵h̵t̵,̵ ̵abs_of_pos hR]

Note: This linter can be disabled with `set_option linter.unusedSimpArgs false`
⚠ [3789/3800] Replayed ZhangLS.Spec.Lemma46RoucheLocal
warning: ZhangLS/Spec/Lemma46RoucheLocal.lean:30:5: unused variable `hm`

Note: This linter can be disabled with `set_option linter.unusedVariables false`
⚠ [3790/3800] Replayed ZhangLS.Spec.Lemma46ZeroAnalysis
warning: ZhangLS/Spec/Lemma46ZeroAnalysis.lean:108:39: Used `tac1 <;> tac2` where `(tac1; tac2)` would suffice

Note: This linter can be disabled with `set_option linter.unnecessarySeqFocus false`
warning: ZhangLS/Spec/Lemma46ZeroAnalysis.lean:132:54: unused variable `hc`

Note: This linter can be disabled with `set_option linter.unusedVariables false`
✔ [3797/3800] Built ZhangLS.Spec.All (1.0s)
✔ [3798/3800] Built ZhangLS.All (2.1s)
✔ [3799/3800] Built ZhangLS (2.1s)
Build completed successfully (3800 jobs).
== Stage 3/3: audit regression modules ==
'ZhangLS.Spec.lemma23_lemma41' depends on axioms: [propext, Classical.choice, Quot.sound]
'ZhangLS.Spec.lemma23_lemma42' depends on axioms: [propext, Classical.choice, Quot.sound]
'ZhangLS.Spec.lemma23_lemma43_at_explicit_threshold' depends on axioms: [propext, Classical.choice, Quot.sound]
'ZhangLS.Spec.lemma44_norm_logDeriv_Gamma_le_log_height' depends on axioms: [propext, Classical.choice, Quot.sound]
'ZhangLS.Spec.lemma44CharacterTwist_isPrimitive' depends on axioms: [propext, Classical.choice, Quot.sound]
'ZhangLS.Spec.lemma44_equation44' depends on axioms: [propext, Classical.choice, Quot.sound]
'ZhangLS.Spec.lemma44_equation46' depends on axioms: [propext, Classical.choice, Quot.sound]
'ZhangLS.Spec.lemma44ActualZtilde_norm_eq_one' depends on axioms: [propext, Classical.choice, Quot.sound]
'ZhangLS.Spec.lemma44_long_sum_on_omega3' depends on axioms: [propext, Classical.choice, Quot.sound]
'ZhangLS.Spec.lemma44ActualZtilde_norm_on_omega3' depends on axioms: [propext, Classical.choice, Quot.sound]
'ZhangLS.Spec.lemma44_paper_gaussian_long_sum_on_omega3' depends on axioms: [propext, Classical.choice, Quot.sound]
'ZhangLS.Spec.lemma44_gaussian_long_mellin_identity' depends on axioms: [propext, Classical.choice, Quot.sound]
'ZhangLS.Spec.lemma44_gaussian_long_mellin_integrable' depends on axioms: [propext, Classical.choice, Quot.sound]
'ZhangLS.Spec.lemma44_product_LFunction_eq_LSeries' depends on axioms: [propext, Classical.choice, Quot.sound]
'ZhangLS.Spec.lemma44CharacterTwist_inv' depends on axioms: [propext, Classical.choice, Quot.sound]
'ZhangLS.Spec.lemma44_middle_integrable' depends on axioms: [propext, Classical.choice, Quot.sound]
'ZhangLS.Spec.lemma44_truncated_middle_contour_bound' depends on axioms: [propext, Classical.choice, Quot.sound]
'ZhangLS.Spec.lemma44_product_gaussian_mellin_identity' depends on axioms: [propext, Classical.choice, Quot.sound]
'ZhangLS.Spec.lemma44_short_smoothing_error' depends on axioms: [propext, Classical.choice, Quot.sound]
'ZhangLS.Spec.lemma44_gaussian_tail_summable_and_bound' depends on axioms: [propext, Classical.choice, Quot.sound]
'ZhangLS.Spec.lemma44_full_gaussian_series_decomposition' depends on axioms: [propext, Classical.choice, Quot.sound]
'ZhangLS.Spec.lemma44_right_mellin_approximation' depends on axioms: [propext, Classical.choice, Quot.sound]
'ZhangLS.Spec.lemma44_product_mellin_rectangle_residue' depends on axioms: [propext, Classical.choice, Quot.sound]
'ZhangLS.Spec.lemma44_simple_pole_rectangle_left' depends on axioms: [propext, Classical.choice, Quot.sound]
'ZhangLS.Spec.lemma44_product_finite_shift' depends on axioms: [propext, Classical.choice, Quot.sound]
'ZhangLS.Spec.lemma44_left_product_mellin_eq_reflected_series' depends on axioms: [propext,
 Classical.choice,
 Quot.sound]
'ZhangLS.Spec.lemma44_dirichletLFunction_norm_le_of_pos_re' depends on axioms: [propext, Classical.choice, Quot.sound]
'ZhangLS.Spec.lemma44_actual_product_local_growth' depends on axioms: [propext, Classical.choice, Quot.sound]
'ZhangLS.Spec.lemma44_right_vertical_truncation_bound' depends on axioms: [propext, Classical.choice, Quot.sound]
'ZhangLS.Spec.lemma44_reflected_tail_contour_bound' depends on axioms: [propext, Classical.choice, Quot.sound]
'ZhangLS.Spec.lemma44_product_horizontal_error_bound' depends on axioms: [propext, Classical.choice, Quot.sound]
'ZhangLS.Spec.lemma44_reflected_polynomial_residue_shift' depends on axioms: [propext, Classical.choice, Quot.sound]
'ZhangLS.Spec.lemma44_reflected_polynomial_middle_shift' depends on axioms: [propext, Classical.choice, Quot.sound]
'ZhangLS.Spec.lemma44_short_right_contour_bound' depends on axioms: [propext, Classical.choice, Quot.sound]
'ZhangLS.Spec.lemma44_left_product_contour_decomposition' depends on axioms: [propext, Classical.choice, Quot.sound]
'ZhangLS.Spec.lemma44_actual_approximate_functional_equation' depends on axioms: [propext, Classical.choice, Quot.sound]
'ZhangLS.Spec.lemma44_uniform_error_constant' depends on axioms: [propext, Classical.choice, Quot.sound]
'ZhangLS.Spec.lemma45_short_sum_inv_eq_conj' depends on axioms: [propext, Classical.choice, Quot.sound]
'ZhangLS.Spec.lemma45_omega1_F_inv_bound' depends on axioms: [propext, Classical.choice, Quot.sound]
'ZhangLS.Spec.lemma45_equation410' depends on axioms: [propext, Classical.choice, Quot.sound]
'ZhangLS.Spec.lemma45_divisor_series_mass_le' depends on axioms: [propext, Classical.choice, Quot.sound]
'ZhangLS.Spec.lemma45_inverse_square_mass_le' depends on axioms: [propext, Classical.choice, Quot.sound]
'ZhangLS.Spec.lemma45_error_constant_le' depends on axioms: [propext, Classical.choice, Quot.sound]
'ZhangLS.Spec.lemma45_horizontal_F_quotient_bound' depends on axioms: [propext, Classical.choice, Quot.sound]
'ZhangLS.Spec.lemma45_B_uniform_gap' depends on axioms: [propext, Classical.choice, Quot.sound]
'ZhangLS.Spec.lemma45_actual_A_lower_bound' depends on axioms: [propext, Classical.choice, Quot.sound]
'ZhangLS.Spec.lemma45_actual_A_ne_zero' depends on axioms: [propext, Classical.choice, Quot.sound]
'ZhangLS.Spec.lemma45_actual_product_ne_zero' depends on axioms: [propext, Classical.choice, Quot.sound]
'ZhangLS.Spec.lemma46_inverse_F_logDeriv' depends on axioms: [propext, Classical.choice, Quot.sound]
'ZhangLS.Spec.lemma46_equation411' depends on axioms: [propext, Classical.choice, Quot.sound]
'ZhangLS.Spec.lemma46_exponential_transport_on_ball' depends on axioms: [propext, Classical.choice, Quot.sound]
'ZhangLS.Spec.lemma46_actual_model_approximation' depends on axioms: [propext, Classical.choice, Quot.sound]
'ZhangLS.Spec.lemma46_model_uniform_inner_boundary' depends on axioms: [propext, Classical.choice, Quot.sound]
'ZhangLS.Spec.lemma46_actual_A_reflected_zero' depends on axioms: [propext, Classical.choice, Quot.sound]
'ZhangLS.Spec.lemma46_unique_simple_zero_of_count_one' depends on axioms: [propext, Classical.choice, Quot.sound]
'ZhangLS.Spec.lemma46_actual_rouche_count_one' depends on axioms: [propext, Classical.choice, Quot.sound]
'ZhangLS.Spec.lemma46_zero_analysis_at_contraction' depends on axioms: [propext, Classical.choice, Quot.sound]
'ZhangLS.Spec.lemma46_exists_contraction_threshold' depends on axioms: [propext, Classical.choice, Quot.sound]
'ZhangLS.Spec.lemma46_proved' depends on axioms: [propext, Classical.choice, Quot.sound]
'ZhangLS.Spec.lemma47_dirichletZ_reflection' depends on axioms: [propext, Classical.choice, Quot.sound]
'ZhangLS.Spec.lemma47_actual_Z_reflection' depends on axioms: [propext, Classical.choice, Quot.sound]
'ZhangLS.Spec.lemma47_actual_normalized_reflection' depends on axioms: [propext, Classical.choice, Quot.sound]
'ZhangLS.Spec.lemma47_actual_A_analyticOn_outer_disk' depends on axioms: [propext, Classical.choice, Quot.sound]
'ZhangLS.Spec.lemma47_actual_error_reflection' depends on axioms: [propext, Classical.choice, Quot.sound]
'ZhangLS.Spec.lemma47_actual_model_approximation' depends on axioms: [propext, Classical.choice, Quot.sound]
'ZhangLS.Spec.lemma47_model_uniform_outer_boundary' depends on axioms: [propext, Classical.choice, Quot.sound]
'ZhangLS.Spec.lemma47_actual_strict_outer_comparison' depends on axioms: [propext, Classical.choice, Quot.sound]
'ZhangLS.Spec.lemma47_actual_three_zeros_at_expansion' depends on axioms: [propext, Classical.choice, Quot.sound]
'ZhangLS.Spec.lemma47_proved' depends on axioms: [propext, Classical.choice, Quot.sound]
LEAN_KERNEL_VERIFICATION=PASS
