Pinned toolchain: leanprover/lean4:v4.30.0
Lean: Lean (version 4.30.0, arm64-apple-darwin24.6.0, commit d024af099ca4bf2c86f649261ebf59565dc8c622, Release)
Lake: Lake version 5.0.0-src+d024af0 (Lean version 4.30.0)
Spec/All.lean coverage OK: 628 modules
All.lean coverage OK: 893 modules
placeholder check OK: 982 Lean files, no code-level sorry/admit
Lean source structure: 982 files; failures=0
== Stage 1a/3: trusted Spec modules, individually ==
⚠ [1279/1581] Replayed ZhangLS.Spec.RealDirichletCharacter
warning: ZhangLS/Spec/RealDirichletCharacter.lean:48:4: try 'simp' instead of 'simpa'

Note: This linter can be disabled with `set_option linter.unnecessarySimpa false`
⚠ [3435/3544] Replayed ZhangLS.Spec.RealAxisAtOne
warning: ZhangLS/Spec/RealAxisAtOne.lean:56:4: try 'simp' instead of 'simpa'

Note: This linter can be disabled with `set_option linter.unnecessarySimpa false`
⚠ [3437/3544] Replayed ZhangLS.Spec.Lemma57
warning: ZhangLS/Spec/Lemma57.lean:101:58: unused variable `hD`

Note: This linter can be disabled with `set_option linter.unusedVariables false`
warning: ZhangLS/Spec/Lemma57.lean:102:7: unused variable `hA`

Note: This linter can be disabled with `set_option linter.unusedVariables false`
⚠ [3438/3544] Replayed ZhangLS.Spec.Lemma57Arithmetic
warning: ZhangLS/Spec/Lemma57Arithmetic.lean:55:15: unused variable `hc_g`

Note: This linter can be disabled with `set_option linter.unusedVariables false`
⚠ [3443/3544] Replayed ZhangLS.Spec.Lemma57SmoothedSum
warning: ZhangLS/Spec/Lemma57SmoothedSum.lean:42:46: unused variable `hD`

Note: This linter can be disabled with `set_option linter.unusedVariables false`
⚠ [3451/3544] Replayed ZhangLS.Spec.Lemma44CharacterProduct
warning: ZhangLS/Spec/Lemma44CharacterProduct.lean:55:38: This simp argument is unused:
  mul_comm

Hint: Omit it from the simp argument list.
  simp [̵m̵u̵l̵_̵c̵o̵m̵m̵,̵ ̵m̵u̵l̵_̵l̵e̵f̵t̵_̵c̵o̵m̵m̵,̵[̲m̲u̲l̲_̲l̲e̲f̲t̲_̲c̲o̲m̲m̲,̲ mul_assoc]

Note: This linter can be disabled with `set_option linter.unusedSimpArgs false`
warning: ZhangLS/Spec/Lemma44CharacterProduct.lean:55:48: This simp argument is unused:
  mul_left_comm

Hint: Omit it from the simp argument list.
  simp [mul_comm, mul_l̵e̵f̵t̵_̵c̵o̵m̵m̵,̵ ̵m̵u̵l̵_̵assoc]

Note: This linter can be disabled with `set_option linter.unusedSimpArgs false`
⚠ [3476/3544] Replayed ZhangLS.Spec.Lemma23AnalyticLogBranch
warning: ZhangLS/Spec/Lemma23AnalyticLogBranch.lean:42:53: try 'simp' instead of 'simpa'

Note: This linter can be disabled with `set_option linter.unnecessarySimpa false`
warning: ZhangLS/Spec/Lemma23AnalyticLogBranch.lean:67:44: try 'simp' instead of 'simpa'

Note: This linter can be disabled with `set_option linter.unnecessarySimpa false`
⚠ [3486/3544] Replayed ZhangLS.Spec.Lemma57GaussianGlobal
warning: ZhangLS/Spec/Lemma57GaussianGlobal.lean:55:58: unused variable `ha`

Note: This linter can be disabled with `set_option linter.unusedVariables false`
warning: ZhangLS/Spec/Lemma57GaussianGlobal.lean:241:13: unused variable `hD`

Note: This linter can be disabled with `set_option linter.unusedVariables false`
warning: ZhangLS/Spec/Lemma57GaussianGlobal.lean:241:34: unused variable `hx`

Note: This linter can be disabled with `set_option linter.unusedVariables false`
⚠ [3487/3544] Replayed ZhangLS.Spec.Lemma57SmoothedSummability
warning: ZhangLS/Spec/Lemma57SmoothedSummability.lean:20:52: unused variable `hn`

Note: This linter can be disabled with `set_option linter.unusedVariables false`
⚠ [3492/3544] Replayed ZhangLS.Spec.Lemma57GaussianMellinTransform
warning: ZhangLS/Spec/Lemma57GaussianMellinTransform.lean:67:63: Used `tac1 <;> tac2` where `(tac1; tac2)` would suffice

Note: This linter can be disabled with `set_option linter.unnecessarySeqFocus false`
warning: ZhangLS/Spec/Lemma57GaussianMellinTransform.lean:145:54: Used `tac1 <;> tac2` where `(tac1; tac2)` would suffice

Note: This linter can be disabled with `set_option linter.unnecessarySeqFocus false`
warning: ZhangLS/Spec/Lemma57GaussianMellinTransform.lean:326:4: Try `simp at hs` instead of `simpa using hs`

Note: This linter can be disabled with `set_option linter.unnecessarySimpa false`
⚠ [3498/3544] Replayed ZhangLS.Spec.RiemannZetaCriticalLineBound
warning: ZhangLS/Spec/RiemannZetaCriticalLineBound.lean:99:2: Used `tac1 <;> tac2` where `(tac1; tac2)` would suffice

Note: This linter can be disabled with `set_option linter.unnecessarySeqFocus false`
warning: ZhangLS/Spec/RiemannZetaCriticalLineBound.lean:124:13: unused variable `hs`

Note: This linter can be disabled with `set_option linter.unusedVariables false`
warning: ZhangLS/Spec/RiemannZetaCriticalLineBound.lean:152:6: unused variable `n`

Note: This linter can be disabled with `set_option linter.unusedVariables false`
warning: ZhangLS/Spec/RiemannZetaCriticalLineBound.lean:156:20: unused variable `k`

Note: This linter can be disabled with `set_option linter.unusedVariables false`
warning: ZhangLS/Spec/RiemannZetaCriticalLineBound.lean:161:8: This simp argument is unused:
  sum_one_Icc

Hint: Omit it from the simp argument list.
  simp ̵[̵s̵u̵m̵_̵o̵n̵e̵_̵I̵c̵c̵]̵

Note: This linter can be disabled with `set_option linter.unusedSimpArgs false`
warning: ZhangLS/Spec/RiemannZetaCriticalLineBound.lean:242:12: 'ring' tactic does nothing

Note: This linter can be disabled with `set_option linter.unusedTactic false`
warning: ZhangLS/Spec/RiemannZetaCriticalLineBound.lean:242:12: this tactic is never executed

Note: This linter can be disabled with `set_option linter.unreachableTactic false`
warning: ZhangLS/Spec/RiemannZetaCriticalLineBound.lean:219:41: Used `tac1 <;> tac2` where `(tac1; tac2)` would suffice

Note: This linter can be disabled with `set_option linter.unnecessarySeqFocus false`
warning: ZhangLS/Spec/RiemannZetaCriticalLineBound.lean:303:8: 'ring' tactic does nothing

Note: This linter can be disabled with `set_option linter.unusedTactic false`
warning: ZhangLS/Spec/RiemannZetaCriticalLineBound.lean:303:8: this tactic is never executed

Note: This linter can be disabled with `set_option linter.unreachableTactic false`
warning: ZhangLS/Spec/RiemannZetaCriticalLineBound.lean:394:12: This simp argument is unused:
  norm_div

Hint: Omit it from the simp argument list.
  simp ̵[̵n̵o̵r̵m̵_̵d̵i̵v̵]̵

Note: This linter can be disabled with `set_option linter.unusedSimpArgs false`
warning: ZhangLS/Spec/RiemannZetaCriticalLineBound.lean:475:75: This simp argument is unused:
  norm_div

Hint: Omit it from the simp argument list.
  simp ̵[̵n̵o̵r̵m̵_̵d̵i̵v̵]̵

Note: This linter can be disabled with `set_option linter.unusedSimpArgs false`
⚠ [3499/3544] Replayed ZhangLS.Spec.Lemma57CriticalStripGrowth
warning: ZhangLS/Spec/Lemma57CriticalStripGrowth.lean:270:14: This simp argument is unused:
  norm_div

Hint: Omit it from the simp argument list.
  simp ̵[̵n̵o̵r̵m̵_̵d̵i̵v̵]̵

Note: This linter can be disabled with `set_option linter.unusedSimpArgs false`
⚠ [3505/3544] Replayed ZhangLS.Spec.Lemma23DirichletConjugation
warning: ZhangLS/Spec/Lemma23DirichletConjugation.lean:23:0: automatically included section variable(s) unused in theorem `ZhangLS.Spec.dirichletLSeries_inv_eq_conj_at_conj`:
  [NeZero N]
consider restructuring your `variable` declarations so that the variables are not in scope or explicitly omit them:
  omit [NeZero N] in theorem ...

Note: This linter can be disabled with `set_option linter.unusedSectionVars false`
⚠ [3507/3544] Replayed ZhangLS.Spec.Lemma23PrimitiveGaussSum
warning: ZhangLS/Spec/Lemma23PrimitiveGaussSum.lean:42:19: Used `tac1 <;> tac2` where `(tac1; tac2)` would suffice

Note: This linter can be disabled with `set_option linter.unnecessarySeqFocus false`
⚠ [3508/3544] Replayed ZhangLS.Spec.Lemma23DirichletUnitModulus
warning: ZhangLS/Spec/Lemma23DirichletUnitModulus.lean:112:48: Used `tac1 <;> tac2` where `(tac1; tac2)` would suffice

Note: This linter can be disabled with `set_option linter.unnecessarySeqFocus false`
⚠ [3646/3984] Replayed ZhangLS.Spec.Lemma44ProductMellin
warning: ZhangLS/Spec/Lemma44ProductMellin.lean:144:4: try 'simp' instead of 'simpa'

Note: This linter can be disabled with `set_option linter.unnecessarySimpa false`
⚠ [3650/3984] Replayed ZhangLS.Spec.Lemma44RightMellinApproximation
warning: ZhangLS/Spec/Lemma44RightMellinApproximation.lean:37:4: try 'simp' instead of 'simpa'

Note: This linter can be disabled with `set_option linter.unnecessarySimpa false`
⚠ [3654/3984] Replayed ZhangLS.Spec.Lemma44ReflectedLongSum
warning: ZhangLS/Spec/Lemma44ReflectedLongSum.lean:81:64: Used `tac1 <;> tac2` where `(tac1; tac2)` would suffice

Note: This linter can be disabled with `set_option linter.unnecessarySeqFocus false`
⚠ [3657/3984] Replayed ZhangLS.Spec.Lemma44InitialLeftEstimates
warning: ZhangLS/Spec/Lemma44InitialLeftEstimates.lean:68:23: Used `tac1 <;> tac2` where `(tac1; tac2)` would suffice

Note: This linter can be disabled with `set_option linter.unnecessarySeqFocus false`
⚠ [3660/3984] Replayed ZhangLS.Spec.Lemma44ComplexCharacterAbel
warning: ZhangLS/Spec/Lemma44ComplexCharacterAbel.lean:73:56: unused variable `hD`

Note: This linter can be disabled with `set_option linter.unusedVariables false`
⚠ [3661/3984] Replayed ZhangLS.Spec.Lemma44HorizontalGrowth
warning: ZhangLS/Spec/Lemma44HorizontalGrowth.lean:147:6: 'push_cast' tactic does nothing

Note: This linter can be disabled with `set_option linter.unusedTactic false`
⚠ [3663/3984] Replayed ZhangLS.Spec.Lemma44GaussianVerticalTail
info: ZhangLS/Spec/Lemma44GaussianVerticalTail.lean:41:4: Try this:
  [apply] ring_nf
  
  The `ring` tactic failed to close the goal. Use `ring_nf` to obtain a normal form.
    
  Note that `ring` works primarily in *commutative* rings. If you have a noncommutative ring, abelian group or module, consider using `noncomm_ring`, `abel` or `module` instead.
info: ZhangLS/Spec/Lemma44GaussianVerticalTail.lean:57:16: Try this:
  [apply] ring_nf
  
  The `ring` tactic failed to close the goal. Use `ring_nf` to obtain a normal form.
    
  Note that `ring` works primarily in *commutative* rings. If you have a noncommutative ring, abelian group or module, consider using `noncomm_ring`, `abel` or `module` instead.
warning: ZhangLS/Spec/Lemma44GaussianVerticalTail.lean:57:12: Used `tac1 <;> tac2` where `(tac1; tac2)` would suffice

Note: This linter can be disabled with `set_option linter.unnecessarySeqFocus false`
warning: ZhangLS/Spec/Lemma44GaussianVerticalTail.lean:68:22: Used `tac1 <;> tac2` where `(tac1; tac2)` would suffice

Note: This linter can be disabled with `set_option linter.unnecessarySeqFocus false`
info: ZhangLS/Spec/Lemma44GaussianVerticalTail.lean:153:35: Try this:
  [apply] ring_nf
  
  The `ring` tactic failed to close the goal. Use `ring_nf` to obtain a normal form.
    
  Note that `ring` works primarily in *commutative* rings. If you have a noncommutative ring, abelian group or module, consider using `noncomm_ring`, `abel` or `module` instead.
⚠ [3664/3984] Replayed ZhangLS.Spec.Lemma44LocalRectangle
warning: ZhangLS/Spec/Lemma44LocalRectangle.lean:115:46: This simp argument is unused:
  zero_mul

Hint: Omit it from the simp argument list.
  simp only [mem_reProdIm, mem_Icc, sub_re, sub_im, ofReal_re, ofReal_im, mul_re, mul_im, I_re,
  ̲  ̲ ̲ ̲ ̲ ̲ ̲ ̲I_im, mul_zero, z̵e̵r̵o̵_̵m̵u̵l̵,̵ ̵mul_one, zero_add, sub_zero]

Note: This linter can be disabled with `set_option linter.unusedSimpArgs false`
warning: ZhangLS/Spec/Lemma44LocalRectangle.lean:115:65: This simp argument is unused:
  zero_add

Hint: Omit it from the simp argument list.
  simp only [mem_reProdIm, mem_Icc, sub_re, sub_im, ofReal_re, ofReal_im, mul_re, mul_im, I_re,
  ̲  ̲ ̲ ̲ ̲ ̲ ̲ ̲I_im, mul_zero, zero_mul, mul_one, z̵e̵r̵o̵_̵a̵d̵d̵,̵ ̵sub_zero]

Note: This linter can be disabled with `set_option linter.unusedSimpArgs false`
⚠ [3667/3984] Replayed ZhangLS.Spec.Lemma44HorizontalIntegrals
warning: ZhangLS/Spec/Lemma44HorizontalIntegrals.lean:18:5: unused variable `hK`

Note: This linter can be disabled with `set_option linter.unusedVariables false`
⚠ [3668/3984] Replayed ZhangLS.Spec.Lemma44ReflectedPolynomialContours
warning: ZhangLS/Spec/Lemma44ReflectedPolynomialContours.lean:152:64: This simp argument is unused:
  mul_left_comm

Hint: Omit it from the simp argument list.
  simp only [sub_eq_add_neg, add_comm, add_left_comm, mul_comm, mul_l̵e̵f̵t̵_̵c̵o̵m̵m̵,̵ ̵m̵u̵l̵_̵assoc] at hc ⊢

Note: This linter can be disabled with `set_option linter.unusedSimpArgs false`
warning: ZhangLS/Spec/Lemma44ReflectedPolynomialContours.lean:152:79: This simp argument is unused:
  mul_assoc

Hint: Omit it from the simp argument list.
  simp only [sub_eq_add_neg, add_comm, add_left_comm, mul_comm, mul_left_comm,̵ ̵m̵u̵l̵_̵a̵s̵s̵o̵c̵] at hc ⊢

Note: This linter can be disabled with `set_option linter.unusedSimpArgs false`
⚠ [3672/3984] Replayed ZhangLS.Spec.Lemma45Normalization
warning: ZhangLS/Spec/Lemma45Normalization.lean:90:8: 'ring' tactic does nothing

Note: This linter can be disabled with `set_option linter.unusedTactic false`
warning: ZhangLS/Spec/Lemma45Normalization.lean:90:8: this tactic is never executed

Note: This linter can be disabled with `set_option linter.unreachableTactic false`
⚠ [3695/3984] Replayed ZhangLS.Spec.Lemma46SingleZero
warning: ZhangLS/Spec/Lemma46SingleZero.lean:33:10: This simp argument is unused:
  mem_sphere

Hint: Omit it from the simp argument list.
  simp [m̵e̵m̵_̵s̵p̵h̵e̵r̵e̵,̵ ̵dist_zero_right, abs_of_pos hR]

Note: This linter can be disabled with `set_option linter.unusedSimpArgs false`
warning: ZhangLS/Spec/Lemma46SingleZero.lean:33:22: This simp argument is unused:
  dist_zero_right

Hint: Omit it from the simp argument list.
  simp [mem_sphere, d̵i̵s̵t̵_̵z̵e̵r̵o̵_̵r̵i̵g̵h̵t̵,̵ ̵abs_of_pos hR]

Note: This linter can be disabled with `set_option linter.unusedSimpArgs false`
⚠ [3696/3984] Replayed ZhangLS.Spec.Lemma46RoucheLocal
warning: ZhangLS/Spec/Lemma46RoucheLocal.lean:30:5: unused variable `hm`

Note: This linter can be disabled with `set_option linter.unusedVariables false`
⚠ [3697/3984] Replayed ZhangLS.Spec.Lemma46ZeroAnalysis
warning: ZhangLS/Spec/Lemma46ZeroAnalysis.lean:108:39: Used `tac1 <;> tac2` where `(tac1; tac2)` would suffice

Note: This linter can be disabled with `set_option linter.unnecessarySeqFocus false`
warning: ZhangLS/Spec/Lemma46ZeroAnalysis.lean:151:54: unused variable `hc`

Note: This linter can be disabled with `set_option linter.unusedVariables false`
⚠ [3717/3984] Replayed ZhangLS.Spec.Lemma31CharacterAbel
warning: ZhangLS/Spec/Lemma31CharacterAbel.lean:23:26: unused variable `hN`

Note: This linter can be disabled with `set_option linter.unusedVariables false`
⚠ [3744/3984] Replayed ZhangLS.Spec.Lemma32Geometric
warning: ZhangLS/Spec/Lemma32Geometric.lean:13:2: 'norm_num [Nat.factorial] at h' tactic does nothing

Note: This linter can be disabled with `set_option linter.unusedTactic false`
⚠ [3746/3984] Replayed ZhangLS.Spec.Lemma32EulerFactors
warning: ZhangLS/Spec/Lemma32EulerFactors.lean:34:2: 'all_goals ring' tactic does nothing

Note: This linter can be disabled with `set_option linter.unusedTactic false`
warning: ZhangLS/Spec/Lemma32EulerFactors.lean:34:12: this tactic is never executed

Note: This linter can be disabled with `set_option linter.unreachableTactic false`
warning: ZhangLS/Spec/Lemma32EulerFactors.lean:44:2: 'all_goals ring' tactic does nothing

Note: This linter can be disabled with `set_option linter.unusedTactic false`
warning: ZhangLS/Spec/Lemma32EulerFactors.lean:44:12: this tactic is never executed

Note: This linter can be disabled with `set_option linter.unreachableTactic false`
⚠ [3758/3984] Replayed ZhangLS.Spec.Lemma32AnalyticCorrection
warning: ZhangLS/Spec/Lemma32AnalyticCorrection.lean:26:48: unused variable `hD`

Note: This linter can be disabled with `set_option linter.unusedVariables false`
⚠ [3766/3984] Replayed ZhangLS.Spec.Lemma32SmoothingCircle
warning: ZhangLS/Spec/Lemma32SmoothingCircle.lean:22:10: This simp argument is unused:
  norm_mul

Hint: Omit it from the simp argument list.
  simp [̵n̵o̵r̵m̵_̵m̵u̵l̵,̵C̵o̵m̵p̵l̵e̵x̵.̵n̵o̵r̵m̵_̵r̵e̵a̵l̵,̵a̵b̵s̵_̵o̵f̵_̵p̵o̵s̵[̲C̲o̲m̲p̲l̲e̲x̲.̲n̲o̲r̲m̲_̲r̲e̲a̲l̲,̲ ̲a̲b̲s̲_̲o̲f̲_̲p̲o̲s̲ hl0]

Note: This linter can be disabled with `set_option linter.unusedSimpArgs false`
⚠ [3767/3984] Replayed ZhangLS.Spec.Lemma32CircleIntegrand
warning: ZhangLS/Spec/Lemma32CircleIntegrand.lean:40:65: 'positivity' tactic does nothing

Note: This linter can be disabled with `set_option linter.unusedTactic false`
warning: ZhangLS/Spec/Lemma32CircleIntegrand.lean:40:65: this tactic is never executed

Note: This linter can be disabled with `set_option linter.unreachableTactic false`
⚠ [3776/3984] Replayed ZhangLS.Spec.Lemma32CorrectionProduct
warning: ZhangLS/Spec/Lemma32CorrectionProduct.lean:8:57: unused variable `χ`

Note: This linter can be disabled with `set_option linter.unusedVariables false`
⚠ [3779/3984] Replayed ZhangLS.Spec.Lemma32RegularNumerator
warning: ZhangLS/Spec/Lemma32RegularNumerator.lean:84:6: 'ring' tactic does nothing

Note: This linter can be disabled with `set_option linter.unusedTactic false`
warning: ZhangLS/Spec/Lemma32RegularNumerator.lean:84:6: this tactic is never executed

Note: This linter can be disabled with `set_option linter.unreachableTactic false`
⚠ [3786/3984] Replayed ZhangLS.Spec.Lemma32PrincipalBoundary
warning: ZhangLS/Spec/Lemma32PrincipalBoundary.lean:51:12: This simp argument is unused:
  mul_ite

Hint: Omit it from the simp argument list.
  simp [mul_i̵t̵e̵,̵m̵u̵l̵_̵comm]

Note: This linter can be disabled with `set_option linter.unusedSimpArgs false`
ℹ [3793/3984] Replayed ZhangLS.Spec.Lemma32QuarterPowerIntegrals
info: ZhangLS/Spec/Lemma32QuarterPowerIntegrals.lean:39:37: Try this:
  [apply] ring_nf
  
  The `ring` tactic failed to close the goal. Use `ring_nf` to obtain a normal form.
    
  Note that `ring` works primarily in *commutative* rings. If you have a noncommutative ring, abelian group or module, consider using `noncomm_ring`, `abel` or `module` instead.
⚠ [3799/3984] Replayed ZhangLS.Spec.Lemma32GlobalHeightGrowth
warning: ZhangLS/Spec/Lemma32GlobalHeightGrowth.lean:72:10: 'ring' tactic does nothing

Note: This linter can be disabled with `set_option linter.unusedTactic false`
warning: ZhangLS/Spec/Lemma32GlobalHeightGrowth.lean:72:10: this tactic is never executed

Note: This linter can be disabled with `set_option linter.unreachableTactic false`
⚠ [3804/3984] Replayed ZhangLS.Spec.Lemma32GammaMellin
warning: ZhangLS/Spec/Lemma32GammaMellin.lean:33:4: 'norm_num only [Nat.cast_one]' tactic does nothing

Note: This linter can be disabled with `set_option linter.unusedTactic false`
⚠ [3805/3984] Replayed ZhangLS.Spec.Lemma32MellinTerms
warning: ZhangLS/Spec/Lemma32MellinTerms.lean:21:39: This simp argument is unused:
  zero_mul

Hint: Omit it from the simp argument list.
  simp only [̵C̵o̵m̵p̵l̵e̵x̵.̵m̵u̵l̵_̵r̵e̵,̵C̵o̵m̵p̵l̵e̵x̵.̵a̵d̵d̵_̵r̵e̵,̵C̵o̵m̵p̵l̵e̵x̵.̵o̵f̵R̵e̵a̵l̵_̵r̵e̵,̵C̵o̵m̵p̵l̵e̵x̵.̵o̵f̵R̵e̵a̵l̵_̵i̵m̵,̵
  ̵ ̵ ̵ ̵ ̵C̵o̵m̵p̵l̵e̵x̵.̵I̵_̵r̵e̵,̵C̵o̵m̵p̵l̵e̵x̵.̵I̵_̵i̵m̵,̵m̵u̵l̵_̵z̵e̵r̵o̵,̵z̵e̵r̵o̵_̵m̵u̵l̵,̵s̵u̵b̵_̵z̵e̵r̵o̵,̵a̵d̵d̵_̵z̵e̵r̵o̵,̵C̵o̵m̵p̵l̵e̵x̵.̵o̵n̵e̵_̵r̵e̵,̵m̵u̵l̵_̵o̵n̵e̵,̵o̵n̵e̵_̵m̵u̵l̵]̵[̲C̲o̲m̲p̲l̲e̲x̲.̲m̲u̲l̲_̲r̲e̲,̲ ̲C̲o̲m̲p̲l̲e̲x̲.̲a̲d̲d̲_̲r̲e̲,̲ ̲C̲o̲m̲p̲l̲e̲x̲.̲o̲f̲R̲e̲a̲l̲_̲r̲e̲,̲ ̲C̲o̲m̲p̲l̲e̲x̲.̲o̲f̲R̲e̲a̲l̲_̲i̲m̲,̲ ̲C̲o̲m̲p̲l̲e̲x̲.̲I̲_̲r̲e̲,̲
  ̲ ̲ ̲ ̲ ̲C̲o̲m̲p̲l̲e̲x̲.̲I̲_̲i̲m̲,̲ ̲m̲u̲l̲_̲z̲e̲r̲o̲,̲ ̲s̲u̲b̲_̲z̲e̲r̲o̲,̲ ̲a̲d̲d̲_̲z̲e̲r̲o̲,̲ ̲C̲o̲m̲p̲l̲e̲x̲.̲o̲n̲e̲_̲r̲e̲,̲ ̲m̲u̲l̲_̲o̲n̲e̲,̲ ̲o̲n̲e̲_̲m̲u̲l̲]̲

Note: This linter can be disabled with `set_option linter.unusedSimpArgs false`
⚠ [3806/3984] Replayed ZhangLS.Spec.Lemma32TermMellinIdentity
warning: ZhangLS/Spec/Lemma32TermMellinIdentity.lean:20:4: try 'simp' instead of 'simpa'

Note: This linter can be disabled with `set_option linter.unnecessarySimpa false`
info: ZhangLS/Spec/Lemma32TermMellinIdentity.lean:48:74: Try this:
  [apply] ring_nf
  
  The `ring` tactic failed to close the goal. Use `ring_nf` to obtain a normal form.
    
  Note that `ring` works primarily in *commutative* rings. If you have a noncommutative ring, abelian group or module, consider using `noncomm_ring`, `abel` or `module` instead.
⚠ [3816/3984] Replayed ZhangLS.Spec.Lemma32BurgessAbelScale
warning: ZhangLS/Spec/Lemma32BurgessAbelScale.lean:32:20: Used `tac1 <;> tac2` where `(tac1; tac2)` would suffice

Note: This linter can be disabled with `set_option linter.unnecessarySeqFocus false`
⚠ [3820/3984] Replayed ZhangLS.Spec.Lemma32BurgessLeftError
warning: ZhangLS/Spec/Lemma32BurgessLeftError.lean:35:20: Used `tac1 <;> tac2` where `(tac1; tac2)` would suffice

Note: This linter can be disabled with `set_option linter.unnecessarySeqFocus false`
⚠ [3831/3984] Replayed ZhangLS.Spec.Lemma32QuadraticCorrelation
warning: ZhangLS/Spec/Lemma32QuadraticCorrelation.lean:36:17: Used `tac1 <;> tac2` where `(tac1; tac2)` would suffice

Note: This linter can be disabled with `set_option linter.unnecessarySeqFocus false`
⚠ [3870/3984] Replayed ZhangLS.External.HasseWeil.Foundation.Auxiliary.EllipticDivisibilitySequence
warning: ZhangLS/External/HasseWeil/Foundation/Auxiliary/EllipticDivisibilitySequence.lean:980:4: 'simp only [EllSequence.invarNum, EllSequence.invarDenom]' tactic does nothing

Note: This linter can be disabled with `set_option linter.unusedTactic false`
warning: ZhangLS/External/HasseWeil/Foundation/Auxiliary/EllipticDivisibilitySequence.lean:980:4: this tactic is never executed

Note: This linter can be disabled with `set_option linter.unreachableTactic false`
⚠ [3876/3984] Replayed ZhangLS.External.HasseWeil.Foundation.Auxiliary.DivisionPolynomial
warning: ZhangLS/External/HasseWeil/Foundation/Auxiliary/DivisionPolynomial.lean:195:22: Used `tac1 <;> tac2` where `(tac1; tac2)` would suffice

Note: This linter can be disabled with `set_option linter.unnecessarySeqFocus false`
warning: ZhangLS/External/HasseWeil/Foundation/Auxiliary/DivisionPolynomial.lean:322:50: This simp argument is unused:
  (map_pow polyToField)

Hint: Omit it from the simp argument list.
  simp only [smulX_one, smulY_one, pointedCurve_a₁, pointedCurve_a₂, pointedCurve_a₄,
      (map_sub polyToField), (map_mul polyToField), (map_p̵ow̵ ̵p̵o̵l̵y̵T̵o̵F̵i̵e̵l̵d̵)̵,̵ ̵(̵m̵a̵p̵_̵o̵fNat polyToField), (map_add polyToField)]

Note: This linter can be disabled with `set_option linter.unusedSimpArgs false`
warning: ZhangLS/External/HasseWeil/Foundation/Auxiliary/DivisionPolynomial.lean:322:73: This simp argument is unused:
  (map_ofNat polyToField)

Hint: Omit it from the simp argument list.
  simp only [smulX_one, smulY_one, pointedCurve_a₁, pointedCurve_a₂, pointedCurve_a₄,
      (map_sub polyToField), (map_mul polyToField), (map_pow polyToField), (map_o̵f̵N̵at̵ ̵p̵o̵l̵y̵T̵o̵F̵i̵e̵l̵d)̵,̵ ̵(̵m̵a̵p̵_̵a̵dd̵ polyToField)]

Note: This linter can be disabled with `set_option linter.unusedSimpArgs false`
warning: ZhangLS/External/HasseWeil/Foundation/Auxiliary/DivisionPolynomial.lean:322:98: This simp argument is unused:
  (map_add polyToField)

Hint: Omit it from the simp argument list.
  simp only [smulX_one, smulY_one, pointedCurve_a₁, pointedCurve_a₂, pointedCurve_a₄,
      (map_sub polyToField), (map_mul polyToField), (map_pow polyToField), (map_ofNat polyToField),̵ ̵(̵m̵a̵p̵_̵a̵d̵d̵ ̵p̵o̵l̵y̵T̵o̵F̵i̵e̵l̵d̵)̵]

Note: This linter can be disabled with `set_option linter.unusedSimpArgs false`
warning: ZhangLS/External/HasseWeil/Foundation/Auxiliary/DivisionPolynomial.lean:323:96: Used `tac1 <;> tac2` where `(tac1; tac2)` would suffice

Note: This linter can be disabled with `set_option linter.unnecessarySeqFocus false`
warning: ZhangLS/External/HasseWeil/Foundation/Auxiliary/DivisionPolynomial.lean:513:53: This simp argument is unused:
  (show Odd 3 by decide).neg_pow

Hint: Omit it from the simp argument list.
  simp [smulPoly, ω_neg_eq_neg_negY, neg, smul_fin3,̵ ̵(̵s̵h̵o̵w̵ ̵O̵d̵d̵ ̵3̵ ̵b̵y̵ ̵d̵e̵c̵i̵d̵e̵)̵.̵n̵e̵g̵_̵p̵o̵w̵]

Note: This linter can be disabled with `set_option linter.unusedSimpArgs false`
⚠ [3933/3984] Replayed ZhangLS.External.HasseWeil.FormalGroup.FormalGroupCorrespondence
warning: ZhangLS/External/HasseWeil/FormalGroup/FormalGroupCorrespondence.lean:321:0: automatically included section variable(s) unused in theorem `HasseWeil.formalMulByInt_linear_coeff`:
  [DecidableEq F]
  [WeierstrassCurve.IsElliptic W.toAffine]
consider restructuring your `variable` declarations so that the variables are not in scope or explicitly omit them:
  omit [DecidableEq F] [WeierstrassCurve.IsElliptic W.toAffine] in theorem ...

Note: This linter can be disabled with `set_option linter.unusedSectionVars false`
warning: ZhangLS/External/HasseWeil/FormalGroup/FormalGroupCorrespondence.lean:326:0: automatically included section variable(s) unused in theorem `HasseWeil.formalMulByInt_const_zero`:
  [DecidableEq F]
  [WeierstrassCurve.IsElliptic W.toAffine]
consider restructuring your `variable` declarations so that the variables are not in scope or explicitly omit them:
  omit [DecidableEq F] [WeierstrassCurve.IsElliptic W.toAffine] in theorem ...

Note: This linter can be disabled with `set_option linter.unusedSectionVars false`
⚠ [3934/3984] Replayed ZhangLS.External.HasseWeil.Foundation.Auxiliary.DiffQuotientRule
warning: ZhangLS/External/HasseWeil/Foundation/Auxiliary/DiffQuotientRule.lean:27:0: automatically included section variable(s) unused in theorem `HasseWeil.D_inv_smul`:
  [WeierstrassCurve.IsElliptic E]
consider restructuring your `variable` declarations so that the variables are not in scope or explicitly omit them:
  omit [WeierstrassCurve.IsElliptic E] in theorem ...

Note: This linter can be disabled with `set_option linter.unusedSectionVars false`
⚠ [3955/3984] Replayed ZhangLS.External.HasseWeil.Foundation.EC.AffinePointMap
warning: ZhangLS/External/HasseWeil/Foundation/EC/AffinePointMap.lean:94:0: automatically included section variable(s) unused in theorem `HasseWeil.Affine.Point.map_neg`:
  [DecidableEq F]
  [DecidableEq F']
consider restructuring your `variable` declarations so that the variables are not in scope or explicitly omit them:
  omit [DecidableEq F] [DecidableEq F'] in theorem ...

Note: This linter can be disabled with `set_option linter.unusedSectionVars false`
⚠ [3956/3984] Replayed ZhangLS.External.HasseWeil.Foundation.EC.GenericPoint
warning: ZhangLS/External/HasseWeil/Foundation/EC/GenericPoint.lean:43:0: automatically included section variable(s) unused in theorem `HasseWeil.generic_nonsingular`:
  [DecidableEq F]
consider restructuring your `variable` declarations so that the variables are not in scope or explicitly omit them:
  omit [DecidableEq F] in theorem ...

Note: This linter can be disabled with `set_option linter.unusedSectionVars false`
⚠ [3972/4402] Replayed ZhangLS.External.HasseWeil.Foundation.OrdAtInftyBridge
warning: ZhangLS/External/HasseWeil/Foundation/OrdAtInftyBridge.lean:55:8: automatically included section variable(s) unused in theorem `HasseWeil.W_smooth_toAffine`:
  [DecidableEq F]
  [WeierstrassCurve.IsElliptic W.toAffine]
consider restructuring your `variable` declarations so that the variables are not in scope or explicitly omit them:
  omit [DecidableEq F] [WeierstrassCurve.IsElliptic W.toAffine] in theorem ...

Note: This linter can be disabled with `set_option linter.unusedSectionVars false`
warning: ZhangLS/External/HasseWeil/Foundation/OrdAtInftyBridge.lean:59:8: automatically included section variable(s) unused in theorem `HasseWeil.W_smooth_functionField`:
  [DecidableEq F]
  [WeierstrassCurve.IsElliptic W.toAffine]
consider restructuring your `variable` declarations so that the variables are not in scope or explicitly omit them:
  omit [DecidableEq F] [WeierstrassCurve.IsElliptic W.toAffine] in theorem ...

Note: This linter can be disabled with `set_option linter.unusedSectionVars false`
warning: ZhangLS/External/HasseWeil/Foundation/OrdAtInftyBridge.lean:64:0: automatically included section variable(s) unused in theorem `HasseWeil.coordX_W_smooth_eq_x_gen`:
  [DecidableEq F]
  [WeierstrassCurve.IsElliptic W.toAffine]
consider restructuring your `variable` declarations so that the variables are not in scope or explicitly omit them:
  omit [DecidableEq F] [WeierstrassCurve.IsElliptic W.toAffine] in theorem ...

Note: This linter can be disabled with `set_option linter.unusedSectionVars false`
warning: ZhangLS/External/HasseWeil/Foundation/OrdAtInftyBridge.lean:81:0: automatically included section variable(s) unused in theorem `HasseWeil.coordY_W_smooth_eq_y_gen`:
  [DecidableEq F]
  [WeierstrassCurve.IsElliptic W.toAffine]
consider restructuring your `variable` declarations so that the variables are not in scope or explicitly omit them:
  omit [DecidableEq F] [WeierstrassCurve.IsElliptic W.toAffine] in theorem ...

Note: This linter can be disabled with `set_option linter.unusedSectionVars false`
warning: ZhangLS/External/HasseWeil/Foundation/OrdAtInftyBridge.lean:94:0: automatically included section variable(s) unused in theorem `HasseWeil.ordAtInfty_algebraMap_F_nonzero`:
  [DecidableEq F]
  [WeierstrassCurve.IsElliptic W.toAffine]
consider restructuring your `variable` declarations so that the variables are not in scope or explicitly omit them:
  omit [DecidableEq F] [WeierstrassCurve.IsElliptic W.toAffine] in theorem ...

Note: This linter can be disabled with `set_option linter.unusedSectionVars false`
warning: ZhangLS/External/HasseWeil/Foundation/OrdAtInftyBridge.lean:146:0: automatically included section variable(s) unused in theorem `HasseWeil.Φ_ff_eq_algebraMap_polynomial`:
  [DecidableEq F]
  [WeierstrassCurve.IsElliptic W.toAffine]
consider restructuring your `variable` declarations so that the variables are not in scope or explicitly omit them:
  omit [DecidableEq F] [WeierstrassCurve.IsElliptic W.toAffine] in theorem ...

Note: This linter can be disabled with `set_option linter.unusedSectionVars false`
warning: ZhangLS/External/HasseWeil/Foundation/OrdAtInftyBridge.lean:153:0: automatically included section variable(s) unused in theorem `HasseWeil.ΨSq_ff_eq_algebraMap_polynomial`:
  [DecidableEq F]
  [WeierstrassCurve.IsElliptic W.toAffine]
consider restructuring your `variable` declarations so that the variables are not in scope or explicitly omit them:
  omit [DecidableEq F] [WeierstrassCurve.IsElliptic W.toAffine] in theorem ...

Note: This linter can be disabled with `set_option linter.unusedSectionVars false`
warning: ZhangLS/External/HasseWeil/Foundation/OrdAtInftyBridge.lean:217:0: automatically included section variable(s) unused in theorem `HasseWeil.mulByInt_x_ne_zero`:
  [DecidableEq F]
consider restructuring your `variable` declarations so that the variables are not in scope or explicitly omit them:
  omit [DecidableEq F] in theorem ...

Note: This linter can be disabled with `set_option linter.unusedSectionVars false`
⚠ [3978/4402] Replayed ZhangLS.External.HasseWeil.Foundation.EC.GenericPointZsmul
warning: ZhangLS/External/HasseWeil/Foundation/EC/GenericPointZsmul.lean:139:0: automatically included section variable(s) unused in theorem `HasseWeil.mulByInt_y_neg`:
  [DecidableEq F]
consider restructuring your `variable` declarations so that the variables are not in scope or explicitly omit them:
  omit [DecidableEq F] in theorem ...

Note: This linter can be disabled with `set_option linter.unusedSectionVars false`
warning: ZhangLS/External/HasseWeil/Foundation/EC/GenericPointZsmul.lean:161:0: automatically included section variable(s) unused in theorem `HasseWeil.mulByInt_x_eq`:
  [DecidableEq F]
consider restructuring your `variable` declarations so that the variables are not in scope or explicitly omit them:
  omit [DecidableEq F] in theorem ...

Note: This linter can be disabled with `set_option linter.unusedSectionVars false`
warning: ZhangLS/External/HasseWeil/Foundation/EC/GenericPointZsmul.lean:250:0: automatically included section variable(s) unused in theorem `HasseWeil.mulByInt_y_sub_negY`:
  [DecidableEq F]
consider restructuring your `variable` declarations so that the variables are not in scope or explicitly omit them:
  omit [DecidableEq F] in theorem ...

Note: This linter can be disabled with `set_option linter.unusedSectionVars false`
warning: ZhangLS/External/HasseWeil/Foundation/EC/GenericPointZsmul.lean:284:0: automatically included section variable(s) unused in theorem `HasseWeil.generic_weierstrass`:
  [DecidableEq F]
  [WeierstrassCurve.IsElliptic W.toAffine]
consider restructuring your `variable` declarations so that the variables are not in scope or explicitly omit them:
  omit [DecidableEq F] [WeierstrassCurve.IsElliptic W.toAffine] in theorem ...

Note: This linter can be disabled with `set_option linter.unusedSectionVars false`
warning: ZhangLS/External/HasseWeil/Foundation/EC/GenericPointZsmul.lean:294:0: automatically included section variable(s) unused in theorem `HasseWeil.ψ_ff_three_eq`:
  [DecidableEq F]
  [WeierstrassCurve.IsElliptic W.toAffine]
consider restructuring your `variable` declarations so that the variables are not in scope or explicitly omit them:
  omit [DecidableEq F] [WeierstrassCurve.IsElliptic W.toAffine] in theorem ...

Note: This linter can be disabled with `set_option linter.unusedSectionVars false`
warning: ZhangLS/External/HasseWeil/Foundation/EC/GenericPointZsmul.lean:604:0: automatically included section variable(s) unused in theorem `HasseWeil.evalEval_φ_at_mulByInt_eq_eval₂_Φ`:
  [DecidableEq F]
consider restructuring your `variable` declarations so that the variables are not in scope or explicitly omit them:
  omit [DecidableEq F] in theorem ...

Note: This linter can be disabled with `set_option linter.unusedSectionVars false`
warning: ZhangLS/External/HasseWeil/Foundation/EC/GenericPointZsmul.lean:620:0: automatically included section variable(s) unused in theorem `HasseWeil.evalEval_ψ_sq_at_mulByInt_eq_eval₂_ΨSq`:
  [DecidableEq F]
consider restructuring your `variable` declarations so that the variables are not in scope or explicitly omit them:
  omit [DecidableEq F] in theorem ...

Note: This linter can be disabled with `set_option linter.unusedSectionVars false`
⚠ [3979/4402] Replayed ZhangLS.External.HasseWeil.Isogeny.Frobenius.OrdAtInfty
warning: ZhangLS/External/HasseWeil/Isogeny/Frobenius/OrdAtInfty.lean:1141:0: automatically included section variable(s) unused in theorem `HasseWeil.mulByInt_pullback_y_neg_one`:
  [Fintype K]
consider restructuring your `variable` declarations so that the variables are not in scope or explicitly omit them:
  omit [Fintype K] in theorem ...

Note: This linter can be disabled with `set_option linter.unusedSectionVars false`
warning: ZhangLS/External/HasseWeil/Isogeny/Frobenius/OrdAtInfty.lean:2378:0: automatically included section variable(s) unused in theorem `HasseWeil.mulByInt_neg_one_pullback_comp_self`:
  [Fintype K]
consider restructuring your `variable` declarations so that the variables are not in scope or explicitly omit them:
  omit [Fintype K] in theorem ...

Note: This linter can be disabled with `set_option linter.unusedSectionVars false`
warning: ZhangLS/External/HasseWeil/Isogeny/Frobenius/OrdAtInfty.lean:2541:8: automatically included section variable(s) unused in theorem `HasseWeil.mulByInt_neg_one_pullback_algebraMap_K`:
  [Fintype K]
consider restructuring your `variable` declarations so that the variables are not in scope or explicitly omit them:
  omit [Fintype K] in theorem ...

Note: This linter can be disabled with `set_option linter.unusedSectionVars false`
warning: ZhangLS/External/HasseWeil/Isogeny/Frobenius/OrdAtInfty.lean:2549:0: automatically included section variable(s) unused in theorem `HasseWeil.mulByInt_neg_one_pullback_algebraMap_polyK`:
  [Fintype K]
consider restructuring your `variable` declarations so that the variables are not in scope or explicitly omit them:
  omit [Fintype K] in theorem ...

Note: This linter can be disabled with `set_option linter.unusedSectionVars false`
warning: ZhangLS/External/HasseWeil/Isogeny/Frobenius/OrdAtInfty.lean:2615:0: automatically included section variable(s) unused in theorem `HasseWeil.a₁X_plus_a₃_ne_zero_char_two`:
  [Fintype K]
  [DecidableEq K]
consider restructuring your `variable` declarations so that the variables are not in scope or explicitly omit them:
  omit [Fintype K] [DecidableEq K] in theorem ...

Note: This linter can be disabled with `set_option linter.unusedSectionVars false`
warning: ZhangLS/External/HasseWeil/Isogeny/Frobenius/OrdAtInfty.lean:2631:0: automatically included section variable(s) unused in theorem `HasseWeil.algebraMap_a₁X_plus_a₃`:
  [Fintype K]
  [DecidableEq K]
  [WeierstrassCurve.IsElliptic W.toAffine]
consider restructuring your `variable` declarations so that the variables are not in scope or explicitly omit them:
  omit [Fintype K] [DecidableEq K] [WeierstrassCurve.IsElliptic W.toAffine] in theorem ...

Note: This linter can be disabled with `set_option linter.unusedSectionVars false`
warning: ZhangLS/External/HasseWeil/Isogeny/Frobenius/OrdAtInfty.lean:3072:0: automatically included section variable(s) unused in theorem `HasseWeil.sigma_mulByInt_pullback_x_eq`:
  [Fintype K]
consider restructuring your `variable` declarations so that the variables are not in scope or explicitly omit them:
  omit [Fintype K] in theorem ...

Note: This linter can be disabled with `set_option linter.unusedSectionVars false`
warning: ZhangLS/External/HasseWeil/Isogeny/Frobenius/OrdAtInfty.lean:3087:0: automatically included section variable(s) unused in theorem `HasseWeil.sigma_mulByInt_pullback_y_eq`:
  [Fintype K]
consider restructuring your `variable` declarations so that the variables are not in scope or explicitly omit them:
  omit [Fintype K] in theorem ...

Note: This linter can be disabled with `set_option linter.unusedSectionVars false`
warning: ZhangLS/External/HasseWeil/Isogeny/Frobenius/OrdAtInfty.lean:3309:0: automatically included section variable(s) unused in theorem `HasseWeil.ordAtInfty_mulByInt_neg_pullback_x_gen`:
  [Fintype K]
consider restructuring your `variable` declarations so that the variables are not in scope or explicitly omit them:
  omit [Fintype K] in theorem ...

Note: This linter can be disabled with `set_option linter.unusedSectionVars false`
warning: ZhangLS/External/HasseWeil/Isogeny/Frobenius/OrdAtInfty.lean:3531:0: automatically included section variable(s) unused in theorem `HasseWeil.ordAtInfty_mulByInt_y_eq_of_x`:
  [Fintype K]
consider restructuring your `variable` declarations so that the variables are not in scope or explicitly omit them:
  omit [Fintype K] in theorem ...

Note: This linter can be disabled with `set_option linter.unusedSectionVars false`
warning: ZhangLS/External/HasseWeil/Isogeny/Frobenius/OrdAtInfty.lean:3834:15: unused variable `hr`

Note: This linter can be disabled with `set_option linter.unusedVariables false`
warning: ZhangLS/External/HasseWeil/Isogeny/Frobenius/OrdAtInfty.lean:3834:28: unused variable `hs`

Note: This linter can be disabled with `set_option linter.unusedVariables false`
ℹ [4004/4402] Replayed ZhangLS.External.HasseWeil.Foundation.EC.TranslationOrd
info: ZhangLS/External/HasseWeil/Foundation/EC/TranslationOrd.lean:1401:48: Try this:
  [apply] ring_nf
  
  The `ring` tactic failed to close the goal. Use `ring_nf` to obtain a normal form.
    
  Note that `ring` works primarily in *commutative* rings. If you have a noncommutative ring, abelian group or module, consider using `noncomm_ring`, `abel` or `module` instead.
info: ZhangLS/External/HasseWeil/Foundation/EC/TranslationOrd.lean:1403:63: Try this:
  [apply] ring_nf
  
  The `ring` tactic failed to close the goal. Use `ring_nf` to obtain a normal form.
    
  Note that `ring` works primarily in *commutative* rings. If you have a noncommutative ring, abelian group or module, consider using `noncomm_ring`, `abel` or `module` instead.
info: ZhangLS/External/HasseWeil/Foundation/EC/TranslationOrd.lean:1494:25: Try this:
  [apply] ring_nf
  
  The `ring` tactic failed to close the goal. Use `ring_nf` to obtain a normal form.
    
  Note that `ring` works primarily in *commutative* rings. If you have a noncommutative ring, abelian group or module, consider using `noncomm_ring`, `abel` or `module` instead.
⚠ [4012/4402] Replayed ZhangLS.External.HasseWeil.HasseBound.PointCount
warning: ZhangLS/External/HasseWeil/HasseBound/PointCount.lean:480:0: automatically included section variable(s) unused in theorem `HasseWeil.algHom_ext_of_eq_on_xy`:
  [DecidableEq F]
consider restructuring your `variable` declarations so that the variables are not in scope or explicitly omit them:
  omit [DecidableEq F] in theorem ...

Note: This linter can be disabled with `set_option linter.unusedSectionVars false`
⚠ [4211/4402] Replayed ZhangLS.External.HasseWeil.Foundation.LocalExpansion
warning: ZhangLS/External/HasseWeil/Foundation/LocalExpansion.lean:80:8: automatically included section variable(s) unused in theorem `HasseWeil.formalU_constantCoeff`:
  [DecidableEq F]
  [WeierstrassCurve.IsElliptic W.toAffine]
consider restructuring your `variable` declarations so that the variables are not in scope or explicitly omit them:
  omit [DecidableEq F] [WeierstrassCurve.IsElliptic W.toAffine] in theorem ...

Note: This linter can be disabled with `set_option linter.unusedSectionVars false`
warning: ZhangLS/External/HasseWeil/Foundation/LocalExpansion.lean:107:8: automatically included section variable(s) unused in theorem `HasseWeil.formalU_inv_constantCoeff`:
  [DecidableEq F]
  [WeierstrassCurve.IsElliptic W.toAffine]
consider restructuring your `variable` declarations so that the variables are not in scope or explicitly omit them:
  omit [DecidableEq F] [WeierstrassCurve.IsElliptic W.toAffine] in theorem ...

Note: This linter can be disabled with `set_option linter.unusedSectionVars false`
warning: ZhangLS/External/HasseWeil/Foundation/LocalExpansion.lean:252:0: automatically included section variable(s) unused in theorem `HasseWeil.formalW_ne_zero`:
  [DecidableEq F]
  [WeierstrassCurve.IsElliptic W.toAffine]
consider restructuring your `variable` declarations so that the variables are not in scope or explicitly omit them:
  omit [DecidableEq F] [WeierstrassCurve.IsElliptic W.toAffine] in theorem ...

Note: This linter can be disabled with `set_option linter.unusedSectionVars false`
warning: ZhangLS/External/HasseWeil/Foundation/LocalExpansion.lean:270:0: automatically included section variable(s) unused in theorem `HasseWeil.formalW_eq_X3_mul_U`:
  [DecidableEq F]
  [WeierstrassCurve.IsElliptic W.toAffine]
consider restructuring your `variable` declarations so that the variables are not in scope or explicitly omit them:
  omit [DecidableEq F] [WeierstrassCurve.IsElliptic W.toAffine] in theorem ...

Note: This linter can be disabled with `set_option linter.unusedSectionVars false`
warning: ZhangLS/External/HasseWeil/Foundation/LocalExpansion.lean:450:0: automatically included section variable(s) unused in theorem `HasseWeil.localParam_ne_zero`:
  [DecidableEq F]
  [WeierstrassCurve.IsElliptic W.toAffine]
consider restructuring your `variable` declarations so that the variables are not in scope or explicitly omit them:
  omit [DecidableEq F] [WeierstrassCurve.IsElliptic W.toAffine] in theorem ...

Note: This linter can be disabled with `set_option linter.unusedSectionVars false`
warning: ZhangLS/External/HasseWeil/Foundation/LocalExpansion.lean:475:8: automatically included section variable(s) unused in theorem `HasseWeil.localExpand_inner_X`:
  [DecidableEq F]
  [WeierstrassCurve.IsElliptic W.toAffine]
consider restructuring your `variable` declarations so that the variables are not in scope or explicitly omit them:
  omit [DecidableEq F] [WeierstrassCurve.IsElliptic W.toAffine] in theorem ...

Note: This linter can be disabled with `set_option linter.unusedSectionVars false`
warning: ZhangLS/External/HasseWeil/Foundation/LocalExpansion.lean:480:8: automatically included section variable(s) unused in theorem `HasseWeil.localExpand_inner_C`:
  [DecidableEq F]
  [WeierstrassCurve.IsElliptic W.toAffine]
consider restructuring your `variable` declarations so that the variables are not in scope or explicitly omit them:
  omit [DecidableEq F] [WeierstrassCurve.IsElliptic W.toAffine] in theorem ...

Note: This linter can be disabled with `set_option linter.unusedSectionVars false`
⚠ [4217/4402] Replayed ZhangLS.External.HasseWeil.Isogeny.Basic
warning: ZhangLS/External/HasseWeil/Isogeny/Basic.lean:300:8: automatically included section variable(s) unused in theorem `HasseWeil.EC.Isogeny.frobenius_pullback`:
  [DecidableEq K]
consider restructuring your `variable` declarations so that the variables are not in scope or explicitly omit them:
  omit [DecidableEq K] in theorem ...

Note: This linter can be disabled with `set_option linter.unusedSectionVars false`
warning: ZhangLS/External/HasseWeil/Isogeny/Basic.lean:319:8: automatically included section variable(s) unused in theorem `HasseWeil.EC.Isogeny.frobenius_degree`:
  [DecidableEq K]
consider restructuring your `variable` declarations so that the variables are not in scope or explicitly omit them:
  omit [DecidableEq K] in theorem ...

Note: This linter can be disabled with `set_option linter.unusedSectionVars false`
warning: ZhangLS/External/HasseWeil/Isogeny/Basic.lean:329:8: automatically included section variable(s) unused in theorem `_private.ZhangLS.External.HasseWeil.Isogeny.Basic.0.HasseWeil.EC.Isogeny.frobenius_evalAtPullback`:
  [DecidableEq K]
consider restructuring your `variable` declarations so that the variables are not in scope or explicitly omit them:
  omit [DecidableEq K] in theorem ...

Note: This linter can be disabled with `set_option linter.unusedSectionVars false`
warning: ZhangLS/External/HasseWeil/Isogeny/Basic.lean:432:8: automatically included section variable(s) unused in theorem `HasseWeil.EC.Isogeny.mulByIntOfBasepoint_pullback`:
  [DecidableEq F]
consider restructuring your `variable` declarations so that the variables are not in scope or explicitly omit them:
  omit [DecidableEq F] in theorem ...

Note: This linter can be disabled with `set_option linter.unusedSectionVars false`
⚠ [4228/4402] Replayed ZhangLS.External.HasseWeil.Foundation.AdditionPullback.SilvermanIV14
warning: ZhangLS/External/HasseWeil/Foundation/AdditionPullback/SilvermanIV14.lean:2818:0: automatically included section variable(s) unused in theorem `HasseWeil.kaehler_curve_equation_K_E`:
  [Fintype K]
  [DecidableEq K]
  [WeierstrassCurve.IsElliptic W.toAffine]
consider restructuring your `variable` declarations so that the variables are not in scope or explicitly omit them:
  omit [Fintype K] [DecidableEq K] [WeierstrassCurve.IsElliptic W.toAffine] in theorem ...

Note: This linter can be disabled with `set_option linter.unusedSectionVars false`
⚠ [4232/4402] Replayed ZhangLS.External.HasseWeil.HasseBound.PoleDivisorFallback
warning: ZhangLS/External/HasseWeil/HasseBound/PoleDivisorFallback.lean:185:0: automatically included section variable(s) unused in theorem `HasseWeil.Conditional.pointValuation_eq_of_invariant_and_compatible`:
  [Fintype K]
consider restructuring your `variable` declarations so that the variables are not in scope or explicitly omit them:
  omit [Fintype K] in theorem ...

Note: This linter can be disabled with `set_option linter.unusedSectionVars false`
warning: ZhangLS/External/HasseWeil/HasseBound/PoleDivisorFallback.lean:323:0: automatically included section variable(s) unused in theorem `HasseWeil.Conditional.ord_T_translateAlgEquivOfPoint_neg_x_gen_eq_neg_two`:
  [Fintype K]
consider restructuring your `variable` declarations so that the variables are not in scope or explicitly omit them:
  omit [Fintype K] in theorem ...

Note: This linter can be disabled with `set_option linter.unusedSectionVars false`
warning: ZhangLS/External/HasseWeil/HasseBound/PoleDivisorFallback.lean:395:0: automatically included section variable(s) unused in theorem `HasseWeil.Conditional.ord_T_translateAlgEquivOfPoint_neg_y_gen_eq_neg_three`:
  [Fintype K]
consider restructuring your `variable` declarations so that the variables are not in scope or explicitly omit them:
  omit [Fintype K] in theorem ...

Note: This linter can be disabled with `set_option linter.unusedSectionVars false`
warning: ZhangLS/External/HasseWeil/HasseBound/PoleDivisorFallback.lean:1304:0: automatically included section variable(s) unused in theorem `HasseWeil.Conditional.bridge_at_T2_two_a6_of_non_2_tor`:
  [Fintype K]
consider restructuring your `variable` declarations so that the variables are not in scope or explicitly omit them:
  omit [Fintype K] in theorem ...

Note: This linter can be disabled with `set_option linter.unusedSectionVars false`
warning: ZhangLS/External/HasseWeil/HasseBound/PoleDivisorFallback.lean:2555:0: automatically included section variable(s) unused in theorem `HasseWeil.Conditional.transcendental_inv`:
  [Fintype K]
  [DecidableEq K]
consider restructuring your `variable` declarations so that the variables are not in scope or explicitly omit them:
  omit [Fintype K] [DecidableEq K] in theorem ...

Note: This linter can be disabled with `set_option linter.unusedSectionVars false`
⚠ [4233/4402] Replayed ZhangLS.External.HasseWeil.HasseBound.PoleDivisorTwoTorsion
warning: ZhangLS/External/HasseWeil/HasseBound/PoleDivisorTwoTorsion.lean:84:0: automatically included section variable(s) unused in theorem `HasseWeil.ord_P_x_gen_sub_const_ge_two_at_2tor`:
  [WeierstrassCurve.IsElliptic W.toAffine]
consider restructuring your `variable` declarations so that the variables are not in scope or explicitly omit them:
  omit [WeierstrassCurve.IsElliptic W.toAffine] in theorem ...

Note: This linter can be disabled with `set_option linter.unusedSectionVars false`
warning: ZhangLS/External/HasseWeil/HasseBound/PoleDivisorTwoTorsion.lean:640:0: automatically included section variable(s) unused in theorem `HasseWeil.ord_P_translateY_T3_coef_nonneg`:
  [WeierstrassCurve.IsElliptic W.toAffine]
consider restructuring your `variable` declarations so that the variables are not in scope or explicitly omit them:
  omit [WeierstrassCurve.IsElliptic W.toAffine] in theorem ...

Note: This linter can be disabled with `set_option linter.unusedSectionVars false`
warning: ZhangLS/External/HasseWeil/HasseBound/PoleDivisorTwoTorsion.lean:787:8: automatically included section variable(s) unused in theorem `_private.ZhangLS.External.HasseWeil.HasseBound.PoleDivisorTwoTorsion.0.HasseWeil.ord_P_y_gen_nonneg`:
  [DecidableEq K]
  [WeierstrassCurve.IsElliptic W.toAffine]
consider restructuring your `variable` declarations so that the variables are not in scope or explicitly omit them:
  omit [DecidableEq K] [WeierstrassCurve.IsElliptic W.toAffine] in theorem ...

Note: This linter can be disabled with `set_option linter.unusedSectionVars false`
warning: ZhangLS/External/HasseWeil/HasseBound/PoleDivisorTwoTorsion.lean:815:8: automatically included section variable(s) unused in theorem `_private.ZhangLS.External.HasseWeil.HasseBound.PoleDivisorTwoTorsion.0.HasseWeil.ord_P_translateY_T2_term_ge_four`:
  [WeierstrassCurve.IsElliptic W.toAffine]
consider restructuring your `variable` declarations so that the variables are not in scope or explicitly omit them:
  omit [WeierstrassCurve.IsElliptic W.toAffine] in theorem ...

Note: This linter can be disabled with `set_option linter.unusedSectionVars false`
⚠ [4235/4402] Replayed ZhangLS.External.HasseWeil.Isogeny.OrdTransport
warning: ZhangLS/External/HasseWeil/Isogeny/OrdTransport.lean:59:0: automatically included section variable(s) unused in theorem `HasseWeil.Curves.SmoothPlaneCurve.pointValuation_surjective'`:
  [DecidableEq F]
consider restructuring your `variable` declarations so that the variables are not in scope or explicitly omit them:
  omit [DecidableEq F] in theorem ...

Note: This linter can be disabled with `set_option linter.unusedSectionVars false`
warning: ZhangLS/External/HasseWeil/Isogeny/OrdTransport.lean:123:0: automatically included section variable(s) unused in theorem `HasseWeil.Curves.SmoothPlaneCurve.comap_pointValuation_surjective_of_ord_eq_one`:
  [DecidableEq F]
consider restructuring your `variable` declarations so that the variables are not in scope or explicitly omit them:
  omit [DecidableEq F] in theorem ...

Note: This linter can be disabled with `set_option linter.unusedSectionVars false`
⚠ [4236/4402] Replayed ZhangLS.External.HasseWeil.Foundation.Curves.Divisor.PicZero
warning: ZhangLS/External/HasseWeil/Foundation/Curves/Divisor/PicZero.lean:82:8: automatically included section variable(s) unused in theorem `HasseWeil.Curves.projectiveDivisorSum_zero`:
  [WeierstrassCurve.IsElliptic W]
consider restructuring your `variable` declarations so that the variables are not in scope or explicitly omit them:
  omit [WeierstrassCurve.IsElliptic W] in theorem ...

Note: This linter can be disabled with `set_option linter.unusedSectionVars false`
warning: ZhangLS/External/HasseWeil/Foundation/Curves/Divisor/PicZero.lean:86:8: automatically included section variable(s) unused in theorem `HasseWeil.Curves.projectiveDivisorSum_single`:
  [WeierstrassCurve.IsElliptic W]
consider restructuring your `variable` declarations so that the variables are not in scope or explicitly omit them:
  omit [WeierstrassCurve.IsElliptic W] in theorem ...

Note: This linter can be disabled with `set_option linter.unusedSectionVars false`
warning: ZhangLS/External/HasseWeil/Foundation/Curves/Divisor/PicZero.lean:93:8: automatically included section variable(s) unused in theorem `HasseWeil.Curves.projectiveDivisorSum_add`:
  [WeierstrassCurve.IsElliptic W]
consider restructuring your `variable` declarations so that the variables are not in scope or explicitly omit them:
  omit [WeierstrassCurve.IsElliptic W] in theorem ...

Note: This linter can be disabled with `set_option linter.unusedSectionVars false`
warning: ZhangLS/External/HasseWeil/Foundation/Curves/Divisor/PicZero.lean:238:0: automatically included section variable(s) unused in theorem `HasseWeil.Curves.kappaDivisor_degree`:
  [DecidableEq F]
  [WeierstrassCurve.IsElliptic W]
consider restructuring your `variable` declarations so that the variables are not in scope or explicitly omit them:
  omit [DecidableEq F] [WeierstrassCurve.IsElliptic W] in theorem ...

Note: This linter can be disabled with `set_option linter.unusedSectionVars false`
⚠ [4239/4402] Replayed ZhangLS.External.HasseWeil.Foundation.Curves.Divisor.PicZeroPushforward
warning: ZhangLS/External/HasseWeil/Foundation/Curves/Divisor/PicZeroPushforward.lean:49:8: automatically included section variable(s) unused in theorem `HasseWeil.EC.Isogeny.pushforwardProjectiveDivisor_apply`:
  [DecidableEq F]
consider restructuring your `variable` declarations so that the variables are not in scope or explicitly omit them:
  omit [DecidableEq F] in theorem ...

Note: This linter can be disabled with `set_option linter.unusedSectionVars false`
warning: ZhangLS/External/HasseWeil/Foundation/Curves/Divisor/PicZeroPushforward.lean:56:8: automatically included section variable(s) unused in theorem `HasseWeil.EC.Isogeny.pushforwardProjectiveDivisor_zero`:
  [DecidableEq F]
consider restructuring your `variable` declarations so that the variables are not in scope or explicitly omit them:
  omit [DecidableEq F] in theorem ...

Note: This linter can be disabled with `set_option linter.unusedSectionVars false`
warning: ZhangLS/External/HasseWeil/Foundation/Curves/Divisor/PicZeroPushforward.lean:61:8: automatically included section variable(s) unused in theorem `HasseWeil.EC.Isogeny.pushforwardProjectiveDivisor_add`:
  [DecidableEq F]
consider restructuring your `variable` declarations so that the variables are not in scope or explicitly omit them:
  omit [DecidableEq F] in theorem ...

Note: This linter can be disabled with `set_option linter.unusedSectionVars false`
⚠ [4255/4402] Replayed ZhangLS.External.HasseWeil.HasseBound.WeilPairing.Constancy
warning: ZhangLS/External/HasseWeil/HasseBound/WeilPairing/Constancy.lean:37:0: automatically included section variable(s) unused in theorem `HasseWeil.WeilPairing.const_of_projectiveDivisorOf_eq_zero`:
  [DecidableEq F]
consider restructuring your `variable` declarations so that the variables are not in scope or explicitly omit them:
  omit [DecidableEq F] in theorem ...

Note: This linter can be disabled with `set_option linter.unusedSectionVars false`
⚠ [4258/4402] Replayed ZhangLS.External.HasseWeil.Isogeny.BaseChange.Basic
warning: ZhangLS/External/HasseWeil/Isogeny/BaseChange/Basic.lean:73:8: automatically included section variable(s) unused in theorem `HasseWeil.Isogeny.mkBaseChange_pullback`:
  [DecidableEq F]
  [WeierstrassCurve.IsElliptic W₁]
  [WeierstrassCurve.IsElliptic W₂]
consider restructuring your `variable` declarations so that the variables are not in scope or explicitly omit them:
  omit [DecidableEq F] [WeierstrassCurve.IsElliptic W₁] [WeierstrassCurve.IsElliptic W₂] in theorem ...

Note: This linter can be disabled with `set_option linter.unusedSectionVars false`
warning: ZhangLS/External/HasseWeil/Isogeny/BaseChange/Basic.lean:81:8: automatically included section variable(s) unused in theorem `HasseWeil.Isogeny.mkBaseChange_toAddMonoidHom`:
  [DecidableEq F]
  [WeierstrassCurve.IsElliptic W₁]
  [WeierstrassCurve.IsElliptic W₂]
consider restructuring your `variable` declarations so that the variables are not in scope or explicitly omit them:
  omit [DecidableEq F] [WeierstrassCurve.IsElliptic W₁] [WeierstrassCurve.IsElliptic W₂] in theorem ...

Note: This linter can be disabled with `set_option linter.unusedSectionVars false`
warning: ZhangLS/External/HasseWeil/Isogeny/BaseChange/Basic.lean:364:0: automatically included section variable(s) unused in theorem `HasseWeil.Isogeny.frobenius_eq_id_of_charP_prime`:
  [DecidableEq k]
consider restructuring your `variable` declarations so that the variables are not in scope or explicitly omit them:
  omit [DecidableEq k] in theorem ...

Note: This linter can be disabled with `set_option linter.unusedSectionVars false`
warning: ZhangLS/External/HasseWeil/Isogeny/BaseChange/Basic.lean:465:0: automatically included section variable(s) unused in theorem `HasseWeil.Isogeny.iterateFrobenius_eq_id_of_charP_pow`:
  [DecidableEq k]
consider restructuring your `variable` declarations so that the variables are not in scope or explicitly omit them:
  omit [DecidableEq k] in theorem ...

Note: This linter can be disabled with `set_option linter.unusedSectionVars false`
⚠ [4269/4402] Replayed ZhangLS.External.HasseWeil.Pic0.ClassGroupNorm
warning: ZhangLS/External/HasseWeil/Pic0/ClassGroupNorm.lean:48:8: automatically included section variable(s) unused in theorem `_private.ZhangLS.External.HasseWeil.Pic0.ClassGroupNorm.0.HasseWeil.fraction_finrank_eq`:
  [IsIntegrallyClosed R]
  [IsDedekindDomain R]
  [IsIntegrallyClosed S]
  [IsDedekindDomain S]
consider restructuring your `variable` declarations so that the variables are not in scope or explicitly omit them:
  omit [IsIntegrallyClosed R] [IsDedekindDomain R] [IsIntegrallyClosed S] [IsDedekindDomain S] in theorem ...

Note: This linter can be disabled with `set_option linter.unusedSectionVars false`
⚠ [4273/4402] Replayed ZhangLS.External.HasseWeil.Pic0.PicDual
warning: ZhangLS/External/HasseWeil/Pic0/PicDual.lean:675:0: automatically included section variable(s) unused in theorem `HasseWeil.Isogeny.eq_of_comp_eq_of_surjective`:
  [WeierstrassCurve.IsElliptic E]
consider restructuring your `variable` declarations so that the variables are not in scope or explicitly omit them:
  omit [WeierstrassCurve.IsElliptic E] in theorem ...

Note: This linter can be disabled with `set_option linter.unusedSectionVars false`
⚠ [4314/4402] Replayed ZhangLS.External.HasseWeil.HasseBound.Infrastructure
warning: ZhangLS/External/HasseWeil/HasseBound/Infrastructure.lean:377:0: automatically included section variable(s) unused in theorem `HasseWeil.OpenLemmas.function_field_x_separable`:
  [Fintype K]
  [DecidableEq K]
consider restructuring your `variable` declarations so that the variables are not in scope or explicitly omit them:
  omit [Fintype K] [DecidableEq K] in theorem ...

Note: This linter can be disabled with `set_option linter.unusedSectionVars false`
warning: ZhangLS/External/HasseWeil/HasseBound/Infrastructure.lean:696:0: automatically included section variable(s) unused in theorem `HasseWeil.OpenLemmas.vertical_principal`:
  [Fintype K]
consider restructuring your `variable` declarations so that the variables are not in scope or explicitly omit them:
  omit [Fintype K] in theorem ...

Note: This linter can be disabled with `set_option linter.unusedSectionVars false`
warning: ZhangLS/External/HasseWeil/HasseBound/Infrastructure.lean:796:0: automatically included section variable(s) unused in theorem `HasseWeil.OpenLemmas.miller_principal`:
  [Fintype K]
consider restructuring your `variable` declarations so that the variables are not in scope or explicitly omit them:
  omit [Fintype K] in theorem ...

Note: This linter can be disabled with `set_option linter.unusedSectionVars false`
warning: ZhangLS/External/HasseWeil/HasseBound/Infrastructure.lean:813:0: automatically included section variable(s) unused in theorem `HasseWeil.OpenLemmas.degree_zero_divisor_reduce`:
  [Fintype K]
consider restructuring your `variable` declarations so that the variables are not in scope or explicitly omit them:
  omit [Fintype K] in theorem ...

Note: This linter can be disabled with `set_option linter.unusedSectionVars false`
warning: ZhangLS/External/HasseWeil/HasseBound/Infrastructure.lean:831:0: automatically included section variable(s) unused in theorem `HasseWeil.OpenLemmas.point_minus_O_principal_eq_zero`:
  [Fintype K]
consider restructuring your `variable` declarations so that the variables are not in scope or explicitly omit them:
  omit [Fintype K] in theorem ...

Note: This linter can be disabled with `set_option linter.unusedSectionVars false`
warning: ZhangLS/External/HasseWeil/HasseBound/Infrastructure.lean:854:0: automatically included section variable(s) unused in theorem `HasseWeil.OpenLemmas.coordRingImage_ordAtInfty_ne_neg_one`:
  [Fintype K]
  [DecidableEq K]
  [WeierstrassCurve.IsElliptic W.toAffine]
consider restructuring your `variable` declarations so that the variables are not in scope or explicitly omit them:
  omit [Fintype K] [DecidableEq K] [WeierstrassCurve.IsElliptic W.toAffine] in theorem ...

Note: This linter can be disabled with `set_option linter.unusedSectionVars false`
warning: ZhangLS/External/HasseWeil/HasseBound/Infrastructure.lean:907:0: automatically included section variable(s) unused in theorem `HasseWeil.OpenLemmas.isogeny_degree_baseChange_eq`:
  [Fintype K]
consider restructuring your `variable` declarations so that the variables are not in scope or explicitly omit them:
  omit [Fintype K] in theorem ...

Note: This linter can be disabled with `set_option linter.unusedSectionVars false`
⚠ [4317/4402] Replayed ZhangLS.External.HasseWeil.Isogeny.OmegaCoeffViaFormalGroup
warning: ZhangLS/External/HasseWeil/Isogeny/OmegaCoeffViaFormalGroup.lean:517:7: automatically included section variable(s) unused in theorem `HasseWeil.LExp.ext`:
  [DecidableEq F]
consider restructuring your `variable` declarations so that the variables are not in scope or explicitly omit them:
  omit [DecidableEq F] in theorem ...

Note: This linter can be disabled with `set_option linter.unusedSectionVars false`
warning: ZhangLS/External/HasseWeil/Isogeny/OmegaCoeffViaFormalGroup.lean:523:8: automatically included section variable(s) unused in theorem `HasseWeil.LExp.out_zero`:
  [DecidableEq F]
consider restructuring your `variable` declarations so that the variables are not in scope or explicitly omit them:
  omit [DecidableEq F] in theorem ...

Note: This linter can be disabled with `set_option linter.unusedSectionVars false`
warning: ZhangLS/External/HasseWeil/Isogeny/OmegaCoeffViaFormalGroup.lean:524:8: automatically included section variable(s) unused in theorem `HasseWeil.LExp.out_add`:
  [DecidableEq F]
consider restructuring your `variable` declarations so that the variables are not in scope or explicitly omit them:
  omit [DecidableEq F] in theorem ...

Note: This linter can be disabled with `set_option linter.unusedSectionVars false`
warning: ZhangLS/External/HasseWeil/Isogeny/OmegaCoeffViaFormalGroup.lean:525:8: automatically included section variable(s) unused in theorem `HasseWeil.LExp.out_neg`:
  [DecidableEq F]
consider restructuring your `variable` declarations so that the variables are not in scope or explicitly omit them:
  omit [DecidableEq F] in theorem ...

Note: This linter can be disabled with `set_option linter.unusedSectionVars false`
warning: ZhangLS/External/HasseWeil/Isogeny/OmegaCoeffViaFormalGroup.lean:526:8: automatically included section variable(s) unused in theorem `HasseWeil.LExp.out_sub`:
  [DecidableEq F]
consider restructuring your `variable` declarations so that the variables are not in scope or explicitly omit them:
  omit [DecidableEq F] in theorem ...

Note: This linter can be disabled with `set_option linter.unusedSectionVars false`
⚠ [4324/4402] Replayed ZhangLS.External.HasseWeil.HasseBound.SepDegreeWitnesses
warning: ZhangLS/External/HasseWeil/HasseBound/SepDegreeWitnesses.lean:104:0: automatically included section variable(s) unused in theorem `HasseWeil.Conditional.pointValuation_polyToFieldOfInv_le_one`:
  [Fintype K]
  [DecidableEq K]
consider restructuring your `variable` declarations so that the variables are not in scope or explicitly omit them:
  omit [Fintype K] [DecidableEq K] in theorem ...

Note: This linter can be disabled with `set_option linter.unusedSectionVars false`
warning: ZhangLS/External/HasseWeil/HasseBound/SepDegreeWitnesses.lean:287:0: automatically included section variable(s) unused in theorem `HasseWeil.Conditional.ordAtInfty_polyToFieldOfInv_nonneg`:
  [Fintype K]
consider restructuring your `variable` declarations so that the variables are not in scope or explicitly omit them:
  omit [Fintype K] in theorem ...

Note: This linter can be disabled with `set_option linter.unusedSectionVars false`
warning: ZhangLS/External/HasseWeil/HasseBound/SepDegreeWitnesses.lean:344:0: automatically included section variable(s) unused in theorem `HasseWeil.Conditional.ord_finset_sum_strict_gt`:
  [Fintype K]
  [DecidableEq K]
consider restructuring your `variable` declarations so that the variables are not in scope or explicitly omit them:
  omit [Fintype K] [DecidableEq K] in theorem ...

Note: This linter can be disabled with `set_option linter.unusedSectionVars false`
warning: ZhangLS/External/HasseWeil/HasseBound/SepDegreeWitnesses.lean:3228:0: automatically included section variable(s) unused in theorem `HasseWeil.ker_oneSubGeomFrobHom_setOfFixed_card_eq_pointCount`:
  [DecidableEq K]
consider restructuring your `variable` declarations so that the variables are not in scope or explicitly omit them:
  omit [DecidableEq K] in theorem ...

Note: This linter can be disabled with `set_option linter.unusedSectionVars false`
warning: ZhangLS/External/HasseWeil/HasseBound/SepDegreeWitnesses.lean:3287:0: automatically included section variable(s) unused in theorem `HasseWeil.geomPoles_oneSubFrob_eq_ker_setOfFixed`:
  [DecidableEq K]
consider restructuring your `variable` declarations so that the variables are not in scope or explicitly omit them:
  omit [DecidableEq K] in theorem ...

Note: This linter can be disabled with `set_option linter.unusedSectionVars false`
⚠ [4327/4402] Replayed ZhangLS.External.HasseWeil.Isogeny.VerschiebungFactorization
warning: ZhangLS/External/HasseWeil/Isogeny/VerschiebungFactorization.lean:51:0: automatically included section variable(s) unused in theorem `HasseWeil.mulByInt_q_pullback_qth_root`:
  [Fintype W.toAffine.Point]
consider restructuring your `variable` declarations so that the variables are not in scope or explicitly omit them:
  omit [Fintype W.toAffine.Point] in theorem ...

Note: This linter can be disabled with `set_option linter.unusedSectionVars false`
warning: ZhangLS/External/HasseWeil/Isogeny/VerschiebungFactorization.lean:260:0: automatically included section variable(s) unused in theorem `HasseWeil.moduleFinite_linfAt_gamma_pullback_x`:
  [Fintype W.toAffine.Point]
consider restructuring your `variable` declarations so that the variables are not in scope or explicitly omit them:
  omit [Fintype W.toAffine.Point] in theorem ...

Note: This linter can be disabled with `set_option linter.unusedSectionVars false`
warning: ZhangLS/External/HasseWeil/Isogeny/VerschiebungFactorization.lean:304:0: automatically included section variable(s) unused in theorem `HasseWeil.projectiveDivisorOf_pullback_x_gen_eq_neg_two_of_two_torsion_witness`:
  [Fintype W.toAffine.Point]
consider restructuring your `variable` declarations so that the variables are not in scope or explicitly omit them:
  omit [Fintype W.toAffine.Point] in theorem ...

Note: This linter can be disabled with `set_option linter.unusedSectionVars false`
warning: ZhangLS/External/HasseWeil/Isogeny/VerschiebungFactorization.lean:655:0: automatically included section variable(s) unused in theorem `HasseWeil.isogOneSub_negFrobenius_sepDegree_eq_card_emb`:
  [Fintype W.toAffine.Point]
consider restructuring your `variable` declarations so that the variables are not in scope or explicitly omit them:
  omit [Fintype W.toAffine.Point] in theorem ...

Note: This linter can be disabled with `set_option linter.unusedSectionVars false`
warning: ZhangLS/External/HasseWeil/Isogeny/VerschiebungFactorization.lean:711:8: automatically included section variable(s) unused in theorem `HasseWeil.isogOneSub_negFrobenius_embToPointOmega_eq`:
  [Fintype W.toAffine.Point]
consider restructuring your `variable` declarations so that the variables are not in scope or explicitly omit them:
  omit [Fintype W.toAffine.Point] in theorem ...

Note: This linter can be disabled with `set_option linter.unusedSectionVars false`
warning: ZhangLS/External/HasseWeil/Isogeny/VerschiebungFactorization.lean:744:0: automatically included section variable(s) unused in theorem `HasseWeil.frobenius_fixedPoint_iff_mem_baseField_gen`:
  [DecidableEq K]
consider restructuring your `variable` declarations so that the variables are not in scope or explicitly omit them:
  omit [DecidableEq K] in theorem ...

Note: This linter can be disabled with `set_option linter.unusedSectionVars false`
warning: ZhangLS/External/HasseWeil/Isogeny/VerschiebungFactorization.lean:784:0: automatically included section variable(s) unused in theorem `HasseWeil.algHom_ext_x_y_gen_omega`:
  [Fintype K]
  [DecidableEq K]
  [WeierstrassCurve.IsElliptic W.toAffine]
  [Fintype W.toAffine.Point]
consider restructuring your `variable` declarations so that the variables are not in scope or explicitly omit them:
  omit [Fintype K] [DecidableEq K] [WeierstrassCurve.IsElliptic W.toAffine] [Fintype W.toAffine.Point] in theorem ...

Note: This linter can be disabled with `set_option linter.unusedSectionVars false`
warning: ZhangLS/External/HasseWeil/Isogeny/VerschiebungFactorization.lean:805:0: automatically included section variable(s) unused in theorem `HasseWeil.embCurveBaseChange`:
  [Fintype K]
  [DecidableEq K]
  [WeierstrassCurve.IsElliptic W.toAffine]
  [Fintype W.toAffine.Point]
consider restructuring your `variable` declarations so that the variables are not in scope or explicitly omit them:
  omit [Fintype K] [DecidableEq K] [WeierstrassCurve.IsElliptic W.toAffine] [Fintype W.toAffine.Point] in theorem ...

Note: This linter can be disabled with `set_option linter.unusedSectionVars false`
warning: ZhangLS/External/HasseWeil/Isogeny/VerschiebungFactorization.lean:824:0: automatically included section variable(s) unused in theorem `HasseWeil.embFixesPullbackRange`:
  [Fintype W.toAffine.Point]
consider restructuring your `variable` declarations so that the variables are not in scope or explicitly omit them:
  omit [Fintype W.toAffine.Point] in theorem ...

Note: This linter can be disabled with `set_option linter.unusedSectionVars false`
warning: ZhangLS/External/HasseWeil/Isogeny/VerschiebungFactorization.lean:839:0: automatically included section variable(s) unused in theorem `HasseWeil.embAgreeOnPullbackRange`:
  [Fintype W.toAffine.Point]
consider restructuring your `variable` declarations so that the variables are not in scope or explicitly omit them:
  omit [Fintype W.toAffine.Point] in theorem ...

Note: This linter can be disabled with `set_option linter.unusedSectionVars false`
warning: ZhangLS/External/HasseWeil/Isogeny/VerschiebungFactorization.lean:933:0: automatically included section variable(s) unused in theorem `HasseWeil.includePtOmega_injective`:
  [Fintype K]
  [DecidableEq K]
  [WeierstrassCurve.IsElliptic W.toAffine]
  [Fintype W.toAffine.Point]
consider restructuring your `variable` declarations so that the variables are not in scope or explicitly omit them:
  omit [Fintype K] [DecidableEq K] [WeierstrassCurve.IsElliptic W.toAffine] [Fintype W.toAffine.Point] in theorem ...

Note: This linter can be disabled with `set_option linter.unusedSectionVars false`
warning: ZhangLS/External/HasseWeil/Isogeny/VerschiebungFactorization.lean:951:8: automatically included section variable(s) unused in theorem `HasseWeil.includePtOmega_some`:
  [Fintype K]
  [DecidableEq K]
  [WeierstrassCurve.IsElliptic W.toAffine]
  [Fintype W.toAffine.Point]
consider restructuring your `variable` declarations so that the variables are not in scope or explicitly omit them:
  omit [Fintype K] [DecidableEq K] [WeierstrassCurve.IsElliptic W.toAffine] [Fintype W.toAffine.Point] in theorem ...

Note: This linter can be disabled with `set_option linter.unusedSectionVars false`
warning: ZhangLS/External/HasseWeil/Isogeny/VerschiebungFactorization.lean:961:0: automatically included section variable(s) unused in theorem `HasseWeil.geomFrobOmega_some`:
  [DecidableEq K]
  [WeierstrassCurve.IsElliptic W.toAffine]
  [Fintype W.toAffine.Point]
consider restructuring your `variable` declarations so that the variables are not in scope or explicitly omit them:
  omit [DecidableEq K] [WeierstrassCurve.IsElliptic W.toAffine] [Fintype W.toAffine.Point] in theorem ...

Note: This linter can be disabled with `set_option linter.unusedSectionVars false`
warning: ZhangLS/External/HasseWeil/Isogeny/VerschiebungFactorization.lean:997:0: automatically included section variable(s) unused in theorem `HasseWeil.map_sigma_frob_comm`:
  [DecidableEq K]
  [WeierstrassCurve.IsElliptic W.toAffine]
  [Fintype W.toAffine.Point]
consider restructuring your `variable` declarations so that the variables are not in scope or explicitly omit them:
  omit [DecidableEq K] [WeierstrassCurve.IsElliptic W.toAffine] [Fintype W.toAffine.Point] in theorem ...

Note: This linter can be disabled with `set_option linter.unusedSectionVars false`
warning: ZhangLS/External/HasseWeil/Isogeny/VerschiebungFactorization.lean:1031:0: automatically included section variable(s) unused in theorem `HasseWeil.map_emb_generic_sub_frob_eq_of_agree`:
  [Fintype W.toAffine.Point]
consider restructuring your `variable` declarations so that the variables are not in scope or explicitly omit them:
  omit [Fintype W.toAffine.Point] in theorem ...

Note: This linter can be disabled with `set_option linter.unusedSectionVars false`
warning: ZhangLS/External/HasseWeil/Isogeny/VerschiebungFactorization.lean:1056:0: automatically included section variable(s) unused in theorem `HasseWeil.map_genericPoint_eq_some`:
  [Fintype K]
  [Fintype W.toAffine.Point]
consider restructuring your `variable` declarations so that the variables are not in scope or explicitly omit them:
  omit [Fintype K] [Fintype W.toAffine.Point] in theorem ...

Note: This linter can be disabled with `set_option linter.unusedSectionVars false`
warning: ZhangLS/External/HasseWeil/Isogeny/VerschiebungFactorization.lean:1302:0: automatically included section variable(s) unused in theorem `HasseWeil.genuine_dual_comp_toAddMonoidHom_eq_mulByInt`:
  [Fintype W.toAffine.Point]
consider restructuring your `variable` declarations so that the variables are not in scope or explicitly omit them:
  omit [Fintype W.toAffine.Point] in theorem ...

Note: This linter can be disabled with `set_option linter.unusedSectionVars false`
warning: ZhangLS/External/HasseWeil/Isogeny/VerschiebungFactorization.lean:1396:0: automatically included section variable(s) unused in theorem `HasseWeil.genuine_isogeny_ext_pullback`:
  [Fintype K]
  [Fintype W.toAffine.Point]
consider restructuring your `variable` declarations so that the variables are not in scope or explicitly omit them:
  omit [Fintype K] [Fintype W.toAffine.Point] in theorem ...

Note: This linter can be disabled with `set_option linter.unusedSectionVars false`
warning: ZhangLS/External/HasseWeil/Isogeny/VerschiebungFactorization.lean:1433:0: automatically included section variable(s) unused in theorem `HasseWeil.zsmulPointHom_apply`:
  [Fintype K]
  [DecidableEq K]
  [WeierstrassCurve.IsElliptic W.toAffine]
  [Fintype W.toAffine.Point]
consider restructuring your `variable` declarations so that the variables are not in scope or explicitly omit them:
  omit [Fintype K] [DecidableEq K] [WeierstrassCurve.IsElliptic W.toAffine] [Fintype W.toAffine.Point] in theorem ...

Note: This linter can be disabled with `set_option linter.unusedSectionVars false`
warning: ZhangLS/External/HasseWeil/Isogeny/VerschiebungFactorization.lean:1440:0: automatically included section variable(s) unused in theorem `HasseWeil.mulByInt_isGenuineWith`:
  [Fintype K]
  [Fintype W.toAffine.Point]
consider restructuring your `variable` declarations so that the variables are not in scope or explicitly omit them:
  omit [Fintype K] [Fintype W.toAffine.Point] in theorem ...

Note: This linter can be disabled with `set_option linter.unusedSectionVars false`
warning: ZhangLS/External/HasseWeil/Isogeny/VerschiebungFactorization.lean:1463:0: automatically included section variable(s) unused in theorem `HasseWeil.frobeniusIsog_isGenuineWith`:
  [Fintype W.toAffine.Point]
consider restructuring your `variable` declarations so that the variables are not in scope or explicitly omit them:
  omit [Fintype W.toAffine.Point] in theorem ...

Note: This linter can be disabled with `set_option linter.unusedSectionVars false`
warning: ZhangLS/External/HasseWeil/Isogeny/VerschiebungFactorization.lean:1488:0: automatically included section variable(s) unused in theorem `HasseWeil.zsmul_frobeniusIsog_isGenuineWith`:
  [Fintype W.toAffine.Point]
consider restructuring your `variable` declarations so that the variables are not in scope or explicitly omit them:
  omit [Fintype W.toAffine.Point] in theorem ...

Note: This linter can be disabled with `set_option linter.unusedSectionVars false`
warning: ZhangLS/External/HasseWeil/Isogeny/VerschiebungFactorization.lean:1536:0: automatically included section variable(s) unused in theorem `HasseWeil.addIsog_isGenuineWith`:
  [Fintype K]
  [Fintype W.toAffine.Point]
consider restructuring your `variable` declarations so that the variables are not in scope or explicitly omit them:
  omit [Fintype K] [Fintype W.toAffine.Point] in theorem ...

Note: This linter can be disabled with `set_option linter.unusedSectionVars false`
warning: ZhangLS/External/HasseWeil/Isogeny/VerschiebungFactorization.lean:1604:0: automatically included section variable(s) unused in theorem `HasseWeil.genuineIsogSmulSub_omegaPullbackCoeff`:
  [Fintype W.toAffine.Point]
consider restructuring your `variable` declarations so that the variables are not in scope or explicitly omit them:
  omit [Fintype W.toAffine.Point] in theorem ...

Note: This linter can be disabled with `set_option linter.unusedSectionVars false`
warning: ZhangLS/External/HasseWeil/Isogeny/VerschiebungFactorization.lean:1905:0: automatically included section variable(s) unused in theorem `HasseWeil.genuineIsogSmulSub_degree_pos`:
  [Fintype W.toAffine.Point]
consider restructuring your `variable` declarations so that the variables are not in scope or explicitly omit them:
  omit [Fintype W.toAffine.Point] in theorem ...

Note: This linter can be disabled with `set_option linter.unusedSectionVars false`
warning: ZhangLS/External/HasseWeil/Isogeny/VerschiebungFactorization.lean:1918:0: automatically included section variable(s) unused in theorem `HasseWeil.genuineIsogSmulSub_degree_eq_signed_of_pivot_witness`:
  [Fintype W.toAffine.Point]
consider restructuring your `variable` declarations so that the variables are not in scope or explicitly omit them:
  omit [Fintype W.toAffine.Point] in theorem ...

Note: This linter can be disabled with `set_option linter.unusedSectionVars false`
warning: ZhangLS/External/HasseWeil/Isogeny/VerschiebungFactorization.lean:2037:0: automatically included section variable(s) unused in theorem `HasseWeil.degree_quadratic_exists_edge_of_witness`:
  [Fintype W.toAffine.Point]
consider restructuring your `variable` declarations so that the variables are not in scope or explicitly omit them:
  omit [Fintype W.toAffine.Point] in theorem ...

Note: This linter can be disabled with `set_option linter.unusedSectionVars false`
warning: ZhangLS/External/HasseWeil/Isogeny/VerschiebungFactorization.lean:2097:0: automatically included section variable(s) unused in theorem `HasseWeil.qf_nonneg_skeleton_of_pivot_chain`:
  [Fintype W.toAffine.Point]
consider restructuring your `variable` declarations so that the variables are not in scope or explicitly omit them:
  omit [Fintype W.toAffine.Point] in theorem ...

Note: This linter can be disabled with `set_option linter.unusedSectionVars false`
⚠ [4331/4402] Replayed ZhangLS.External.HasseWeil.Foundation.Verschiebung.Genuine
warning: ZhangLS/External/HasseWeil/Foundation/Verschiebung/Genuine.lean:1109:0: automatically included section variable(s) unused in theorem `HasseWeil.ordAtInfty_zsmul_mulByInt_neg_pullback_x_neg`:
  [Fintype K]
consider restructuring your `variable` declarations so that the variables are not in scope or explicitly omit them:
  omit [Fintype K] in theorem ...

Note: This linter can be disabled with `set_option linter.unusedSectionVars false`
warning: ZhangLS/External/HasseWeil/Foundation/Verschiebung/Genuine.lean:1226:0: automatically included section variable(s) unused in theorem `HasseWeil.addPullback_x_pair_ord_neg_of_sum_reduces_witness`:
  [Fintype K]
consider restructuring your `variable` declarations so that the variables are not in scope or explicitly omit them:
  omit [Fintype K] in theorem ...

Note: This linter can be disabled with `set_option linter.unusedSectionVars false`
warning: ZhangLS/External/HasseWeil/Foundation/Verschiebung/Genuine.lean:1273:0: automatically included section variable(s) unused in theorem `HasseWeil.addPullback_x_pair_sum_reduces_of_iv14_witness`:
  [Fintype K]
consider restructuring your `variable` declarations so that the variables are not in scope or explicitly omit them:
  omit [Fintype K] in theorem ...

Note: This linter can be disabled with `set_option linter.unusedSectionVars false`
warning: ZhangLS/External/HasseWeil/Foundation/Verschiebung/Genuine.lean:1346:0: automatically included section variable(s) unused in theorem `HasseWeil.addPullback_x_pair_x_ord_neg`:
  [Fintype K]
consider restructuring your `variable` declarations so that the variables are not in scope or explicitly omit them:
  omit [Fintype K] in theorem ...

Note: This linter can be disabled with `set_option linter.unusedSectionVars false`
⚠ [4344/4402] Replayed ZhangLS.External.HasseWeil.HasseBound.WeilPairing.FrobeniusGenericCovariance
warning: ZhangLS/External/HasseWeil/HasseBound/WeilPairing/FrobeniusGenericCovariance.lean:141:0: automatically included section variable(s) unused in theorem `HasseWeil.WeilPairing.frobeniusGenericCovariance_lift_twist`:
  [DecidableEq K]
  [WeierstrassCurve.IsElliptic (W⁄(AlgebraicClosure K)).toAffine]
consider restructuring your `variable` declarations so that the variables are not in scope or explicitly omit them:
  omit [DecidableEq K] [WeierstrassCurve.IsElliptic (W⁄(AlgebraicClosure K)).toAffine] in theorem ...

Note: This linter can be disabled with `set_option linter.unusedSectionVars false`
⚠ [4356/4402] Replayed ZhangLS.External.HasseWeil.HasseBound.WeilPairing.FrobeniusDivisorGalois
warning: ZhangLS/External/HasseWeil/HasseBound/WeilPairing/FrobeniusDivisorGalois.lean:312:0: automatically included section variable(s) unused in theorem `HasseWeil.WeilPairing.geomFrobeniusPointFun_geomFrobSmoothPointInv`:
  [DecidableEq K]
consider restructuring your `variable` declarations so that the variables are not in scope or explicitly omit them:
  omit [DecidableEq K] in theorem ...

Note: This linter can be disabled with `set_option linter.unusedSectionVars false`
warning: ZhangLS/External/HasseWeil/HasseBound/WeilPairing/FrobeniusDivisorGalois.lean:389:0: automatically included section variable(s) unused in theorem `HasseWeil.WeilPairing.pullbackDiv_geomFrob_infinity`:
  [DecidableEq K]
consider restructuring your `variable` declarations so that the variables are not in scope or explicitly omit them:
  omit [DecidableEq K] in theorem ...

Note: This linter can be disabled with `set_option linter.unusedSectionVars false`
⚠ [4364/4402] Replayed ZhangLS.Spec.Lemma32DivisorGcdAverage
warning: ZhangLS/Spec/Lemma32DivisorGcdAverage.lean:15:57: This simp argument is unused:
  and_assoc

Hint: Omit it from the simp argument list.
  simp [Nat.mem_divisors, Nat.dvd_gcd_iff, hD.ne', hg,̵ ̵a̵n̵d̵_̵a̵s̵s̵o̵c̵]

Note: This linter can be disabled with `set_option linter.unusedSimpArgs false`
⚠ [4368/4790] Replayed ZhangLS.External.HasseWeil.HasseBound.WeilPairing.OneSubAffineResidues
warning: ZhangLS/External/HasseWeil/HasseBound/WeilPairing/OneSubAffineResidues.lean:524:8: automatically included section variable(s) unused in theorem `_private.ZhangLS.External.HasseWeil.HasseBound.WeilPairing.OneSubAffineResidues.0.HasseWeil.WeilPairing.natCast_card_eq_zero_functionField`:
  [DecidableEq K]
  [WeierstrassCurve.IsElliptic W.toAffine]
  [WeierstrassCurve.IsElliptic (W⁄(AlgebraicClosure K)).toAffine]
consider restructuring your `variable` declarations so that the variables are not in scope or explicitly omit them:
  omit [DecidableEq
  K] [WeierstrassCurve.IsElliptic
  W.toAffine] [WeierstrassCurve.IsElliptic (W⁄(AlgebraicClosure K)).toAffine] in theorem ...

Note: This linter can be disabled with `set_option linter.unusedSectionVars false`
warning: ZhangLS/External/HasseWeil/HasseBound/WeilPairing/OneSubAffineResidues.lean:629:8: automatically included section variable(s) unused in theorem `_private.ZhangLS.External.HasseWeil.HasseBound.WeilPairing.OneSubAffineResidues.0.HasseWeil.WeilPairing.ord_P_alpha_star_u_id_eq_zero`:
  [Fintype K]
  [DecidableEq K]
  [WeierstrassCurve.IsElliptic W.toAffine]
consider restructuring your `variable` declarations so that the variables are not in scope or explicitly omit them:
  omit [Fintype K] [DecidableEq K] [WeierstrassCurve.IsElliptic W.toAffine] in theorem ...

Note: This linter can be disabled with `set_option linter.unusedSectionVars false`
warning: ZhangLS/External/HasseWeil/HasseBound/WeilPairing/OneSubAffineResidues.lean:694:8: automatically included section variable(s) unused in theorem `_private.ZhangLS.External.HasseWeil.HasseBound.WeilPairing.OneSubAffineResidues.0.HasseWeil.WeilPairing.addSlopePair_comm_of_pullback_x_ne`:
  [Fintype K]
  [DecidableEq K]
  [WeierstrassCurve.IsElliptic W.toAffine]
consider restructuring your `variable` declarations so that the variables are not in scope or explicitly omit them:
  omit [Fintype K] [DecidableEq K] [WeierstrassCurve.IsElliptic W.toAffine] in theorem ...

Note: This linter can be disabled with `set_option linter.unusedSectionVars false`
⚠ [4370/4790] Replayed ZhangLS.External.HasseWeil.HasseBound.WeilPairing.PencilComapPointValuation
warning: ZhangLS/External/HasseWeil/HasseBound/WeilPairing/PencilComapPointValuation.lean:1652:10: This simp argument is unused:
  zero_smul

Hint: Omit it from the simp argument list.
  simp [z̵e̵r̵o̵_̵s̵m̵u̵l̵,̵ ̵neg_smul]

Note: This linter can be disabled with `set_option linter.unusedSimpArgs false`
⚠ [4371/4790] Replayed ZhangLS.External.HasseWeil.HasseBound.WeilPairing.Scaling.OneSubTransport
warning: ZhangLS/External/HasseWeil/HasseBound/WeilPairing/Scaling/OneSubTransport.lean:254:0: automatically included section variable(s) unused in theorem `HasseWeil.WeilPairing.comapPointValuationWitness_oneSub`:
  [Fintype W.toAffine.Point]
consider restructuring your `variable` declarations so that the variables are not in scope or explicitly omit them:
  omit [Fintype W.toAffine.Point] in theorem ...

Note: This linter can be disabled with `set_option linter.unusedSectionVars false`
⚠ [4375/4790] Replayed ZhangLS.Spec.Lemma32PrimeUnpairedHasseBound
warning: ZhangLS/Spec/Lemma32PrimeUnpairedHasseBound.lean:23:4: `push_neg` has been deprecated. Prefer using `push Not` instead.
If you'd rather continue using `push_neg` in your project, you can implement it as follows:
```
open Lean.Parser.Tactic in
macro "push_neg" cfg:optConfig loc:(location)? : tactic =>
  `(tactic| push $cfg:optConfig Not $[$loc]?)
```
⚠ [4400/4790] Replayed ZhangLS.Spec.Lemma32UnpairedSingleton
warning: ZhangLS/Spec/Lemma32UnpairedSingleton.lean:20:6: 'simp_all [eq_comm]' tactic does nothing

Note: This linter can be disabled with `set_option linter.unusedTactic false`
warning: ZhangLS/Spec/Lemma32UnpairedSingleton.lean:20:6: this tactic is never executed

Note: This linter can be disabled with `set_option linter.unreachableTactic false`
⚠ [4409/4790] Replayed ZhangLS.Spec.Lemma32SymmetricTriangleSum
warning: ZhangLS/Spec/Lemma32SymmetricTriangleSum.lean:35:59: This simp argument is unused:
  hf

Hint: Omit it from the simp argument list.
  simp_all ̵[̵h̵f̵]̵

Note: This linter can be disabled with `set_option linter.unusedSimpArgs false`
⚠ [4411/4790] Replayed ZhangLS.Spec.Lemma32CoprimeMobiusCount
warning: ZhangLS/Spec/Lemma32CoprimeMobiusCount.lean:25:57: This simp argument is unused:
  and_assoc

Hint: Omit it from the simp argument list.
  simp [Nat.mem_divisors, Nat.dvd_gcd_iff, hD.ne', hg,̵ ̵a̵n̵d̵_̵a̵s̵s̵o̵c̵]

Note: This linter can be disabled with `set_option linter.unusedSimpArgs false`
⚠ [4418/4790] Replayed ZhangLS.Spec.Lemma32BurgessMultiplierParameters
warning: ZhangLS/Spec/Lemma32BurgessMultiplierParameters.lean:24:15: Used `tac1 <;> tac2` where `(tac1; tac2)` would suffice

Note: This linter can be disabled with `set_option linter.unnecessarySeqFocus false`
⚠ [4440/4790] Replayed ZhangLS.Spec.Lemma32BurgessNormalization
warning: ZhangLS/Spec/Lemma32BurgessNormalization.lean:16:19: 'ring' tactic does nothing

Note: This linter can be disabled with `set_option linter.unusedTactic false`
warning: ZhangLS/Spec/Lemma32BurgessNormalization.lean:16:19: this tactic is never executed

Note: This linter can be disabled with `set_option linter.unreachableTactic false`
⚠ [4446/4790] Replayed ZhangLS.Spec.Lemma32FiniteShiftAverage
warning: ZhangLS/Spec/Lemma32FiniteShiftAverage.lean:78:23: try 'simp' instead of 'simpa'

Note: This linter can be disabled with `set_option linter.unnecessarySimpa false`
ℹ [4453/4790] Replayed ZhangLS.Spec.Lemma32FourierKernelSummatory
info: ZhangLS/Spec/Lemma32FourierKernelSummatory.lean:85:4: Try this:
  [apply] ring_nf
  
  The `ring` tactic failed to close the goal. Use `ring_nf` to obtain a normal form.
    
  Note that `ring` works primarily in *commutative* rings. If you have a noncommutative ring, abelian group or module, consider using `noncomm_ring`, `abel` or `module` instead.
⚠ [4461/4790] Replayed ZhangLS.Spec.Lemma33Fourier
warning: ZhangLS/Spec/Lemma33Fourier.lean:79:12: This simp argument is unused:
  Complex.star_def

Hint: Omit it from the simp argument list.
  simp [̵C̵o̵m̵p̵l̵e̵x̵.̵s̵t̵a̵r̵_̵d̵e̵f̵,̵←̵ ̵C̵o̵m̵p̵l̵e̵x̵.̵n̵o̵r̵m̵S̵q̵_̵e̵q̵_̵c̵o̵n̵j̵_̵m̵u̵l̵_̵s̵e̵l̵f̵,̵C̵o̵m̵p̵l̵e̵x̵.̵n̵o̵r̵m̵S̵q̵_̵e̵q̵_̵n̵o̵r̵m̵_̵s̵q̵]̵[̲←̲ ̲C̲o̲m̲p̲l̲e̲x̲.̲n̲o̲r̲m̲S̲q̲_̲e̲q̲_̲c̲o̲n̲j̲_̲m̲u̲l̲_̲s̲e̲l̲f̲,̲ ̲C̲o̲m̲p̲l̲e̲x̲.̲n̲o̲r̲m̲S̲q̲_̲e̲q̲_̲n̲o̲r̲m̲_̲s̲q̲]̲

Note: This linter can be disabled with `set_option linter.unusedSimpArgs false`
warning: ZhangLS/Spec/Lemma33Fourier.lean:109:8: This simp argument is unused:
  norm_mul

Hint: Omit it from the simp argument list.
  simp [n̵o̵r̵m̵_̵m̵u̵l̵,̵abs_of_pos Real.pi_pos]

Note: This linter can be disabled with `set_option linter.unusedSimpArgs false`
⚠ [4463/4790] Replayed ZhangLS.Spec.Lemma33Fractions
warning: ZhangLS/Spec/Lemma33Fractions.lean:9:32: unused variable `hb`

Note: This linter can be disabled with `set_option linter.unusedVariables false`
⚠ [4464/4790] Replayed ZhangLS.Spec.Lemma33ActualSamples
warning: ZhangLS/Spec/Lemma33ActualSamples.lean:24:24: This simp argument is unused:
  zpow_natCast

Hint: Omit it from the simp argument list.
  simp only [zpow_neg,̵z̵p̵o̵w̵_̵n̵a̵t̵C̵a̵s̵t̵]

Note: This linter can be disabled with `set_option linter.unusedSimpArgs false`
warning: ZhangLS/Spec/Lemma33ActualSamples.lean:48:4: `push_neg` has been deprecated. Prefer using `push Not` instead.
If you'd rather continue using `push_neg` in your project, you can implement it as follows:
```
open Lean.Parser.Tactic in
macro "push_neg" cfg:optConfig loc:(location)? : tactic =>
  `(tactic| push $cfg:optConfig Not $[$loc]?)
```
⚠ [4467/4790] Replayed ZhangLS.Spec.Lemma34TupleConvolution
warning: ZhangLS/Spec/Lemma34TupleConvolution.lean:88:57: This simp argument is unused:
  ArithmeticFunction.one_apply

Hint: Omit it from the simp argument list.
  simp [̵l̵e̵m̵m̵a̵3̵4̵T̵u̵p̵l̵e̵S̵u̵m̵,̵A̵r̵i̵t̵h̵m̵e̵t̵i̵c̵F̵u̵n̵c̵t̵i̵o̵n̵.̵o̵n̵e̵_̵a̵p̵p̵l̵y̵,̵h̵,̵e̵q̵_̵c̵o̵m̵m̵]̵[̲l̲e̲m̲m̲a̲3̲4̲T̲u̲p̲l̲e̲S̲u̲m̲,̲ ̲h̲,̲ ̲e̲q̲_̲c̲o̲m̲m̲]̲

Note: This linter can be disabled with `set_option linter.unusedSimpArgs false`
⚠ [4473/4790] Replayed ZhangLS.Spec.Lemma34IntegralMean
warning: ZhangLS/Spec/Lemma34IntegralMean.lean:41:2: exponent 1600 exceeds the threshold 256, exponentiation operation was not evaluated, use `set_option exponentiation.threshold <num>` to set a new threshold
warning: ZhangLS/Spec/Lemma34IntegralMean.lean:132:16: exponent 1600 exceeds the threshold 256, exponentiation operation was not evaluated, use `set_option exponentiation.threshold <num>` to set a new threshold
⚠ [4474/4790] Replayed ZhangLS.Spec.Lemma34BSecondMoment
warning: ZhangLS/Spec/Lemma34BSecondMoment.lean:47:6: 'change _ = (51208 * C) * M * L ^ 1602' tactic does nothing

Note: This linter can be disabled with `set_option linter.unusedTactic false`
⚠ [4476/4790] Replayed ZhangLS.Spec.Lemma56PrincipalPerronResidue
warning: ZhangLS/Spec/Lemma56PrincipalPerronResidue.lean:88:46: This simp argument is unused:
  zero_mul

Hint: Omit it from the simp argument list.
  simp only [mem_reProdIm, mem_Icc, sub_re, sub_im, ofReal_re, ofReal_im, mul_re, mul_im, I_re,
  ̲  ̲ ̲ ̲ ̲ ̲ ̲ ̲I_im, mul_zero, z̵e̵r̵o̵_̵m̵u̵l̵,̵ ̵mul_one, zero_add, sub_zero]

Note: This linter can be disabled with `set_option linter.unusedSimpArgs false`
warning: ZhangLS/Spec/Lemma56PrincipalPerronResidue.lean:88:65: This simp argument is unused:
  zero_add

Hint: Omit it from the simp argument list.
  simp only [mem_reProdIm, mem_Icc, sub_re, sub_im, ofReal_re, ofReal_im, mul_re, mul_im, I_re,
  ̲  ̲ ̲ ̲ ̲ ̲ ̲ ̲I_im, mul_zero, zero_mul, mul_one, z̵e̵r̵o̵_̵a̵d̵d̵,̵ ̵sub_zero]

Note: This linter can be disabled with `set_option linter.unusedSimpArgs false`
⚠ [4516/4790] Replayed ZhangLS.Spec.Lemma55LocalLogDerivative
warning: ZhangLS/Spec/Lemma55LocalLogDerivative.lean:36:4: try 'simp' instead of 'simpa'

Note: This linter can be disabled with `set_option linter.unnecessarySimpa false`
⚠ [4523/4790] Replayed ZhangLS.Spec.Lemma57QuadraticConductorThreshold
warning: ZhangLS/Spec/Lemma57QuadraticConductorThreshold.lean:63:4: exponent 10000000 exceeds the threshold 256, exponentiation operation was not evaluated, use `set_option exponentiation.threshold <num>` to set a new threshold
warning: ZhangLS/Spec/Lemma57QuadraticConductorThreshold.lean:136:18: Used `tac1 <;> tac2` where `(tac1; tac2)` would suffice

Note: This linter can be disabled with `set_option linter.unnecessarySeqFocus false`
⚠ [4541/4790] Replayed ZhangLS.Spec.Lemma55ZetaLocalLogDerivative
warning: ZhangLS/Spec/Lemma55ZetaLocalLogDerivative.lean:33:4: try 'simp' instead of 'simpa'

Note: This linter can be disabled with `set_option linter.unnecessarySimpa false`
⚠ [4553/4790] Replayed ZhangLS.Spec.Lemma56ZeroRemovedBounds
warning: ZhangLS/Spec/Lemma56ZeroRemovedBounds.lean:62:5: unused variable `θ`

Note: This linter can be disabled with `set_option linter.unusedVariables false`
⚠ [4555/4790] Replayed ZhangLS.Spec.Lemma56LocalLogDerivative
warning: ZhangLS/Spec/Lemma56LocalLogDerivative.lean:33:4: try 'simp' instead of 'simpa'

Note: This linter can be disabled with `set_option linter.unnecessarySimpa false`
⚠ [4582/4790] Replayed ZhangLS.Spec.Lemma53Kernels
warning: ZhangLS/Spec/Lemma53Kernels.lean:87:18: Used `tac1 <;> tac2` where `(tac1; tac2)` would suffice

Note: This linter can be disabled with `set_option linter.unnecessarySeqFocus false`
warning: ZhangLS/Spec/Lemma53Kernels.lean:108:68: This simp argument is unused:
  ← Complex.ofReal_pow

Hint: Omit it from the simp argument list.
  simp [lemma23PaperCenter, lemma51PaperT0,̵ ̵←̵ ̵C̵o̵m̵p̵l̵e̵x̵.̵o̵f̵R̵e̵a̵l̵_̵p̵o̵w̵]

Note: Simp arguments with `←` have the additional effect of removing the other direction from the simp set, even if the simp argument itself is unused. If the hint above does not work, try replacing `←` with `-` to only get that effect and silence this warning.

Note: This linter can be disabled with `set_option linter.unusedSimpArgs false`
warning: ZhangLS/Spec/Lemma53Kernels.lean:120:68: This simp argument is unused:
  ← Complex.ofReal_pow

Hint: Omit it from the simp argument list.
  simp [lemma23PaperCenter, lemma51PaperT0,̵ ̵←̵ ̵C̵o̵m̵p̵l̵e̵x̵.̵o̵f̵R̵e̵a̵l̵_̵p̵o̵w̵]

Note: Simp arguments with `←` have the additional effect of removing the other direction from the simp set, even if the simp argument itself is unused. If the hint above does not work, try replacing `←` with `-` to only get that effect and silence this warning.

Note: This linter can be disabled with `set_option linter.unusedSimpArgs false`
⚠ [4585/4790] Replayed ZhangLS.Spec.Lemma56GaussianMellinTerms
warning: ZhangLS/Spec/Lemma56GaussianMellinTerms.lean:72:44: unused variable `hB`

Note: This linter can be disabled with `set_option linter.unusedVariables false`
⚠ [4587/4790] Replayed ZhangLS.Spec.Lemma56GaussianContour
warning: ZhangLS/Spec/Lemma56GaussianContour.lean:56:26: This simp argument is unused:
  zero_mul

Hint: Omit it from the simp argument list.
  simp only [add_re, sub_re, add_im, sub_im, mul_re, mul_im, ofReal_re, ofReal_im,
  ̵  ̵ ̵ ̵I_re, I_im,
  ̲ m̵u̵l̵_̵z̵e̵r̵o̵,̵  ̲ ̲m̲u̲l̲_̲zero_̵m̵u̵l̵, sub_zero, mul_one, add_zero, zero_add,
  ̵  ̵ ̵ ̵zero_sub, smul_eq_mul] at hc

Note: This linter can be disabled with `set_option linter.unusedSimpArgs false`
⚠ [4590/4790] Replayed ZhangLS.Spec.Lemma56TwistedGaussianContour
warning: ZhangLS/Spec/Lemma56TwistedGaussianContour.lean:123:75: This simp argument is unused:
  sub_zero

Hint: Omit it from the simp argument list.
  simp only [sub_re, mul_re, ofReal_re, I_re, ofReal_im, I_im, mul_zero,̵ ̵s̵u̵b̵_̵z̵e̵r̵o̵]

Note: This linter can be disabled with `set_option linter.unusedSimpArgs false`
⚠ [4593/4790] Replayed ZhangLS.Spec.Lemma56GaussianMarginBudget
warning: ZhangLS/Spec/Lemma56GaussianMarginBudget.lean:94:70: Used `tac1 <;> tac2` where `(tac1; tac2)` would suffice

Note: This linter can be disabled with `set_option linter.unnecessarySeqFocus false`
⚠ [4595/4790] Replayed ZhangLS.Spec.Lemma56TwistedGaussianLeftBound
warning: ZhangLS/Spec/Lemma56TwistedGaussianLeftBound.lean:53:64: Used `tac1 <;> tac2` where `(tac1; tac2)` would suffice

Note: This linter can be disabled with `set_option linter.unnecessarySeqFocus false`
⚠ [4596/4790] Replayed ZhangLS.Spec.Lemma56GaussianRightEnvelope
warning: ZhangLS/Spec/Lemma56GaussianRightEnvelope.lean:71:52: Used `tac1 <;> tac2` where `(tac1; tac2)` would suffice

Note: This linter can be disabled with `set_option linter.unnecessarySeqFocus false`
warning: ZhangLS/Spec/Lemma56GaussianRightEnvelope.lean:71:66: Used `tac1 <;> tac2` where `(tac1; tac2)` would suffice

Note: This linter can be disabled with `set_option linter.unnecessarySeqFocus false`
⚠ [4611/4790] Replayed ZhangLS.Spec.Lemma56PerronContour
warning: ZhangLS/Spec/Lemma56PerronContour.lean:111:75: This simp argument is unused:
  sub_zero

Hint: Omit it from the simp argument list.
  simp only [sub_re, mul_re, ofReal_re, I_re, ofReal_im, I_im, mul_zero,̵ ̵s̵u̵b̵_̵z̵e̵r̵o̵]

Note: This linter can be disabled with `set_option linter.unusedSimpArgs false`
ℹ [4612/4790] Replayed ZhangLS.Spec.Lemma56PerronVertical
info: ZhangLS/Spec/Lemma56PerronVertical.lean:29:2: Try this:
  [apply] ring_nf
  
  The `ring` tactic failed to close the goal. Use `ring_nf` to obtain a normal form.
    
  Note that `ring` works primarily in *commutative* rings. If you have a noncommutative ring, abelian group or module, consider using `noncomm_ring`, `abel` or `module` instead.
⚠ [4615/4790] Replayed ZhangLS.Spec.Lemma56PerronRightTruncation
warning: ZhangLS/Spec/Lemma56PerronRightTruncation.lean:30:44: unused variable `hB`

Note: This linter can be disabled with `set_option linter.unusedVariables false`
⚠ [4616/4790] Replayed ZhangLS.Spec.Lemma56PerronHorizontal
warning: ZhangLS/Spec/Lemma56PerronHorizontal.lean:66:93: Used `tac1 <;> tac2` where `(tac1; tac2)` would suffice

Note: This linter can be disabled with `set_option linter.unnecessarySeqFocus false`
⚠ [4617/4790] Replayed ZhangLS.Spec.Lemma56PrincipalPerronEdges
warning: ZhangLS/Spec/Lemma56PrincipalPerronEdges.lean:33:46: This simp argument is unused:
  zero_mul

Hint: Omit it from the simp argument list.
  simp only [mem_reProdIm, mem_Icc, sub_re, sub_im, ofReal_re, ofReal_im, mul_re, mul_im, I_re,
  ̲  ̲ ̲ ̲ ̲ ̲ ̲ ̲I_im, mul_zero, z̵e̵r̵o̵_̵m̵u̵l̵,̵ ̵mul_one, zero_add, sub_zero]

Note: This linter can be disabled with `set_option linter.unusedSimpArgs false`
warning: ZhangLS/Spec/Lemma56PrincipalPerronEdges.lean:33:65: This simp argument is unused:
  zero_add

Hint: Omit it from the simp argument list.
  simp only [mem_reProdIm, mem_Icc, sub_re, sub_im, ofReal_re, ofReal_im, mul_re, mul_im, I_re,
  ̲  ̲ ̲ ̲ ̲ ̲ ̲ ̲I_im, mul_zero, zero_mul, mul_one, z̵e̵r̵o̵_̵a̵d̵d̵,̵ ̵sub_zero]

Note: This linter can be disabled with `set_option linter.unusedSimpArgs false`
⚠ [4622/4790] Replayed ZhangLS.Spec.Lemma56PrincipalPerronMainError
warning: ZhangLS/Spec/Lemma56PrincipalPerronMainError.lean:46:26: Used `tac1 <;> tac2` where `(tac1; tac2)` would suffice

Note: This linter can be disabled with `set_option linter.unnecessarySeqFocus false`
warning: ZhangLS/Spec/Lemma56PrincipalPerronMainError.lean:68:56: Used `tac1 <;> tac2` where `(tac1; tac2)` would suffice

Note: This linter can be disabled with `set_option linter.unnecessarySeqFocus false`
warning: ZhangLS/Spec/Lemma56PrincipalPerronMainError.lean:100:21: Used `tac1 <;> tac2` where `(tac1; tac2)` would suffice

Note: This linter can be disabled with `set_option linter.unnecessarySeqFocus false`
warning: ZhangLS/Spec/Lemma56PrincipalPerronMainError.lean:100:36: Used `tac1 <;> tac2` where `(tac1; tac2)` would suffice

Note: This linter can be disabled with `set_option linter.unnecessarySeqFocus false`
⚠ [4623/4790] Replayed ZhangLS.Spec.Lemma56PrincipalMassScales
warning: ZhangLS/Spec/Lemma56PrincipalMassScales.lean:36:26: 'ring' tactic does nothing

Note: This linter can be disabled with `set_option linter.unusedTactic false`
warning: ZhangLS/Spec/Lemma56PrincipalMassScales.lean:36:26: this tactic is never executed

Note: This linter can be disabled with `set_option linter.unreachableTactic false`
⚠ [4624/4790] Replayed ZhangLS.Spec.Lemma56PrincipalMassContourBudget
warning: ZhangLS/Spec/Lemma56PrincipalMassContourBudget.lean:66:29: 'norm_num' tactic does nothing

Note: This linter can be disabled with `set_option linter.unusedTactic false`
warning: ZhangLS/Spec/Lemma56PrincipalMassContourBudget.lean:146:40: Used `tac1 <;> tac2` where `(tac1; tac2)` would suffice

Note: This linter can be disabled with `set_option linter.unnecessarySeqFocus false`
⚠ [4625/4790] Replayed ZhangLS.Spec.Lemma56PrincipalMassMainError
warning: ZhangLS/Spec/Lemma56PrincipalMassMainError.lean:37:29: 'norm_num' tactic does nothing

Note: This linter can be disabled with `set_option linter.unusedTactic false`
warning: ZhangLS/Spec/Lemma56PrincipalMassMainError.lean:44:21: Used `tac1 <;> tac2` where `(tac1; tac2)` would suffice

Note: This linter can be disabled with `set_option linter.unnecessarySeqFocus false`
warning: ZhangLS/Spec/Lemma56PrincipalMassMainError.lean:79:70: Used `tac1 <;> tac2` where `(tac1; tac2)` would suffice

Note: This linter can be disabled with `set_option linter.unnecessarySeqFocus false`
warning: ZhangLS/Spec/Lemma56PrincipalMassMainError.lean:80:26: Used `tac1 <;> tac2` where `(tac1; tac2)` would suffice

Note: This linter can be disabled with `set_option linter.unnecessarySeqFocus false`
ℹ [4626/4790] Replayed ZhangLS.Spec.Lemma56PerronPaperScales
info: ZhangLS/Spec/Lemma56PerronPaperScales.lean:112:51: Try this:
  [apply] ring_nf
  
  The `ring` tactic failed to close the goal. Use `ring_nf` to obtain a normal form.
    
  Note that `ring` works primarily in *commutative* rings. If you have a noncommutative ring, abelian group or module, consider using `noncomm_ring`, `abel` or `module` instead.
⚠ [4629/4790] Replayed ZhangLS.Spec.Lemma56PerronWindowBudget
warning: ZhangLS/Spec/Lemma56PerronWindowBudget.lean:54:79: Used `tac1 <;> tac2` where `(tac1; tac2)` would suffice

Note: This linter can be disabled with `set_option linter.unnecessarySeqFocus false`
⚠ [4632/4790] Replayed ZhangLS.Spec.Lemma56PerronMangoldtWindow
warning: ZhangLS/Spec/Lemma56PerronMangoldtWindow.lean:104:2: 'change N * ‖R‖ ≤ _' tactic does nothing

Note: This linter can be disabled with `set_option linter.unusedTactic false`
warning: ZhangLS/Spec/Lemma56PerronMangoldtWindow.lean:72:23: Used `tac1 <;> tac2` where `(tac1; tac2)` would suffice

Note: This linter can be disabled with `set_option linter.unnecessarySeqFocus false`
warning: ZhangLS/Spec/Lemma56PerronMangoldtWindow.lean:76:67: Used `tac1 <;> tac2` where `(tac1; tac2)` would suffice

Note: This linter can be disabled with `set_option linter.unnecessarySeqFocus false`
warning: ZhangLS/Spec/Lemma56PerronMangoldtWindow.lean:79:69: Used `tac1 <;> tac2` where `(tac1; tac2)` would suffice

Note: This linter can be disabled with `set_option linter.unnecessarySeqFocus false`
warning: ZhangLS/Spec/Lemma56PerronMangoldtWindow.lean:83:36: Used `tac1 <;> tac2` where `(tac1; tac2)` would suffice

Note: This linter can be disabled with `set_option linter.unnecessarySeqFocus false`
⚠ [4633/4790] Replayed ZhangLS.Spec.Lemma56PerronWeightBounds
warning: ZhangLS/Spec/Lemma56PerronWeightBounds.lean:16:56: unused variable `hx`

Note: This linter can be disabled with `set_option linter.unusedVariables false`
info: ZhangLS/Spec/Lemma56PerronWeightBounds.lean:57:2: Try this:
  [apply] ring_nf
  
  The `ring` tactic failed to close the goal. Use `ring_nf` to obtain a normal form.
    
  Note that `ring` works primarily in *commutative* rings. If you have a noncommutative ring, abelian group or module, consider using `noncomm_ring`, `abel` or `module` instead.
info: ZhangLS/Spec/Lemma56PerronWeightBounds.lean:83:59: Try this:
  [apply] ring_nf
  
  The `ring` tactic failed to close the goal. Use `ring_nf` to obtain a normal form.
    
  Note that `ring` works primarily in *commutative* rings. If you have a noncommutative ring, abelian group or module, consider using `noncomm_ring`, `abel` or `module` instead.
info: ZhangLS/Spec/Lemma56PerronWeightBounds.lean:91:59: Try this:
  [apply] ring_nf
  
  The `ring` tactic failed to close the goal. Use `ring_nf` to obtain a normal form.
    
  Note that `ring` works primarily in *commutative* rings. If you have a noncommutative ring, abelian group or module, consider using `noncomm_ring`, `abel` or `module` instead.
warning: ZhangLS/Spec/Lemma56PerronWeightBounds.lean:83:55: Used `tac1 <;> tac2` where `(tac1; tac2)` would suffice

Note: This linter can be disabled with `set_option linter.unnecessarySeqFocus false`
warning: ZhangLS/Spec/Lemma56PerronWeightBounds.lean:91:55: Used `tac1 <;> tac2` where `(tac1; tac2)` would suffice

Note: This linter can be disabled with `set_option linter.unnecessarySeqFocus false`
⚠ [4634/4790] Replayed ZhangLS.Spec.Lemma56PerronWeightDecay
warning: ZhangLS/Spec/Lemma56PerronWeightDecay.lean:58:40: Used `tac1 <;> tac2` where `(tac1; tac2)` would suffice

Note: This linter can be disabled with `set_option linter.unnecessarySeqFocus false`
⚠ [4636/4790] Replayed ZhangLS.Spec.Lemma56PerronArithmeticError
warning: ZhangLS/Spec/Lemma56PerronArithmeticError.lean:35:9: unused variable `n`

Note: This linter can be disabled with `set_option linter.unusedVariables false`
⚠ [4639/4790] Replayed ZhangLS.Spec.Lemma56PerronUnsmoothingScales
warning: ZhangLS/Spec/Lemma56PerronUnsmoothingScales.lean:25:21: Used `tac1 <;> tac2` where `(tac1; tac2)` would suffice

Note: This linter can be disabled with `set_option linter.unnecessarySeqFocus false`
⚠ [4640/4790] Replayed ZhangLS.Spec.Lemma56PrincipalMassUnsmoothing
warning: ZhangLS/Spec/Lemma56PrincipalMassUnsmoothing.lean:36:60: Used `tac1 <;> tac2` where `(tac1; tac2)` would suffice

Note: This linter can be disabled with `set_option linter.unnecessarySeqFocus false`
warning: ZhangLS/Spec/Lemma56PrincipalMassUnsmoothing.lean:36:72: Used `tac1 <;> tac2` where `(tac1; tac2)` would suffice

Note: This linter can be disabled with `set_option linter.unnecessarySeqFocus false`
warning: ZhangLS/Spec/Lemma56PrincipalMassUnsmoothing.lean:40:34: Used `tac1 <;> tac2` where `(tac1; tac2)` would suffice

Note: This linter can be disabled with `set_option linter.unnecessarySeqFocus false`
warning: ZhangLS/Spec/Lemma56PrincipalMassUnsmoothing.lean:40:46: Used `tac1 <;> tac2` where `(tac1; tac2)` would suffice

Note: This linter can be disabled with `set_option linter.unnecessarySeqFocus false`
warning: ZhangLS/Spec/Lemma56PrincipalMassUnsmoothing.lean:87:17: 'assumption' tactic does nothing

Note: This linter can be disabled with `set_option linter.unusedTactic false`
warning: ZhangLS/Spec/Lemma56PrincipalMassUnsmoothing.lean:87:17: this tactic is never executed

Note: This linter can be disabled with `set_option linter.unreachableTactic false`
warning: ZhangLS/Spec/Lemma56PrincipalMassUnsmoothing.lean:99:29: 'norm_num' tactic does nothing

Note: This linter can be disabled with `set_option linter.unusedTactic false`
warning: ZhangLS/Spec/Lemma56PrincipalMassUnsmoothing.lean:133:34: Used `tac1 <;> tac2` where `(tac1; tac2)` would suffice

Note: This linter can be disabled with `set_option linter.unnecessarySeqFocus false`
warning: ZhangLS/Spec/Lemma56PrincipalMassUnsmoothing.lean:133:46: Used `tac1 <;> tac2` where `(tac1; tac2)` would suffice

Note: This linter can be disabled with `set_option linter.unnecessarySeqFocus false`
⚠ [4653/4790] Replayed ZhangLS.Spec.Lemma56PrimePowerBudget
warning: ZhangLS/Spec/Lemma56PrimePowerBudget.lean:43:98: Used `tac1 <;> tac2` where `(tac1; tac2)` would suffice

Note: This linter can be disabled with `set_option linter.unnecessarySeqFocus false`
⚠ [4669/4790] Replayed ZhangLS.Spec.Lemma53GammaLaplace
warning: ZhangLS/Spec/Lemma53GammaLaplace.lean:91:22: Used `tac1 <;> tac2` where `(tac1; tac2)` would suffice

Note: This linter can be disabled with `set_option linter.unnecessarySeqFocus false`
warning: ZhangLS/Spec/Lemma53GammaLaplace.lean:91:64: Used `tac1 <;> tac2` where `(tac1; tac2)` would suffice

Note: This linter can be disabled with `set_option linter.unnecessarySeqFocus false`
⚠ [4670/4790] Replayed ZhangLS.Spec.Lemma53MellinConvergence
warning: ZhangLS/Spec/Lemma53MellinConvergence.lean:25:48: This simp argument is unused:
  zero_mul

Hint: Omit it from the simp argument list.
  simp only [sub_re, sub_im, add_re, add_im, mul_re, mul_im, ofReal_re, ofReal_im, I_re, I_im,
  ̲  ̲ ̲ ̲mul_zero, z̵e̵r̵o̵_̵m̵u̵l̵,̵ ̵sub_zero, zero_add, add_zero, mul_one, one_mul]

Note: This linter can be disabled with `set_option linter.unusedSimpArgs false`
warning: ZhangLS/Spec/Lemma53MellinConvergence.lean:26:33: This simp argument is unused:
  one_mul

Hint: Omit it from the simp argument list.
  simp only [sub_re, sub_im, add_re, add_im, mul_re, mul_im, ofReal_re, ofReal_im, I_re, I_im,
  ̲  ̲ ̲ ̲mul_zero, zero_mul, sub_zero, zero_add, add_zero, m̵u̵l̵_̵o̵n̵e̵,̵ ̵o̵n̵e̵_̵m̵u̵l̵]̵m̲u̲l̲_̲o̲n̲e̲]̲

Note: This linter can be disabled with `set_option linter.unusedSimpArgs false`
⚠ [4673/4790] Replayed ZhangLS.Spec.Lemma53MellinBoundary
warning: ZhangLS/Spec/Lemma53MellinBoundary.lean:94:85: Used `tac1 <;> tac2` where `(tac1; tac2)` would suffice

Note: This linter can be disabled with `set_option linter.unnecessarySeqFocus false`
warning: ZhangLS/Spec/Lemma53MellinBoundary.lean:169:29: This simp argument is unused:
  sub_re

Hint: Omit it from the simp argument list.
  simp only [← ofReal_pow, s̵u̵b̵_̵r̵e̵,̵ ̵mul_re, ofReal_re, ofReal_im, mul_zero, sub_zero]

Note: This linter can be disabled with `set_option linter.unusedSimpArgs false`
⚠ [4674/4790] Replayed ZhangLS.Spec.Lemma53OscillatoryEstimates
warning: ZhangLS/Spec/Lemma53OscillatoryEstimates.lean:67:10: This simp argument is unused:
  norm_mul

Hint: Omit it from the simp argument list.
  simp [̵n̵o̵r̵m̵_̵m̵u̵l̵,̵ ̵n̵o̵r̵m̵_̵r̵e̵a̵l̵,̵[̲n̲o̲r̲m̲_̲r̲e̲a̲l̲,̲ Real.norm_eq_abs, abs_of_nonneg hx, abs_of_pos Real.pi_pos]

Note: This linter can be disabled with `set_option linter.unusedSimpArgs false`
warning: ZhangLS/Spec/Lemma53OscillatoryEstimates.lean:102:4: This simp argument is unused:
  ← ofReal_pow

Hint: Omit it from the simp argument list.
  simp [lemma23PaperCenter, lemma51PaperT0, mul_re, mul_im, pow_two, exp_im,̵
  ̵ ̵ ̵ ̵ ̵←̵ ̵o̵f̵R̵e̵a̵l̵_̵p̵o̵w̵]

Note: Simp arguments with `←` have the additional effect of removing the other direction from the simp set, even if the simp argument itself is unused. If the hint above does not work, try replacing `←` with `-` to only get that effect and silence this warning.

Note: This linter can be disabled with `set_option linter.unusedSimpArgs false`
warning: ZhangLS/Spec/Lemma53OscillatoryEstimates.lean:112:33: This simp argument is unused:
  ← ofReal_pow

Hint: Omit it from the simp argument list.
  simp [mul_re, mul_im, pow_two,̵ ̵←̵ ̵o̵f̵R̵e̵a̵l̵_̵p̵o̵w̵]

Note: Simp arguments with `←` have the additional effect of removing the other direction from the simp set, even if the simp argument itself is unused. If the hint above does not work, try replacing `←` with `-` to only get that effect and silence this warning.

Note: This linter can be disabled with `set_option linter.unusedSimpArgs false`
⚠ [4676/4790] Replayed ZhangLS.Spec.Lemma53FiniteContours
warning: ZhangLS/Spec/Lemma53FiniteContours.lean:64:66: This simp argument is unused:
  zero_pow

Hint: Omit it from the simp argument list.
  simp only [ofReal_zero, zero_mul, add_zero, mul_zero, zero_sub, z̵e̵r̵o̵_̵p̵o̵w̵,̵
  ̵ ̵ ̵ ̵ ̵sub_zero, neg_zero,
  ̲  ̲ ̲ ̲zero_add] at hg

Note: This linter can be disabled with `set_option linter.unusedSimpArgs false`
warning: ZhangLS/Spec/Lemma53FiniteContours.lean:65:4: This simp argument is unused:
  sub_zero

Hint: Omit it from the simp argument list.
  simp only [ofReal_zero, zero_mul, add_zero, mul_zero, zero_sub, zero_pow,
  ̵  ̵ ̵ ̵s̵u̵b̵_̵z̵e̵r̵o̵,̵ ̵neg_zero,
  ̲  ̲ ̲ ̲zero_add] at hg

Note: This linter can be disabled with `set_option linter.unusedSimpArgs false`
warning: ZhangLS/Spec/Lemma53FiniteContours.lean:65:14: This simp argument is unused:
  neg_zero

Hint: Omit it from the simp argument list.
  simp only [ofReal_zero, zero_mul, add_zero, mul_zero, zero_sub, zero_pow,
  ̵  ̵ ̵ ̵sub_zero,
  ̲ n̵e̵g̵_̵z̵e̵r̵o̵,̵  ̲ ̲zero_add] at hg

Note: This linter can be disabled with `set_option linter.unusedSimpArgs false`
warning: ZhangLS/Spec/Lemma53FiniteContours.lean:65:24: This simp argument is unused:
  zero_add

Hint: Omit it from the simp argument list.
  simp only [ofReal_zero, zero_mul, add_zero, mul_zero, zero_sub, zero_pow,
  ̵  ̵ ̵ ̵sub_zero,
  ̲  ̲ ̲ ̲neg_zero,̵ ̵z̵e̵r̵o̵_̵a̵d̵d̵] at hg

Note: This linter can be disabled with `set_option linter.unusedSimpArgs false`
info: ZhangLS/Spec/Lemma53FiniteContours.lean:103:25: Try this:
  [apply] ring_nf
  
  The `ring` tactic failed to close the goal. Use `ring_nf` to obtain a normal form.
    
  Note that `ring` works primarily in *commutative* rings. If you have a noncommutative ring, abelian group or module, consider using `noncomm_ring`, `abel` or `module` instead.
⚠ [4679/4790] Replayed ZhangLS.Spec.Lemma53SmallRange
warning: ZhangLS/Spec/Lemma53SmallRange.lean:29:18: try 'simp' instead of 'simpa'

Note: This linter can be disabled with `set_option linter.unnecessarySimpa false`
⚠ [4680/4790] Replayed ZhangLS.Spec.Lemma53LargeRangeParameters
warning: ZhangLS/Spec/Lemma53LargeRangeParameters.lean:105:22: Used `tac1 <;> tac2` where `(tac1; tac2)` would suffice

Note: This linter can be disabled with `set_option linter.unnecessarySeqFocus false`
warning: ZhangLS/Spec/Lemma53LargeRangeParameters.lean:105:37: Used `tac1 <;> tac2` where `(tac1; tac2)` would suffice

Note: This linter can be disabled with `set_option linter.unnecessarySeqFocus false`
⚠ [4681/4790] Replayed ZhangLS.Spec.Lemma53LargeContourEstimates
warning: ZhangLS/Spec/Lemma53LargeContourEstimates.lean:32:47: unused variable `hD`

Note: This linter can be disabled with `set_option linter.unusedVariables false`
⚠ [4684/4790] Replayed ZhangLS.Spec.Lemma54KernelDerivatives
warning: ZhangLS/Spec/Lemma54KernelDerivatives.lean:42:10: This simp argument is unused:
  norm_mul

Hint: Omit it from the simp argument list.
  simp [norm_m̵u̵l̵,̵ ̵n̵o̵rm̵_̵r̵eal, Real.norm_eq_abs, abs_of_pos Real.pi_pos]

Note: This linter can be disabled with `set_option linter.unusedSimpArgs false`
warning: ZhangLS/Spec/Lemma54KernelDerivatives.lean:45:42: This simp argument is unused:
  norm_real

Hint: Omit it from the simp argument list.
  simp [n̵o̵r̵m̵_̵r̵e̵a̵l̵,̵ ̵Real.norm_eq_abs, abs_of_pos (Real.exp_pos u)]

Note: This linter can be disabled with `set_option linter.unusedSimpArgs false`
warning: ZhangLS/Spec/Lemma54KernelDerivatives.lean:45:53: This simp argument is unused:
  Real.norm_eq_abs

Hint: Omit it from the simp argument list.
  simp [norm_real, R̵e̵a̵l̵.̵n̵o̵r̵m̵_̵e̵q̵_̵a̵b̵s̵,̵ ̵abs_of_pos (Real.exp_pos u)]

Note: This linter can be disabled with `set_option linter.unusedSimpArgs false`
warning: ZhangLS/Spec/Lemma54KernelDerivatives.lean:45:71: This simp argument is unused:
  abs_of_pos (Real.exp_pos u)

Hint: Omit it from the simp argument list.
  simp [norm_real, Real.norm_eq_abs,̵ ̵a̵b̵s̵_̵o̵f̵_̵p̵o̵s̵ ̵(̵R̵e̵a̵l̵.̵e̵x̵p̵_̵p̵o̵s̵ ̵u̵)̵]

Note: This linter can be disabled with `set_option linter.unusedSimpArgs false`
⚠ [4685/4790] Replayed ZhangLS.Spec.Lemma54MellinDecay
warning: ZhangLS/Spec/Lemma54MellinDecay.lean:13:72: unused variable `ha`

Note: This linter can be disabled with `set_option linter.unusedVariables false`
⚠ [4689/4790] Replayed ZhangLS.Spec.Lemma54WeightedKernels
warning: ZhangLS/Spec/Lemma54WeightedKernels.lean:53:10: This simp argument is unused:
  norm_mul

Hint: Omit it from the simp argument list.
  simp [norm_m̵u̵l̵,̵ ̵n̵o̵rm̵_̵r̵eal, Real.norm_eq_abs, abs_of_pos Real.pi_pos]

Note: This linter can be disabled with `set_option linter.unusedSimpArgs false`
⚠ [4690/4790] Replayed ZhangLS.Spec.Lemma54WeightedContourEstimates
warning: ZhangLS/Spec/Lemma54WeightedContourEstimates.lean:46:23: Used `tac1 <;> tac2` where `(tac1; tac2)` would suffice

Note: This linter can be disabled with `set_option linter.unnecessarySeqFocus false`
warning: ZhangLS/Spec/Lemma54WeightedContourEstimates.lean:141:21: Used `tac1 <;> tac2` where `(tac1; tac2)` would suffice

Note: This linter can be disabled with `set_option linter.unnecessarySeqFocus false`
ℹ [4692/4790] Replayed ZhangLS.Spec.Lemma54DerivativeDecay
info: ZhangLS/Spec/Lemma54DerivativeDecay.lean:142:4: Try this:
  [apply] ring_nf
  
  The `ring` tactic failed to close the goal. Use `ring_nf` to obtain a normal form.
    
  Note that `ring` works primarily in *commutative* rings. If you have a noncommutative ring, abelian group or module, consider using `noncomm_ring`, `abel` or `module` instead.
⚠ [4693/4790] Replayed ZhangLS.Spec.Lemma54IntegrationByParts
warning: ZhangLS/Spec/Lemma54IntegrationByParts.lean:69:20: Used `tac1 <;> tac2` where `(tac1; tac2)` would suffice

Note: This linter can be disabled with `set_option linter.unnecessarySeqFocus false`
warning: ZhangLS/Spec/Lemma54IntegrationByParts.lean:69:32: Used `tac1 <;> tac2` where `(tac1; tac2)` would suffice

Note: This linter can be disabled with `set_option linter.unnecessarySeqFocus false`
⚠ [4699/4790] Replayed ZhangLS.Spec.Lemma54LargeSecondMoment
warning: ZhangLS/Spec/Lemma54LargeSecondMoment.lean:76:21: Used `tac1 <;> tac2` where `(tac1; tac2)` would suffice

Note: This linter can be disabled with `set_option linter.unnecessarySeqFocus false`
ℹ [4703/4790] Replayed ZhangLS.Spec.Lemma54GaussianConcentration
info: ZhangLS/Spec/Lemma54GaussianConcentration.lean:38:6: Try this:
  [apply] ring_nf
  
  The `ring` tactic failed to close the goal. Use `ring_nf` to obtain a normal form.
    
  Note that `ring` works primarily in *commutative* rings. If you have a noncommutative ring, abelian group or module, consider using `noncomm_ring`, `abel` or `module` instead.
⚠ [4718/4790] Replayed ZhangLS.Spec.Lemma59LocalZeroBudgets
warning: ZhangLS/Spec/Lemma59LocalZeroBudgets.lean:65:19: 'positivity' tactic does nothing

Note: This linter can be disabled with `set_option linter.unusedTactic false`
warning: ZhangLS/Spec/Lemma59LocalZeroBudgets.lean:65:19: this tactic is never executed

Note: This linter can be disabled with `set_option linter.unreachableTactic false`
⚠ [4721/4790] Replayed ZhangLS.Spec.Lemma59ZeroRemovedBounds
warning: ZhangLS/Spec/Lemma59ZeroRemovedBounds.lean:64:5: unused variable `θ`

Note: This linter can be disabled with `set_option linter.unusedVariables false`
⚠ [4723/4790] Replayed ZhangLS.Spec.Lemma59ZeroRemovedShift
warning: ZhangLS/Spec/Lemma59ZeroRemovedShift.lean:126:23: This simp argument is unused:
  zero_sub

Hint: Omit it from the simp argument list.
  simp only [lemma55JensenCenter, Complex.sub_re, Complex.sub_im, Complex.add_re, Complex.add_im,
  ̲  ̲ ̲ ̲Complex.mul_re, Complex.mul_im, Complex.I_re, Complex.I_im, Complex.ofReal_re,
  ̲  ̲ ̲ ̲Complex.ofReal_im, zero_mul, mul_zero, one_mul, mul_one, sub_zero, z̵e̵r̵o̵_̵s̵u̵b̵,̵ ̵add_zero, zero_add] at hn

Note: This linter can be disabled with `set_option linter.unusedSimpArgs false`
ℹ [4728/4790] Replayed ZhangLS.Spec.Lemma59ExtendedGammaAndSums
info: ZhangLS/Spec/Lemma59ExtendedGammaAndSums.lean:228:35: Try this:
  [apply] ring_nf
  
  The `ring` tactic failed to close the goal. Use `ring_nf` to obtain a normal form.
    
  Note that `ring` works primarily in *commutative* rings. If you have a noncommutative ring, abelian group or module, consider using `noncomm_ring`, `abel` or `module` instead.
⚠ [4729/4790] Replayed ZhangLS.Spec.Lemma59ExtendedFiniteContours
warning: ZhangLS/Spec/Lemma59ExtendedFiniteContours.lean:341:64: Used `tac1 <;> tac2` where `(tac1; tac2)` would suffice

Note: This linter can be disabled with `set_option linter.unnecessarySeqFocus false`
⚠ [4730/4790] Replayed ZhangLS.Spec.Lemma59ExtendedContourBudgets
warning: ZhangLS/Spec/Lemma59ExtendedContourBudgets.lean:267:64: This simp argument is unused:
  mul_left_comm

Hint: Omit it from the simp argument list.
  simp only [sub_eq_add_neg, add_comm, add_left_comm, mul_comm, mul_l̵e̵f̵t̵_̵c̵o̵m̵m̵,̵ ̵m̵u̵l̵_̵assoc] at hc ⊢

Note: This linter can be disabled with `set_option linter.unusedSimpArgs false`
warning: ZhangLS/Spec/Lemma59ExtendedContourBudgets.lean:267:79: This simp argument is unused:
  mul_assoc

Hint: Omit it from the simp argument list.
  simp only [sub_eq_add_neg, add_comm, add_left_comm, mul_comm, mul_left_comm,̵ ̵m̵u̵l̵_̵a̵s̵s̵o̵c̵] at hc ⊢

Note: This linter can be disabled with `set_option linter.unusedSimpArgs false`
warning: ZhangLS/Spec/Lemma59ExtendedContourBudgets.lean:410:23: Used `tac1 <;> tac2` where `(tac1; tac2)` would suffice

Note: This linter can be disabled with `set_option linter.unnecessarySeqFocus false`
⚠ [4732/4790] Replayed ZhangLS.Spec.Lemma59ExtendedNormalizedProduct
warning: ZhangLS/Spec/Lemma59ExtendedNormalizedProduct.lean:224:8: 'ring' tactic does nothing

Note: This linter can be disabled with `set_option linter.unusedTactic false`
warning: ZhangLS/Spec/Lemma59ExtendedNormalizedProduct.lean:224:8: this tactic is never executed

Note: This linter can be disabled with `set_option linter.unreachableTactic false`
⚠ [4734/4790] Replayed ZhangLS.Spec.Lemma59ExtendedActualZeros
warning: ZhangLS/Spec/Lemma59ExtendedActualZeros.lean:17:5: unused variable `hm`

Note: This linter can be disabled with `set_option linter.unusedVariables false`
warning: ZhangLS/Spec/Lemma59ExtendedActualZeros.lean:235:39: Used `tac1 <;> tac2` where `(tac1; tac2)` would suffice

Note: This linter can be disabled with `set_option linter.unnecessarySeqFocus false`
⚠ [4736/4790] Replayed ZhangLS.Spec.Lemma59RelaxedProducts
warning: ZhangLS/Spec/Lemma59RelaxedProducts.lean:60:52: This simp argument is unused:
  Rat.cast_natCast

Hint: Omit it from the simp argument list.
  simp only [̵h̵a̵r̵m̵o̵n̵i̵c̵,̵R̵a̵t̵.̵c̵a̵s̵t̵_̵s̵u̵m̵,̵R̵a̵t̵.̵c̵a̵s̵t̵_̵i̵n̵v̵,̵R̵a̵t̵.̵c̵a̵s̵t̵_̵n̵a̵t̵C̵a̵s̵t̵,̵N̵a̵t̵.̵c̵a̵s̵t̵_̵a̵d̵d̵,̵N̵a̵t̵.̵c̵a̵s̵t̵_̵o̵n̵e̵]̵[̲h̲a̲r̲m̲o̲n̲i̲c̲,̲ ̲R̲a̲t̲.̲c̲a̲s̲t̲_̲s̲u̲m̲,̲ ̲R̲a̲t̲.̲c̲a̲s̲t̲_̲i̲n̲v̲,̲ ̲N̲a̲t̲.̲c̲a̲s̲t̲_̲a̲d̲d̲,̲ ̲N̲a̲t̲.̲c̲a̲s̲t̲_̲o̲n̲e̲]̲

Note: This linter can be disabled with `set_option linter.unusedSimpArgs false`
⚠ [4744/4790] Replayed ZhangLS.Spec.Lemma61WideZBounds
warning: ZhangLS/Spec/Lemma61WideZBounds.lean:26:15: This simp argument is unused:
  add_re

Hint: Omit it from the simp argument list.
  simp only [̵a̵d̵d̵_̵r̵e̵,̵o̵f̵R̵e̵a̵l̵_̵r̵e̵,̵m̵u̵l̵_̵r̵e̵,̵I̵_̵r̵e̵,̵o̵f̵R̵e̵a̵l̵_̵i̵m̵,̵m̵u̵l̵_̵z̵e̵r̵o̵,̵I̵_̵i̵m̵,̵z̵e̵r̵o̵_̵m̵u̵l̵,̵
  ̵ ̵ ̵ ̵ ̵ ̵ ̵s̵u̵b̵_̵z̵e̵r̵o̵,̵a̵d̵d̵_̵z̵e̵r̵o̵,̵s̵u̵b̵_̵s̵e̵l̵f̵,̵a̵b̵s̵_̵z̵e̵r̵o̵,̵a̵d̵d̵_̵i̵m̵,̵m̵u̵l̵_̵i̵m̵,̵o̵n̵e̵_̵m̵u̵l̵,̵z̵e̵r̵o̵_̵a̵d̵d̵]̵[̲o̲f̲R̲e̲a̲l̲_̲r̲e̲,̲ ̲m̲u̲l̲_̲r̲e̲,̲ ̲I̲_̲r̲e̲,̲ ̲o̲f̲R̲e̲a̲l̲_̲i̲m̲,̲ ̲m̲u̲l̲_̲z̲e̲r̲o̲,̲ ̲I̲_̲i̲m̲,̲ ̲z̲e̲r̲o̲_̲m̲u̲l̲,̲ ̲s̲u̲b̲_̲z̲e̲r̲o̲,̲ ̲a̲d̲d̲_̲z̲e̲r̲o̲,̲
  ̲ ̲ ̲ ̲ ̲ ̲ ̲s̲u̲b̲_̲s̲e̲l̲f̲,̲ ̲a̲b̲s̲_̲z̲e̲r̲o̲,̲ ̲a̲d̲d̲_̲i̲m̲,̲ ̲m̲u̲l̲_̲i̲m̲,̲ ̲o̲n̲e̲_̲m̲u̲l̲,̲ ̲z̲e̲r̲o̲_̲a̲d̲d̲]̲

Note: This linter can be disabled with `set_option linter.unusedSimpArgs false`
warning: ZhangLS/Spec/Lemma61WideZBounds.lean:27:6: This simp argument is unused:
  sub_zero

Hint: Omit it from the simp argument list.
  simp only [̵a̵d̵d̵_̵r̵e̵,̵o̵f̵R̵e̵a̵l̵_̵r̵e̵,̵m̵u̵l̵_̵r̵e̵,̵I̵_̵r̵e̵,̵o̵f̵R̵e̵a̵l̵_̵i̵m̵,̵m̵u̵l̵_̵z̵e̵r̵o̵,̵I̵_̵i̵m̵,̵z̵e̵r̵o̵_̵m̵u̵l̵,̵
  ̵ ̵ ̵ ̵ ̵ ̵ ̵s̵u̵b̵_̵z̵e̵r̵o̵,̵a̵d̵d̵_̵z̵e̵r̵o̵,̵s̵u̵b̵_̵s̵e̵l̵f̵,̵a̵b̵s̵_̵z̵e̵r̵o̵,̵a̵d̵d̵_̵i̵m̵,̵m̵u̵l̵_̵i̵m̵,̵o̵n̵e̵_̵m̵u̵l̵,̵z̵e̵r̵o̵_̵a̵d̵d̵]̵[̲a̲d̲d̲_̲r̲e̲,̲ ̲o̲f̲R̲e̲a̲l̲_̲r̲e̲,̲ ̲m̲u̲l̲_̲r̲e̲,̲ ̲I̲_̲r̲e̲,̲ ̲o̲f̲R̲e̲a̲l̲_̲i̲m̲,̲ ̲m̲u̲l̲_̲z̲e̲r̲o̲,̲ ̲I̲_̲i̲m̲,̲ ̲z̲e̲r̲o̲_̲m̲u̲l̲,̲ ̲a̲d̲d̲_̲z̲e̲r̲o̲,̲
  ̲ ̲ ̲ ̲ ̲ ̲ ̲s̲u̲b̲_̲s̲e̲l̲f̲,̲ ̲a̲b̲s̲_̲z̲e̲r̲o̲,̲ ̲a̲d̲d̲_̲i̲m̲,̲ ̲m̲u̲l̲_̲i̲m̲,̲ ̲o̲n̲e̲_̲m̲u̲l̲,̲ ̲z̲e̲r̲o̲_̲a̲d̲d̲]̲

Note: This linter can be disabled with `set_option linter.unusedSimpArgs false`
warning: ZhangLS/Spec/Lemma61WideZBounds.lean:27:42: This simp argument is unused:
  add_im

Hint: Omit it from the simp argument list.
  simp only [̵a̵d̵d̵_̵r̵e̵,̵o̵f̵R̵e̵a̵l̵_̵r̵e̵,̵m̵u̵l̵_̵r̵e̵,̵I̵_̵r̵e̵,̵o̵f̵R̵e̵a̵l̵_̵i̵m̵,̵m̵u̵l̵_̵z̵e̵r̵o̵,̵I̵_̵i̵m̵,̵z̵e̵r̵o̵_̵m̵u̵l̵,̵
  ̵ ̵ ̵ ̵ ̵ ̵ ̵s̵u̵b̵_̵z̵e̵r̵o̵,̵a̵d̵d̵_̵z̵e̵r̵o̵,̵s̵u̵b̵_̵s̵e̵l̵f̵,̵a̵b̵s̵_̵z̵e̵r̵o̵,̵a̵d̵d̵_̵i̵m̵,̵m̵u̵l̵_̵i̵m̵,̵o̵n̵e̵_̵m̵u̵l̵,̵z̵e̵r̵o̵_̵a̵d̵d̵]̵[̲a̲d̲d̲_̲r̲e̲,̲ ̲o̲f̲R̲e̲a̲l̲_̲r̲e̲,̲ ̲m̲u̲l̲_̲r̲e̲,̲ ̲I̲_̲r̲e̲,̲ ̲o̲f̲R̲e̲a̲l̲_̲i̲m̲,̲ ̲m̲u̲l̲_̲z̲e̲r̲o̲,̲ ̲I̲_̲i̲m̲,̲ ̲z̲e̲r̲o̲_̲m̲u̲l̲,̲ ̲s̲u̲b̲_̲z̲e̲r̲o̲,̲
  ̲ ̲ ̲ ̲ ̲ ̲ ̲a̲d̲d̲_̲z̲e̲r̲o̲,̲ ̲s̲u̲b̲_̲s̲e̲l̲f̲,̲ ̲a̲b̲s̲_̲z̲e̲r̲o̲,̲ ̲m̲u̲l̲_̲i̲m̲,̲ ̲o̲n̲e̲_̲m̲u̲l̲,̲ ̲z̲e̲r̲o̲_̲a̲d̲d̲]̲

Note: This linter can be disabled with `set_option linter.unusedSimpArgs false`
warning: ZhangLS/Spec/Lemma61WideZBounds.lean:231:89: Used `tac1 <;> tac2` where `(tac1; tac2)` would suffice

Note: This linter can be disabled with `set_option linter.unnecessarySeqFocus false`
⚠ [4745/4790] Replayed ZhangLS.Spec.Lemma61ComplexZShift
warning: ZhangLS/Spec/Lemma61ComplexZShift.lean:19:31: unused variable `hA`

Note: This linter can be disabled with `set_option linter.unusedVariables false`
⚠ [4748/4790] Replayed ZhangLS.Spec.Lemma61RightTruncation
info: ZhangLS/Spec/Lemma61RightTruncation.lean:81:35: Try this:
  [apply] ring_nf
  
  The `ring` tactic failed to close the goal. Use `ring_nf` to obtain a normal form.
    
  Note that `ring` works primarily in *commutative* rings. If you have a noncommutative ring, abelian group or module, consider using `noncomm_ring`, `abel` or `module` instead.
warning: ZhangLS/Spec/Lemma61RightTruncation.lean:100:22: Used `tac1 <;> tac2` where `(tac1; tac2)` would suffice

Note: This linter can be disabled with `set_option linter.unnecessarySeqFocus false`
warning: ZhangLS/Spec/Lemma61RightTruncation.lean:143:17: Used `tac1 <;> tac2` where `(tac1; tac2)` would suffice

Note: This linter can be disabled with `set_option linter.unnecessarySeqFocus false`
⚠ [4749/4790] Replayed ZhangLS.Spec.Lemma61SingleResidue
info: ZhangLS/Spec/Lemma61SingleResidue.lean:83:8: Try this:
  [apply] ring_nf
  
  The `ring` tactic failed to close the goal. Use `ring_nf` to obtain a normal form.
    
  Note that `ring` works primarily in *commutative* rings. If you have a noncommutative ring, abelian group or module, consider using `noncomm_ring`, `abel` or `module` instead.
info: ZhangLS/Spec/Lemma61SingleResidue.lean:98:8: Try this:
  [apply] ring_nf
  
  The `ring` tactic failed to close the goal. Use `ring_nf` to obtain a normal form.
    
  Note that `ring` works primarily in *commutative* rings. If you have a noncommutative ring, abelian group or module, consider using `noncomm_ring`, `abel` or `module` instead.
info: ZhangLS/Spec/Lemma61SingleResidue.lean:113:8: Try this:
  [apply] ring_nf
  
  The `ring` tactic failed to close the goal. Use `ring_nf` to obtain a normal form.
    
  Note that `ring` works primarily in *commutative* rings. If you have a noncommutative ring, abelian group or module, consider using `noncomm_ring`, `abel` or `module` instead.
info: ZhangLS/Spec/Lemma61SingleResidue.lean:128:8: Try this:
  [apply] ring_nf
  
  The `ring` tactic failed to close the goal. Use `ring_nf` to obtain a normal form.
    
  Note that `ring` works primarily in *commutative* rings. If you have a noncommutative ring, abelian group or module, consider using `noncomm_ring`, `abel` or `module` instead.
warning: ZhangLS/Spec/Lemma61SingleResidue.lean:80:8: 'congr 1' tactic does nothing

Note: This linter can be disabled with `set_option linter.unusedTactic false`
warning: ZhangLS/Spec/Lemma61SingleResidue.lean:81:8: 'congr 1' tactic does nothing

Note: This linter can be disabled with `set_option linter.unusedTactic false`
warning: ZhangLS/Spec/Lemma61SingleResidue.lean:95:8: 'congr 1' tactic does nothing

Note: This linter can be disabled with `set_option linter.unusedTactic false`
warning: ZhangLS/Spec/Lemma61SingleResidue.lean:96:8: 'congr 1' tactic does nothing

Note: This linter can be disabled with `set_option linter.unusedTactic false`
warning: ZhangLS/Spec/Lemma61SingleResidue.lean:110:8: 'congr 1' tactic does nothing

Note: This linter can be disabled with `set_option linter.unusedTactic false`
warning: ZhangLS/Spec/Lemma61SingleResidue.lean:111:8: 'congr 1' tactic does nothing

Note: This linter can be disabled with `set_option linter.unusedTactic false`
warning: ZhangLS/Spec/Lemma61SingleResidue.lean:125:8: 'congr 1' tactic does nothing

Note: This linter can be disabled with `set_option linter.unusedTactic false`
warning: ZhangLS/Spec/Lemma61SingleResidue.lean:126:8: 'congr 1' tactic does nothing

Note: This linter can be disabled with `set_option linter.unusedTactic false`
⚠ [4750/4790] Replayed ZhangLS.Spec.Lemma61ReciprocalTailKernel
warning: ZhangLS/Spec/Lemma61ReciprocalTailKernel.lean:65:26: This simp argument is unused:
  zpow_natCast

Hint: Omit it from the simp argument list.
  simp only [zpow_neg,̵z̵p̵o̵w̵_̵n̵a̵t̵C̵a̵s̵t̵]

Note: This linter can be disabled with `set_option linter.unusedSimpArgs false`
warning: ZhangLS/Spec/Lemma61ReciprocalTailKernel.lean:66:17: Used `tac1 <;> tac2` where `(tac1; tac2)` would suffice

Note: This linter can be disabled with `set_option linter.unnecessarySeqFocus false`
⚠ [4753/4790] Replayed ZhangLS.Spec.Lemma61ErrorHorizontalBounds
warning: ZhangLS/Spec/Lemma61ErrorHorizontalBounds.lean:147:13: Used `tac1 <;> tac2` where `(tac1; tac2)` would suffice

Note: This linter can be disabled with `set_option linter.unnecessarySeqFocus false`
⚠ [4758/4790] Replayed ZhangLS.Spec.Lemma61ReciprocalTailTruncation
warning: ZhangLS/Spec/Lemma61ReciprocalTailTruncation.lean:26:34: unused variable `hL`

Note: This linter can be disabled with `set_option linter.unusedVariables false`
warning: ZhangLS/Spec/Lemma61ReciprocalTailTruncation.lean:202:34: This simp argument is unused:
  Complex.ofReal_one

Hint: Omit it from the simp argument list.
  simp only [Complex.ofReal_neg,̵C̵o̵m̵p̵l̵e̵x̵.̵o̵f̵R̵e̵a̵l̵_̵o̵n̵e̵]

Note: This linter can be disabled with `set_option linter.unusedSimpArgs false`
⚠ [4760/4790] Replayed ZhangLS.Spec.Lemma61ShortCutoff
warning: ZhangLS/Spec/Lemma61ShortCutoff.lean:79:62: Used `tac1 <;> tac2` where `(tac1; tac2)` would suffice

Note: This linter can be disabled with `set_option linter.unnecessarySeqFocus false`
⚠ [4761/4790] Replayed ZhangLS.Spec.Lemma61ShortTruncation
warning: ZhangLS/Spec/Lemma61ShortTruncation.lean:82:22: Used `tac1 <;> tac2` where `(tac1; tac2)` would suffice

Note: This linter can be disabled with `set_option linter.unnecessarySeqFocus false`
warning: ZhangLS/Spec/Lemma61ShortTruncation.lean:120:17: Used `tac1 <;> tac2` where `(tac1; tac2)` would suffice

Note: This linter can be disabled with `set_option linter.unnecessarySeqFocus false`
ℹ [4762/4790] Replayed ZhangLS.Spec.Lemma61ReciprocalModel
info: ZhangLS/Spec/Lemma61ReciprocalModel.lean:47:2: Try this:
  [apply] ring_nf
  
  The `ring` tactic failed to close the goal. Use `ring_nf` to obtain a normal form.
    
  Note that `ring` works primarily in *commutative* rings. If you have a noncommutative ring, abelian group or module, consider using `noncomm_ring`, `abel` or `module` instead.
⚠ [4764/4790] Replayed ZhangLS.Spec.Lemma61LeftApproximation
info: ZhangLS/Spec/Lemma61LeftApproximation.lean:56:27: Try this:
  [apply] ring_nf
  
  The `ring` tactic failed to close the goal. Use `ring_nf` to obtain a normal form.
    
  Note that `ring` works primarily in *commutative* rings. If you have a noncommutative ring, abelian group or module, consider using `noncomm_ring`, `abel` or `module` instead.
warning: ZhangLS/Spec/Lemma61LeftApproximation.lean:56:23: Used `tac1 <;> tac2` where `(tac1; tac2)` would suffice

Note: This linter can be disabled with `set_option linter.unnecessarySeqFocus false`
⚠ [4765/4790] Replayed ZhangLS.Spec.Lemma61HorizontalKernel
warning: ZhangLS/Spec/Lemma61HorizontalKernel.lean:24:24: This simp argument is unused:
  zpow_natCast

Hint: Omit it from the simp argument list.
  simp only [zpow_neg,̵z̵p̵o̵w̵_̵n̵a̵t̵C̵a̵s̵t̵]

Note: This linter can be disabled with `set_option linter.unusedSimpArgs false`
warning: ZhangLS/Spec/Lemma61HorizontalKernel.lean:46:34: This simp argument is unused:
  add_im

Hint: Omit it from the simp argument list.
  simp only [̵l̵e̵m̵m̵a̵2̵3̵P̵a̵p̵e̵r̵C̵e̵n̵t̵e̵r̵,̵a̵d̵d̵_̵i̵m̵,̵o̵f̵R̵e̵a̵l̵_̵i̵m̵,̵z̵e̵r̵o̵_̵a̵d̵d̵,̵m̵u̵l̵_̵i̵m̵,̵I̵_̵r̵e̵,̵I̵_̵i̵m̵,̵
  ̵ ̵ ̵ ̵ ̵ ̵ ̵o̵f̵R̵e̵a̵l̵_̵r̵e̵,̵m̵u̵l̵_̵z̵e̵r̵o̵,̵m̵u̵l̵_̵o̵n̵e̵,̵z̵e̵r̵o̵_̵m̵u̵l̵,̵a̵d̵d̵_̵z̵e̵r̵o̵]̵[̲l̲e̲m̲m̲a̲2̲3̲P̲a̲p̲e̲r̲C̲e̲n̲t̲e̲r̲,̲ ̲o̲f̲R̲e̲a̲l̲_̲i̲m̲,̲ ̲z̲e̲r̲o̲_̲a̲d̲d̲,̲ ̲m̲u̲l̲_̲i̲m̲,̲ ̲I̲_̲r̲e̲,̲ ̲I̲_̲i̲m̲,̲ ̲o̲f̲R̲e̲a̲l̲_̲r̲e̲,̲ ̲m̲u̲l̲_̲z̲e̲r̲o̲,̲
  ̲ ̲ ̲ ̲ ̲ ̲ ̲m̲u̲l̲_̲o̲n̲e̲,̲ ̲z̲e̲r̲o̲_̲m̲u̲l̲,̲ ̲a̲d̲d̲_̲z̲e̲r̲o̲]̲

Note: This linter can be disabled with `set_option linter.unusedSimpArgs false`
warning: ZhangLS/Spec/Lemma61HorizontalKernel.lean:46:41: This simp argument is unused:
  ofReal_im

Hint: Omit it from the simp argument list.
  simp only [̵l̵e̵m̵m̵a̵2̵3̵P̵a̵p̵e̵r̵C̵e̵n̵t̵e̵r̵,̵a̵d̵d̵_̵i̵m̵,̵o̵f̵R̵e̵a̵l̵_̵i̵m̵,̵z̵e̵r̵o̵_̵a̵d̵d̵,̵m̵u̵l̵_̵i̵m̵,̵I̵_̵r̵e̵,̵I̵_̵i̵m̵,̵
  ̵ ̵ ̵ ̵ ̵ ̵ ̵o̵f̵R̵e̵a̵l̵_̵r̵e̵,̵m̵u̵l̵_̵z̵e̵r̵o̵,̵m̵u̵l̵_̵o̵n̵e̵,̵z̵e̵r̵o̵_̵m̵u̵l̵,̵a̵d̵d̵_̵z̵e̵r̵o̵]̵[̲l̲e̲m̲m̲a̲2̲3̲P̲a̲p̲e̲r̲C̲e̲n̲t̲e̲r̲,̲ ̲a̲d̲d̲_̲i̲m̲,̲ ̲z̲e̲r̲o̲_̲a̲d̲d̲,̲ ̲m̲u̲l̲_̲i̲m̲,̲ ̲I̲_̲r̲e̲,̲ ̲I̲_̲i̲m̲,̲ ̲o̲f̲R̲e̲a̲l̲_̲r̲e̲,̲ ̲m̲u̲l̲_̲z̲e̲r̲o̲,̲
  ̲ ̲ ̲ ̲ ̲ ̲ ̲m̲u̲l̲_̲o̲n̲e̲,̲ ̲z̲e̲r̲o̲_̲m̲u̲l̲,̲ ̲a̲d̲d̲_̲z̲e̲r̲o̲]̲

Note: This linter can be disabled with `set_option linter.unusedSimpArgs false`
warning: ZhangLS/Spec/Lemma61HorizontalKernel.lean:46:51: This simp argument is unused:
  zero_add

Hint: Omit it from the simp argument list.
  simp only [̵l̵e̵m̵m̵a̵2̵3̵P̵a̵p̵e̵r̵C̵e̵n̵t̵e̵r̵,̵a̵d̵d̵_̵i̵m̵,̵o̵f̵R̵e̵a̵l̵_̵i̵m̵,̵z̵e̵r̵o̵_̵a̵d̵d̵,̵m̵u̵l̵_̵i̵m̵,̵I̵_̵r̵e̵,̵I̵_̵i̵m̵,̵
  ̵ ̵ ̵ ̵ ̵ ̵ ̵o̵f̵R̵e̵a̵l̵_̵r̵e̵,̵m̵u̵l̵_̵z̵e̵r̵o̵,̵m̵u̵l̵_̵o̵n̵e̵,̵z̵e̵r̵o̵_̵m̵u̵l̵,̵a̵d̵d̵_̵z̵e̵r̵o̵]̵[̲l̲e̲m̲m̲a̲2̲3̲P̲a̲p̲e̲r̲C̲e̲n̲t̲e̲r̲,̲ ̲a̲d̲d̲_̲i̲m̲,̲ ̲o̲f̲R̲e̲a̲l̲_̲i̲m̲,̲ ̲m̲u̲l̲_̲i̲m̲,̲ ̲I̲_̲r̲e̲,̲ ̲I̲_̲i̲m̲,̲ ̲o̲f̲R̲e̲a̲l̲_̲r̲e̲,̲ ̲m̲u̲l̲_̲z̲e̲r̲o̲,̲
  ̲ ̲ ̲ ̲ ̲ ̲ ̲m̲u̲l̲_̲o̲n̲e̲,̲ ̲z̲e̲r̲o̲_̲m̲u̲l̲,̲ ̲a̲d̲d̲_̲z̲e̲r̲o̲]̲

Note: This linter can be disabled with `set_option linter.unusedSimpArgs false`
warning: ZhangLS/Spec/Lemma61HorizontalKernel.lean:46:60: This simp argument is unused:
  mul_im

Hint: Omit it from the simp argument list.
  simp only [̵l̵e̵m̵m̵a̵2̵3̵P̵a̵p̵e̵r̵C̵e̵n̵t̵e̵r̵,̵a̵d̵d̵_̵i̵m̵,̵o̵f̵R̵e̵a̵l̵_̵i̵m̵,̵z̵e̵r̵o̵_̵a̵d̵d̵,̵m̵u̵l̵_̵i̵m̵,̵I̵_̵r̵e̵,̵I̵_̵i̵m̵,̵
  ̵ ̵ ̵ ̵ ̵ ̵ ̵o̵f̵R̵e̵a̵l̵_̵r̵e̵,̵m̵u̵l̵_̵z̵e̵r̵o̵,̵m̵u̵l̵_̵o̵n̵e̵,̵z̵e̵r̵o̵_̵m̵u̵l̵,̵a̵d̵d̵_̵z̵e̵r̵o̵]̵[̲l̲e̲m̲m̲a̲2̲3̲P̲a̲p̲e̲r̲C̲e̲n̲t̲e̲r̲,̲ ̲a̲d̲d̲_̲i̲m̲,̲ ̲o̲f̲R̲e̲a̲l̲_̲i̲m̲,̲ ̲z̲e̲r̲o̲_̲a̲d̲d̲,̲ ̲I̲_̲r̲e̲,̲ ̲I̲_̲i̲m̲,̲ ̲o̲f̲R̲e̲a̲l̲_̲r̲e̲,̲ ̲m̲u̲l̲_̲z̲e̲r̲o̲,̲
  ̲ ̲ ̲ ̲ ̲ ̲ ̲m̲u̲l̲_̲o̲n̲e̲,̲ ̲z̲e̲r̲o̲_̲m̲u̲l̲,̲ ̲a̲d̲d̲_̲z̲e̲r̲o̲]̲

Note: This linter can be disabled with `set_option linter.unusedSimpArgs false`
warning: ZhangLS/Spec/Lemma61HorizontalKernel.lean:46:67: This simp argument is unused:
  I_re

Hint: Omit it from the simp argument list.
  simp only [̵l̵e̵m̵m̵a̵2̵3̵P̵a̵p̵e̵r̵C̵e̵n̵t̵e̵r̵,̵a̵d̵d̵_̵i̵m̵,̵o̵f̵R̵e̵a̵l̵_̵i̵m̵,̵z̵e̵r̵o̵_̵a̵d̵d̵,̵m̵u̵l̵_̵i̵m̵,̵I̵_̵r̵e̵,̵I̵_̵i̵m̵,̵
  ̵ ̵ ̵ ̵ ̵ ̵ ̵o̵f̵R̵e̵a̵l̵_̵r̵e̵,̵m̵u̵l̵_̵z̵e̵r̵o̵,̵m̵u̵l̵_̵o̵n̵e̵,̵z̵e̵r̵o̵_̵m̵u̵l̵,̵a̵d̵d̵_̵z̵e̵r̵o̵]̵[̲l̲e̲m̲m̲a̲2̲3̲P̲a̲p̲e̲r̲C̲e̲n̲t̲e̲r̲,̲ ̲a̲d̲d̲_̲i̲m̲,̲ ̲o̲f̲R̲e̲a̲l̲_̲i̲m̲,̲ ̲z̲e̲r̲o̲_̲a̲d̲d̲,̲ ̲m̲u̲l̲_̲i̲m̲,̲ ̲I̲_̲i̲m̲,̲ ̲o̲f̲R̲e̲a̲l̲_̲r̲e̲,̲ ̲m̲u̲l̲_̲z̲e̲r̲o̲,̲
  ̲ ̲ ̲ ̲ ̲ ̲ ̲m̲u̲l̲_̲o̲n̲e̲,̲ ̲z̲e̲r̲o̲_̲m̲u̲l̲,̲ ̲a̲d̲d̲_̲z̲e̲r̲o̲]̲

Note: This linter can be disabled with `set_option linter.unusedSimpArgs false`
warning: ZhangLS/Spec/Lemma61HorizontalKernel.lean:46:72: This simp argument is unused:
  I_im

Hint: Omit it from the simp argument list.
  simp only [̵l̵e̵m̵m̵a̵2̵3̵P̵a̵p̵e̵r̵C̵e̵n̵t̵e̵r̵,̵a̵d̵d̵_̵i̵m̵,̵o̵f̵R̵e̵a̵l̵_̵i̵m̵,̵z̵e̵r̵o̵_̵a̵d̵d̵,̵m̵u̵l̵_̵i̵m̵,̵I̵_̵r̵e̵,̵I̵_̵i̵m̵,̵
  ̵ ̵ ̵ ̵ ̵ ̵ ̵o̵f̵R̵e̵a̵l̵_̵r̵e̵,̵m̵u̵l̵_̵z̵e̵r̵o̵,̵m̵u̵l̵_̵o̵n̵e̵,̵z̵e̵r̵o̵_̵m̵u̵l̵,̵a̵d̵d̵_̵z̵e̵r̵o̵]̵[̲l̲e̲m̲m̲a̲2̲3̲P̲a̲p̲e̲r̲C̲e̲n̲t̲e̲r̲,̲ ̲a̲d̲d̲_̲i̲m̲,̲ ̲o̲f̲R̲e̲a̲l̲_̲i̲m̲,̲ ̲z̲e̲r̲o̲_̲a̲d̲d̲,̲ ̲m̲u̲l̲_̲i̲m̲,̲ ̲I̲_̲r̲e̲,̲ ̲o̲f̲R̲e̲a̲l̲_̲r̲e̲,̲ ̲m̲u̲l̲_̲z̲e̲r̲o̲,̲
  ̲ ̲ ̲ ̲ ̲ ̲ ̲m̲u̲l̲_̲o̲n̲e̲,̲ ̲z̲e̲r̲o̲_̲m̲u̲l̲,̲ ̲a̲d̲d̲_̲z̲e̲r̲o̲]̲

Note: This linter can be disabled with `set_option linter.unusedSimpArgs false`
warning: ZhangLS/Spec/Lemma61HorizontalKernel.lean:47:6: This simp argument is unused:
  ofReal_re

Hint: Omit it from the simp argument list.
  simp only [̵l̵e̵m̵m̵a̵2̵3̵P̵a̵p̵e̵r̵C̵e̵n̵t̵e̵r̵,̵a̵d̵d̵_̵i̵m̵,̵o̵f̵R̵e̵a̵l̵_̵i̵m̵,̵z̵e̵r̵o̵_̵a̵d̵d̵,̵m̵u̵l̵_̵i̵m̵,̵I̵_̵r̵e̵,̵I̵_̵i̵m̵,̵
  ̵ ̵ ̵ ̵ ̵ ̵ ̵o̵f̵R̵e̵a̵l̵_̵r̵e̵,̵m̵u̵l̵_̵z̵e̵r̵o̵,̵m̵u̵l̵_̵o̵n̵e̵,̵z̵e̵r̵o̵_̵m̵u̵l̵,̵a̵d̵d̵_̵z̵e̵r̵o̵]̵[̲l̲e̲m̲m̲a̲2̲3̲P̲a̲p̲e̲r̲C̲e̲n̲t̲e̲r̲,̲ ̲a̲d̲d̲_̲i̲m̲,̲ ̲o̲f̲R̲e̲a̲l̲_̲i̲m̲,̲ ̲z̲e̲r̲o̲_̲a̲d̲d̲,̲ ̲m̲u̲l̲_̲i̲m̲,̲ ̲I̲_̲r̲e̲,̲ ̲I̲_̲i̲m̲,̲ ̲m̲u̲l̲_̲z̲e̲r̲o̲,̲
  ̲ ̲ ̲ ̲ ̲ ̲ ̲m̲u̲l̲_̲o̲n̲e̲,̲ ̲z̲e̲r̲o̲_̲m̲u̲l̲,̲ ̲a̲d̲d̲_̲z̲e̲r̲o̲]̲

Note: This linter can be disabled with `set_option linter.unusedSimpArgs false`
warning: ZhangLS/Spec/Lemma61HorizontalKernel.lean:47:16: This simp argument is unused:
  mul_zero

Hint: Omit it from the simp argument list.
  simp only [̵l̵e̵m̵m̵a̵2̵3̵P̵a̵p̵e̵r̵C̵e̵n̵t̵e̵r̵,̵a̵d̵d̵_̵i̵m̵,̵o̵f̵R̵e̵a̵l̵_̵i̵m̵,̵z̵e̵r̵o̵_̵a̵d̵d̵,̵m̵u̵l̵_̵i̵m̵,̵I̵_̵r̵e̵,̵I̵_̵i̵m̵,̵
  ̵ ̵ ̵ ̵ ̵ ̵ ̵o̵f̵R̵e̵a̵l̵_̵r̵e̵,̵m̵u̵l̵_̵z̵e̵r̵o̵,̵m̵u̵l̵_̵o̵n̵e̵,̵z̵e̵r̵o̵_̵m̵u̵l̵,̵a̵d̵d̵_̵z̵e̵r̵o̵]̵[̲l̲e̲m̲m̲a̲2̲3̲P̲a̲p̲e̲r̲C̲e̲n̲t̲e̲r̲,̲ ̲a̲d̲d̲_̲i̲m̲,̲ ̲o̲f̲R̲e̲a̲l̲_̲i̲m̲,̲ ̲z̲e̲r̲o̲_̲a̲d̲d̲,̲ ̲m̲u̲l̲_̲i̲m̲,̲ ̲I̲_̲r̲e̲,̲ ̲I̲_̲i̲m̲,̲ ̲o̲f̲R̲e̲a̲l̲_̲r̲e̲,̲
  ̲ ̲ ̲ ̲ ̲ ̲ ̲m̲u̲l̲_̲o̲n̲e̲,̲ ̲z̲e̲r̲o̲_̲m̲u̲l̲,̲ ̲a̲d̲d̲_̲z̲e̲r̲o̲]̲

Note: This linter can be disabled with `set_option linter.unusedSimpArgs false`
warning: ZhangLS/Spec/Lemma61HorizontalKernel.lean:47:25: This simp argument is unused:
  mul_one

Hint: Omit it from the simp argument list.
  simp only [̵l̵e̵m̵m̵a̵2̵3̵P̵a̵p̵e̵r̵C̵e̵n̵t̵e̵r̵,̵a̵d̵d̵_̵i̵m̵,̵o̵f̵R̵e̵a̵l̵_̵i̵m̵,̵z̵e̵r̵o̵_̵a̵d̵d̵,̵m̵u̵l̵_̵i̵m̵,̵I̵_̵r̵e̵,̵I̵_̵i̵m̵,̵
  ̵ ̵ ̵ ̵ ̵ ̵ ̵o̵f̵R̵e̵a̵l̵_̵r̵e̵,̵m̵u̵l̵_̵z̵e̵r̵o̵,̵m̵u̵l̵_̵o̵n̵e̵,̵z̵e̵r̵o̵_̵m̵u̵l̵,̵a̵d̵d̵_̵z̵e̵r̵o̵]̵[̲l̲e̲m̲m̲a̲2̲3̲P̲a̲p̲e̲r̲C̲e̲n̲t̲e̲r̲,̲ ̲a̲d̲d̲_̲i̲m̲,̲ ̲o̲f̲R̲e̲a̲l̲_̲i̲m̲,̲ ̲z̲e̲r̲o̲_̲a̲d̲d̲,̲ ̲m̲u̲l̲_̲i̲m̲,̲ ̲I̲_̲r̲e̲,̲ ̲I̲_̲i̲m̲,̲ ̲o̲f̲R̲e̲a̲l̲_̲r̲e̲,̲
  ̲ ̲ ̲ ̲ ̲ ̲ ̲m̲u̲l̲_̲z̲e̲r̲o̲,̲ ̲z̲e̲r̲o̲_̲m̲u̲l̲,̲ ̲a̲d̲d̲_̲z̲e̲r̲o̲]̲

Note: This linter can be disabled with `set_option linter.unusedSimpArgs false`
warning: ZhangLS/Spec/Lemma61HorizontalKernel.lean:47:33: This simp argument is unused:
  zero_mul

Hint: Omit it from the simp argument list.
  simp only [̵l̵e̵m̵m̵a̵2̵3̵P̵a̵p̵e̵r̵C̵e̵n̵t̵e̵r̵,̵a̵d̵d̵_̵i̵m̵,̵o̵f̵R̵e̵a̵l̵_̵i̵m̵,̵z̵e̵r̵o̵_̵a̵d̵d̵,̵m̵u̵l̵_̵i̵m̵,̵I̵_̵r̵e̵,̵I̵_̵i̵m̵,̵
  ̵ ̵ ̵ ̵ ̵ ̵ ̵o̵f̵R̵e̵a̵l̵_̵r̵e̵,̵m̵u̵l̵_̵z̵e̵r̵o̵,̵m̵u̵l̵_̵o̵n̵e̵,̵z̵e̵r̵o̵_̵m̵u̵l̵,̵a̵d̵d̵_̵z̵e̵r̵o̵]̵[̲l̲e̲m̲m̲a̲2̲3̲P̲a̲p̲e̲r̲C̲e̲n̲t̲e̲r̲,̲ ̲a̲d̲d̲_̲i̲m̲,̲ ̲o̲f̲R̲e̲a̲l̲_̲i̲m̲,̲ ̲z̲e̲r̲o̲_̲a̲d̲d̲,̲ ̲m̲u̲l̲_̲i̲m̲,̲ ̲I̲_̲r̲e̲,̲ ̲I̲_̲i̲m̲,̲ ̲o̲f̲R̲e̲a̲l̲_̲r̲e̲,̲
  ̲ ̲ ̲ ̲ ̲ ̲ ̲m̲u̲l̲_̲z̲e̲r̲o̲,̲ ̲m̲u̲l̲_̲o̲n̲e̲,̲ ̲a̲d̲d̲_̲z̲e̲r̲o̲]̲

Note: This linter can be disabled with `set_option linter.unusedSimpArgs false`
warning: ZhangLS/Spec/Lemma61HorizontalKernel.lean:47:42: This simp argument is unused:
  add_zero

Hint: Omit it from the simp argument list.
  simp only [̵l̵e̵m̵m̵a̵2̵3̵P̵a̵p̵e̵r̵C̵e̵n̵t̵e̵r̵,̵a̵d̵d̵_̵i̵m̵,̵o̵f̵R̵e̵a̵l̵_̵i̵m̵,̵z̵e̵r̵o̵_̵a̵d̵d̵,̵m̵u̵l̵_̵i̵m̵,̵I̵_̵r̵e̵,̵I̵_̵i̵m̵,̵
  ̵ ̵ ̵ ̵ ̵ ̵ ̵o̵f̵R̵e̵a̵l̵_̵r̵e̵,̵m̵u̵l̵_̵z̵e̵r̵o̵,̵m̵u̵l̵_̵o̵n̵e̵,̵z̵e̵r̵o̵_̵m̵u̵l̵,̵a̵d̵d̵_̵z̵e̵r̵o̵]̵[̲l̲e̲m̲m̲a̲2̲3̲P̲a̲p̲e̲r̲C̲e̲n̲t̲e̲r̲,̲ ̲a̲d̲d̲_̲i̲m̲,̲ ̲o̲f̲R̲e̲a̲l̲_̲i̲m̲,̲ ̲z̲e̲r̲o̲_̲a̲d̲d̲,̲ ̲m̲u̲l̲_̲i̲m̲,̲ ̲I̲_̲r̲e̲,̲ ̲I̲_̲i̲m̲,̲ ̲o̲f̲R̲e̲a̲l̲_̲r̲e̲,̲
  ̲ ̲ ̲ ̲ ̲ ̲ ̲m̲u̲l̲_̲z̲e̲r̲o̲,̲ ̲m̲u̲l̲_̲o̲n̲e̲,̲ ̲z̲e̲r̲o̲_̲m̲u̲l̲]̲

Note: This linter can be disabled with `set_option linter.unusedSimpArgs false`
⚠ [4766/4790] Replayed ZhangLS.Spec.Lemma61HorizontalLBounds
warning: ZhangLS/Spec/Lemma61HorizontalLBounds.lean:32:17: 'positivity' tactic does nothing

Note: This linter can be disabled with `set_option linter.unusedTactic false`
warning: ZhangLS/Spec/Lemma61HorizontalLBounds.lean:32:17: this tactic is never executed

Note: This linter can be disabled with `set_option linter.unreachableTactic false`
warning: ZhangLS/Spec/Lemma61HorizontalLBounds.lean:51:17: 'positivity' tactic does nothing

Note: This linter can be disabled with `set_option linter.unusedTactic false`
warning: ZhangLS/Spec/Lemma61HorizontalLBounds.lean:51:17: this tactic is never executed

Note: This linter can be disabled with `set_option linter.unreachableTactic false`
⚠ [4767/4790] Replayed ZhangLS.Spec.Lemma61HorizontalTruncation
warning: ZhangLS/Spec/Lemma61HorizontalTruncation.lean:67:60: 'ring' tactic does nothing

Note: This linter can be disabled with `set_option linter.unusedTactic false`
warning: ZhangLS/Spec/Lemma61HorizontalTruncation.lean:67:60: this tactic is never executed

Note: This linter can be disabled with `set_option linter.unreachableTactic false`
warning: ZhangLS/Spec/Lemma61HorizontalTruncation.lean:74:71: Used `tac1 <;> tac2` where `(tac1; tac2)` would suffice

Note: This linter can be disabled with `set_option linter.unnecessarySeqFocus false`
⚠ [4768/4790] Replayed ZhangLS.Spec.Lemma61Approximation
info: ZhangLS/Spec/Lemma61Approximation.lean:61:74: Try this:
  [apply] ring_nf
  
  The `ring` tactic failed to close the goal. Use `ring_nf` to obtain a normal form.
    
  Note that `ring` works primarily in *commutative* rings. If you have a noncommutative ring, abelian group or module, consider using `noncomm_ring`, `abel` or `module` instead.
warning: ZhangLS/Spec/Lemma61Approximation.lean:61:70: Used `tac1 <;> tac2` where `(tac1; tac2)` would suffice

Note: This linter can be disabled with `set_option linter.unnecessarySeqFocus false`
⚠ [4774/4790] Replayed ZhangLS.Spec.Lemma56PrimeWindowAbsolute
warning: ZhangLS/Spec/Lemma56PrimeWindowAbsolute.lean:38:21: Used `tac1 <;> tac2` where `(tac1; tac2)` would suffice

Note: This linter can be disabled with `set_option linter.unnecessarySeqFocus false`
⚠ [4777/4790] Replayed ZhangLS.Spec.Lemma56PrimeMassNormalization
warning: ZhangLS/Spec/Lemma56PrimeMassNormalization.lean:51:23: Used `tac1 <;> tac2` where `(tac1; tac2)` would suffice

Note: This linter can be disabled with `set_option linter.unnecessarySeqFocus false`
⚠ [4778/4790] Replayed ZhangLS.Spec.Lemma56ActualPrimeMassScales
warning: ZhangLS/Spec/Lemma56ActualPrimeMassScales.lean:26:5: unused variable `hC`

Note: This linter can be disabled with `set_option linter.unusedVariables false`
⚠ [4780/4790] Replayed ZhangLS.Spec.Lemma56ActualPrimeMassLower
warning: ZhangLS/Spec/Lemma56ActualPrimeMassLower.lean:95:86: Used `tac1 <;> tac2` where `(tac1; tac2)` would suffice

Note: This linter can be disabled with `set_option linter.unnecessarySeqFocus false`
Build completed successfully (4790 jobs).
Checking 628 Spec modules with 4 workers
PASS	ZhangLS/Spec/CharacterPeriodSum.lean
PASS	ZhangLS/Spec/CharacterLSeriesAbel.lean
PASS	ZhangLS/Spec/CharacterAbelIntegralBound.lean
PASS	ZhangLS/Spec/CharacterAbelAnalyticContinuation.lean
PASS	ZhangLS/Spec/DivisorCharacterSum.lean
PASS	ZhangLS/Spec/DirichletLSeries.lean
PASS	ZhangLS/Spec/DivisorCharacterSumNonnegative.lean
PASS	ZhangLS/Spec/Lemma23.lean
PASS	ZhangLS/Spec/Lemma23AnalyticLogBranch.lean
PASS	ZhangLS/Spec/Lemma23ArgumentPrinciple.lean
PASS	ZhangLS/Spec/Lemma23ArithmeticCoefficients.lean
PASS	ZhangLS/Spec/Lemma23BorelCaratheodory.lean
PASS	ZhangLS/Spec/Lemma23CharacterOrthogonality.lean
PASS	ZhangLS/Spec/Lemma23CoefficientBounds.lean
PASS	ZhangLS/Spec/Lemma23DirichletBranch.lean
PASS	ZhangLS/Spec/Lemma23DirichletConjugation.lean
PASS	ZhangLS/Spec/Lemma23DirichletFunctionalEquation.lean
PASS	ZhangLS/Spec/Lemma23FiniteDirichletApproximation.lean
PASS	ZhangLS/Spec/Lemma23DirichletUnitModulus.lean
PASS	ZhangLS/Spec/Lemma23GeneralArgumentPrinciple.lean
PASS	ZhangLS/Spec/Lemma23GoodSet.lean
PASS	ZhangLS/Spec/Lemma23ModelZeros.lean
PASS	ZhangLS/Spec/Lemma23ModelRouche.lean
PASS	ZhangLS/Spec/Lemma23PrimitiveGaussSum.lean
PASS	ZhangLS/Spec/Lemma23Nu20Bounds.lean
PASS	ZhangLS/Spec/Lemma23RealSign.lean
PASS	ZhangLS/Spec/Lemma23ProductApproximation.lean
PASS	ZhangLS/Spec/Lemma23RoucheIntegral.lean
PASS	ZhangLS/Spec/Lemma23SectionFourLogDerivative.lean
PASS	ZhangLS/Spec/Lemma23X1Expansion.lean
PASS	ZhangLS/Spec/Lemma23SuccessiveZeros.lean
PASS	ZhangLS/Spec/Lemma23ZeroGapArithmetic.lean
PASS	ZhangLS/Spec/Lemma23ZeroData.lean
PASS	ZhangLS/Spec/Lemma23ZeroGapDirichlet.lean
PASS	ZhangLS/Spec/Lemma23ZeroIntervals.lean
PASS	ZhangLS/Spec/Lemma31.lean
PASS	ZhangLS/Spec/Lemma31Absorption.lean
PASS	ZhangLS/Spec/Lemma31CharacterAbel.lean
PASS	ZhangLS/Spec/Lemma31CharacterKernel.lean
PASS	ZhangLS/Spec/Lemma31CumulativeBound.lean
PASS	ZhangLS/Spec/Lemma31DiscreteAbel.lean
PASS	ZhangLS/Spec/Lemma31FloorError.lean
PASS	ZhangLS/Spec/Lemma31HarmonicTruncation.lean
PASS	ZhangLS/Spec/Lemma31HyperbolaError.lean
PASS	ZhangLS/Spec/Lemma31HyperbolaInputs.lean
PASS	ZhangLS/Spec/Lemma31LinearTail.lean
PASS	ZhangLS/Spec/Lemma31NormalizedTail.lean
PASS	ZhangLS/Spec/Lemma31NuAbel.lean
PASS	ZhangLS/Spec/Lemma31NuIntegralBound.lean
PASS	ZhangLS/Spec/Lemma31OrderedArithmetic.lean
PASS	ZhangLS/Spec/Lemma31PaperScale.lean
PASS	ZhangLS/Spec/Lemma31PowerIntegrals.lean
PASS	ZhangLS/Spec/Lemma31PrimeSquare.lean
PASS	ZhangLS/Spec/Lemma31RealCoefficients.lean
PASS	ZhangLS/Spec/Lemma31SquareMajorant.lean
PASS	ZhangLS/Spec/Lemma31TotalWeight.lean
PASS	ZhangLS/Spec/Lemma31WeightedKernel.lean
PASS	ZhangLS/Spec/Lemma31WeightedTail.lean
PASS	ZhangLS/Spec/Lemma32AbelMajorants.lean
PASS	ZhangLS/Spec/Lemma32AbelSquareRootBound.lean
PASS	ZhangLS/Spec/Lemma32ActualCRTCharacter.lean
PASS	ZhangLS/Spec/Lemma32ActualCollisionBound.lean
PASS	ZhangLS/Spec/Lemma32ActualBurgessParameters.lean
PASS	ZhangLS/Spec/Lemma32ActualCurvePointCount.lean
PASS	ZhangLS/Spec/Lemma32ActualGammaMellin.lean
PASS	ZhangLS/Spec/Lemma32ActualHasseCorrelation.lean
PASS	ZhangLS/Spec/Lemma32ActualOddCurveCount.lean
PASS	ZhangLS/Spec/Lemma32ActualPrimeCorrelation.lean
PASS	ZhangLS/Spec/Lemma32ActualPrimeCurveCount.lean
PASS	ZhangLS/Spec/Lemma32ActualRepeatedCorrelation.lean
PASS	ZhangLS/Spec/Lemma32ActualResidue.lean
PASS	ZhangLS/Spec/Lemma32ActualRootWeights.lean
PASS	ZhangLS/Spec/Lemma32ActualSeriesIdentity.lean
PASS	ZhangLS/Spec/Lemma32ActualTailReduction.lean
PASS	ZhangLS/Spec/Lemma32AffineCharacterCount.lean
PASS	ZhangLS/Spec/Lemma32ActualUniformBurgess.lean
PASS	ZhangLS/Spec/Lemma32AnalyticCorrection.lean
PASS	ZhangLS/Spec/Lemma32BoundaryLinearity.lean
PASS	ZhangLS/Spec/Lemma32BurgessAbelScale.lean
PASS	ZhangLS/Spec/Lemma32BurgessAmplitudeBound.lean
PASS	ZhangLS/Spec/Lemma32BurgessAmplitudeFourth.lean
PASS	ZhangLS/Spec/Lemma32BurgessBlockMomentBounds.lean
PASS	ZhangLS/Spec/Lemma32BurgessBlockNormalization.lean
PASS	ZhangLS/Spec/Lemma32BurgessCongruenceCount.lean
PASS	ZhangLS/Spec/Lemma32BurgessBlockParameters.lean
PASS	ZhangLS/Spec/Lemma32BurgessDeterminant.lean
PASS	ZhangLS/Spec/Lemma32BurgessCollisionParameters.lean
PASS	ZhangLS/Spec/Lemma32BurgessFloorBounds.lean
PASS	ZhangLS/Spec/Lemma32BurgessFourthMoment.lean
PASS	ZhangLS/Spec/Lemma32BurgessEndpointBounds.lean
PASS	ZhangLS/Spec/Lemma32BurgessGlobalConstant.lean
PASS	ZhangLS/Spec/Lemma32BurgessLineCount.lean
PASS	ZhangLS/Spec/Lemma32BurgessInductionBoundary.lean
PASS	ZhangLS/Spec/Lemma32BurgessLeftError.lean
PASS	ZhangLS/Spec/Lemma32BurgessIntervalBoundary.lean
PASS	ZhangLS/Spec/Lemma32BurgessMultiplicity.lean
PASS	ZhangLS/Spec/Lemma32BurgessMultiplicityEnergy.lean
PASS	ZhangLS/Spec/Lemma32BurgessMultiplicitySquare.lean
PASS	ZhangLS/Spec/Lemma32BurgessMultiplierParameters.lean
PASS	ZhangLS/Spec/Lemma32BurgessPowerAlgebra.lean
PASS	ZhangLS/Spec/Lemma32BurgessPairings.lean
PASS	ZhangLS/Spec/Lemma32BurgessNormalization.lean
PASS	ZhangLS/Spec/Lemma32BurgessReduction.lean
PASS	ZhangLS/Spec/Lemma32BurgessResidueCollision.lean
PASS	ZhangLS/Spec/Lemma32BurgessShiftCharacter.lean
PASS	ZhangLS/Spec/Lemma32BurgessShiftAmplification.lean
PASS	ZhangLS/Spec/Lemma32BurgessWeightedMoment.lean
PASS	ZhangLS/Spec/Lemma32CRTConductorDescent.lean
PASS	ZhangLS/Spec/Lemma32ChangeLevelConductor.lean
PASS	ZhangLS/Spec/Lemma32CharacterEquivPullback.lean
PASS	ZhangLS/Spec/Lemma32CircleIntegral.lean
PASS	ZhangLS/Spec/Lemma32CircleIntegrand.lean
PASS	ZhangLS/Spec/Lemma32CircleRegularity.lean
PASS	ZhangLS/Spec/Lemma32CoefficientMajorant.lean
PASS	ZhangLS/Spec/Lemma32CollisionTupleCount.lean
PASS	ZhangLS/Spec/Lemma32CompositeCorrelation.lean
PASS	ZhangLS/Spec/Lemma32CoprimeCorrelationFactor.lean
PASS	ZhangLS/Spec/Lemma32CompositeFourthMoment.lean
PASS	ZhangLS/Spec/Lemma32CoprimeCountError.lean
PASS	ZhangLS/Spec/Lemma32CoprimeDensity.lean
PASS	ZhangLS/Spec/Lemma32CoprimeMobiusCount.lean
PASS	ZhangLS/Spec/Lemma32CorrectionProduct.lean
PASS	ZhangLS/Spec/Lemma32CorrelationFactorDivisor.lean
PASS	ZhangLS/Spec/Lemma32DistinctMomentPointCount.lean
PASS	ZhangLS/Spec/Lemma32DistinctRootFieldSize.lean
PASS	ZhangLS/Spec/Lemma32DivisorGcdAverage.lean
PASS	ZhangLS/Spec/Lemma32DivisorSummatory.lean
PASS	ZhangLS/Spec/Lemma32EulerFactors.lean
PASS	ZhangLS/Spec/Lemma32EulerLocalIdentity.lean
PASS	ZhangLS/Spec/Lemma32FiniteActualCurvePoints.lean
PASS	ZhangLS/Spec/Lemma32FiniteShift.lean
PASS	ZhangLS/Spec/Lemma32FiniteShiftAverage.lean
PASS	ZhangLS/Spec/Lemma32FourierChordLower.lean
PASS	ZhangLS/Spec/Lemma32FourierGeometricKernel.lean
PASS	ZhangLS/Spec/Lemma32FourierKernelReciprocal.lean
PASS	ZhangLS/Spec/Lemma32FourierKernelSummatory.lean
PASS	ZhangLS/Spec/Lemma32FourthMomentRemainder.lean
PASS	ZhangLS/Spec/Lemma32FullGammaMellin.lean
PASS	ZhangLS/Spec/Lemma32GammaLocal.lean
PASS	ZhangLS/Spec/Lemma32GammaMellin.lean
PASS	ZhangLS/Spec/Lemma32GammaStripDecay.lean
PASS	ZhangLS/Spec/Lemma32GammaVertical.lean
PASS	ZhangLS/Spec/Lemma32GlobalAnalyticity.lean
PASS	ZhangLS/Spec/Lemma32Geometric.lean
PASS	ZhangLS/Spec/Lemma32GlobalCorrectionGrowth.lean
PASS	ZhangLS/Spec/Lemma32GlobalHeightGrowth.lean
PASS	ZhangLS/Spec/Lemma32HorizontalDecay.lean
PASS	ZhangLS/Spec/Lemma32InfiniteShift.lean
PASS	ZhangLS/Spec/Lemma32IntegerCRTCorrelation.lean
PASS	ZhangLS/Spec/Lemma32IsolatedRootWeights.lean
PASS	ZhangLS/Spec/Lemma32IntervalFourierCompletion.lean
PASS	ZhangLS/Spec/Lemma32LaurentCoefficients.lean
PASS	ZhangLS/Spec/Lemma32LeftErrorAbsorption.lean
PASS	ZhangLS/Spec/Lemma32LeftIntegralBound.lean
PASS	ZhangLS/Spec/Lemma32LeftIntegrandBound.lean
PASS	ZhangLS/Spec/Lemma32LeftKernelContinuity.lean
PASS	ZhangLS/Spec/Lemma32LeftKernelIntegrability.lean
PASS	ZhangLS/Spec/Lemma32LeftSmoothing.lean
PASS	ZhangLS/Spec/Lemma32LocalBounds.lean
PASS	ZhangLS/Spec/Lemma32LocalL.lean
PASS	ZhangLS/Spec/Lemma32LocalSeries.lean
PASS	ZhangLS/Spec/Lemma32MellinTerms.lean
PASS	ZhangLS/Spec/Lemma32ModulusFactors.lean
PASS	ZhangLS/Spec/Lemma32MultiplierGcdAverage.lean
PASS	ZhangLS/Spec/Lemma32MonicCubicNormalization.lean
PASS	ZhangLS/Spec/Lemma32NormalizedCubicSums.lean
PASS	ZhangLS/Spec/Lemma32NormalizedFiniteShift.lean
PASS	ZhangLS/Spec/Lemma32OddKernelDescent.lean
PASS	ZhangLS/Spec/Lemma32OddPrimePowerConductor.lean
PASS	ZhangLS/Spec/Lemma32OriginalCircle.lean
PASS	ZhangLS/Spec/Lemma32OriginalMellinDifference.lean
PASS	ZhangLS/Spec/Lemma32OriginalTargetClosure.lean
PASS	ZhangLS/Spec/Lemma32PrimeCoefficients.lean
PASS	ZhangLS/Spec/Lemma32PrimeFactorPower.lean
PASS	ZhangLS/Spec/Lemma32PrimeFourthMomentSplit.lean
PASS	ZhangLS/Spec/Lemma32PrimeGcdCorrelation.lean
PASS	ZhangLS/Spec/Lemma32PrimePowerReductionKernel.lean
PASS	ZhangLS/Spec/Lemma32PrimeHasseFourthMoment.lean
PASS	ZhangLS/Spec/Lemma32PrimeRootDifferenceBound.lean
PASS	ZhangLS/Spec/Lemma32PrimitiveCRTCharacters.lean
PASS	ZhangLS/Spec/Lemma32PrimitiveCRTNontrivial.lean
PASS	ZhangLS/Spec/Lemma32PrimitiveDivisorCount.lean
PASS	ZhangLS/Spec/Lemma32PrimeUnpairedHasseBound.lean
PASS	ZhangLS/Spec/Lemma32PrimitiveModulusExponents.lean
PASS	ZhangLS/Spec/Lemma32PrimitiveModulusShape.lean
PASS	ZhangLS/Spec/Lemma32PrimitivePolyaVinogradov.lean
PASS	ZhangLS/Spec/Lemma32PrimitiveUnitDensitySaving.lean
PASS	ZhangLS/Spec/Lemma32PrincipalBoundary.lean
PASS	ZhangLS/Spec/Lemma32PrincipalParts.lean
PASS	ZhangLS/Spec/Lemma32ProductAnalytic.lean
PASS	ZhangLS/Spec/Lemma32ProductBounds.lean
PASS	ZhangLS/Spec/Lemma32ProductConvergence.lean
PASS	ZhangLS/Spec/Lemma32ProductCharacter.lean
PASS	ZhangLS/Spec/Lemma32ProductDifference.lean
PASS	ZhangLS/Spec/Lemma32ProductQuadraticCharacter.lean
PASS	ZhangLS/Spec/Lemma32QuadraticCharacterUniqueness.lean
PASS	ZhangLS/Spec/Lemma32QuadraticCorrelation.lean
PASS	ZhangLS/Spec/Lemma32QuarterPowerIntegrals.lean
PASS	ZhangLS/Spec/Lemma32QuadraticGaussNorm.lean
PASS	ZhangLS/Spec/Lemma32QuarticCollisionBound.lean
PASS	ZhangLS/Spec/Lemma32QuarticCubicSubstitution.lean
PASS	ZhangLS/Spec/Lemma32QuarticCubicSums.lean
PASS	ZhangLS/Spec/Lemma32QuarticCurveElliptic.lean
PASS	ZhangLS/Spec/Lemma32QuarticPairingClassification.lean
PASS	ZhangLS/Spec/Lemma32QuarticPermutations.lean
PASS	ZhangLS/Spec/Lemma32QuarticTrivialBounds.lean
PASS	ZhangLS/Spec/Lemma32RamificationNorm.lean
PASS	ZhangLS/Spec/Lemma32RamificationPowerSaving.lean
PASS	ZhangLS/Spec/Lemma32RamificationPrimeSaving.lean
PASS	ZhangLS/Spec/Lemma32RealPrimitiveCRTCharacter.lean
PASS	ZhangLS/Spec/Lemma32QuarticWeierstrass.lean
PASS	ZhangLS/Spec/Lemma32RealSmoothing.lean
PASS	ZhangLS/Spec/Lemma32RectanglePowers.lean
PASS	ZhangLS/Spec/Lemma32RectangleWinding.lean
PASS	ZhangLS/Spec/Lemma32RegularFactors.lean
PASS	ZhangLS/Spec/Lemma32RepeatedRootCorrelation.lean
PASS	ZhangLS/Spec/Lemma32RegularNumerator.lean
PASS	ZhangLS/Spec/Lemma32RootDifferenceAverage.lean
PASS	ZhangLS/Spec/Lemma32ResidueCircle.lean
PASS	ZhangLS/Spec/Lemma32ShortCongruenceClass.lean
PASS	ZhangLS/Spec/Lemma32SeriesConvergence.lean
PASS	ZhangLS/Spec/Lemma32SmoothingCircle.lean
PASS	ZhangLS/Spec/Lemma32RootGcdProduct.lean
PASS	ZhangLS/Spec/Lemma32SmoothingWindow.lean
PASS	ZhangLS/Spec/Lemma32SymmetricCollisionCount.lean
PASS	ZhangLS/Spec/Lemma32SquarefreeCorrelation.lean
PASS	ZhangLS/Spec/Lemma32StripLSeriesGrowth.lean
PASS	ZhangLS/Spec/Lemma32SymmetricTriangleSum.lean
PASS	ZhangLS/Spec/Lemma32TermMellinIdentity.lean
PASS	ZhangLS/Spec/Lemma32TwoPowerConductor.lean
PASS	ZhangLS/Spec/Lemma32TwoPowerKernel.lean
PASS	ZhangLS/Spec/Lemma32UniformFourthMoment.lean
PASS	ZhangLS/Spec/Lemma32UniformProduct.lean
PASS	ZhangLS/Spec/Lemma32UnitMultiplierLower.lean
PASS	ZhangLS/Spec/Lemma32UnitPrimePowerSaving.lean
PASS	ZhangLS/Spec/Lemma32UnpairedSingleton.lean
PASS	ZhangLS/Spec/Lemma32VerticalIntegrability.lean
PASS	ZhangLS/Spec/Lemma32WeierstrassAffineCount.lean
PASS	ZhangLS/Spec/Lemma32WeightedEuler.lean
PASS	ZhangLS/Spec/Lemma32ZetaCircle.lean
PASS	ZhangLS/Spec/Lemma33.lean
PASS	ZhangLS/Spec/Lemma33ActualSamples.lean
PASS	ZhangLS/Spec/Lemma33AdditiveLargeSieve.lean
PASS	ZhangLS/Spec/Lemma33FirstMean.lean
PASS	ZhangLS/Spec/Lemma33Fourier.lean
PASS	ZhangLS/Spec/Lemma33Fractions.lean
PASS	ZhangLS/Spec/Lemma33GaussTransform.lean
PASS	ZhangLS/Spec/Lemma33Sampling.lean
PASS	ZhangLS/Spec/Lemma34.lean
PASS	ZhangLS/Spec/Lemma34BSecondMoment.lean
PASS	ZhangLS/Spec/Lemma34CoefficientEnergy.lean
PASS	ZhangLS/Spec/Lemma34DivisorFunction.lean
PASS	ZhangLS/Spec/Lemma34DivisorSquare.lean
PASS	ZhangLS/Spec/Lemma34Multichoose.lean
PASS	ZhangLS/Spec/Lemma34IntegralMean.lean
PASS	ZhangLS/Spec/Lemma34PartialIntegrability.lean
PASS	ZhangLS/Spec/Lemma34ShortMean.lean
PASS	ZhangLS/Spec/Lemma34TupleConvolution.lean
PASS	ZhangLS/Spec/Lemma34UniformMean.lean
PASS	ZhangLS/Spec/Lemma34WeightedCauchy.lean
PASS	ZhangLS/Spec/Lemma34WeightedConvolution.lean
PASS	ZhangLS/Spec/Lemma35.lean
PASS	ZhangLS/Spec/Lemma35Integrability.lean
PASS	ZhangLS/Spec/Lemma35IntegralMean.lean
PASS	ZhangLS/Spec/Lemma35BSecondMoment.lean
PASS	ZhangLS/Spec/Lemma35Mean.lean
PASS	ZhangLS/Spec/Lemma35PrimeMass.lean
PASS	ZhangLS/Spec/Lemma35WeightLength.lean
PASS	ZhangLS/Spec/Lemma35UniformMean.lean
PASS	ZhangLS/Spec/Lemma44CharacterProduct.lean
PASS	ZhangLS/Spec/Lemma44ApproximateFunctionalEquation.lean
PASS	ZhangLS/Spec/Lemma44ComplexCharacterAbel.lean
PASS	ZhangLS/Spec/Lemma44DirichletFactorEstimates.lean
PASS	ZhangLS/Spec/Lemma44FiniteGaussianMellin.lean
PASS	ZhangLS/Spec/Lemma44GammaLogDerivative.lean
PASS	ZhangLS/Spec/Lemma44GaussianLongSum.lean
PASS	ZhangLS/Spec/Lemma44GaussianVerticalTail.lean
PASS	ZhangLS/Spec/Lemma44HorizontalIntegrals.lean
PASS	ZhangLS/Spec/Lemma44HorizontalKernel.lean
PASS	ZhangLS/Spec/Lemma44HorizontalGrowth.lean
PASS	ZhangLS/Spec/Lemma44FiniteProductShift.lean
PASS	ZhangLS/Spec/Lemma44InitialLeftEstimates.lean
PASS	ZhangLS/Spec/Lemma44LeftContourSplit.lean
PASS	ZhangLS/Spec/Lemma44LocalRectangle.lean
PASS	ZhangLS/Spec/Lemma44LongSum.lean
PASS	ZhangLS/Spec/Lemma44MiddleContour.lean
PASS	ZhangLS/Spec/Lemma44ModulusControl.lean
PASS	ZhangLS/Spec/Lemma44PolynomialGrowth.lean
PASS	ZhangLS/Spec/Lemma44ProductDirichletSeries.lean
PASS	ZhangLS/Spec/Lemma44ProductMellin.lean
PASS	ZhangLS/Spec/Lemma44ProductResidue.lean
PASS	ZhangLS/Spec/Lemma44ReflectedLongSum.lean
PASS	ZhangLS/Spec/Lemma44ReflectedPolynomialBounds.lean
PASS	ZhangLS/Spec/Lemma44ReflectedSeriesSplit.lean
PASS	ZhangLS/Spec/Lemma44ReflectedTail.lean
PASS	ZhangLS/Spec/Lemma44ReflectedTailContour.lean
PASS	ZhangLS/Spec/Lemma44RightMellinApproximation.lean
PASS	ZhangLS/Spec/Lemma44RightVerticalTruncation.lean
PASS	ZhangLS/Spec/Lemma44SectionFourGamma.lean
PASS	ZhangLS/Spec/Lemma44SmoothedTail.lean
PASS	ZhangLS/Spec/Lemma44SmoothedTruncation.lean
PASS	ZhangLS/Spec/Lemma45ErrorBudget.lean
PASS	ZhangLS/Spec/Lemma45HorizontalQuotient.lean
PASS	ZhangLS/Spec/Lemma45Normalization.lean
PASS	ZhangLS/Spec/Lemma45ZeroFree.lean
PASS	ZhangLS/Spec/Lemma46AnalyticSymmetry.lean
PASS	ZhangLS/Spec/Lemma46ExponentialTransport.lean
PASS	ZhangLS/Spec/Lemma46LocalGeometry.lean
PASS	ZhangLS/Spec/Lemma46LogDerivative.lean
PASS	ZhangLS/Spec/Lemma44ReflectedPolynomialContours.lean
PASS	ZhangLS/Spec/Lemma46ModelApproximation.lean
PASS	ZhangLS/Spec/Lemma46ModelBoundary.lean
PASS	ZhangLS/Spec/Lemma46SingleZero.lean
PASS	ZhangLS/Spec/Lemma46RoucheLocal.lean
PASS	ZhangLS/Spec/Lemma46ZeroAnalysis.lean
PASS	ZhangLS/Spec/Lemma47ModelBoundary.lean
PASS	ZhangLS/Spec/Lemma47OuterGeometry.lean
PASS	ZhangLS/Spec/Lemma47ModelApproximation.lean
PASS	ZhangLS/Spec/Lemma47Reflection.lean
PASS	ZhangLS/Spec/Lemma47ThreeZeros.lean
PASS	ZhangLS/Spec/Lemma48InverseFactor.lean
PASS	ZhangLS/Spec/Lemma48ZeroRegion.lean
PASS	ZhangLS/Spec/Lemma51.lean
PASS	ZhangLS/Spec/Lemma51GammaEuler.lean
PASS	ZhangLS/Spec/Lemma51GammaFactors.lean
PASS	ZhangLS/Spec/Lemma51GammaAsymptotic.lean
PASS	ZhangLS/Spec/Lemma51Modulus.lean
PASS	ZhangLS/Spec/Lemma51ShiftEstimates.lean
PASS	ZhangLS/Spec/Lemma51Parameters.lean
PASS	ZhangLS/Spec/Lemma51VerticalTransport.lean
PASS	ZhangLS/Spec/Lemma52.lean
PASS	ZhangLS/Spec/Lemma52BranchTransport.lean
PASS	ZhangLS/Spec/Lemma52Product.lean
PASS	ZhangLS/Spec/Lemma52Offsets.lean
PASS	ZhangLS/Spec/Lemma52ShiftEstimates.lean
PASS	ZhangLS/Spec/Lemma53.lean
PASS	ZhangLS/Spec/Lemma53ExponentialSubstitution.lean
PASS	ZhangLS/Spec/Lemma53FiniteContours.lean
PASS	ZhangLS/Spec/Lemma53GammaLaplace.lean
PASS	ZhangLS/Spec/Lemma53GaussianInverse.lean
PASS	ZhangLS/Spec/Lemma53Kernels.lean
PASS	ZhangLS/Spec/Lemma53LargeContourEstimates.lean
PASS	ZhangLS/Spec/Lemma53LargeRange.lean
PASS	ZhangLS/Spec/Lemma53LargeRangeParameters.lean
PASS	ZhangLS/Spec/Lemma53MellinBoundary.lean
PASS	ZhangLS/Spec/Lemma53MellinIdentity.lean
PASS	ZhangLS/Spec/Lemma53MellinConvergence.lean
PASS	ZhangLS/Spec/Lemma53OscillatoryEstimates.lean
PASS	ZhangLS/Spec/Lemma53RegularizedMellin.lean
PASS	ZhangLS/Spec/Lemma53SmallRangeParameters.lean
PASS	ZhangLS/Spec/Lemma53SmallRange.lean
PASS	ZhangLS/Spec/Lemma53StationaryContour.lean
PASS	ZhangLS/Spec/Lemma54.lean
PASS	ZhangLS/Spec/Lemma54ActualDerivatives.lean
PASS	ZhangLS/Spec/Lemma54ActualGaussianConcentration.lean
PASS	ZhangLS/Spec/Lemma54CentralDeltaApproximation.lean
PASS	ZhangLS/Spec/Lemma54CentralMellinWeight.lean
PASS	ZhangLS/Spec/Lemma54CentralWindow.lean
PASS	ZhangLS/Spec/Lemma54DerivativeBounds.lean
PASS	ZhangLS/Spec/Lemma54DerivativeDecay.lean
PASS	ZhangLS/Spec/Lemma54DiskErrorAbsorption.lean
PASS	ZhangLS/Spec/Lemma54FullDiskBudget.lean
PASS	ZhangLS/Spec/Lemma54GaussianConcentration.lean
PASS	ZhangLS/Spec/Lemma54GaussianNormalization.lean
PASS	ZhangLS/Spec/Lemma54GaussianMoments.lean
PASS	ZhangLS/Spec/Lemma54HalfPowerMoments.lean
PASS	ZhangLS/Spec/Lemma54IntegrationByParts.lean
PASS	ZhangLS/Spec/Lemma54KernelDerivatives.lean
PASS	ZhangLS/Spec/Lemma54LargeExteriorMellin.lean
PASS	ZhangLS/Spec/Lemma54LargeSecondMoment.lean
PASS	ZhangLS/Spec/Lemma54LargeTailDamping.lean
PASS	ZhangLS/Spec/Lemma54LogTailMoments.lean
PASS	ZhangLS/Spec/Lemma54MellinAnalytic.lean
PASS	ZhangLS/Spec/Lemma54MellinDecay.lean
PASS	ZhangLS/Spec/Lemma54MellinSecondMoment.lean
PASS	ZhangLS/Spec/Lemma54NearZeroMellin.lean
PASS	ZhangLS/Spec/Lemma54SmallSecondMoment.lean
PASS	ZhangLS/Spec/Lemma54SmallExteriorMellin.lean
PASS	ZhangLS/Spec/Lemma54UniformSecondMoment.lean
PASS	ZhangLS/Spec/Lemma54WeightedContour.lean
PASS	ZhangLS/Spec/Lemma55.lean
PASS	ZhangLS/Spec/Lemma54WeightedContourEstimates.lean
PASS	ZhangLS/Spec/Lemma54WeightedKernels.lean
PASS	ZhangLS/Spec/Lemma55ActualLocalZeros.lean
PASS	ZhangLS/Spec/Lemma55ActualZeroDetection.lean
PASS	ZhangLS/Spec/Lemma55CombinedPowerUpperBound.lean
PASS	ZhangLS/Spec/Lemma55ExceptionalLocalTail.lean
PASS	ZhangLS/Spec/Lemma55ExceptionalPoleComparison.lean
PASS	ZhangLS/Spec/Lemma55ExceptionalZeroRemoval.lean
PASS	ZhangLS/Spec/Lemma55FejerKernel.lean
PASS	ZhangLS/Spec/Lemma55FejerDetection.lean
PASS	ZhangLS/Spec/Lemma55FourZeroDetection.lean
PASS	ZhangLS/Spec/Lemma55FourZeroFamilies.lean
PASS	ZhangLS/Spec/Lemma55FullZeroExclusion.lean
PASS	ZhangLS/Spec/Lemma55HighHeightDisk.lean
PASS	ZhangLS/Spec/Lemma55HigherLogDerivative.lean
PASS	ZhangLS/Spec/Lemma55JensenZeroCount.lean
PASS	ZhangLS/Spec/Lemma55LocalDerivatives.lean
PASS	ZhangLS/Spec/Lemma55LocalLogDerivative.lean
PASS	ZhangLS/Spec/Lemma55LocalUniqueness.lean
PASS	ZhangLS/Spec/Lemma55MangoldtPositivity.lean
PASS	ZhangLS/Spec/Lemma55NearTwoBound.lean
PASS	ZhangLS/Spec/Lemma55NearOneBound.lean
PASS	ZhangLS/Spec/Lemma55OriginalRegionCover.lean
PASS	ZhangLS/Spec/Lemma55OriginalRegionZeros.lean
PASS	ZhangLS/Spec/Lemma55SimpleRealZero.lean
PASS	ZhangLS/Spec/Lemma55UniformRepulsionBudget.lean
PASS	ZhangLS/Spec/Lemma55WeightedPowerError.lean
PASS	ZhangLS/Spec/Lemma55ZeroFactorBounds.lean
PASS	ZhangLS/Spec/Lemma55ZeroFactorization.lean
PASS	ZhangLS/Spec/Lemma55ZeroNormalization.lean
PASS	ZhangLS/Spec/Lemma55ZeroPowerDerivatives.lean
PASS	ZhangLS/Spec/Lemma55ZeroRemovedBounds.lean
PASS	ZhangLS/Spec/Lemma55ZeroRemovedLog.lean
PASS	ZhangLS/Spec/Lemma55ZetaHigherLogDerivative.lean
PASS	ZhangLS/Spec/Lemma55ZetaLocalLogDerivative.lean
PASS	ZhangLS/Spec/Lemma55ZetaLocalData.lean
PASS	ZhangLS/Spec/Lemma55ZetaLocalZeros.lean
PASS	ZhangLS/Spec/Lemma55ZetaZeroFactorBounds.lean
PASS	ZhangLS/Spec/Lemma55ZetaWeightedPowerError.lean
PASS	ZhangLS/Spec/Lemma55ZetaZeroFactorization.lean
PASS	ZhangLS/Spec/Lemma55ZetaZeroPowerDerivatives.lean
PASS	ZhangLS/Spec/Lemma55ZetaZeroRemovedBounds.lean
PASS	ZhangLS/Spec/Lemma55ZetaZeroRemovedLog.lean
PASS	ZhangLS/Spec/Lemma56.lean
PASS	ZhangLS/Spec/Lemma56AbelContinuation.lean
PASS	ZhangLS/Spec/Lemma56AbelIntegralBound.lean
PASS	ZhangLS/Spec/Lemma56ActualLocalZeros.lean
PASS	ZhangLS/Spec/Lemma56ActualPrimeMassIdentity.lean
PASS	ZhangLS/Spec/Lemma56ActualPrimeMassLower.lean
PASS	ZhangLS/Spec/Lemma56ActualPrimeMassNormalization.lean
PASS	ZhangLS/Spec/Lemma56ActualPrimeMassScales.lean
PASS	ZhangLS/Spec/Lemma56ActualZeroDetection.lean
PASS	ZhangLS/Spec/Lemma56CharacterAbel.lean
PASS	ZhangLS/Spec/Lemma56FiniteAbelBudget.lean
PASS	ZhangLS/Spec/Lemma56FourZeroDetection.lean
PASS	ZhangLS/Spec/Lemma56GaussianContour.lean
PASS	ZhangLS/Spec/Lemma56FourZeroFamilies.lean
PASS	ZhangLS/Spec/Lemma56GaussianKernel.lean
PASS	ZhangLS/Spec/Lemma56GaussianMellinIdentity.lean
PASS	ZhangLS/Spec/Lemma56GaussianMellinTerms.lean
PASS	ZhangLS/Spec/Lemma56GaussianMarginBudget.lean
PASS	ZhangLS/Spec/Lemma56GaussianNorm.lean
PASS	ZhangLS/Spec/Lemma56GaussianPhaseTerms.lean
PASS	ZhangLS/Spec/Lemma56GaussianRightEnvelope.lean
PASS	ZhangLS/Spec/Lemma56GaussianRightTruncation.lean
PASS	ZhangLS/Spec/Lemma56GeneralRepulsionBudget.lean
PASS	ZhangLS/Spec/Lemma56HighLogDerivative.lean
PASS	ZhangLS/Spec/Lemma56HigherLogDerivative.lean
PASS	ZhangLS/Spec/Lemma56HighZeroExclusion.lean
PASS	ZhangLS/Spec/Lemma56JensenBounds.lean
PASS	ZhangLS/Spec/Lemma56LocalLogDerivative.lean
PASS	ZhangLS/Spec/Lemma56LocalLogDerivativeBound.lean
PASS	ZhangLS/Spec/Lemma56LogBudgetZeroExclusion.lean
PASS	ZhangLS/Spec/Lemma56MangoldtMajorant.lean
PASS	ZhangLS/Spec/Lemma56MangoldtPositivity.lean
PASS	ZhangLS/Spec/Lemma56MarginLogDerivative.lean
PASS	ZhangLS/Spec/Lemma56MixedLogDetection.lean
PASS	ZhangLS/Spec/Lemma56MarginZeroExclusion.lean
PASS	ZhangLS/Spec/Lemma56MixedPowerUpperBound.lean
PASS	ZhangLS/Spec/Lemma56NearTwoBound.lean
PASS	ZhangLS/Spec/Lemma56PerronArithmeticError.lean
PASS	ZhangLS/Spec/Lemma56PerronContour.lean
PASS	ZhangLS/Spec/Lemma56PerronExterior.lean
PASS	ZhangLS/Spec/Lemma56PerronFarError.lean
PASS	ZhangLS/Spec/Lemma56PerronHorizontal.lean
PASS	ZhangLS/Spec/Lemma56PerronHorizontalBudget.lean
PASS	ZhangLS/Spec/Lemma56PerronKernel.lean
PASS	ZhangLS/Spec/Lemma56PerronLeftBound.lean
PASS	ZhangLS/Spec/Lemma56PerronMangoldtWindow.lean
PASS	ZhangLS/Spec/Lemma56PerronMellinIdentity.lean
PASS	ZhangLS/Spec/Lemma56PerronMarginBudget.lean
PASS	ZhangLS/Spec/Lemma56PerronMellinTerms.lean
PASS	ZhangLS/Spec/Lemma56PerronNearError.lean
PASS	ZhangLS/Spec/Lemma56PerronRectangleNorm.lean
PASS	ZhangLS/Spec/Lemma56PerronPaperScales.lean
PASS	ZhangLS/Spec/Lemma56PerronRightTruncation.lean
PASS	ZhangLS/Spec/Lemma56PerronUnsmoothingBudget.lean
PASS	ZhangLS/Spec/Lemma56PerronUnsmoothingScales.lean
PASS	ZhangLS/Spec/Lemma56PerronUnsmoothingError.lean
PASS	ZhangLS/Spec/Lemma56PerronVertical.lean
PASS	ZhangLS/Spec/Lemma56PerronWeightBounds.lean
PASS	ZhangLS/Spec/Lemma56PerronWeightDecay.lean
PASS	ZhangLS/Spec/Lemma56PerronWindowBudget.lean
PASS	ZhangLS/Spec/Lemma56PerronWindowLeft.lean
PASS	ZhangLS/Spec/Lemma56PrimeLogWindow.lean
PASS	ZhangLS/Spec/Lemma56PrimeMassBounds.lean
PASS	ZhangLS/Spec/Lemma56PrimeMassNormalization.lean
PASS	ZhangLS/Spec/Lemma56PrimeMassReduction.lean
PASS	ZhangLS/Spec/Lemma56PrimePowerBudget.lean
PASS	ZhangLS/Spec/Lemma56PrimePowerError.lean
PASS	ZhangLS/Spec/Lemma56PrimeWeightIdentity.lean
PASS	ZhangLS/Spec/Lemma56PrimeWeightBudget.lean
PASS	ZhangLS/Spec/Lemma56PrimeWeightParameters.lean
PASS	ZhangLS/Spec/Lemma56PrimeWindowAbsolute.lean
PASS	ZhangLS/Spec/Lemma56PrincipalBoundary.lean
PASS	ZhangLS/Spec/Lemma56PrincipalMassMainError.lean
PASS	ZhangLS/Spec/Lemma56PrincipalMassContourBudget.lean
PASS	ZhangLS/Spec/Lemma56PrincipalMassScales.lean
PASS	ZhangLS/Spec/Lemma56PrincipalMassSharpMangoldt.lean
PASS	ZhangLS/Spec/Lemma56PrincipalMassSharpPrime.lean
PASS	ZhangLS/Spec/Lemma56PrincipalMassUnsmoothing.lean
PASS	ZhangLS/Spec/Lemma56PrincipalPerronArithmetic.lean
PASS	ZhangLS/Spec/Lemma56PrincipalPerronBoundaryBounds.lean
PASS	ZhangLS/Spec/Lemma56PrincipalPerronContour.lean
PASS	ZhangLS/Spec/Lemma56PrincipalPerronEdges.lean
PASS	ZhangLS/Spec/Lemma56PrincipalPerronKernel.lean
PASS	ZhangLS/Spec/Lemma56PrincipalPerronMainError.lean
PASS	ZhangLS/Spec/Lemma56PrincipalPerronMellin.lean
PASS	ZhangLS/Spec/Lemma56SharpMangoldtWindow.lean
PASS	ZhangLS/Spec/Lemma56PrincipalPerronResidue.lean
PASS	ZhangLS/Spec/Lemma56TwistClassification.lean
PASS	ZhangLS/Spec/Lemma56TwistedGaussianContour.lean
PASS	ZhangLS/Spec/Lemma56TwistedGaussianHorizontal.lean
PASS	ZhangLS/Spec/Lemma56TwistedGaussianLeftBound.lean
PASS	ZhangLS/Spec/Lemma56TwistedGaussianMellin.lean
PASS	ZhangLS/Spec/Lemma56TwistedGaussianVertical.lean
PASS	ZhangLS/Spec/Lemma56UniformRepulsionBudget.lean
PASS	ZhangLS/Spec/Lemma56WeakZeroExclusion.lean
PASS	ZhangLS/Spec/Lemma56WeightedPowerError.lean
PASS	ZhangLS/Spec/Lemma56ZeroFactorBounds.lean
PASS	ZhangLS/Spec/Lemma56ZeroFactorization.lean
PASS	ZhangLS/Spec/Lemma56ZeroPowerDerivatives.lean
PASS	ZhangLS/Spec/Lemma56ZeroRemovedBounds.lean
PASS	ZhangLS/Spec/Lemma56ZeroRemovedLog.lean
PASS	ZhangLS/Spec/Lemma56ZetaLogDerivativeLeft.lean
PASS	ZhangLS/Spec/Lemma56ZetaLogDerivativeLocal.lean
PASS	ZhangLS/Spec/Lemma56ZetaLogDerivativeStrip.lean
PASS	ZhangLS/Spec/Lemma56ZetaOffRealLogDerivative.lean
PASS	ZhangLS/Spec/Lemma56ZetaRepulsionDetection.lean
PASS	ZhangLS/Spec/Lemma56ZetaZeroExclusion.lean
PASS	ZhangLS/Spec/Lemma57Arithmetic.lean
PASS	ZhangLS/Spec/Lemma57.lean
PASS	ZhangLS/Spec/Lemma57ContourAnalyticity.lean
PASS	ZhangLS/Spec/Lemma57ContourGrowth.lean
PASS	ZhangLS/Spec/Lemma57ContourShiftLimit.lean
PASS	ZhangLS/Spec/Lemma57CompletedDirichletStripBounds.lean
PASS	ZhangLS/Spec/Lemma57FullSmoothedSeries.lean
PASS	ZhangLS/Spec/Lemma57CompletedStripBounds.lean
PASS	ZhangLS/Spec/Lemma57GammaFactorGrowth.lean
PASS	ZhangLS/Spec/Lemma57GaussianGlobal.lean
PASS	ZhangLS/Spec/Lemma57GaussianMellinKernel.lean
PASS	ZhangLS/Spec/Lemma57GaussianMellinTransform.lean
PASS	ZhangLS/Spec/Lemma57GaussianWeight.lean
PASS	ZhangLS/Spec/Lemma57GaussianQuadraticMoment.lean
PASS	ZhangLS/Spec/Lemma57CriticalStripGrowth.lean
PASS	ZhangLS/Spec/Lemma57LAtOnePositivity.lean
PASS	ZhangLS/Spec/Lemma57LeftQuadraticGrowth.lean
PASS	ZhangLS/Spec/Lemma57MellinContour.lean
PASS	ZhangLS/Spec/Lemma57PrincipalPart.lean
PASS	ZhangLS/Spec/Lemma57MellinIdentity.lean
PASS	ZhangLS/Spec/Lemma57RectangleWinding.lean
PASS	ZhangLS/Spec/Lemma57ResidueBudget.lean
PASS	ZhangLS/Spec/Lemma57ShiftedGammaGrowth.lean
PASS	ZhangLS/Spec/Lemma57QuadraticConductorThreshold.lean
PASS	ZhangLS/Spec/Lemma57ShiftedIntegralEnvelope.lean
PASS	ZhangLS/Spec/Lemma57SmoothedSum.lean
PASS	ZhangLS/Spec/Lemma57SmoothedSummability.lean
PASS	ZhangLS/Spec/Lemma58.lean
PASS	ZhangLS/Spec/Lemma59.lean
PASS	ZhangLS/Spec/Lemma59ActualLocalZeros.lean
PASS	ZhangLS/Spec/Lemma59ExtendedApproximation.lean
PASS	ZhangLS/Spec/Lemma59ExtendedActualZeros.lean
PASS	ZhangLS/Spec/Lemma59ExtendedGammaAndSums.lean
PASS	ZhangLS/Spec/Lemma59ExtendedNormalizedProduct.lean
PASS	ZhangLS/Spec/Lemma59ExtendedPolynomialBounds.lean
PASS	ZhangLS/Spec/Lemma59ExtendedPolynomialLog.lean
PASS	ZhangLS/Spec/Lemma59ExtendedFiniteContours.lean
PASS	ZhangLS/Spec/Lemma59FiniteComplexProducts.lean
PASS	ZhangLS/Spec/Lemma59FiniteZeroProducts.lean
PASS	ZhangLS/Spec/Lemma59ExtendedRouche.lean
PASS	ZhangLS/Spec/Lemma59LocalZeroBudgets.lean
PASS	ZhangLS/Spec/Lemma59Parameters.lean
PASS	ZhangLS/Spec/Lemma59RelaxedProducts.lean
PASS	ZhangLS/Spec/Lemma59SimpleLocalZeros.lean
PASS	ZhangLS/Spec/Lemma59ExtendedContourBudgets.lean
PASS	ZhangLS/Spec/Lemma59UniformPolynomialInputs.lean
PASS	ZhangLS/Spec/Lemma59ZeroFactorBounds.lean
PASS	ZhangLS/Spec/Lemma59ZeroFactorization.lean
PASS	ZhangLS/Spec/Lemma59ZeroRemovedBounds.lean
PASS	ZhangLS/Spec/Lemma59ZeroRemovedLog.lean
PASS	ZhangLS/Spec/Lemma59ZeroRemovedShift.lean
PASS	ZhangLS/Spec/Lemma61.lean
PASS	ZhangLS/Spec/Lemma61ActualZError.lean
PASS	ZhangLS/Spec/Lemma61Approximation.lean
PASS	ZhangLS/Spec/Lemma61ComplexZShift.lean
PASS	ZhangLS/Spec/Lemma61ErrorContourKernel.lean
PASS	ZhangLS/Spec/Lemma61ErrorHorizontalBounds.lean
PASS	ZhangLS/Spec/Lemma61ErrorLineShift.lean
PASS	ZhangLS/Spec/Lemma61ErrorRegularPart.lean
PASS	ZhangLS/Spec/Lemma61GammaApproximation.lean
PASS	ZhangLS/Spec/Lemma61GaussianCutoff.lean
PASS	ZhangLS/Spec/Lemma61GaussianMellin.lean
PASS	ZhangLS/Spec/Lemma61GaussianWeights.lean
PASS	ZhangLS/Spec/Lemma61HorizontalKernel.lean
PASS	ZhangLS/Spec/Lemma61HorizontalLBounds.lean
PASS	ZhangLS/Spec/Lemma61HorizontalTruncation.lean
PASS	ZhangLS/Spec/Lemma61LeftApproximation.lean
PASS	ZhangLS/Spec/Lemma61LeftIntegralSplit.lean
PASS	ZhangLS/Spec/Lemma61OriginalLeftError.lean
PASS	ZhangLS/Spec/Lemma61Parameters.lean
PASS	ZhangLS/Spec/Lemma61ReciprocalFarLeft.lean
PASS	ZhangLS/Spec/Lemma61ReciprocalModel.lean
PASS	ZhangLS/Spec/Lemma61ReciprocalSeriesSplit.lean
PASS	ZhangLS/Spec/Lemma61ReciprocalTailKernel.lean
PASS	ZhangLS/Spec/Lemma61ReciprocalTailRectangle.lean
PASS	ZhangLS/Spec/Lemma61ReciprocalTailTruncation.lean
PASS	ZhangLS/Spec/Lemma61ShortCutoff.lean
PASS	ZhangLS/Spec/Lemma61RightTruncation.lean
PASS	ZhangLS/Spec/Lemma61ShortMellin.lean
PASS	ZhangLS/Spec/Lemma61ShortTruncation.lean
PASS	ZhangLS/Spec/Lemma61SingleResidue.lean
PASS	ZhangLS/Spec/Lemma61WideZBounds.lean
PASS	ZhangLS/Spec/PaperTheorems.lean
PASS	ZhangLS/Spec/Proposition22ModelNearZero.lean
PASS	ZhangLS/Spec/Proposition22.lean
PASS	ZhangLS/Spec/Proposition22Neighbor.lean
PASS	ZhangLS/Spec/Proposition22Zeros.lean
PASS	ZhangLS/Spec/RealAxisAtOne.lean
PASS	ZhangLS/Spec/RealAxisContinuation.lean
PASS	ZhangLS/Spec/RealAxisLFunction.lean
PASS	ZhangLS/Spec/RealAxisDerivativeAtOne.lean
PASS	ZhangLS/Spec/RealDirichletCharacter.lean
PASS	ZhangLS/Spec/RealAxisSeries.lean
PASS	ZhangLS/Spec/ReciprocalDivisorEulerFactorization.lean
PASS	ZhangLS/Spec/ReciprocalDivisorBound.lean
PASS	ZhangLS/Spec/ReciprocalDivisorEulerLoss.lean
PASS	ZhangLS/Spec/RiemannZetaCriticalLineBound.lean
== Stage 1b/3: trusted Spec aggregate ==
== Stage 2/3: full project kernel check ==
⚠ [1979/2166] Replayed ZhangLS.RealDirichletSeries
warning: ZhangLS/RealDirichletSeries.lean:34:25: unused variable `hr`

Note: This linter can be disabled with `set_option linter.unusedVariables false`
⚠ [1980/2166] Replayed ZhangLS.AssumptionA
warning: ZhangLS/AssumptionA.lean:30:21: unused variable `s`

Note: This linter can be disabled with `set_option linter.unusedVariables false`
warning: ZhangLS/AssumptionA.lean:30:37: unused variable `χ`

Note: This linter can be disabled with `set_option linter.unusedVariables false`
warning: ZhangLS/AssumptionA.lean:35:22: unused variable `s`

Note: This linter can be disabled with `set_option linter.unusedVariables false`
warning: ZhangLS/AssumptionA.lean:35:38: unused variable `χ`

Note: This linter can be disabled with `set_option linter.unusedVariables false`
warning: ZhangLS/AssumptionA.lean:91:23: unused variable `h_pos`

Note: This linter can be disabled with `set_option linter.unusedVariables false`
warning: ZhangLS/AssumptionA.lean:112:5: unused variable `h_c_pos`

Note: This linter can be disabled with `set_option linter.unusedVariables false`
warning: ZhangLS/AssumptionA.lean:113:5: unused variable `h_u_pos`

Note: This linter can be disabled with `set_option linter.unusedVariables false`
⚠ [1981/2166] Replayed ZhangLS.MainIdentity
warning: ZhangLS/MainIdentity.lean:19:32: unused variable `H₂`

Note: This linter can be disabled with `set_option linter.unusedVariables false`
⚠ [1986/2166] Replayed ZhangLS.MainTerms
warning: ZhangLS/MainTerms.lean:64:5: unused variable `h_ap`

Note: This linter can be disabled with `set_option linter.unusedVariables false`
⚠ [1988/2166] Replayed ZhangLS.AnalyticHypotheses
warning: ZhangLS/AnalyticHypotheses.lean:36:21: unused variable `gamma`

Note: This linter can be disabled with `set_option linter.unusedVariables false`
⚠ [1989/2166] Replayed ZhangLS.Theorem1
warning: ZhangLS/Theorem1.lean:23:5: unused variable `env`

Note: This linter can be disabled with `set_option linter.unusedVariables false`
warning: ZhangLS/Theorem1.lean:26:5: unused variable `h_logD_pos`

Note: This linter can be disabled with `set_option linter.unusedVariables false`
warning: ZhangLS/Theorem1.lean:36:5: unused variable `env`

Note: This linter can be disabled with `set_option linter.unusedVariables false`
⚠ [1995/2166] Replayed ZhangLS.Estimates
warning: ZhangLS/Estimates.lean:27:11: unused variable `D`

Note: This linter can be disabled with `set_option linter.unusedVariables false`
⚠ [2001/2166] Replayed ZhangLS.LargeSieveFoundation
warning: ZhangLS/LargeSieveFoundation.lean:27:30: unused variable `hP`

Note: This linter can be disabled with `set_option linter.unusedVariables false`
⚠ [2012/2166] Replayed ZhangLS.FareySequence
warning: ZhangLS/FareySequence.lean:32:5: unused variable `hq`

Note: This linter can be disabled with `set_option linter.unusedVariables false`
warning: ZhangLS/FareySequence.lean:32:18: unused variable `hq'`

Note: This linter can be disabled with `set_option linter.unusedVariables false`
warning: ZhangLS/FareySequence.lean:46:18: unused variable `hq'`

Note: This linter can be disabled with `set_option linter.unusedVariables false`
⚠ [2013/2166] Replayed ZhangLS.ExponentialSumOrthogonality
warning: ZhangLS/ExponentialSumOrthogonality.lean:35:5: unused variable `kernel_norm`

Note: This linter can be disabled with `set_option linter.unusedVariables false`
warning: ZhangLS/ExponentialSumOrthogonality.lean:36:5: unused variable `h_dist_pos`

Note: This linter can be disabled with `set_option linter.unusedVariables false`
⚠ [2023/2166] Replayed ZhangLS.TaoAnalysisBridge
warning: ZhangLS/TaoAnalysisBridge.lean:16:24: unused variable `f`

Note: This linter can be disabled with `set_option linter.unusedVariables false`
warning: ZhangLS/TaoAnalysisBridge.lean:16:60: unused variable `x1`

Note: This linter can be disabled with `set_option linter.unusedVariables false`
warning: ZhangLS/TaoAnalysisBridge.lean:16:63: unused variable `x2`

Note: This linter can be disabled with `set_option linter.unusedVariables false`
warning: ZhangLS/TaoAnalysisBridge.lean:16:66: unused variable `y`

Note: This linter can be disabled with `set_option linter.unusedVariables false`
warning: ZhangLS/TaoAnalysisBridge.lean:20:24: unused variable `f`

Note: This linter can be disabled with `set_option linter.unusedVariables false`
warning: ZhangLS/TaoAnalysisBridge.lean:20:60: unused variable `x`

Note: This linter can be disabled with `set_option linter.unusedVariables false`
warning: ZhangLS/TaoAnalysisBridge.lean:20:62: unused variable `y1`

Note: This linter can be disabled with `set_option linter.unusedVariables false`
warning: ZhangLS/TaoAnalysisBridge.lean:20:65: unused variable `y2`

Note: This linter can be disabled with `set_option linter.unusedVariables false`
warning: ZhangLS/TaoAnalysisBridge.lean:25:5: unused variable `f`

Note: This linter can be disabled with `set_option linter.unusedVariables false`
warning: ZhangLS/TaoAnalysisBridge.lean:25:41: unused variable `x1`

Note: This linter can be disabled with `set_option linter.unusedVariables false`
warning: ZhangLS/TaoAnalysisBridge.lean:25:44: unused variable `x2`

Note: This linter can be disabled with `set_option linter.unusedVariables false`
warning: ZhangLS/TaoAnalysisBridge.lean:25:47: unused variable `y1`

Note: This linter can be disabled with `set_option linter.unusedVariables false`
warning: ZhangLS/TaoAnalysisBridge.lean:25:50: unused variable `y2`

Note: This linter can be disabled with `set_option linter.unusedVariables false`
⚠ [2024/2166] Replayed ZhangLS.TaoMellinIntegration
warning: ZhangLS/TaoMellinIntegration.lean:19:5: unused variable `f`

Note: This linter can be disabled with `set_option linter.unusedVariables false`
warning: ZhangLS/TaoMellinIntegration.lean:19:7: unused variable `g`

Note: This linter can be disabled with `set_option linter.unusedVariables false`
warning: ZhangLS/TaoMellinIntegration.lean:19:27: unused variable `x`

Note: This linter can be disabled with `set_option linter.unusedVariables false`
⚠ [2030/2166] Replayed ZhangLS.RealFPolynomialLowerBound
warning: ZhangLS/RealFPolynomialLowerBound.lean:36:5: unused variable `h_L_pos`

Note: This linter can be disabled with `set_option linter.unusedVariables false`
⚠ [2032/2166] Replayed ZhangLS.RealSobolevEnergy
warning: ZhangLS/RealSobolevEnergy.lean:42:5: unused variable `h_N_pos`

Note: This linter can be disabled with `set_option linter.unusedVariables false`
warning: ZhangLS/RealSobolevEnergy.lean:54:5: unused variable `h_energy_nonneg`

Note: This linter can be disabled with `set_option linter.unusedVariables false`
⚠ [2033/2166] Replayed ZhangLS.RealGaussSumLargeSieve
warning: ZhangLS/RealGaussSumLargeSieve.lean:39:5: unused variable `h_mult_nonneg`

Note: This linter can be disabled with `set_option linter.unusedVariables false`
warning: ZhangLS/RealGaussSumLargeSieve.lean:48:5: unused variable `h_energy`

Note: This linter can be disabled with `set_option linter.unusedVariables false`
⚠ [2037/2166] Replayed ZhangLS.RealStieltjesKernelIntegral
warning: ZhangLS/RealStieltjesKernelIntegral.lean:29:5: unused variable `h_x_pos`

Note: This linter can be disabled with `set_option linter.unusedVariables false`
warning: ZhangLS/RealStieltjesKernelIntegral.lean:38:5: unused variable `h_L_pos`

Note: This linter can be disabled with `set_option linter.unusedVariables false`
warning: ZhangLS/RealStieltjesKernelIntegral.lean:39:5: unused variable `h_haar_nonneg`

Note: This linter can be disabled with `set_option linter.unusedVariables false`
⚠ [2039/2166] Replayed ZhangLS.RealLogMomentCalculus
warning: ZhangLS/RealLogMomentCalculus.lean:21:5: unused variable `h_denom_pos`

Note: This linter can be disabled with `set_option linter.unusedVariables false`
⚠ [2040/2166] Replayed ZhangLS.RealStirlingContourDecay
warning: ZhangLS/RealStirlingContourDecay.lean:47:5: unused variable `h_M_pos`

Note: This linter can be disabled with `set_option linter.unusedVariables false`
⚠ [2044/2166] Replayed ZhangLS.RealHilbertMeasureEmbedding
warning: ZhangLS/RealHilbertMeasureEmbedding.lean:29:5: unused variable `h_pi`

Note: This linter can be disabled with `set_option linter.unusedVariables false`
warning: ZhangLS/RealHilbertMeasureEmbedding.lean:30:5: unused variable `h_pos`

Note: This linter can be disabled with `set_option linter.unusedVariables false`
warning: ZhangLS/RealHilbertMeasureEmbedding.lean:31:5: unused variable `h_energy_nonneg`

Note: This linter can be disabled with `set_option linter.unusedVariables false`
warning: ZhangLS/RealHilbertMeasureEmbedding.lean:49:5: unused variable `h_energy`

Note: This linter can be disabled with `set_option linter.unusedVariables false`
⚠ [2047/2166] Replayed ZhangLS.UnconditionalTheorem1
warning: ZhangLS/UnconditionalTheorem1.lean:47:2: `push_neg` has been deprecated. Prefer using `push Not` instead.
If you'd rather continue using `push_neg` in your project, you can implement it as follows:
```
open Lean.Parser.Tactic in
macro "push_neg" cfg:optConfig loc:(location)? : tactic =>
  `(tactic| push $cfg:optConfig Not $[$loc]?)
```
⚠ [2256/2522] Replayed ZhangLS.Fix1_FPolynomialZeroExclusion
warning: ZhangLS/Fix1_FPolynomialZeroExclusion.lean:41:5: unused variable `h_L_pos`

Note: This linter can be disabled with `set_option linter.unusedVariables false`
⚠ [2270/2522] Replayed ZhangLS.Spec.RealDirichletCharacter
warning: ZhangLS/Spec/RealDirichletCharacter.lean:48:4: try 'simp' instead of 'simpa'

Note: This linter can be disabled with `set_option linter.unnecessarySimpa false`
⚠ [3504/3947] Replayed ZhangLS.Spec.RealAxisAtOne
warning: ZhangLS/Spec/RealAxisAtOne.lean:56:4: try 'simp' instead of 'simpa'

Note: This linter can be disabled with `set_option linter.unnecessarySimpa false`
⚠ [3506/3947] Replayed ZhangLS.Spec.Lemma57
warning: ZhangLS/Spec/Lemma57.lean:101:58: unused variable `hD`

Note: This linter can be disabled with `set_option linter.unusedVariables false`
warning: ZhangLS/Spec/Lemma57.lean:102:7: unused variable `hA`

Note: This linter can be disabled with `set_option linter.unusedVariables false`
⚠ [3508/3947] Replayed ZhangLS.Spec.Lemma57Arithmetic
warning: ZhangLS/Spec/Lemma57Arithmetic.lean:55:15: unused variable `hc_g`

Note: This linter can be disabled with `set_option linter.unusedVariables false`
⚠ [3513/3947] Replayed ZhangLS.Spec.Lemma57SmoothedSum
warning: ZhangLS/Spec/Lemma57SmoothedSum.lean:42:46: unused variable `hD`

Note: This linter can be disabled with `set_option linter.unusedVariables false`
⚠ [3522/3947] Replayed ZhangLS.Spec.Lemma57GaussianGlobal
warning: ZhangLS/Spec/Lemma57GaussianGlobal.lean:55:58: unused variable `ha`

Note: This linter can be disabled with `set_option linter.unusedVariables false`
warning: ZhangLS/Spec/Lemma57GaussianGlobal.lean:241:13: unused variable `hD`

Note: This linter can be disabled with `set_option linter.unusedVariables false`
warning: ZhangLS/Spec/Lemma57GaussianGlobal.lean:241:34: unused variable `hx`

Note: This linter can be disabled with `set_option linter.unusedVariables false`
⚠ [3523/3947] Replayed ZhangLS.Spec.Lemma57SmoothedSummability
warning: ZhangLS/Spec/Lemma57SmoothedSummability.lean:20:52: unused variable `hn`

Note: This linter can be disabled with `set_option linter.unusedVariables false`
⚠ [3527/3947] Replayed ZhangLS.Spec.Lemma57GaussianMellinTransform
warning: ZhangLS/Spec/Lemma57GaussianMellinTransform.lean:67:63: Used `tac1 <;> tac2` where `(tac1; tac2)` would suffice

Note: This linter can be disabled with `set_option linter.unnecessarySeqFocus false`
warning: ZhangLS/Spec/Lemma57GaussianMellinTransform.lean:145:54: Used `tac1 <;> tac2` where `(tac1; tac2)` would suffice

Note: This linter can be disabled with `set_option linter.unnecessarySeqFocus false`
warning: ZhangLS/Spec/Lemma57GaussianMellinTransform.lean:326:4: Try `simp at hs` instead of `simpa using hs`

Note: This linter can be disabled with `set_option linter.unnecessarySimpa false`
⚠ [3542/3947] Replayed ZhangLS.Spec.RiemannZetaCriticalLineBound
warning: ZhangLS/Spec/RiemannZetaCriticalLineBound.lean:99:2: Used `tac1 <;> tac2` where `(tac1; tac2)` would suffice

Note: This linter can be disabled with `set_option linter.unnecessarySeqFocus false`
warning: ZhangLS/Spec/RiemannZetaCriticalLineBound.lean:124:13: unused variable `hs`

Note: This linter can be disabled with `set_option linter.unusedVariables false`
warning: ZhangLS/Spec/RiemannZetaCriticalLineBound.lean:152:6: unused variable `n`

Note: This linter can be disabled with `set_option linter.unusedVariables false`
warning: ZhangLS/Spec/RiemannZetaCriticalLineBound.lean:156:20: unused variable `k`

Note: This linter can be disabled with `set_option linter.unusedVariables false`
warning: ZhangLS/Spec/RiemannZetaCriticalLineBound.lean:161:8: This simp argument is unused:
  sum_one_Icc

Hint: Omit it from the simp argument list.
  simp ̵[̵s̵u̵m̵_̵o̵n̵e̵_̵I̵c̵c̵]̵

Note: This linter can be disabled with `set_option linter.unusedSimpArgs false`
warning: ZhangLS/Spec/RiemannZetaCriticalLineBound.lean:242:12: 'ring' tactic does nothing

Note: This linter can be disabled with `set_option linter.unusedTactic false`
warning: ZhangLS/Spec/RiemannZetaCriticalLineBound.lean:242:12: this tactic is never executed

Note: This linter can be disabled with `set_option linter.unreachableTactic false`
warning: ZhangLS/Spec/RiemannZetaCriticalLineBound.lean:219:41: Used `tac1 <;> tac2` where `(tac1; tac2)` would suffice

Note: This linter can be disabled with `set_option linter.unnecessarySeqFocus false`
warning: ZhangLS/Spec/RiemannZetaCriticalLineBound.lean:303:8: 'ring' tactic does nothing

Note: This linter can be disabled with `set_option linter.unusedTactic false`
warning: ZhangLS/Spec/RiemannZetaCriticalLineBound.lean:303:8: this tactic is never executed

Note: This linter can be disabled with `set_option linter.unreachableTactic false`
warning: ZhangLS/Spec/RiemannZetaCriticalLineBound.lean:394:12: This simp argument is unused:
  norm_div

Hint: Omit it from the simp argument list.
  simp ̵[̵n̵o̵r̵m̵_̵d̵i̵v̵]̵

Note: This linter can be disabled with `set_option linter.unusedSimpArgs false`
warning: ZhangLS/Spec/RiemannZetaCriticalLineBound.lean:475:75: This simp argument is unused:
  norm_div

Hint: Omit it from the simp argument list.
  simp ̵[̵n̵o̵r̵m̵_̵d̵i̵v̵]̵

Note: This linter can be disabled with `set_option linter.unusedSimpArgs false`
⚠ [3543/3947] Replayed ZhangLS.Spec.Lemma57CriticalStripGrowth
warning: ZhangLS/Spec/Lemma57CriticalStripGrowth.lean:270:14: This simp argument is unused:
  norm_div

Hint: Omit it from the simp argument list.
  simp ̵[̵n̵o̵r̵m̵_̵d̵i̵v̵]̵

Note: This linter can be disabled with `set_option linter.unusedSimpArgs false`
⚠ [3556/3947] Replayed ZhangLS.Spec.Lemma57QuadraticConductorThreshold
warning: ZhangLS/Spec/Lemma57QuadraticConductorThreshold.lean:63:4: exponent 10000000 exceeds the threshold 256, exponentiation operation was not evaluated, use `set_option exponentiation.threshold <num>` to set a new threshold
warning: ZhangLS/Spec/Lemma57QuadraticConductorThreshold.lean:136:18: Used `tac1 <;> tac2` where `(tac1; tac2)` would suffice

Note: This linter can be disabled with `set_option linter.unnecessarySeqFocus false`
⚠ [3587/3947] Replayed ZhangLS.External.HasseWeil.Foundation.Auxiliary.EllipticDivisibilitySequence
warning: ZhangLS/External/HasseWeil/Foundation/Auxiliary/EllipticDivisibilitySequence.lean:980:4: 'simp only [EllSequence.invarNum, EllSequence.invarDenom]' tactic does nothing

Note: This linter can be disabled with `set_option linter.unusedTactic false`
warning: ZhangLS/External/HasseWeil/Foundation/Auxiliary/EllipticDivisibilitySequence.lean:980:4: this tactic is never executed

Note: This linter can be disabled with `set_option linter.unreachableTactic false`
⚠ [3595/3947] Replayed ZhangLS.External.HasseWeil.Foundation.Auxiliary.DivisionPolynomial
warning: ZhangLS/External/HasseWeil/Foundation/Auxiliary/DivisionPolynomial.lean:195:22: Used `tac1 <;> tac2` where `(tac1; tac2)` would suffice

Note: This linter can be disabled with `set_option linter.unnecessarySeqFocus false`
warning: ZhangLS/External/HasseWeil/Foundation/Auxiliary/DivisionPolynomial.lean:322:50: This simp argument is unused:
  (map_pow polyToField)

Hint: Omit it from the simp argument list.
  simp only [smulX_one, smulY_one, pointedCurve_a₁, pointedCurve_a₂, pointedCurve_a₄,
      (map_sub polyToField), (map_mul polyToField), (map_p̵ow̵ ̵p̵o̵l̵y̵T̵o̵F̵i̵e̵l̵d̵)̵,̵ ̵(̵m̵a̵p̵_̵o̵fNat polyToField), (map_add polyToField)]

Note: This linter can be disabled with `set_option linter.unusedSimpArgs false`
warning: ZhangLS/External/HasseWeil/Foundation/Auxiliary/DivisionPolynomial.lean:322:73: This simp argument is unused:
  (map_ofNat polyToField)

Hint: Omit it from the simp argument list.
  simp only [smulX_one, smulY_one, pointedCurve_a₁, pointedCurve_a₂, pointedCurve_a₄,
      (map_sub polyToField), (map_mul polyToField), (map_pow polyToField), (map_o̵f̵N̵at̵ ̵p̵o̵l̵y̵T̵o̵F̵i̵e̵l̵d)̵,̵ ̵(̵m̵a̵p̵_̵a̵dd̵ polyToField)]

Note: This linter can be disabled with `set_option linter.unusedSimpArgs false`
warning: ZhangLS/External/HasseWeil/Foundation/Auxiliary/DivisionPolynomial.lean:322:98: This simp argument is unused:
  (map_add polyToField)

Hint: Omit it from the simp argument list.
  simp only [smulX_one, smulY_one, pointedCurve_a₁, pointedCurve_a₂, pointedCurve_a₄,
      (map_sub polyToField), (map_mul polyToField), (map_pow polyToField), (map_ofNat polyToField),̵ ̵(̵m̵a̵p̵_̵a̵d̵d̵ ̵p̵o̵l̵y̵T̵o̵F̵i̵e̵l̵d̵)̵]

Note: This linter can be disabled with `set_option linter.unusedSimpArgs false`
warning: ZhangLS/External/HasseWeil/Foundation/Auxiliary/DivisionPolynomial.lean:323:96: Used `tac1 <;> tac2` where `(tac1; tac2)` would suffice

Note: This linter can be disabled with `set_option linter.unnecessarySeqFocus false`
warning: ZhangLS/External/HasseWeil/Foundation/Auxiliary/DivisionPolynomial.lean:513:53: This simp argument is unused:
  (show Odd 3 by decide).neg_pow

Hint: Omit it from the simp argument list.
  simp [smulPoly, ω_neg_eq_neg_negY, neg, smul_fin3,̵ ̵(̵s̵h̵o̵w̵ ̵O̵d̵d̵ ̵3̵ ̵b̵y̵ ̵d̵e̵c̵i̵d̵e̵)̵.̵n̵e̵g̵_̵p̵o̵w̵]

Note: This linter can be disabled with `set_option linter.unusedSimpArgs false`
⚠ [3650/3947] Replayed ZhangLS.External.HasseWeil.FormalGroup.FormalGroupCorrespondence
warning: ZhangLS/External/HasseWeil/FormalGroup/FormalGroupCorrespondence.lean:321:0: automatically included section variable(s) unused in theorem `HasseWeil.formalMulByInt_linear_coeff`:
  [DecidableEq F]
  [WeierstrassCurve.IsElliptic W.toAffine]
consider restructuring your `variable` declarations so that the variables are not in scope or explicitly omit them:
  omit [DecidableEq F] [WeierstrassCurve.IsElliptic W.toAffine] in theorem ...

Note: This linter can be disabled with `set_option linter.unusedSectionVars false`
warning: ZhangLS/External/HasseWeil/FormalGroup/FormalGroupCorrespondence.lean:326:0: automatically included section variable(s) unused in theorem `HasseWeil.formalMulByInt_const_zero`:
  [DecidableEq F]
  [WeierstrassCurve.IsElliptic W.toAffine]
consider restructuring your `variable` declarations so that the variables are not in scope or explicitly omit them:
  omit [DecidableEq F] [WeierstrassCurve.IsElliptic W.toAffine] in theorem ...

Note: This linter can be disabled with `set_option linter.unusedSectionVars false`
⚠ [3677/3947] Replayed ZhangLS.External.HasseWeil.Foundation.Auxiliary.DiffQuotientRule
warning: ZhangLS/External/HasseWeil/Foundation/Auxiliary/DiffQuotientRule.lean:27:0: automatically included section variable(s) unused in theorem `HasseWeil.D_inv_smul`:
  [WeierstrassCurve.IsElliptic E]
consider restructuring your `variable` declarations so that the variables are not in scope or explicitly omit them:
  omit [WeierstrassCurve.IsElliptic E] in theorem ...

Note: This linter can be disabled with `set_option linter.unusedSectionVars false`
⚠ [3699/3947] Replayed ZhangLS.External.HasseWeil.Foundation.OrdAtInftyBridge
warning: ZhangLS/External/HasseWeil/Foundation/OrdAtInftyBridge.lean:55:8: automatically included section variable(s) unused in theorem `HasseWeil.W_smooth_toAffine`:
  [DecidableEq F]
  [WeierstrassCurve.IsElliptic W.toAffine]
consider restructuring your `variable` declarations so that the variables are not in scope or explicitly omit them:
  omit [DecidableEq F] [WeierstrassCurve.IsElliptic W.toAffine] in theorem ...

Note: This linter can be disabled with `set_option linter.unusedSectionVars false`
warning: ZhangLS/External/HasseWeil/Foundation/OrdAtInftyBridge.lean:59:8: automatically included section variable(s) unused in theorem `HasseWeil.W_smooth_functionField`:
  [DecidableEq F]
  [WeierstrassCurve.IsElliptic W.toAffine]
consider restructuring your `variable` declarations so that the variables are not in scope or explicitly omit them:
  omit [DecidableEq F] [WeierstrassCurve.IsElliptic W.toAffine] in theorem ...

Note: This linter can be disabled with `set_option linter.unusedSectionVars false`
warning: ZhangLS/External/HasseWeil/Foundation/OrdAtInftyBridge.lean:64:0: automatically included section variable(s) unused in theorem `HasseWeil.coordX_W_smooth_eq_x_gen`:
  [DecidableEq F]
  [WeierstrassCurve.IsElliptic W.toAffine]
consider restructuring your `variable` declarations so that the variables are not in scope or explicitly omit them:
  omit [DecidableEq F] [WeierstrassCurve.IsElliptic W.toAffine] in theorem ...

Note: This linter can be disabled with `set_option linter.unusedSectionVars false`
warning: ZhangLS/External/HasseWeil/Foundation/OrdAtInftyBridge.lean:81:0: automatically included section variable(s) unused in theorem `HasseWeil.coordY_W_smooth_eq_y_gen`:
  [DecidableEq F]
  [WeierstrassCurve.IsElliptic W.toAffine]
consider restructuring your `variable` declarations so that the variables are not in scope or explicitly omit them:
  omit [DecidableEq F] [WeierstrassCurve.IsElliptic W.toAffine] in theorem ...

Note: This linter can be disabled with `set_option linter.unusedSectionVars false`
warning: ZhangLS/External/HasseWeil/Foundation/OrdAtInftyBridge.lean:94:0: automatically included section variable(s) unused in theorem `HasseWeil.ordAtInfty_algebraMap_F_nonzero`:
  [DecidableEq F]
  [WeierstrassCurve.IsElliptic W.toAffine]
consider restructuring your `variable` declarations so that the variables are not in scope or explicitly omit them:
  omit [DecidableEq F] [WeierstrassCurve.IsElliptic W.toAffine] in theorem ...

Note: This linter can be disabled with `set_option linter.unusedSectionVars false`
warning: ZhangLS/External/HasseWeil/Foundation/OrdAtInftyBridge.lean:146:0: automatically included section variable(s) unused in theorem `HasseWeil.Φ_ff_eq_algebraMap_polynomial`:
  [DecidableEq F]
  [WeierstrassCurve.IsElliptic W.toAffine]
consider restructuring your `variable` declarations so that the variables are not in scope or explicitly omit them:
  omit [DecidableEq F] [WeierstrassCurve.IsElliptic W.toAffine] in theorem ...

Note: This linter can be disabled with `set_option linter.unusedSectionVars false`
warning: ZhangLS/External/HasseWeil/Foundation/OrdAtInftyBridge.lean:153:0: automatically included section variable(s) unused in theorem `HasseWeil.ΨSq_ff_eq_algebraMap_polynomial`:
  [DecidableEq F]
  [WeierstrassCurve.IsElliptic W.toAffine]
consider restructuring your `variable` declarations so that the variables are not in scope or explicitly omit them:
  omit [DecidableEq F] [WeierstrassCurve.IsElliptic W.toAffine] in theorem ...

Note: This linter can be disabled with `set_option linter.unusedSectionVars false`
warning: ZhangLS/External/HasseWeil/Foundation/OrdAtInftyBridge.lean:217:0: automatically included section variable(s) unused in theorem `HasseWeil.mulByInt_x_ne_zero`:
  [DecidableEq F]
consider restructuring your `variable` declarations so that the variables are not in scope or explicitly omit them:
  omit [DecidableEq F] in theorem ...

Note: This linter can be disabled with `set_option linter.unusedSectionVars false`
⚠ [3705/3947] Replayed ZhangLS.External.HasseWeil.Foundation.EC.AffinePointMap
warning: ZhangLS/External/HasseWeil/Foundation/EC/AffinePointMap.lean:94:0: automatically included section variable(s) unused in theorem `HasseWeil.Affine.Point.map_neg`:
  [DecidableEq F]
  [DecidableEq F']
consider restructuring your `variable` declarations so that the variables are not in scope or explicitly omit them:
  omit [DecidableEq F] [DecidableEq F'] in theorem ...

Note: This linter can be disabled with `set_option linter.unusedSectionVars false`
⚠ [3706/3947] Replayed ZhangLS.External.HasseWeil.Foundation.EC.GenericPoint
warning: ZhangLS/External/HasseWeil/Foundation/EC/GenericPoint.lean:43:0: automatically included section variable(s) unused in theorem `HasseWeil.generic_nonsingular`:
  [DecidableEq F]
consider restructuring your `variable` declarations so that the variables are not in scope or explicitly omit them:
  omit [DecidableEq F] in theorem ...

Note: This linter can be disabled with `set_option linter.unusedSectionVars false`
⚠ [3709/3947] Replayed ZhangLS.External.HasseWeil.Foundation.EC.GenericPointZsmul
warning: ZhangLS/External/HasseWeil/Foundation/EC/GenericPointZsmul.lean:139:0: automatically included section variable(s) unused in theorem `HasseWeil.mulByInt_y_neg`:
  [DecidableEq F]
consider restructuring your `variable` declarations so that the variables are not in scope or explicitly omit them:
  omit [DecidableEq F] in theorem ...

Note: This linter can be disabled with `set_option linter.unusedSectionVars false`
warning: ZhangLS/External/HasseWeil/Foundation/EC/GenericPointZsmul.lean:161:0: automatically included section variable(s) unused in theorem `HasseWeil.mulByInt_x_eq`:
  [DecidableEq F]
consider restructuring your `variable` declarations so that the variables are not in scope or explicitly omit them:
  omit [DecidableEq F] in theorem ...

Note: This linter can be disabled with `set_option linter.unusedSectionVars false`
warning: ZhangLS/External/HasseWeil/Foundation/EC/GenericPointZsmul.lean:250:0: automatically included section variable(s) unused in theorem `HasseWeil.mulByInt_y_sub_negY`:
  [DecidableEq F]
consider restructuring your `variable` declarations so that the variables are not in scope or explicitly omit them:
  omit [DecidableEq F] in theorem ...

Note: This linter can be disabled with `set_option linter.unusedSectionVars false`
warning: ZhangLS/External/HasseWeil/Foundation/EC/GenericPointZsmul.lean:284:0: automatically included section variable(s) unused in theorem `HasseWeil.generic_weierstrass`:
  [DecidableEq F]
  [WeierstrassCurve.IsElliptic W.toAffine]
consider restructuring your `variable` declarations so that the variables are not in scope or explicitly omit them:
  omit [DecidableEq F] [WeierstrassCurve.IsElliptic W.toAffine] in theorem ...

Note: This linter can be disabled with `set_option linter.unusedSectionVars false`
warning: ZhangLS/External/HasseWeil/Foundation/EC/GenericPointZsmul.lean:294:0: automatically included section variable(s) unused in theorem `HasseWeil.ψ_ff_three_eq`:
  [DecidableEq F]
  [WeierstrassCurve.IsElliptic W.toAffine]
consider restructuring your `variable` declarations so that the variables are not in scope or explicitly omit them:
  omit [DecidableEq F] [WeierstrassCurve.IsElliptic W.toAffine] in theorem ...

Note: This linter can be disabled with `set_option linter.unusedSectionVars false`
warning: ZhangLS/External/HasseWeil/Foundation/EC/GenericPointZsmul.lean:604:0: automatically included section variable(s) unused in theorem `HasseWeil.evalEval_φ_at_mulByInt_eq_eval₂_Φ`:
  [DecidableEq F]
consider restructuring your `variable` declarations so that the variables are not in scope or explicitly omit them:
  omit [DecidableEq F] in theorem ...

Note: This linter can be disabled with `set_option linter.unusedSectionVars false`
warning: ZhangLS/External/HasseWeil/Foundation/EC/GenericPointZsmul.lean:620:0: automatically included section variable(s) unused in theorem `HasseWeil.evalEval_ψ_sq_at_mulByInt_eq_eval₂_ΨSq`:
  [DecidableEq F]
consider restructuring your `variable` declarations so that the variables are not in scope or explicitly omit them:
  omit [DecidableEq F] in theorem ...

Note: This linter can be disabled with `set_option linter.unusedSectionVars false`
⚠ [3710/3947] Replayed ZhangLS.External.HasseWeil.Isogeny.Frobenius.OrdAtInfty
warning: ZhangLS/External/HasseWeil/Isogeny/Frobenius/OrdAtInfty.lean:1141:0: automatically included section variable(s) unused in theorem `HasseWeil.mulByInt_pullback_y_neg_one`:
  [Fintype K]
consider restructuring your `variable` declarations so that the variables are not in scope or explicitly omit them:
  omit [Fintype K] in theorem ...

Note: This linter can be disabled with `set_option linter.unusedSectionVars false`
warning: ZhangLS/External/HasseWeil/Isogeny/Frobenius/OrdAtInfty.lean:2378:0: automatically included section variable(s) unused in theorem `HasseWeil.mulByInt_neg_one_pullback_comp_self`:
  [Fintype K]
consider restructuring your `variable` declarations so that the variables are not in scope or explicitly omit them:
  omit [Fintype K] in theorem ...

Note: This linter can be disabled with `set_option linter.unusedSectionVars false`
warning: ZhangLS/External/HasseWeil/Isogeny/Frobenius/OrdAtInfty.lean:2541:8: automatically included section variable(s) unused in theorem `HasseWeil.mulByInt_neg_one_pullback_algebraMap_K`:
  [Fintype K]
consider restructuring your `variable` declarations so that the variables are not in scope or explicitly omit them:
  omit [Fintype K] in theorem ...

Note: This linter can be disabled with `set_option linter.unusedSectionVars false`
warning: ZhangLS/External/HasseWeil/Isogeny/Frobenius/OrdAtInfty.lean:2549:0: automatically included section variable(s) unused in theorem `HasseWeil.mulByInt_neg_one_pullback_algebraMap_polyK`:
  [Fintype K]
consider restructuring your `variable` declarations so that the variables are not in scope or explicitly omit them:
  omit [Fintype K] in theorem ...

Note: This linter can be disabled with `set_option linter.unusedSectionVars false`
warning: ZhangLS/External/HasseWeil/Isogeny/Frobenius/OrdAtInfty.lean:2615:0: automatically included section variable(s) unused in theorem `HasseWeil.a₁X_plus_a₃_ne_zero_char_two`:
  [Fintype K]
  [DecidableEq K]
consider restructuring your `variable` declarations so that the variables are not in scope or explicitly omit them:
  omit [Fintype K] [DecidableEq K] in theorem ...

Note: This linter can be disabled with `set_option linter.unusedSectionVars false`
warning: ZhangLS/External/HasseWeil/Isogeny/Frobenius/OrdAtInfty.lean:2631:0: automatically included section variable(s) unused in theorem `HasseWeil.algebraMap_a₁X_plus_a₃`:
  [Fintype K]
  [DecidableEq K]
  [WeierstrassCurve.IsElliptic W.toAffine]
consider restructuring your `variable` declarations so that the variables are not in scope or explicitly omit them:
  omit [Fintype K] [DecidableEq K] [WeierstrassCurve.IsElliptic W.toAffine] in theorem ...

Note: This linter can be disabled with `set_option linter.unusedSectionVars false`
warning: ZhangLS/External/HasseWeil/Isogeny/Frobenius/OrdAtInfty.lean:3072:0: automatically included section variable(s) unused in theorem `HasseWeil.sigma_mulByInt_pullback_x_eq`:
  [Fintype K]
consider restructuring your `variable` declarations so that the variables are not in scope or explicitly omit them:
  omit [Fintype K] in theorem ...

Note: This linter can be disabled with `set_option linter.unusedSectionVars false`
warning: ZhangLS/External/HasseWeil/Isogeny/Frobenius/OrdAtInfty.lean:3087:0: automatically included section variable(s) unused in theorem `HasseWeil.sigma_mulByInt_pullback_y_eq`:
  [Fintype K]
consider restructuring your `variable` declarations so that the variables are not in scope or explicitly omit them:
  omit [Fintype K] in theorem ...

Note: This linter can be disabled with `set_option linter.unusedSectionVars false`
warning: ZhangLS/External/HasseWeil/Isogeny/Frobenius/OrdAtInfty.lean:3309:0: automatically included section variable(s) unused in theorem `HasseWeil.ordAtInfty_mulByInt_neg_pullback_x_gen`:
  [Fintype K]
consider restructuring your `variable` declarations so that the variables are not in scope or explicitly omit them:
  omit [Fintype K] in theorem ...

Note: This linter can be disabled with `set_option linter.unusedSectionVars false`
warning: ZhangLS/External/HasseWeil/Isogeny/Frobenius/OrdAtInfty.lean:3531:0: automatically included section variable(s) unused in theorem `HasseWeil.ordAtInfty_mulByInt_y_eq_of_x`:
  [Fintype K]
consider restructuring your `variable` declarations so that the variables are not in scope or explicitly omit them:
  omit [Fintype K] in theorem ...

Note: This linter can be disabled with `set_option linter.unusedSectionVars false`
warning: ZhangLS/External/HasseWeil/Isogeny/Frobenius/OrdAtInfty.lean:3834:15: unused variable `hr`

Note: This linter can be disabled with `set_option linter.unusedVariables false`
warning: ZhangLS/External/HasseWeil/Isogeny/Frobenius/OrdAtInfty.lean:3834:28: unused variable `hs`

Note: This linter can be disabled with `set_option linter.unusedVariables false`
⚠ [3726/3947] Replayed ZhangLS.External.HasseWeil.Foundation.LocalExpansion
warning: ZhangLS/External/HasseWeil/Foundation/LocalExpansion.lean:80:8: automatically included section variable(s) unused in theorem `HasseWeil.formalU_constantCoeff`:
  [DecidableEq F]
  [WeierstrassCurve.IsElliptic W.toAffine]
consider restructuring your `variable` declarations so that the variables are not in scope or explicitly omit them:
  omit [DecidableEq F] [WeierstrassCurve.IsElliptic W.toAffine] in theorem ...

Note: This linter can be disabled with `set_option linter.unusedSectionVars false`
warning: ZhangLS/External/HasseWeil/Foundation/LocalExpansion.lean:107:8: automatically included section variable(s) unused in theorem `HasseWeil.formalU_inv_constantCoeff`:
  [DecidableEq F]
  [WeierstrassCurve.IsElliptic W.toAffine]
consider restructuring your `variable` declarations so that the variables are not in scope or explicitly omit them:
  omit [DecidableEq F] [WeierstrassCurve.IsElliptic W.toAffine] in theorem ...

Note: This linter can be disabled with `set_option linter.unusedSectionVars false`
warning: ZhangLS/External/HasseWeil/Foundation/LocalExpansion.lean:252:0: automatically included section variable(s) unused in theorem `HasseWeil.formalW_ne_zero`:
  [DecidableEq F]
  [WeierstrassCurve.IsElliptic W.toAffine]
consider restructuring your `variable` declarations so that the variables are not in scope or explicitly omit them:
  omit [DecidableEq F] [WeierstrassCurve.IsElliptic W.toAffine] in theorem ...

Note: This linter can be disabled with `set_option linter.unusedSectionVars false`
warning: ZhangLS/External/HasseWeil/Foundation/LocalExpansion.lean:270:0: automatically included section variable(s) unused in theorem `HasseWeil.formalW_eq_X3_mul_U`:
  [DecidableEq F]
  [WeierstrassCurve.IsElliptic W.toAffine]
consider restructuring your `variable` declarations so that the variables are not in scope or explicitly omit them:
  omit [DecidableEq F] [WeierstrassCurve.IsElliptic W.toAffine] in theorem ...

Note: This linter can be disabled with `set_option linter.unusedSectionVars false`
warning: ZhangLS/External/HasseWeil/Foundation/LocalExpansion.lean:450:0: automatically included section variable(s) unused in theorem `HasseWeil.localParam_ne_zero`:
  [DecidableEq F]
  [WeierstrassCurve.IsElliptic W.toAffine]
consider restructuring your `variable` declarations so that the variables are not in scope or explicitly omit them:
  omit [DecidableEq F] [WeierstrassCurve.IsElliptic W.toAffine] in theorem ...

Note: This linter can be disabled with `set_option linter.unusedSectionVars false`
warning: ZhangLS/External/HasseWeil/Foundation/LocalExpansion.lean:475:8: automatically included section variable(s) unused in theorem `HasseWeil.localExpand_inner_X`:
  [DecidableEq F]
  [WeierstrassCurve.IsElliptic W.toAffine]
consider restructuring your `variable` declarations so that the variables are not in scope or explicitly omit them:
  omit [DecidableEq F] [WeierstrassCurve.IsElliptic W.toAffine] in theorem ...

Note: This linter can be disabled with `set_option linter.unusedSectionVars false`
warning: ZhangLS/External/HasseWeil/Foundation/LocalExpansion.lean:480:8: automatically included section variable(s) unused in theorem `HasseWeil.localExpand_inner_C`:
  [DecidableEq F]
  [WeierstrassCurve.IsElliptic W.toAffine]
consider restructuring your `variable` declarations so that the variables are not in scope or explicitly omit them:
  omit [DecidableEq F] [WeierstrassCurve.IsElliptic W.toAffine] in theorem ...

Note: This linter can be disabled with `set_option linter.unusedSectionVars false`
ℹ [3749/3947] Replayed ZhangLS.External.HasseWeil.Foundation.EC.TranslationOrd
info: ZhangLS/External/HasseWeil/Foundation/EC/TranslationOrd.lean:1401:48: Try this:
  [apply] ring_nf
  
  The `ring` tactic failed to close the goal. Use `ring_nf` to obtain a normal form.
    
  Note that `ring` works primarily in *commutative* rings. If you have a noncommutative ring, abelian group or module, consider using `noncomm_ring`, `abel` or `module` instead.
info: ZhangLS/External/HasseWeil/Foundation/EC/TranslationOrd.lean:1403:63: Try this:
  [apply] ring_nf
  
  The `ring` tactic failed to close the goal. Use `ring_nf` to obtain a normal form.
    
  Note that `ring` works primarily in *commutative* rings. If you have a noncommutative ring, abelian group or module, consider using `noncomm_ring`, `abel` or `module` instead.
info: ZhangLS/External/HasseWeil/Foundation/EC/TranslationOrd.lean:1494:25: Try this:
  [apply] ring_nf
  
  The `ring` tactic failed to close the goal. Use `ring_nf` to obtain a normal form.
    
  Note that `ring` works primarily in *commutative* rings. If you have a noncommutative ring, abelian group or module, consider using `noncomm_ring`, `abel` or `module` instead.
⚠ [3757/3947] Replayed ZhangLS.External.HasseWeil.HasseBound.PointCount
warning: ZhangLS/External/HasseWeil/HasseBound/PointCount.lean:480:0: automatically included section variable(s) unused in theorem `HasseWeil.algHom_ext_of_eq_on_xy`:
  [DecidableEq F]
consider restructuring your `variable` declarations so that the variables are not in scope or explicitly omit them:
  omit [DecidableEq F] in theorem ...

Note: This linter can be disabled with `set_option linter.unusedSectionVars false`
⚠ [3762/3947] Replayed ZhangLS.External.HasseWeil.Isogeny.Basic
warning: ZhangLS/External/HasseWeil/Isogeny/Basic.lean:300:8: automatically included section variable(s) unused in theorem `HasseWeil.EC.Isogeny.frobenius_pullback`:
  [DecidableEq K]
consider restructuring your `variable` declarations so that the variables are not in scope or explicitly omit them:
  omit [DecidableEq K] in theorem ...

Note: This linter can be disabled with `set_option linter.unusedSectionVars false`
warning: ZhangLS/External/HasseWeil/Isogeny/Basic.lean:319:8: automatically included section variable(s) unused in theorem `HasseWeil.EC.Isogeny.frobenius_degree`:
  [DecidableEq K]
consider restructuring your `variable` declarations so that the variables are not in scope or explicitly omit them:
  omit [DecidableEq K] in theorem ...

Note: This linter can be disabled with `set_option linter.unusedSectionVars false`
warning: ZhangLS/External/HasseWeil/Isogeny/Basic.lean:329:8: automatically included section variable(s) unused in theorem `_private.ZhangLS.External.HasseWeil.Isogeny.Basic.0.HasseWeil.EC.Isogeny.frobenius_evalAtPullback`:
  [DecidableEq K]
consider restructuring your `variable` declarations so that the variables are not in scope or explicitly omit them:
  omit [DecidableEq K] in theorem ...

Note: This linter can be disabled with `set_option linter.unusedSectionVars false`
warning: ZhangLS/External/HasseWeil/Isogeny/Basic.lean:432:8: automatically included section variable(s) unused in theorem `HasseWeil.EC.Isogeny.mulByIntOfBasepoint_pullback`:
  [DecidableEq F]
consider restructuring your `variable` declarations so that the variables are not in scope or explicitly omit them:
  omit [DecidableEq F] in theorem ...

Note: This linter can be disabled with `set_option linter.unusedSectionVars false`
⚠ [3778/3947] Replayed ZhangLS.External.HasseWeil.Foundation.Curves.Divisor.PicZero
warning: ZhangLS/External/HasseWeil/Foundation/Curves/Divisor/PicZero.lean:82:8: automatically included section variable(s) unused in theorem `HasseWeil.Curves.projectiveDivisorSum_zero`:
  [WeierstrassCurve.IsElliptic W]
consider restructuring your `variable` declarations so that the variables are not in scope or explicitly omit them:
  omit [WeierstrassCurve.IsElliptic W] in theorem ...

Note: This linter can be disabled with `set_option linter.unusedSectionVars false`
warning: ZhangLS/External/HasseWeil/Foundation/Curves/Divisor/PicZero.lean:86:8: automatically included section variable(s) unused in theorem `HasseWeil.Curves.projectiveDivisorSum_single`:
  [WeierstrassCurve.IsElliptic W]
consider restructuring your `variable` declarations so that the variables are not in scope or explicitly omit them:
  omit [WeierstrassCurve.IsElliptic W] in theorem ...

Note: This linter can be disabled with `set_option linter.unusedSectionVars false`
warning: ZhangLS/External/HasseWeil/Foundation/Curves/Divisor/PicZero.lean:93:8: automatically included section variable(s) unused in theorem `HasseWeil.Curves.projectiveDivisorSum_add`:
  [WeierstrassCurve.IsElliptic W]
consider restructuring your `variable` declarations so that the variables are not in scope or explicitly omit them:
  omit [WeierstrassCurve.IsElliptic W] in theorem ...

Note: This linter can be disabled with `set_option linter.unusedSectionVars false`
warning: ZhangLS/External/HasseWeil/Foundation/Curves/Divisor/PicZero.lean:238:0: automatically included section variable(s) unused in theorem `HasseWeil.Curves.kappaDivisor_degree`:
  [DecidableEq F]
  [WeierstrassCurve.IsElliptic W]
consider restructuring your `variable` declarations so that the variables are not in scope or explicitly omit them:
  omit [DecidableEq F] [WeierstrassCurve.IsElliptic W] in theorem ...

Note: This linter can be disabled with `set_option linter.unusedSectionVars false`
⚠ [3781/3947] Replayed ZhangLS.External.HasseWeil.Foundation.Curves.Divisor.PicZeroPushforward
warning: ZhangLS/External/HasseWeil/Foundation/Curves/Divisor/PicZeroPushforward.lean:49:8: automatically included section variable(s) unused in theorem `HasseWeil.EC.Isogeny.pushforwardProjectiveDivisor_apply`:
  [DecidableEq F]
consider restructuring your `variable` declarations so that the variables are not in scope or explicitly omit them:
  omit [DecidableEq F] in theorem ...

Note: This linter can be disabled with `set_option linter.unusedSectionVars false`
warning: ZhangLS/External/HasseWeil/Foundation/Curves/Divisor/PicZeroPushforward.lean:56:8: automatically included section variable(s) unused in theorem `HasseWeil.EC.Isogeny.pushforwardProjectiveDivisor_zero`:
  [DecidableEq F]
consider restructuring your `variable` declarations so that the variables are not in scope or explicitly omit them:
  omit [DecidableEq F] in theorem ...

Note: This linter can be disabled with `set_option linter.unusedSectionVars false`
warning: ZhangLS/External/HasseWeil/Foundation/Curves/Divisor/PicZeroPushforward.lean:61:8: automatically included section variable(s) unused in theorem `HasseWeil.EC.Isogeny.pushforwardProjectiveDivisor_add`:
  [DecidableEq F]
consider restructuring your `variable` declarations so that the variables are not in scope or explicitly omit them:
  omit [DecidableEq F] in theorem ...

Note: This linter can be disabled with `set_option linter.unusedSectionVars false`
⚠ [3823/3947] Replayed ZhangLS.External.HasseWeil.Foundation.AdditionPullback.SilvermanIV14
warning: ZhangLS/External/HasseWeil/Foundation/AdditionPullback/SilvermanIV14.lean:2818:0: automatically included section variable(s) unused in theorem `HasseWeil.kaehler_curve_equation_K_E`:
  [Fintype K]
  [DecidableEq K]
  [WeierstrassCurve.IsElliptic W.toAffine]
consider restructuring your `variable` declarations so that the variables are not in scope or explicitly omit them:
  omit [Fintype K] [DecidableEq K] [WeierstrassCurve.IsElliptic W.toAffine] in theorem ...

Note: This linter can be disabled with `set_option linter.unusedSectionVars false`
⚠ [3827/3947] Replayed ZhangLS.External.HasseWeil.HasseBound.PoleDivisorFallback
warning: ZhangLS/External/HasseWeil/HasseBound/PoleDivisorFallback.lean:185:0: automatically included section variable(s) unused in theorem `HasseWeil.Conditional.pointValuation_eq_of_invariant_and_compatible`:
  [Fintype K]
consider restructuring your `variable` declarations so that the variables are not in scope or explicitly omit them:
  omit [Fintype K] in theorem ...

Note: This linter can be disabled with `set_option linter.unusedSectionVars false`
warning: ZhangLS/External/HasseWeil/HasseBound/PoleDivisorFallback.lean:323:0: automatically included section variable(s) unused in theorem `HasseWeil.Conditional.ord_T_translateAlgEquivOfPoint_neg_x_gen_eq_neg_two`:
  [Fintype K]
consider restructuring your `variable` declarations so that the variables are not in scope or explicitly omit them:
  omit [Fintype K] in theorem ...

Note: This linter can be disabled with `set_option linter.unusedSectionVars false`
warning: ZhangLS/External/HasseWeil/HasseBound/PoleDivisorFallback.lean:395:0: automatically included section variable(s) unused in theorem `HasseWeil.Conditional.ord_T_translateAlgEquivOfPoint_neg_y_gen_eq_neg_three`:
  [Fintype K]
consider restructuring your `variable` declarations so that the variables are not in scope or explicitly omit them:
  omit [Fintype K] in theorem ...

Note: This linter can be disabled with `set_option linter.unusedSectionVars false`
warning: ZhangLS/External/HasseWeil/HasseBound/PoleDivisorFallback.lean:1304:0: automatically included section variable(s) unused in theorem `HasseWeil.Conditional.bridge_at_T2_two_a6_of_non_2_tor`:
  [Fintype K]
consider restructuring your `variable` declarations so that the variables are not in scope or explicitly omit them:
  omit [Fintype K] in theorem ...

Note: This linter can be disabled with `set_option linter.unusedSectionVars false`
warning: ZhangLS/External/HasseWeil/HasseBound/PoleDivisorFallback.lean:2555:0: automatically included section variable(s) unused in theorem `HasseWeil.Conditional.transcendental_inv`:
  [Fintype K]
  [DecidableEq K]
consider restructuring your `variable` declarations so that the variables are not in scope or explicitly omit them:
  omit [Fintype K] [DecidableEq K] in theorem ...

Note: This linter can be disabled with `set_option linter.unusedSectionVars false`
⚠ [3828/3947] Replayed ZhangLS.External.HasseWeil.HasseBound.PoleDivisorTwoTorsion
warning: ZhangLS/External/HasseWeil/HasseBound/PoleDivisorTwoTorsion.lean:84:0: automatically included section variable(s) unused in theorem `HasseWeil.ord_P_x_gen_sub_const_ge_two_at_2tor`:
  [WeierstrassCurve.IsElliptic W.toAffine]
consider restructuring your `variable` declarations so that the variables are not in scope or explicitly omit them:
  omit [WeierstrassCurve.IsElliptic W.toAffine] in theorem ...

Note: This linter can be disabled with `set_option linter.unusedSectionVars false`
warning: ZhangLS/External/HasseWeil/HasseBound/PoleDivisorTwoTorsion.lean:640:0: automatically included section variable(s) unused in theorem `HasseWeil.ord_P_translateY_T3_coef_nonneg`:
  [WeierstrassCurve.IsElliptic W.toAffine]
consider restructuring your `variable` declarations so that the variables are not in scope or explicitly omit them:
  omit [WeierstrassCurve.IsElliptic W.toAffine] in theorem ...

Note: This linter can be disabled with `set_option linter.unusedSectionVars false`
warning: ZhangLS/External/HasseWeil/HasseBound/PoleDivisorTwoTorsion.lean:787:8: automatically included section variable(s) unused in theorem `_private.ZhangLS.External.HasseWeil.HasseBound.PoleDivisorTwoTorsion.0.HasseWeil.ord_P_y_gen_nonneg`:
  [DecidableEq K]
  [WeierstrassCurve.IsElliptic W.toAffine]
consider restructuring your `variable` declarations so that the variables are not in scope or explicitly omit them:
  omit [DecidableEq K] [WeierstrassCurve.IsElliptic W.toAffine] in theorem ...

Note: This linter can be disabled with `set_option linter.unusedSectionVars false`
warning: ZhangLS/External/HasseWeil/HasseBound/PoleDivisorTwoTorsion.lean:815:8: automatically included section variable(s) unused in theorem `_private.ZhangLS.External.HasseWeil.HasseBound.PoleDivisorTwoTorsion.0.HasseWeil.ord_P_translateY_T2_term_ge_four`:
  [WeierstrassCurve.IsElliptic W.toAffine]
consider restructuring your `variable` declarations so that the variables are not in scope or explicitly omit them:
  omit [WeierstrassCurve.IsElliptic W.toAffine] in theorem ...

Note: This linter can be disabled with `set_option linter.unusedSectionVars false`
⚠ [3830/3947] Replayed ZhangLS.External.HasseWeil.Isogeny.OrdTransport
warning: ZhangLS/External/HasseWeil/Isogeny/OrdTransport.lean:59:0: automatically included section variable(s) unused in theorem `HasseWeil.Curves.SmoothPlaneCurve.pointValuation_surjective'`:
  [DecidableEq F]
consider restructuring your `variable` declarations so that the variables are not in scope or explicitly omit them:
  omit [DecidableEq F] in theorem ...

Note: This linter can be disabled with `set_option linter.unusedSectionVars false`
warning: ZhangLS/External/HasseWeil/Isogeny/OrdTransport.lean:123:0: automatically included section variable(s) unused in theorem `HasseWeil.Curves.SmoothPlaneCurve.comap_pointValuation_surjective_of_ord_eq_one`:
  [DecidableEq F]
consider restructuring your `variable` declarations so that the variables are not in scope or explicitly omit them:
  omit [DecidableEq F] in theorem ...

Note: This linter can be disabled with `set_option linter.unusedSectionVars false`
⚠ [3837/3947] Replayed ZhangLS.External.HasseWeil.Isogeny.BaseChange.Basic
warning: ZhangLS/External/HasseWeil/Isogeny/BaseChange/Basic.lean:73:8: automatically included section variable(s) unused in theorem `HasseWeil.Isogeny.mkBaseChange_pullback`:
  [DecidableEq F]
  [WeierstrassCurve.IsElliptic W₁]
  [WeierstrassCurve.IsElliptic W₂]
consider restructuring your `variable` declarations so that the variables are not in scope or explicitly omit them:
  omit [DecidableEq F] [WeierstrassCurve.IsElliptic W₁] [WeierstrassCurve.IsElliptic W₂] in theorem ...

Note: This linter can be disabled with `set_option linter.unusedSectionVars false`
warning: ZhangLS/External/HasseWeil/Isogeny/BaseChange/Basic.lean:81:8: automatically included section variable(s) unused in theorem `HasseWeil.Isogeny.mkBaseChange_toAddMonoidHom`:
  [DecidableEq F]
  [WeierstrassCurve.IsElliptic W₁]
  [WeierstrassCurve.IsElliptic W₂]
consider restructuring your `variable` declarations so that the variables are not in scope or explicitly omit them:
  omit [DecidableEq F] [WeierstrassCurve.IsElliptic W₁] [WeierstrassCurve.IsElliptic W₂] in theorem ...

Note: This linter can be disabled with `set_option linter.unusedSectionVars false`
warning: ZhangLS/External/HasseWeil/Isogeny/BaseChange/Basic.lean:364:0: automatically included section variable(s) unused in theorem `HasseWeil.Isogeny.frobenius_eq_id_of_charP_prime`:
  [DecidableEq k]
consider restructuring your `variable` declarations so that the variables are not in scope or explicitly omit them:
  omit [DecidableEq k] in theorem ...

Note: This linter can be disabled with `set_option linter.unusedSectionVars false`
warning: ZhangLS/External/HasseWeil/Isogeny/BaseChange/Basic.lean:465:0: automatically included section variable(s) unused in theorem `HasseWeil.Isogeny.iterateFrobenius_eq_id_of_charP_pow`:
  [DecidableEq k]
consider restructuring your `variable` declarations so that the variables are not in scope or explicitly omit them:
  omit [DecidableEq k] in theorem ...

Note: This linter can be disabled with `set_option linter.unusedSectionVars false`
⚠ [3867/3947] Replayed ZhangLS.External.HasseWeil.HasseBound.Infrastructure
warning: ZhangLS/External/HasseWeil/HasseBound/Infrastructure.lean:377:0: automatically included section variable(s) unused in theorem `HasseWeil.OpenLemmas.function_field_x_separable`:
  [Fintype K]
  [DecidableEq K]
consider restructuring your `variable` declarations so that the variables are not in scope or explicitly omit them:
  omit [Fintype K] [DecidableEq K] in theorem ...

Note: This linter can be disabled with `set_option linter.unusedSectionVars false`
warning: ZhangLS/External/HasseWeil/HasseBound/Infrastructure.lean:696:0: automatically included section variable(s) unused in theorem `HasseWeil.OpenLemmas.vertical_principal`:
  [Fintype K]
consider restructuring your `variable` declarations so that the variables are not in scope or explicitly omit them:
  omit [Fintype K] in theorem ...

Note: This linter can be disabled with `set_option linter.unusedSectionVars false`
warning: ZhangLS/External/HasseWeil/HasseBound/Infrastructure.lean:796:0: automatically included section variable(s) unused in theorem `HasseWeil.OpenLemmas.miller_principal`:
  [Fintype K]
consider restructuring your `variable` declarations so that the variables are not in scope or explicitly omit them:
  omit [Fintype K] in theorem ...

Note: This linter can be disabled with `set_option linter.unusedSectionVars false`
warning: ZhangLS/External/HasseWeil/HasseBound/Infrastructure.lean:813:0: automatically included section variable(s) unused in theorem `HasseWeil.OpenLemmas.degree_zero_divisor_reduce`:
  [Fintype K]
consider restructuring your `variable` declarations so that the variables are not in scope or explicitly omit them:
  omit [Fintype K] in theorem ...

Note: This linter can be disabled with `set_option linter.unusedSectionVars false`
warning: ZhangLS/External/HasseWeil/HasseBound/Infrastructure.lean:831:0: automatically included section variable(s) unused in theorem `HasseWeil.OpenLemmas.point_minus_O_principal_eq_zero`:
  [Fintype K]
consider restructuring your `variable` declarations so that the variables are not in scope or explicitly omit them:
  omit [Fintype K] in theorem ...

Note: This linter can be disabled with `set_option linter.unusedSectionVars false`
warning: ZhangLS/External/HasseWeil/HasseBound/Infrastructure.lean:854:0: automatically included section variable(s) unused in theorem `HasseWeil.OpenLemmas.coordRingImage_ordAtInfty_ne_neg_one`:
  [Fintype K]
  [DecidableEq K]
  [WeierstrassCurve.IsElliptic W.toAffine]
consider restructuring your `variable` declarations so that the variables are not in scope or explicitly omit them:
  omit [Fintype K] [DecidableEq K] [WeierstrassCurve.IsElliptic W.toAffine] in theorem ...

Note: This linter can be disabled with `set_option linter.unusedSectionVars false`
warning: ZhangLS/External/HasseWeil/HasseBound/Infrastructure.lean:907:0: automatically included section variable(s) unused in theorem `HasseWeil.OpenLemmas.isogeny_degree_baseChange_eq`:
  [Fintype K]
consider restructuring your `variable` declarations so that the variables are not in scope or explicitly omit them:
  omit [Fintype K] in theorem ...

Note: This linter can be disabled with `set_option linter.unusedSectionVars false`
⚠ [3879/3947] Replayed ZhangLS.External.HasseWeil.Foundation.Verschiebung.Genuine
warning: ZhangLS/External/HasseWeil/Foundation/Verschiebung/Genuine.lean:1109:0: automatically included section variable(s) unused in theorem `HasseWeil.ordAtInfty_zsmul_mulByInt_neg_pullback_x_neg`:
  [Fintype K]
consider restructuring your `variable` declarations so that the variables are not in scope or explicitly omit them:
  omit [Fintype K] in theorem ...

Note: This linter can be disabled with `set_option linter.unusedSectionVars false`
warning: ZhangLS/External/HasseWeil/Foundation/Verschiebung/Genuine.lean:1226:0: automatically included section variable(s) unused in theorem `HasseWeil.addPullback_x_pair_ord_neg_of_sum_reduces_witness`:
  [Fintype K]
consider restructuring your `variable` declarations so that the variables are not in scope or explicitly omit them:
  omit [Fintype K] in theorem ...

Note: This linter can be disabled with `set_option linter.unusedSectionVars false`
warning: ZhangLS/External/HasseWeil/Foundation/Verschiebung/Genuine.lean:1273:0: automatically included section variable(s) unused in theorem `HasseWeil.addPullback_x_pair_sum_reduces_of_iv14_witness`:
  [Fintype K]
consider restructuring your `variable` declarations so that the variables are not in scope or explicitly omit them:
  omit [Fintype K] in theorem ...

Note: This linter can be disabled with `set_option linter.unusedSectionVars false`
warning: ZhangLS/External/HasseWeil/Foundation/Verschiebung/Genuine.lean:1346:0: automatically included section variable(s) unused in theorem `HasseWeil.addPullback_x_pair_x_ord_neg`:
  [Fintype K]
consider restructuring your `variable` declarations so that the variables are not in scope or explicitly omit them:
  omit [Fintype K] in theorem ...

Note: This linter can be disabled with `set_option linter.unusedSectionVars false`
⚠ [3881/3947] Replayed ZhangLS.External.HasseWeil.Isogeny.OmegaCoeffViaFormalGroup
warning: ZhangLS/External/HasseWeil/Isogeny/OmegaCoeffViaFormalGroup.lean:517:7: automatically included section variable(s) unused in theorem `HasseWeil.LExp.ext`:
  [DecidableEq F]
consider restructuring your `variable` declarations so that the variables are not in scope or explicitly omit them:
  omit [DecidableEq F] in theorem ...

Note: This linter can be disabled with `set_option linter.unusedSectionVars false`
warning: ZhangLS/External/HasseWeil/Isogeny/OmegaCoeffViaFormalGroup.lean:523:8: automatically included section variable(s) unused in theorem `HasseWeil.LExp.out_zero`:
  [DecidableEq F]
consider restructuring your `variable` declarations so that the variables are not in scope or explicitly omit them:
  omit [DecidableEq F] in theorem ...

Note: This linter can be disabled with `set_option linter.unusedSectionVars false`
warning: ZhangLS/External/HasseWeil/Isogeny/OmegaCoeffViaFormalGroup.lean:524:8: automatically included section variable(s) unused in theorem `HasseWeil.LExp.out_add`:
  [DecidableEq F]
consider restructuring your `variable` declarations so that the variables are not in scope or explicitly omit them:
  omit [DecidableEq F] in theorem ...

Note: This linter can be disabled with `set_option linter.unusedSectionVars false`
warning: ZhangLS/External/HasseWeil/Isogeny/OmegaCoeffViaFormalGroup.lean:525:8: automatically included section variable(s) unused in theorem `HasseWeil.LExp.out_neg`:
  [DecidableEq F]
consider restructuring your `variable` declarations so that the variables are not in scope or explicitly omit them:
  omit [DecidableEq F] in theorem ...

Note: This linter can be disabled with `set_option linter.unusedSectionVars false`
warning: ZhangLS/External/HasseWeil/Isogeny/OmegaCoeffViaFormalGroup.lean:526:8: automatically included section variable(s) unused in theorem `HasseWeil.LExp.out_sub`:
  [DecidableEq F]
consider restructuring your `variable` declarations so that the variables are not in scope or explicitly omit them:
  omit [DecidableEq F] in theorem ...

Note: This linter can be disabled with `set_option linter.unusedSectionVars false`
⚠ [3884/3947] Replayed ZhangLS.External.HasseWeil.HasseBound.SepDegreeWitnesses
warning: ZhangLS/External/HasseWeil/HasseBound/SepDegreeWitnesses.lean:104:0: automatically included section variable(s) unused in theorem `HasseWeil.Conditional.pointValuation_polyToFieldOfInv_le_one`:
  [Fintype K]
  [DecidableEq K]
consider restructuring your `variable` declarations so that the variables are not in scope or explicitly omit them:
  omit [Fintype K] [DecidableEq K] in theorem ...

Note: This linter can be disabled with `set_option linter.unusedSectionVars false`
warning: ZhangLS/External/HasseWeil/HasseBound/SepDegreeWitnesses.lean:287:0: automatically included section variable(s) unused in theorem `HasseWeil.Conditional.ordAtInfty_polyToFieldOfInv_nonneg`:
  [Fintype K]
consider restructuring your `variable` declarations so that the variables are not in scope or explicitly omit them:
  omit [Fintype K] in theorem ...

Note: This linter can be disabled with `set_option linter.unusedSectionVars false`
warning: ZhangLS/External/HasseWeil/HasseBound/SepDegreeWitnesses.lean:344:0: automatically included section variable(s) unused in theorem `HasseWeil.Conditional.ord_finset_sum_strict_gt`:
  [Fintype K]
  [DecidableEq K]
consider restructuring your `variable` declarations so that the variables are not in scope or explicitly omit them:
  omit [Fintype K] [DecidableEq K] in theorem ...

Note: This linter can be disabled with `set_option linter.unusedSectionVars false`
warning: ZhangLS/External/HasseWeil/HasseBound/SepDegreeWitnesses.lean:3228:0: automatically included section variable(s) unused in theorem `HasseWeil.ker_oneSubGeomFrobHom_setOfFixed_card_eq_pointCount`:
  [DecidableEq K]
consider restructuring your `variable` declarations so that the variables are not in scope or explicitly omit them:
  omit [DecidableEq K] in theorem ...

Note: This linter can be disabled with `set_option linter.unusedSectionVars false`
warning: ZhangLS/External/HasseWeil/HasseBound/SepDegreeWitnesses.lean:3287:0: automatically included section variable(s) unused in theorem `HasseWeil.geomPoles_oneSubFrob_eq_ker_setOfFixed`:
  [DecidableEq K]
consider restructuring your `variable` declarations so that the variables are not in scope or explicitly omit them:
  omit [DecidableEq K] in theorem ...

Note: This linter can be disabled with `set_option linter.unusedSectionVars false`
⚠ [3885/3947] Replayed ZhangLS.External.HasseWeil.Isogeny.VerschiebungFactorization
warning: ZhangLS/External/HasseWeil/Isogeny/VerschiebungFactorization.lean:51:0: automatically included section variable(s) unused in theorem `HasseWeil.mulByInt_q_pullback_qth_root`:
  [Fintype W.toAffine.Point]
consider restructuring your `variable` declarations so that the variables are not in scope or explicitly omit them:
  omit [Fintype W.toAffine.Point] in theorem ...

Note: This linter can be disabled with `set_option linter.unusedSectionVars false`
warning: ZhangLS/External/HasseWeil/Isogeny/VerschiebungFactorization.lean:260:0: automatically included section variable(s) unused in theorem `HasseWeil.moduleFinite_linfAt_gamma_pullback_x`:
  [Fintype W.toAffine.Point]
consider restructuring your `variable` declarations so that the variables are not in scope or explicitly omit them:
  omit [Fintype W.toAffine.Point] in theorem ...

Note: This linter can be disabled with `set_option linter.unusedSectionVars false`
warning: ZhangLS/External/HasseWeil/Isogeny/VerschiebungFactorization.lean:304:0: automatically included section variable(s) unused in theorem `HasseWeil.projectiveDivisorOf_pullback_x_gen_eq_neg_two_of_two_torsion_witness`:
  [Fintype W.toAffine.Point]
consider restructuring your `variable` declarations so that the variables are not in scope or explicitly omit them:
  omit [Fintype W.toAffine.Point] in theorem ...

Note: This linter can be disabled with `set_option linter.unusedSectionVars false`
warning: ZhangLS/External/HasseWeil/Isogeny/VerschiebungFactorization.lean:655:0: automatically included section variable(s) unused in theorem `HasseWeil.isogOneSub_negFrobenius_sepDegree_eq_card_emb`:
  [Fintype W.toAffine.Point]
consider restructuring your `variable` declarations so that the variables are not in scope or explicitly omit them:
  omit [Fintype W.toAffine.Point] in theorem ...

Note: This linter can be disabled with `set_option linter.unusedSectionVars false`
warning: ZhangLS/External/HasseWeil/Isogeny/VerschiebungFactorization.lean:711:8: automatically included section variable(s) unused in theorem `HasseWeil.isogOneSub_negFrobenius_embToPointOmega_eq`:
  [Fintype W.toAffine.Point]
consider restructuring your `variable` declarations so that the variables are not in scope or explicitly omit them:
  omit [Fintype W.toAffine.Point] in theorem ...

Note: This linter can be disabled with `set_option linter.unusedSectionVars false`
warning: ZhangLS/External/HasseWeil/Isogeny/VerschiebungFactorization.lean:744:0: automatically included section variable(s) unused in theorem `HasseWeil.frobenius_fixedPoint_iff_mem_baseField_gen`:
  [DecidableEq K]
consider restructuring your `variable` declarations so that the variables are not in scope or explicitly omit them:
  omit [DecidableEq K] in theorem ...

Note: This linter can be disabled with `set_option linter.unusedSectionVars false`
warning: ZhangLS/External/HasseWeil/Isogeny/VerschiebungFactorization.lean:784:0: automatically included section variable(s) unused in theorem `HasseWeil.algHom_ext_x_y_gen_omega`:
  [Fintype K]
  [DecidableEq K]
  [WeierstrassCurve.IsElliptic W.toAffine]
  [Fintype W.toAffine.Point]
consider restructuring your `variable` declarations so that the variables are not in scope or explicitly omit them:
  omit [Fintype K] [DecidableEq K] [WeierstrassCurve.IsElliptic W.toAffine] [Fintype W.toAffine.Point] in theorem ...

Note: This linter can be disabled with `set_option linter.unusedSectionVars false`
warning: ZhangLS/External/HasseWeil/Isogeny/VerschiebungFactorization.lean:805:0: automatically included section variable(s) unused in theorem `HasseWeil.embCurveBaseChange`:
  [Fintype K]
  [DecidableEq K]
  [WeierstrassCurve.IsElliptic W.toAffine]
  [Fintype W.toAffine.Point]
consider restructuring your `variable` declarations so that the variables are not in scope or explicitly omit them:
  omit [Fintype K] [DecidableEq K] [WeierstrassCurve.IsElliptic W.toAffine] [Fintype W.toAffine.Point] in theorem ...

Note: This linter can be disabled with `set_option linter.unusedSectionVars false`
warning: ZhangLS/External/HasseWeil/Isogeny/VerschiebungFactorization.lean:824:0: automatically included section variable(s) unused in theorem `HasseWeil.embFixesPullbackRange`:
  [Fintype W.toAffine.Point]
consider restructuring your `variable` declarations so that the variables are not in scope or explicitly omit them:
  omit [Fintype W.toAffine.Point] in theorem ...

Note: This linter can be disabled with `set_option linter.unusedSectionVars false`
warning: ZhangLS/External/HasseWeil/Isogeny/VerschiebungFactorization.lean:839:0: automatically included section variable(s) unused in theorem `HasseWeil.embAgreeOnPullbackRange`:
  [Fintype W.toAffine.Point]
consider restructuring your `variable` declarations so that the variables are not in scope or explicitly omit them:
  omit [Fintype W.toAffine.Point] in theorem ...

Note: This linter can be disabled with `set_option linter.unusedSectionVars false`
warning: ZhangLS/External/HasseWeil/Isogeny/VerschiebungFactorization.lean:933:0: automatically included section variable(s) unused in theorem `HasseWeil.includePtOmega_injective`:
  [Fintype K]
  [DecidableEq K]
  [WeierstrassCurve.IsElliptic W.toAffine]
  [Fintype W.toAffine.Point]
consider restructuring your `variable` declarations so that the variables are not in scope or explicitly omit them:
  omit [Fintype K] [DecidableEq K] [WeierstrassCurve.IsElliptic W.toAffine] [Fintype W.toAffine.Point] in theorem ...

Note: This linter can be disabled with `set_option linter.unusedSectionVars false`
warning: ZhangLS/External/HasseWeil/Isogeny/VerschiebungFactorization.lean:951:8: automatically included section variable(s) unused in theorem `HasseWeil.includePtOmega_some`:
  [Fintype K]
  [DecidableEq K]
  [WeierstrassCurve.IsElliptic W.toAffine]
  [Fintype W.toAffine.Point]
consider restructuring your `variable` declarations so that the variables are not in scope or explicitly omit them:
  omit [Fintype K] [DecidableEq K] [WeierstrassCurve.IsElliptic W.toAffine] [Fintype W.toAffine.Point] in theorem ...

Note: This linter can be disabled with `set_option linter.unusedSectionVars false`
warning: ZhangLS/External/HasseWeil/Isogeny/VerschiebungFactorization.lean:961:0: automatically included section variable(s) unused in theorem `HasseWeil.geomFrobOmega_some`:
  [DecidableEq K]
  [WeierstrassCurve.IsElliptic W.toAffine]
  [Fintype W.toAffine.Point]
consider restructuring your `variable` declarations so that the variables are not in scope or explicitly omit them:
  omit [DecidableEq K] [WeierstrassCurve.IsElliptic W.toAffine] [Fintype W.toAffine.Point] in theorem ...

Note: This linter can be disabled with `set_option linter.unusedSectionVars false`
warning: ZhangLS/External/HasseWeil/Isogeny/VerschiebungFactorization.lean:997:0: automatically included section variable(s) unused in theorem `HasseWeil.map_sigma_frob_comm`:
  [DecidableEq K]
  [WeierstrassCurve.IsElliptic W.toAffine]
  [Fintype W.toAffine.Point]
consider restructuring your `variable` declarations so that the variables are not in scope or explicitly omit them:
  omit [DecidableEq K] [WeierstrassCurve.IsElliptic W.toAffine] [Fintype W.toAffine.Point] in theorem ...

Note: This linter can be disabled with `set_option linter.unusedSectionVars false`
warning: ZhangLS/External/HasseWeil/Isogeny/VerschiebungFactorization.lean:1031:0: automatically included section variable(s) unused in theorem `HasseWeil.map_emb_generic_sub_frob_eq_of_agree`:
  [Fintype W.toAffine.Point]
consider restructuring your `variable` declarations so that the variables are not in scope or explicitly omit them:
  omit [Fintype W.toAffine.Point] in theorem ...

Note: This linter can be disabled with `set_option linter.unusedSectionVars false`
warning: ZhangLS/External/HasseWeil/Isogeny/VerschiebungFactorization.lean:1056:0: automatically included section variable(s) unused in theorem `HasseWeil.map_genericPoint_eq_some`:
  [Fintype K]
  [Fintype W.toAffine.Point]
consider restructuring your `variable` declarations so that the variables are not in scope or explicitly omit them:
  omit [Fintype K] [Fintype W.toAffine.Point] in theorem ...

Note: This linter can be disabled with `set_option linter.unusedSectionVars false`
warning: ZhangLS/External/HasseWeil/Isogeny/VerschiebungFactorization.lean:1302:0: automatically included section variable(s) unused in theorem `HasseWeil.genuine_dual_comp_toAddMonoidHom_eq_mulByInt`:
  [Fintype W.toAffine.Point]
consider restructuring your `variable` declarations so that the variables are not in scope or explicitly omit them:
  omit [Fintype W.toAffine.Point] in theorem ...

Note: This linter can be disabled with `set_option linter.unusedSectionVars false`
warning: ZhangLS/External/HasseWeil/Isogeny/VerschiebungFactorization.lean:1396:0: automatically included section variable(s) unused in theorem `HasseWeil.genuine_isogeny_ext_pullback`:
  [Fintype K]
  [Fintype W.toAffine.Point]
consider restructuring your `variable` declarations so that the variables are not in scope or explicitly omit them:
  omit [Fintype K] [Fintype W.toAffine.Point] in theorem ...

Note: This linter can be disabled with `set_option linter.unusedSectionVars false`
warning: ZhangLS/External/HasseWeil/Isogeny/VerschiebungFactorization.lean:1433:0: automatically included section variable(s) unused in theorem `HasseWeil.zsmulPointHom_apply`:
  [Fintype K]
  [DecidableEq K]
  [WeierstrassCurve.IsElliptic W.toAffine]
  [Fintype W.toAffine.Point]
consider restructuring your `variable` declarations so that the variables are not in scope or explicitly omit them:
  omit [Fintype K] [DecidableEq K] [WeierstrassCurve.IsElliptic W.toAffine] [Fintype W.toAffine.Point] in theorem ...

Note: This linter can be disabled with `set_option linter.unusedSectionVars false`
warning: ZhangLS/External/HasseWeil/Isogeny/VerschiebungFactorization.lean:1440:0: automatically included section variable(s) unused in theorem `HasseWeil.mulByInt_isGenuineWith`:
  [Fintype K]
  [Fintype W.toAffine.Point]
consider restructuring your `variable` declarations so that the variables are not in scope or explicitly omit them:
  omit [Fintype K] [Fintype W.toAffine.Point] in theorem ...

Note: This linter can be disabled with `set_option linter.unusedSectionVars false`
warning: ZhangLS/External/HasseWeil/Isogeny/VerschiebungFactorization.lean:1463:0: automatically included section variable(s) unused in theorem `HasseWeil.frobeniusIsog_isGenuineWith`:
  [Fintype W.toAffine.Point]
consider restructuring your `variable` declarations so that the variables are not in scope or explicitly omit them:
  omit [Fintype W.toAffine.Point] in theorem ...

Note: This linter can be disabled with `set_option linter.unusedSectionVars false`
warning: ZhangLS/External/HasseWeil/Isogeny/VerschiebungFactorization.lean:1488:0: automatically included section variable(s) unused in theorem `HasseWeil.zsmul_frobeniusIsog_isGenuineWith`:
  [Fintype W.toAffine.Point]
consider restructuring your `variable` declarations so that the variables are not in scope or explicitly omit them:
  omit [Fintype W.toAffine.Point] in theorem ...

Note: This linter can be disabled with `set_option linter.unusedSectionVars false`
warning: ZhangLS/External/HasseWeil/Isogeny/VerschiebungFactorization.lean:1536:0: automatically included section variable(s) unused in theorem `HasseWeil.addIsog_isGenuineWith`:
  [Fintype K]
  [Fintype W.toAffine.Point]
consider restructuring your `variable` declarations so that the variables are not in scope or explicitly omit them:
  omit [Fintype K] [Fintype W.toAffine.Point] in theorem ...

Note: This linter can be disabled with `set_option linter.unusedSectionVars false`
warning: ZhangLS/External/HasseWeil/Isogeny/VerschiebungFactorization.lean:1604:0: automatically included section variable(s) unused in theorem `HasseWeil.genuineIsogSmulSub_omegaPullbackCoeff`:
  [Fintype W.toAffine.Point]
consider restructuring your `variable` declarations so that the variables are not in scope or explicitly omit them:
  omit [Fintype W.toAffine.Point] in theorem ...

Note: This linter can be disabled with `set_option linter.unusedSectionVars false`
warning: ZhangLS/External/HasseWeil/Isogeny/VerschiebungFactorization.lean:1905:0: automatically included section variable(s) unused in theorem `HasseWeil.genuineIsogSmulSub_degree_pos`:
  [Fintype W.toAffine.Point]
consider restructuring your `variable` declarations so that the variables are not in scope or explicitly omit them:
  omit [Fintype W.toAffine.Point] in theorem ...

Note: This linter can be disabled with `set_option linter.unusedSectionVars false`
warning: ZhangLS/External/HasseWeil/Isogeny/VerschiebungFactorization.lean:1918:0: automatically included section variable(s) unused in theorem `HasseWeil.genuineIsogSmulSub_degree_eq_signed_of_pivot_witness`:
  [Fintype W.toAffine.Point]
consider restructuring your `variable` declarations so that the variables are not in scope or explicitly omit them:
  omit [Fintype W.toAffine.Point] in theorem ...

Note: This linter can be disabled with `set_option linter.unusedSectionVars false`
warning: ZhangLS/External/HasseWeil/Isogeny/VerschiebungFactorization.lean:2037:0: automatically included section variable(s) unused in theorem `HasseWeil.degree_quadratic_exists_edge_of_witness`:
  [Fintype W.toAffine.Point]
consider restructuring your `variable` declarations so that the variables are not in scope or explicitly omit them:
  omit [Fintype W.toAffine.Point] in theorem ...

Note: This linter can be disabled with `set_option linter.unusedSectionVars false`
warning: ZhangLS/External/HasseWeil/Isogeny/VerschiebungFactorization.lean:2097:0: automatically included section variable(s) unused in theorem `HasseWeil.qf_nonneg_skeleton_of_pivot_chain`:
  [Fintype W.toAffine.Point]
consider restructuring your `variable` declarations so that the variables are not in scope or explicitly omit them:
  omit [Fintype W.toAffine.Point] in theorem ...

Note: This linter can be disabled with `set_option linter.unusedSectionVars false`
⚠ [4019/4693] Replayed ZhangLS.External.HasseWeil.HasseBound.WeilPairing.Constancy
warning: ZhangLS/External/HasseWeil/HasseBound/WeilPairing/Constancy.lean:37:0: automatically included section variable(s) unused in theorem `HasseWeil.WeilPairing.const_of_projectiveDivisorOf_eq_zero`:
  [DecidableEq F]
consider restructuring your `variable` declarations so that the variables are not in scope or explicitly omit them:
  omit [DecidableEq F] in theorem ...

Note: This linter can be disabled with `set_option linter.unusedSectionVars false`
⚠ [4028/4693] Replayed ZhangLS.External.HasseWeil.Pic0.ClassGroupNorm
warning: ZhangLS/External/HasseWeil/Pic0/ClassGroupNorm.lean:48:8: automatically included section variable(s) unused in theorem `_private.ZhangLS.External.HasseWeil.Pic0.ClassGroupNorm.0.HasseWeil.fraction_finrank_eq`:
  [IsIntegrallyClosed R]
  [IsDedekindDomain R]
  [IsIntegrallyClosed S]
  [IsDedekindDomain S]
consider restructuring your `variable` declarations so that the variables are not in scope or explicitly omit them:
  omit [IsIntegrallyClosed R] [IsDedekindDomain R] [IsIntegrallyClosed S] [IsDedekindDomain S] in theorem ...

Note: This linter can be disabled with `set_option linter.unusedSectionVars false`
⚠ [4032/4693] Replayed ZhangLS.External.HasseWeil.Pic0.PicDual
warning: ZhangLS/External/HasseWeil/Pic0/PicDual.lean:675:0: automatically included section variable(s) unused in theorem `HasseWeil.Isogeny.eq_of_comp_eq_of_surjective`:
  [WeierstrassCurve.IsElliptic E]
consider restructuring your `variable` declarations so that the variables are not in scope or explicitly omit them:
  omit [WeierstrassCurve.IsElliptic E] in theorem ...

Note: This linter can be disabled with `set_option linter.unusedSectionVars false`
⚠ [4058/4693] Replayed ZhangLS.External.HasseWeil.HasseBound.WeilPairing.FrobeniusGenericCovariance
warning: ZhangLS/External/HasseWeil/HasseBound/WeilPairing/FrobeniusGenericCovariance.lean:141:0: automatically included section variable(s) unused in theorem `HasseWeil.WeilPairing.frobeniusGenericCovariance_lift_twist`:
  [DecidableEq K]
  [WeierstrassCurve.IsElliptic (W⁄(AlgebraicClosure K)).toAffine]
consider restructuring your `variable` declarations so that the variables are not in scope or explicitly omit them:
  omit [DecidableEq K] [WeierstrassCurve.IsElliptic (W⁄(AlgebraicClosure K)).toAffine] in theorem ...

Note: This linter can be disabled with `set_option linter.unusedSectionVars false`
⚠ [4067/4693] Replayed ZhangLS.External.HasseWeil.HasseBound.WeilPairing.FrobeniusDivisorGalois
warning: ZhangLS/External/HasseWeil/HasseBound/WeilPairing/FrobeniusDivisorGalois.lean:312:0: automatically included section variable(s) unused in theorem `HasseWeil.WeilPairing.geomFrobeniusPointFun_geomFrobSmoothPointInv`:
  [DecidableEq K]
consider restructuring your `variable` declarations so that the variables are not in scope or explicitly omit them:
  omit [DecidableEq K] in theorem ...

Note: This linter can be disabled with `set_option linter.unusedSectionVars false`
warning: ZhangLS/External/HasseWeil/HasseBound/WeilPairing/FrobeniusDivisorGalois.lean:389:0: automatically included section variable(s) unused in theorem `HasseWeil.WeilPairing.pullbackDiv_geomFrob_infinity`:
  [DecidableEq K]
consider restructuring your `variable` declarations so that the variables are not in scope or explicitly omit them:
  omit [DecidableEq K] in theorem ...

Note: This linter can be disabled with `set_option linter.unusedSectionVars false`
⚠ [4068/4693] Replayed ZhangLS.External.HasseWeil.HasseBound.WeilPairing.OneSubAffineResidues
warning: ZhangLS/External/HasseWeil/HasseBound/WeilPairing/OneSubAffineResidues.lean:524:8: automatically included section variable(s) unused in theorem `_private.ZhangLS.External.HasseWeil.HasseBound.WeilPairing.OneSubAffineResidues.0.HasseWeil.WeilPairing.natCast_card_eq_zero_functionField`:
  [DecidableEq K]
  [WeierstrassCurve.IsElliptic W.toAffine]
  [WeierstrassCurve.IsElliptic (W⁄(AlgebraicClosure K)).toAffine]
consider restructuring your `variable` declarations so that the variables are not in scope or explicitly omit them:
  omit [DecidableEq
  K] [WeierstrassCurve.IsElliptic
  W.toAffine] [WeierstrassCurve.IsElliptic (W⁄(AlgebraicClosure K)).toAffine] in theorem ...

Note: This linter can be disabled with `set_option linter.unusedSectionVars false`
warning: ZhangLS/External/HasseWeil/HasseBound/WeilPairing/OneSubAffineResidues.lean:629:8: automatically included section variable(s) unused in theorem `_private.ZhangLS.External.HasseWeil.HasseBound.WeilPairing.OneSubAffineResidues.0.HasseWeil.WeilPairing.ord_P_alpha_star_u_id_eq_zero`:
  [Fintype K]
  [DecidableEq K]
  [WeierstrassCurve.IsElliptic W.toAffine]
consider restructuring your `variable` declarations so that the variables are not in scope or explicitly omit them:
  omit [Fintype K] [DecidableEq K] [WeierstrassCurve.IsElliptic W.toAffine] in theorem ...

Note: This linter can be disabled with `set_option linter.unusedSectionVars false`
warning: ZhangLS/External/HasseWeil/HasseBound/WeilPairing/OneSubAffineResidues.lean:694:8: automatically included section variable(s) unused in theorem `_private.ZhangLS.External.HasseWeil.HasseBound.WeilPairing.OneSubAffineResidues.0.HasseWeil.WeilPairing.addSlopePair_comm_of_pullback_x_ne`:
  [Fintype K]
  [DecidableEq K]
  [WeierstrassCurve.IsElliptic W.toAffine]
consider restructuring your `variable` declarations so that the variables are not in scope or explicitly omit them:
  omit [Fintype K] [DecidableEq K] [WeierstrassCurve.IsElliptic W.toAffine] in theorem ...

Note: This linter can be disabled with `set_option linter.unusedSectionVars false`
⚠ [4073/4693] Replayed ZhangLS.External.HasseWeil.HasseBound.WeilPairing.PencilComapPointValuation
warning: ZhangLS/External/HasseWeil/HasseBound/WeilPairing/PencilComapPointValuation.lean:1652:10: This simp argument is unused:
  zero_smul

Hint: Omit it from the simp argument list.
  simp [z̵e̵r̵o̵_̵s̵m̵u̵l̵,̵ ̵neg_smul]

Note: This linter can be disabled with `set_option linter.unusedSimpArgs false`
⚠ [4075/4693] Replayed ZhangLS.External.HasseWeil.HasseBound.WeilPairing.Scaling.OneSubTransport
warning: ZhangLS/External/HasseWeil/HasseBound/WeilPairing/Scaling/OneSubTransport.lean:254:0: automatically included section variable(s) unused in theorem `HasseWeil.WeilPairing.comapPointValuationWitness_oneSub`:
  [Fintype W.toAffine.Point]
consider restructuring your `variable` declarations so that the variables are not in scope or explicitly omit them:
  omit [Fintype W.toAffine.Point] in theorem ...

Note: This linter can be disabled with `set_option linter.unusedSectionVars false`
⚠ [4077/4693] Replayed ZhangLS.Spec.Lemma44CharacterProduct
warning: ZhangLS/Spec/Lemma44CharacterProduct.lean:55:38: This simp argument is unused:
  mul_comm

Hint: Omit it from the simp argument list.
  simp [̵m̵u̵l̵_̵c̵o̵m̵m̵,̵ ̵m̵u̵l̵_̵l̵e̵f̵t̵_̵c̵o̵m̵m̵,̵[̲m̲u̲l̲_̲l̲e̲f̲t̲_̲c̲o̲m̲m̲,̲ mul_assoc]

Note: This linter can be disabled with `set_option linter.unusedSimpArgs false`
warning: ZhangLS/Spec/Lemma44CharacterProduct.lean:55:48: This simp argument is unused:
  mul_left_comm

Hint: Omit it from the simp argument list.
  simp [mul_comm, mul_l̵e̵f̵t̵_̵c̵o̵m̵m̵,̵ ̵m̵u̵l̵_̵assoc]

Note: This linter can be disabled with `set_option linter.unusedSimpArgs false`
⚠ [4102/4693] Replayed ZhangLS.Spec.Lemma23AnalyticLogBranch
warning: ZhangLS/Spec/Lemma23AnalyticLogBranch.lean:42:53: try 'simp' instead of 'simpa'

Note: This linter can be disabled with `set_option linter.unnecessarySimpa false`
warning: ZhangLS/Spec/Lemma23AnalyticLogBranch.lean:67:44: try 'simp' instead of 'simpa'

Note: This linter can be disabled with `set_option linter.unnecessarySimpa false`
⚠ [4115/4693] Replayed ZhangLS.Spec.Lemma23DirichletConjugation
warning: ZhangLS/Spec/Lemma23DirichletConjugation.lean:23:0: automatically included section variable(s) unused in theorem `ZhangLS.Spec.dirichletLSeries_inv_eq_conj_at_conj`:
  [NeZero N]
consider restructuring your `variable` declarations so that the variables are not in scope or explicitly omit them:
  omit [NeZero N] in theorem ...

Note: This linter can be disabled with `set_option linter.unusedSectionVars false`
⚠ [4117/4693] Replayed ZhangLS.Spec.Lemma23PrimitiveGaussSum
warning: ZhangLS/Spec/Lemma23PrimitiveGaussSum.lean:42:19: Used `tac1 <;> tac2` where `(tac1; tac2)` would suffice

Note: This linter can be disabled with `set_option linter.unnecessarySeqFocus false`
⚠ [4118/4693] Replayed ZhangLS.Spec.Lemma23DirichletUnitModulus
warning: ZhangLS/Spec/Lemma23DirichletUnitModulus.lean:112:48: Used `tac1 <;> tac2` where `(tac1; tac2)` would suffice

Note: This linter can be disabled with `set_option linter.unnecessarySeqFocus false`
⚠ [4245/4693] Replayed ZhangLS.Spec.Lemma44ProductMellin
warning: ZhangLS/Spec/Lemma44ProductMellin.lean:144:4: try 'simp' instead of 'simpa'

Note: This linter can be disabled with `set_option linter.unnecessarySimpa false`
⚠ [4249/4693] Replayed ZhangLS.Spec.Lemma44RightMellinApproximation
warning: ZhangLS/Spec/Lemma44RightMellinApproximation.lean:37:4: try 'simp' instead of 'simpa'

Note: This linter can be disabled with `set_option linter.unnecessarySimpa false`
⚠ [4253/4693] Replayed ZhangLS.Spec.Lemma44ReflectedLongSum
warning: ZhangLS/Spec/Lemma44ReflectedLongSum.lean:81:64: Used `tac1 <;> tac2` where `(tac1; tac2)` would suffice

Note: This linter can be disabled with `set_option linter.unnecessarySeqFocus false`
⚠ [4256/4693] Replayed ZhangLS.Spec.Lemma44InitialLeftEstimates
warning: ZhangLS/Spec/Lemma44InitialLeftEstimates.lean:68:23: Used `tac1 <;> tac2` where `(tac1; tac2)` would suffice

Note: This linter can be disabled with `set_option linter.unnecessarySeqFocus false`
⚠ [4259/4693] Replayed ZhangLS.Spec.Lemma44ComplexCharacterAbel
warning: ZhangLS/Spec/Lemma44ComplexCharacterAbel.lean:73:56: unused variable `hD`

Note: This linter can be disabled with `set_option linter.unusedVariables false`
⚠ [4260/4693] Replayed ZhangLS.Spec.Lemma44HorizontalGrowth
warning: ZhangLS/Spec/Lemma44HorizontalGrowth.lean:147:6: 'push_cast' tactic does nothing

Note: This linter can be disabled with `set_option linter.unusedTactic false`
⚠ [4262/4693] Replayed ZhangLS.Spec.Lemma44GaussianVerticalTail
info: ZhangLS/Spec/Lemma44GaussianVerticalTail.lean:41:4: Try this:
  [apply] ring_nf
  
  The `ring` tactic failed to close the goal. Use `ring_nf` to obtain a normal form.
    
  Note that `ring` works primarily in *commutative* rings. If you have a noncommutative ring, abelian group or module, consider using `noncomm_ring`, `abel` or `module` instead.
info: ZhangLS/Spec/Lemma44GaussianVerticalTail.lean:57:16: Try this:
  [apply] ring_nf
  
  The `ring` tactic failed to close the goal. Use `ring_nf` to obtain a normal form.
    
  Note that `ring` works primarily in *commutative* rings. If you have a noncommutative ring, abelian group or module, consider using `noncomm_ring`, `abel` or `module` instead.
warning: ZhangLS/Spec/Lemma44GaussianVerticalTail.lean:57:12: Used `tac1 <;> tac2` where `(tac1; tac2)` would suffice

Note: This linter can be disabled with `set_option linter.unnecessarySeqFocus false`
warning: ZhangLS/Spec/Lemma44GaussianVerticalTail.lean:68:22: Used `tac1 <;> tac2` where `(tac1; tac2)` would suffice

Note: This linter can be disabled with `set_option linter.unnecessarySeqFocus false`
info: ZhangLS/Spec/Lemma44GaussianVerticalTail.lean:153:35: Try this:
  [apply] ring_nf
  
  The `ring` tactic failed to close the goal. Use `ring_nf` to obtain a normal form.
    
  Note that `ring` works primarily in *commutative* rings. If you have a noncommutative ring, abelian group or module, consider using `noncomm_ring`, `abel` or `module` instead.
⚠ [4263/4693] Replayed ZhangLS.Spec.Lemma44LocalRectangle
warning: ZhangLS/Spec/Lemma44LocalRectangle.lean:115:46: This simp argument is unused:
  zero_mul

Hint: Omit it from the simp argument list.
  simp only [mem_reProdIm, mem_Icc, sub_re, sub_im, ofReal_re, ofReal_im, mul_re, mul_im, I_re,
  ̲  ̲ ̲ ̲ ̲ ̲ ̲ ̲I_im, mul_zero, z̵e̵r̵o̵_̵m̵u̵l̵,̵ ̵mul_one, zero_add, sub_zero]

Note: This linter can be disabled with `set_option linter.unusedSimpArgs false`
warning: ZhangLS/Spec/Lemma44LocalRectangle.lean:115:65: This simp argument is unused:
  zero_add

Hint: Omit it from the simp argument list.
  simp only [mem_reProdIm, mem_Icc, sub_re, sub_im, ofReal_re, ofReal_im, mul_re, mul_im, I_re,
  ̲  ̲ ̲ ̲ ̲ ̲ ̲ ̲I_im, mul_zero, zero_mul, mul_one, z̵e̵r̵o̵_̵a̵d̵d̵,̵ ̵sub_zero]

Note: This linter can be disabled with `set_option linter.unusedSimpArgs false`
⚠ [4266/4693] Replayed ZhangLS.Spec.Lemma44HorizontalIntegrals
warning: ZhangLS/Spec/Lemma44HorizontalIntegrals.lean:18:5: unused variable `hK`

Note: This linter can be disabled with `set_option linter.unusedVariables false`
⚠ [4267/4693] Replayed ZhangLS.Spec.Lemma44ReflectedPolynomialContours
warning: ZhangLS/Spec/Lemma44ReflectedPolynomialContours.lean:152:64: This simp argument is unused:
  mul_left_comm

Hint: Omit it from the simp argument list.
  simp only [sub_eq_add_neg, add_comm, add_left_comm, mul_comm, mul_l̵e̵f̵t̵_̵c̵o̵m̵m̵,̵ ̵m̵u̵l̵_̵assoc] at hc ⊢

Note: This linter can be disabled with `set_option linter.unusedSimpArgs false`
warning: ZhangLS/Spec/Lemma44ReflectedPolynomialContours.lean:152:79: This simp argument is unused:
  mul_assoc

Hint: Omit it from the simp argument list.
  simp only [sub_eq_add_neg, add_comm, add_left_comm, mul_comm, mul_left_comm,̵ ̵m̵u̵l̵_̵a̵s̵s̵o̵c̵] at hc ⊢

Note: This linter can be disabled with `set_option linter.unusedSimpArgs false`
⚠ [4271/4693] Replayed ZhangLS.Spec.Lemma45Normalization
warning: ZhangLS/Spec/Lemma45Normalization.lean:90:8: 'ring' tactic does nothing

Note: This linter can be disabled with `set_option linter.unusedTactic false`
warning: ZhangLS/Spec/Lemma45Normalization.lean:90:8: this tactic is never executed

Note: This linter can be disabled with `set_option linter.unreachableTactic false`
⚠ [4289/4693] Replayed ZhangLS.Spec.Lemma46SingleZero
warning: ZhangLS/Spec/Lemma46SingleZero.lean:33:10: This simp argument is unused:
  mem_sphere

Hint: Omit it from the simp argument list.
  simp [m̵e̵m̵_̵s̵p̵h̵e̵r̵e̵,̵ ̵dist_zero_right, abs_of_pos hR]

Note: This linter can be disabled with `set_option linter.unusedSimpArgs false`
warning: ZhangLS/Spec/Lemma46SingleZero.lean:33:22: This simp argument is unused:
  dist_zero_right

Hint: Omit it from the simp argument list.
  simp [mem_sphere, d̵i̵s̵t̵_̵z̵e̵r̵o̵_̵r̵i̵g̵h̵t̵,̵ ̵abs_of_pos hR]

Note: This linter can be disabled with `set_option linter.unusedSimpArgs false`
⚠ [4297/4693] Replayed ZhangLS.Spec.Lemma31CharacterAbel
warning: ZhangLS/Spec/Lemma31CharacterAbel.lean:23:26: unused variable `hN`

Note: This linter can be disabled with `set_option linter.unusedVariables false`
⚠ [4317/4693] Replayed ZhangLS.Spec.Lemma32Geometric
warning: ZhangLS/Spec/Lemma32Geometric.lean:13:2: 'norm_num [Nat.factorial] at h' tactic does nothing

Note: This linter can be disabled with `set_option linter.unusedTactic false`
⚠ [4319/4693] Replayed ZhangLS.Spec.Lemma32EulerFactors
warning: ZhangLS/Spec/Lemma32EulerFactors.lean:34:2: 'all_goals ring' tactic does nothing

Note: This linter can be disabled with `set_option linter.unusedTactic false`
warning: ZhangLS/Spec/Lemma32EulerFactors.lean:34:12: this tactic is never executed

Note: This linter can be disabled with `set_option linter.unreachableTactic false`
warning: ZhangLS/Spec/Lemma32EulerFactors.lean:44:2: 'all_goals ring' tactic does nothing

Note: This linter can be disabled with `set_option linter.unusedTactic false`
warning: ZhangLS/Spec/Lemma32EulerFactors.lean:44:12: this tactic is never executed

Note: This linter can be disabled with `set_option linter.unreachableTactic false`
⚠ [4331/4693] Replayed ZhangLS.Spec.Lemma32AnalyticCorrection
warning: ZhangLS/Spec/Lemma32AnalyticCorrection.lean:26:48: unused variable `hD`

Note: This linter can be disabled with `set_option linter.unusedVariables false`
⚠ [4339/4693] Replayed ZhangLS.Spec.Lemma32SmoothingCircle
warning: ZhangLS/Spec/Lemma32SmoothingCircle.lean:22:10: This simp argument is unused:
  norm_mul

Hint: Omit it from the simp argument list.
  simp [̵n̵o̵r̵m̵_̵m̵u̵l̵,̵C̵o̵m̵p̵l̵e̵x̵.̵n̵o̵r̵m̵_̵r̵e̵a̵l̵,̵a̵b̵s̵_̵o̵f̵_̵p̵o̵s̵[̲C̲o̲m̲p̲l̲e̲x̲.̲n̲o̲r̲m̲_̲r̲e̲a̲l̲,̲ ̲a̲b̲s̲_̲o̲f̲_̲p̲o̲s̲ hl0]

Note: This linter can be disabled with `set_option linter.unusedSimpArgs false`
⚠ [4340/4693] Replayed ZhangLS.Spec.Lemma32CircleIntegrand
warning: ZhangLS/Spec/Lemma32CircleIntegrand.lean:40:65: 'positivity' tactic does nothing

Note: This linter can be disabled with `set_option linter.unusedTactic false`
warning: ZhangLS/Spec/Lemma32CircleIntegrand.lean:40:65: this tactic is never executed

Note: This linter can be disabled with `set_option linter.unreachableTactic false`
⚠ [4349/4693] Replayed ZhangLS.Spec.Lemma32CorrectionProduct
warning: ZhangLS/Spec/Lemma32CorrectionProduct.lean:8:57: unused variable `χ`

Note: This linter can be disabled with `set_option linter.unusedVariables false`
⚠ [4363/4693] Replayed ZhangLS.Spec.Lemma32DivisorGcdAverage
warning: ZhangLS/Spec/Lemma32DivisorGcdAverage.lean:15:57: This simp argument is unused:
  and_assoc

Hint: Omit it from the simp argument list.
  simp [Nat.mem_divisors, Nat.dvd_gcd_iff, hD.ne', hg,̵ ̵a̵n̵d̵_̵a̵s̵s̵o̵c̵]

Note: This linter can be disabled with `set_option linter.unusedSimpArgs false`
⚠ [4367/4693] Replayed ZhangLS.Spec.Lemma32SymmetricTriangleSum
warning: ZhangLS/Spec/Lemma32SymmetricTriangleSum.lean:35:59: This simp argument is unused:
  hf

Hint: Omit it from the simp argument list.
  simp_all ̵[̵h̵f̵]̵

Note: This linter can be disabled with `set_option linter.unusedSimpArgs false`
⚠ [4385/4693] Replayed ZhangLS.Spec.Lemma33Fourier
warning: ZhangLS/Spec/Lemma33Fourier.lean:79:12: This simp argument is unused:
  Complex.star_def

Hint: Omit it from the simp argument list.
  simp [̵C̵o̵m̵p̵l̵e̵x̵.̵s̵t̵a̵r̵_̵d̵e̵f̵,̵←̵ ̵C̵o̵m̵p̵l̵e̵x̵.̵n̵o̵r̵m̵S̵q̵_̵e̵q̵_̵c̵o̵n̵j̵_̵m̵u̵l̵_̵s̵e̵l̵f̵,̵C̵o̵m̵p̵l̵e̵x̵.̵n̵o̵r̵m̵S̵q̵_̵e̵q̵_̵n̵o̵r̵m̵_̵s̵q̵]̵[̲←̲ ̲C̲o̲m̲p̲l̲e̲x̲.̲n̲o̲r̲m̲S̲q̲_̲e̲q̲_̲c̲o̲n̲j̲_̲m̲u̲l̲_̲s̲e̲l̲f̲,̲ ̲C̲o̲m̲p̲l̲e̲x̲.̲n̲o̲r̲m̲S̲q̲_̲e̲q̲_̲n̲o̲r̲m̲_̲s̲q̲]̲

Note: This linter can be disabled with `set_option linter.unusedSimpArgs false`
warning: ZhangLS/Spec/Lemma33Fourier.lean:109:8: This simp argument is unused:
  norm_mul

Hint: Omit it from the simp argument list.
  simp [n̵o̵r̵m̵_̵m̵u̵l̵,̵abs_of_pos Real.pi_pos]

Note: This linter can be disabled with `set_option linter.unusedSimpArgs false`
⚠ [4387/4693] Replayed ZhangLS.Spec.Lemma33Fractions
warning: ZhangLS/Spec/Lemma33Fractions.lean:9:32: unused variable `hb`

Note: This linter can be disabled with `set_option linter.unusedVariables false`
⚠ [4388/4693] Replayed ZhangLS.Spec.Lemma33ActualSamples
warning: ZhangLS/Spec/Lemma33ActualSamples.lean:24:24: This simp argument is unused:
  zpow_natCast

Hint: Omit it from the simp argument list.
  simp only [zpow_neg,̵z̵p̵o̵w̵_̵n̵a̵t̵C̵a̵s̵t̵]

Note: This linter can be disabled with `set_option linter.unusedSimpArgs false`
warning: ZhangLS/Spec/Lemma33ActualSamples.lean:48:4: `push_neg` has been deprecated. Prefer using `push Not` instead.
If you'd rather continue using `push_neg` in your project, you can implement it as follows:
```
open Lean.Parser.Tactic in
macro "push_neg" cfg:optConfig loc:(location)? : tactic =>
  `(tactic| push $cfg:optConfig Not $[$loc]?)
```
⚠ [4391/4693] Replayed ZhangLS.Spec.Lemma34TupleConvolution
warning: ZhangLS/Spec/Lemma34TupleConvolution.lean:88:57: This simp argument is unused:
  ArithmeticFunction.one_apply

Hint: Omit it from the simp argument list.
  simp [̵l̵e̵m̵m̵a̵3̵4̵T̵u̵p̵l̵e̵S̵u̵m̵,̵A̵r̵i̵t̵h̵m̵e̵t̵i̵c̵F̵u̵n̵c̵t̵i̵o̵n̵.̵o̵n̵e̵_̵a̵p̵p̵l̵y̵,̵h̵,̵e̵q̵_̵c̵o̵m̵m̵]̵[̲l̲e̲m̲m̲a̲3̲4̲T̲u̲p̲l̲e̲S̲u̲m̲,̲ ̲h̲,̲ ̲e̲q̲_̲c̲o̲m̲m̲]̲

Note: This linter can be disabled with `set_option linter.unusedSimpArgs false`
⚠ [4397/4693] Replayed ZhangLS.Spec.Lemma34IntegralMean
warning: ZhangLS/Spec/Lemma34IntegralMean.lean:41:2: exponent 1600 exceeds the threshold 256, exponentiation operation was not evaluated, use `set_option exponentiation.threshold <num>` to set a new threshold
warning: ZhangLS/Spec/Lemma34IntegralMean.lean:132:16: exponent 1600 exceeds the threshold 256, exponentiation operation was not evaluated, use `set_option exponentiation.threshold <num>` to set a new threshold
⚠ [4398/4693] Replayed ZhangLS.Spec.Lemma34BSecondMoment
warning: ZhangLS/Spec/Lemma34BSecondMoment.lean:47:6: 'change _ = (51208 * C) * M * L ^ 1602' tactic does nothing

Note: This linter can be disabled with `set_option linter.unusedTactic false`
⚠ [4400/4693] Replayed ZhangLS.Spec.Lemma56PrincipalPerronResidue
warning: ZhangLS/Spec/Lemma56PrincipalPerronResidue.lean:88:46: This simp argument is unused:
  zero_mul

Hint: Omit it from the simp argument list.
  simp only [mem_reProdIm, mem_Icc, sub_re, sub_im, ofReal_re, ofReal_im, mul_re, mul_im, I_re,
  ̲  ̲ ̲ ̲ ̲ ̲ ̲ ̲I_im, mul_zero, z̵e̵r̵o̵_̵m̵u̵l̵,̵ ̵mul_one, zero_add, sub_zero]

Note: This linter can be disabled with `set_option linter.unusedSimpArgs false`
warning: ZhangLS/Spec/Lemma56PrincipalPerronResidue.lean:88:65: This simp argument is unused:
  zero_add

Hint: Omit it from the simp argument list.
  simp only [mem_reProdIm, mem_Icc, sub_re, sub_im, ofReal_re, ofReal_im, mul_re, mul_im, I_re,
  ̲  ̲ ̲ ̲ ̲ ̲ ̲ ̲I_im, mul_zero, zero_mul, mul_one, z̵e̵r̵o̵_̵a̵d̵d̵,̵ ̵sub_zero]

Note: This linter can be disabled with `set_option linter.unusedSimpArgs false`
⚠ [4448/4871] Replayed ZhangLS.Spec.Lemma46RoucheLocal
warning: ZhangLS/Spec/Lemma46RoucheLocal.lean:30:5: unused variable `hm`

Note: This linter can be disabled with `set_option linter.unusedVariables false`
⚠ [4449/4871] Replayed ZhangLS.Spec.Lemma46ZeroAnalysis
warning: ZhangLS/Spec/Lemma46ZeroAnalysis.lean:108:39: Used `tac1 <;> tac2` where `(tac1; tac2)` would suffice

Note: This linter can be disabled with `set_option linter.unnecessarySeqFocus false`
warning: ZhangLS/Spec/Lemma46ZeroAnalysis.lean:151:54: unused variable `hc`

Note: This linter can be disabled with `set_option linter.unusedVariables false`
⚠ [4463/4871] Replayed ZhangLS.Spec.Lemma32RegularNumerator
warning: ZhangLS/Spec/Lemma32RegularNumerator.lean:84:6: 'ring' tactic does nothing

Note: This linter can be disabled with `set_option linter.unusedTactic false`
warning: ZhangLS/Spec/Lemma32RegularNumerator.lean:84:6: this tactic is never executed

Note: This linter can be disabled with `set_option linter.unreachableTactic false`
⚠ [4470/4871] Replayed ZhangLS.Spec.Lemma32PrincipalBoundary
warning: ZhangLS/Spec/Lemma32PrincipalBoundary.lean:51:12: This simp argument is unused:
  mul_ite

Hint: Omit it from the simp argument list.
  simp [mul_i̵t̵e̵,̵m̵u̵l̵_̵comm]

Note: This linter can be disabled with `set_option linter.unusedSimpArgs false`
ℹ [4477/4871] Replayed ZhangLS.Spec.Lemma32QuarterPowerIntegrals
info: ZhangLS/Spec/Lemma32QuarterPowerIntegrals.lean:39:37: Try this:
  [apply] ring_nf
  
  The `ring` tactic failed to close the goal. Use `ring_nf` to obtain a normal form.
    
  Note that `ring` works primarily in *commutative* rings. If you have a noncommutative ring, abelian group or module, consider using `noncomm_ring`, `abel` or `module` instead.
⚠ [4481/4871] Replayed ZhangLS.Spec.Lemma32GlobalHeightGrowth
warning: ZhangLS/Spec/Lemma32GlobalHeightGrowth.lean:72:10: 'ring' tactic does nothing

Note: This linter can be disabled with `set_option linter.unusedTactic false`
warning: ZhangLS/Spec/Lemma32GlobalHeightGrowth.lean:72:10: this tactic is never executed

Note: This linter can be disabled with `set_option linter.unreachableTactic false`
⚠ [4486/4871] Replayed ZhangLS.Spec.Lemma32GammaMellin
warning: ZhangLS/Spec/Lemma32GammaMellin.lean:33:4: 'norm_num only [Nat.cast_one]' tactic does nothing

Note: This linter can be disabled with `set_option linter.unusedTactic false`
⚠ [4487/4871] Replayed ZhangLS.Spec.Lemma32MellinTerms
warning: ZhangLS/Spec/Lemma32MellinTerms.lean:21:39: This simp argument is unused:
  zero_mul

Hint: Omit it from the simp argument list.
  simp only [̵C̵o̵m̵p̵l̵e̵x̵.̵m̵u̵l̵_̵r̵e̵,̵C̵o̵m̵p̵l̵e̵x̵.̵a̵d̵d̵_̵r̵e̵,̵C̵o̵m̵p̵l̵e̵x̵.̵o̵f̵R̵e̵a̵l̵_̵r̵e̵,̵C̵o̵m̵p̵l̵e̵x̵.̵o̵f̵R̵e̵a̵l̵_̵i̵m̵,̵
  ̵ ̵ ̵ ̵ ̵C̵o̵m̵p̵l̵e̵x̵.̵I̵_̵r̵e̵,̵C̵o̵m̵p̵l̵e̵x̵.̵I̵_̵i̵m̵,̵m̵u̵l̵_̵z̵e̵r̵o̵,̵z̵e̵r̵o̵_̵m̵u̵l̵,̵s̵u̵b̵_̵z̵e̵r̵o̵,̵a̵d̵d̵_̵z̵e̵r̵o̵,̵C̵o̵m̵p̵l̵e̵x̵.̵o̵n̵e̵_̵r̵e̵,̵m̵u̵l̵_̵o̵n̵e̵,̵o̵n̵e̵_̵m̵u̵l̵]̵[̲C̲o̲m̲p̲l̲e̲x̲.̲m̲u̲l̲_̲r̲e̲,̲ ̲C̲o̲m̲p̲l̲e̲x̲.̲a̲d̲d̲_̲r̲e̲,̲ ̲C̲o̲m̲p̲l̲e̲x̲.̲o̲f̲R̲e̲a̲l̲_̲r̲e̲,̲ ̲C̲o̲m̲p̲l̲e̲x̲.̲o̲f̲R̲e̲a̲l̲_̲i̲m̲,̲ ̲C̲o̲m̲p̲l̲e̲x̲.̲I̲_̲r̲e̲,̲
  ̲ ̲ ̲ ̲ ̲C̲o̲m̲p̲l̲e̲x̲.̲I̲_̲i̲m̲,̲ ̲m̲u̲l̲_̲z̲e̲r̲o̲,̲ ̲s̲u̲b̲_̲z̲e̲r̲o̲,̲ ̲a̲d̲d̲_̲z̲e̲r̲o̲,̲ ̲C̲o̲m̲p̲l̲e̲x̲.̲o̲n̲e̲_̲r̲e̲,̲ ̲m̲u̲l̲_̲o̲n̲e̲,̲ ̲o̲n̲e̲_̲m̲u̲l̲]̲

Note: This linter can be disabled with `set_option linter.unusedSimpArgs false`
⚠ [4488/4871] Replayed ZhangLS.Spec.Lemma32TermMellinIdentity
warning: ZhangLS/Spec/Lemma32TermMellinIdentity.lean:20:4: try 'simp' instead of 'simpa'

Note: This linter can be disabled with `set_option linter.unnecessarySimpa false`
info: ZhangLS/Spec/Lemma32TermMellinIdentity.lean:48:74: Try this:
  [apply] ring_nf
  
  The `ring` tactic failed to close the goal. Use `ring_nf` to obtain a normal form.
    
  Note that `ring` works primarily in *commutative* rings. If you have a noncommutative ring, abelian group or module, consider using `noncomm_ring`, `abel` or `module` instead.
⚠ [4498/4871] Replayed ZhangLS.Spec.Lemma32BurgessAbelScale
warning: ZhangLS/Spec/Lemma32BurgessAbelScale.lean:32:20: Used `tac1 <;> tac2` where `(tac1; tac2)` would suffice

Note: This linter can be disabled with `set_option linter.unnecessarySeqFocus false`
⚠ [4502/4871] Replayed ZhangLS.Spec.Lemma32BurgessLeftError
warning: ZhangLS/Spec/Lemma32BurgessLeftError.lean:35:20: Used `tac1 <;> tac2` where `(tac1; tac2)` would suffice

Note: This linter can be disabled with `set_option linter.unnecessarySeqFocus false`
⚠ [4508/4871] Replayed ZhangLS.Spec.Lemma32QuadraticCorrelation
warning: ZhangLS/Spec/Lemma32QuadraticCorrelation.lean:36:17: Used `tac1 <;> tac2` where `(tac1; tac2)` would suffice

Note: This linter can be disabled with `set_option linter.unnecessarySeqFocus false`
⚠ [4536/4871] Replayed ZhangLS.Spec.Lemma32PrimeUnpairedHasseBound
warning: ZhangLS/Spec/Lemma32PrimeUnpairedHasseBound.lean:23:4: `push_neg` has been deprecated. Prefer using `push Not` instead.
If you'd rather continue using `push_neg` in your project, you can implement it as follows:
```
open Lean.Parser.Tactic in
macro "push_neg" cfg:optConfig loc:(location)? : tactic =>
  `(tactic| push $cfg:optConfig Not $[$loc]?)
```
⚠ [4559/4871] Replayed ZhangLS.Spec.Lemma32UnpairedSingleton
warning: ZhangLS/Spec/Lemma32UnpairedSingleton.lean:20:6: 'simp_all [eq_comm]' tactic does nothing

Note: This linter can be disabled with `set_option linter.unusedTactic false`
warning: ZhangLS/Spec/Lemma32UnpairedSingleton.lean:20:6: this tactic is never executed

Note: This linter can be disabled with `set_option linter.unreachableTactic false`
⚠ [4567/4871] Replayed ZhangLS.Spec.Lemma32CoprimeMobiusCount
warning: ZhangLS/Spec/Lemma32CoprimeMobiusCount.lean:25:57: This simp argument is unused:
  and_assoc

Hint: Omit it from the simp argument list.
  simp [Nat.mem_divisors, Nat.dvd_gcd_iff, hD.ne', hg,̵ ̵a̵n̵d̵_̵a̵s̵s̵o̵c̵]

Note: This linter can be disabled with `set_option linter.unusedSimpArgs false`
⚠ [4574/4871] Replayed ZhangLS.Spec.Lemma32BurgessMultiplierParameters
warning: ZhangLS/Spec/Lemma32BurgessMultiplierParameters.lean:24:15: Used `tac1 <;> tac2` where `(tac1; tac2)` would suffice

Note: This linter can be disabled with `set_option linter.unnecessarySeqFocus false`
⚠ [4583/4871] Replayed ZhangLS.Spec.Lemma32BurgessNormalization
warning: ZhangLS/Spec/Lemma32BurgessNormalization.lean:16:19: 'ring' tactic does nothing

Note: This linter can be disabled with `set_option linter.unusedTactic false`
warning: ZhangLS/Spec/Lemma32BurgessNormalization.lean:16:19: this tactic is never executed

Note: This linter can be disabled with `set_option linter.unreachableTactic false`
⚠ [4589/4871] Replayed ZhangLS.Spec.Lemma32FiniteShiftAverage
warning: ZhangLS/Spec/Lemma32FiniteShiftAverage.lean:78:23: try 'simp' instead of 'simpa'

Note: This linter can be disabled with `set_option linter.unnecessarySimpa false`
ℹ [4596/4871] Replayed ZhangLS.Spec.Lemma32FourierKernelSummatory
info: ZhangLS/Spec/Lemma32FourierKernelSummatory.lean:85:4: Try this:
  [apply] ring_nf
  
  The `ring` tactic failed to close the goal. Use `ring_nf` to obtain a normal form.
    
  Note that `ring` works primarily in *commutative* rings. If you have a noncommutative ring, abelian group or module, consider using `noncomm_ring`, `abel` or `module` instead.
⚠ [4605/4871] Replayed ZhangLS.Spec.Lemma55LocalLogDerivative
warning: ZhangLS/Spec/Lemma55LocalLogDerivative.lean:36:4: try 'simp' instead of 'simpa'

Note: This linter can be disabled with `set_option linter.unnecessarySimpa false`
⚠ [4621/4871] Replayed ZhangLS.Spec.Lemma55ZetaLocalLogDerivative
warning: ZhangLS/Spec/Lemma55ZetaLocalLogDerivative.lean:33:4: try 'simp' instead of 'simpa'

Note: This linter can be disabled with `set_option linter.unnecessarySimpa false`
⚠ [4633/4871] Replayed ZhangLS.Spec.Lemma56ZeroRemovedBounds
warning: ZhangLS/Spec/Lemma56ZeroRemovedBounds.lean:62:5: unused variable `θ`

Note: This linter can be disabled with `set_option linter.unusedVariables false`
⚠ [4635/4871] Replayed ZhangLS.Spec.Lemma56LocalLogDerivative
warning: ZhangLS/Spec/Lemma56LocalLogDerivative.lean:33:4: try 'simp' instead of 'simpa'

Note: This linter can be disabled with `set_option linter.unnecessarySimpa false`
⚠ [4661/4871] Replayed ZhangLS.Spec.Lemma53Kernels
warning: ZhangLS/Spec/Lemma53Kernels.lean:87:18: Used `tac1 <;> tac2` where `(tac1; tac2)` would suffice

Note: This linter can be disabled with `set_option linter.unnecessarySeqFocus false`
warning: ZhangLS/Spec/Lemma53Kernels.lean:108:68: This simp argument is unused:
  ← Complex.ofReal_pow

Hint: Omit it from the simp argument list.
  simp [lemma23PaperCenter, lemma51PaperT0,̵ ̵←̵ ̵C̵o̵m̵p̵l̵e̵x̵.̵o̵f̵R̵e̵a̵l̵_̵p̵o̵w̵]

Note: Simp arguments with `←` have the additional effect of removing the other direction from the simp set, even if the simp argument itself is unused. If the hint above does not work, try replacing `←` with `-` to only get that effect and silence this warning.

Note: This linter can be disabled with `set_option linter.unusedSimpArgs false`
warning: ZhangLS/Spec/Lemma53Kernels.lean:120:68: This simp argument is unused:
  ← Complex.ofReal_pow

Hint: Omit it from the simp argument list.
  simp [lemma23PaperCenter, lemma51PaperT0,̵ ̵←̵ ̵C̵o̵m̵p̵l̵e̵x̵.̵o̵f̵R̵e̵a̵l̵_̵p̵o̵w̵]

Note: Simp arguments with `←` have the additional effect of removing the other direction from the simp set, even if the simp argument itself is unused. If the hint above does not work, try replacing `←` with `-` to only get that effect and silence this warning.

Note: This linter can be disabled with `set_option linter.unusedSimpArgs false`
⚠ [4664/4871] Replayed ZhangLS.Spec.Lemma56GaussianMellinTerms
warning: ZhangLS/Spec/Lemma56GaussianMellinTerms.lean:72:44: unused variable `hB`

Note: This linter can be disabled with `set_option linter.unusedVariables false`
⚠ [4666/4871] Replayed ZhangLS.Spec.Lemma56GaussianContour
warning: ZhangLS/Spec/Lemma56GaussianContour.lean:56:26: This simp argument is unused:
  zero_mul

Hint: Omit it from the simp argument list.
  simp only [add_re, sub_re, add_im, sub_im, mul_re, mul_im, ofReal_re, ofReal_im,
  ̵  ̵ ̵ ̵I_re, I_im,
  ̲ m̵u̵l̵_̵z̵e̵r̵o̵,̵  ̲ ̲m̲u̲l̲_̲zero_̵m̵u̵l̵, sub_zero, mul_one, add_zero, zero_add,
  ̵  ̵ ̵ ̵zero_sub, smul_eq_mul] at hc

Note: This linter can be disabled with `set_option linter.unusedSimpArgs false`
⚠ [4669/4871] Replayed ZhangLS.Spec.Lemma56TwistedGaussianContour
warning: ZhangLS/Spec/Lemma56TwistedGaussianContour.lean:123:75: This simp argument is unused:
  sub_zero

Hint: Omit it from the simp argument list.
  simp only [sub_re, mul_re, ofReal_re, I_re, ofReal_im, I_im, mul_zero,̵ ̵s̵u̵b̵_̵z̵e̵r̵o̵]

Note: This linter can be disabled with `set_option linter.unusedSimpArgs false`
⚠ [4672/4871] Replayed ZhangLS.Spec.Lemma56GaussianMarginBudget
warning: ZhangLS/Spec/Lemma56GaussianMarginBudget.lean:94:70: Used `tac1 <;> tac2` where `(tac1; tac2)` would suffice

Note: This linter can be disabled with `set_option linter.unnecessarySeqFocus false`
⚠ [4674/4871] Replayed ZhangLS.Spec.Lemma56TwistedGaussianLeftBound
warning: ZhangLS/Spec/Lemma56TwistedGaussianLeftBound.lean:53:64: Used `tac1 <;> tac2` where `(tac1; tac2)` would suffice

Note: This linter can be disabled with `set_option linter.unnecessarySeqFocus false`
⚠ [4675/4871] Replayed ZhangLS.Spec.Lemma56GaussianRightEnvelope
warning: ZhangLS/Spec/Lemma56GaussianRightEnvelope.lean:71:52: Used `tac1 <;> tac2` where `(tac1; tac2)` would suffice

Note: This linter can be disabled with `set_option linter.unnecessarySeqFocus false`
warning: ZhangLS/Spec/Lemma56GaussianRightEnvelope.lean:71:66: Used `tac1 <;> tac2` where `(tac1; tac2)` would suffice

Note: This linter can be disabled with `set_option linter.unnecessarySeqFocus false`
⚠ [4690/4871] Replayed ZhangLS.Spec.Lemma56PerronContour
warning: ZhangLS/Spec/Lemma56PerronContour.lean:111:75: This simp argument is unused:
  sub_zero

Hint: Omit it from the simp argument list.
  simp only [sub_re, mul_re, ofReal_re, I_re, ofReal_im, I_im, mul_zero,̵ ̵s̵u̵b̵_̵z̵e̵r̵o̵]

Note: This linter can be disabled with `set_option linter.unusedSimpArgs false`
ℹ [4691/4871] Replayed ZhangLS.Spec.Lemma56PerronVertical
info: ZhangLS/Spec/Lemma56PerronVertical.lean:29:2: Try this:
  [apply] ring_nf
  
  The `ring` tactic failed to close the goal. Use `ring_nf` to obtain a normal form.
    
  Note that `ring` works primarily in *commutative* rings. If you have a noncommutative ring, abelian group or module, consider using `noncomm_ring`, `abel` or `module` instead.
⚠ [4694/4871] Replayed ZhangLS.Spec.Lemma56PerronRightTruncation
warning: ZhangLS/Spec/Lemma56PerronRightTruncation.lean:30:44: unused variable `hB`

Note: This linter can be disabled with `set_option linter.unusedVariables false`
⚠ [4695/4871] Replayed ZhangLS.Spec.Lemma56PerronHorizontal
warning: ZhangLS/Spec/Lemma56PerronHorizontal.lean:66:93: Used `tac1 <;> tac2` where `(tac1; tac2)` would suffice

Note: This linter can be disabled with `set_option linter.unnecessarySeqFocus false`
⚠ [4696/4871] Replayed ZhangLS.Spec.Lemma56PrincipalPerronEdges
warning: ZhangLS/Spec/Lemma56PrincipalPerronEdges.lean:33:46: This simp argument is unused:
  zero_mul

Hint: Omit it from the simp argument list.
  simp only [mem_reProdIm, mem_Icc, sub_re, sub_im, ofReal_re, ofReal_im, mul_re, mul_im, I_re,
  ̲  ̲ ̲ ̲ ̲ ̲ ̲ ̲I_im, mul_zero, z̵e̵r̵o̵_̵m̵u̵l̵,̵ ̵mul_one, zero_add, sub_zero]

Note: This linter can be disabled with `set_option linter.unusedSimpArgs false`
warning: ZhangLS/Spec/Lemma56PrincipalPerronEdges.lean:33:65: This simp argument is unused:
  zero_add

Hint: Omit it from the simp argument list.
  simp only [mem_reProdIm, mem_Icc, sub_re, sub_im, ofReal_re, ofReal_im, mul_re, mul_im, I_re,
  ̲  ̲ ̲ ̲ ̲ ̲ ̲ ̲I_im, mul_zero, zero_mul, mul_one, z̵e̵r̵o̵_̵a̵d̵d̵,̵ ̵sub_zero]

Note: This linter can be disabled with `set_option linter.unusedSimpArgs false`
⚠ [4701/4871] Replayed ZhangLS.Spec.Lemma56PrincipalPerronMainError
warning: ZhangLS/Spec/Lemma56PrincipalPerronMainError.lean:46:26: Used `tac1 <;> tac2` where `(tac1; tac2)` would suffice

Note: This linter can be disabled with `set_option linter.unnecessarySeqFocus false`
warning: ZhangLS/Spec/Lemma56PrincipalPerronMainError.lean:68:56: Used `tac1 <;> tac2` where `(tac1; tac2)` would suffice

Note: This linter can be disabled with `set_option linter.unnecessarySeqFocus false`
warning: ZhangLS/Spec/Lemma56PrincipalPerronMainError.lean:100:21: Used `tac1 <;> tac2` where `(tac1; tac2)` would suffice

Note: This linter can be disabled with `set_option linter.unnecessarySeqFocus false`
warning: ZhangLS/Spec/Lemma56PrincipalPerronMainError.lean:100:36: Used `tac1 <;> tac2` where `(tac1; tac2)` would suffice

Note: This linter can be disabled with `set_option linter.unnecessarySeqFocus false`
⚠ [4702/4871] Replayed ZhangLS.Spec.Lemma56PrincipalMassScales
warning: ZhangLS/Spec/Lemma56PrincipalMassScales.lean:36:26: 'ring' tactic does nothing

Note: This linter can be disabled with `set_option linter.unusedTactic false`
warning: ZhangLS/Spec/Lemma56PrincipalMassScales.lean:36:26: this tactic is never executed

Note: This linter can be disabled with `set_option linter.unreachableTactic false`
⚠ [4703/4871] Replayed ZhangLS.Spec.Lemma56PrincipalMassContourBudget
warning: ZhangLS/Spec/Lemma56PrincipalMassContourBudget.lean:66:29: 'norm_num' tactic does nothing

Note: This linter can be disabled with `set_option linter.unusedTactic false`
warning: ZhangLS/Spec/Lemma56PrincipalMassContourBudget.lean:146:40: Used `tac1 <;> tac2` where `(tac1; tac2)` would suffice

Note: This linter can be disabled with `set_option linter.unnecessarySeqFocus false`
⚠ [4704/4871] Replayed ZhangLS.Spec.Lemma56PrincipalMassMainError
warning: ZhangLS/Spec/Lemma56PrincipalMassMainError.lean:37:29: 'norm_num' tactic does nothing

Note: This linter can be disabled with `set_option linter.unusedTactic false`
warning: ZhangLS/Spec/Lemma56PrincipalMassMainError.lean:44:21: Used `tac1 <;> tac2` where `(tac1; tac2)` would suffice

Note: This linter can be disabled with `set_option linter.unnecessarySeqFocus false`
warning: ZhangLS/Spec/Lemma56PrincipalMassMainError.lean:79:70: Used `tac1 <;> tac2` where `(tac1; tac2)` would suffice

Note: This linter can be disabled with `set_option linter.unnecessarySeqFocus false`
warning: ZhangLS/Spec/Lemma56PrincipalMassMainError.lean:80:26: Used `tac1 <;> tac2` where `(tac1; tac2)` would suffice

Note: This linter can be disabled with `set_option linter.unnecessarySeqFocus false`
ℹ [4705/4871] Replayed ZhangLS.Spec.Lemma56PerronPaperScales
info: ZhangLS/Spec/Lemma56PerronPaperScales.lean:112:51: Try this:
  [apply] ring_nf
  
  The `ring` tactic failed to close the goal. Use `ring_nf` to obtain a normal form.
    
  Note that `ring` works primarily in *commutative* rings. If you have a noncommutative ring, abelian group or module, consider using `noncomm_ring`, `abel` or `module` instead.
⚠ [4708/4871] Replayed ZhangLS.Spec.Lemma56PerronWindowBudget
warning: ZhangLS/Spec/Lemma56PerronWindowBudget.lean:54:79: Used `tac1 <;> tac2` where `(tac1; tac2)` would suffice

Note: This linter can be disabled with `set_option linter.unnecessarySeqFocus false`
⚠ [4711/4871] Replayed ZhangLS.Spec.Lemma56PerronMangoldtWindow
warning: ZhangLS/Spec/Lemma56PerronMangoldtWindow.lean:104:2: 'change N * ‖R‖ ≤ _' tactic does nothing

Note: This linter can be disabled with `set_option linter.unusedTactic false`
warning: ZhangLS/Spec/Lemma56PerronMangoldtWindow.lean:72:23: Used `tac1 <;> tac2` where `(tac1; tac2)` would suffice

Note: This linter can be disabled with `set_option linter.unnecessarySeqFocus false`
warning: ZhangLS/Spec/Lemma56PerronMangoldtWindow.lean:76:67: Used `tac1 <;> tac2` where `(tac1; tac2)` would suffice

Note: This linter can be disabled with `set_option linter.unnecessarySeqFocus false`
warning: ZhangLS/Spec/Lemma56PerronMangoldtWindow.lean:79:69: Used `tac1 <;> tac2` where `(tac1; tac2)` would suffice

Note: This linter can be disabled with `set_option linter.unnecessarySeqFocus false`
warning: ZhangLS/Spec/Lemma56PerronMangoldtWindow.lean:83:36: Used `tac1 <;> tac2` where `(tac1; tac2)` would suffice

Note: This linter can be disabled with `set_option linter.unnecessarySeqFocus false`
⚠ [4712/4871] Replayed ZhangLS.Spec.Lemma56PerronWeightBounds
warning: ZhangLS/Spec/Lemma56PerronWeightBounds.lean:16:56: unused variable `hx`

Note: This linter can be disabled with `set_option linter.unusedVariables false`
info: ZhangLS/Spec/Lemma56PerronWeightBounds.lean:57:2: Try this:
  [apply] ring_nf
  
  The `ring` tactic failed to close the goal. Use `ring_nf` to obtain a normal form.
    
  Note that `ring` works primarily in *commutative* rings. If you have a noncommutative ring, abelian group or module, consider using `noncomm_ring`, `abel` or `module` instead.
info: ZhangLS/Spec/Lemma56PerronWeightBounds.lean:83:59: Try this:
  [apply] ring_nf
  
  The `ring` tactic failed to close the goal. Use `ring_nf` to obtain a normal form.
    
  Note that `ring` works primarily in *commutative* rings. If you have a noncommutative ring, abelian group or module, consider using `noncomm_ring`, `abel` or `module` instead.
info: ZhangLS/Spec/Lemma56PerronWeightBounds.lean:91:59: Try this:
  [apply] ring_nf
  
  The `ring` tactic failed to close the goal. Use `ring_nf` to obtain a normal form.
    
  Note that `ring` works primarily in *commutative* rings. If you have a noncommutative ring, abelian group or module, consider using `noncomm_ring`, `abel` or `module` instead.
warning: ZhangLS/Spec/Lemma56PerronWeightBounds.lean:83:55: Used `tac1 <;> tac2` where `(tac1; tac2)` would suffice

Note: This linter can be disabled with `set_option linter.unnecessarySeqFocus false`
warning: ZhangLS/Spec/Lemma56PerronWeightBounds.lean:91:55: Used `tac1 <;> tac2` where `(tac1; tac2)` would suffice

Note: This linter can be disabled with `set_option linter.unnecessarySeqFocus false`
⚠ [4713/4871] Replayed ZhangLS.Spec.Lemma56PerronWeightDecay
warning: ZhangLS/Spec/Lemma56PerronWeightDecay.lean:58:40: Used `tac1 <;> tac2` where `(tac1; tac2)` would suffice

Note: This linter can be disabled with `set_option linter.unnecessarySeqFocus false`
⚠ [4715/4871] Replayed ZhangLS.Spec.Lemma56PerronArithmeticError
warning: ZhangLS/Spec/Lemma56PerronArithmeticError.lean:35:9: unused variable `n`

Note: This linter can be disabled with `set_option linter.unusedVariables false`
⚠ [4718/4871] Replayed ZhangLS.Spec.Lemma56PerronUnsmoothingScales
warning: ZhangLS/Spec/Lemma56PerronUnsmoothingScales.lean:25:21: Used `tac1 <;> tac2` where `(tac1; tac2)` would suffice

Note: This linter can be disabled with `set_option linter.unnecessarySeqFocus false`
⚠ [4719/4871] Replayed ZhangLS.Spec.Lemma56PrincipalMassUnsmoothing
warning: ZhangLS/Spec/Lemma56PrincipalMassUnsmoothing.lean:36:60: Used `tac1 <;> tac2` where `(tac1; tac2)` would suffice

Note: This linter can be disabled with `set_option linter.unnecessarySeqFocus false`
warning: ZhangLS/Spec/Lemma56PrincipalMassUnsmoothing.lean:36:72: Used `tac1 <;> tac2` where `(tac1; tac2)` would suffice

Note: This linter can be disabled with `set_option linter.unnecessarySeqFocus false`
warning: ZhangLS/Spec/Lemma56PrincipalMassUnsmoothing.lean:40:34: Used `tac1 <;> tac2` where `(tac1; tac2)` would suffice

Note: This linter can be disabled with `set_option linter.unnecessarySeqFocus false`
warning: ZhangLS/Spec/Lemma56PrincipalMassUnsmoothing.lean:40:46: Used `tac1 <;> tac2` where `(tac1; tac2)` would suffice

Note: This linter can be disabled with `set_option linter.unnecessarySeqFocus false`
warning: ZhangLS/Spec/Lemma56PrincipalMassUnsmoothing.lean:87:17: 'assumption' tactic does nothing

Note: This linter can be disabled with `set_option linter.unusedTactic false`
warning: ZhangLS/Spec/Lemma56PrincipalMassUnsmoothing.lean:87:17: this tactic is never executed

Note: This linter can be disabled with `set_option linter.unreachableTactic false`
warning: ZhangLS/Spec/Lemma56PrincipalMassUnsmoothing.lean:99:29: 'norm_num' tactic does nothing

Note: This linter can be disabled with `set_option linter.unusedTactic false`
warning: ZhangLS/Spec/Lemma56PrincipalMassUnsmoothing.lean:133:34: Used `tac1 <;> tac2` where `(tac1; tac2)` would suffice

Note: This linter can be disabled with `set_option linter.unnecessarySeqFocus false`
warning: ZhangLS/Spec/Lemma56PrincipalMassUnsmoothing.lean:133:46: Used `tac1 <;> tac2` where `(tac1; tac2)` would suffice

Note: This linter can be disabled with `set_option linter.unnecessarySeqFocus false`
⚠ [4732/4871] Replayed ZhangLS.Spec.Lemma56PrimePowerBudget
warning: ZhangLS/Spec/Lemma56PrimePowerBudget.lean:43:98: Used `tac1 <;> tac2` where `(tac1; tac2)` would suffice

Note: This linter can be disabled with `set_option linter.unnecessarySeqFocus false`
⚠ [4739/4871] Replayed ZhangLS.Spec.Lemma56PrimeWindowAbsolute
warning: ZhangLS/Spec/Lemma56PrimeWindowAbsolute.lean:38:21: Used `tac1 <;> tac2` where `(tac1; tac2)` would suffice

Note: This linter can be disabled with `set_option linter.unnecessarySeqFocus false`
⚠ [4742/4871] Replayed ZhangLS.Spec.Lemma56PrimeMassNormalization
warning: ZhangLS/Spec/Lemma56PrimeMassNormalization.lean:51:23: Used `tac1 <;> tac2` where `(tac1; tac2)` would suffice

Note: This linter can be disabled with `set_option linter.unnecessarySeqFocus false`
⚠ [4743/4871] Replayed ZhangLS.Spec.Lemma56ActualPrimeMassScales
warning: ZhangLS/Spec/Lemma56ActualPrimeMassScales.lean:26:5: unused variable `hC`

Note: This linter can be disabled with `set_option linter.unusedVariables false`
⚠ [4745/4871] Replayed ZhangLS.Spec.Lemma56ActualPrimeMassLower
warning: ZhangLS/Spec/Lemma56ActualPrimeMassLower.lean:95:86: Used `tac1 <;> tac2` where `(tac1; tac2)` would suffice

Note: This linter can be disabled with `set_option linter.unnecessarySeqFocus false`
⚠ [4766/4871] Replayed ZhangLS.Spec.Lemma53GammaLaplace
warning: ZhangLS/Spec/Lemma53GammaLaplace.lean:91:22: Used `tac1 <;> tac2` where `(tac1; tac2)` would suffice

Note: This linter can be disabled with `set_option linter.unnecessarySeqFocus false`
warning: ZhangLS/Spec/Lemma53GammaLaplace.lean:91:64: Used `tac1 <;> tac2` where `(tac1; tac2)` would suffice

Note: This linter can be disabled with `set_option linter.unnecessarySeqFocus false`
⚠ [4767/4871] Replayed ZhangLS.Spec.Lemma53MellinConvergence
warning: ZhangLS/Spec/Lemma53MellinConvergence.lean:25:48: This simp argument is unused:
  zero_mul

Hint: Omit it from the simp argument list.
  simp only [sub_re, sub_im, add_re, add_im, mul_re, mul_im, ofReal_re, ofReal_im, I_re, I_im,
  ̲  ̲ ̲ ̲mul_zero, z̵e̵r̵o̵_̵m̵u̵l̵,̵ ̵sub_zero, zero_add, add_zero, mul_one, one_mul]

Note: This linter can be disabled with `set_option linter.unusedSimpArgs false`
warning: ZhangLS/Spec/Lemma53MellinConvergence.lean:26:33: This simp argument is unused:
  one_mul

Hint: Omit it from the simp argument list.
  simp only [sub_re, sub_im, add_re, add_im, mul_re, mul_im, ofReal_re, ofReal_im, I_re, I_im,
  ̲  ̲ ̲ ̲mul_zero, zero_mul, sub_zero, zero_add, add_zero, m̵u̵l̵_̵o̵n̵e̵,̵ ̵o̵n̵e̵_̵m̵u̵l̵]̵m̲u̲l̲_̲o̲n̲e̲]̲

Note: This linter can be disabled with `set_option linter.unusedSimpArgs false`
⚠ [4770/4871] Replayed ZhangLS.Spec.Lemma53MellinBoundary
warning: ZhangLS/Spec/Lemma53MellinBoundary.lean:94:85: Used `tac1 <;> tac2` where `(tac1; tac2)` would suffice

Note: This linter can be disabled with `set_option linter.unnecessarySeqFocus false`
warning: ZhangLS/Spec/Lemma53MellinBoundary.lean:169:29: This simp argument is unused:
  sub_re

Hint: Omit it from the simp argument list.
  simp only [← ofReal_pow, s̵u̵b̵_̵r̵e̵,̵ ̵mul_re, ofReal_re, ofReal_im, mul_zero, sub_zero]

Note: This linter can be disabled with `set_option linter.unusedSimpArgs false`
⚠ [4771/4871] Replayed ZhangLS.Spec.Lemma53OscillatoryEstimates
warning: ZhangLS/Spec/Lemma53OscillatoryEstimates.lean:67:10: This simp argument is unused:
  norm_mul

Hint: Omit it from the simp argument list.
  simp [̵n̵o̵r̵m̵_̵m̵u̵l̵,̵ ̵n̵o̵r̵m̵_̵r̵e̵a̵l̵,̵[̲n̲o̲r̲m̲_̲r̲e̲a̲l̲,̲ Real.norm_eq_abs, abs_of_nonneg hx, abs_of_pos Real.pi_pos]

Note: This linter can be disabled with `set_option linter.unusedSimpArgs false`
warning: ZhangLS/Spec/Lemma53OscillatoryEstimates.lean:102:4: This simp argument is unused:
  ← ofReal_pow

Hint: Omit it from the simp argument list.
  simp [lemma23PaperCenter, lemma51PaperT0, mul_re, mul_im, pow_two, exp_im,̵
  ̵ ̵ ̵ ̵ ̵←̵ ̵o̵f̵R̵e̵a̵l̵_̵p̵o̵w̵]

Note: Simp arguments with `←` have the additional effect of removing the other direction from the simp set, even if the simp argument itself is unused. If the hint above does not work, try replacing `←` with `-` to only get that effect and silence this warning.

Note: This linter can be disabled with `set_option linter.unusedSimpArgs false`
warning: ZhangLS/Spec/Lemma53OscillatoryEstimates.lean:112:33: This simp argument is unused:
  ← ofReal_pow

Hint: Omit it from the simp argument list.
  simp [mul_re, mul_im, pow_two,̵ ̵←̵ ̵o̵f̵R̵e̵a̵l̵_̵p̵o̵w̵]

Note: Simp arguments with `←` have the additional effect of removing the other direction from the simp set, even if the simp argument itself is unused. If the hint above does not work, try replacing `←` with `-` to only get that effect and silence this warning.

Note: This linter can be disabled with `set_option linter.unusedSimpArgs false`
⚠ [4773/4871] Replayed ZhangLS.Spec.Lemma53FiniteContours
warning: ZhangLS/Spec/Lemma53FiniteContours.lean:64:66: This simp argument is unused:
  zero_pow

Hint: Omit it from the simp argument list.
  simp only [ofReal_zero, zero_mul, add_zero, mul_zero, zero_sub, z̵e̵r̵o̵_̵p̵o̵w̵,̵
  ̵ ̵ ̵ ̵ ̵sub_zero, neg_zero,
  ̲  ̲ ̲ ̲zero_add] at hg

Note: This linter can be disabled with `set_option linter.unusedSimpArgs false`
warning: ZhangLS/Spec/Lemma53FiniteContours.lean:65:4: This simp argument is unused:
  sub_zero

Hint: Omit it from the simp argument list.
  simp only [ofReal_zero, zero_mul, add_zero, mul_zero, zero_sub, zero_pow,
  ̵  ̵ ̵ ̵s̵u̵b̵_̵z̵e̵r̵o̵,̵ ̵neg_zero,
  ̲  ̲ ̲ ̲zero_add] at hg

Note: This linter can be disabled with `set_option linter.unusedSimpArgs false`
warning: ZhangLS/Spec/Lemma53FiniteContours.lean:65:14: This simp argument is unused:
  neg_zero

Hint: Omit it from the simp argument list.
  simp only [ofReal_zero, zero_mul, add_zero, mul_zero, zero_sub, zero_pow,
  ̵  ̵ ̵ ̵sub_zero,
  ̲ n̵e̵g̵_̵z̵e̵r̵o̵,̵  ̲ ̲zero_add] at hg

Note: This linter can be disabled with `set_option linter.unusedSimpArgs false`
warning: ZhangLS/Spec/Lemma53FiniteContours.lean:65:24: This simp argument is unused:
  zero_add

Hint: Omit it from the simp argument list.
  simp only [ofReal_zero, zero_mul, add_zero, mul_zero, zero_sub, zero_pow,
  ̵  ̵ ̵ ̵sub_zero,
  ̲  ̲ ̲ ̲neg_zero,̵ ̵z̵e̵r̵o̵_̵a̵d̵d̵] at hg

Note: This linter can be disabled with `set_option linter.unusedSimpArgs false`
info: ZhangLS/Spec/Lemma53FiniteContours.lean:103:25: Try this:
  [apply] ring_nf
  
  The `ring` tactic failed to close the goal. Use `ring_nf` to obtain a normal form.
    
  Note that `ring` works primarily in *commutative* rings. If you have a noncommutative ring, abelian group or module, consider using `noncomm_ring`, `abel` or `module` instead.
⚠ [4776/4871] Replayed ZhangLS.Spec.Lemma53SmallRange
warning: ZhangLS/Spec/Lemma53SmallRange.lean:29:18: try 'simp' instead of 'simpa'

Note: This linter can be disabled with `set_option linter.unnecessarySimpa false`
⚠ [4777/4871] Replayed ZhangLS.Spec.Lemma53LargeRangeParameters
warning: ZhangLS/Spec/Lemma53LargeRangeParameters.lean:105:22: Used `tac1 <;> tac2` where `(tac1; tac2)` would suffice

Note: This linter can be disabled with `set_option linter.unnecessarySeqFocus false`
warning: ZhangLS/Spec/Lemma53LargeRangeParameters.lean:105:37: Used `tac1 <;> tac2` where `(tac1; tac2)` would suffice

Note: This linter can be disabled with `set_option linter.unnecessarySeqFocus false`
⚠ [4778/4871] Replayed ZhangLS.Spec.Lemma53LargeContourEstimates
warning: ZhangLS/Spec/Lemma53LargeContourEstimates.lean:32:47: unused variable `hD`

Note: This linter can be disabled with `set_option linter.unusedVariables false`
⚠ [4781/4871] Replayed ZhangLS.Spec.Lemma54KernelDerivatives
warning: ZhangLS/Spec/Lemma54KernelDerivatives.lean:42:10: This simp argument is unused:
  norm_mul

Hint: Omit it from the simp argument list.
  simp [norm_m̵u̵l̵,̵ ̵n̵o̵rm̵_̵r̵eal, Real.norm_eq_abs, abs_of_pos Real.pi_pos]

Note: This linter can be disabled with `set_option linter.unusedSimpArgs false`
warning: ZhangLS/Spec/Lemma54KernelDerivatives.lean:45:42: This simp argument is unused:
  norm_real

Hint: Omit it from the simp argument list.
  simp [n̵o̵r̵m̵_̵r̵e̵a̵l̵,̵ ̵Real.norm_eq_abs, abs_of_pos (Real.exp_pos u)]

Note: This linter can be disabled with `set_option linter.unusedSimpArgs false`
warning: ZhangLS/Spec/Lemma54KernelDerivatives.lean:45:53: This simp argument is unused:
  Real.norm_eq_abs

Hint: Omit it from the simp argument list.
  simp [norm_real, R̵e̵a̵l̵.̵n̵o̵r̵m̵_̵e̵q̵_̵a̵b̵s̵,̵ ̵abs_of_pos (Real.exp_pos u)]

Note: This linter can be disabled with `set_option linter.unusedSimpArgs false`
warning: ZhangLS/Spec/Lemma54KernelDerivatives.lean:45:71: This simp argument is unused:
  abs_of_pos (Real.exp_pos u)

Hint: Omit it from the simp argument list.
  simp [norm_real, Real.norm_eq_abs,̵ ̵a̵b̵s̵_̵o̵f̵_̵p̵o̵s̵ ̵(̵R̵e̵a̵l̵.̵e̵x̵p̵_̵p̵o̵s̵ ̵u̵)̵]

Note: This linter can be disabled with `set_option linter.unusedSimpArgs false`
⚠ [4782/4871] Replayed ZhangLS.Spec.Lemma54MellinDecay
warning: ZhangLS/Spec/Lemma54MellinDecay.lean:13:72: unused variable `ha`

Note: This linter can be disabled with `set_option linter.unusedVariables false`
⚠ [4786/4871] Replayed ZhangLS.Spec.Lemma54WeightedKernels
warning: ZhangLS/Spec/Lemma54WeightedKernels.lean:53:10: This simp argument is unused:
  norm_mul

Hint: Omit it from the simp argument list.
  simp [norm_m̵u̵l̵,̵ ̵n̵o̵rm̵_̵r̵eal, Real.norm_eq_abs, abs_of_pos Real.pi_pos]

Note: This linter can be disabled with `set_option linter.unusedSimpArgs false`
⚠ [4787/4871] Replayed ZhangLS.Spec.Lemma54WeightedContourEstimates
warning: ZhangLS/Spec/Lemma54WeightedContourEstimates.lean:46:23: Used `tac1 <;> tac2` where `(tac1; tac2)` would suffice

Note: This linter can be disabled with `set_option linter.unnecessarySeqFocus false`
warning: ZhangLS/Spec/Lemma54WeightedContourEstimates.lean:141:21: Used `tac1 <;> tac2` where `(tac1; tac2)` would suffice

Note: This linter can be disabled with `set_option linter.unnecessarySeqFocus false`
ℹ [4789/4871] Replayed ZhangLS.Spec.Lemma54DerivativeDecay
info: ZhangLS/Spec/Lemma54DerivativeDecay.lean:142:4: Try this:
  [apply] ring_nf
  
  The `ring` tactic failed to close the goal. Use `ring_nf` to obtain a normal form.
    
  Note that `ring` works primarily in *commutative* rings. If you have a noncommutative ring, abelian group or module, consider using `noncomm_ring`, `abel` or `module` instead.
⚠ [4790/4871] Replayed ZhangLS.Spec.Lemma54IntegrationByParts
warning: ZhangLS/Spec/Lemma54IntegrationByParts.lean:69:20: Used `tac1 <;> tac2` where `(tac1; tac2)` would suffice

Note: This linter can be disabled with `set_option linter.unnecessarySeqFocus false`
warning: ZhangLS/Spec/Lemma54IntegrationByParts.lean:69:32: Used `tac1 <;> tac2` where `(tac1; tac2)` would suffice

Note: This linter can be disabled with `set_option linter.unnecessarySeqFocus false`
⚠ [4796/4871] Replayed ZhangLS.Spec.Lemma54LargeSecondMoment
warning: ZhangLS/Spec/Lemma54LargeSecondMoment.lean:76:21: Used `tac1 <;> tac2` where `(tac1; tac2)` would suffice

Note: This linter can be disabled with `set_option linter.unnecessarySeqFocus false`
ℹ [4800/4871] Replayed ZhangLS.Spec.Lemma54GaussianConcentration
info: ZhangLS/Spec/Lemma54GaussianConcentration.lean:38:6: Try this:
  [apply] ring_nf
  
  The `ring` tactic failed to close the goal. Use `ring_nf` to obtain a normal form.
    
  Note that `ring` works primarily in *commutative* rings. If you have a noncommutative ring, abelian group or module, consider using `noncomm_ring`, `abel` or `module` instead.
⚠ [4816/4871] Replayed ZhangLS.Spec.Lemma59LocalZeroBudgets
warning: ZhangLS/Spec/Lemma59LocalZeroBudgets.lean:65:19: 'positivity' tactic does nothing

Note: This linter can be disabled with `set_option linter.unusedTactic false`
warning: ZhangLS/Spec/Lemma59LocalZeroBudgets.lean:65:19: this tactic is never executed

Note: This linter can be disabled with `set_option linter.unreachableTactic false`
⚠ [4819/4871] Replayed ZhangLS.Spec.Lemma59ZeroRemovedBounds
warning: ZhangLS/Spec/Lemma59ZeroRemovedBounds.lean:64:5: unused variable `θ`

Note: This linter can be disabled with `set_option linter.unusedVariables false`
⚠ [4821/4871] Replayed ZhangLS.Spec.Lemma59ZeroRemovedShift
warning: ZhangLS/Spec/Lemma59ZeroRemovedShift.lean:126:23: This simp argument is unused:
  zero_sub

Hint: Omit it from the simp argument list.
  simp only [lemma55JensenCenter, Complex.sub_re, Complex.sub_im, Complex.add_re, Complex.add_im,
  ̲  ̲ ̲ ̲Complex.mul_re, Complex.mul_im, Complex.I_re, Complex.I_im, Complex.ofReal_re,
  ̲  ̲ ̲ ̲Complex.ofReal_im, zero_mul, mul_zero, one_mul, mul_one, sub_zero, z̵e̵r̵o̵_̵s̵u̵b̵,̵ ̵add_zero, zero_add] at hn

Note: This linter can be disabled with `set_option linter.unusedSimpArgs false`
ℹ [4826/4871] Replayed ZhangLS.Spec.Lemma59ExtendedGammaAndSums
info: ZhangLS/Spec/Lemma59ExtendedGammaAndSums.lean:228:35: Try this:
  [apply] ring_nf
  
  The `ring` tactic failed to close the goal. Use `ring_nf` to obtain a normal form.
    
  Note that `ring` works primarily in *commutative* rings. If you have a noncommutative ring, abelian group or module, consider using `noncomm_ring`, `abel` or `module` instead.
⚠ [4827/4871] Replayed ZhangLS.Spec.Lemma59ExtendedFiniteContours
warning: ZhangLS/Spec/Lemma59ExtendedFiniteContours.lean:341:64: Used `tac1 <;> tac2` where `(tac1; tac2)` would suffice

Note: This linter can be disabled with `set_option linter.unnecessarySeqFocus false`
⚠ [4828/4871] Replayed ZhangLS.Spec.Lemma59ExtendedContourBudgets
warning: ZhangLS/Spec/Lemma59ExtendedContourBudgets.lean:267:64: This simp argument is unused:
  mul_left_comm

Hint: Omit it from the simp argument list.
  simp only [sub_eq_add_neg, add_comm, add_left_comm, mul_comm, mul_l̵e̵f̵t̵_̵c̵o̵m̵m̵,̵ ̵m̵u̵l̵_̵assoc] at hc ⊢

Note: This linter can be disabled with `set_option linter.unusedSimpArgs false`
warning: ZhangLS/Spec/Lemma59ExtendedContourBudgets.lean:267:79: This simp argument is unused:
  mul_assoc

Hint: Omit it from the simp argument list.
  simp only [sub_eq_add_neg, add_comm, add_left_comm, mul_comm, mul_left_comm,̵ ̵m̵u̵l̵_̵a̵s̵s̵o̵c̵] at hc ⊢

Note: This linter can be disabled with `set_option linter.unusedSimpArgs false`
warning: ZhangLS/Spec/Lemma59ExtendedContourBudgets.lean:410:23: Used `tac1 <;> tac2` where `(tac1; tac2)` would suffice

Note: This linter can be disabled with `set_option linter.unnecessarySeqFocus false`
⚠ [4830/4871] Replayed ZhangLS.Spec.Lemma59ExtendedNormalizedProduct
warning: ZhangLS/Spec/Lemma59ExtendedNormalizedProduct.lean:224:8: 'ring' tactic does nothing

Note: This linter can be disabled with `set_option linter.unusedTactic false`
warning: ZhangLS/Spec/Lemma59ExtendedNormalizedProduct.lean:224:8: this tactic is never executed

Note: This linter can be disabled with `set_option linter.unreachableTactic false`
⚠ [4832/4871] Replayed ZhangLS.Spec.Lemma59ExtendedActualZeros
warning: ZhangLS/Spec/Lemma59ExtendedActualZeros.lean:17:5: unused variable `hm`

Note: This linter can be disabled with `set_option linter.unusedVariables false`
warning: ZhangLS/Spec/Lemma59ExtendedActualZeros.lean:235:39: Used `tac1 <;> tac2` where `(tac1; tac2)` would suffice

Note: This linter can be disabled with `set_option linter.unnecessarySeqFocus false`
⚠ [4834/4871] Replayed ZhangLS.Spec.Lemma59RelaxedProducts
warning: ZhangLS/Spec/Lemma59RelaxedProducts.lean:60:52: This simp argument is unused:
  Rat.cast_natCast

Hint: Omit it from the simp argument list.
  simp only [̵h̵a̵r̵m̵o̵n̵i̵c̵,̵R̵a̵t̵.̵c̵a̵s̵t̵_̵s̵u̵m̵,̵R̵a̵t̵.̵c̵a̵s̵t̵_̵i̵n̵v̵,̵R̵a̵t̵.̵c̵a̵s̵t̵_̵n̵a̵t̵C̵a̵s̵t̵,̵N̵a̵t̵.̵c̵a̵s̵t̵_̵a̵d̵d̵,̵N̵a̵t̵.̵c̵a̵s̵t̵_̵o̵n̵e̵]̵[̲h̲a̲r̲m̲o̲n̲i̲c̲,̲ ̲R̲a̲t̲.̲c̲a̲s̲t̲_̲s̲u̲m̲,̲ ̲R̲a̲t̲.̲c̲a̲s̲t̲_̲i̲n̲v̲,̲ ̲N̲a̲t̲.̲c̲a̲s̲t̲_̲a̲d̲d̲,̲ ̲N̲a̲t̲.̲c̲a̲s̲t̲_̲o̲n̲e̲]̲

Note: This linter can be disabled with `set_option linter.unusedSimpArgs false`
⚠ [4842/4871] Replayed ZhangLS.Spec.Lemma61WideZBounds
warning: ZhangLS/Spec/Lemma61WideZBounds.lean:26:15: This simp argument is unused:
  add_re

Hint: Omit it from the simp argument list.
  simp only [̵a̵d̵d̵_̵r̵e̵,̵o̵f̵R̵e̵a̵l̵_̵r̵e̵,̵m̵u̵l̵_̵r̵e̵,̵I̵_̵r̵e̵,̵o̵f̵R̵e̵a̵l̵_̵i̵m̵,̵m̵u̵l̵_̵z̵e̵r̵o̵,̵I̵_̵i̵m̵,̵z̵e̵r̵o̵_̵m̵u̵l̵,̵
  ̵ ̵ ̵ ̵ ̵ ̵ ̵s̵u̵b̵_̵z̵e̵r̵o̵,̵a̵d̵d̵_̵z̵e̵r̵o̵,̵s̵u̵b̵_̵s̵e̵l̵f̵,̵a̵b̵s̵_̵z̵e̵r̵o̵,̵a̵d̵d̵_̵i̵m̵,̵m̵u̵l̵_̵i̵m̵,̵o̵n̵e̵_̵m̵u̵l̵,̵z̵e̵r̵o̵_̵a̵d̵d̵]̵[̲o̲f̲R̲e̲a̲l̲_̲r̲e̲,̲ ̲m̲u̲l̲_̲r̲e̲,̲ ̲I̲_̲r̲e̲,̲ ̲o̲f̲R̲e̲a̲l̲_̲i̲m̲,̲ ̲m̲u̲l̲_̲z̲e̲r̲o̲,̲ ̲I̲_̲i̲m̲,̲ ̲z̲e̲r̲o̲_̲m̲u̲l̲,̲ ̲s̲u̲b̲_̲z̲e̲r̲o̲,̲ ̲a̲d̲d̲_̲z̲e̲r̲o̲,̲
  ̲ ̲ ̲ ̲ ̲ ̲ ̲s̲u̲b̲_̲s̲e̲l̲f̲,̲ ̲a̲b̲s̲_̲z̲e̲r̲o̲,̲ ̲a̲d̲d̲_̲i̲m̲,̲ ̲m̲u̲l̲_̲i̲m̲,̲ ̲o̲n̲e̲_̲m̲u̲l̲,̲ ̲z̲e̲r̲o̲_̲a̲d̲d̲]̲

Note: This linter can be disabled with `set_option linter.unusedSimpArgs false`
warning: ZhangLS/Spec/Lemma61WideZBounds.lean:27:6: This simp argument is unused:
  sub_zero

Hint: Omit it from the simp argument list.
  simp only [̵a̵d̵d̵_̵r̵e̵,̵o̵f̵R̵e̵a̵l̵_̵r̵e̵,̵m̵u̵l̵_̵r̵e̵,̵I̵_̵r̵e̵,̵o̵f̵R̵e̵a̵l̵_̵i̵m̵,̵m̵u̵l̵_̵z̵e̵r̵o̵,̵I̵_̵i̵m̵,̵z̵e̵r̵o̵_̵m̵u̵l̵,̵
  ̵ ̵ ̵ ̵ ̵ ̵ ̵s̵u̵b̵_̵z̵e̵r̵o̵,̵a̵d̵d̵_̵z̵e̵r̵o̵,̵s̵u̵b̵_̵s̵e̵l̵f̵,̵a̵b̵s̵_̵z̵e̵r̵o̵,̵a̵d̵d̵_̵i̵m̵,̵m̵u̵l̵_̵i̵m̵,̵o̵n̵e̵_̵m̵u̵l̵,̵z̵e̵r̵o̵_̵a̵d̵d̵]̵[̲a̲d̲d̲_̲r̲e̲,̲ ̲o̲f̲R̲e̲a̲l̲_̲r̲e̲,̲ ̲m̲u̲l̲_̲r̲e̲,̲ ̲I̲_̲r̲e̲,̲ ̲o̲f̲R̲e̲a̲l̲_̲i̲m̲,̲ ̲m̲u̲l̲_̲z̲e̲r̲o̲,̲ ̲I̲_̲i̲m̲,̲ ̲z̲e̲r̲o̲_̲m̲u̲l̲,̲ ̲a̲d̲d̲_̲z̲e̲r̲o̲,̲
  ̲ ̲ ̲ ̲ ̲ ̲ ̲s̲u̲b̲_̲s̲e̲l̲f̲,̲ ̲a̲b̲s̲_̲z̲e̲r̲o̲,̲ ̲a̲d̲d̲_̲i̲m̲,̲ ̲m̲u̲l̲_̲i̲m̲,̲ ̲o̲n̲e̲_̲m̲u̲l̲,̲ ̲z̲e̲r̲o̲_̲a̲d̲d̲]̲

Note: This linter can be disabled with `set_option linter.unusedSimpArgs false`
warning: ZhangLS/Spec/Lemma61WideZBounds.lean:27:42: This simp argument is unused:
  add_im

Hint: Omit it from the simp argument list.
  simp only [̵a̵d̵d̵_̵r̵e̵,̵o̵f̵R̵e̵a̵l̵_̵r̵e̵,̵m̵u̵l̵_̵r̵e̵,̵I̵_̵r̵e̵,̵o̵f̵R̵e̵a̵l̵_̵i̵m̵,̵m̵u̵l̵_̵z̵e̵r̵o̵,̵I̵_̵i̵m̵,̵z̵e̵r̵o̵_̵m̵u̵l̵,̵
  ̵ ̵ ̵ ̵ ̵ ̵ ̵s̵u̵b̵_̵z̵e̵r̵o̵,̵a̵d̵d̵_̵z̵e̵r̵o̵,̵s̵u̵b̵_̵s̵e̵l̵f̵,̵a̵b̵s̵_̵z̵e̵r̵o̵,̵a̵d̵d̵_̵i̵m̵,̵m̵u̵l̵_̵i̵m̵,̵o̵n̵e̵_̵m̵u̵l̵,̵z̵e̵r̵o̵_̵a̵d̵d̵]̵[̲a̲d̲d̲_̲r̲e̲,̲ ̲o̲f̲R̲e̲a̲l̲_̲r̲e̲,̲ ̲m̲u̲l̲_̲r̲e̲,̲ ̲I̲_̲r̲e̲,̲ ̲o̲f̲R̲e̲a̲l̲_̲i̲m̲,̲ ̲m̲u̲l̲_̲z̲e̲r̲o̲,̲ ̲I̲_̲i̲m̲,̲ ̲z̲e̲r̲o̲_̲m̲u̲l̲,̲ ̲s̲u̲b̲_̲z̲e̲r̲o̲,̲
  ̲ ̲ ̲ ̲ ̲ ̲ ̲a̲d̲d̲_̲z̲e̲r̲o̲,̲ ̲s̲u̲b̲_̲s̲e̲l̲f̲,̲ ̲a̲b̲s̲_̲z̲e̲r̲o̲,̲ ̲m̲u̲l̲_̲i̲m̲,̲ ̲o̲n̲e̲_̲m̲u̲l̲,̲ ̲z̲e̲r̲o̲_̲a̲d̲d̲]̲

Note: This linter can be disabled with `set_option linter.unusedSimpArgs false`
warning: ZhangLS/Spec/Lemma61WideZBounds.lean:231:89: Used `tac1 <;> tac2` where `(tac1; tac2)` would suffice

Note: This linter can be disabled with `set_option linter.unnecessarySeqFocus false`
⚠ [4843/4871] Replayed ZhangLS.Spec.Lemma61ComplexZShift
warning: ZhangLS/Spec/Lemma61ComplexZShift.lean:19:31: unused variable `hA`

Note: This linter can be disabled with `set_option linter.unusedVariables false`
⚠ [4846/4871] Replayed ZhangLS.Spec.Lemma61RightTruncation
info: ZhangLS/Spec/Lemma61RightTruncation.lean:81:35: Try this:
  [apply] ring_nf
  
  The `ring` tactic failed to close the goal. Use `ring_nf` to obtain a normal form.
    
  Note that `ring` works primarily in *commutative* rings. If you have a noncommutative ring, abelian group or module, consider using `noncomm_ring`, `abel` or `module` instead.
warning: ZhangLS/Spec/Lemma61RightTruncation.lean:100:22: Used `tac1 <;> tac2` where `(tac1; tac2)` would suffice

Note: This linter can be disabled with `set_option linter.unnecessarySeqFocus false`
warning: ZhangLS/Spec/Lemma61RightTruncation.lean:143:17: Used `tac1 <;> tac2` where `(tac1; tac2)` would suffice

Note: This linter can be disabled with `set_option linter.unnecessarySeqFocus false`
⚠ [4847/4871] Replayed ZhangLS.Spec.Lemma61SingleResidue
info: ZhangLS/Spec/Lemma61SingleResidue.lean:83:8: Try this:
  [apply] ring_nf
  
  The `ring` tactic failed to close the goal. Use `ring_nf` to obtain a normal form.
    
  Note that `ring` works primarily in *commutative* rings. If you have a noncommutative ring, abelian group or module, consider using `noncomm_ring`, `abel` or `module` instead.
info: ZhangLS/Spec/Lemma61SingleResidue.lean:98:8: Try this:
  [apply] ring_nf
  
  The `ring` tactic failed to close the goal. Use `ring_nf` to obtain a normal form.
    
  Note that `ring` works primarily in *commutative* rings. If you have a noncommutative ring, abelian group or module, consider using `noncomm_ring`, `abel` or `module` instead.
info: ZhangLS/Spec/Lemma61SingleResidue.lean:113:8: Try this:
  [apply] ring_nf
  
  The `ring` tactic failed to close the goal. Use `ring_nf` to obtain a normal form.
    
  Note that `ring` works primarily in *commutative* rings. If you have a noncommutative ring, abelian group or module, consider using `noncomm_ring`, `abel` or `module` instead.
info: ZhangLS/Spec/Lemma61SingleResidue.lean:128:8: Try this:
  [apply] ring_nf
  
  The `ring` tactic failed to close the goal. Use `ring_nf` to obtain a normal form.
    
  Note that `ring` works primarily in *commutative* rings. If you have a noncommutative ring, abelian group or module, consider using `noncomm_ring`, `abel` or `module` instead.
warning: ZhangLS/Spec/Lemma61SingleResidue.lean:80:8: 'congr 1' tactic does nothing

Note: This linter can be disabled with `set_option linter.unusedTactic false`
warning: ZhangLS/Spec/Lemma61SingleResidue.lean:81:8: 'congr 1' tactic does nothing

Note: This linter can be disabled with `set_option linter.unusedTactic false`
warning: ZhangLS/Spec/Lemma61SingleResidue.lean:95:8: 'congr 1' tactic does nothing

Note: This linter can be disabled with `set_option linter.unusedTactic false`
warning: ZhangLS/Spec/Lemma61SingleResidue.lean:96:8: 'congr 1' tactic does nothing

Note: This linter can be disabled with `set_option linter.unusedTactic false`
warning: ZhangLS/Spec/Lemma61SingleResidue.lean:110:8: 'congr 1' tactic does nothing

Note: This linter can be disabled with `set_option linter.unusedTactic false`
warning: ZhangLS/Spec/Lemma61SingleResidue.lean:111:8: 'congr 1' tactic does nothing

Note: This linter can be disabled with `set_option linter.unusedTactic false`
warning: ZhangLS/Spec/Lemma61SingleResidue.lean:125:8: 'congr 1' tactic does nothing

Note: This linter can be disabled with `set_option linter.unusedTactic false`
warning: ZhangLS/Spec/Lemma61SingleResidue.lean:126:8: 'congr 1' tactic does nothing

Note: This linter can be disabled with `set_option linter.unusedTactic false`
⚠ [4848/4871] Replayed ZhangLS.Spec.Lemma61ReciprocalTailKernel
warning: ZhangLS/Spec/Lemma61ReciprocalTailKernel.lean:65:26: This simp argument is unused:
  zpow_natCast

Hint: Omit it from the simp argument list.
  simp only [zpow_neg,̵z̵p̵o̵w̵_̵n̵a̵t̵C̵a̵s̵t̵]

Note: This linter can be disabled with `set_option linter.unusedSimpArgs false`
warning: ZhangLS/Spec/Lemma61ReciprocalTailKernel.lean:66:17: Used `tac1 <;> tac2` where `(tac1; tac2)` would suffice

Note: This linter can be disabled with `set_option linter.unnecessarySeqFocus false`
⚠ [4851/4871] Replayed ZhangLS.Spec.Lemma61ErrorHorizontalBounds
warning: ZhangLS/Spec/Lemma61ErrorHorizontalBounds.lean:147:13: Used `tac1 <;> tac2` where `(tac1; tac2)` would suffice

Note: This linter can be disabled with `set_option linter.unnecessarySeqFocus false`
⚠ [4856/4871] Replayed ZhangLS.Spec.Lemma61ReciprocalTailTruncation
warning: ZhangLS/Spec/Lemma61ReciprocalTailTruncation.lean:26:34: unused variable `hL`

Note: This linter can be disabled with `set_option linter.unusedVariables false`
warning: ZhangLS/Spec/Lemma61ReciprocalTailTruncation.lean:202:34: This simp argument is unused:
  Complex.ofReal_one

Hint: Omit it from the simp argument list.
  simp only [Complex.ofReal_neg,̵C̵o̵m̵p̵l̵e̵x̵.̵o̵f̵R̵e̵a̵l̵_̵o̵n̵e̵]

Note: This linter can be disabled with `set_option linter.unusedSimpArgs false`
⚠ [4858/4871] Replayed ZhangLS.Spec.Lemma61ShortCutoff
warning: ZhangLS/Spec/Lemma61ShortCutoff.lean:79:62: Used `tac1 <;> tac2` where `(tac1; tac2)` would suffice

Note: This linter can be disabled with `set_option linter.unnecessarySeqFocus false`
⚠ [4859/4871] Replayed ZhangLS.Spec.Lemma61ShortTruncation
warning: ZhangLS/Spec/Lemma61ShortTruncation.lean:82:22: Used `tac1 <;> tac2` where `(tac1; tac2)` would suffice

Note: This linter can be disabled with `set_option linter.unnecessarySeqFocus false`
warning: ZhangLS/Spec/Lemma61ShortTruncation.lean:120:17: Used `tac1 <;> tac2` where `(tac1; tac2)` would suffice

Note: This linter can be disabled with `set_option linter.unnecessarySeqFocus false`
ℹ [4860/4871] Replayed ZhangLS.Spec.Lemma61ReciprocalModel
info: ZhangLS/Spec/Lemma61ReciprocalModel.lean:47:2: Try this:
  [apply] ring_nf
  
  The `ring` tactic failed to close the goal. Use `ring_nf` to obtain a normal form.
    
  Note that `ring` works primarily in *commutative* rings. If you have a noncommutative ring, abelian group or module, consider using `noncomm_ring`, `abel` or `module` instead.
⚠ [4862/4871] Replayed ZhangLS.Spec.Lemma61LeftApproximation
info: ZhangLS/Spec/Lemma61LeftApproximation.lean:56:27: Try this:
  [apply] ring_nf
  
  The `ring` tactic failed to close the goal. Use `ring_nf` to obtain a normal form.
    
  Note that `ring` works primarily in *commutative* rings. If you have a noncommutative ring, abelian group or module, consider using `noncomm_ring`, `abel` or `module` instead.
warning: ZhangLS/Spec/Lemma61LeftApproximation.lean:56:23: Used `tac1 <;> tac2` where `(tac1; tac2)` would suffice

Note: This linter can be disabled with `set_option linter.unnecessarySeqFocus false`
⚠ [4863/4871] Replayed ZhangLS.Spec.Lemma61HorizontalKernel
warning: ZhangLS/Spec/Lemma61HorizontalKernel.lean:24:24: This simp argument is unused:
  zpow_natCast

Hint: Omit it from the simp argument list.
  simp only [zpow_neg,̵z̵p̵o̵w̵_̵n̵a̵t̵C̵a̵s̵t̵]

Note: This linter can be disabled with `set_option linter.unusedSimpArgs false`
warning: ZhangLS/Spec/Lemma61HorizontalKernel.lean:46:34: This simp argument is unused:
  add_im

Hint: Omit it from the simp argument list.
  simp only [̵l̵e̵m̵m̵a̵2̵3̵P̵a̵p̵e̵r̵C̵e̵n̵t̵e̵r̵,̵a̵d̵d̵_̵i̵m̵,̵o̵f̵R̵e̵a̵l̵_̵i̵m̵,̵z̵e̵r̵o̵_̵a̵d̵d̵,̵m̵u̵l̵_̵i̵m̵,̵I̵_̵r̵e̵,̵I̵_̵i̵m̵,̵
  ̵ ̵ ̵ ̵ ̵ ̵ ̵o̵f̵R̵e̵a̵l̵_̵r̵e̵,̵m̵u̵l̵_̵z̵e̵r̵o̵,̵m̵u̵l̵_̵o̵n̵e̵,̵z̵e̵r̵o̵_̵m̵u̵l̵,̵a̵d̵d̵_̵z̵e̵r̵o̵]̵[̲l̲e̲m̲m̲a̲2̲3̲P̲a̲p̲e̲r̲C̲e̲n̲t̲e̲r̲,̲ ̲o̲f̲R̲e̲a̲l̲_̲i̲m̲,̲ ̲z̲e̲r̲o̲_̲a̲d̲d̲,̲ ̲m̲u̲l̲_̲i̲m̲,̲ ̲I̲_̲r̲e̲,̲ ̲I̲_̲i̲m̲,̲ ̲o̲f̲R̲e̲a̲l̲_̲r̲e̲,̲ ̲m̲u̲l̲_̲z̲e̲r̲o̲,̲
  ̲ ̲ ̲ ̲ ̲ ̲ ̲m̲u̲l̲_̲o̲n̲e̲,̲ ̲z̲e̲r̲o̲_̲m̲u̲l̲,̲ ̲a̲d̲d̲_̲z̲e̲r̲o̲]̲

Note: This linter can be disabled with `set_option linter.unusedSimpArgs false`
warning: ZhangLS/Spec/Lemma61HorizontalKernel.lean:46:41: This simp argument is unused:
  ofReal_im

Hint: Omit it from the simp argument list.
  simp only [̵l̵e̵m̵m̵a̵2̵3̵P̵a̵p̵e̵r̵C̵e̵n̵t̵e̵r̵,̵a̵d̵d̵_̵i̵m̵,̵o̵f̵R̵e̵a̵l̵_̵i̵m̵,̵z̵e̵r̵o̵_̵a̵d̵d̵,̵m̵u̵l̵_̵i̵m̵,̵I̵_̵r̵e̵,̵I̵_̵i̵m̵,̵
  ̵ ̵ ̵ ̵ ̵ ̵ ̵o̵f̵R̵e̵a̵l̵_̵r̵e̵,̵m̵u̵l̵_̵z̵e̵r̵o̵,̵m̵u̵l̵_̵o̵n̵e̵,̵z̵e̵r̵o̵_̵m̵u̵l̵,̵a̵d̵d̵_̵z̵e̵r̵o̵]̵[̲l̲e̲m̲m̲a̲2̲3̲P̲a̲p̲e̲r̲C̲e̲n̲t̲e̲r̲,̲ ̲a̲d̲d̲_̲i̲m̲,̲ ̲z̲e̲r̲o̲_̲a̲d̲d̲,̲ ̲m̲u̲l̲_̲i̲m̲,̲ ̲I̲_̲r̲e̲,̲ ̲I̲_̲i̲m̲,̲ ̲o̲f̲R̲e̲a̲l̲_̲r̲e̲,̲ ̲m̲u̲l̲_̲z̲e̲r̲o̲,̲
  ̲ ̲ ̲ ̲ ̲ ̲ ̲m̲u̲l̲_̲o̲n̲e̲,̲ ̲z̲e̲r̲o̲_̲m̲u̲l̲,̲ ̲a̲d̲d̲_̲z̲e̲r̲o̲]̲

Note: This linter can be disabled with `set_option linter.unusedSimpArgs false`
warning: ZhangLS/Spec/Lemma61HorizontalKernel.lean:46:51: This simp argument is unused:
  zero_add

Hint: Omit it from the simp argument list.
  simp only [̵l̵e̵m̵m̵a̵2̵3̵P̵a̵p̵e̵r̵C̵e̵n̵t̵e̵r̵,̵a̵d̵d̵_̵i̵m̵,̵o̵f̵R̵e̵a̵l̵_̵i̵m̵,̵z̵e̵r̵o̵_̵a̵d̵d̵,̵m̵u̵l̵_̵i̵m̵,̵I̵_̵r̵e̵,̵I̵_̵i̵m̵,̵
  ̵ ̵ ̵ ̵ ̵ ̵ ̵o̵f̵R̵e̵a̵l̵_̵r̵e̵,̵m̵u̵l̵_̵z̵e̵r̵o̵,̵m̵u̵l̵_̵o̵n̵e̵,̵z̵e̵r̵o̵_̵m̵u̵l̵,̵a̵d̵d̵_̵z̵e̵r̵o̵]̵[̲l̲e̲m̲m̲a̲2̲3̲P̲a̲p̲e̲r̲C̲e̲n̲t̲e̲r̲,̲ ̲a̲d̲d̲_̲i̲m̲,̲ ̲o̲f̲R̲e̲a̲l̲_̲i̲m̲,̲ ̲m̲u̲l̲_̲i̲m̲,̲ ̲I̲_̲r̲e̲,̲ ̲I̲_̲i̲m̲,̲ ̲o̲f̲R̲e̲a̲l̲_̲r̲e̲,̲ ̲m̲u̲l̲_̲z̲e̲r̲o̲,̲
  ̲ ̲ ̲ ̲ ̲ ̲ ̲m̲u̲l̲_̲o̲n̲e̲,̲ ̲z̲e̲r̲o̲_̲m̲u̲l̲,̲ ̲a̲d̲d̲_̲z̲e̲r̲o̲]̲

Note: This linter can be disabled with `set_option linter.unusedSimpArgs false`
warning: ZhangLS/Spec/Lemma61HorizontalKernel.lean:46:60: This simp argument is unused:
  mul_im

Hint: Omit it from the simp argument list.
  simp only [̵l̵e̵m̵m̵a̵2̵3̵P̵a̵p̵e̵r̵C̵e̵n̵t̵e̵r̵,̵a̵d̵d̵_̵i̵m̵,̵o̵f̵R̵e̵a̵l̵_̵i̵m̵,̵z̵e̵r̵o̵_̵a̵d̵d̵,̵m̵u̵l̵_̵i̵m̵,̵I̵_̵r̵e̵,̵I̵_̵i̵m̵,̵
  ̵ ̵ ̵ ̵ ̵ ̵ ̵o̵f̵R̵e̵a̵l̵_̵r̵e̵,̵m̵u̵l̵_̵z̵e̵r̵o̵,̵m̵u̵l̵_̵o̵n̵e̵,̵z̵e̵r̵o̵_̵m̵u̵l̵,̵a̵d̵d̵_̵z̵e̵r̵o̵]̵[̲l̲e̲m̲m̲a̲2̲3̲P̲a̲p̲e̲r̲C̲e̲n̲t̲e̲r̲,̲ ̲a̲d̲d̲_̲i̲m̲,̲ ̲o̲f̲R̲e̲a̲l̲_̲i̲m̲,̲ ̲z̲e̲r̲o̲_̲a̲d̲d̲,̲ ̲I̲_̲r̲e̲,̲ ̲I̲_̲i̲m̲,̲ ̲o̲f̲R̲e̲a̲l̲_̲r̲e̲,̲ ̲m̲u̲l̲_̲z̲e̲r̲o̲,̲
  ̲ ̲ ̲ ̲ ̲ ̲ ̲m̲u̲l̲_̲o̲n̲e̲,̲ ̲z̲e̲r̲o̲_̲m̲u̲l̲,̲ ̲a̲d̲d̲_̲z̲e̲r̲o̲]̲

Note: This linter can be disabled with `set_option linter.unusedSimpArgs false`
warning: ZhangLS/Spec/Lemma61HorizontalKernel.lean:46:67: This simp argument is unused:
  I_re

Hint: Omit it from the simp argument list.
  simp only [̵l̵e̵m̵m̵a̵2̵3̵P̵a̵p̵e̵r̵C̵e̵n̵t̵e̵r̵,̵a̵d̵d̵_̵i̵m̵,̵o̵f̵R̵e̵a̵l̵_̵i̵m̵,̵z̵e̵r̵o̵_̵a̵d̵d̵,̵m̵u̵l̵_̵i̵m̵,̵I̵_̵r̵e̵,̵I̵_̵i̵m̵,̵
  ̵ ̵ ̵ ̵ ̵ ̵ ̵o̵f̵R̵e̵a̵l̵_̵r̵e̵,̵m̵u̵l̵_̵z̵e̵r̵o̵,̵m̵u̵l̵_̵o̵n̵e̵,̵z̵e̵r̵o̵_̵m̵u̵l̵,̵a̵d̵d̵_̵z̵e̵r̵o̵]̵[̲l̲e̲m̲m̲a̲2̲3̲P̲a̲p̲e̲r̲C̲e̲n̲t̲e̲r̲,̲ ̲a̲d̲d̲_̲i̲m̲,̲ ̲o̲f̲R̲e̲a̲l̲_̲i̲m̲,̲ ̲z̲e̲r̲o̲_̲a̲d̲d̲,̲ ̲m̲u̲l̲_̲i̲m̲,̲ ̲I̲_̲i̲m̲,̲ ̲o̲f̲R̲e̲a̲l̲_̲r̲e̲,̲ ̲m̲u̲l̲_̲z̲e̲r̲o̲,̲
  ̲ ̲ ̲ ̲ ̲ ̲ ̲m̲u̲l̲_̲o̲n̲e̲,̲ ̲z̲e̲r̲o̲_̲m̲u̲l̲,̲ ̲a̲d̲d̲_̲z̲e̲r̲o̲]̲

Note: This linter can be disabled with `set_option linter.unusedSimpArgs false`
warning: ZhangLS/Spec/Lemma61HorizontalKernel.lean:46:72: This simp argument is unused:
  I_im

Hint: Omit it from the simp argument list.
  simp only [̵l̵e̵m̵m̵a̵2̵3̵P̵a̵p̵e̵r̵C̵e̵n̵t̵e̵r̵,̵a̵d̵d̵_̵i̵m̵,̵o̵f̵R̵e̵a̵l̵_̵i̵m̵,̵z̵e̵r̵o̵_̵a̵d̵d̵,̵m̵u̵l̵_̵i̵m̵,̵I̵_̵r̵e̵,̵I̵_̵i̵m̵,̵
  ̵ ̵ ̵ ̵ ̵ ̵ ̵o̵f̵R̵e̵a̵l̵_̵r̵e̵,̵m̵u̵l̵_̵z̵e̵r̵o̵,̵m̵u̵l̵_̵o̵n̵e̵,̵z̵e̵r̵o̵_̵m̵u̵l̵,̵a̵d̵d̵_̵z̵e̵r̵o̵]̵[̲l̲e̲m̲m̲a̲2̲3̲P̲a̲p̲e̲r̲C̲e̲n̲t̲e̲r̲,̲ ̲a̲d̲d̲_̲i̲m̲,̲ ̲o̲f̲R̲e̲a̲l̲_̲i̲m̲,̲ ̲z̲e̲r̲o̲_̲a̲d̲d̲,̲ ̲m̲u̲l̲_̲i̲m̲,̲ ̲I̲_̲r̲e̲,̲ ̲o̲f̲R̲e̲a̲l̲_̲r̲e̲,̲ ̲m̲u̲l̲_̲z̲e̲r̲o̲,̲
  ̲ ̲ ̲ ̲ ̲ ̲ ̲m̲u̲l̲_̲o̲n̲e̲,̲ ̲z̲e̲r̲o̲_̲m̲u̲l̲,̲ ̲a̲d̲d̲_̲z̲e̲r̲o̲]̲

Note: This linter can be disabled with `set_option linter.unusedSimpArgs false`
warning: ZhangLS/Spec/Lemma61HorizontalKernel.lean:47:6: This simp argument is unused:
  ofReal_re

Hint: Omit it from the simp argument list.
  simp only [̵l̵e̵m̵m̵a̵2̵3̵P̵a̵p̵e̵r̵C̵e̵n̵t̵e̵r̵,̵a̵d̵d̵_̵i̵m̵,̵o̵f̵R̵e̵a̵l̵_̵i̵m̵,̵z̵e̵r̵o̵_̵a̵d̵d̵,̵m̵u̵l̵_̵i̵m̵,̵I̵_̵r̵e̵,̵I̵_̵i̵m̵,̵
  ̵ ̵ ̵ ̵ ̵ ̵ ̵o̵f̵R̵e̵a̵l̵_̵r̵e̵,̵m̵u̵l̵_̵z̵e̵r̵o̵,̵m̵u̵l̵_̵o̵n̵e̵,̵z̵e̵r̵o̵_̵m̵u̵l̵,̵a̵d̵d̵_̵z̵e̵r̵o̵]̵[̲l̲e̲m̲m̲a̲2̲3̲P̲a̲p̲e̲r̲C̲e̲n̲t̲e̲r̲,̲ ̲a̲d̲d̲_̲i̲m̲,̲ ̲o̲f̲R̲e̲a̲l̲_̲i̲m̲,̲ ̲z̲e̲r̲o̲_̲a̲d̲d̲,̲ ̲m̲u̲l̲_̲i̲m̲,̲ ̲I̲_̲r̲e̲,̲ ̲I̲_̲i̲m̲,̲ ̲m̲u̲l̲_̲z̲e̲r̲o̲,̲
  ̲ ̲ ̲ ̲ ̲ ̲ ̲m̲u̲l̲_̲o̲n̲e̲,̲ ̲z̲e̲r̲o̲_̲m̲u̲l̲,̲ ̲a̲d̲d̲_̲z̲e̲r̲o̲]̲

Note: This linter can be disabled with `set_option linter.unusedSimpArgs false`
warning: ZhangLS/Spec/Lemma61HorizontalKernel.lean:47:16: This simp argument is unused:
  mul_zero

Hint: Omit it from the simp argument list.
  simp only [̵l̵e̵m̵m̵a̵2̵3̵P̵a̵p̵e̵r̵C̵e̵n̵t̵e̵r̵,̵a̵d̵d̵_̵i̵m̵,̵o̵f̵R̵e̵a̵l̵_̵i̵m̵,̵z̵e̵r̵o̵_̵a̵d̵d̵,̵m̵u̵l̵_̵i̵m̵,̵I̵_̵r̵e̵,̵I̵_̵i̵m̵,̵
  ̵ ̵ ̵ ̵ ̵ ̵ ̵o̵f̵R̵e̵a̵l̵_̵r̵e̵,̵m̵u̵l̵_̵z̵e̵r̵o̵,̵m̵u̵l̵_̵o̵n̵e̵,̵z̵e̵r̵o̵_̵m̵u̵l̵,̵a̵d̵d̵_̵z̵e̵r̵o̵]̵[̲l̲e̲m̲m̲a̲2̲3̲P̲a̲p̲e̲r̲C̲e̲n̲t̲e̲r̲,̲ ̲a̲d̲d̲_̲i̲m̲,̲ ̲o̲f̲R̲e̲a̲l̲_̲i̲m̲,̲ ̲z̲e̲r̲o̲_̲a̲d̲d̲,̲ ̲m̲u̲l̲_̲i̲m̲,̲ ̲I̲_̲r̲e̲,̲ ̲I̲_̲i̲m̲,̲ ̲o̲f̲R̲e̲a̲l̲_̲r̲e̲,̲
  ̲ ̲ ̲ ̲ ̲ ̲ ̲m̲u̲l̲_̲o̲n̲e̲,̲ ̲z̲e̲r̲o̲_̲m̲u̲l̲,̲ ̲a̲d̲d̲_̲z̲e̲r̲o̲]̲

Note: This linter can be disabled with `set_option linter.unusedSimpArgs false`
warning: ZhangLS/Spec/Lemma61HorizontalKernel.lean:47:25: This simp argument is unused:
  mul_one

Hint: Omit it from the simp argument list.
  simp only [̵l̵e̵m̵m̵a̵2̵3̵P̵a̵p̵e̵r̵C̵e̵n̵t̵e̵r̵,̵a̵d̵d̵_̵i̵m̵,̵o̵f̵R̵e̵a̵l̵_̵i̵m̵,̵z̵e̵r̵o̵_̵a̵d̵d̵,̵m̵u̵l̵_̵i̵m̵,̵I̵_̵r̵e̵,̵I̵_̵i̵m̵,̵
  ̵ ̵ ̵ ̵ ̵ ̵ ̵o̵f̵R̵e̵a̵l̵_̵r̵e̵,̵m̵u̵l̵_̵z̵e̵r̵o̵,̵m̵u̵l̵_̵o̵n̵e̵,̵z̵e̵r̵o̵_̵m̵u̵l̵,̵a̵d̵d̵_̵z̵e̵r̵o̵]̵[̲l̲e̲m̲m̲a̲2̲3̲P̲a̲p̲e̲r̲C̲e̲n̲t̲e̲r̲,̲ ̲a̲d̲d̲_̲i̲m̲,̲ ̲o̲f̲R̲e̲a̲l̲_̲i̲m̲,̲ ̲z̲e̲r̲o̲_̲a̲d̲d̲,̲ ̲m̲u̲l̲_̲i̲m̲,̲ ̲I̲_̲r̲e̲,̲ ̲I̲_̲i̲m̲,̲ ̲o̲f̲R̲e̲a̲l̲_̲r̲e̲,̲
  ̲ ̲ ̲ ̲ ̲ ̲ ̲m̲u̲l̲_̲z̲e̲r̲o̲,̲ ̲z̲e̲r̲o̲_̲m̲u̲l̲,̲ ̲a̲d̲d̲_̲z̲e̲r̲o̲]̲

Note: This linter can be disabled with `set_option linter.unusedSimpArgs false`
warning: ZhangLS/Spec/Lemma61HorizontalKernel.lean:47:33: This simp argument is unused:
  zero_mul

Hint: Omit it from the simp argument list.
  simp only [̵l̵e̵m̵m̵a̵2̵3̵P̵a̵p̵e̵r̵C̵e̵n̵t̵e̵r̵,̵a̵d̵d̵_̵i̵m̵,̵o̵f̵R̵e̵a̵l̵_̵i̵m̵,̵z̵e̵r̵o̵_̵a̵d̵d̵,̵m̵u̵l̵_̵i̵m̵,̵I̵_̵r̵e̵,̵I̵_̵i̵m̵,̵
  ̵ ̵ ̵ ̵ ̵ ̵ ̵o̵f̵R̵e̵a̵l̵_̵r̵e̵,̵m̵u̵l̵_̵z̵e̵r̵o̵,̵m̵u̵l̵_̵o̵n̵e̵,̵z̵e̵r̵o̵_̵m̵u̵l̵,̵a̵d̵d̵_̵z̵e̵r̵o̵]̵[̲l̲e̲m̲m̲a̲2̲3̲P̲a̲p̲e̲r̲C̲e̲n̲t̲e̲r̲,̲ ̲a̲d̲d̲_̲i̲m̲,̲ ̲o̲f̲R̲e̲a̲l̲_̲i̲m̲,̲ ̲z̲e̲r̲o̲_̲a̲d̲d̲,̲ ̲m̲u̲l̲_̲i̲m̲,̲ ̲I̲_̲r̲e̲,̲ ̲I̲_̲i̲m̲,̲ ̲o̲f̲R̲e̲a̲l̲_̲r̲e̲,̲
  ̲ ̲ ̲ ̲ ̲ ̲ ̲m̲u̲l̲_̲z̲e̲r̲o̲,̲ ̲m̲u̲l̲_̲o̲n̲e̲,̲ ̲a̲d̲d̲_̲z̲e̲r̲o̲]̲

Note: This linter can be disabled with `set_option linter.unusedSimpArgs false`
warning: ZhangLS/Spec/Lemma61HorizontalKernel.lean:47:42: This simp argument is unused:
  add_zero

Hint: Omit it from the simp argument list.
  simp only [̵l̵e̵m̵m̵a̵2̵3̵P̵a̵p̵e̵r̵C̵e̵n̵t̵e̵r̵,̵a̵d̵d̵_̵i̵m̵,̵o̵f̵R̵e̵a̵l̵_̵i̵m̵,̵z̵e̵r̵o̵_̵a̵d̵d̵,̵m̵u̵l̵_̵i̵m̵,̵I̵_̵r̵e̵,̵I̵_̵i̵m̵,̵
  ̵ ̵ ̵ ̵ ̵ ̵ ̵o̵f̵R̵e̵a̵l̵_̵r̵e̵,̵m̵u̵l̵_̵z̵e̵r̵o̵,̵m̵u̵l̵_̵o̵n̵e̵,̵z̵e̵r̵o̵_̵m̵u̵l̵,̵a̵d̵d̵_̵z̵e̵r̵o̵]̵[̲l̲e̲m̲m̲a̲2̲3̲P̲a̲p̲e̲r̲C̲e̲n̲t̲e̲r̲,̲ ̲a̲d̲d̲_̲i̲m̲,̲ ̲o̲f̲R̲e̲a̲l̲_̲i̲m̲,̲ ̲z̲e̲r̲o̲_̲a̲d̲d̲,̲ ̲m̲u̲l̲_̲i̲m̲,̲ ̲I̲_̲r̲e̲,̲ ̲I̲_̲i̲m̲,̲ ̲o̲f̲R̲e̲a̲l̲_̲r̲e̲,̲
  ̲ ̲ ̲ ̲ ̲ ̲ ̲m̲u̲l̲_̲z̲e̲r̲o̲,̲ ̲m̲u̲l̲_̲o̲n̲e̲,̲ ̲z̲e̲r̲o̲_̲m̲u̲l̲]̲

Note: This linter can be disabled with `set_option linter.unusedSimpArgs false`
⚠ [4864/4871] Replayed ZhangLS.Spec.Lemma61HorizontalLBounds
warning: ZhangLS/Spec/Lemma61HorizontalLBounds.lean:32:17: 'positivity' tactic does nothing

Note: This linter can be disabled with `set_option linter.unusedTactic false`
warning: ZhangLS/Spec/Lemma61HorizontalLBounds.lean:32:17: this tactic is never executed

Note: This linter can be disabled with `set_option linter.unreachableTactic false`
warning: ZhangLS/Spec/Lemma61HorizontalLBounds.lean:51:17: 'positivity' tactic does nothing

Note: This linter can be disabled with `set_option linter.unusedTactic false`
warning: ZhangLS/Spec/Lemma61HorizontalLBounds.lean:51:17: this tactic is never executed

Note: This linter can be disabled with `set_option linter.unreachableTactic false`
⚠ [4865/4871] Replayed ZhangLS.Spec.Lemma61HorizontalTruncation
warning: ZhangLS/Spec/Lemma61HorizontalTruncation.lean:67:60: 'ring' tactic does nothing

Note: This linter can be disabled with `set_option linter.unusedTactic false`
warning: ZhangLS/Spec/Lemma61HorizontalTruncation.lean:67:60: this tactic is never executed

Note: This linter can be disabled with `set_option linter.unreachableTactic false`
warning: ZhangLS/Spec/Lemma61HorizontalTruncation.lean:74:71: Used `tac1 <;> tac2` where `(tac1; tac2)` would suffice

Note: This linter can be disabled with `set_option linter.unnecessarySeqFocus false`
⚠ [4866/4871] Replayed ZhangLS.Spec.Lemma61Approximation
info: ZhangLS/Spec/Lemma61Approximation.lean:61:74: Try this:
  [apply] ring_nf
  
  The `ring` tactic failed to close the goal. Use `ring_nf` to obtain a normal form.
    
  Note that `ring` works primarily in *commutative* rings. If you have a noncommutative ring, abelian group or module, consider using `noncomm_ring`, `abel` or `module` instead.
warning: ZhangLS/Spec/Lemma61Approximation.lean:61:70: Used `tac1 <;> tac2` where `(tac1; tac2)` would suffice

Note: This linter can be disabled with `set_option linter.unnecessarySeqFocus false`
Build completed successfully (4871 jobs).
== Stage 3/3: audit regression modules ==
'ZhangLS.Spec.lemma55_actual_zeta_zero_removed_higher_logDeriv_bound' depends on axioms: [propext,
 Classical.choice,
 Quot.sound]
'ZhangLS.Spec.lemma55_actual_zeta_higher_logDeriv_remainder_eq' depends on axioms: [propext,
 Classical.choice,
 Quot.sound]
'ZhangLS.Spec.lemma55_actual_zeta_higher_logDeriv_remainder_bound' depends on axioms: [propext,
 Classical.choice,
 Quot.sound]
'ZhangLS.Spec.lemma55_actual_zeta_normalized_logDeriv_remainder_bound' depends on axioms: [propext,
 Classical.choice,
 Quot.sound]
'ZhangLS.Spec.lemma55_actual_zeta_logDeriv_remainder_sum_bound' depends on axioms: [propext,
 Classical.choice,
 Quot.sound]
'ZhangLS.Spec.lemma55_zeta_trivial_L_eq' depends on axioms: [propext, Classical.choice, Quot.sound]
'ZhangLS.Spec.lemma55_actual_zeta_norm_lower' depends on axioms: [propext, Classical.choice, Quot.sound]
'ZhangLS.Spec.lemma55_actual_zeta_pole_removed_analyticAt' depends on axioms: [propext, Classical.choice, Quot.sound]
'ZhangLS.Spec.lemma55_actual_zeta_pole_removed_at_one' depends on axioms: [propext, Classical.choice, Quot.sound]
'ZhangLS.Spec.lemma55_actual_zeta_pole_removed_center_lower' depends on axioms: [propext, Classical.choice, Quot.sound]
'ZhangLS.Spec.lemma55_actual_zeta_pole_removed_disk_bound' depends on axioms: [propext, Classical.choice, Quot.sound]
'ZhangLS.Spec.lemma55_actual_zeta_pole_removed_zero_iff' depends on axioms: [propext, Classical.choice, Quot.sound]
'ZhangLS.Spec.lemma55_actual_zeta_pole_removed_zero_re_lt_one' depends on axioms: [propext,
 Classical.choice,
 Quot.sound]
'ZhangLS.Spec.lemma55_actual_zeta_pole_removed_order_finite' depends on axioms: [propext, Classical.choice, Quot.sound]
'ZhangLS.Spec.lemma55_actual_zeta_pole_removed_logDeriv' depends on axioms: [propext, Classical.choice, Quot.sound]
'ZhangLS.Spec.lemma55_actual_zeta_pole_removed_higher_logDeriv' depends on axioms: [propext,
 Classical.choice,
 Quot.sound]
'ZhangLS.Spec.lemma55_actual_zeta_jensen_multiplicity_bound' depends on axioms: [propext, Classical.choice, Quot.sound]
'ZhangLS.Spec.lemma55_actual_zeta_zero_factor_logDeriv' depends on axioms: [propext, Classical.choice, Quot.sound]
'ZhangLS.Spec.lemma55_actual_zeta_removed_local_logDeriv_formula' depends on axioms: [propext,
 Classical.choice,
 Quot.sound]
'ZhangLS.Spec.lemma55_actual_zeta_zero_removed_center_logDeriv_bound' depends on axioms: [propext,
 Classical.choice,
 Quot.sound]
'ZhangLS.Spec.lemma55_actual_zeta_center_local_logDeriv_formula' depends on axioms: [propext,
 Classical.choice,
 Quot.sound]
'ZhangLS.Spec.lemma55_actual_zeta_center_local_logDeriv_error' depends on axioms: [propext,
 Classical.choice,
 Quot.sound]
'ZhangLS.Spec.lemma55_actual_zeta_right_analytic' depends on axioms: [propext, Classical.choice, Quot.sound]
'ZhangLS.Spec.lemma55_zeta_disk_re_pos' depends on axioms: [propext, Classical.choice, Quot.sound]
'ZhangLS.Spec.lemma55_actual_zeta_disk_analytic' depends on axioms: [propext, Classical.choice, Quot.sound]
'ZhangLS.Spec.lemma55_actual_zeta_order_eq_removed' depends on axioms: [propext, Classical.choice, Quot.sound]
'ZhangLS.Spec.lemma55_actual_zeta_order_nat_eq_removed' depends on axioms: [propext, Classical.choice, Quot.sound]
'ZhangLS.Spec.lemma55_actual_zeta_local_divisor_eq_order' depends on axioms: [propext, Classical.choice, Quot.sound]
'ZhangLS.Spec.lemma55_mem_actual_zeta_local_zero_finset' depends on axioms: [propext, Classical.choice, Quot.sound]
'ZhangLS.Spec.lemma55_actual_zeta_local_zero_order_nat_eq' depends on axioms: [propext, Classical.choice, Quot.sound]
'ZhangLS.Spec.lemma55_actual_zeta_local_zero_order_pos' depends on axioms: [propext, Classical.choice, Quot.sound]
'ZhangLS.Spec.lemma55_actual_zeta_local_multiplicity_eq_count' depends on axioms: [propext,
 Classical.choice,
 Quot.sound]
'ZhangLS.Spec.lemma55_actual_zeta_local_multiplicity_bound' depends on axioms: [propext, Classical.choice, Quot.sound]
'ZhangLS.Spec.lemma55_actual_zeta_normalized_odd_power_error_bound' depends on axioms: [propext,
 Classical.choice,
 Quot.sound]
'ZhangLS.Spec.lemma55_actual_zeta_weighted_power_error_uniform_bound' depends on axioms: [propext,
 Classical.choice,
 Quot.sound]
'ZhangLS.Spec.lemma55_actual_zeta_weighted_real_power_error_uniform_bound' depends on axioms: [propext,
 Classical.choice,
 Quot.sound]
'ZhangLS.Spec.lemma55_actual_zeta_weighted_pole_correction' depends on axioms: [propext, Classical.choice, Quot.sound]
'ZhangLS.Spec.lemma55_actual_zeta_zero_factor_eq_product' depends on axioms: [propext, Classical.choice, Quot.sound]
'ZhangLS.Spec.lemma55_actual_zeta_zero_factor_center_bound' depends on axioms: [propext, Classical.choice, Quot.sound]
'ZhangLS.Spec.lemma55_actual_zeta_zero_factor_outer_lower_bound' depends on axioms: [propext,
 Classical.choice,
 Quot.sound]
'ZhangLS.Spec.lemma55_actual_zeta_zero_factor_outer_ne_zero' depends on axioms: [propext, Classical.choice, Quot.sound]
'ZhangLS.Spec.lemma55_actual_zeta_removed_meromorphic_order' depends on axioms: [propext, Classical.choice, Quot.sound]
'ZhangLS.Spec.lemma55_actual_zeta_zero_factor_analytic' depends on axioms: [propext, Classical.choice, Quot.sound]
'ZhangLS.Spec.lemma55_actual_zeta_zero_factor_order' depends on axioms: [propext, Classical.choice, Quot.sound]
'ZhangLS.Spec.lemma55_actual_zeta_zero_removed_order' depends on axioms: [propext, Classical.choice, Quot.sound]
'ZhangLS.Spec.lemma55_actual_zeta_zero_removed_analytic' depends on axioms: [propext, Classical.choice, Quot.sound]
'ZhangLS.Spec.lemma55_actual_zeta_zero_removed_ne_zero' depends on axioms: [propext, Classical.choice, Quot.sound]
'ZhangLS.Spec.lemma55_actual_zeta_zero_removed_eq_quotient' depends on axioms: [propext, Classical.choice, Quot.sound]
'ZhangLS.Spec.lemma55_actual_zeta_zero_factorization' depends on axioms: [propext, Classical.choice, Quot.sound]
'ZhangLS.Spec.lemma55_actual_zeta_local_zero_higher_derivative' depends on axioms: [propext,
 Classical.choice,
 Quot.sound]
'ZhangLS.Spec.lemma55_actual_zeta_power_sum_remainder_norm_eq' depends on axioms: [propext,
 Classical.choice,
 Quot.sound]
'ZhangLS.Spec.lemma55_actual_zeta_power_sum_remainder_bound' depends on axioms: [propext, Classical.choice, Quot.sound]
'ZhangLS.Spec.lemma55_actual_zeta_power_sum_remainder_sum_bound' depends on axioms: [propext,
 Classical.choice,
 Quot.sound]
'ZhangLS.Spec.lemma55_actual_zeta_normalized_pole_correction' depends on axioms: [propext, Classical.choice, Quot.sound]
'ZhangLS.Spec.lemma55_actual_zeta_zero_power_sum_eq' depends on axioms: [propext, Classical.choice, Quot.sound]
'ZhangLS.Spec.lemma55_actual_zeta_pole_corrected_power_error_bound' depends on axioms: [propext,
 Classical.choice,
 Quot.sound]
'ZhangLS.Spec.lemma55_actual_zeta_zero_removed_outer_bound' depends on axioms: [propext, Classical.choice, Quot.sound]
'ZhangLS.Spec.lemma55_actual_zeta_zero_removed_closed_disk_bound' depends on axioms: [propext,
 Classical.choice,
 Quot.sound]
'ZhangLS.Spec.lemma55_actual_zeta_zero_removed_center_lower_bound' depends on axioms: [propext,
 Classical.choice,
 Quot.sound]
'ZhangLS.Spec.lemma55_zeta_zero_removed_ratio_bound_gt_one' depends on axioms: [propext, Classical.choice, Quot.sound]
'ZhangLS.Spec.lemma55_actual_zeta_zero_removed_ratio_bound' depends on axioms: [propext, Classical.choice, Quot.sound]
'ZhangLS.Spec.lemma55_actual_zeta_zero_removed_log_ratio_bound' depends on axioms: [propext,
 Classical.choice,
 Quot.sound]
'ZhangLS.Spec.lemma55_actual_zeta_zero_removed_log_exists' depends on axioms: [propext, Classical.choice, Quot.sound]
'ZhangLS.Spec.lemma55_actual_zeta_zero_removed_log_hasDerivAt' depends on axioms: [propext,
 Classical.choice,
 Quot.sound]
'ZhangLS.Spec.lemma55_actual_zeta_zero_removed_log_closed_bound' depends on axioms: [propext,
 Classical.choice,
 Quot.sound]
'ZhangLS.Spec.lemma55_actual_zeta_zero_removed_log_cauchy_bound' depends on axioms: [propext,
 Classical.choice,
 Quot.sound]
'ZhangLS.Spec.lemma55_actual_mangoldt_twist_summable' depends on axioms: [propext, Classical.choice, Quot.sound]
'ZhangLS.Spec.lemma55_actual_mangoldt_abscissa' depends on axioms: [propext, Classical.choice, Quot.sound]
'ZhangLS.Spec.lemma55_actual_logDeriv_mangoldt' depends on axioms: [propext, Classical.choice, Quot.sound]
'ZhangLS.Spec.lemma55_actual_higher_logDeriv_mangoldt' depends on axioms: [propext, Classical.choice, Quot.sound]
'ZhangLS.Spec.lemma55_actual_normalized_logDeriv_mangoldt' depends on axioms: [propext, Classical.choice, Quot.sound]
'ZhangLS.Spec.lemma55_actual_zeta_normalized_mangoldt' depends on axioms: [propext, Classical.choice, Quot.sound]
'ZhangLS.Spec.lemma55_nonnegative_series_height_bound' depends on axioms: [propext, Classical.choice, Quot.sound]
'ZhangLS.Spec.lemma55_nonnegative_series_two_heights' depends on axioms: [propext, Classical.choice, Quot.sound]
'ZhangLS.Spec.lemma55_mangoldt_trivial' depends on axioms: [propext, Classical.choice, Quot.sound]
'ZhangLS.Spec.lemma55_actual_mangoldt_positive' depends on axioms: [propext, Classical.choice, Quot.sound]
'ZhangLS.Spec.lemma55_log_power_nonnegative' depends on axioms: [propext, Classical.choice, Quot.sound]
'ZhangLS.Spec.lemma55_log_power_add' depends on axioms: [propext, Classical.choice, Quot.sound]
'ZhangLS.Spec.lemma55_actual_log_power_summable' depends on axioms: [propext, Classical.choice, Quot.sound]
'ZhangLS.Spec.lemma55_actual_combined_mangoldt_summable' depends on axioms: [propext, Classical.choice, Quot.sound]
'ZhangLS.Spec.lemma55_actual_two_function_mangoldt' depends on axioms: [propext, Classical.choice, Quot.sound]
'ZhangLS.Spec.lemma55_actual_four_logDeriv_nonpos' depends on axioms: [propext, Classical.choice, Quot.sound]
'ZhangLS.Spec.lemma55_actual_weighted_four_logDeriv_nonpos' depends on axioms: [propext, Classical.choice, Quot.sound]
'ZhangLS.Spec.lemma55_distant_inverse_square_ratio' depends on axioms: [propext, Classical.choice, Quot.sound]
'ZhangLS.Spec.lemma55_distant_geometric_sum_bound' depends on axioms: [propext, Classical.choice, Quot.sound]
'ZhangLS.Spec.lemma55_distant_weighted_kernel_bound' depends on axioms: [propext, Classical.choice, Quot.sound]
'ZhangLS.Spec.lemma55_actual_exceptional_outside_local_disk_distance' depends on axioms: [propext,
 Classical.choice,
 Quot.sound]
'ZhangLS.Spec.lemma55_actual_exceptional_outside_local_disk_tail_bound' depends on axioms: [propext,
 Classical.choice,
 Quot.sound]
'ZhangLS.Spec.lemma55_actual_combined_remaining_error_bound' depends on axioms: [propext, Classical.choice, Quot.sound]
'ZhangLS.Spec.lemma55_actual_removed_pair_pole_identity' depends on axioms: [propext, Classical.choice, Quot.sound]
'ZhangLS.Spec.lemma55_actual_combined_removed_derivative_nonpos' depends on axioms: [propext,
 Classical.choice,
 Quot.sound]
'ZhangLS.Spec.lemma55_actual_local_pole_difference_eq' depends on axioms: [propext, Classical.choice, Quot.sound]
'ZhangLS.Spec.lemma55_actual_local_pole_difference_bound' depends on axioms: [propext, Classical.choice, Quot.sound]
'ZhangLS.Spec.lemma55_actual_combined_remaining_real_upper_bound' depends on axioms: [propext,
 Classical.choice,
 Quot.sound]
'ZhangLS.Spec.lemma55_mem_four_zero_finset' depends on axioms: [propext, Classical.choice, Quot.sound]
'ZhangLS.Spec.lemma55_actual_zeta_inverse_square_norm_bounds' depends on axioms: [propext, Classical.choice, Quot.sound]
'ZhangLS.Spec.lemma55_actual_tagged_zero_order_pos' depends on axioms: [propext, Classical.choice, Quot.sound]
'ZhangLS.Spec.lemma55_actual_tagged_inverse_square_bounds' depends on axioms: [propext, Classical.choice, Quot.sound]
'ZhangLS.Spec.lemma55_removed_zero_order_sum_bound' depends on axioms: [propext, Classical.choice, Quot.sound]
'ZhangLS.Spec.lemma55_actual_four_zero_order_sum_bound' depends on axioms: [propext, Classical.choice, Quot.sound]
'ZhangLS.Spec.lemma55_actual_tagged_power_sum_eq' depends on axioms: [propext, Classical.choice, Quot.sound]
'ZhangLS.Spec.lemma55_tagged_normalized_power_sum' depends on axioms: [propext, Classical.choice, Quot.sound]
'ZhangLS.Spec.lemma55_actual_weighted_tagged_power_sum_eq' depends on axioms: [propext, Classical.choice, Quot.sound]
'ZhangLS.Spec.lemma55_actual_weighted_tagged_real_sum_eq' depends on axioms: [propext, Classical.choice, Quot.sound]
'ZhangLS.Spec.lemma55_original_other_zero_in_four_families' depends on axioms: [propext, Classical.choice, Quot.sound]
'ZhangLS.Spec.lemma55_actual_common_maximum_weighted_detection' depends on axioms: [propext,
 Classical.choice,
 Quot.sound]
'ZhangLS.Spec.lemma55_original_other_zero_four_detected' depends on axioms: [propext, Classical.choice, Quot.sound]
'ZhangLS.Spec.lemma55_repulsion_error_constant_pos' depends on axioms: [propext, Classical.choice, Quot.sound]
'ZhangLS.Spec.lemma55_repulsion_degree_bounds' depends on axioms: [propext, Classical.choice, Quot.sound]
'ZhangLS.Spec.lemma55_repulsion_exponential_cost' depends on axioms: [propext, Classical.choice, Quot.sound]
'ZhangLS.Spec.lemma55_repulsion_exceptional_cost_bound' depends on axioms: [propext, Classical.choice, Quot.sound]
'ZhangLS.Spec.lemma55_repulsion_strict_budget' depends on axioms: [propext, Classical.choice, Quot.sound]
'ZhangLS.Spec.lemma55_uniform_repulsion_modulus_threshold' depends on axioms: [propext, Classical.choice, Quot.sound]
'ZhangLS.Spec.lemma55_actual_full_zero_exclusion' depends on axioms: [propext, Classical.choice, Quot.sound]
'ZhangLS.Spec.lemma55_at_constant_sixty_four' depends on axioms: [propext, Classical.choice, Quot.sound]
'ZhangLS.Spec.lemma55_proved' depends on axioms: [propext, Classical.choice, Quot.sound]
'ZhangLS.Spec.lemma58_error_constant_pos' depends on axioms: [propext, Classical.choice, Quot.sound]
'ZhangLS.Spec.lemma58_alpha_eq_log_power' depends on axioms: [propext, Classical.choice, Quot.sound]
'ZhangLS.Spec.lemma58_original_radius_in_taylor_disk' depends on axioms: [propext, Classical.choice, Quot.sound]
'ZhangLS.Spec.lemma58_actual_value_at_one_small' depends on axioms: [propext, Classical.choice, Quot.sound]
'ZhangLS.Spec.lemma58_actual_full_disk_linear_error' depends on axioms: [propext, Classical.choice, Quot.sound]
'ZhangLS.Spec.lemma58_at_explicit_constant' depends on axioms: [propext, Classical.choice, Quot.sound]
'ZhangLS.Spec.lemma58_proved' depends on axioms: [propext, Classical.choice, Quot.sound]
'ZhangLS.Spec.lemma56_mem_paper_primes' depends on axioms: [propext, Classical.choice, Quot.sound]
'ZhangLS.Spec.lemma56_paper_prime_family' depends on axioms: [propext, Classical.choice, Quot.sound]
'ZhangLS.Spec.lemma56_prime_mass_nonneg' depends on axioms: [propext, Classical.choice, Quot.sound]
'ZhangLS.Spec.lemma56_paper_T_pos' depends on axioms: [propext, Classical.choice, Quot.sound]
'ZhangLS.Spec.lemma56_decay_pos' depends on axioms: [propext, Classical.choice, Quot.sound]
'ZhangLS.Spec.lemma56_principal_paper_sum_zero_height' depends on axioms: [propext, Classical.choice, Quot.sound]
'ZhangLS.Spec.lemma56_principal_paper_decay_requires_absorption' depends on axioms: [propext,
 Classical.choice,
 Quot.sound]
'ZhangLS.Spec.lemma56AbelPartialSum_measurable' depends on axioms: [propext, Classical.choice, Quot.sound]
'ZhangLS.Spec.lemma56_norm_abelPartialSum_le' depends on axioms: [propext, Classical.choice, Quot.sound]
'ZhangLS.Spec.lemma56_abelIntegral_eq_mellin' depends on axioms: [propext, Classical.choice, Quot.sound]
'ZhangLS.Spec.lemma56AbelMellin_differentiableAt' depends on axioms: [propext, Classical.choice, Quot.sound]
'ZhangLS.Spec.lemma56_actual_LFunction_eq_abelIntegral_re_pos' depends on axioms: [propext,
 Classical.choice,
 Quot.sound]
'ZhangLS.Spec.lemma56_actual_LFunction_bound_re_pos' depends on axioms: [propext, Classical.choice, Quot.sound]
'ZhangLS.Spec.lemma56_actual_LFunction_bound_critical_line' depends on axioms: [propext, Classical.choice, Quot.sound]
'ZhangLS.Spec.lemma56_actual_abel_integrand_integrable' depends on axioms: [propext, Classical.choice, Quot.sound]
'ZhangLS.Spec.lemma56_actual_abelIntegral_norm_bound' depends on axioms: [propext, Classical.choice, Quot.sound]
'ZhangLS.Spec.lemma56_actual_LFunction_bound_re_gt_one' depends on axioms: [propext, Classical.choice, Quot.sound]
'ZhangLS.Spec.lemma56_character_sum_one_period_eq_zero' depends on axioms: [propext, Classical.choice, Quot.sound]
'ZhangLS.Spec.lemma56_character_sum_nat_one_period_eq_zero' depends on axioms: [propext, Classical.choice, Quot.sound]
'ZhangLS.Spec.lemma56_character_sum_block_eq_zero' depends on axioms: [propext, Classical.choice, Quot.sound]
'ZhangLS.Spec.lemma56_character_norm_sum_range_le_modulus' depends on axioms: [propext, Classical.choice, Quot.sound]
'ZhangLS.Spec.lemma56_character_norm_sum_Icc_le_modulus' depends on axioms: [propext, Classical.choice, Quot.sound]
'ZhangLS.Spec.lemma56_character_sum_Icc_isBigO_one' depends on axioms: [propext, Classical.choice, Quot.sound]
'ZhangLS.Spec.lemma56_actual_LFunction_eq_abelIntegral' depends on axioms: [propext, Classical.choice, Quot.sound]
'ZhangLS.Spec.lemma56_actual_jensen_disk_bound' depends on axioms: [propext, Classical.choice, Quot.sound]
'ZhangLS.Spec.lemma56_actual_L_analyticOnNhd' depends on axioms: [propext, Classical.choice, Quot.sound]
'ZhangLS.Spec.lemma56_actual_jensen_center_lower_bound' depends on axioms: [propext, Classical.choice, Quot.sound]
'ZhangLS.Spec.lemma56_actual_jensen_center_ne_zero' depends on axioms: [propext, Classical.choice, Quot.sound]
'ZhangLS.Spec.lemma56_actual_jensen_multiplicity_bound' depends on axioms: [propext, Classical.choice, Quot.sound]
'ZhangLS.Spec.lemma56_actual_jensen_paper_budget' depends on axioms: [propext, Classical.choice, Quot.sound]
'ZhangLS.Spec.lemma56_actual_primitive_pair_jensen_bounds' depends on axioms: [propext, Classical.choice, Quot.sound]
'ZhangLS.Spec.lemma56_actual_mangoldt_abscissa' depends on axioms: [propext, Classical.choice, Quot.sound]
'ZhangLS.Spec.lemma56_actual_logDeriv_mangoldt' depends on axioms: [propext, Classical.choice, Quot.sound]
'ZhangLS.Spec.lemma56_actual_higher_logDeriv_mangoldt' depends on axioms: [propext, Classical.choice, Quot.sound]
'ZhangLS.Spec.lemma56_actual_normalized_logDeriv_mangoldt' depends on axioms: [propext, Classical.choice, Quot.sound]
'ZhangLS.Spec.lemma56_actual_log_power_summable' depends on axioms: [propext, Classical.choice, Quot.sound]
'ZhangLS.Spec.lemma56_nonnegative_majorant_series_bound' depends on axioms: [propext, Classical.choice, Quot.sound]
'ZhangLS.Spec.lemma56_log_power_twist' depends on axioms: [propext, Classical.choice, Quot.sound]
'ZhangLS.Spec.lemma56_actual_twisted_positive_coeffs' depends on axioms: [propext, Classical.choice, Quot.sound]
'ZhangLS.Spec.lemma56_actual_twisted_coeff_norm_bound' depends on axioms: [propext, Classical.choice, Quot.sound]
'ZhangLS.Spec.lemma56_actual_twisted_coeffs_summable' depends on axioms: [propext, Classical.choice, Quot.sound]
'ZhangLS.Spec.lemma56_actual_twisted_pair_mangoldt' depends on axioms: [propext, Classical.choice, Quot.sound]
'ZhangLS.Spec.lemma56_actual_four_function_logDeriv_nonpos' depends on axioms: [propext, Classical.choice, Quot.sound]
'ZhangLS.Spec.lemma56_actual_weighted_four_function_nonpos' depends on axioms: [propext, Classical.choice, Quot.sound]
'ZhangLS.Spec.lemma56_lseries_term_square_bound' depends on axioms: [propext, Classical.choice, Quot.sound]
'ZhangLS.Spec.lemma56_actual_L_distance_to_one_bound' depends on axioms: [propext, Classical.choice, Quot.sound]
'ZhangLS.Spec.lemma56_actual_L_norm_lower_bound' depends on axioms: [propext, Classical.choice, Quot.sound]
'ZhangLS.Spec.lemma56_principal_one_primitive' depends on axioms: [propext, Classical.choice, Quot.sound]
'ZhangLS.Spec.lemma56_principal_one_apply_nat' depends on axioms: [propext, Classical.choice, Quot.sound]
'ZhangLS.Spec.lemma56_principal_zero_height_prime_sum' depends on axioms: [propext, Classical.choice, Quot.sound]
'ZhangLS.Spec.lemma56_principal_zero_height_prime_sum_norm' depends on axioms: [propext, Classical.choice, Quot.sound]
'ZhangLS.Spec.lemma56_principal_decay_requires_absorption' depends on axioms: [propext, Classical.choice, Quot.sound]
'ZhangLS.Spec.lemma56_principal_one_differs_from_real_character' depends on axioms: [propext,
 Classical.choice,
 Quot.sound]
'ZhangLS.Spec.lemma56_principal_twist_lifts_equal' depends on axioms: [propext, Classical.choice, Quot.sound]
'ZhangLS.Spec.lemma56_principal_twist_conductors_equal' depends on axioms: [propext, Classical.choice, Quot.sound]
'ZhangLS.Spec.lemma56_principal_twist_characters_equal' depends on axioms: [propext, Classical.choice, Quot.sound]
'ZhangLS.Spec.lemma56_distinct_primitive_twist_nonprincipal' depends on axioms: [propext, Classical.choice, Quot.sound]
'ZhangLS.Spec.lemma56_primitive_positive_level_nonprincipal' depends on axioms: [propext, Classical.choice, Quot.sound]
'ZhangLS.Spec.lemma56_actual_distinct_twist_entire' depends on axioms: [propext, Classical.choice, Quot.sound]
'ZhangLS.Spec.lemma56_actual_nonprincipal_primitive_entire' depends on axioms: [propext, Classical.choice, Quot.sound]
'ZhangLS.Spec.lemma56_actual_analytic_order_finite' depends on axioms: [propext, Classical.choice, Quot.sound]
'ZhangLS.Spec.lemma56_actual_local_divisor_eq_order' depends on axioms: [propext, Classical.choice, Quot.sound]
'ZhangLS.Spec.lemma56_mem_actual_local_zero_finset' depends on axioms: [propext, Classical.choice, Quot.sound]
'ZhangLS.Spec.lemma56_actual_local_zero_order_pos' depends on axioms: [propext, Classical.choice, Quot.sound]
'ZhangLS.Spec.lemma56_actual_multiplicity_count_eq_sum_orders' depends on axioms: [propext,
 Classical.choice,
 Quot.sound]
'ZhangLS.Spec.lemma56_actual_local_zero_card_bound' depends on axioms: [propext, Classical.choice, Quot.sound]
'ZhangLS.Spec.lemma56_actual_meromorphic_order_eq_nat' depends on axioms: [propext, Classical.choice, Quot.sound]
'ZhangLS.Spec.lemma56_actual_zero_factor_analytic' depends on axioms: [propext, Classical.choice, Quot.sound]
'ZhangLS.Spec.lemma56_actual_zero_factor_order' depends on axioms: [propext, Classical.choice, Quot.sound]
'ZhangLS.Spec.lemma56_actual_zero_removed_order' depends on axioms: [propext, Classical.choice, Quot.sound]
'ZhangLS.Spec.lemma56_actual_zero_removed_analytic' depends on axioms: [propext, Classical.choice, Quot.sound]
'ZhangLS.Spec.lemma56_actual_zero_removed_ne_zero' depends on axioms: [propext, Classical.choice, Quot.sound]
'ZhangLS.Spec.lemma56_actual_zero_removed_eq_quotient' depends on axioms: [propext, Classical.choice, Quot.sound]
'ZhangLS.Spec.lemma56_actual_zero_factorization' depends on axioms: [propext, Classical.choice, Quot.sound]
'ZhangLS.Spec.lemma56_actual_zero_factor_eq_product' depends on axioms: [propext, Classical.choice, Quot.sound]
'ZhangLS.Spec.lemma56_actual_local_multiplicity_eq_count' depends on axioms: [propext, Classical.choice, Quot.sound]
'ZhangLS.Spec.lemma56_actual_zero_factor_center_bound' depends on axioms: [propext, Classical.choice, Quot.sound]
'ZhangLS.Spec.lemma56_actual_zero_factor_outer_lower_bound' depends on axioms: [propext, Classical.choice, Quot.sound]
'ZhangLS.Spec.lemma56_actual_zero_factor_outer_ne_zero' depends on axioms: [propext, Classical.choice, Quot.sound]
'ZhangLS.Spec.lemma56_actual_local_multiplicity_bound' depends on axioms: [propext, Classical.choice, Quot.sound]
'ZhangLS.Spec.lemma56_actual_zero_removed_outer_bound' depends on axioms: [propext, Classical.choice, Quot.sound]
'ZhangLS.Spec.lemma56_actual_zero_removed_closed_disk_bound' depends on axioms: [propext, Classical.choice, Quot.sound]
'ZhangLS.Spec.lemma56_actual_zero_removed_center_lower_bound' depends on axioms: [propext, Classical.choice, Quot.sound]
'ZhangLS.Spec.lemma56_jensen_log_size_pos' depends on axioms: [propext, Classical.choice, Quot.sound]
'ZhangLS.Spec.lemma56_zero_removed_ratio_bound_gt_one' depends on axioms: [propext, Classical.choice, Quot.sound]
'ZhangLS.Spec.lemma56_actual_zero_removed_ratio_bound' depends on axioms: [propext, Classical.choice, Quot.sound]
'ZhangLS.Spec.lemma56_actual_zero_removed_log_ratio_bound' depends on axioms: [propext, Classical.choice, Quot.sound]
'ZhangLS.Spec.lemma56_actual_zero_removed_log_exists' depends on axioms: [propext, Classical.choice, Quot.sound]
'ZhangLS.Spec.lemma56_actual_zero_removed_log_hasDerivAt' depends on axioms: [propext, Classical.choice, Quot.sound]
'ZhangLS.Spec.lemma56_actual_zero_removed_log_closed_bound' depends on axioms: [propext, Classical.choice, Quot.sound]
'ZhangLS.Spec.lemma56_actual_zero_removed_log_cauchy_bound' depends on axioms: [propext, Classical.choice, Quot.sound]
'ZhangLS.Spec.lemma56_actual_zero_factor_logDeriv' depends on axioms: [propext, Classical.choice, Quot.sound]
'ZhangLS.Spec.lemma56_actual_local_logDeriv_formula' depends on axioms: [propext, Classical.choice, Quot.sound]
'ZhangLS.Spec.lemma56_actual_zero_removed_higher_logDeriv_bound' depends on axioms: [propext,
 Classical.choice,
 Quot.sound]
'ZhangLS.Spec.lemma56_actual_higher_logDeriv_remainder_eq' depends on axioms: [propext, Classical.choice, Quot.sound]
'ZhangLS.Spec.lemma56_actual_higher_logDeriv_remainder_bound' depends on axioms: [propext, Classical.choice, Quot.sound]
'ZhangLS.Spec.lemma56_actual_normalized_logDeriv_remainder_bound' depends on axioms: [propext,
 Classical.choice,
 Quot.sound]
'ZhangLS.Spec.lemma56_actual_logDeriv_remainder_sum_bound' depends on axioms: [propext, Classical.choice, Quot.sound]
'ZhangLS.Spec.lemma56_actual_local_zero_higher_derivative' depends on axioms: [propext, Classical.choice, Quot.sound]
'ZhangLS.Spec.lemma56_actual_power_sum_remainder_norm_eq' depends on axioms: [propext, Classical.choice, Quot.sound]
'ZhangLS.Spec.lemma56_actual_power_sum_remainder_bound' depends on axioms: [propext, Classical.choice, Quot.sound]
'ZhangLS.Spec.lemma56_actual_power_sum_remainder_sum_bound' depends on axioms: [propext, Classical.choice, Quot.sound]
'ZhangLS.Spec.lemma56_actual_normalized_odd_power_error_bound' depends on axioms: [propext,
 Classical.choice,
 Quot.sound]
'ZhangLS.Spec.lemma56_actual_weighted_power_error_uniform_bound' depends on axioms: [propext,
 Classical.choice,
 Quot.sound]
'ZhangLS.Spec.lemma56_actual_weighted_real_power_error_uniform_bound' depends on axioms: [propext,
 Classical.choice,
 Quot.sound]
'ZhangLS.Spec.lemma56_actual_zero_re_lt_one' depends on axioms: [propext, Classical.choice, Quot.sound]
'ZhangLS.Spec.lemma56_actual_local_zero_center_distance' depends on axioms: [propext, Classical.choice, Quot.sound]
'ZhangLS.Spec.lemma56_actual_inverse_square_norm_bounds' depends on axioms: [propext, Classical.choice, Quot.sound]
'ZhangLS.Spec.lemma56_actual_subset_max_inverse_square' depends on axioms: [propext, Classical.choice, Quot.sound]
'ZhangLS.Spec.lemma56_normalized_inverse_square_power_sum' depends on axioms: [propext, Classical.choice, Quot.sound]
'ZhangLS.Spec.lemma56_actual_subset_weighted_power_detection' depends on axioms: [propext, Classical.choice, Quot.sound]
'ZhangLS.Spec.lemma56_actual_subset_weighted_detection_log_bound' depends on axioms: [propext,
 Classical.choice,
 Quot.sound]
'ZhangLS.Spec.lemma56_near_one_zero_in_own_local_disk' depends on axioms: [propext, Classical.choice, Quot.sound]
'ZhangLS.Spec.lemma56_near_one_zero_inverse_square_lower_bound' depends on axioms: [propext,
 Classical.choice,
 Quot.sound]
'ZhangLS.Spec.lemma56_actual_mixed_remaining_error_bound' depends on axioms: [propext, Classical.choice, Quot.sound]
'ZhangLS.Spec.lemma56_actual_mixed_removed_derivative_nonpos' depends on axioms: [propext, Classical.choice, Quot.sound]
'ZhangLS.Spec.lemma56_actual_mixed_remaining_real_upper_bound' depends on axioms: [propext,
 Classical.choice,
 Quot.sound]
'ZhangLS.Spec.lemma56_tagged_normalized_power_sum' depends on axioms: [propext, Classical.choice, Quot.sound]
'ZhangLS.Spec.lemma56_actual_weighted_tagged_power_sum_eq' depends on axioms: [propext, Classical.choice, Quot.sound]
'ZhangLS.Spec.lemma56_actual_weighted_tagged_real_sum_eq' depends on axioms: [propext, Classical.choice, Quot.sound]
'ZhangLS.Spec.lemma56_actual_common_maximum_weighted_detection' depends on axioms: [propext,
 Classical.choice,
 Quot.sound]
'ZhangLS.Spec.lemma56_actual_near_one_zero_four_detected' depends on axioms: [propext, Classical.choice, Quot.sound]
'ZhangLS.Spec.lemma56_mem_four_zero_finset' depends on axioms: [propext, Classical.choice, Quot.sound]
'ZhangLS.Spec.lemma56_actual_tagged_zero_order_pos' depends on axioms: [propext, Classical.choice, Quot.sound]
'ZhangLS.Spec.lemma56_actual_tagged_inverse_square_bounds' depends on axioms: [propext, Classical.choice, Quot.sound]
'ZhangLS.Spec.lemma56_actual_jensen_log_paper_budget' depends on axioms: [propext, Classical.choice, Quot.sound]
'ZhangLS.Spec.lemma56_actual_local_order_sum_paper_budget' depends on axioms: [propext, Classical.choice, Quot.sound]
'ZhangLS.Spec.lemma56_actual_four_zero_order_sum_bound' depends on axioms: [propext, Classical.choice, Quot.sound]
'ZhangLS.Spec.lemma56_actual_tagged_power_sum_eq' depends on axioms: [propext, Classical.choice, Quot.sound]
'ZhangLS.Spec.lemma56_repulsion_error_constant_pos' depends on axioms: [propext, Classical.choice, Quot.sound]
'ZhangLS.Spec.lemma56_repulsion_scale_bounds' depends on axioms: [propext, Classical.choice, Quot.sound]
'ZhangLS.Spec.lemma56_repulsion_degree_bounds' depends on axioms: [propext, Classical.choice, Quot.sound]
'ZhangLS.Spec.lemma56_repulsion_exponential_cost' depends on axioms: [propext, Classical.choice, Quot.sound]
'ZhangLS.Spec.lemma56_repulsion_exceptional_cost_bound' depends on axioms: [propext, Classical.choice, Quot.sound]
'ZhangLS.Spec.lemma56_repulsion_strict_budget' depends on axioms: [propext, Classical.choice, Quot.sound]
'ZhangLS.Spec.lemma56_uniform_repulsion_modulus_threshold' depends on axioms: [propext, Classical.choice, Quot.sound]
'ZhangLS.Spec.lemma56_actual_mixed_paper_upper_bound' depends on axioms: [propext, Classical.choice, Quot.sound]
'ZhangLS.Spec.lemma56_weak_region_geometry' depends on axioms: [propext, Classical.choice, Quot.sound]
'ZhangLS.Spec.lemma56_actual_weak_zero_exclusion' depends on axioms: [propext, Classical.choice, Quot.sound]
'ZhangLS.Spec.lemma56_actual_exceptional_zero_local' depends on axioms: [propext, Classical.choice, Quot.sound]
'ZhangLS.Spec.lemma56_uniform_primitive_weak_zero_exclusion' depends on axioms: [propext, Classical.choice, Quot.sound]
'ZhangLS.Spec.lemma56_actual_four_zero_order_log_bound' depends on axioms: [propext, Classical.choice, Quot.sound]
'ZhangLS.Spec.lemma56_actual_common_maximum_log_detection' depends on axioms: [propext, Classical.choice, Quot.sound]
'ZhangLS.Spec.lemma56_general_repulsion_degree_bounds' depends on axioms: [propext, Classical.choice, Quot.sound]
'ZhangLS.Spec.lemma56_general_repulsion_exponential_cost' depends on axioms: [propext, Classical.choice, Quot.sound]
'ZhangLS.Spec.lemma56_general_repulsion_exceptional_cost_bound' depends on axioms: [propext,
 Classical.choice,
 Quot.sound]
'ZhangLS.Spec.lemma56_general_repulsion_strict_budget' depends on axioms: [propext, Classical.choice, Quot.sound]
'ZhangLS.Spec.lemma56_actual_log_budget_zero_exclusion' depends on axioms: [propext, Classical.choice, Quot.sound]
'ZhangLS.Spec.lemma56_actual_jensen_log_high_budget' depends on axioms: [propext, Classical.choice, Quot.sound]
'ZhangLS.Spec.lemma56_high_repulsion_scale_bounds' depends on axioms: [propext, Classical.choice, Quot.sound]
'ZhangLS.Spec.lemma56_uniform_primitive_high_zero_exclusion' depends on axioms: [propext, Classical.choice, Quot.sound]
'ZhangLS.Spec.lemma56_actual_zero_removed_logDeriv_near_center_bound' depends on axioms: [propext,
 Classical.choice,
 Quot.sound]
'ZhangLS.Spec.lemma56_actual_logDeriv_bound_of_local_zero_gap' depends on axioms: [propext,
 Classical.choice,
 Quot.sound]
'ZhangLS.Spec.lemma56_actual_logDeriv_bound_from_high_zero_exclusion' depends on axioms: [propext,
 Classical.choice,
 Quot.sound]
'ZhangLS.Spec.lemma56_uniform_primitive_high_logDeriv_bound' depends on axioms: [propext, Classical.choice, Quot.sound]
'ZhangLS.Spec.lemma56_high_scale_strict_margin' depends on axioms: [propext, Classical.choice, Quot.sound]
'ZhangLS.Spec.lemma56_actual_jensen_log_margin_budget' depends on axioms: [propext, Classical.choice, Quot.sound]
'ZhangLS.Spec.lemma56_uniform_primitive_margin_zero_exclusion' depends on axioms: [propext,
 Classical.choice,
 Quot.sound]
'ZhangLS.Spec.lemma56_actual_logDeriv_bound_from_rectangular_zero_exclusion' depends on axioms: [propext,
 Classical.choice,
 Quot.sound]
'ZhangLS.Spec.lemma56_uniform_primitive_margin_logDeriv_bound' depends on axioms: [propext,
 Classical.choice,
 Quot.sound]
'ZhangLS.Spec.lemma56_gaussian_kernel_reciprocal' depends on axioms: [propext, Classical.choice, Quot.sound]
'ZhangLS.Spec.lemma56_gaussian_kernel_integrable' depends on axioms: [propext, Classical.choice, Quot.sound]
'ZhangLS.Spec.lemma56_gaussian_kernel_integral' depends on axioms: [propext, Classical.choice, Quot.sound]
'ZhangLS.Spec.lemma56_gaussian_weight_bounds' depends on axioms: [propext, Classical.choice, Quot.sound]
'ZhangLS.Spec.lemma56_gaussian_weight_center' depends on axioms: [propext, Classical.choice, Quot.sound]
'ZhangLS.Spec.lemma56_actual_mangoldt_summable_two' depends on axioms: [propext, Classical.choice, Quot.sound]
'ZhangLS.Spec.lemma56_gaussian_mellin_term_norm' depends on axioms: [propext, Classical.choice, Quot.sound]
'ZhangLS.Spec.lemma56_gaussian_mellin_term_integrable' depends on axioms: [propext, Classical.choice, Quot.sound]
'ZhangLS.Spec.lemma56_gaussian_mellin_integral_norm_summable' depends on axioms: [propext, Classical.choice, Quot.sound]
'ZhangLS.Spec.lemma56_gaussian_mellin_term_eq_kernel' depends on axioms: [propext, Classical.choice, Quot.sound]
'ZhangLS.Spec.lemma56_gaussian_mellin_term_integral' depends on axioms: [propext, Classical.choice, Quot.sound]
'ZhangLS.Spec.lemma56_actual_gaussian_mangoldt_summable' depends on axioms: [propext, Classical.choice, Quot.sound]
'ZhangLS.Spec.lemma56_gaussian_mellin_term_tsum' depends on axioms: [propext, Classical.choice, Quot.sound]
'ZhangLS.Spec.lemma56_actual_gaussian_mellin_integrable' depends on axioms: [propext, Classical.choice, Quot.sound]
'ZhangLS.Spec.lemma56_actual_gaussian_mellin_identity' depends on axioms: [propext, Classical.choice, Quot.sound]
'ZhangLS.Spec.lemma56_actual_gaussian_integrand_analyticAt' depends on axioms: [propext, Classical.choice, Quot.sound]
'ZhangLS.Spec.lemma56_actual_gaussian_rectangle_shift' depends on axioms: [propext, Classical.choice, Quot.sound]
'ZhangLS.Spec.lemma56_uniform_primitive_gaussian_rectangle_shift' depends on axioms: [propext,
 Classical.choice,
 Quot.sound]
'ZhangLS.Spec.lemma56_paper_power_margin_identity' depends on axioms: [propext, Classical.choice, Quot.sound]
'ZhangLS.Spec.lemma56_gaussian_margin_polynomial_absorption' depends on axioms: [propext, Classical.choice, Quot.sound]
'ZhangLS.Spec.lemma56_paper_left_gaussian_budget' depends on axioms: [propext, Classical.choice, Quot.sound]
'ZhangLS.Spec.lemma56_gaussian_omega_norm' depends on axioms: [propext, Classical.choice, Quot.sound]
'ZhangLS.Spec.lemma56_gaussian_kernel_norm' depends on axioms: [propext, Classical.choice, Quot.sound]
'ZhangLS.Spec.lemma56_gaussian_kernel_norm_integral' depends on axioms: [propext, Classical.choice, Quot.sound]
'ZhangLS.Spec.lemma56_gaussian_phase_norm' depends on axioms: [propext, Classical.choice, Quot.sound]
'ZhangLS.Spec.lemma56_gaussian_phase_LSeries_term' depends on axioms: [propext, Classical.choice, Quot.sound]
'ZhangLS.Spec.lemma56_twisted_gaussian_mellin_term_norm' depends on axioms: [propext, Classical.choice, Quot.sound]
'ZhangLS.Spec.lemma56_twisted_gaussian_mellin_term_integrable' depends on axioms: [propext,
 Classical.choice,
 Quot.sound]
'ZhangLS.Spec.lemma56_twisted_gaussian_mellin_integral_norm_summable' depends on axioms: [propext,
 Classical.choice,
 Quot.sound]
'ZhangLS.Spec.lemma56_twisted_gaussian_mellin_term_integral' depends on axioms: [propext, Classical.choice, Quot.sound]
'ZhangLS.Spec.lemma56_actual_logDeriv_two_uniform_bound' depends on axioms: [propext, Classical.choice, Quot.sound]
'ZhangLS.Spec.lemma56_gaussian_right_constant_nonneg' depends on axioms: [propext, Classical.choice, Quot.sound]
'ZhangLS.Spec.lemma56_actual_twisted_gaussian_right_envelope' depends on axioms: [propext, Classical.choice, Quot.sound]
'ZhangLS.Spec.lemma56_actual_twisted_gaussian_right_eq' depends on axioms: [propext, Classical.choice, Quot.sound]
'ZhangLS.Spec.lemma56_actual_twisted_gaussian_right_integrable' depends on axioms: [propext,
 Classical.choice,
 Quot.sound]
'ZhangLS.Spec.lemma56_actual_twisted_gaussian_right_truncation' depends on axioms: [propext,
 Classical.choice,
 Quot.sound]
'ZhangLS.Spec.lemma56_actual_twisted_gaussian_mangoldt_truncation' depends on axioms: [propext,
 Classical.choice,
 Quot.sound]
'ZhangLS.Spec.lemma56_actual_perron_integrand_analyticAt' depends on axioms: [propext, Classical.choice, Quot.sound]
'ZhangLS.Spec.lemma56_actual_perron_rectangle_shift' depends on axioms: [propext, Classical.choice, Quot.sound]
'ZhangLS.Spec.lemma56_uniform_primitive_perron_rectangle_shift' depends on axioms: [propext,
 Classical.choice,
 Quot.sound]
'ZhangLS.Spec.lemma56_perron_base_scale_pos' depends on axioms: [propext, Classical.choice, Quot.sound]
'ZhangLS.Spec.lemma56_perron_weight_rescale' depends on axioms: [propext, Classical.choice, Quot.sound]
'ZhangLS.Spec.lemma56_perron_kernel_rescale' depends on axioms: [propext, Classical.choice, Quot.sound]
'ZhangLS.Spec.lemma56_perron_kernel_integrable' depends on axioms: [propext, Classical.choice, Quot.sound]
'ZhangLS.Spec.lemma56_perron_kernel_integral' depends on axioms: [propext, Classical.choice, Quot.sound]
'ZhangLS.Spec.lemma56_perron_vertical_intervalIntegrable' depends on axioms: [propext, Classical.choice, Quot.sound]
'ZhangLS.Spec.lemma56_uniform_primitive_perron_left_bound' depends on axioms: [propext, Classical.choice, Quot.sound]
'ZhangLS.Spec.lemma56_perron_height_log_budget' depends on axioms: [propext, Classical.choice, Quot.sound]
'ZhangLS.Spec.lemma56_perron_margin_polynomial_absorption' depends on axioms: [propext, Classical.choice, Quot.sound]
'ZhangLS.Spec.lemma56_paper_left_perron_budget' depends on axioms: [propext, Classical.choice, Quot.sound]
'ZhangLS.Spec.lemma56_uniform_primitive_perron_paper_left_bound' depends on axioms: [propext,
 Classical.choice,
 Quot.sound]
'ZhangLS.Spec.lemma56_actual_perron_mangoldt_summable' depends on axioms: [propext, Classical.choice, Quot.sound]
'ZhangLS.Spec.lemma56_perron_mellin_term_tsum' depends on axioms: [propext, Classical.choice, Quot.sound]
'ZhangLS.Spec.lemma56_actual_perron_mellin_integrable' depends on axioms: [propext, Classical.choice, Quot.sound]
'ZhangLS.Spec.lemma56_actual_perron_mellin_identity' depends on axioms: [propext, Classical.choice, Quot.sound]
'ZhangLS.Spec.lemma56_perron_kernel_norm_two' depends on axioms: [propext, Classical.choice, Quot.sound]
'ZhangLS.Spec.lemma56_perron_mellin_term_norm' depends on axioms: [propext, Classical.choice, Quot.sound]
'ZhangLS.Spec.lemma56_perron_mellin_term_eq_kernel' depends on axioms: [propext, Classical.choice, Quot.sound]
'ZhangLS.Spec.lemma56_perron_mellin_term_integrable' depends on axioms: [propext, Classical.choice, Quot.sound]
'ZhangLS.Spec.lemma56_perron_mellin_term_integral' depends on axioms: [propext, Classical.choice, Quot.sound]
'ZhangLS.Spec.lemma56_perron_mellin_integral_norm_summable' depends on axioms: [propext, Classical.choice, Quot.sound]
'ZhangLS.Spec.lemma56_perron_kernel_norm' depends on axioms: [propext, Classical.choice, Quot.sound]
'ZhangLS.Spec.lemma56_perron_kernel_log_majorant' depends on axioms: [propext, Classical.choice, Quot.sound]
'ZhangLS.Spec.lemma56_perron_log_majorant_integral' depends on axioms: [propext, Classical.choice, Quot.sound]
'ZhangLS.Spec.lemma56_perron_vertical_integral_bound' depends on axioms: [propext, Classical.choice, Quot.sound]
'ZhangLS.Spec.lemma56_actual_twisted_gaussian_integrand_analyticAt' depends on axioms: [propext,
 Classical.choice,
 Quot.sound]
'ZhangLS.Spec.lemma56_actual_twisted_gaussian_rectangle_shift' depends on axioms: [propext,
 Classical.choice,
 Quot.sound]
'ZhangLS.Spec.lemma56_margin_height_contains_modulus' depends on axioms: [propext, Classical.choice, Quot.sound]
'ZhangLS.Spec.lemma56_uniform_primitive_twisted_gaussian_rectangle_shift' depends on axioms: [propext,
 Classical.choice,
 Quot.sound]
'ZhangLS.Spec.lemma56_twisted_gaussian_horizontal_point_bound' depends on axioms: [propext,
 Classical.choice,
 Quot.sound]
'ZhangLS.Spec.lemma56_twisted_gaussian_horizontal_integral_bound' depends on axioms: [propext,
 Classical.choice,
 Quot.sound]
'ZhangLS.Spec.lemma56_uniform_primitive_twisted_gaussian_paper_left_bound' depends on axioms: [propext,
 Classical.choice,
 Quot.sound]
'ZhangLS.Spec.lemma56_actual_twisted_gaussian_mangoldt_summable' depends on axioms: [propext,
 Classical.choice,
 Quot.sound]
'ZhangLS.Spec.lemma56_twisted_gaussian_mellin_term_tsum' depends on axioms: [propext, Classical.choice, Quot.sound]
'ZhangLS.Spec.lemma56_actual_twisted_gaussian_mellin_integrable' depends on axioms: [propext,
 Classical.choice,
 Quot.sound]
'ZhangLS.Spec.lemma56_actual_twisted_gaussian_mellin_identity' depends on axioms: [propext,
 Classical.choice,
 Quot.sound]
'ZhangLS.Spec.lemma56_twisted_gaussian_vertical_intervalIntegrable' depends on axioms: [propext,
 Classical.choice,
 Quot.sound]
'ZhangLS.Spec.lemma56_twisted_gaussian_vertical_integral_bound' depends on axioms: [propext,
 Classical.choice,
 Quot.sound]
'ZhangLS.Spec.lemma56_uniform_primitive_twisted_gaussian_left_bound' depends on axioms: [propext,
 Classical.choice,
 Quot.sound]
'ZhangLS.Spec.lemma56_mangoldt_majorant_nonneg' depends on axioms: [propext, Classical.choice, Quot.sound]
'ZhangLS.Spec.lemma56_mangoldt_majorant_eq_norm_term' depends on axioms: [propext, Classical.choice, Quot.sound]
'ZhangLS.Spec.lemma56_mangoldt_majorant_summable' depends on axioms: [propext, Classical.choice, Quot.sound]
'ZhangLS.Spec.lemma56_mangoldt_majorant_tsum' depends on axioms: [propext, Classical.choice, Quot.sound]
'ZhangLS.Spec.lemma56_mangoldt_norm_le' depends on axioms: [propext, Classical.choice, Quot.sound]
'ZhangLS.Spec.lemma56_sharp_mangoldt_term_outside' depends on axioms: [propext, Classical.choice, Quot.sound]
'ZhangLS.Spec.lemma56_sharp_mangoldt_term_summable' depends on axioms: [propext, Classical.choice, Quot.sound]
'ZhangLS.Spec.lemma56_sharp_mangoldt_term_tsum' depends on axioms: [propext, Classical.choice, Quot.sound]
'ZhangLS.Spec.lemma56_perron_error_term_eq_sub' depends on axioms: [propext, Classical.choice, Quot.sound]
'ZhangLS.Spec.lemma56_perron_error_term_summable' depends on axioms: [propext, Classical.choice, Quot.sound]
'ZhangLS.Spec.lemma56_perron_error_term_tsum' depends on axioms: [propext, Classical.choice, Quot.sound]
'ZhangLS.Spec.lemma56_perron_error_zero' depends on axioms: [propext, Classical.choice, Quot.sound]
'ZhangLS.Spec.lemma56_perron_error_distance_majorant' depends on axioms: [propext, Classical.choice, Quot.sound]
'ZhangLS.Spec.lemma56_uniform_primitive_perron_paper_exterior_bounds' depends on axioms: [propext,
 Classical.choice,
 Quot.sound]
'ZhangLS.Spec.lemma56_perron_far_error_summable' depends on axioms: [propext, Classical.choice, Quot.sound]
'ZhangLS.Spec.lemma56_perron_near_error_summable' depends on axioms: [propext, Classical.choice, Quot.sound]
'ZhangLS.Spec.lemma56_perron_far_error_bound' depends on axioms: [propext, Classical.choice, Quot.sound]
'ZhangLS.Spec.lemma56_perron_error_near_far' depends on axioms: [propext, Classical.choice, Quot.sound]
'ZhangLS.Spec.lemma56_actual_perron_smoothing_error_split' depends on axioms: [propext, Classical.choice, Quot.sound]
'ZhangLS.Spec.lemma56_perron_horizontal_point_bound' depends on axioms: [propext, Classical.choice, Quot.sound]
'ZhangLS.Spec.lemma56_perron_horizontal_integral_bound' depends on axioms: [propext, Classical.choice, Quot.sound]
'ZhangLS.Spec.lemma56_perron_paper_logDeriv_width_budget' depends on axioms: [propext, Classical.choice, Quot.sound]
'ZhangLS.Spec.lemma56_perron_paper_horizontal_budget' depends on axioms: [propext, Classical.choice, Quot.sound]
'ZhangLS.Spec.lemma56_uniform_primitive_perron_mangoldt_window_bound' depends on axioms: [propext,
 Classical.choice,
 Quot.sound]
'ZhangLS.Spec.lemma56_perron_near_real_bounds' depends on axioms: [propext, Classical.choice, Quot.sound]
'ZhangLS.Spec.lemma56_perron_near_term_outside' depends on axioms: [propext, Classical.choice, Quot.sound]
'ZhangLS.Spec.lemma56_perron_near_error_tsum' depends on axioms: [propext, Classical.choice, Quot.sound]
'ZhangLS.Spec.lemma56_perron_near_indices_card' depends on axioms: [propext, Classical.choice, Quot.sound]
'ZhangLS.Spec.lemma56_perron_error_norm_le_mangoldt' depends on axioms: [propext, Classical.choice, Quot.sound]
'ZhangLS.Spec.lemma56_perron_near_error_bound' depends on axioms: [propext, Classical.choice, Quot.sound]
'ZhangLS.Spec.lemma56_actual_perron_smoothing_error_bound' depends on axioms: [propext, Classical.choice, Quot.sound]
'ZhangLS.Spec.lemma56_perron_supergaussian_budget' depends on axioms: [propext, Classical.choice, Quot.sound]
'ZhangLS.Spec.lemma56_perron_paper_scales' depends on axioms: [propext, Classical.choice, Quot.sound]
'ZhangLS.Spec.lemma56_perron_paper_right_budget' depends on axioms: [propext, Classical.choice, Quot.sound]
'ZhangLS.Spec.lemma56_perron_rectangle_norm_budget' depends on axioms: [propext, Classical.choice, Quot.sound]
'ZhangLS.Spec.lemma56_actual_perron_right_eq' depends on axioms: [propext, Classical.choice, Quot.sound]
'ZhangLS.Spec.lemma56_actual_perron_right_integrable' depends on axioms: [propext, Classical.choice, Quot.sound]
'ZhangLS.Spec.lemma56_actual_perron_right_envelope' depends on axioms: [propext, Classical.choice, Quot.sound]
'ZhangLS.Spec.lemma56_actual_perron_right_truncation' depends on axioms: [propext, Classical.choice, Quot.sound]
'ZhangLS.Spec.lemma56_actual_perron_mangoldt_truncation' depends on axioms: [propext, Classical.choice, Quot.sound]
'ZhangLS.Spec.lemma56_perron_weight_nonneg' depends on axioms: [propext, Classical.choice, Quot.sound]
'ZhangLS.Spec.lemma56_perron_weight_reflection' depends on axioms: [propext, Classical.choice, Quot.sound]
'ZhangLS.Spec.lemma56_perron_weight_le_one' depends on axioms: [propext, Classical.choice, Quot.sound]
'ZhangLS.Spec.lemma56_perron_weight_bounds' depends on axioms: [propext, Classical.choice, Quot.sound]
'ZhangLS.Spec.lemma56_perron_endpoint_rescale' depends on axioms: [propext, Classical.choice, Quot.sound]
'ZhangLS.Spec.lemma56_perron_weight_lower_tail' depends on axioms: [propext, Classical.choice, Quot.sound]
'ZhangLS.Spec.lemma56_perron_weight_upper_tail' depends on axioms: [propext, Classical.choice, Quot.sound]
'ZhangLS.Spec.lemma56_perron_weight_step_error' depends on axioms: [propext, Classical.choice, Quot.sound]
'ZhangLS.Spec.lemma56_perron_weight_step_error_le_one' depends on axioms: [propext, Classical.choice, Quot.sound]
'ZhangLS.Spec.lemma56_perron_weight_step_error_le_gaussian' depends on axioms: [propext, Classical.choice, Quot.sound]
'ZhangLS.Spec.lemma56_perron_gaussian_power_majorant' depends on axioms: [propext, Classical.choice, Quot.sound]
'ZhangLS.Spec.lemma56_perron_weight_step_error_power_bound' depends on axioms: [propext, Classical.choice, Quot.sound]
'ZhangLS.Spec.lemma56_perron_weight_step_error_distance_bound' depends on axioms: [propext,
 Classical.choice,
 Quot.sound]
'ZhangLS.Spec.lemma56_perron_paper_window_left_budget' depends on axioms: [propext, Classical.choice, Quot.sound]
'ZhangLS.Spec.lemma56_uniform_primitive_perron_window_left_bound' depends on axioms: [propext,
 Classical.choice,
 Quot.sound]
'ZhangLS.Spec.lemma56_perron_exp_window_bound' depends on axioms: [propext, Classical.choice, Quot.sound]
'ZhangLS.Spec.lemma56_perron_unsmoothing_scales' depends on axioms: [propext, Classical.choice, Quot.sound]
'ZhangLS.Spec.lemma56_perron_unsmoothing_far_margin' depends on axioms: [propext, Classical.choice, Quot.sound]
'ZhangLS.Spec.lemma56_perron_unsmoothing_polynomial' depends on axioms: [propext, Classical.choice, Quot.sound]
'ZhangLS.Spec.lemma56_perron_unsmoothing_polynomial_decay' depends on axioms: [propext, Classical.choice, Quot.sound]
'ZhangLS.Spec.lemma56_perron_unsmoothing_endpoint_budget' depends on axioms: [propext, Classical.choice, Quot.sound]
'ZhangLS.Spec.lemma56_perron_unsmoothing_near_budget' depends on axioms: [propext, Classical.choice, Quot.sound]
'ZhangLS.Spec.lemma56_perron_unsmoothing_far_budget' depends on axioms: [propext, Classical.choice, Quot.sound]
'ZhangLS.Spec.lemma56_perron_unsmoothing_constant_pos' depends on axioms: [propext, Classical.choice, Quot.sound]
'ZhangLS.Spec.lemma56_actual_perron_paper_smoothing_error' depends on axioms: [propext, Classical.choice, Quot.sound]
'ZhangLS.Spec.lemma56_uniform_primitive_sharp_mangoldt_window_bound' depends on axioms: [propext,
 Classical.choice,
 Quot.sound]
'ZhangLS.Spec.lemma56_actual_sharp_prime_power_difference' depends on axioms: [propext, Classical.choice, Quot.sound]
'ZhangLS.Spec.lemma56_actual_sharp_prime_power_norm' depends on axioms: [propext, Classical.choice, Quot.sound]
'ZhangLS.Spec.lemma56_actual_sharp_prime_power_bound' depends on axioms: [propext, Classical.choice, Quot.sound]
'ZhangLS.Spec.lemma56_actual_prime_power_paper_budget' depends on axioms: [propext, Classical.choice, Quot.sound]
'ZhangLS.Spec.lemma56_actual_paper_prime_power_error' depends on axioms: [propext, Classical.choice, Quot.sound]
'ZhangLS.Spec.lemma56_uniform_primitive_sharp_prime_log_window_bound' depends on axioms: [propext,
 Classical.choice,
 Quot.sound]
'ZhangLS.Spec.lemma56_finite_abel_positive_budget' depends on axioms: [propext, Classical.choice, Quot.sound]
'ZhangLS.Spec.lemma56_prime_weight_mono' depends on axioms: [propext, Classical.choice, Quot.sound]
'ZhangLS.Spec.lemma56_actual_prime_weight_identity' depends on axioms: [propext, Classical.choice, Quot.sound]
'ZhangLS.Spec.lemma56_actual_paper_prime_interval' depends on axioms: [propext, Classical.choice, Quot.sound]
'ZhangLS.Spec.lemma56_paper_prime_weight_parameters' depends on axioms: [propext, Classical.choice, Quot.sound]
'ZhangLS.Spec.lemma56_actual_paper_prime_weight_budget' depends on axioms: [propext, Classical.choice, Quot.sound]
'ZhangLS.Spec.lemma56_uniform_primitive_prime_window_absolute_bound' depends on axioms: [propext,
 Classical.choice,
 Quot.sound]
'ZhangLS.Spec.lemma56_paper_prime_log_mass_nonneg' depends on axioms: [propext, Classical.choice, Quot.sound]
'ZhangLS.Spec.lemma56_actual_prime_mass_card_bounds' depends on axioms: [propext, Classical.choice, Quot.sound]
'ZhangLS.Spec.lemma56_actual_prime_mass_from_logmass' depends on axioms: [propext, Classical.choice, Quot.sound]
'ZhangLS.Spec.lemma56_paper_prime_log_upper' depends on axioms: [propext, Classical.choice, Quot.sound]
'ZhangLS.Spec.lemma56_actual_prime_mass_log_reduction' depends on axioms: [propext, Classical.choice, Quot.sound]
'ZhangLS.Spec.lemma56_prime_mass_polynomial_absorption' depends on axioms: [propext, Classical.choice, Quot.sound]
'ZhangLS.Spec.lemma56_actual_prime_mass_normalization' depends on axioms: [propext, Classical.choice, Quot.sound]
'ZhangLS.Spec.lemma56_uniform_primitive_prime_window_normalized_of_mass_lower' depends on axioms: [propext,
 Classical.choice,
 Quot.sound]
'ZhangLS.Spec.lemma56_actual_zeta_zero_own_disk' depends on axioms: [propext, Classical.choice, Quot.sound]
'ZhangLS.Spec.lemma56_actual_zeta_inverse_square_lower' depends on axioms: [propext, Classical.choice, Quot.sound]
'ZhangLS.Spec.lemma56_actual_zeta_zero_four_detected' depends on axioms: [propext, Classical.choice, Quot.sound]
'ZhangLS.Spec.lemma56_actual_zeta_zero_exclusion' depends on axioms: [propext, Classical.choice, Quot.sound]
'ZhangLS.Spec.lemma56_uniform_zeta_pole_removed_zero_exclusion' depends on axioms: [propext,
 Classical.choice,
 Quot.sound]
'ZhangLS.Spec.lemma56_uniform_riemann_zeta_zero_exclusion' depends on axioms: [propext, Classical.choice, Quot.sound]
'ZhangLS.Spec.lemma56_actual_zeta_removed_logDeriv_near_center_bound' depends on axioms: [propext,
 Classical.choice,
 Quot.sound]
'ZhangLS.Spec.lemma56_actual_zeta_logDeriv_bound_of_local_zero_gap' depends on axioms: [propext,
 Classical.choice,
 Quot.sound]
'ZhangLS.Spec.lemma56_actual_zeta_logDeriv_rectangular_bound' depends on axioms: [propext, Classical.choice, Quot.sound]
'ZhangLS.Spec.lemma56_uniform_zeta_removed_logDeriv_bound' depends on axioms: [propext, Classical.choice, Quot.sound]
'ZhangLS.Spec.lemma56_uniform_zeta_left_logDeriv_bound' depends on axioms: [propext, Classical.choice, Quot.sound]
'ZhangLS.Spec.lemma56_positive_right_rectangle_inv' depends on axioms: [propext, Classical.choice, Quot.sound]
'ZhangLS.Spec.lemma56_positive_right_simple_pole_rectangle' depends on axioms: [propext, Classical.choice, Quot.sound]
'ZhangLS.Spec.lemma56_perron_complex_kernel_at_line' depends on axioms: [propext, Classical.choice, Quot.sound]
'ZhangLS.Spec.lemma56_perron_complex_kernel_analytic' depends on axioms: [propext, Classical.choice, Quot.sound]
'ZhangLS.Spec.lemma56_perron_complex_kernel_at_one' depends on axioms: [propext, Classical.choice, Quot.sound]
'ZhangLS.Spec.lemma56_rectangle_translation_one' depends on axioms: [propext, Classical.choice, Quot.sound]
'ZhangLS.Spec.lemma56_actual_perron_pole_rectangle' depends on axioms: [propext, Classical.choice, Quot.sound]
'ZhangLS.Spec.lemma56_actual_principal_perron_mellin_identity' depends on axioms: [propext,
 Classical.choice,
 Quot.sound]
'ZhangLS.Spec.lemma56_perron_rectangle_edges_mem' depends on axioms: [propext, Classical.choice, Quot.sound]
'ZhangLS.Spec.lemma56_perron_rectangle_edges_integrable' depends on axioms: [propext, Classical.choice, Quot.sound]
'ZhangLS.Spec.lemma56_perron_rectangle_boundary_add' depends on axioms: [propext, Classical.choice, Quot.sound]
'ZhangLS.Spec.lemma56_perron_rectangle_boundary_congr' depends on axioms: [propext, Classical.choice, Quot.sound]
'ZhangLS.Spec.lemma56_actual_principal_regular_perron_analytic' depends on axioms: [propext,
 Classical.choice,
 Quot.sound]
'ZhangLS.Spec.lemma56_actual_principal_perron_pole_split' depends on axioms: [propext, Classical.choice, Quot.sound]
'ZhangLS.Spec.lemma56_actual_principal_perron_rectangle_boundary' depends on axioms: [propext,
 Classical.choice,
 Quot.sound]
'ZhangLS.Spec.lemma56_actual_principal_perron_rectangle_shift' depends on axioms: [propext,
 Classical.choice,
 Quot.sound]
'ZhangLS.Spec.lemma56_uniform_principal_perron_rectangle_shift' depends on axioms: [propext,
 Classical.choice,
 Quot.sound]
'ZhangLS.Spec.lemma56_actual_principal_perron_arithmetic_eq' depends on axioms: [propext, Classical.choice, Quot.sound]
'ZhangLS.Spec.lemma56_uniform_zeta_off_real_logDeriv_bound' depends on axioms: [propext, Classical.choice, Quot.sound]
'ZhangLS.Spec.lemma56_uniform_principal_perron_left_bound' depends on axioms: [propext, Classical.choice, Quot.sound]
'ZhangLS.Spec.lemma56_uniform_principal_perron_horizontal_bound' depends on axioms: [propext,
 Classical.choice,
 Quot.sound]
'ZhangLS.Spec.lemma56_uniform_principal_perron_smoothed_main_error' depends on axioms: [propext,
 Classical.choice,
 Quot.sound]
'ZhangLS.Spec.lemma56_principal_mass_exp_base' depends on axioms: [propext, Classical.choice, Quot.sound]
'ZhangLS.Spec.lemma56_principal_mass_exp_power' depends on axioms: [propext, Classical.choice, Quot.sound]
'ZhangLS.Spec.lemma56_principal_mass_left_power' depends on axioms: [propext, Classical.choice, Quot.sound]
'ZhangLS.Spec.lemma56_principal_mass_moment_budget' depends on axioms: [propext, Classical.choice, Quot.sound]
'ZhangLS.Spec.lemma56_principal_mass_scale_parameters' depends on axioms: [propext, Classical.choice, Quot.sound]
'ZhangLS.Spec.lemma56_principal_mass_left_budget' depends on axioms: [propext, Classical.choice, Quot.sound]
'ZhangLS.Spec.lemma56_principal_mass_height_exponent' depends on axioms: [propext, Classical.choice, Quot.sound]
'ZhangLS.Spec.lemma56_principal_mass_horizontal_exponent_identity' depends on axioms: [propext,
 Classical.choice,
 Quot.sound]
'ZhangLS.Spec.lemma56_principal_mass_horizontal_gaussian_budget' depends on axioms: [propext,
 Classical.choice,
 Quot.sound]
'ZhangLS.Spec.lemma56_principal_mass_horizontal_budget' depends on axioms: [propext, Classical.choice, Quot.sound]
'ZhangLS.Spec.lemma56_principal_mass_error_constant_pos' depends on axioms: [propext, Classical.choice, Quot.sound]
'ZhangLS.Spec.lemma56_principal_mass_main_error_budget' depends on axioms: [propext, Classical.choice, Quot.sound]
'ZhangLS.Spec.lemma56_principal_mass_polynomial_absorption' depends on axioms: [propext, Classical.choice, Quot.sound]
'ZhangLS.Spec.lemma56_uniform_principal_mass_scale_threshold' depends on axioms: [propext, Classical.choice, Quot.sound]
'ZhangLS.Spec.lemma56_uniform_principal_smoothed_mass_main_error' depends on axioms: [propext,
 Classical.choice,
 Quot.sound]
'ZhangLS.Spec.lemma56_principal_mass_smoothing_parameters' depends on axioms: [propext, Classical.choice, Quot.sound]
'ZhangLS.Spec.lemma56_principal_mass_smoothing_polynomial' depends on axioms: [propext, Classical.choice, Quot.sound]
'ZhangLS.Spec.lemma56_principal_mass_near_smoothing_budget' depends on axioms: [propext, Classical.choice, Quot.sound]
'ZhangLS.Spec.lemma56_principal_mass_far_smoothing_margin' depends on axioms: [propext, Classical.choice, Quot.sound]
'ZhangLS.Spec.lemma56_principal_mass_far_smoothing_gaussian' depends on axioms: [propext, Classical.choice, Quot.sound]
'ZhangLS.Spec.lemma56_principal_mass_far_smoothing_budget' depends on axioms: [propext, Classical.choice, Quot.sound]
'ZhangLS.Spec.lemma56_principal_unsmoothing_constant_pos' depends on axioms: [propext, Classical.choice, Quot.sound]
'ZhangLS.Spec.lemma56_actual_principal_mass_smoothing_removal' depends on axioms: [propext,
 Classical.choice,
 Quot.sound]
'ZhangLS.Spec.lemma56_principal_sharp_mangoldt_error_constant_pos' depends on axioms: [propext,
 Classical.choice,
 Quot.sound]
'ZhangLS.Spec.lemma56_uniform_principal_sharp_mangoldt_mass_main_error' depends on axioms: [propext,
 Classical.choice,
 Quot.sound]
'ZhangLS.Spec.lemma56_principal_mass_prime_power_decay' depends on axioms: [propext, Classical.choice, Quot.sound]
'ZhangLS.Spec.lemma56_actual_principal_mass_prime_power_error' depends on axioms: [propext,
 Classical.choice,
 Quot.sound]
'ZhangLS.Spec.lemma56_principal_sharp_prime_error_constant_pos' depends on axioms: [propext,
 Classical.choice,
 Quot.sound]
'ZhangLS.Spec.lemma56_uniform_principal_sharp_prime_mass_main_error' depends on axioms: [propext,
 Classical.choice,
 Quot.sound]
'ZhangLS.Spec.lemma56_principal_mass_window_width' depends on axioms: [propext, Classical.choice, Quot.sound]
'ZhangLS.Spec.lemma56_principal_mass_prefix_error_budget' depends on axioms: [propext, Classical.choice, Quot.sound]
'ZhangLS.Spec.lemma56_paper_prime_mass_cut_parameters' depends on axioms: [propext, Classical.choice, Quot.sound]
'ZhangLS.Spec.lemma56_actual_paper_prime_log_interval' depends on axioms: [propext, Classical.choice, Quot.sound]
'ZhangLS.Spec.lemma56_actual_prime_log_mass_prefix_difference' depends on axioms: [propext,
 Classical.choice,
 Quot.sound]
'ZhangLS.Spec.lemma56_principal_mass_main_factor_ge_one' depends on axioms: [propext, Classical.choice, Quot.sound]
'ZhangLS.Spec.lemma56_actual_prime_log_mass_main_error_of_prefix' depends on axioms: [propext,
 Classical.choice,
 Quot.sound]
'ZhangLS.Spec.lemma56_actual_prime_log_mass_lower_of_main_error' depends on axioms: [propext,
 Classical.choice,
 Quot.sound]
'ZhangLS.Spec.lemma56_uniform_actual_prime_mass_threshold' depends on axioms: [propext, Classical.choice, Quot.sound]
'ZhangLS.Spec.lemma56_uniform_actual_prime_log_mass_lower' depends on axioms: [propext, Classical.choice, Quot.sound]
'ZhangLS.Spec.lemma56_uniform_actual_prime_mass_lower' depends on axioms: [propext, Classical.choice, Quot.sound]
'ZhangLS.Spec.lemma56_uniform_primitive_prime_window_normalized_bound' depends on axioms: [propext,
 Classical.choice,
 Quot.sound]
'ZhangLS.Spec.lemma56_uniform_actual_prime_mass_pos' depends on axioms: [propext, Classical.choice, Quot.sound]
'ZhangLS.Spec.lemma56_uniform_actual_prime_window_nonempty' depends on axioms: [propext, Classical.choice, Quot.sound]
'ZhangLS.Spec.lemma59_alpha_bounds' depends on axioms: [propext, Classical.choice, Quot.sound]
'ZhangLS.Spec.lemma59_original_region_in_extended' depends on axioms: [propext, Classical.choice, Quot.sound]
'ZhangLS.Spec.lemma59_zero_separated_LFunction_ne_zero' depends on axioms: [propext, Classical.choice, Quot.sound]
'ZhangLS.Spec.lemma59_paper_offset_one_bounds' depends on axioms: [propext, Classical.choice, Quot.sound]
'ZhangLS.Spec.lemma59_original_shift_in_extended' depends on axioms: [propext, Classical.choice, Quot.sound]
'ZhangLS.Spec.lemma59_extended_center_displacement_le_three' depends on axioms: [propext, Classical.choice, Quot.sound]
'ZhangLS.Spec.lemma59_extended_center_displacement_le' depends on axioms: [propext, Classical.choice, Quot.sound]
'ZhangLS.Spec.lemma59_extended_power_kernel_le' depends on axioms: [propext, Classical.choice, Quot.sound]
'ZhangLS.Spec.lemma59_extended_FG_bound' depends on axioms: [propext, Classical.choice, Quot.sound]
'ZhangLS.Spec.lemma59_extended_product_bound' depends on axioms: [propext, Classical.choice, Quot.sound]
'ZhangLS.Spec.lemma59_extended_L227_error_lt_half' depends on axioms: [propext, Classical.choice, Quot.sound]
'ZhangLS.Spec.lemma59_extended_F_two_sided' depends on axioms: [propext, Classical.choice, Quot.sound]
'ZhangLS.Spec.lemma59_extended_F_ne_zero' depends on axioms: [propext, Classical.choice, Quot.sound]
'ZhangLS.Spec.lemma59_extended_disk_subset_omega1' depends on axioms: [propext, Classical.choice, Quot.sound]
'ZhangLS.Spec.lemma59_extended_F_logDeriv_bound' depends on axioms: [propext, Classical.choice, Quot.sound]
'ZhangLS.Spec.lemma59_uniform_extended_F_inputs' depends on axioms: [propext, Classical.choice, Quot.sound]
'ZhangLS.Spec.lemma59_linear_telescoping_product' depends on axioms: [propext, Classical.choice, Quot.sound]
'ZhangLS.Spec.lemma59_shift_factor_bound' depends on axioms: [propext, Classical.choice, Quot.sound]
'ZhangLS.Spec.lemma59_ranked_zero_product_bound' depends on axioms: [propext, Classical.choice, Quot.sound]
'ZhangLS.Spec.lemma59_near_zero_factor_bound' depends on axioms: [propext, Classical.choice, Quot.sound]
'ZhangLS.Spec.lemma59_above_zero_norm_decreases' depends on axioms: [propext, Classical.choice, Quot.sound]
'ZhangLS.Spec.lemma59_above_zero_factor_le_one' depends on axioms: [propext, Classical.choice, Quot.sound]
'ZhangLS.Spec.lemma59_above_zero_product_le_one' depends on axioms: [propext, Classical.choice, Quot.sound]
'ZhangLS.Spec.lemma59_descending_gap_rank' depends on axioms: [propext, Classical.choice, Quot.sound]
'ZhangLS.Spec.lemma59_descending_zeros_ranked_distance' depends on axioms: [propext, Classical.choice, Quot.sound]
'ZhangLS.Spec.lemma59_descending_zero_product_bound' depends on axioms: [propext, Classical.choice, Quot.sound]
'ZhangLS.Spec.lemma59_exceptional_zero_product_bound' depends on axioms: [propext, Classical.choice, Quot.sound]
'ZhangLS.Spec.lemma59_actual_L_large_disk_bound' depends on axioms: [propext, Classical.choice, Quot.sound]
'ZhangLS.Spec.lemma59_actual_large_disk_multiplicity_bound' depends on axioms: [propext, Classical.choice, Quot.sound]
'ZhangLS.Spec.lemma59_actual_local_divisor_eq_order' depends on axioms: [propext, Classical.choice, Quot.sound]
'ZhangLS.Spec.lemma59_mem_actual_local_zero_finset' depends on axioms: [propext, Classical.choice, Quot.sound]
'ZhangLS.Spec.lemma59_actual_local_zero_order_pos' depends on axioms: [propext, Classical.choice, Quot.sound]
'ZhangLS.Spec.lemma59_actual_multiplicity_count_eq_sum_orders' depends on axioms: [propext,
 Classical.choice,
 Quot.sound]
'ZhangLS.Spec.lemma59_actual_local_zero_card_bound' depends on axioms: [propext, Classical.choice, Quot.sound]
'ZhangLS.Spec.lemma59_large_height_bound' depends on axioms: [propext, Classical.choice, Quot.sound]
'ZhangLS.Spec.lemma59_family_modulus_le_two_P' depends on axioms: [propext, Classical.choice, Quot.sound]
'ZhangLS.Spec.lemma59_family_large_disk_log_budget' depends on axioms: [propext, Classical.choice, Quot.sound]
'ZhangLS.Spec.lemma59_family_character_nonprincipal' depends on axioms: [propext, Classical.choice, Quot.sound]
'ZhangLS.Spec.lemma59_uniform_actual_local_zero_bound' depends on axioms: [propext, Classical.choice, Quot.sound]
'ZhangLS.Spec.lemma59_actual_meromorphic_order_eq_nat' depends on axioms: [propext, Classical.choice, Quot.sound]
'ZhangLS.Spec.lemma59_actual_zero_factor_analytic' depends on axioms: [propext, Classical.choice, Quot.sound]
'ZhangLS.Spec.lemma59_actual_zero_factor_order' depends on axioms: [propext, Classical.choice, Quot.sound]
'ZhangLS.Spec.lemma59_actual_zero_removed_order' depends on axioms: [propext, Classical.choice, Quot.sound]
'ZhangLS.Spec.lemma59_actual_zero_removed_analytic' depends on axioms: [propext, Classical.choice, Quot.sound]
'ZhangLS.Spec.lemma59_actual_zero_removed_ne_zero' depends on axioms: [propext, Classical.choice, Quot.sound]
'ZhangLS.Spec.lemma59_actual_zero_removed_eq_quotient' depends on axioms: [propext, Classical.choice, Quot.sound]
'ZhangLS.Spec.lemma59_actual_zero_factorization' depends on axioms: [propext, Classical.choice, Quot.sound]
'ZhangLS.Spec.lemma59_actual_zero_factor_eq_product' depends on axioms: [propext, Classical.choice, Quot.sound]
'ZhangLS.Spec.lemma59_actual_local_multiplicity_eq_count' depends on axioms: [propext, Classical.choice, Quot.sound]
'ZhangLS.Spec.lemma59_actual_zero_factor_center_bound' depends on axioms: [propext, Classical.choice, Quot.sound]
'ZhangLS.Spec.lemma59_actual_zero_factor_outer_lower_bound' depends on axioms: [propext, Classical.choice, Quot.sound]
'ZhangLS.Spec.lemma59_actual_zero_factor_outer_ne_zero' depends on axioms: [propext, Classical.choice, Quot.sound]
'ZhangLS.Spec.lemma59_actual_local_multiplicity_bound' depends on axioms: [propext, Classical.choice, Quot.sound]
'ZhangLS.Spec.lemma59_actual_zero_removed_outer_bound' depends on axioms: [propext, Classical.choice, Quot.sound]
'ZhangLS.Spec.lemma59_actual_zero_removed_closed_disk_bound' depends on axioms: [propext, Classical.choice, Quot.sound]
'ZhangLS.Spec.lemma59_actual_zero_removed_center_lower_bound' depends on axioms: [propext, Classical.choice, Quot.sound]
'ZhangLS.Spec.lemma59_jensen_log_size_pos' depends on axioms: [propext, Classical.choice, Quot.sound]
'ZhangLS.Spec.lemma59_zero_removed_ratio_bound_gt_one' depends on axioms: [propext, Classical.choice, Quot.sound]
'ZhangLS.Spec.lemma59_actual_zero_removed_ratio_bound' depends on axioms: [propext, Classical.choice, Quot.sound]
'ZhangLS.Spec.lemma59_actual_zero_removed_log_ratio_bound' depends on axioms: [propext, Classical.choice, Quot.sound]
'ZhangLS.Spec.lemma59_actual_zero_removed_log_exists' depends on axioms: [propext, Classical.choice, Quot.sound]
'ZhangLS.Spec.lemma59_actual_zero_removed_log_hasDerivAt' depends on axioms: [propext, Classical.choice, Quot.sound]
'ZhangLS.Spec.lemma59_actual_zero_removed_log_closed_bound' depends on axioms: [propext, Classical.choice, Quot.sound]
'ZhangLS.Spec.lemma59_actual_zero_removed_log_cauchy_bound' depends on axioms: [propext, Classical.choice, Quot.sound]
'ZhangLS.Spec.lemma59_actual_zero_removed_logDeriv_near_center_bound' depends on axioms: [propext,
 Classical.choice,
 Quot.sound]
'ZhangLS.Spec.lemma59_actual_zero_removed_shift_norm_bound' depends on axioms: [propext, Classical.choice, Quot.sound]
'ZhangLS.Spec.lemma59_original_shift_path_near_center' depends on axioms: [propext, Classical.choice, Quot.sound]
'ZhangLS.Spec.lemma59_uniform_actual_zero_removed_first_shift' depends on axioms: [propext,
 Classical.choice,
 Quot.sound]
'ZhangLS.Spec.lemma59_actual_L_quotient_factorization' depends on axioms: [propext, Classical.choice, Quot.sound]
'ZhangLS.Spec.lemma59_actual_zero_factor_ratio_eq_product' depends on axioms: [propext, Classical.choice, Quot.sound]
'ZhangLS.Spec.lemma59_actual_local_zero_re_bounds' depends on axioms: [propext, Classical.choice, Quot.sound]
'ZhangLS.Spec.lemma59_actual_local_zeros_in_extended_region' depends on axioms: [propext, Classical.choice, Quot.sound]
'ZhangLS.Spec.lemma59_extended_height_margin' depends on axioms: [propext, Classical.choice, Quot.sound]
'ZhangLS.Spec.lemma59_ext44_gamma_region_height' depends on axioms: [propext, Classical.choice, Quot.sound]
'ZhangLS.Spec.lemma59_ext44_middle_reflected_displacement' depends on axioms: [propext, Classical.choice, Quot.sound]
'ZhangLS.Spec.lemma59_ext44_omega3_displacement' depends on axioms: [propext, Classical.choice, Quot.sound]
'ZhangLS.Spec.lemma59_ext44_omega3_re_pos' depends on axioms: [propext, Classical.choice, Quot.sound]
'ZhangLS.Spec.lemma59_ext44_omega3_subset_extended_gamma_region' depends on axioms: [propext,
 Classical.choice,
 Quot.sound]
'ZhangLS.Spec.lemma59_ext44_right_mellin_gaussian_bound' depends on axioms: [propext, Classical.choice, Quot.sound]
'ZhangLS.Spec.lemma59_ext44_truncated_shift_in_extended_gamma_region' depends on axioms: [propext,
 Classical.choice,
 Quot.sound]
'ZhangLS.Spec.lemma59_ext44ActualZtilde_norm_on_omega3' depends on axioms: [propext, Classical.choice, Quot.sound]
'ZhangLS.Spec.lemma59_ext44_equation46' depends on axioms: [propext, Classical.choice, Quot.sound]
'ZhangLS.Spec.lemma59_ext44_gaussian_long_sum_on_omega3' depends on axioms: [propext, Classical.choice, Quot.sound]
'ZhangLS.Spec.lemma59_ext44_initial_left_denominator_bound' depends on axioms: [propext, Classical.choice, Quot.sound]
'ZhangLS.Spec.lemma59_ext44_initial_left_shift_abs_re' depends on axioms: [propext, Classical.choice, Quot.sound]
'ZhangLS.Spec.lemma59_ext44_left_product_mellin_eq_reflected_series' depends on axioms: [propext,
 Classical.choice,
 Quot.sound]
'ZhangLS.Spec.lemma59_ext44_long_sum_on_omega3' depends on axioms: [propext, Classical.choice, Quot.sound]
'ZhangLS.Spec.lemma59_ext44_middle_Z_norm_bound' depends on axioms: [propext, Classical.choice, Quot.sound]
'ZhangLS.Spec.lemma59_ext44_middle_integrable' depends on axioms: [propext, Classical.choice, Quot.sound]
'ZhangLS.Spec.lemma59_ext44_product_finite_shift' depends on axioms: [propext, Classical.choice, Quot.sound]
'ZhangLS.Spec.lemma59_ext44_product_horizontal_point_bound' depends on axioms: [propext, Classical.choice, Quot.sound]
'ZhangLS.Spec.lemma59_ext44_reflected_horizontal_point_bound' depends on axioms: [propext, Classical.choice, Quot.sound]
'ZhangLS.Spec.lemma59_ext44_reflected_long_sum_bound' depends on axioms: [propext, Classical.choice, Quot.sound]
'ZhangLS.Spec.lemma59_ext44_reflected_numerator_rectangle_differentiable' depends on axioms: [propext,
 Classical.choice,
 Quot.sound]
'ZhangLS.Spec.lemma59_ext44_reflected_polynomial_intervalIntegrable' depends on axioms: [propext,
 Classical.choice,
 Quot.sound]
'ZhangLS.Spec.lemma59_ext44_right_vertical_truncation_bound' depends on axioms: [propext, Classical.choice, Quot.sound]
'ZhangLS.Spec.lemma59_ext44_short_right_point_bound' depends on axioms: [propext, Classical.choice, Quot.sound]
'ZhangLS.Spec.lemma59_ext44_initial_left_gamma_region' depends on axioms: [propext, Classical.choice, Quot.sound]
'ZhangLS.Spec.lemma59_ext44_initial_left_omega_bound' depends on axioms: [propext, Classical.choice, Quot.sound]
'ZhangLS.Spec.lemma59_ext44_long_horizontal_point_bound' depends on axioms: [propext, Classical.choice, Quot.sound]
'ZhangLS.Spec.lemma59_ext44_middle_product_bound' depends on axioms: [propext, Classical.choice, Quot.sound]
'ZhangLS.Spec.lemma59_ext44_paper_gaussian_long_sum_on_omega3' depends on axioms: [propext,
 Classical.choice,
 Quot.sound]
'ZhangLS.Spec.lemma59_ext44_product_horizontal_error_bound' depends on axioms: [propext, Classical.choice, Quot.sound]
'ZhangLS.Spec.lemma59_ext44_reflected_polynomial_middle_shift' depends on axioms: [propext,
 Classical.choice,
 Quot.sound]
'ZhangLS.Spec.lemma59_ext44_reflected_polynomial_residue_shift' depends on axioms: [propext,
 Classical.choice,
 Quot.sound]
'ZhangLS.Spec.lemma59_ext44_short_horizontal_point_bound' depends on axioms: [propext, Classical.choice, Quot.sound]
'ZhangLS.Spec.lemma59_ext44_short_right_contour_bound' depends on axioms: [propext, Classical.choice, Quot.sound]
'ZhangLS.Spec.lemma59_ext44_full_gaussian_series_approximation' depends on axioms: [propext,
 Classical.choice,
 Quot.sound]
'ZhangLS.Spec.lemma59_ext44_initial_left_Z_scale_bound' depends on axioms: [propext, Classical.choice, Quot.sound]
'ZhangLS.Spec.lemma59_ext44_long_horizontal_error_bound' depends on axioms: [propext, Classical.choice, Quot.sound]
'ZhangLS.Spec.lemma59_ext44_middle_integrand_norm_bound' depends on axioms: [propext, Classical.choice, Quot.sound]
'ZhangLS.Spec.lemma59_ext44_reflected_tail_contour_continuousOn' depends on axioms: [propext,
 Classical.choice,
 Quot.sound]
'ZhangLS.Spec.lemma59_ext44_short_horizontal_error_bound' depends on axioms: [propext, Classical.choice, Quot.sound]
'ZhangLS.Spec.lemma59_ext44_reflected_tail_contour_intervalIntegrable' depends on axioms: [propext,
 Classical.choice,
 Quot.sound]
'ZhangLS.Spec.lemma59_ext44_reflected_tail_contour_pointwise_bound' depends on axioms: [propext,
 Classical.choice,
 Quot.sound]
'ZhangLS.Spec.lemma59_ext44_right_mellin_approximation' depends on axioms: [propext, Classical.choice, Quot.sound]
'ZhangLS.Spec.lemma59_ext44_truncated_middle_contour_bound' depends on axioms: [propext, Classical.choice, Quot.sound]
'ZhangLS.Spec.lemma59_ext44_left_product_contour_decomposition' depends on axioms: [propext,
 Classical.choice,
 Quot.sound]
'ZhangLS.Spec.lemma59_ext44_middle_reflected_polynomial_bound' depends on axioms: [propext,
 Classical.choice,
 Quot.sound]
'ZhangLS.Spec.lemma59_ext44_reflected_tail_contour_bound' depends on axioms: [propext, Classical.choice, Quot.sound]
'ZhangLS.Spec.lemma59_ext44_actual_approximate_functional_equation' depends on axioms: [propext,
 Classical.choice,
 Quot.sound]
'ZhangLS.Spec.lemma59_ext44_uniform_error_constant' depends on axioms: [propext, Classical.choice, Quot.sound]
'ZhangLS.Spec.lemma59_ext_good_FG_bound' depends on axioms: [propext, Classical.choice, Quot.sound]
'ZhangLS.Spec.lemma59_ext_good_product_bound' depends on axioms: [propext, Classical.choice, Quot.sound]
'ZhangLS.Spec.lemma59_ext_F_logDeriv_at_threshold' depends on axioms: [propext, Classical.choice, Quot.sound]
'ZhangLS.Spec.lemma59_ext45_horizontal_F_quotient_bound' depends on axioms: [propext, Classical.choice, Quot.sound]
'ZhangLS.Spec.lemma59_ext45_omega1_F_inv_bound' depends on axioms: [propext, Classical.choice, Quot.sound]
'ZhangLS.Spec.lemma59_ext45_equation410' depends on axioms: [propext, Classical.choice, Quot.sound]
'ZhangLS.Spec.lemma59_ext45_region_subsets' depends on axioms: [propext, Classical.choice, Quot.sound]
'ZhangLS.Spec.lemma59_ext46_disk_subset_local_strip' depends on axioms: [propext, Classical.choice, Quot.sound]
'ZhangLS.Spec.lemma59_ext46_local_strip_regions' depends on axioms: [propext, Classical.choice, Quot.sound]
'ZhangLS.Spec.lemma59_ext48_omega_height_pos' depends on axioms: [propext, Classical.choice, Quot.sound]
'ZhangLS.Spec.lemma59_ext48_omega_reflection' depends on axioms: [propext, Classical.choice, Quot.sound]
'ZhangLS.Spec.lemma59_ext48_thin_slab_regions' depends on axioms: [propext, Classical.choice, Quot.sound]
'ZhangLS.Spec.lemma59_ext45_B_bound_far' depends on axioms: [propext, Classical.choice, Quot.sound]
'ZhangLS.Spec.lemma59_ext45_B_bound_near' depends on axioms: [propext, Classical.choice, Quot.sound]
'ZhangLS.Spec.lemma59_ext46_actual_A_reflected_zero' depends on axioms: [propext, Classical.choice, Quot.sound]
'ZhangLS.Spec.lemma59_ext46_actual_B_differentiable_ne_zero' depends on axioms: [propext, Classical.choice, Quot.sound]
'ZhangLS.Spec.lemma59_ext46_equation411' depends on axioms: [propext, Classical.choice, Quot.sound]
'ZhangLS.Spec.lemma59_ext46_inner_disk_regions' depends on axioms: [propext, Classical.choice, Quot.sound]
'ZhangLS.Spec.lemma59_ext45_B_uniform_gap' depends on axioms: [propext, Classical.choice, Quot.sound]
'ZhangLS.Spec.lemma59_ext46_actual_A_analyticOn_inner_disk' depends on axioms: [propext, Classical.choice, Quot.sound]
'ZhangLS.Spec.lemma59_ext46_actual_model_approximation_closed' depends on axioms: [propext,
 Classical.choice,
 Quot.sound]
'ZhangLS.Spec.lemma59_ext45_actual_A_lower_bound' depends on axioms: [propext, Classical.choice, Quot.sound]
'ZhangLS.Spec.lemma59_ext46_actual_model_approximation' depends on axioms: [propext, Classical.choice, Quot.sound]
'ZhangLS.Spec.lemma59_ext46_actual_rouche_count_one_closed' depends on axioms: [propext, Classical.choice, Quot.sound]
'ZhangLS.Spec.lemma59_ext45_actual_A_ne_zero' depends on axioms: [propext, Classical.choice, Quot.sound]
'ZhangLS.Spec.lemma59_ext46_actual_rouche_count_one' depends on axioms: [propext, Classical.choice, Quot.sound]
'ZhangLS.Spec.lemma59_ext46_zero_analysis_at_contraction_closed' depends on axioms: [propext,
 Classical.choice,
 Quot.sound]
'ZhangLS.Spec.lemma59_ext45_actual_product_ne_zero' depends on axioms: [propext, Classical.choice, Quot.sound]
'ZhangLS.Spec.lemma59_ext46_zero_analysis_at_contraction' depends on axioms: [propext, Classical.choice, Quot.sound]
'ZhangLS.Spec.lemma59_ext46_proved' depends on axioms: [propext, Classical.choice, Quot.sound]
'ZhangLS.Spec.lemma59_ext48_actual_zero_in_thin_slab' depends on axioms: [propext, Classical.choice, Quot.sound]
'ZhangLS.Spec.lemma59_ext48_actual_Z_inv_bound' depends on axioms: [propext, Classical.choice, Quot.sound]
'ZhangLS.Spec.lemma59_ext_prop22_actual_zero_analysis' depends on axioms: [propext, Classical.choice, Quot.sound]
'ZhangLS.Spec.lemma59_ext48_actual_inverse_factor_approximation' depends on axioms: [propext,
 Classical.choice,
 Quot.sound]
'ZhangLS.Spec.lemma59_ext48_at_explicit_constant' depends on axioms: [propext, Classical.choice, Quot.sound]
'ZhangLS.Spec.lemma59_ext48_proved' depends on axioms: [propext, Classical.choice, Quot.sound]
'ZhangLS.Spec.lemma59_uniform_extended_actual_product_zeros' depends on axioms: [propext, Classical.choice, Quot.sound]
'ZhangLS.Spec.lemma59_actual_L_simple_of_product_simple' depends on axioms: [propext, Classical.choice, Quot.sound]
'ZhangLS.Spec.lemma59_uniform_actual_local_zero_structure' depends on axioms: [propext, Classical.choice, Quot.sound]
'ZhangLS.Spec.lemma59_critical_line_norm_eq_im_distance' depends on axioms: [propext, Classical.choice, Quot.sound]
'ZhangLS.Spec.lemma59_relaxed_rank_scalar' depends on axioms: [propext, Classical.choice, Quot.sound]
'ZhangLS.Spec.lemma59_relaxed_ranked_zero_product_bound' depends on axioms: [propext, Classical.choice, Quot.sound]
'ZhangLS.Spec.lemma59_exceptional_zero_product_bound_three' depends on axioms: [propext, Classical.choice, Quot.sound]
'ZhangLS.Spec.lemma59_ordered_separated_rank' depends on axioms: [propext, Classical.choice, Quot.sound]
'ZhangLS.Spec.lemma59_near_real_zero_card_le_three' depends on axioms: [propext, Classical.choice, Quot.sound]
'ZhangLS.Spec.lemma59_sorted_real_zero_product_bound' depends on axioms: [propext, Classical.choice, Quot.sound]
'ZhangLS.Spec.lemma59_zero_line_distance' depends on axioms: [propext, Classical.choice, Quot.sound]
'ZhangLS.Spec.lemma59_zero_ordinate_injective' depends on axioms: [propext, Classical.choice, Quot.sound]
'ZhangLS.Spec.lemma59_neg_zero_ordinate_injective' depends on axioms: [propext, Classical.choice, Quot.sound]
'ZhangLS.Spec.lemma59_harmonic_le_log_succ' depends on axioms: [propext, Classical.choice, Quot.sound]
'ZhangLS.Spec.lemma59_far_complex_zero_product_bound' depends on axioms: [propext, Classical.choice, Quot.sound]
'ZhangLS.Spec.lemma59_near_complex_zero_card_le_three' depends on axioms: [propext, Classical.choice, Quot.sound]
'ZhangLS.Spec.lemma59_log_succ_product_budget_mono' depends on axioms: [propext, Classical.choice, Quot.sound]
'ZhangLS.Spec.lemma59_separated_complex_zero_product_bound' depends on axioms: [propext, Classical.choice, Quot.sound]
'ZhangLS.Spec.lemma59_log_zero_count_budget' depends on axioms: [propext, Classical.choice, Quot.sound]
'ZhangLS.Spec.lemma59_relaxed_scale_shift_budget' depends on axioms: [propext, Classical.choice, Quot.sound]
'ZhangLS.Spec.lemma59_uniform_relaxed_product_budget' depends on axioms: [propext, Classical.choice, Quot.sound]
'ZhangLS.Spec.lemma59_proved' depends on axioms: [propext, Classical.choice, Quot.sound]
'ZhangLS.Spec.lemma61_gaussian_star_below_half' depends on axioms: [propext, Classical.choice, Quot.sound]
'ZhangLS.Spec.lemma61_gaussian_star_above_half' depends on axioms: [propext, Classical.choice, Quot.sound]
'ZhangLS.Spec.lemma61_gaussian_star_nonneg' depends on axioms: [propext, Classical.choice, Quot.sound]
'ZhangLS.Spec.lemma61_P4_pos' depends on axioms: [propext, Classical.choice, Quot.sound]
'ZhangLS.Spec.lemma61_complementary_scales' depends on axioms: [propext, Classical.choice, Quot.sound]
'ZhangLS.Spec.lemma61_weighted_term_vanishes_outside' depends on axioms: [propext, Classical.choice, Quot.sound]
'ZhangLS.Spec.lemma61_actual_weighted_tsum_eq_finite' depends on axioms: [propext, Classical.choice, Quot.sound]
'ZhangLS.Spec.lemma61_weighted_polynomial_continuous' depends on axioms: [propext, Classical.choice, Quot.sound]
'ZhangLS.Spec.lemma61_short_polynomial_continuous' depends on axioms: [propext, Classical.choice, Quot.sound]
'ZhangLS.Spec.lemma61_error_integrand_continuous' depends on axioms: [propext, Classical.choice, Quot.sound]
'ZhangLS.Spec.lemma61_error_integrand_interval_integrable' depends on axioms: [propext, Classical.choice, Quot.sound]
'ZhangLS.Spec.lemma61_E1_pos' depends on axioms: [propext, Classical.choice, Quot.sound]
'ZhangLS.Spec.lemma61_gaussian_star_norm_le_one' depends on axioms: [propext, Classical.choice, Quot.sound]
'ZhangLS.Spec.lemma61_gaussian_reciprocal_complement' depends on axioms: [propext, Classical.choice, Quot.sound]
'ZhangLS.Spec.lemma61_weighted_term_eq_LSeries_term' depends on axioms: [propext, Classical.choice, Quot.sound]
'ZhangLS.Spec.lemma61_actual_weighted_terms_summable' depends on axioms: [propext, Classical.choice, Quot.sound]
'ZhangLS.Spec.lemma61_region_real_parts' depends on axioms: [propext, Classical.choice, Quot.sound]
'ZhangLS.Spec.lemma61_weighted_polynomial_differentiable' depends on axioms: [propext, Classical.choice, Quot.sound]
'ZhangLS.Spec.lemma61_short_polynomial_differentiable' depends on axioms: [propext, Classical.choice, Quot.sound]
'ZhangLS.Spec.lemma61_omega_one_imaginary_axis' depends on axioms: [propext, Classical.choice, Quot.sound]
'ZhangLS.Spec.lemma61_right_mellin_integrand_eq_tsum' depends on axioms: [propext, Classical.choice, Quot.sound]
'ZhangLS.Spec.lemma61_actual_right_gaussian_mellin' depends on axioms: [propext, Classical.choice, Quot.sound]
'ZhangLS.Spec.lemma61_actual_right_mellin_with_cutoff_correction' depends on axioms: [propext,
 Classical.choice,
 Quot.sound]
'ZhangLS.Spec.lemma61_actual_K_right_mellin_identity' depends on axioms: [propext, Classical.choice, Quot.sound]
'ZhangLS.Spec.lemma61_cutoff_endpoint_budget' depends on axioms: [propext, Classical.choice, Quot.sound]
'ZhangLS.Spec.lemma61_cutoff_gaussian_weight_bound' depends on axioms: [propext, Classical.choice, Quot.sound]
'ZhangLS.Spec.lemma61_cutoff_correction_term_bound' depends on axioms: [propext, Classical.choice, Quot.sound]
'ZhangLS.Spec.lemma61_cutoff_correction_summable_and_bound' depends on axioms: [propext, Classical.choice, Quot.sound]
'ZhangLS.Spec.lemma61_P4_log_bound' depends on axioms: [propext, Classical.choice, Quot.sound]
'ZhangLS.Spec.lemma61_T_squared_log_bound' depends on axioms: [propext, Classical.choice, Quot.sound]
'ZhangLS.Spec.lemma61_actual_K_cutoff_correction_bound' depends on axioms: [propext, Classical.choice, Quot.sound]
'ZhangLS.Spec.lemma61_actual_N_cutoff_correction_bound' depends on axioms: [propext, Classical.choice, Quot.sound]
'ZhangLS.Spec.lemma61_Gamma_logDeriv_recurrence_bound' depends on axioms: [propext, Classical.choice, Quot.sound]
'ZhangLS.Spec.lemma61_Gamma_logDeriv_im_axis_positive' depends on axioms: [propext, Classical.choice, Quot.sound]
'ZhangLS.Spec.lemma61_Gamma_logDeriv_im_axis_all' depends on axioms: [propext, Classical.choice, Quot.sound]
'ZhangLS.Spec.lemma61_GammaR_logDeriv_im_axis_all' depends on axioms: [propext, Classical.choice, Quot.sound]
'ZhangLS.Spec.lemma61_gammaFactor_logDeriv_im_axis_all' depends on axioms: [propext, Classical.choice, Quot.sound]
'ZhangLS.Spec.lemma61_DirichletZ_logDeriv_all_real' depends on axioms: [propext, Classical.choice, Quot.sound]
'ZhangLS.Spec.lemma61_wide_height_data' depends on axioms: [propext, Classical.choice, Quot.sound]
'ZhangLS.Spec.lemma61_DirichletZ_logDeriv_at_T0_wide' depends on axioms: [propext, Classical.choice, Quot.sound]
'ZhangLS.Spec.lemma61_family_Z_logDeriv_normalized_wide' depends on axioms: [propext, Classical.choice, Quot.sound]
'ZhangLS.Spec.lemma61_family_Z_log_modulus_wide' depends on axioms: [propext, Classical.choice, Quot.sound]
'ZhangLS.Spec.lemma61_family_Z_norm_model_wide' depends on axioms: [propext, Classical.choice, Quot.sound]
'ZhangLS.Spec.lemma61_six_alpha_le_quarter' depends on axioms: [propext, Classical.choice, Quot.sound]
'ZhangLS.Spec.lemma61_PT0_log_bounds' depends on axioms: [propext, Classical.choice, Quot.sound]
'ZhangLS.Spec.lemma61_family_Z_norm_thin' depends on axioms: [propext, Classical.choice, Quot.sound]
'ZhangLS.Spec.lemma61_thin_real_in_wide' depends on axioms: [propext, Classical.choice, Quot.sound]
'ZhangLS.Spec.lemma61_complex_transport' depends on axioms: [propext, Classical.choice, Quot.sound]
'ZhangLS.Spec.lemma61_shift_segment_bounds' depends on axioms: [propext, Classical.choice, Quot.sound]
'ZhangLS.Spec.lemma61_actual_complex_Z_shift' depends on axioms: [propext, Classical.choice, Quot.sound]
'ZhangLS.Spec.lemma61_short_polynomial_conjugation' depends on axioms: [propext, Classical.choice, Quot.sound]
'ZhangLS.Spec.lemma61_error_contour_reflection' depends on axioms: [propext, Classical.choice, Quot.sound]
'ZhangLS.Spec.lemma61_error_contour_bounds' depends on axioms: [propext, Classical.choice, Quot.sound]
'ZhangLS.Spec.lemma61_error_contour_short_norm' depends on axioms: [propext, Classical.choice, Quot.sound]
'ZhangLS.Spec.lemma61_P4_log_nonneg' depends on axioms: [propext, Classical.choice, Quot.sound]
'ZhangLS.Spec.lemma61_P4_exponential_thin_bound' depends on axioms: [propext, Classical.choice, Quot.sound]
'ZhangLS.Spec.lemma61_omega_one_thin_gaussian_bound' depends on axioms: [propext, Classical.choice, Quot.sound]
'ZhangLS.Spec.lemma61_actual_error_contour_point_bound' depends on axioms: [propext, Classical.choice, Quot.sound]
'ZhangLS.Spec.lemma61_actual_error_contour_integral_bound' depends on axioms: [propext, Classical.choice, Quot.sound]
'ZhangLS.Spec.lemma61_actual_normalized_error_contour_bound' depends on axioms: [propext, Classical.choice, Quot.sound]
'ZhangLS.Spec.lemma61_family_nonprincipal' depends on axioms: [propext, Classical.choice, Quot.sound]
'ZhangLS.Spec.lemma61_single_mellin_numerator_entire' depends on axioms: [propext, Classical.choice, Quot.sound]
'ZhangLS.Spec.lemma61_single_mellin_rectangle_residue' depends on axioms: [propext, Classical.choice, Quot.sound]
'ZhangLS.Spec.lemma61_actual_single_functional_equation' depends on axioms: [propext, Classical.choice, Quot.sound]
'ZhangLS.Spec.lemma61_interval_integral_double' depends on axioms: [propext, Classical.choice, Quot.sound]
'ZhangLS.Spec.lemma61_rectangle_scale_identity' depends on axioms: [propext, Classical.choice, Quot.sound]
'ZhangLS.Spec.lemma61_simple_pole_wide_rectangle' depends on axioms: [propext, Classical.choice, Quot.sound]
'ZhangLS.Spec.lemma61_actual_wide_rectangle_residue' depends on axioms: [propext, Classical.choice, Quot.sound]
'ZhangLS.Spec.lemma61_actual_rectangle_identity' depends on axioms: [propext, Classical.choice, Quot.sound]
'ZhangLS.Spec.lemma61_single_series_norm_le_square_mass' depends on axioms: [propext, Classical.choice, Quot.sound]
'ZhangLS.Spec.lemma61_right_mellin_gaussian_bound' depends on axioms: [propext, Classical.choice, Quot.sound]
'ZhangLS.Spec.lemma61_right_gaussian_exponent_absorption' depends on axioms: [propext, Classical.choice, Quot.sound]
'ZhangLS.Spec.lemma61_actual_right_mellin_truncation' depends on axioms: [propext, Classical.choice, Quot.sound]
'ZhangLS.Spec.lemma61_mellin_normalization_norm_le_one' depends on axioms: [propext, Classical.choice, Quot.sound]
'ZhangLS.Spec.lemma61_actual_finite_right_K_bound' depends on axioms: [propext, Classical.choice, Quot.sound]
'ZhangLS.Spec.lemma61_region_quarter_bounds' depends on axioms: [propext, Classical.choice, Quot.sound]
'ZhangLS.Spec.lemma61_large_shift_rectangle_bounds' depends on axioms: [propext, Classical.choice, Quot.sound]
'ZhangLS.Spec.lemma61_wide_log_modulus_error_le_one' depends on axioms: [propext, Classical.choice, Quot.sound]
'ZhangLS.Spec.lemma61_P4_PT0_log_identity' depends on axioms: [propext, Classical.choice, Quot.sound]
'ZhangLS.Spec.lemma61_actual_Z_P4_cancellation' depends on axioms: [propext, Classical.choice, Quot.sound]
'ZhangLS.Spec.lemma61_large_shift_gaussian_bound' depends on axioms: [propext, Classical.choice, Quot.sound]
'ZhangLS.Spec.lemma61_large_shift_denominator_bound' depends on axioms: [propext, Classical.choice, Quot.sound]
'ZhangLS.Spec.lemma61_T_log_bounds' depends on axioms: [propext, Classical.choice, Quot.sound]
'ZhangLS.Spec.lemma61_reciprocal_tail_summable' depends on axioms: [propext, Classical.choice, Quot.sound]
'ZhangLS.Spec.lemma61_actual_reciprocal_series_split' depends on axioms: [propext, Classical.choice, Quot.sound]
'ZhangLS.Spec.lemma61_reciprocal_far_left_term_bound' depends on axioms: [propext, Classical.choice, Quot.sound]
'ZhangLS.Spec.lemma61_reciprocal_far_left_sum_bound' depends on axioms: [propext, Classical.choice, Quot.sound]
'ZhangLS.Spec.lemma61_far_left_exponent_bound' depends on axioms: [propext, Classical.choice, Quot.sound]
'ZhangLS.Spec.lemma61_actual_far_left_tail_point_bound' depends on axioms: [propext, Classical.choice, Quot.sound]
'ZhangLS.Spec.lemma61_far_left_integral_exponent_absorption' depends on axioms: [propext, Classical.choice, Quot.sound]
'ZhangLS.Spec.lemma61_actual_far_left_tail_integral_bound' depends on axioms: [propext, Classical.choice, Quot.sound]
'ZhangLS.Spec.lemma61_actual_reciprocal_tail_rectangle_differentiable' depends on axioms: [propext,
 Classical.choice,
 Quot.sound]
'ZhangLS.Spec.lemma61_actual_reciprocal_tail_rectangle_cauchy' depends on axioms: [propext,
 Classical.choice,
 Quot.sound]
'ZhangLS.Spec.lemma61_quarter_series_summable' depends on axioms: [propext, Classical.choice, Quot.sound]
'ZhangLS.Spec.lemma61_reciprocal_horizontal_term_bound' depends on axioms: [propext, Classical.choice, Quot.sound]
'ZhangLS.Spec.lemma61_reciprocal_horizontal_sum_bound' depends on axioms: [propext, Classical.choice, Quot.sound]
'ZhangLS.Spec.lemma61_actual_horizontal_tail_point_bound' depends on axioms: [propext, Classical.choice, Quot.sound]
'ZhangLS.Spec.lemma61_actual_horizontal_tail_integral_bound' depends on axioms: [propext, Classical.choice, Quot.sound]
'ZhangLS.Spec.lemma61_actual_reciprocal_tail_truncation_bound' depends on axioms: [propext,
 Classical.choice,
 Quot.sound]
'ZhangLS.Spec.lemma61_positive_real_cpow_model' depends on axioms: [propext, Classical.choice, Quot.sound]
'ZhangLS.Spec.lemma61_error_difference_at_zero' depends on axioms: [propext, Classical.choice, Quot.sound]
'ZhangLS.Spec.lemma61_error_regular_eq_actual_of_ne_zero' depends on axioms: [propext, Classical.choice, Quot.sound]
'ZhangLS.Spec.lemma61_error_difference_rectangle_differentiable' depends on axioms: [propext,
 Classical.choice,
 Quot.sound]
'ZhangLS.Spec.lemma61_error_regular_rectangle_differentiable' depends on axioms: [propext, Classical.choice, Quot.sound]
'ZhangLS.Spec.lemma61_error_vertical_ae_eq' depends on axioms: [propext, Classical.choice, Quot.sound]
'ZhangLS.Spec.lemma61_error_vertical_interval_integrable' depends on axioms: [propext, Classical.choice, Quot.sound]
'ZhangLS.Spec.lemma61_error_vertical_integral_eq' depends on axioms: [propext, Classical.choice, Quot.sound]
'ZhangLS.Spec.lemma61_actual_error_path_interval_integrable' depends on axioms: [propext, Classical.choice, Quot.sound]
'ZhangLS.Spec.lemma61_error_regular_path_rectangle_cauchy' depends on axioms: [propext, Classical.choice, Quot.sound]
'ZhangLS.Spec.lemma61_actual_error_line_shift' depends on axioms: [propext, Classical.choice, Quot.sound]
'ZhangLS.Spec.lemma61_short_polynomial_norm_bound' depends on axioms: [propext, Classical.choice, Quot.sound]
'ZhangLS.Spec.lemma61_model_Z_P4_factor' depends on axioms: [propext, Classical.choice, Quot.sound]
'ZhangLS.Spec.lemma61_actual_Z_original_norm_bound' depends on axioms: [propext, Classical.choice, Quot.sound]
'ZhangLS.Spec.lemma61_actual_horizontal_Z_error_factor_bound' depends on axioms: [propext, Classical.choice, Quot.sound]
'ZhangLS.Spec.lemma61_actual_horizontal_Z_error_point_bound' depends on axioms: [propext, Classical.choice, Quot.sound]
'ZhangLS.Spec.lemma61_actual_horizontal_Z_error_integral_bound' depends on axioms: [propext,
 Classical.choice,
 Quot.sound]
'ZhangLS.Spec.lemma61_E1_exponential_floor' depends on axioms: [propext, Classical.choice, Quot.sound]
'ZhangLS.Spec.lemma61_actual_original_left_Z_error_bound' depends on axioms: [propext, Classical.choice, Quot.sound]
Try this:
  [apply] ring_nf
  
  The `ring` tactic failed to close the goal. Use `ring_nf` to obtain a normal form.
    
  Note that `ring` works primarily in *commutative* rings. If you have a noncommutative ring, abelian group or module, consider using `noncomm_ring`, `abel` or `module` instead.
'ZhangLS.Spec.lemma61_short_mellin_eq_finite_sum' depends on axioms: [propext, Classical.choice, Quot.sound]
'ZhangLS.Spec.lemma61_short_mellin_integrable' depends on axioms: [propext, Classical.choice, Quot.sound]
'ZhangLS.Spec.lemma61_actual_short_gaussian_mellin' depends on axioms: [propext, Classical.choice, Quot.sound]
'ZhangLS.Spec.lemma61_short_star_sum_eq_weighted' depends on axioms: [propext, Classical.choice, Quot.sound]
'ZhangLS.Spec.lemma61_short_gaussian_cutoff_bound' depends on axioms: [propext, Classical.choice, Quot.sound]
'ZhangLS.Spec.lemma61_N_support_inside_short_sum' depends on axioms: [propext, Classical.choice, Quot.sound]
'ZhangLS.Spec.lemma61_actual_full_short_mellin_N_bound' depends on axioms: [propext, Classical.choice, Quot.sound]
'ZhangLS.Spec.lemma61_short_right_gaussian_bound' depends on axioms: [propext, Classical.choice, Quot.sound]
'ZhangLS.Spec.lemma61_short_gaussian_exponent_absorption' depends on axioms: [propext, Classical.choice, Quot.sound]
'ZhangLS.Spec.lemma61_actual_short_right_truncation' depends on axioms: [propext, Classical.choice, Quot.sound]
'ZhangLS.Spec.lemma61_actual_finite_short_mellin_N_bound' depends on axioms: [propext, Classical.choice, Quot.sound]
'ZhangLS.Spec.lemma61_reciprocal_model_reflection' depends on axioms: [propext, Classical.choice, Quot.sound]
'ZhangLS.Spec.lemma61_reciprocal_model_vertical_identity' depends on axioms: [propext, Classical.choice, Quot.sound]
'ZhangLS.Spec.lemma61_actual_finite_reciprocal_model_N_bound' depends on axioms: [propext, Classical.choice, Quot.sound]
'ZhangLS.Spec.lemma61_actual_original_left_integrand_split' depends on axioms: [propext, Classical.choice, Quot.sound]
'ZhangLS.Spec.lemma61_reciprocal_model_interval_integrable' depends on axioms: [propext, Classical.choice, Quot.sound]
'ZhangLS.Spec.lemma61_actual_left_tail_interval_integrable' depends on axioms: [propext, Classical.choice, Quot.sound]
'ZhangLS.Spec.lemma61_actual_original_left_integral_split' depends on axioms: [propext, Classical.choice, Quot.sound]
'ZhangLS.Spec.lemma61_actual_original_left_N_bound' depends on axioms: [propext, Classical.choice, Quot.sound]
'ZhangLS.Spec.lemma61_family_modulus_bound' depends on axioms: [propext, Classical.choice, Quot.sound]
'ZhangLS.Spec.lemma61_shifted_argument_norm_bounds' depends on axioms: [propext, Classical.choice, Quot.sound]
'ZhangLS.Spec.lemma61_actual_L_quarter_plane_bound' depends on axioms: [propext, Classical.choice, Quot.sound]
'ZhangLS.Spec.lemma61_P4_exponential_rectangle_bound' depends on axioms: [propext, Classical.choice, Quot.sound]
'ZhangLS.Spec.lemma61_T_left_rectangle_exponential_bound' depends on axioms: [propext, Classical.choice, Quot.sound]
'ZhangLS.Spec.lemma61_actual_shifted_L_positive_bound' depends on axioms: [propext, Classical.choice, Quot.sound]
'ZhangLS.Spec.lemma61_actual_shifted_L_dual_bound' depends on axioms: [propext, Classical.choice, Quot.sound]
'ZhangLS.Spec.lemma61_actual_positive_L_P4_bound' depends on axioms: [propext, Classical.choice, Quot.sound]
'ZhangLS.Spec.lemma61_actual_negative_L_P4_bound' depends on axioms: [propext, Classical.choice, Quot.sound]
'ZhangLS.Spec.lemma61_actual_L_P4_rectangle_bound' depends on axioms: [propext, Classical.choice, Quot.sound]
'ZhangLS.Spec.lemma61_actual_horizontal_L_point_bound' depends on axioms: [propext, Classical.choice, Quot.sound]
'ZhangLS.Spec.lemma61_horizontal_L_exponent_absorption' depends on axioms: [propext, Classical.choice, Quot.sound]
'ZhangLS.Spec.lemma61_actual_horizontal_L_integral_bound' depends on axioms: [propext, Classical.choice, Quot.sound]
'ZhangLS.Spec.lemma61_actual_approximation_bound' depends on axioms: [propext, Classical.choice, Quot.sound]
'ZhangLS.Spec.lemma61_approximation_constant_pos' depends on axioms: [propext, Classical.choice, Quot.sound]
'ZhangLS.Spec.lemma61_parameters_at_threshold' depends on axioms: [propext, Classical.choice, Quot.sound]
'ZhangLS.Spec.lemma61_proved' depends on axioms: [propext, Classical.choice, Quot.sound]
'ZhangLS.Spec.lemma33_mem_prime_window' depends on axioms: [propext, Classical.choice, Quot.sound]
'ZhangLS.Spec.lemma33_prime_index_short_bound' depends on axioms: [propext, Classical.choice, Quot.sound]
'ZhangLS.Spec.lemma33_actual_first_mean_bound' depends on axioms: [propext, Classical.choice, Quot.sound]
'ZhangLS.Spec.lemma33_original_family_prime_mem' depends on axioms: [propext, Classical.choice, Quot.sound]
'ZhangLS.Spec.lemma33_actual_family_mem' depends on axioms: [propext, Classical.choice, Quot.sound]
'ZhangLS.Spec.lemma33_LSeries_term_norm_square' depends on axioms: [propext, Classical.choice, Quot.sound]
'ZhangLS.Spec.lemma33_actual_first_Dirichlet_mean_bound' depends on axioms: [propext, Classical.choice, Quot.sound]
'ZhangLS.Spec.lemma33_local_scalar_sampling' depends on axioms: [propext, Classical.choice, Quot.sound]
'ZhangLS.Spec.lemma33_norm_square_derivative' depends on axioms: [propext, Classical.choice, Quot.sound]
'ZhangLS.Spec.lemma33_norm_square_derivative_bound' depends on axioms: [propext, Classical.choice, Quot.sound]
'ZhangLS.Spec.lemma33_local_norm_square_sampling' depends on axioms: [propext, Classical.choice, Quot.sound]
'ZhangLS.Spec.lemma33_sampling_interval_sum_le' depends on axioms: [propext, Classical.choice, Quot.sound]
'ZhangLS.Spec.lemma33_separated_norm_square_sampling' depends on axioms: [propext, Classical.choice, Quot.sound]
'ZhangLS.Spec.lemma33_prime_fraction_cross_ne' depends on axioms: [propext, Classical.choice, Quot.sound]
'ZhangLS.Spec.lemma33_prime_fraction_separation' depends on axioms: [propext, Classical.choice, Quot.sound]
'ZhangLS.Spec.lemma33_fourier_interval_orthogonality' depends on axioms: [propext, Classical.choice, Quot.sound]
'ZhangLS.Spec.lemma33_trig_sum_continuous' depends on axioms: [propext, Classical.choice, Quot.sound]
'ZhangLS.Spec.lemma33_trig_sum_parseval' depends on axioms: [propext, Classical.choice, Quot.sound]
'ZhangLS.Spec.lemma33_trig_sum_hasDerivAt' depends on axioms: [propext, Classical.choice, Quot.sound]
'ZhangLS.Spec.lemma33_trig_sum_periodic' depends on axioms: [propext, Classical.choice, Quot.sound]
'ZhangLS.Spec.lemma33_trig_derivative_energy' depends on axioms: [propext, Classical.choice, Quot.sound]
'ZhangLS.Spec.lemma33_trig_derivative_energy_bound' depends on axioms: [propext, Classical.choice, Quot.sound]
'ZhangLS.Spec.lemma33_trig_square_integral_two_periods' depends on axioms: [propext, Classical.choice, Quot.sound]
'ZhangLS.Spec.lemma33_trig_square_energy_two_periods' depends on axioms: [propext, Classical.choice, Quot.sound]
'ZhangLS.Spec.lemma33_trig_derivative_two_period_bound' depends on axioms: [propext, Classical.choice, Quot.sound]
'ZhangLS.Spec.lemma33_primitive_nonprincipal' depends on axioms: [propext, Classical.choice, Quot.sound]
'ZhangLS.Spec.lemma33_prime_gauss_norm_square' depends on axioms: [propext, Classical.choice, Quot.sound]
'ZhangLS.Spec.lemma33_unit_character_mean_square_exact' depends on axioms: [propext, Classical.choice, Quot.sound]
'ZhangLS.Spec.lemma33_gauss_finite_transform' depends on axioms: [propext, Classical.choice, Quot.sound]
'ZhangLS.Spec.lemma33_gauss_finite_transform_norm_square' depends on axioms: [propext, Classical.choice, Quot.sound]
'ZhangLS.Spec.lemma33_unit_character_transform_parseval' depends on axioms: [propext, Classical.choice, Quot.sound]
'ZhangLS.Spec.lemma33_prime_primitive_mean_le_additive' depends on axioms: [propext, Classical.choice, Quot.sound]
'ZhangLS.Spec.lemma33_additive_large_sieve' depends on axioms: [propext, Classical.choice, Quot.sound]
'ZhangLS.Spec.lemma33_prime_window_modulus_bound' depends on axioms: [propext, Classical.choice, Quot.sound]
'ZhangLS.Spec.lemma33_sample_point_bounds' depends on axioms: [propext, Classical.choice, Quot.sound]
'ZhangLS.Spec.lemma33_actual_samples_separated' depends on axioms: [propext, Classical.choice, Quot.sound]
'ZhangLS.Spec.lemma33_additive_polynomial_eq_trig' depends on axioms: [propext, Classical.choice, Quot.sound]
'ZhangLS.Spec.lemma33_actual_mean_eq_prime_sum' depends on axioms: [propext, Classical.choice, Quot.sound]
'ZhangLS.Spec.lemma33_actual_mean_le_samples' depends on axioms: [propext, Classical.choice, Quot.sound]
'ZhangLS.Spec.lemma33_actual_second_mean_bound' depends on axioms: [propext, Classical.choice, Quot.sound]
'ZhangLS.Spec.lemma33_actual_second_Dirichlet_mean_bound' depends on axioms: [propext, Classical.choice, Quot.sound]
'ZhangLS.Spec.lemma33_parameters_at_threshold' depends on axioms: [propext, Classical.choice, Quot.sound]
'ZhangLS.Spec.lemma33_proved' depends on axioms: [propext, Classical.choice, Quot.sound]
'ZhangLS.Spec.lemma33_original_Dirichlet_sum_eq_actual' depends on axioms: [propext, Classical.choice, Quot.sound]
'ZhangLS.Spec.lemma34_multichoose_recurrence' depends on axioms: [propext, Quot.sound]
'ZhangLS.Spec.lemma34_multichoose_40_square_le_1600' depends on axioms: [propext, Classical.choice, Quot.sound]
'ZhangLS.Spec.lemma34_tau_multiplicative' depends on axioms: [propext, Classical.choice, Quot.sound]
'ZhangLS.Spec.lemma34_tau_prime_power' depends on axioms: [propext, Classical.choice, Quot.sound]
'ZhangLS.Spec.lemma34_tau40_square_le_tau1600' depends on axioms: [propext, Classical.choice, Quot.sound]
'ZhangLS.Spec.lemma34_weighted_convolution_le' depends on axioms: [propext, Classical.choice, Quot.sound]
'ZhangLS.Spec.lemma34_tau_weighted_sum_le_harmonic_pow' depends on axioms: [propext, Classical.choice, Quot.sound]
'ZhangLS.Spec.lemma34_tuple_sum_succ' depends on axioms: [propext, Classical.choice, Quot.sound]
'ZhangLS.Spec.lemma34_tuple_sum_recurrence' depends on axioms: [propext, Classical.choice, Quot.sound]
'ZhangLS.Spec.lemma34_tuple_sum_zero' depends on axioms: [propext, Classical.choice, Quot.sound]
'ZhangLS.Spec.lemma34_tuple_sum_le_arithmetic_pow' depends on axioms: [propext, Classical.choice, Quot.sound]
'ZhangLS.Spec.lemma34_tau2_eq_divisor_card' depends on axioms: [propext, Classical.choice, Quot.sound]
'ZhangLS.Spec.lemma34_actual_tau40_le_standard' depends on axioms: [propext, Classical.choice, Quot.sound]
'ZhangLS.Spec.lemma34_actual_tau40_square_le_tau1600' depends on axioms: [propext, Classical.choice, Quot.sound]
'ZhangLS.Spec.lemma34_actual_tau40_weighted_sum_le' depends on axioms: [propext, Classical.choice, Quot.sound]
'ZhangLS.Spec.lemma34_majorized_coefficient_weighted_sum' depends on axioms: [propext, Classical.choice, Quot.sound]
'ZhangLS.Spec.lemma34_centered_weight_square' depends on axioms: [propext, Classical.choice, Quot.sound]
'ZhangLS.Spec.lemma34_centered_coefficient_energy' depends on axioms: [propext, Classical.choice, Quot.sound]
'ZhangLS.Spec.lemma34_actual_short_mean_bound' depends on axioms: [propext, Classical.choice, Quot.sound]
'ZhangLS.Spec.lemma34_centered_partial_sum_mean_square' depends on axioms: [propext, Classical.choice, Quot.sound]
'ZhangLS.Spec.lemma34_cutoff_le_P' depends on axioms: [propext, Classical.choice, Quot.sound]
'ZhangLS.Spec.lemma34_cutoff_nat_le_floor_P' depends on axioms: [propext, Classical.choice, Quot.sound]
'ZhangLS.Spec.lemma34_coefficient_log_bound' depends on axioms: [propext, Classical.choice, Quot.sound]
'ZhangLS.Spec.lemma34_uniform_centered_mean_square' depends on axioms: [propext, Classical.choice, Quot.sound]
'ZhangLS.Spec.lemma34_actual_x1_mean_square' depends on axioms: [propext, Classical.choice, Quot.sound]
'ZhangLS.Spec.lemma34_actual_x2_mean_square' depends on axioms: [propext, Classical.choice, Quot.sound]
'ZhangLS.Spec.lemma34_weighted_integral_cauchy' depends on axioms: [propext, Classical.choice, Quot.sound]
'ZhangLS.Spec.lemma34_partial_sum_measurable' depends on axioms: [propext, Classical.choice, Quot.sound]
'ZhangLS.Spec.lemma34_partial_sum_norm_bound' depends on axioms: [propext, Classical.choice, Quot.sound]
'ZhangLS.Spec.lemma34_two_partial_sums_weighted_integrable' depends on axioms: [propext, Classical.choice, Quot.sound]
'ZhangLS.Spec.lemma34_actual_partial_sums_weighted_integrable' depends on axioms: [propext,
 Classical.choice,
 Quot.sound]
'ZhangLS.Spec.lemma34_D_positive' depends on axioms: [propext, Classical.choice, Quot.sound]
'ZhangLS.Spec.lemma34_inverse_integral' depends on axioms: [propext, Classical.choice, Quot.sound]
'ZhangLS.Spec.lemma34_actual_sum_norms_square_mean' depends on axioms: [propext, Classical.choice, Quot.sound]
'ZhangLS.Spec.lemma34_actual_weighted_integral_cauchy' depends on axioms: [propext, Classical.choice, Quot.sound]
'ZhangLS.Spec.lemma34_actual_weighted_square_integral_mean' depends on axioms: [propext, Classical.choice, Quot.sound]
'ZhangLS.Spec.lemma34_actual_integral_mean_square' depends on axioms: [propext, Classical.choice, Quot.sound]
'ZhangLS.Spec.lemma34_actual_B_nonneg' depends on axioms: [propext, Classical.choice, Quot.sound]
'ZhangLS.Spec.lemma34_B_algebra_bound' depends on axioms: [propext, Classical.choice, Quot.sound]
'ZhangLS.Spec.lemma34_actual_B_mean_square' depends on axioms: [propext, Classical.choice, Quot.sound]
'ZhangLS.Spec.lemma34_mem_bad_family' depends on axioms: [propext, Classical.choice, Quot.sound]
'ZhangLS.Spec.lemma34_bad_count_times_threshold' depends on axioms: [propext, Classical.choice, Quot.sound]
'ZhangLS.Spec.lemma34_actual_bad_count' depends on axioms: [propext, Classical.choice, Quot.sound]
'ZhangLS.Spec.lemma34_proved' depends on axioms: [propext, Classical.choice, Quot.sound]
'ZhangLS.Spec.lemma31_actual_nu_eq_zetaMul' depends on axioms: [propext, Classical.choice, Quot.sound]
'ZhangLS.Spec.lemma31_actual_nu_nonneg' depends on axioms: [propext, Classical.choice, Quot.sound]
'ZhangLS.Spec.lemma31_actual_nu_prime_power' depends on axioms: [propext, Classical.choice, Quot.sound]
'ZhangLS.Spec.lemma31_actual_nu_multiplicative' depends on axioms: [propext, Classical.choice, Quot.sound]
'ZhangLS.Spec.lemma31_actual_nu_one' depends on axioms: [propext, Classical.choice, Quot.sound]
'ZhangLS.Spec.lemma31_actual_nu_le_convolution_square' depends on axioms: [propext, Classical.choice, Quot.sound]
'ZhangLS.Spec.lemma31_linear_convolution_sum_bound' depends on axioms: [propext, Classical.choice, Quot.sound]
'ZhangLS.Spec.lemma31_actual_nu_convolution_prime_power' depends on axioms: [propext, Classical.choice, Quot.sound]
'ZhangLS.Spec.lemma31_actual_nu_prime_power_of_one' depends on axioms: [propext, Classical.choice, Quot.sound]
'ZhangLS.Spec.lemma31_actual_nu_prime_power_idempotent' depends on axioms: [propext, Classical.choice, Quot.sound]
'ZhangLS.Spec.lemma31_actual_nu_prime_square_le_of_one' depends on axioms: [propext, Classical.choice, Quot.sound]
'ZhangLS.Spec.lemma31_actual_nu_prime_square_le' depends on axioms: [propext, Classical.choice, Quot.sound]
'ZhangLS.Spec.lemma31_actual_nu_square_le_convolution' depends on axioms: [propext, Classical.choice, Quot.sound]
'ZhangLS.Spec.lemma31_actual_nu_norm_square_le_convolution' depends on axioms: [propext, Classical.choice, Quot.sound]
'ZhangLS.Spec.lemma31_nu_real_nonneg' depends on axioms: [propext, Classical.choice, Quot.sound]
'ZhangLS.Spec.lemma31_nu_real_eq_norm' depends on axioms: [propext, Classical.choice, Quot.sound]
'ZhangLS.Spec.lemma31_nu_real_eq_divisor_sum' depends on axioms: [propext, Classical.choice, Quot.sound]
'ZhangLS.Spec.lemma31_nu_im_zero' depends on axioms: [propext, Classical.choice, Quot.sound]
'ZhangLS.Spec.lemma31_nu_convolution_real' depends on axioms: [propext, Classical.choice, Quot.sound]
'ZhangLS.Spec.lemma31_nu_norm_square_le_divisor_convolution' depends on axioms: [propext, Classical.choice, Quot.sound]
'ZhangLS.Spec.lemma31_positive_weighted_convolution_tail_le' depends on axioms: [propext, Classical.choice, Quot.sound]
'ZhangLS.Spec.lemma31_actual_square_weighted_tail_le' depends on axioms: [propext, Classical.choice, Quot.sound]
'ZhangLS.Spec.lemma31_inverse_deriv' depends on axioms: [propext, Classical.choice, Quot.sound]
'ZhangLS.Spec.lemma31_eval_sum_zero_to_one' depends on axioms: [propext, Classical.choice, Quot.sound]
'ZhangLS.Spec.lemma31_character_harmonic_abel' depends on axioms: [propext, Classical.choice, Quot.sound]
'ZhangLS.Spec.lemma31_character_kernel_eq_abel' depends on axioms: [propext, Classical.choice, Quot.sound]
'ZhangLS.Spec.lemma31_character_kernel_integrable' depends on axioms: [propext, Classical.choice, Quot.sound]
'ZhangLS.Spec.lemma31_character_kernel_LAtOne' depends on axioms: [propext, Classical.choice, Quot.sound]
'ZhangLS.Spec.lemma31_character_kernel_norm_le' depends on axioms: [propext, Classical.choice, Quot.sound]
'ZhangLS.Spec.lemma31_character_kernel_tail_norm_le' depends on axioms: [propext, Classical.choice, Quot.sound]
'ZhangLS.Spec.lemma31_character_harmonic_truncation_identity' depends on axioms: [propext, Classical.choice, Quot.sound]
'ZhangLS.Spec.lemma31_character_harmonic_truncation_norm_le' depends on axioms: [propext, Classical.choice, Quot.sound]
'ZhangLS.Spec.lemma31_character_harmonic_truncation_real_le' depends on axioms: [propext, Classical.choice, Quot.sound]
'ZhangLS.Spec.lemma31_antitone_weighted_sum_norm_le' depends on axioms: [propext, Classical.choice, Quot.sound]
'ZhangLS.Spec.lemma31_actual_nu_cumulative_eq' depends on axioms: [propext, Classical.choice, Quot.sound]
'ZhangLS.Spec.lemma31_shifted_character_partial_norm_le' depends on axioms: [propext, Classical.choice, Quot.sound]
'ZhangLS.Spec.lemma31_floor_div_weight_antitone' depends on axioms: [propext, Classical.choice, Quot.sound]
'ZhangLS.Spec.lemma31_hyperbola_long_sum_norm_le' depends on axioms: [propext, Classical.choice, Quot.sound]
'ZhangLS.Spec.lemma31_floor_div_real_error_le' depends on axioms: [propext, Classical.choice, Quot.sound]
'ZhangLS.Spec.lemma31_hyperbola_short_error_le' depends on axioms: [propext, Classical.choice, Quot.sound]
'ZhangLS.Spec.lemma31_actual_cumulative_error_le' depends on axioms: [propext, Classical.choice, Quot.sound]
'ZhangLS.Spec.lemma31_sqrt_cutoff_properties' depends on axioms: [propext, Classical.choice, Quot.sound]
'ZhangLS.Spec.lemma31_actual_cumulative_sqrt_error_le' depends on axioms: [propext, Classical.choice, Quot.sound]
'ZhangLS.Spec.lemma31_nu_real_cumulative_le' depends on axioms: [propext, Classical.choice, Quot.sound]
'ZhangLS.Spec.lemma31_nu_real_zero' depends on axioms: [propext, Classical.choice, Quot.sound]
'ZhangLS.Spec.lemma31_nu_real_sum_zero_to_one' depends on axioms: [propext, Classical.choice, Quot.sound]
'ZhangLS.Spec.lemma31_nu_cumulative_nonneg' depends on axioms: [propext, Classical.choice, Quot.sound]
'ZhangLS.Spec.lemma31_nu_cumulative_measurable' depends on axioms: [propext, Classical.choice, Quot.sound]
'ZhangLS.Spec.lemma31_nu_cumulative_real_bound' depends on axioms: [propext, Classical.choice, Quot.sound]
'ZhangLS.Spec.lemma31_nu_weighted_tail_abel' depends on axioms: [propext, Classical.choice, Quot.sound]
'ZhangLS.Spec.lemma31_sqrt_inverse_square' depends on axioms: [propext, Classical.choice, Quot.sound]
'ZhangLS.Spec.lemma31_sqrt_inverse' depends on axioms: [propext, Classical.choice, Quot.sound]
'ZhangLS.Spec.lemma31_three_halves_integral' depends on axioms: [propext, Classical.choice, Quot.sound]
'ZhangLS.Spec.lemma31_three_halves_partial_integral_le' depends on axioms: [propext, Classical.choice, Quot.sound]
'ZhangLS.Spec.lemma31_inverse_partial_integral' depends on axioms: [propext, Classical.choice, Quot.sound]
'ZhangLS.Spec.lemma31_nu_weighted_kernel_bound' depends on axioms: [propext, Classical.choice, Quot.sound]
'ZhangLS.Spec.lemma31_nu_weighted_kernel_integrable' depends on axioms: [propext, Classical.choice, Quot.sound]
'ZhangLS.Spec.lemma31_nu_weighted_integral_le' depends on axioms: [propext, Classical.choice, Quot.sound]
'ZhangLS.Spec.lemma31_nu_weighted_endpoint_le' depends on axioms: [propext, Classical.choice, Quot.sound]
'ZhangLS.Spec.lemma31_nu_weighted_linear_tail_le' depends on axioms: [propext, Classical.choice, Quot.sound]
'ZhangLS.Spec.lemma31_nu_weighted_D_square_tail_le' depends on axioms: [propext, Classical.choice, Quot.sound]
'ZhangLS.Spec.lemma31_D_le_P' depends on axioms: [propext, Classical.choice, Quot.sound]
'ZhangLS.Spec.lemma31_D_square_le_paper_cutoff' depends on axioms: [propext, Classical.choice, Quot.sound]
'ZhangLS.Spec.lemma31_paper_cutoff_log_le' depends on axioms: [propext, Classical.choice, Quot.sound]
'ZhangLS.Spec.lemma31_paper_cutoff_log_factor_le' depends on axioms: [propext, Classical.choice, Quot.sound]
'ZhangLS.Spec.lemma31_inverse_sqrt_eq_exp' depends on axioms: [propext, Classical.choice, Quot.sound]
'ZhangLS.Spec.lemma31_exponential_absorption_threshold' depends on axioms: [propext, Classical.choice, Quot.sound]
'ZhangLS.Spec.lemma31_small_value_scale_identity' depends on axioms: [propext, Classical.choice, Quot.sound]
'ZhangLS.Spec.lemma31_nu_linear_paper_tail_le' depends on axioms: [propext, Classical.choice, Quot.sound]
'ZhangLS.Spec.lemma31_nu_weighted_sum_le_harmonic_sq' depends on axioms: [propext, Classical.choice, Quot.sound]
'ZhangLS.Spec.lemma31_nu_small_weighted_sum_le' depends on axioms: [propext, Classical.choice, Quot.sound]
'ZhangLS.Spec.lemma31_nu_total_paper_weight_le' depends on axioms: [propext, Classical.choice, Quot.sound]
'ZhangLS.Spec.lemma31_square_tail_scale_identity' depends on axioms: [propext, Classical.choice, Quot.sound]
'ZhangLS.Spec.lemma31_actual_square_paper_tail_le' depends on axioms: [propext, Classical.choice, Quot.sound]
'ZhangLS.Spec.lemma31_actual_real_square_paper_tail_le' depends on axioms: [propext, Classical.choice, Quot.sound]
'ZhangLS.Spec.lemma31_proved' depends on axioms: [propext, Classical.choice, Quot.sound]
'ZhangLS.Spec.lemma35_actual_X3_eq_centered_sum' depends on axioms: [propext, Classical.choice, Quot.sound]
'ZhangLS.Spec.lemma35_actual_X3_mean_eq' depends on axioms: [propext, Classical.choice, Quot.sound]
'ZhangLS.Spec.lemma35_centered_coefficient_energy_le' depends on axioms: [propext, Classical.choice, Quot.sound]
'ZhangLS.Spec.lemma35_actual_X3_mean_energy_le' depends on axioms: [propext, Classical.choice, Quot.sound]
'ZhangLS.Spec.lemma35_prime_windows_eq' depends on axioms: [propext, Classical.choice, Quot.sound]
'ZhangLS.Spec.lemma35_actual_prime_mass_eq' depends on axioms: [propext, Classical.choice, Quot.sound]
'ZhangLS.Spec.lemma35_prime_mass_scale_of_lower' depends on axioms: [propext, Classical.choice, Quot.sound]
'ZhangLS.Spec.lemma35_mean_scale_identity' depends on axioms: [propext, Classical.choice, Quot.sound]
'ZhangLS.Spec.lemma35_actual_X3_mean_of_inputs' depends on axioms: [propext, Classical.choice, Quot.sound]
'ZhangLS.Spec.lemma35_uniform_actual_X3_mean' depends on axioms: [propext, Classical.choice, Quot.sound]
'ZhangLS.Spec.lemma35_actual_X3_eq_partial_sum' depends on axioms: [propext, Classical.choice, Quot.sound]
'ZhangLS.Spec.lemma35_actual_X3_measurable' depends on axioms: [propext, Classical.choice, Quot.sound]
'ZhangLS.Spec.lemma35_actual_X3_partial_norm_bound' depends on axioms: [propext, Classical.choice, Quot.sound]
'ZhangLS.Spec.lemma35_actual_X3_power_weighted_integrable' depends on axioms: [propext, Classical.choice, Quot.sound]
'ZhangLS.Spec.lemma35_interval_parameters' depends on axioms: [propext, Classical.choice, Quot.sound]
'ZhangLS.Spec.lemma35_inverse_integral' depends on axioms: [propext, Classical.choice, Quot.sound]
'ZhangLS.Spec.lemma35_inverse_integrable' depends on axioms: [propext, Classical.choice, Quot.sound]
'ZhangLS.Spec.lemma35_actual_weighted_integral_cauchy' depends on axioms: [propext, Classical.choice, Quot.sound]
'ZhangLS.Spec.lemma35_actual_weighted_square_integral_mean_le' depends on axioms: [propext,
 Classical.choice,
 Quot.sound]
'ZhangLS.Spec.lemma35_actual_integral_mean_square_le' depends on axioms: [propext, Classical.choice, Quot.sound]
'ZhangLS.Spec.lemma35_actual_B_nonneg' depends on axioms: [propext, Classical.choice, Quot.sound]
'ZhangLS.Spec.lemma35_actual_B_mean_square_le' depends on axioms: [propext, Classical.choice, Quot.sound]
'ZhangLS.Spec.lemma35_B_mean_scale_identity' depends on axioms: [propext, Classical.choice, Quot.sound]
'ZhangLS.Spec.lemma35_uniform_actual_B_mean_square' depends on axioms: [propext, Classical.choice, Quot.sound]
'ZhangLS.Spec.lemma35_mem_bad_family' depends on axioms: [propext, Classical.choice, Quot.sound]
'ZhangLS.Spec.lemma35_bad_count_times_threshold' depends on axioms: [propext, Classical.choice, Quot.sound]
'ZhangLS.Spec.lemma35_threshold_square' depends on axioms: [propext, Classical.choice, Quot.sound]
'ZhangLS.Spec.lemma35_uniform_actual_bad_count' depends on axioms: [propext, Classical.choice, Quot.sound]
'ZhangLS.Spec.lemma35_proved' depends on axioms: [propext, Classical.choice, Quot.sound]
'ZhangLS.Spec.lemma32_actual_coefficient_nonneg' depends on axioms: [propext, Classical.choice, Quot.sound]
'ZhangLS.Spec.lemma32_tau_two_prime_power' depends on axioms: [propext, Classical.choice, Quot.sound]
'ZhangLS.Spec.lemma32_actual_coefficient_prime_power_of_one' depends on axioms: [propext, Classical.choice, Quot.sound]
'ZhangLS.Spec.lemma32_actual_coefficient_prime_power_of_zero' depends on axioms: [propext, Classical.choice, Quot.sound]
'ZhangLS.Spec.lemma32_actual_coefficient_prime_power_of_neg_one' depends on axioms: [propext,
 Classical.choice,
 Quot.sound]
'ZhangLS.Spec.lemma32_actual_coefficient_one' depends on axioms: [propext, Classical.choice, Quot.sound]
'ZhangLS.Spec.lemma32_rising_choose_two' depends on axioms: [propext, Classical.choice, Quot.sound]
'ZhangLS.Spec.lemma32_rising_choose_three' depends on axioms: [propext, Classical.choice, Quot.sound]
'ZhangLS.Spec.lemma32_rising_choose_four' depends on axioms: [propext, Classical.choice, Quot.sound]
'ZhangLS.Spec.lemma32_fourth_power_choose' depends on axioms: [propext, Classical.choice, Quot.sound]
'ZhangLS.Spec.lemma32_fourth_geometric_hasSum' depends on axioms: [propext, Classical.choice, Quot.sound]
'ZhangLS.Spec.lemma32_actual_coefficient_mul' depends on axioms: [propext, Classical.choice, Quot.sound]
'ZhangLS.Spec.lemma32_square_geometric_hasSum' depends on axioms: [propext, Classical.choice, Quot.sound]
'ZhangLS.Spec.lemma32_even_square_geometric_hasSum' depends on axioms: [propext, Classical.choice, Quot.sound]
'ZhangLS.Spec.lemma32_actual_local_series_of_one' depends on axioms: [propext, Classical.choice, Quot.sound]
'ZhangLS.Spec.lemma32_actual_local_series_of_zero' depends on axioms: [propext, Classical.choice, Quot.sound]
'ZhangLS.Spec.lemma32_actual_even_local_series_of_neg_one' depends on axioms: [propext, Classical.choice, Quot.sound]
'ZhangLS.Spec.lemma32_actual_local_series_of_neg_one' depends on axioms: [propext, Classical.choice, Quot.sound]
'ZhangLS.Spec.lemma32_local_correction_of_one' depends on axioms: [propext, Classical.choice, Quot.sound]
'ZhangLS.Spec.lemma32_local_correction_of_zero' depends on axioms: [propext, Classical.choice, Quot.sound]
'ZhangLS.Spec.lemma32_local_correction_of_neg_one' depends on axioms: [propext, Classical.choice, Quot.sound]
'ZhangLS.Spec.lemma32_bounded_polynomial_norm' depends on axioms: [propext, Classical.choice, Quot.sound]
'ZhangLS.Spec.lemma32_plus_factor_remainder' depends on axioms: [propext, Classical.choice, Quot.sound]
'ZhangLS.Spec.lemma32_minus_factor_remainder' depends on axioms: [propext, Classical.choice, Quot.sound]
'ZhangLS.Spec.lemma32_plus_factor_norm_sub_one' depends on axioms: [propext, Classical.choice, Quot.sound]
'ZhangLS.Spec.lemma32_minus_factor_norm_sub_one' depends on axioms: [propext, Classical.choice, Quot.sound]
'ZhangLS.Spec.lemma32_actual_local_correction_norm_sub_one' depends on axioms: [propext, Classical.choice, Quot.sound]
'ZhangLS.Spec.lemma32_character_prime_cases_of_not_dvd' depends on axioms: [propext, Classical.choice, Quot.sound]
'ZhangLS.Spec.lemma32_local_correction_norm_of_not_dvd' depends on axioms: [propext, Classical.choice, Quot.sound]
'ZhangLS.Spec.lemma32_zero_factor_norm' depends on axioms: [propext, Classical.choice, Quot.sound]
'ZhangLS.Spec.lemma32_local_correction_norm_of_dvd' depends on axioms: [propext, Classical.choice, Quot.sound]
'ZhangLS.Spec.lemma32_zero_correction_factorization' depends on axioms: [propext, Classical.choice, Quot.sound]
'ZhangLS.Spec.lemma32_actual_correction_regular_factorization' depends on axioms: [propext,
 Classical.choice,
 Quot.sound]
'ZhangLS.Spec.lemma32_regular_local_norm_sub_one' depends on axioms: [propext, Classical.choice, Quot.sound]
'ZhangLS.Spec.lemma32_regular_local_differentiable' depends on axioms: [propext, Classical.choice, Quot.sound]
'ZhangLS.Spec.lemma32_regular_local_at_zero' depends on axioms: [propext, Classical.choice, Quot.sound]
'ZhangLS.Spec.lemma32_prime_monomial_norm' depends on axioms: [propext, Classical.choice, Quot.sound]
'ZhangLS.Spec.lemma32_prime_monomial_norm_square' depends on axioms: [propext, Classical.choice, Quot.sound]
'ZhangLS.Spec.lemma32_prime_monomial_norm_lt_one' depends on axioms: [propext, Classical.choice, Quot.sound]
'ZhangLS.Spec.lemma32_regular_prime_errors_summable' depends on axioms: [propext, Classical.choice, Quot.sound]
'ZhangLS.Spec.lemma32_regular_euler_product_multipliable' depends on axioms: [propext, Classical.choice, Quot.sound]
'ZhangLS.Spec.lemma32_regular_prime_error_uniform' depends on axioms: [propext, Classical.choice, Quot.sound]
'ZhangLS.Spec.lemma32_regular_finite_product_bound' depends on axioms: [propext, Classical.choice, Quot.sound]
'ZhangLS.Spec.lemma32_regular_euler_product_bound' depends on axioms: [propext, Classical.choice, Quot.sound]
'ZhangLS.Spec.lemma32_regular_product_bound_pos' depends on axioms: [propext, Classical.choice, Quot.sound]
'ZhangLS.Spec.lemma32_regular_finite_product_difference' depends on axioms: [propext, Classical.choice, Quot.sound]
'ZhangLS.Spec.lemma32_regular_products_uniform_cauchy' depends on axioms: [propext, Classical.choice, Quot.sound]
'ZhangLS.Spec.lemma32_regular_products_uniform_limit' depends on axioms: [propext, Classical.choice, Quot.sound]
'ZhangLS.Spec.lemma32_prime_monomial_differentiable' depends on axioms: [propext, Classical.choice, Quot.sound]
'ZhangLS.Spec.lemma32_regular_finite_product_differentiable' depends on axioms: [propext, Classical.choice, Quot.sound]
'ZhangLS.Spec.lemma32_regular_products_locally_uniform' depends on axioms: [propext, Classical.choice, Quot.sound]
'ZhangLS.Spec.lemma32_regular_euler_product_differentiableOn' depends on axioms: [propext, Classical.choice, Quot.sound]
'ZhangLS.Spec.lemma32_regular_euler_product_analyticOnNhd' depends on axioms: [propext, Classical.choice, Quot.sound]
'ZhangLS.Spec.lemma32_one_sub_norm_le_one' depends on axioms: [propext, Classical.choice, Quot.sound]
'ZhangLS.Spec.lemma32_prime_monomial_re' depends on axioms: [propext, Classical.choice, Quot.sound]
'ZhangLS.Spec.lemma32_cos_lower_of_abs_le_one' depends on axioms: [propext, Classical.choice, Quot.sound]
'ZhangLS.Spec.lemma32_ramified_prime_factor_norm' depends on axioms: [propext, Classical.choice, Quot.sound]
'ZhangLS.Spec.lemma32_ramification_factor_differentiable' depends on axioms: [propext, Classical.choice, Quot.sound]
'ZhangLS.Spec.lemma32_analytic_correction_analyticOnNhd' depends on axioms: [propext, Classical.choice, Quot.sound]
'ZhangLS.Spec.lemma32_ramification_factor_norm' depends on axioms: [propext, Classical.choice, Quot.sound]
'ZhangLS.Spec.lemma32_analytic_correction_sector_bound' depends on axioms: [propext, Classical.choice, Quot.sound]
'ZhangLS.Spec.lemma32_negative_power_small' depends on axioms: [propext, Classical.choice, Quot.sound]
'ZhangLS.Spec.lemma32_residue_disk_parameters' depends on axioms: [propext, Classical.choice, Quot.sound]
'ZhangLS.Spec.lemma32_analytic_correction_residue_disk_bound' depends on axioms: [propext, Classical.choice, Quot.sound]
'ZhangLS.Spec.lemma32_actual_first_derivative_bound' depends on axioms: [propext, Classical.choice, Quot.sound]
'ZhangLS.Spec.lemma32_actual_L_difference_near_one' depends on axioms: [propext, Classical.choice, Quot.sound]
'ZhangLS.Spec.lemma32_actual_value_at_one_small' depends on axioms: [propext, Classical.choice, Quot.sound]
'ZhangLS.Spec.lemma32_circle_small_value_scale_identity' depends on axioms: [propext, Classical.choice, Quot.sound]
'ZhangLS.Spec.lemma32_actual_L_residue_disk_small' depends on axioms: [propext, Classical.choice, Quot.sound]
'ZhangLS.Spec.lemma32_zeta_pole_removed_local_bound' depends on axioms: [propext, Classical.choice, Quot.sound]
'ZhangLS.Spec.lemma32_actual_zeta_local_pole_bound' depends on axioms: [propext, Classical.choice, Quot.sound]
'ZhangLS.Spec.lemma32_actual_zeta_L_residue_circle_bound' depends on axioms: [propext, Classical.choice, Quot.sound]
'ZhangLS.Spec.lemma32_exists_gamma_local_bound' depends on axioms: [propext, Classical.choice, Quot.sound]
'ZhangLS.Spec.lemma32_gamma_local_bound_pos' depends on axioms: [propext, Classical.choice, Quot.sound]
'ZhangLS.Spec.lemma32_gamma_local_bound' depends on axioms: [propext, Classical.choice, Quot.sound]
'ZhangLS.Spec.lemma32_regularized_gamma_local_bound' depends on axioms: [propext, Classical.choice, Quot.sound]
'ZhangLS.Spec.lemma32_smoothing_difference_local_bound' depends on axioms: [propext, Classical.choice, Quot.sound]
'ZhangLS.Spec.lemma32_smoothing_gamma_local_bound' depends on axioms: [propext, Classical.choice, Quot.sound]
'ZhangLS.Spec.lemma32_circle_constant_pos' depends on axioms: [propext, Classical.choice, Quot.sound]
'ZhangLS.Spec.lemma32_circle_integrand_bound' depends on axioms: [propext, Classical.choice, Quot.sound]
'ZhangLS.Spec.lemma32_residue_circle_scale_identity' depends on axioms: [propext, Classical.choice, Quot.sound]
'ZhangLS.Spec.lemma32_actual_normalized_circle_integral_bound' depends on axioms: [propext,
 Classical.choice,
 Quot.sound]
'ZhangLS.Spec.lemma32_modulus_cpow_eq_exp' depends on axioms: [propext, Classical.choice, Quot.sound]
'ZhangLS.Spec.lemma32_original_smoothing_difference' depends on axioms: [propext, Classical.choice, Quot.sound]
'ZhangLS.Spec.lemma32_original_normalized_circle_integral_bound' depends on axioms: [propext,
 Classical.choice,
 Quot.sound]
'ZhangLS.Spec.lemma32_actual_coefficient_nonneg' depends on axioms: [propext, Classical.choice, Quot.sound]
'ZhangLS.Spec.lemma32_tau_two_prime_power' depends on axioms: [propext, Classical.choice, Quot.sound]
'ZhangLS.Spec.lemma32_actual_coefficient_prime_power_of_one' depends on axioms: [propext, Classical.choice, Quot.sound]
'ZhangLS.Spec.lemma32_actual_coefficient_prime_power_of_zero' depends on axioms: [propext, Classical.choice, Quot.sound]
'ZhangLS.Spec.lemma32_actual_coefficient_prime_power_of_neg_one' depends on axioms: [propext,
 Classical.choice,
 Quot.sound]
'ZhangLS.Spec.lemma32_actual_coefficient_one' depends on axioms: [propext, Classical.choice, Quot.sound]
'ZhangLS.Spec.lemma32_rising_choose_two' depends on axioms: [propext, Classical.choice, Quot.sound]
'ZhangLS.Spec.lemma32_rising_choose_three' depends on axioms: [propext, Classical.choice, Quot.sound]
'ZhangLS.Spec.lemma32_rising_choose_four' depends on axioms: [propext, Classical.choice, Quot.sound]
'ZhangLS.Spec.lemma32_fourth_power_choose' depends on axioms: [propext, Classical.choice, Quot.sound]
'ZhangLS.Spec.lemma32_fourth_geometric_hasSum' depends on axioms: [propext, Classical.choice, Quot.sound]
'ZhangLS.Spec.lemma32_actual_coefficient_mul' depends on axioms: [propext, Classical.choice, Quot.sound]
'ZhangLS.Spec.lemma32_square_geometric_hasSum' depends on axioms: [propext, Classical.choice, Quot.sound]
'ZhangLS.Spec.lemma32_even_square_geometric_hasSum' depends on axioms: [propext, Classical.choice, Quot.sound]
'ZhangLS.Spec.lemma32_actual_local_series_of_one' depends on axioms: [propext, Classical.choice, Quot.sound]
'ZhangLS.Spec.lemma32_actual_local_series_of_zero' depends on axioms: [propext, Classical.choice, Quot.sound]
'ZhangLS.Spec.lemma32_actual_even_local_series_of_neg_one' depends on axioms: [propext, Classical.choice, Quot.sound]
'ZhangLS.Spec.lemma32_actual_local_series_of_neg_one' depends on axioms: [propext, Classical.choice, Quot.sound]
'ZhangLS.Spec.lemma32_local_correction_of_one' depends on axioms: [propext, Classical.choice, Quot.sound]
'ZhangLS.Spec.lemma32_local_correction_of_zero' depends on axioms: [propext, Classical.choice, Quot.sound]
'ZhangLS.Spec.lemma32_local_correction_of_neg_one' depends on axioms: [propext, Classical.choice, Quot.sound]
'ZhangLS.Spec.lemma32_bounded_polynomial_norm' depends on axioms: [propext, Classical.choice, Quot.sound]
'ZhangLS.Spec.lemma32_plus_factor_remainder' depends on axioms: [propext, Classical.choice, Quot.sound]
'ZhangLS.Spec.lemma32_minus_factor_remainder' depends on axioms: [propext, Classical.choice, Quot.sound]
'ZhangLS.Spec.lemma32_plus_factor_norm_sub_one' depends on axioms: [propext, Classical.choice, Quot.sound]
'ZhangLS.Spec.lemma32_minus_factor_norm_sub_one' depends on axioms: [propext, Classical.choice, Quot.sound]
'ZhangLS.Spec.lemma32_actual_local_correction_norm_sub_one' depends on axioms: [propext, Classical.choice, Quot.sound]
'ZhangLS.Spec.lemma32_character_prime_cases_of_not_dvd' depends on axioms: [propext, Classical.choice, Quot.sound]
'ZhangLS.Spec.lemma32_local_correction_norm_of_not_dvd' depends on axioms: [propext, Classical.choice, Quot.sound]
'ZhangLS.Spec.lemma32_zero_factor_norm' depends on axioms: [propext, Classical.choice, Quot.sound]
'ZhangLS.Spec.lemma32_local_correction_norm_of_dvd' depends on axioms: [propext, Classical.choice, Quot.sound]
'ZhangLS.Spec.lemma32_zero_correction_factorization' depends on axioms: [propext, Classical.choice, Quot.sound]
'ZhangLS.Spec.lemma32_actual_correction_regular_factorization' depends on axioms: [propext,
 Classical.choice,
 Quot.sound]
'ZhangLS.Spec.lemma32_regular_local_norm_sub_one' depends on axioms: [propext, Classical.choice, Quot.sound]
'ZhangLS.Spec.lemma32_regular_local_differentiable' depends on axioms: [propext, Classical.choice, Quot.sound]
'ZhangLS.Spec.lemma32_regular_local_at_zero' depends on axioms: [propext, Classical.choice, Quot.sound]
'ZhangLS.Spec.lemma32_prime_monomial_norm' depends on axioms: [propext, Classical.choice, Quot.sound]
'ZhangLS.Spec.lemma32_prime_monomial_norm_square' depends on axioms: [propext, Classical.choice, Quot.sound]
'ZhangLS.Spec.lemma32_prime_monomial_norm_lt_one' depends on axioms: [propext, Classical.choice, Quot.sound]
'ZhangLS.Spec.lemma32_regular_prime_errors_summable' depends on axioms: [propext, Classical.choice, Quot.sound]
'ZhangLS.Spec.lemma32_regular_euler_product_multipliable' depends on axioms: [propext, Classical.choice, Quot.sound]
'ZhangLS.Spec.lemma32_regular_prime_error_uniform' depends on axioms: [propext, Classical.choice, Quot.sound]
'ZhangLS.Spec.lemma32_regular_finite_product_bound' depends on axioms: [propext, Classical.choice, Quot.sound]
'ZhangLS.Spec.lemma32_regular_euler_product_bound' depends on axioms: [propext, Classical.choice, Quot.sound]
'ZhangLS.Spec.lemma32_regular_product_bound_pos' depends on axioms: [propext, Classical.choice, Quot.sound]
'ZhangLS.Spec.lemma32_regular_finite_product_difference' depends on axioms: [propext, Classical.choice, Quot.sound]
'ZhangLS.Spec.lemma32_regular_products_uniform_cauchy' depends on axioms: [propext, Classical.choice, Quot.sound]
'ZhangLS.Spec.lemma32_regular_products_uniform_limit' depends on axioms: [propext, Classical.choice, Quot.sound]
'ZhangLS.Spec.lemma32_prime_monomial_differentiable' depends on axioms: [propext, Classical.choice, Quot.sound]
'ZhangLS.Spec.lemma32_regular_finite_product_differentiable' depends on axioms: [propext, Classical.choice, Quot.sound]
'ZhangLS.Spec.lemma32_regular_products_locally_uniform' depends on axioms: [propext, Classical.choice, Quot.sound]
'ZhangLS.Spec.lemma32_regular_euler_product_differentiableOn' depends on axioms: [propext, Classical.choice, Quot.sound]
'ZhangLS.Spec.lemma32_regular_euler_product_analyticOnNhd' depends on axioms: [propext, Classical.choice, Quot.sound]
'ZhangLS.Spec.lemma32_one_sub_norm_le_one' depends on axioms: [propext, Classical.choice, Quot.sound]
'ZhangLS.Spec.lemma32_prime_monomial_re' depends on axioms: [propext, Classical.choice, Quot.sound]
'ZhangLS.Spec.lemma32_cos_lower_of_abs_le_one' depends on axioms: [propext, Classical.choice, Quot.sound]
'ZhangLS.Spec.lemma32_ramified_prime_factor_norm' depends on axioms: [propext, Classical.choice, Quot.sound]
'ZhangLS.Spec.lemma32_ramification_factor_differentiable' depends on axioms: [propext, Classical.choice, Quot.sound]
'ZhangLS.Spec.lemma32_analytic_correction_analyticOnNhd' depends on axioms: [propext, Classical.choice, Quot.sound]
'ZhangLS.Spec.lemma32_ramification_factor_norm' depends on axioms: [propext, Classical.choice, Quot.sound]
'ZhangLS.Spec.lemma32_analytic_correction_sector_bound' depends on axioms: [propext, Classical.choice, Quot.sound]
'ZhangLS.Spec.lemma32_negative_power_small' depends on axioms: [propext, Classical.choice, Quot.sound]
'ZhangLS.Spec.lemma32_residue_disk_parameters' depends on axioms: [propext, Classical.choice, Quot.sound]
'ZhangLS.Spec.lemma32_analytic_correction_residue_disk_bound' depends on axioms: [propext, Classical.choice, Quot.sound]
'ZhangLS.Spec.lemma32_actual_first_derivative_bound' depends on axioms: [propext, Classical.choice, Quot.sound]
'ZhangLS.Spec.lemma32_actual_L_difference_near_one' depends on axioms: [propext, Classical.choice, Quot.sound]
'ZhangLS.Spec.lemma32_actual_value_at_one_small' depends on axioms: [propext, Classical.choice, Quot.sound]
'ZhangLS.Spec.lemma32_circle_small_value_scale_identity' depends on axioms: [propext, Classical.choice, Quot.sound]
'ZhangLS.Spec.lemma32_actual_L_residue_disk_small' depends on axioms: [propext, Classical.choice, Quot.sound]
'ZhangLS.Spec.lemma32_zeta_pole_removed_local_bound' depends on axioms: [propext, Classical.choice, Quot.sound]
'ZhangLS.Spec.lemma32_actual_zeta_local_pole_bound' depends on axioms: [propext, Classical.choice, Quot.sound]
'ZhangLS.Spec.lemma32_actual_zeta_L_residue_circle_bound' depends on axioms: [propext, Classical.choice, Quot.sound]
'ZhangLS.Spec.lemma32_exists_gamma_local_bound' depends on axioms: [propext, Classical.choice, Quot.sound]
'ZhangLS.Spec.lemma32_gamma_local_bound_pos' depends on axioms: [propext, Classical.choice, Quot.sound]
'ZhangLS.Spec.lemma32_gamma_local_bound' depends on axioms: [propext, Classical.choice, Quot.sound]
'ZhangLS.Spec.lemma32_regularized_gamma_local_bound' depends on axioms: [propext, Classical.choice, Quot.sound]
'ZhangLS.Spec.lemma32_smoothing_difference_local_bound' depends on axioms: [propext, Classical.choice, Quot.sound]
'ZhangLS.Spec.lemma32_smoothing_gamma_local_bound' depends on axioms: [propext, Classical.choice, Quot.sound]
'ZhangLS.Spec.lemma32_circle_constant_pos' depends on axioms: [propext, Classical.choice, Quot.sound]
'ZhangLS.Spec.lemma32_circle_integrand_bound' depends on axioms: [propext, Classical.choice, Quot.sound]
'ZhangLS.Spec.lemma32_residue_circle_scale_identity' depends on axioms: [propext, Classical.choice, Quot.sound]
'ZhangLS.Spec.lemma32_actual_normalized_circle_integral_bound' depends on axioms: [propext,
 Classical.choice,
 Quot.sound]
'ZhangLS.Spec.lemma32_modulus_cpow_eq_exp' depends on axioms: [propext, Classical.choice, Quot.sound]
'ZhangLS.Spec.lemma32_original_smoothing_difference' depends on axioms: [propext, Classical.choice, Quot.sound]
'ZhangLS.Spec.lemma32_original_normalized_circle_integral_bound' depends on axioms: [propext,
 Classical.choice,
 Quot.sound]
'ZhangLS.Spec.lemma32_multichoose_2_square_le_4' depends on axioms: [propext, Classical.choice, Quot.sound]
'ZhangLS.Spec.lemma32_multichoose_4_square_le_16' depends on axioms: [propext, Classical.choice, Quot.sound]
'ZhangLS.Spec.lemma32_tau2_square_le_tau4' depends on axioms: [propext, Classical.choice, Quot.sound]
'ZhangLS.Spec.lemma32_tau4_square_le_tau16' depends on axioms: [propext, Classical.choice, Quot.sound]
'ZhangLS.Spec.lemma32_tau_two_eq_card_divisors' depends on axioms: [propext, Classical.choice, Quot.sound]
'ZhangLS.Spec.lemma32_actual_coefficient_le_tau_sixteen' depends on axioms: [propext, Classical.choice, Quot.sound]
'ZhangLS.Spec.lemma32_tau_lseries_summable' depends on axioms: [propext, Classical.choice, Quot.sound]
'ZhangLS.Spec.lemma32_actual_weighted_lseries_summable' depends on axioms: [propext, Classical.choice, Quot.sound]
'ZhangLS.Spec.lemma32_actual_weighted_norm_terms_summable' depends on axioms: [propext, Classical.choice, Quot.sound]
'ZhangLS.Spec.lemma32_weighted_term_at_one' depends on axioms: [propext, Classical.choice, Quot.sound]
'ZhangLS.Spec.lemma32_weighted_term_mul' depends on axioms: [propext, Classical.choice, Quot.sound]
'ZhangLS.Spec.lemma32_actual_weighted_euler_hasProd' depends on axioms: [propext, Classical.choice, Quot.sound]
'ZhangLS.Spec.lemma32_actual_weighted_euler_product' depends on axioms: [propext, Classical.choice, Quot.sound]
'ZhangLS.Spec.lemma32_prime_monomial_eq_cpow' depends on axioms: [propext, Classical.choice, Quot.sound]
'ZhangLS.Spec.lemma32_weighted_prime_power_term' depends on axioms: [propext, Classical.choice, Quot.sound]
'ZhangLS.Spec.lemma32_weighted_local_correction_identity' depends on axioms: [propext, Classical.choice, Quot.sound]
'ZhangLS.Spec.lemma32_finite_ramification_prime_product' depends on axioms: [propext, Classical.choice, Quot.sound]
'ZhangLS.Spec.lemma32_ramification_prime_factors_hasProd' depends on axioms: [propext, Classical.choice, Quot.sound]
'ZhangLS.Spec.lemma32_actual_local_corrections_hasProd' depends on axioms: [propext, Classical.choice, Quot.sound]
'ZhangLS.Spec.lemma32_actual_zeta_monomial_euler_hasProd' depends on axioms: [propext, Classical.choice, Quot.sound]
'ZhangLS.Spec.lemma32_actual_L_monomial_euler_hasProd' depends on axioms: [propext, Classical.choice, Quot.sound]
'ZhangLS.Spec.lemma32_actual_weighted_series_identity' depends on axioms: [propext, Classical.choice, Quot.sound]
'ZhangLS.Spec.lemma32_circle_integrand_differentiableAt' depends on axioms: [propext, Classical.choice, Quot.sound]
'ZhangLS.Spec.lemma32_actual_circle_integrable' depends on axioms: [propext, Classical.choice, Quot.sound]
'ZhangLS.Spec.lemma32_gamma_one_vertical_bound' depends on axioms: [propext, Classical.choice, Quot.sound]
'ZhangLS.Spec.lemma32_gamma_one_vertical_integrable' depends on axioms: [propext, Classical.choice, Quot.sound]
'ZhangLS.Spec.lemma32_exponential_mellin_eq_Gamma' depends on axioms: [propext, Classical.choice, Quot.sound]
'ZhangLS.Spec.lemma32_exponential_mellin_convergent' depends on axioms: [propext, Classical.choice, Quot.sound]
'ZhangLS.Spec.lemma32_actual_Gamma_mellin_inversion' depends on axioms: [propext, Classical.choice, Quot.sound]
'ZhangLS.Spec.lemma32_Gamma_mellin_term_norm' depends on axioms: [propext, Classical.choice, Quot.sound]
'ZhangLS.Spec.lemma32_Gamma_mellin_term_integrable' depends on axioms: [propext, Classical.choice, Quot.sound]
'ZhangLS.Spec.lemma32_Gamma_mellin_term_integral_norm_summable' depends on axioms: [propext,
 Classical.choice,
 Quot.sound]
'ZhangLS.Spec.lemma32_Gamma_mellin_term_eq_kernel' depends on axioms: [propext, Classical.choice, Quot.sound]
'ZhangLS.Spec.lemma32_Gamma_mellin_term_normalized_integral' depends on axioms: [propext, Classical.choice, Quot.sound]
'ZhangLS.Spec.lemma32_Gamma_mellin_tsum_integrable' depends on axioms: [propext, Classical.choice, Quot.sound]
'ZhangLS.Spec.lemma32_full_series_gamma_mellin' depends on axioms: [propext, Classical.choice, Quot.sound]
'ZhangLS.Spec.lemma32_actual_right_Gamma_integrand_eq_tsum' depends on axioms: [propext, Classical.choice, Quot.sound]
'ZhangLS.Spec.lemma32_actual_right_Gamma_integrand_integrable' depends on axioms: [propext,
 Classical.choice,
 Quot.sound]
'ZhangLS.Spec.lemma32_actual_smoothed_weighted_summable' depends on axioms: [propext, Classical.choice, Quot.sound]
'ZhangLS.Spec.lemma32_actual_full_Gamma_mellin' depends on axioms: [propext, Classical.choice, Quot.sound]
'ZhangLS.Spec.lemma32_actual_original_right_Gamma_difference' depends on axioms: [propext, Classical.choice, Quot.sound]
'ZhangLS.Spec.lemma32_actual_original_right_Gamma_integrable' depends on axioms: [propext, Classical.choice, Quot.sound]
'ZhangLS.Spec.lemma32_actual_original_Gamma_mellin_difference' depends on axioms: [propext,
 Classical.choice,
 Quot.sound]
'ZhangLS.Spec.lemma32_actual_smoothed_difference_series' depends on axioms: [propext, Classical.choice, Quot.sound]
'ZhangLS.Spec.lemma32_actual_weighted_term_one_real' depends on axioms: [propext, Classical.choice, Quot.sound]
'ZhangLS.Spec.lemma32_actual_real_smoothed_terms_summable' depends on axioms: [propext, Classical.choice, Quot.sound]
'ZhangLS.Spec.lemma32_actual_smoothed_difference_real_series' depends on axioms: [propext, Classical.choice, Quot.sound]
'ZhangLS.Spec.lemma32_actual_real_smoothed_term_nonneg' depends on axioms: [propext, Classical.choice, Quot.sound]
'ZhangLS.Spec.lemma32_actual_real_smoothed_difference_nonneg' depends on axioms: [propext, Classical.choice, Quot.sound]
'ZhangLS.Spec.lemma32_smoothing_window_lower_bound_pos' depends on axioms: [propext, Classical.choice, Quot.sound]
'ZhangLS.Spec.lemma32_exponential_smoothing_window_lower' depends on axioms: [propext, Classical.choice, Quot.sound]
'ZhangLS.Spec.lemma32_actual_smoothing_weight_window_lower' depends on axioms: [propext, Classical.choice, Quot.sound]
'ZhangLS.Spec.lemma32_actual_weighted_tail_le_smoothed' depends on axioms: [propext, Classical.choice, Quot.sound]
'ZhangLS.Spec.lemma32_zeta_pole_removed_differentiableAt' depends on axioms: [propext, Classical.choice, Quot.sound]
'ZhangLS.Spec.lemma32_smoothing_difference_differentiable' depends on axioms: [propext, Classical.choice, Quot.sound]
'ZhangLS.Spec.lemma32_smoothing_dslope_differentiable' depends on axioms: [propext, Classical.choice, Quot.sound]
'ZhangLS.Spec.lemma32_regular_numerator_differentiableAt' depends on axioms: [propext, Classical.choice, Quot.sound]
'ZhangLS.Spec.lemma32_regular_numerator_analyticOnNhd' depends on axioms: [propext, Classical.choice, Quot.sound]
'ZhangLS.Spec.lemma32_regular_numerator_eq' depends on axioms: [propext, Classical.choice, Quot.sound]
'ZhangLS.Spec.lemma32_regular_numerator_differentiableOn_ball' depends on axioms: [propext,
 Classical.choice,
 Quot.sound]
'ZhangLS.Spec.lemma32_actual_circle_integral_eq_residue' depends on axioms: [propext, Classical.choice, Quot.sound]
'ZhangLS.Spec.lemma32_actual_original_circle_integral_eq_residue' depends on axioms: [propext,
 Classical.choice,
 Quot.sound]
'ZhangLS.Spec.lemma32_actual_residue_bound' depends on axioms: [propext, Classical.choice, Quot.sound]
'ZhangLS.Spec.lemma32_actual_coefficient_nonneg' depends on axioms: [propext, Classical.choice, Quot.sound]
'ZhangLS.Spec.lemma32_tau_two_prime_power' depends on axioms: [propext, Classical.choice, Quot.sound]
'ZhangLS.Spec.lemma32_actual_coefficient_prime_power_of_one' depends on axioms: [propext, Classical.choice, Quot.sound]
'ZhangLS.Spec.lemma32_actual_coefficient_prime_power_of_zero' depends on axioms: [propext, Classical.choice, Quot.sound]
'ZhangLS.Spec.lemma32_actual_coefficient_prime_power_of_neg_one' depends on axioms: [propext,
 Classical.choice,
 Quot.sound]
'ZhangLS.Spec.lemma32_actual_coefficient_one' depends on axioms: [propext, Classical.choice, Quot.sound]
'ZhangLS.Spec.lemma32_rising_choose_two' depends on axioms: [propext, Classical.choice, Quot.sound]
'ZhangLS.Spec.lemma32_rising_choose_three' depends on axioms: [propext, Classical.choice, Quot.sound]
'ZhangLS.Spec.lemma32_rising_choose_four' depends on axioms: [propext, Classical.choice, Quot.sound]
'ZhangLS.Spec.lemma32_fourth_power_choose' depends on axioms: [propext, Classical.choice, Quot.sound]
'ZhangLS.Spec.lemma32_fourth_geometric_hasSum' depends on axioms: [propext, Classical.choice, Quot.sound]
'ZhangLS.Spec.lemma32_actual_coefficient_mul' depends on axioms: [propext, Classical.choice, Quot.sound]
'ZhangLS.Spec.lemma32_square_geometric_hasSum' depends on axioms: [propext, Classical.choice, Quot.sound]
'ZhangLS.Spec.lemma32_even_square_geometric_hasSum' depends on axioms: [propext, Classical.choice, Quot.sound]
'ZhangLS.Spec.lemma32_actual_local_series_of_one' depends on axioms: [propext, Classical.choice, Quot.sound]
'ZhangLS.Spec.lemma32_actual_local_series_of_zero' depends on axioms: [propext, Classical.choice, Quot.sound]
'ZhangLS.Spec.lemma32_actual_even_local_series_of_neg_one' depends on axioms: [propext, Classical.choice, Quot.sound]
'ZhangLS.Spec.lemma32_actual_local_series_of_neg_one' depends on axioms: [propext, Classical.choice, Quot.sound]
'ZhangLS.Spec.lemma32_local_correction_of_one' depends on axioms: [propext, Classical.choice, Quot.sound]
'ZhangLS.Spec.lemma32_local_correction_of_zero' depends on axioms: [propext, Classical.choice, Quot.sound]
'ZhangLS.Spec.lemma32_local_correction_of_neg_one' depends on axioms: [propext, Classical.choice, Quot.sound]
'ZhangLS.Spec.lemma32_bounded_polynomial_norm' depends on axioms: [propext, Classical.choice, Quot.sound]
'ZhangLS.Spec.lemma32_plus_factor_remainder' depends on axioms: [propext, Classical.choice, Quot.sound]
'ZhangLS.Spec.lemma32_minus_factor_remainder' depends on axioms: [propext, Classical.choice, Quot.sound]
'ZhangLS.Spec.lemma32_plus_factor_norm_sub_one' depends on axioms: [propext, Classical.choice, Quot.sound]
'ZhangLS.Spec.lemma32_minus_factor_norm_sub_one' depends on axioms: [propext, Classical.choice, Quot.sound]
'ZhangLS.Spec.lemma32_actual_local_correction_norm_sub_one' depends on axioms: [propext, Classical.choice, Quot.sound]
'ZhangLS.Spec.lemma32_character_prime_cases_of_not_dvd' depends on axioms: [propext, Classical.choice, Quot.sound]
'ZhangLS.Spec.lemma32_local_correction_norm_of_not_dvd' depends on axioms: [propext, Classical.choice, Quot.sound]
'ZhangLS.Spec.lemma32_zero_factor_norm' depends on axioms: [propext, Classical.choice, Quot.sound]
'ZhangLS.Spec.lemma32_local_correction_norm_of_dvd' depends on axioms: [propext, Classical.choice, Quot.sound]
'ZhangLS.Spec.lemma32_zero_correction_factorization' depends on axioms: [propext, Classical.choice, Quot.sound]
'ZhangLS.Spec.lemma32_actual_correction_regular_factorization' depends on axioms: [propext,
 Classical.choice,
 Quot.sound]
'ZhangLS.Spec.lemma32_regular_local_norm_sub_one' depends on axioms: [propext, Classical.choice, Quot.sound]
'ZhangLS.Spec.lemma32_regular_local_differentiable' depends on axioms: [propext, Classical.choice, Quot.sound]
'ZhangLS.Spec.lemma32_regular_local_at_zero' depends on axioms: [propext, Classical.choice, Quot.sound]
'ZhangLS.Spec.lemma32_prime_monomial_norm' depends on axioms: [propext, Classical.choice, Quot.sound]
'ZhangLS.Spec.lemma32_prime_monomial_norm_square' depends on axioms: [propext, Classical.choice, Quot.sound]
'ZhangLS.Spec.lemma32_prime_monomial_norm_lt_one' depends on axioms: [propext, Classical.choice, Quot.sound]
'ZhangLS.Spec.lemma32_regular_prime_errors_summable' depends on axioms: [propext, Classical.choice, Quot.sound]
'ZhangLS.Spec.lemma32_regular_euler_product_multipliable' depends on axioms: [propext, Classical.choice, Quot.sound]
'ZhangLS.Spec.lemma32_regular_prime_error_uniform' depends on axioms: [propext, Classical.choice, Quot.sound]
'ZhangLS.Spec.lemma32_regular_finite_product_bound' depends on axioms: [propext, Classical.choice, Quot.sound]
'ZhangLS.Spec.lemma32_regular_euler_product_bound' depends on axioms: [propext, Classical.choice, Quot.sound]
'ZhangLS.Spec.lemma32_regular_product_bound_pos' depends on axioms: [propext, Classical.choice, Quot.sound]
'ZhangLS.Spec.lemma32_regular_finite_product_difference' depends on axioms: [propext, Classical.choice, Quot.sound]
'ZhangLS.Spec.lemma32_regular_products_uniform_cauchy' depends on axioms: [propext, Classical.choice, Quot.sound]
'ZhangLS.Spec.lemma32_regular_products_uniform_limit' depends on axioms: [propext, Classical.choice, Quot.sound]
'ZhangLS.Spec.lemma32_prime_monomial_differentiable' depends on axioms: [propext, Classical.choice, Quot.sound]
'ZhangLS.Spec.lemma32_regular_finite_product_differentiable' depends on axioms: [propext, Classical.choice, Quot.sound]
'ZhangLS.Spec.lemma32_regular_products_locally_uniform' depends on axioms: [propext, Classical.choice, Quot.sound]
'ZhangLS.Spec.lemma32_regular_euler_product_differentiableOn' depends on axioms: [propext, Classical.choice, Quot.sound]
'ZhangLS.Spec.lemma32_regular_euler_product_analyticOnNhd' depends on axioms: [propext, Classical.choice, Quot.sound]
'ZhangLS.Spec.lemma32_one_sub_norm_le_one' depends on axioms: [propext, Classical.choice, Quot.sound]
'ZhangLS.Spec.lemma32_prime_monomial_re' depends on axioms: [propext, Classical.choice, Quot.sound]
'ZhangLS.Spec.lemma32_cos_lower_of_abs_le_one' depends on axioms: [propext, Classical.choice, Quot.sound]
'ZhangLS.Spec.lemma32_ramified_prime_factor_norm' depends on axioms: [propext, Classical.choice, Quot.sound]
'ZhangLS.Spec.lemma32_ramification_factor_differentiable' depends on axioms: [propext, Classical.choice, Quot.sound]
'ZhangLS.Spec.lemma32_analytic_correction_analyticOnNhd' depends on axioms: [propext, Classical.choice, Quot.sound]
'ZhangLS.Spec.lemma32_ramification_factor_norm' depends on axioms: [propext, Classical.choice, Quot.sound]
'ZhangLS.Spec.lemma32_analytic_correction_sector_bound' depends on axioms: [propext, Classical.choice, Quot.sound]
'ZhangLS.Spec.lemma32_negative_power_small' depends on axioms: [propext, Classical.choice, Quot.sound]
'ZhangLS.Spec.lemma32_residue_disk_parameters' depends on axioms: [propext, Classical.choice, Quot.sound]
'ZhangLS.Spec.lemma32_analytic_correction_residue_disk_bound' depends on axioms: [propext, Classical.choice, Quot.sound]
'ZhangLS.Spec.lemma32_actual_first_derivative_bound' depends on axioms: [propext, Classical.choice, Quot.sound]
'ZhangLS.Spec.lemma32_actual_L_difference_near_one' depends on axioms: [propext, Classical.choice, Quot.sound]
'ZhangLS.Spec.lemma32_actual_value_at_one_small' depends on axioms: [propext, Classical.choice, Quot.sound]
'ZhangLS.Spec.lemma32_circle_small_value_scale_identity' depends on axioms: [propext, Classical.choice, Quot.sound]
'ZhangLS.Spec.lemma32_actual_L_residue_disk_small' depends on axioms: [propext, Classical.choice, Quot.sound]
'ZhangLS.Spec.lemma32_zeta_pole_removed_local_bound' depends on axioms: [propext, Classical.choice, Quot.sound]
'ZhangLS.Spec.lemma32_actual_zeta_local_pole_bound' depends on axioms: [propext, Classical.choice, Quot.sound]
'ZhangLS.Spec.lemma32_actual_zeta_L_residue_circle_bound' depends on axioms: [propext, Classical.choice, Quot.sound]
'ZhangLS.Spec.lemma32_exists_gamma_local_bound' depends on axioms: [propext, Classical.choice, Quot.sound]
'ZhangLS.Spec.lemma32_gamma_local_bound_pos' depends on axioms: [propext, Classical.choice, Quot.sound]
'ZhangLS.Spec.lemma32_gamma_local_bound' depends on axioms: [propext, Classical.choice, Quot.sound]
'ZhangLS.Spec.lemma32_regularized_gamma_local_bound' depends on axioms: [propext, Classical.choice, Quot.sound]
'ZhangLS.Spec.lemma32_smoothing_difference_local_bound' depends on axioms: [propext, Classical.choice, Quot.sound]
'ZhangLS.Spec.lemma32_smoothing_gamma_local_bound' depends on axioms: [propext, Classical.choice, Quot.sound]
'ZhangLS.Spec.lemma32_circle_constant_pos' depends on axioms: [propext, Classical.choice, Quot.sound]
'ZhangLS.Spec.lemma32_circle_integrand_bound' depends on axioms: [propext, Classical.choice, Quot.sound]
'ZhangLS.Spec.lemma32_residue_circle_scale_identity' depends on axioms: [propext, Classical.choice, Quot.sound]
'ZhangLS.Spec.lemma32_actual_normalized_circle_integral_bound' depends on axioms: [propext,
 Classical.choice,
 Quot.sound]
'ZhangLS.Spec.lemma32_modulus_cpow_eq_exp' depends on axioms: [propext, Classical.choice, Quot.sound]
'ZhangLS.Spec.lemma32_original_smoothing_difference' depends on axioms: [propext, Classical.choice, Quot.sound]
'ZhangLS.Spec.lemma32_original_normalized_circle_integral_bound' depends on axioms: [propext,
 Classical.choice,
 Quot.sound]
'ZhangLS.Spec.lemma32_multichoose_2_square_le_4' depends on axioms: [propext, Classical.choice, Quot.sound]
'ZhangLS.Spec.lemma32_multichoose_4_square_le_16' depends on axioms: [propext, Classical.choice, Quot.sound]
'ZhangLS.Spec.lemma32_tau2_square_le_tau4' depends on axioms: [propext, Classical.choice, Quot.sound]
'ZhangLS.Spec.lemma32_tau4_square_le_tau16' depends on axioms: [propext, Classical.choice, Quot.sound]
'ZhangLS.Spec.lemma32_tau_two_eq_card_divisors' depends on axioms: [propext, Classical.choice, Quot.sound]
'ZhangLS.Spec.lemma32_actual_coefficient_le_tau_sixteen' depends on axioms: [propext, Classical.choice, Quot.sound]
'ZhangLS.Spec.lemma32_tau_lseries_summable' depends on axioms: [propext, Classical.choice, Quot.sound]
'ZhangLS.Spec.lemma32_actual_weighted_lseries_summable' depends on axioms: [propext, Classical.choice, Quot.sound]
'ZhangLS.Spec.lemma32_actual_weighted_norm_terms_summable' depends on axioms: [propext, Classical.choice, Quot.sound]
'ZhangLS.Spec.lemma32_weighted_term_at_one' depends on axioms: [propext, Classical.choice, Quot.sound]
'ZhangLS.Spec.lemma32_weighted_term_mul' depends on axioms: [propext, Classical.choice, Quot.sound]
'ZhangLS.Spec.lemma32_actual_weighted_euler_hasProd' depends on axioms: [propext, Classical.choice, Quot.sound]
'ZhangLS.Spec.lemma32_actual_weighted_euler_product' depends on axioms: [propext, Classical.choice, Quot.sound]
'ZhangLS.Spec.lemma32_prime_monomial_eq_cpow' depends on axioms: [propext, Classical.choice, Quot.sound]
'ZhangLS.Spec.lemma32_weighted_prime_power_term' depends on axioms: [propext, Classical.choice, Quot.sound]
'ZhangLS.Spec.lemma32_weighted_local_correction_identity' depends on axioms: [propext, Classical.choice, Quot.sound]
'ZhangLS.Spec.lemma32_finite_ramification_prime_product' depends on axioms: [propext, Classical.choice, Quot.sound]
'ZhangLS.Spec.lemma32_ramification_prime_factors_hasProd' depends on axioms: [propext, Classical.choice, Quot.sound]
'ZhangLS.Spec.lemma32_actual_local_corrections_hasProd' depends on axioms: [propext, Classical.choice, Quot.sound]
'ZhangLS.Spec.lemma32_actual_zeta_monomial_euler_hasProd' depends on axioms: [propext, Classical.choice, Quot.sound]
'ZhangLS.Spec.lemma32_actual_L_monomial_euler_hasProd' depends on axioms: [propext, Classical.choice, Quot.sound]
'ZhangLS.Spec.lemma32_actual_weighted_series_identity' depends on axioms: [propext, Classical.choice, Quot.sound]
'ZhangLS.Spec.lemma32_circle_integrand_differentiableAt' depends on axioms: [propext, Classical.choice, Quot.sound]
'ZhangLS.Spec.lemma32_actual_circle_integrable' depends on axioms: [propext, Classical.choice, Quot.sound]
'ZhangLS.Spec.lemma32_gamma_one_vertical_bound' depends on axioms: [propext, Classical.choice, Quot.sound]
'ZhangLS.Spec.lemma32_gamma_one_vertical_integrable' depends on axioms: [propext, Classical.choice, Quot.sound]
'ZhangLS.Spec.lemma32_exponential_mellin_eq_Gamma' depends on axioms: [propext, Classical.choice, Quot.sound]
'ZhangLS.Spec.lemma32_exponential_mellin_convergent' depends on axioms: [propext, Classical.choice, Quot.sound]
'ZhangLS.Spec.lemma32_actual_Gamma_mellin_inversion' depends on axioms: [propext, Classical.choice, Quot.sound]
'ZhangLS.Spec.lemma32_Gamma_mellin_term_norm' depends on axioms: [propext, Classical.choice, Quot.sound]
'ZhangLS.Spec.lemma32_Gamma_mellin_term_integrable' depends on axioms: [propext, Classical.choice, Quot.sound]
'ZhangLS.Spec.lemma32_Gamma_mellin_term_integral_norm_summable' depends on axioms: [propext,
 Classical.choice,
 Quot.sound]
'ZhangLS.Spec.lemma32_Gamma_mellin_term_eq_kernel' depends on axioms: [propext, Classical.choice, Quot.sound]
'ZhangLS.Spec.lemma32_Gamma_mellin_term_normalized_integral' depends on axioms: [propext, Classical.choice, Quot.sound]
'ZhangLS.Spec.lemma32_Gamma_mellin_tsum_integrable' depends on axioms: [propext, Classical.choice, Quot.sound]
'ZhangLS.Spec.lemma32_full_series_gamma_mellin' depends on axioms: [propext, Classical.choice, Quot.sound]
'ZhangLS.Spec.lemma32_actual_right_Gamma_integrand_eq_tsum' depends on axioms: [propext, Classical.choice, Quot.sound]
'ZhangLS.Spec.lemma32_actual_right_Gamma_integrand_integrable' depends on axioms: [propext,
 Classical.choice,
 Quot.sound]
'ZhangLS.Spec.lemma32_actual_smoothed_weighted_summable' depends on axioms: [propext, Classical.choice, Quot.sound]
'ZhangLS.Spec.lemma32_actual_full_Gamma_mellin' depends on axioms: [propext, Classical.choice, Quot.sound]
'ZhangLS.Spec.lemma32_actual_original_right_Gamma_difference' depends on axioms: [propext, Classical.choice, Quot.sound]
'ZhangLS.Spec.lemma32_actual_original_right_Gamma_integrable' depends on axioms: [propext, Classical.choice, Quot.sound]
'ZhangLS.Spec.lemma32_actual_original_Gamma_mellin_difference' depends on axioms: [propext,
 Classical.choice,
 Quot.sound]
'ZhangLS.Spec.lemma32_actual_smoothed_difference_series' depends on axioms: [propext, Classical.choice, Quot.sound]
'ZhangLS.Spec.lemma32_actual_weighted_term_one_real' depends on axioms: [propext, Classical.choice, Quot.sound]
'ZhangLS.Spec.lemma32_actual_real_smoothed_terms_summable' depends on axioms: [propext, Classical.choice, Quot.sound]
'ZhangLS.Spec.lemma32_actual_smoothed_difference_real_series' depends on axioms: [propext, Classical.choice, Quot.sound]
'ZhangLS.Spec.lemma32_actual_real_smoothed_term_nonneg' depends on axioms: [propext, Classical.choice, Quot.sound]
'ZhangLS.Spec.lemma32_actual_real_smoothed_difference_nonneg' depends on axioms: [propext, Classical.choice, Quot.sound]
'ZhangLS.Spec.lemma32_smoothing_window_lower_bound_pos' depends on axioms: [propext, Classical.choice, Quot.sound]
'ZhangLS.Spec.lemma32_exponential_smoothing_window_lower' depends on axioms: [propext, Classical.choice, Quot.sound]
'ZhangLS.Spec.lemma32_actual_smoothing_weight_window_lower' depends on axioms: [propext, Classical.choice, Quot.sound]
'ZhangLS.Spec.lemma32_actual_weighted_tail_le_smoothed' depends on axioms: [propext, Classical.choice, Quot.sound]
'ZhangLS.Spec.lemma32_zeta_pole_removed_differentiableAt' depends on axioms: [propext, Classical.choice, Quot.sound]
'ZhangLS.Spec.lemma32_smoothing_difference_differentiable' depends on axioms: [propext, Classical.choice, Quot.sound]
'ZhangLS.Spec.lemma32_smoothing_dslope_differentiable' depends on axioms: [propext, Classical.choice, Quot.sound]
'ZhangLS.Spec.lemma32_regular_numerator_differentiableAt' depends on axioms: [propext, Classical.choice, Quot.sound]
'ZhangLS.Spec.lemma32_regular_numerator_analyticOnNhd' depends on axioms: [propext, Classical.choice, Quot.sound]
'ZhangLS.Spec.lemma32_regular_numerator_eq' depends on axioms: [propext, Classical.choice, Quot.sound]
'ZhangLS.Spec.lemma32_regular_numerator_differentiableOn_ball' depends on axioms: [propext,
 Classical.choice,
 Quot.sound]
'ZhangLS.Spec.lemma32_actual_circle_integral_eq_residue' depends on axioms: [propext, Classical.choice, Quot.sound]
'ZhangLS.Spec.lemma32_actual_original_circle_integral_eq_residue' depends on axioms: [propext,
 Classical.choice,
 Quot.sound]
'ZhangLS.Spec.lemma32_actual_residue_bound' depends on axioms: [propext, Classical.choice, Quot.sound]
'ZhangLS.Spec.lemma32_divided_remainder_differentiableOn' depends on axioms: [propext, Classical.choice, Quot.sound]
'ZhangLS.Spec.lemma32_divided_remainder_analyticOnNhd' depends on axioms: [propext, Classical.choice, Quot.sound]
'ZhangLS.Spec.lemma32_divided_remainder_recurrence' depends on axioms: [propext, Classical.choice, Quot.sound]
'ZhangLS.Spec.lemma32_regular_numerator_finite_expansion' depends on axioms: [propext, Classical.choice, Quot.sound]
'ZhangLS.Spec.lemma32_actual_integrand_principal_decomposition' depends on axioms: [propext,
 Classical.choice,
 Quot.sound]
'ZhangLS.Spec.lemma32_actual_regular_remainder_rectangle_zero' depends on axioms: [propext,
 Classical.choice,
 Quot.sound]
'ZhangLS.Spec.lemma32_divided_remainder_power_series' depends on axioms: [propext, Classical.choice, Quot.sound]
'ZhangLS.Spec.lemma32_divided_remainder_coefficient' depends on axioms: [propext, Classical.choice, Quot.sound]
'ZhangLS.Spec.lemma32_actual_residue_eq_divided_remainder' depends on axioms: [propext, Classical.choice, Quot.sound]
'ZhangLS.Spec.lemma32_laurent_primitive_hasDerivAt' depends on axioms: [propext, Classical.choice, Quot.sound]
'ZhangLS.Spec.lemma32_horizontal_zpow_integral' depends on axioms: [propext, Classical.choice, Quot.sound]
'ZhangLS.Spec.lemma32_vertical_zpow_integral' depends on axioms: [propext, Classical.choice, Quot.sound]
'ZhangLS.Spec.lemma32_rectangle_zpow_zero' depends on axioms: [propext, Classical.choice, Quot.sound]
'ZhangLS.Spec.lemma32_rectangle_inverse_winding' depends on axioms: [propext, Classical.choice, Quot.sound]
'ZhangLS.Spec.lemma32_rectangle_laurent_kernel' depends on axioms: [propext, Classical.choice, Quot.sound]
'ZhangLS.Spec.lemma32_boundary_integrable_punctured' depends on axioms: [propext, Classical.choice, Quot.sound]
'ZhangLS.Spec.lemma32_boundary_integral_add' depends on axioms: [propext, Classical.choice, Quot.sound]
'ZhangLS.Spec.lemma32_boundary_integral_const_mul' depends on axioms: [propext, Classical.choice, Quot.sound]
'ZhangLS.Spec.lemma32_boundary_integral_sum' depends on axioms: [propext, Classical.choice, Quot.sound]
'ZhangLS.Spec.lemma32_laurent_kernel_continuousOn' depends on axioms: [propext, Classical.choice, Quot.sound]
'ZhangLS.Spec.lemma32_principal_part_boundary_integrable' depends on axioms: [propext, Classical.choice, Quot.sound]
'ZhangLS.Spec.lemma32_actual_principal_boundary_residue' depends on axioms: [propext, Classical.choice, Quot.sound]
'ZhangLS.Spec.lemma32_boundary_integrable_halfplane' depends on axioms: [propext, Classical.choice, Quot.sound]
'ZhangLS.Spec.lemma32_actual_finite_rectangle_residue' depends on axioms: [propext, Classical.choice, Quot.sound]
'ZhangLS.Spec.lemma32_mellin_normalizing_factor' depends on axioms: [propext, Classical.choice, Quot.sound]
'ZhangLS.Spec.lemma32_actual_normalized_finite_shift' depends on axioms: [propext, Classical.choice, Quot.sound]
'ZhangLS.Spec.lemma32_gamma_shift_product' depends on axioms: [propext, Classical.choice, Quot.sound]
'ZhangLS.Spec.lemma32_gamma_shift_norm_lower' depends on axioms: [propext, Classical.choice, Quot.sound]
'ZhangLS.Spec.lemma32_gamma_strip_polynomial_decay' depends on axioms: [propext, Classical.choice, Quot.sound]
'ZhangLS.Spec.lemma32_ramification_global_bound' depends on axioms: [propext, Classical.choice, Quot.sound]
'ZhangLS.Spec.lemma32_analytic_correction_global_growth' depends on axioms: [propext, Classical.choice, Quot.sound]
'ZhangLS.Spec.lemma32_positive_strip_high_norm' depends on axioms: [propext, Classical.choice, Quot.sound]
'ZhangLS.Spec.lemma32_actual_zeta_strip_high_growth' depends on axioms: [propext, Classical.choice, Quot.sound]
'ZhangLS.Spec.lemma32_actual_L_strip_high_growth' depends on axioms: [propext, Classical.choice, Quot.sound]
'ZhangLS.Spec.lemma32_actual_zeta_L_strip_high_growth' depends on axioms: [propext, Classical.choice, Quot.sound]
'ZhangLS.Spec.lemma32_smoothing_strip_growth' depends on axioms: [propext, Classical.choice, Quot.sound]
'ZhangLS.Spec.lemma32_global_height_constant_pos' depends on axioms: [propext, Classical.choice, Quot.sound]
'ZhangLS.Spec.lemma32_actual_integrand_height_decay' depends on axioms: [propext, Classical.choice, Quot.sound]
'ZhangLS.Spec.lemma32_actual_integrand_eq_regular_div' depends on axioms: [propext, Classical.choice, Quot.sound]
'ZhangLS.Spec.lemma32_actual_integrand_differentiableAt_global' depends on axioms: [propext,
 Classical.choice,
 Quot.sound]
'ZhangLS.Spec.lemma32_actual_vertical_continuous' depends on axioms: [propext, Classical.choice, Quot.sound]
'ZhangLS.Spec.lemma32_integrable_of_quartic_decay' depends on axioms: [propext, Classical.choice, Quot.sound]
'ZhangLS.Spec.lemma32_actual_left_vertical_integrable' depends on axioms: [propext, Classical.choice, Quot.sound]
'ZhangLS.Spec.lemma32_actual_horizontal_integral_bound' depends on axioms: [propext, Classical.choice, Quot.sound]
'ZhangLS.Spec.lemma32_tendsto_zero_of_quartic_norm_bound' depends on axioms: [propext, Classical.choice, Quot.sound]
'ZhangLS.Spec.lemma32_actual_upper_horizontal_decay' depends on axioms: [propext, Classical.choice, Quot.sound]
'ZhangLS.Spec.lemma32_actual_lower_horizontal_decay' depends on axioms: [propext, Classical.choice, Quot.sound]
'ZhangLS.Spec.lemma32_actual_infinite_contour_shift' depends on axioms: [propext, Classical.choice, Quot.sound]
'ZhangLS.Spec.lemma32_actual_smoothed_difference_eq_residue_add_left' depends on axioms: [propext,
 Classical.choice,
 Quot.sound]
'ZhangLS.Spec.lemma32_actual_original_tail_reduction' depends on axioms: [propext, Classical.choice, Quot.sound]
'ZhangLS.Spec.lemma32_ramified_prime_small_bound' depends on axioms: [propext, Classical.choice, Quot.sound]
'ZhangLS.Spec.lemma32_large_prime_monomial_small' depends on axioms: [propext, Classical.choice, Quot.sound]
'ZhangLS.Spec.lemma32_ramified_large_prime_saving' depends on axioms: [propext, Classical.choice, Quot.sound]
'ZhangLS.Spec.lemma32_ramification_saving_constant_pos' depends on axioms: [propext, Classical.choice, Quot.sound]
'ZhangLS.Spec.lemma32_prime_factors_log_sum_bound' depends on axioms: [propext, Classical.choice, Quot.sound]
'ZhangLS.Spec.lemma32_ramification_small_prime_count' depends on axioms: [propext, Classical.choice, Quot.sound]
'ZhangLS.Spec.lemma32_ramification_uniform_power_saving' depends on axioms: [propext, Classical.choice, Quot.sound]
'ZhangLS.Spec.lemma32_analytic_correction_uniform_power_saving' depends on axioms: [propext,
 Classical.choice,
 Quot.sound]
'ZhangLS.Spec.lemma32_actual_coefficient_nonneg' depends on axioms: [propext, Classical.choice, Quot.sound]
'ZhangLS.Spec.lemma32_tau_two_prime_power' depends on axioms: [propext, Classical.choice, Quot.sound]
'ZhangLS.Spec.lemma32_actual_coefficient_prime_power_of_one' depends on axioms: [propext, Classical.choice, Quot.sound]
'ZhangLS.Spec.lemma32_actual_coefficient_prime_power_of_zero' depends on axioms: [propext, Classical.choice, Quot.sound]
'ZhangLS.Spec.lemma32_actual_coefficient_prime_power_of_neg_one' depends on axioms: [propext,
 Classical.choice,
 Quot.sound]
'ZhangLS.Spec.lemma32_actual_coefficient_one' depends on axioms: [propext, Classical.choice, Quot.sound]
'ZhangLS.Spec.lemma32_rising_choose_two' depends on axioms: [propext, Classical.choice, Quot.sound]
'ZhangLS.Spec.lemma32_rising_choose_three' depends on axioms: [propext, Classical.choice, Quot.sound]
'ZhangLS.Spec.lemma32_rising_choose_four' depends on axioms: [propext, Classical.choice, Quot.sound]
'ZhangLS.Spec.lemma32_fourth_power_choose' depends on axioms: [propext, Classical.choice, Quot.sound]
'ZhangLS.Spec.lemma32_fourth_geometric_hasSum' depends on axioms: [propext, Classical.choice, Quot.sound]
'ZhangLS.Spec.lemma32_actual_coefficient_mul' depends on axioms: [propext, Classical.choice, Quot.sound]
'ZhangLS.Spec.lemma32_square_geometric_hasSum' depends on axioms: [propext, Classical.choice, Quot.sound]
'ZhangLS.Spec.lemma32_even_square_geometric_hasSum' depends on axioms: [propext, Classical.choice, Quot.sound]
'ZhangLS.Spec.lemma32_actual_local_series_of_one' depends on axioms: [propext, Classical.choice, Quot.sound]
'ZhangLS.Spec.lemma32_actual_local_series_of_zero' depends on axioms: [propext, Classical.choice, Quot.sound]
'ZhangLS.Spec.lemma32_actual_even_local_series_of_neg_one' depends on axioms: [propext, Classical.choice, Quot.sound]
'ZhangLS.Spec.lemma32_actual_local_series_of_neg_one' depends on axioms: [propext, Classical.choice, Quot.sound]
'ZhangLS.Spec.lemma32_local_correction_of_one' depends on axioms: [propext, Classical.choice, Quot.sound]
'ZhangLS.Spec.lemma32_local_correction_of_zero' depends on axioms: [propext, Classical.choice, Quot.sound]
'ZhangLS.Spec.lemma32_local_correction_of_neg_one' depends on axioms: [propext, Classical.choice, Quot.sound]
'ZhangLS.Spec.lemma32_bounded_polynomial_norm' depends on axioms: [propext, Classical.choice, Quot.sound]
'ZhangLS.Spec.lemma32_plus_factor_remainder' depends on axioms: [propext, Classical.choice, Quot.sound]
'ZhangLS.Spec.lemma32_minus_factor_remainder' depends on axioms: [propext, Classical.choice, Quot.sound]
'ZhangLS.Spec.lemma32_plus_factor_norm_sub_one' depends on axioms: [propext, Classical.choice, Quot.sound]
'ZhangLS.Spec.lemma32_minus_factor_norm_sub_one' depends on axioms: [propext, Classical.choice, Quot.sound]
'ZhangLS.Spec.lemma32_actual_local_correction_norm_sub_one' depends on axioms: [propext, Classical.choice, Quot.sound]
'ZhangLS.Spec.lemma32_character_prime_cases_of_not_dvd' depends on axioms: [propext, Classical.choice, Quot.sound]
'ZhangLS.Spec.lemma32_local_correction_norm_of_not_dvd' depends on axioms: [propext, Classical.choice, Quot.sound]
'ZhangLS.Spec.lemma32_zero_factor_norm' depends on axioms: [propext, Classical.choice, Quot.sound]
'ZhangLS.Spec.lemma32_local_correction_norm_of_dvd' depends on axioms: [propext, Classical.choice, Quot.sound]
'ZhangLS.Spec.lemma32_zero_correction_factorization' depends on axioms: [propext, Classical.choice, Quot.sound]
'ZhangLS.Spec.lemma32_actual_correction_regular_factorization' depends on axioms: [propext,
 Classical.choice,
 Quot.sound]
'ZhangLS.Spec.lemma32_regular_local_norm_sub_one' depends on axioms: [propext, Classical.choice, Quot.sound]
'ZhangLS.Spec.lemma32_regular_local_differentiable' depends on axioms: [propext, Classical.choice, Quot.sound]
'ZhangLS.Spec.lemma32_regular_local_at_zero' depends on axioms: [propext, Classical.choice, Quot.sound]
'ZhangLS.Spec.lemma32_prime_monomial_norm' depends on axioms: [propext, Classical.choice, Quot.sound]
'ZhangLS.Spec.lemma32_prime_monomial_norm_square' depends on axioms: [propext, Classical.choice, Quot.sound]
'ZhangLS.Spec.lemma32_prime_monomial_norm_lt_one' depends on axioms: [propext, Classical.choice, Quot.sound]
'ZhangLS.Spec.lemma32_regular_prime_errors_summable' depends on axioms: [propext, Classical.choice, Quot.sound]
'ZhangLS.Spec.lemma32_regular_euler_product_multipliable' depends on axioms: [propext, Classical.choice, Quot.sound]
'ZhangLS.Spec.lemma32_regular_prime_error_uniform' depends on axioms: [propext, Classical.choice, Quot.sound]
'ZhangLS.Spec.lemma32_regular_finite_product_bound' depends on axioms: [propext, Classical.choice, Quot.sound]
'ZhangLS.Spec.lemma32_regular_euler_product_bound' depends on axioms: [propext, Classical.choice, Quot.sound]
'ZhangLS.Spec.lemma32_regular_product_bound_pos' depends on axioms: [propext, Classical.choice, Quot.sound]
'ZhangLS.Spec.lemma32_regular_finite_product_difference' depends on axioms: [propext, Classical.choice, Quot.sound]
'ZhangLS.Spec.lemma32_regular_products_uniform_cauchy' depends on axioms: [propext, Classical.choice, Quot.sound]
'ZhangLS.Spec.lemma32_regular_products_uniform_limit' depends on axioms: [propext, Classical.choice, Quot.sound]
'ZhangLS.Spec.lemma32_prime_monomial_differentiable' depends on axioms: [propext, Classical.choice, Quot.sound]
'ZhangLS.Spec.lemma32_regular_finite_product_differentiable' depends on axioms: [propext, Classical.choice, Quot.sound]
'ZhangLS.Spec.lemma32_regular_products_locally_uniform' depends on axioms: [propext, Classical.choice, Quot.sound]
'ZhangLS.Spec.lemma32_regular_euler_product_differentiableOn' depends on axioms: [propext, Classical.choice, Quot.sound]
'ZhangLS.Spec.lemma32_regular_euler_product_analyticOnNhd' depends on axioms: [propext, Classical.choice, Quot.sound]
'ZhangLS.Spec.lemma32_one_sub_norm_le_one' depends on axioms: [propext, Classical.choice, Quot.sound]
'ZhangLS.Spec.lemma32_prime_monomial_re' depends on axioms: [propext, Classical.choice, Quot.sound]
'ZhangLS.Spec.lemma32_cos_lower_of_abs_le_one' depends on axioms: [propext, Classical.choice, Quot.sound]
'ZhangLS.Spec.lemma32_ramified_prime_factor_norm' depends on axioms: [propext, Classical.choice, Quot.sound]
'ZhangLS.Spec.lemma32_ramification_factor_differentiable' depends on axioms: [propext, Classical.choice, Quot.sound]
'ZhangLS.Spec.lemma32_analytic_correction_analyticOnNhd' depends on axioms: [propext, Classical.choice, Quot.sound]
'ZhangLS.Spec.lemma32_ramification_factor_norm' depends on axioms: [propext, Classical.choice, Quot.sound]
'ZhangLS.Spec.lemma32_analytic_correction_sector_bound' depends on axioms: [propext, Classical.choice, Quot.sound]
'ZhangLS.Spec.lemma32_negative_power_small' depends on axioms: [propext, Classical.choice, Quot.sound]
'ZhangLS.Spec.lemma32_residue_disk_parameters' depends on axioms: [propext, Classical.choice, Quot.sound]
'ZhangLS.Spec.lemma32_analytic_correction_residue_disk_bound' depends on axioms: [propext, Classical.choice, Quot.sound]
'ZhangLS.Spec.lemma32_actual_first_derivative_bound' depends on axioms: [propext, Classical.choice, Quot.sound]
'ZhangLS.Spec.lemma32_actual_L_difference_near_one' depends on axioms: [propext, Classical.choice, Quot.sound]
'ZhangLS.Spec.lemma32_actual_value_at_one_small' depends on axioms: [propext, Classical.choice, Quot.sound]
'ZhangLS.Spec.lemma32_circle_small_value_scale_identity' depends on axioms: [propext, Classical.choice, Quot.sound]
'ZhangLS.Spec.lemma32_actual_L_residue_disk_small' depends on axioms: [propext, Classical.choice, Quot.sound]
'ZhangLS.Spec.lemma32_zeta_pole_removed_local_bound' depends on axioms: [propext, Classical.choice, Quot.sound]
'ZhangLS.Spec.lemma32_actual_zeta_local_pole_bound' depends on axioms: [propext, Classical.choice, Quot.sound]
'ZhangLS.Spec.lemma32_actual_zeta_L_residue_circle_bound' depends on axioms: [propext, Classical.choice, Quot.sound]
'ZhangLS.Spec.lemma32_exists_gamma_local_bound' depends on axioms: [propext, Classical.choice, Quot.sound]
'ZhangLS.Spec.lemma32_gamma_local_bound_pos' depends on axioms: [propext, Classical.choice, Quot.sound]
'ZhangLS.Spec.lemma32_gamma_local_bound' depends on axioms: [propext, Classical.choice, Quot.sound]
'ZhangLS.Spec.lemma32_regularized_gamma_local_bound' depends on axioms: [propext, Classical.choice, Quot.sound]
'ZhangLS.Spec.lemma32_smoothing_difference_local_bound' depends on axioms: [propext, Classical.choice, Quot.sound]
'ZhangLS.Spec.lemma32_smoothing_gamma_local_bound' depends on axioms: [propext, Classical.choice, Quot.sound]
'ZhangLS.Spec.lemma32_circle_constant_pos' depends on axioms: [propext, Classical.choice, Quot.sound]
'ZhangLS.Spec.lemma32_circle_integrand_bound' depends on axioms: [propext, Classical.choice, Quot.sound]
'ZhangLS.Spec.lemma32_residue_circle_scale_identity' depends on axioms: [propext, Classical.choice, Quot.sound]
'ZhangLS.Spec.lemma32_actual_normalized_circle_integral_bound' depends on axioms: [propext,
 Classical.choice,
 Quot.sound]
'ZhangLS.Spec.lemma32_modulus_cpow_eq_exp' depends on axioms: [propext, Classical.choice, Quot.sound]
'ZhangLS.Spec.lemma32_original_smoothing_difference' depends on axioms: [propext, Classical.choice, Quot.sound]
'ZhangLS.Spec.lemma32_original_normalized_circle_integral_bound' depends on axioms: [propext,
 Classical.choice,
 Quot.sound]
'ZhangLS.Spec.lemma32_multichoose_2_square_le_4' depends on axioms: [propext, Classical.choice, Quot.sound]
'ZhangLS.Spec.lemma32_multichoose_4_square_le_16' depends on axioms: [propext, Classical.choice, Quot.sound]
'ZhangLS.Spec.lemma32_tau2_square_le_tau4' depends on axioms: [propext, Classical.choice, Quot.sound]
'ZhangLS.Spec.lemma32_tau4_square_le_tau16' depends on axioms: [propext, Classical.choice, Quot.sound]
'ZhangLS.Spec.lemma32_tau_two_eq_card_divisors' depends on axioms: [propext, Classical.choice, Quot.sound]
'ZhangLS.Spec.lemma32_actual_coefficient_le_tau_sixteen' depends on axioms: [propext, Classical.choice, Quot.sound]
'ZhangLS.Spec.lemma32_tau_lseries_summable' depends on axioms: [propext, Classical.choice, Quot.sound]
'ZhangLS.Spec.lemma32_actual_weighted_lseries_summable' depends on axioms: [propext, Classical.choice, Quot.sound]
'ZhangLS.Spec.lemma32_actual_weighted_norm_terms_summable' depends on axioms: [propext, Classical.choice, Quot.sound]
'ZhangLS.Spec.lemma32_weighted_term_at_one' depends on axioms: [propext, Classical.choice, Quot.sound]
'ZhangLS.Spec.lemma32_weighted_term_mul' depends on axioms: [propext, Classical.choice, Quot.sound]
'ZhangLS.Spec.lemma32_actual_weighted_euler_hasProd' depends on axioms: [propext, Classical.choice, Quot.sound]
'ZhangLS.Spec.lemma32_actual_weighted_euler_product' depends on axioms: [propext, Classical.choice, Quot.sound]
'ZhangLS.Spec.lemma32_prime_monomial_eq_cpow' depends on axioms: [propext, Classical.choice, Quot.sound]
'ZhangLS.Spec.lemma32_weighted_prime_power_term' depends on axioms: [propext, Classical.choice, Quot.sound]
'ZhangLS.Spec.lemma32_weighted_local_correction_identity' depends on axioms: [propext, Classical.choice, Quot.sound]
'ZhangLS.Spec.lemma32_finite_ramification_prime_product' depends on axioms: [propext, Classical.choice, Quot.sound]
'ZhangLS.Spec.lemma32_ramification_prime_factors_hasProd' depends on axioms: [propext, Classical.choice, Quot.sound]
'ZhangLS.Spec.lemma32_actual_local_corrections_hasProd' depends on axioms: [propext, Classical.choice, Quot.sound]
'ZhangLS.Spec.lemma32_actual_zeta_monomial_euler_hasProd' depends on axioms: [propext, Classical.choice, Quot.sound]
'ZhangLS.Spec.lemma32_actual_L_monomial_euler_hasProd' depends on axioms: [propext, Classical.choice, Quot.sound]
'ZhangLS.Spec.lemma32_actual_weighted_series_identity' depends on axioms: [propext, Classical.choice, Quot.sound]
'ZhangLS.Spec.lemma32_circle_integrand_differentiableAt' depends on axioms: [propext, Classical.choice, Quot.sound]
'ZhangLS.Spec.lemma32_actual_circle_integrable' depends on axioms: [propext, Classical.choice, Quot.sound]
'ZhangLS.Spec.lemma32_gamma_one_vertical_bound' depends on axioms: [propext, Classical.choice, Quot.sound]
'ZhangLS.Spec.lemma32_gamma_one_vertical_integrable' depends on axioms: [propext, Classical.choice, Quot.sound]
'ZhangLS.Spec.lemma32_exponential_mellin_eq_Gamma' depends on axioms: [propext, Classical.choice, Quot.sound]
'ZhangLS.Spec.lemma32_exponential_mellin_convergent' depends on axioms: [propext, Classical.choice, Quot.sound]
'ZhangLS.Spec.lemma32_actual_Gamma_mellin_inversion' depends on axioms: [propext, Classical.choice, Quot.sound]
'ZhangLS.Spec.lemma32_Gamma_mellin_term_norm' depends on axioms: [propext, Classical.choice, Quot.sound]
'ZhangLS.Spec.lemma32_Gamma_mellin_term_integrable' depends on axioms: [propext, Classical.choice, Quot.sound]
'ZhangLS.Spec.lemma32_Gamma_mellin_term_integral_norm_summable' depends on axioms: [propext,
 Classical.choice,
 Quot.sound]
'ZhangLS.Spec.lemma32_Gamma_mellin_term_eq_kernel' depends on axioms: [propext, Classical.choice, Quot.sound]
'ZhangLS.Spec.lemma32_Gamma_mellin_term_normalized_integral' depends on axioms: [propext, Classical.choice, Quot.sound]
'ZhangLS.Spec.lemma32_Gamma_mellin_tsum_integrable' depends on axioms: [propext, Classical.choice, Quot.sound]
'ZhangLS.Spec.lemma32_full_series_gamma_mellin' depends on axioms: [propext, Classical.choice, Quot.sound]
'ZhangLS.Spec.lemma32_actual_right_Gamma_integrand_eq_tsum' depends on axioms: [propext, Classical.choice, Quot.sound]
'ZhangLS.Spec.lemma32_actual_right_Gamma_integrand_integrable' depends on axioms: [propext,
 Classical.choice,
 Quot.sound]
'ZhangLS.Spec.lemma32_actual_smoothed_weighted_summable' depends on axioms: [propext, Classical.choice, Quot.sound]
'ZhangLS.Spec.lemma32_actual_full_Gamma_mellin' depends on axioms: [propext, Classical.choice, Quot.sound]
'ZhangLS.Spec.lemma32_actual_original_right_Gamma_difference' depends on axioms: [propext, Classical.choice, Quot.sound]
'ZhangLS.Spec.lemma32_actual_original_right_Gamma_integrable' depends on axioms: [propext, Classical.choice, Quot.sound]
'ZhangLS.Spec.lemma32_actual_original_Gamma_mellin_difference' depends on axioms: [propext,
 Classical.choice,
 Quot.sound]
'ZhangLS.Spec.lemma32_actual_smoothed_difference_series' depends on axioms: [propext, Classical.choice, Quot.sound]
'ZhangLS.Spec.lemma32_actual_weighted_term_one_real' depends on axioms: [propext, Classical.choice, Quot.sound]
'ZhangLS.Spec.lemma32_actual_real_smoothed_terms_summable' depends on axioms: [propext, Classical.choice, Quot.sound]
'ZhangLS.Spec.lemma32_actual_smoothed_difference_real_series' depends on axioms: [propext, Classical.choice, Quot.sound]
'ZhangLS.Spec.lemma32_actual_real_smoothed_term_nonneg' depends on axioms: [propext, Classical.choice, Quot.sound]
'ZhangLS.Spec.lemma32_actual_real_smoothed_difference_nonneg' depends on axioms: [propext, Classical.choice, Quot.sound]
'ZhangLS.Spec.lemma32_smoothing_window_lower_bound_pos' depends on axioms: [propext, Classical.choice, Quot.sound]
'ZhangLS.Spec.lemma32_exponential_smoothing_window_lower' depends on axioms: [propext, Classical.choice, Quot.sound]
'ZhangLS.Spec.lemma32_actual_smoothing_weight_window_lower' depends on axioms: [propext, Classical.choice, Quot.sound]
'ZhangLS.Spec.lemma32_actual_weighted_tail_le_smoothed' depends on axioms: [propext, Classical.choice, Quot.sound]
'ZhangLS.Spec.lemma32_zeta_pole_removed_differentiableAt' depends on axioms: [propext, Classical.choice, Quot.sound]
'ZhangLS.Spec.lemma32_smoothing_difference_differentiable' depends on axioms: [propext, Classical.choice, Quot.sound]
'ZhangLS.Spec.lemma32_smoothing_dslope_differentiable' depends on axioms: [propext, Classical.choice, Quot.sound]
'ZhangLS.Spec.lemma32_regular_numerator_differentiableAt' depends on axioms: [propext, Classical.choice, Quot.sound]
'ZhangLS.Spec.lemma32_regular_numerator_analyticOnNhd' depends on axioms: [propext, Classical.choice, Quot.sound]
'ZhangLS.Spec.lemma32_regular_numerator_eq' depends on axioms: [propext, Classical.choice, Quot.sound]
'ZhangLS.Spec.lemma32_regular_numerator_differentiableOn_ball' depends on axioms: [propext,
 Classical.choice,
 Quot.sound]
'ZhangLS.Spec.lemma32_actual_circle_integral_eq_residue' depends on axioms: [propext, Classical.choice, Quot.sound]
'ZhangLS.Spec.lemma32_actual_original_circle_integral_eq_residue' depends on axioms: [propext,
 Classical.choice,
 Quot.sound]
'ZhangLS.Spec.lemma32_actual_residue_bound' depends on axioms: [propext, Classical.choice, Quot.sound]
'ZhangLS.Spec.lemma32_divided_remainder_differentiableOn' depends on axioms: [propext, Classical.choice, Quot.sound]
'ZhangLS.Spec.lemma32_divided_remainder_analyticOnNhd' depends on axioms: [propext, Classical.choice, Quot.sound]
'ZhangLS.Spec.lemma32_divided_remainder_recurrence' depends on axioms: [propext, Classical.choice, Quot.sound]
'ZhangLS.Spec.lemma32_regular_numerator_finite_expansion' depends on axioms: [propext, Classical.choice, Quot.sound]
'ZhangLS.Spec.lemma32_actual_integrand_principal_decomposition' depends on axioms: [propext,
 Classical.choice,
 Quot.sound]
'ZhangLS.Spec.lemma32_actual_regular_remainder_rectangle_zero' depends on axioms: [propext,
 Classical.choice,
 Quot.sound]
'ZhangLS.Spec.lemma32_divided_remainder_power_series' depends on axioms: [propext, Classical.choice, Quot.sound]
'ZhangLS.Spec.lemma32_divided_remainder_coefficient' depends on axioms: [propext, Classical.choice, Quot.sound]
'ZhangLS.Spec.lemma32_actual_residue_eq_divided_remainder' depends on axioms: [propext, Classical.choice, Quot.sound]
'ZhangLS.Spec.lemma32_laurent_primitive_hasDerivAt' depends on axioms: [propext, Classical.choice, Quot.sound]
'ZhangLS.Spec.lemma32_horizontal_zpow_integral' depends on axioms: [propext, Classical.choice, Quot.sound]
'ZhangLS.Spec.lemma32_vertical_zpow_integral' depends on axioms: [propext, Classical.choice, Quot.sound]
'ZhangLS.Spec.lemma32_rectangle_zpow_zero' depends on axioms: [propext, Classical.choice, Quot.sound]
'ZhangLS.Spec.lemma32_rectangle_inverse_winding' depends on axioms: [propext, Classical.choice, Quot.sound]
'ZhangLS.Spec.lemma32_rectangle_laurent_kernel' depends on axioms: [propext, Classical.choice, Quot.sound]
'ZhangLS.Spec.lemma32_boundary_integrable_punctured' depends on axioms: [propext, Classical.choice, Quot.sound]
'ZhangLS.Spec.lemma32_boundary_integral_add' depends on axioms: [propext, Classical.choice, Quot.sound]
'ZhangLS.Spec.lemma32_boundary_integral_const_mul' depends on axioms: [propext, Classical.choice, Quot.sound]
'ZhangLS.Spec.lemma32_boundary_integral_sum' depends on axioms: [propext, Classical.choice, Quot.sound]
'ZhangLS.Spec.lemma32_laurent_kernel_continuousOn' depends on axioms: [propext, Classical.choice, Quot.sound]
'ZhangLS.Spec.lemma32_principal_part_boundary_integrable' depends on axioms: [propext, Classical.choice, Quot.sound]
'ZhangLS.Spec.lemma32_actual_principal_boundary_residue' depends on axioms: [propext, Classical.choice, Quot.sound]
'ZhangLS.Spec.lemma32_boundary_integrable_halfplane' depends on axioms: [propext, Classical.choice, Quot.sound]
'ZhangLS.Spec.lemma32_actual_finite_rectangle_residue' depends on axioms: [propext, Classical.choice, Quot.sound]
'ZhangLS.Spec.lemma32_mellin_normalizing_factor' depends on axioms: [propext, Classical.choice, Quot.sound]
'ZhangLS.Spec.lemma32_actual_normalized_finite_shift' depends on axioms: [propext, Classical.choice, Quot.sound]
'ZhangLS.Spec.lemma32_gamma_shift_product' depends on axioms: [propext, Classical.choice, Quot.sound]
'ZhangLS.Spec.lemma32_gamma_shift_norm_lower' depends on axioms: [propext, Classical.choice, Quot.sound]
'ZhangLS.Spec.lemma32_gamma_strip_polynomial_decay' depends on axioms: [propext, Classical.choice, Quot.sound]
'ZhangLS.Spec.lemma32_ramification_global_bound' depends on axioms: [propext, Classical.choice, Quot.sound]
'ZhangLS.Spec.lemma32_analytic_correction_global_growth' depends on axioms: [propext, Classical.choice, Quot.sound]
'ZhangLS.Spec.lemma32_positive_strip_high_norm' depends on axioms: [propext, Classical.choice, Quot.sound]
'ZhangLS.Spec.lemma32_actual_zeta_strip_high_growth' depends on axioms: [propext, Classical.choice, Quot.sound]
'ZhangLS.Spec.lemma32_actual_L_strip_high_growth' depends on axioms: [propext, Classical.choice, Quot.sound]
'ZhangLS.Spec.lemma32_actual_zeta_L_strip_high_growth' depends on axioms: [propext, Classical.choice, Quot.sound]
'ZhangLS.Spec.lemma32_smoothing_strip_growth' depends on axioms: [propext, Classical.choice, Quot.sound]
'ZhangLS.Spec.lemma32_global_height_constant_pos' depends on axioms: [propext, Classical.choice, Quot.sound]
'ZhangLS.Spec.lemma32_actual_integrand_height_decay' depends on axioms: [propext, Classical.choice, Quot.sound]
'ZhangLS.Spec.lemma32_actual_integrand_eq_regular_div' depends on axioms: [propext, Classical.choice, Quot.sound]
'ZhangLS.Spec.lemma32_actual_integrand_differentiableAt_global' depends on axioms: [propext,
 Classical.choice,
 Quot.sound]
'ZhangLS.Spec.lemma32_actual_vertical_continuous' depends on axioms: [propext, Classical.choice, Quot.sound]
'ZhangLS.Spec.lemma32_integrable_of_quartic_decay' depends on axioms: [propext, Classical.choice, Quot.sound]
'ZhangLS.Spec.lemma32_actual_left_vertical_integrable' depends on axioms: [propext, Classical.choice, Quot.sound]
'ZhangLS.Spec.lemma32_actual_horizontal_integral_bound' depends on axioms: [propext, Classical.choice, Quot.sound]
'ZhangLS.Spec.lemma32_tendsto_zero_of_quartic_norm_bound' depends on axioms: [propext, Classical.choice, Quot.sound]
'ZhangLS.Spec.lemma32_actual_upper_horizontal_decay' depends on axioms: [propext, Classical.choice, Quot.sound]
'ZhangLS.Spec.lemma32_actual_lower_horizontal_decay' depends on axioms: [propext, Classical.choice, Quot.sound]
'ZhangLS.Spec.lemma32_actual_infinite_contour_shift' depends on axioms: [propext, Classical.choice, Quot.sound]
'ZhangLS.Spec.lemma32_actual_smoothed_difference_eq_residue_add_left' depends on axioms: [propext,
 Classical.choice,
 Quot.sound]
'ZhangLS.Spec.lemma32_actual_original_tail_reduction' depends on axioms: [propext, Classical.choice, Quot.sound]
'ZhangLS.Spec.lemma32_ramified_prime_small_bound' depends on axioms: [propext, Classical.choice, Quot.sound]
'ZhangLS.Spec.lemma32_large_prime_monomial_small' depends on axioms: [propext, Classical.choice, Quot.sound]
'ZhangLS.Spec.lemma32_ramified_large_prime_saving' depends on axioms: [propext, Classical.choice, Quot.sound]
'ZhangLS.Spec.lemma32_ramification_saving_constant_pos' depends on axioms: [propext, Classical.choice, Quot.sound]
'ZhangLS.Spec.lemma32_prime_factors_log_sum_bound' depends on axioms: [propext, Classical.choice, Quot.sound]
'ZhangLS.Spec.lemma32_ramification_small_prime_count' depends on axioms: [propext, Classical.choice, Quot.sound]
'ZhangLS.Spec.lemma32_ramification_uniform_power_saving' depends on axioms: [propext, Classical.choice, Quot.sound]
'ZhangLS.Spec.lemma32_analytic_correction_uniform_power_saving' depends on axioms: [propext,
 Classical.choice,
 Quot.sound]
'ZhangLS.Spec.lemma32_square_quarter_power' depends on axioms: [propext, Classical.choice, Quot.sound]
'ZhangLS.Spec.lemma32_square_negative_quarter_power' depends on axioms: [propext, Classical.choice, Quot.sound]
'ZhangLS.Spec.lemma32_small_quarter_power_integral' depends on axioms: [propext, Classical.choice, Quot.sound]
'ZhangLS.Spec.lemma32_large_quarter_power_integral' depends on axioms: [propext, Classical.choice, Quot.sound]
'ZhangLS.Spec.lemma32_actual_partial_sum_square_root_majorant' depends on axioms: [propext,
 Classical.choice,
 Quot.sound]
'ZhangLS.Spec.lemma32_actual_abel_small_majorant' depends on axioms: [propext, Classical.choice, Quot.sound]
'ZhangLS.Spec.lemma32_actual_abel_large_majorant' depends on axioms: [propext, Classical.choice, Quot.sound]
'ZhangLS.Spec.lemma32_actual_abel_square_root_partial_sum_bound' depends on axioms: [propext,
 Classical.choice,
 Quot.sound]
'ZhangLS.Spec.lemma32_actual_L_bound_of_square_root_partial_sums' depends on axioms: [propext,
 Classical.choice,
 Quot.sound]
'ZhangLS.Spec.lemma32_burgess_scale_half_power' depends on axioms: [propext, Classical.choice, Quot.sound]
'ZhangLS.Spec.lemma32_actual_L_bound_of_burgess_partial_sums' depends on axioms: [propext, Classical.choice, Quot.sound]
'ZhangLS.Spec.lemma32_left_line_Gamma_continuous' depends on axioms: [propext, Classical.choice, Quot.sound]
'ZhangLS.Spec.lemma32_left_line_zeta_continuous' depends on axioms: [propext, Classical.choice, Quot.sound]
'ZhangLS.Spec.lemma32_left_kernel_continuous' depends on axioms: [propext, Classical.choice, Quot.sound]
'ZhangLS.Spec.lemma32_left_kernel_nonneg' depends on axioms: [propext, Classical.choice, Quot.sound]
'ZhangLS.Spec.lemma32_left_kernel_high_bound' depends on axioms: [propext, Classical.choice, Quot.sound]
'ZhangLS.Spec.lemma32_left_kernel_integrable' depends on axioms: [propext, Classical.choice, Quot.sound]
'ZhangLS.Spec.lemma32_left_kernel_constant_pos' depends on axioms: [propext, Classical.choice, Quot.sound]
'ZhangLS.Spec.lemma32_left_kernel_integral_le' depends on axioms: [propext, Classical.choice, Quot.sound]
'ZhangLS.Spec.lemma32_smoothing_left_line_bound' depends on axioms: [propext, Classical.choice, Quot.sound]
'ZhangLS.Spec.lemma32_half_power_eighth' depends on axioms: [propext, Classical.choice, Quot.sound]
'ZhangLS.Spec.lemma32_actual_left_integrand_bound_of_partial_sums' depends on axioms: [propext,
 Classical.choice,
 Quot.sound]
'ZhangLS.Spec.lemma32_left_error_constant_pos' depends on axioms: [propext, Classical.choice, Quot.sound]
'ZhangLS.Spec.lemma32_actual_left_integral_bound_of_partial_sums' depends on axioms: [propext,
 Classical.choice,
 Quot.sound]
'ZhangLS.Spec.lemma32_burgess_scale_fourth_decay' depends on axioms: [propext, Classical.choice, Quot.sound]
'ZhangLS.Spec.lemma32_actual_left_integral_bound_of_burgess_partial_sums' depends on axioms: [propext,
 Classical.choice,
 Quot.sound]
'ZhangLS.Spec.lemma32_left_error_absorption_threshold' depends on axioms: [propext, Classical.choice, Quot.sound]
'ZhangLS.Spec.lemma32_target_of_uniform_burgess_partial_sums' depends on axioms: [propext, Classical.choice, Quot.sound]
'ZhangLS.Spec.lemma32_real_complex_norm_fourth' depends on axioms: [propext, Classical.choice, Quot.sound]
'ZhangLS.Spec.lemma32_actual_quartic_character_product' depends on axioms: [propext, Classical.choice, Quot.sound]
'ZhangLS.Spec.lemma32_actual_burgess_fourth_moment_expansion' depends on axioms: [propext, Classical.choice, Quot.sound]
'ZhangLS.Spec.lemma32_quartic_pairing_image_card' depends on axioms: [propext, Classical.choice, Quot.sound]
'ZhangLS.Spec.lemma32_degenerate_quartic_tuples_card' depends on axioms: [propext, Classical.choice, Quot.sound]
'ZhangLS.Spec.lemma32_actual_quartic_correlation_abs_bound' depends on axioms: [propext, Classical.choice, Quot.sound]
'ZhangLS.Spec.lemma32_degenerate_fourth_moment_contribution_bound' depends on axioms: [propext,
 Classical.choice,
 Quot.sound]
'ZhangLS.Spec.lemma32_quadratic_character_value_square' depends on axioms: [propext, Classical.choice, Quot.sound]
'ZhangLS.Spec.lemma32_quadratic_character_inverse' depends on axioms: [propext, Classical.choice, Quot.sound]
'ZhangLS.Spec.lemma32_quadratic_two_linear_correlation' depends on axioms: [propext, Classical.choice, Quot.sound]
'ZhangLS.Spec.lemma32_quadratic_character_norm_le_one' depends on axioms: [propext, Classical.choice, Quot.sound]
'ZhangLS.Spec.lemma32_actual_prime_two_linear_correlation' depends on axioms: [propext, Classical.choice, Quot.sound]
'ZhangLS.Spec.lemma32_actual_prime_two_linear_real_correlation' depends on axioms: [propext,
 Classical.choice,
 Quot.sound]
'ZhangLS.Spec.lemma32_quadratic_repeated_root_correlation' depends on axioms: [propext, Classical.choice, Quot.sound]
'ZhangLS.Spec.lemma32_quadratic_repeated_root_correlation_norm' depends on axioms: [propext,
 Classical.choice,
 Quot.sound]
'ZhangLS.Spec.lemma32_mem_degenerate_iff_paired' depends on axioms: [propext, Classical.choice, Quot.sound]
'ZhangLS.Spec.lemma32_actual_prime_repeated_correlation_norm' depends on axioms: [propext, Classical.choice, Quot.sound]
'ZhangLS.Spec.lemma32_actual_prime_quartic_repeated_correlation' depends on axioms: [propext,
 Classical.choice,
 Quot.sound]
'ZhangLS.Spec.lemma32_actual_fourth_moment_decomposition' depends on axioms: [propext, Classical.choice, Quot.sound]
'ZhangLS.Spec.lemma32_actual_fourth_moment_remainder_bound' depends on axioms: [propext, Classical.choice, Quot.sound]
'ZhangLS.Spec.lemma32_nondegenerate_fourth_moment_nonneg' depends on axioms: [propext, Classical.choice, Quot.sound]
'ZhangLS.Spec.lemma32_quartic_correlation_permutation' depends on axioms: [propext, Classical.choice, Quot.sound]
'ZhangLS.Spec.lemma32_actual_prime_repeated_quartic_permutation_bound' depends on axioms: [propext,
 Classical.choice,
 Quot.sound]
'ZhangLS.Spec.lemma32_quartic_cubic_substitution' depends on axioms: [propext, Classical.choice, Quot.sound]
'ZhangLS.Spec.lemma32_quadratic_quartic_cubic_point_identity' depends on axioms: [propext, Classical.choice, Quot.sound]
'ZhangLS.Spec.lemma32_quadratic_quartic_cubic_punctured_sum' depends on axioms: [propext, Classical.choice, Quot.sound]
'ZhangLS.Spec.lemma32_quadratic_quartic_cubic_sum_identity' depends on axioms: [propext, Classical.choice, Quot.sound]
'ZhangLS.Spec.lemma32_monic_cubic_normalization' depends on axioms: [propext, Quot.sound]
'ZhangLS.Spec.lemma32_quadratic_monic_cubic_point_identity' depends on axioms: [propext, Classical.choice, Quot.sound]
'ZhangLS.Spec.lemma32_quadratic_normalized_cubic_sum_identity' depends on axioms: [propext,
 Classical.choice,
 Quot.sound]
'ZhangLS.Spec.lemma32_quadratic_quartic_normalized_cubic_sum_identity' depends on axioms: [propext,
 Classical.choice,
 Quot.sound]
'ZhangLS.Spec.lemma32_normalized_cubic_root_factorization' depends on axioms: [propext, Quot.sound]
'ZhangLS.Spec.lemma32_quartic_Weierstrass_discriminant' depends on axioms: [propext, Quot.sound]
'ZhangLS.Spec.lemma32_cubic_leading_coefficient_nonzero' depends on axioms: [propext, Classical.choice, Quot.sound]
'ZhangLS.Spec.lemma32_quartic_Weierstrass_discriminant_nonzero' depends on axioms: [propext,
 Classical.choice,
 Quot.sound]
'ZhangLS.Spec.lemma32_quartic_Weierstrass_isElliptic' depends on axioms: [propext, Classical.choice, Quot.sound]
'ZhangLS.Spec.lemma32_mulchar_eq_of_unit_generator' depends on axioms: [propext, Classical.choice, Quot.sound]
'ZhangLS.Spec.lemma32_nontrivial_quadratic_unit_generator_value' depends on axioms: [propext,
 Classical.choice,
 Quot.sound]
'ZhangLS.Spec.lemma32_nontrivial_quadratic_character_unique' depends on axioms: [propext, Classical.choice, Quot.sound]
'ZhangLS.Spec.lemma32_nontrivial_quadratic_character_eq_canonical' depends on axioms: [propext,
 Classical.choice,
 Quot.sound]
'ZhangLS.Spec.lemma32_nontrivial_quadratic_character_canonical_value' depends on axioms: [propext,
 Classical.choice,
 Quot.sound]
'ZhangLS.Spec.lemma32_affine_solution_card_fibers' depends on axioms: [propext, Classical.choice, Quot.sound]
'ZhangLS.Spec.lemma32_quadratic_square_root_count' depends on axioms: [propext, Classical.choice, Quot.sound]
'ZhangLS.Spec.lemma32_actual_affine_card_character_sum' depends on axioms: [propext, Classical.choice, Quot.sound]
'ZhangLS.Spec.lemma32_quartic_character_sum_affine_card' depends on axioms: [propext, Classical.choice, Quot.sound]
'ZhangLS.Spec.lemma32_quartic_curve_affine_equation' depends on axioms: [propext, Classical.choice, Quot.sound]
'ZhangLS.Spec.lemma32_quartic_curve_affine_solution_finset' depends on axioms: [propext, Classical.choice, Quot.sound]
'ZhangLS.Spec.lemma32_quartic_character_sum_Weierstrass_affine_card' depends on axioms: [propext,
 Classical.choice,
 Quot.sound]
'ZhangLS.Spec.lemma32_Weierstrass_point_card_affine' depends on axioms: [propext, Classical.choice, Quot.sound]
'ZhangLS.Spec.lemma32_quartic_character_sum_actual_curve_points' depends on axioms: [propext,
 Classical.choice,
 Quot.sound]
'ZhangLS.Spec.lemma32_actual_prime_quartic_point_count' depends on axioms: [propext, Classical.choice, Quot.sound]
'ZhangLS.Spec.lemma32_actual_prime_quartic_correlation_point_count' depends on axioms: [propext,
 Classical.choice,
 Quot.sound]
'ZhangLS.Spec.lemma32_actual_coefficient_nonneg' depends on axioms: [propext, Classical.choice, Quot.sound]
'ZhangLS.Spec.lemma32_tau_two_prime_power' depends on axioms: [propext, Classical.choice, Quot.sound]
'ZhangLS.Spec.lemma32_actual_coefficient_prime_power_of_one' depends on axioms: [propext, Classical.choice, Quot.sound]
'ZhangLS.Spec.lemma32_actual_coefficient_prime_power_of_zero' depends on axioms: [propext, Classical.choice, Quot.sound]
'ZhangLS.Spec.lemma32_actual_coefficient_prime_power_of_neg_one' depends on axioms: [propext,
 Classical.choice,
 Quot.sound]
'ZhangLS.Spec.lemma32_actual_coefficient_one' depends on axioms: [propext, Classical.choice, Quot.sound]
'ZhangLS.Spec.lemma32_rising_choose_two' depends on axioms: [propext, Classical.choice, Quot.sound]
'ZhangLS.Spec.lemma32_rising_choose_three' depends on axioms: [propext, Classical.choice, Quot.sound]
'ZhangLS.Spec.lemma32_rising_choose_four' depends on axioms: [propext, Classical.choice, Quot.sound]
'ZhangLS.Spec.lemma32_fourth_power_choose' depends on axioms: [propext, Classical.choice, Quot.sound]
'ZhangLS.Spec.lemma32_fourth_geometric_hasSum' depends on axioms: [propext, Classical.choice, Quot.sound]
'ZhangLS.Spec.lemma32_actual_coefficient_mul' depends on axioms: [propext, Classical.choice, Quot.sound]
'ZhangLS.Spec.lemma32_square_geometric_hasSum' depends on axioms: [propext, Classical.choice, Quot.sound]
'ZhangLS.Spec.lemma32_even_square_geometric_hasSum' depends on axioms: [propext, Classical.choice, Quot.sound]
'ZhangLS.Spec.lemma32_actual_local_series_of_one' depends on axioms: [propext, Classical.choice, Quot.sound]
'ZhangLS.Spec.lemma32_actual_local_series_of_zero' depends on axioms: [propext, Classical.choice, Quot.sound]
'ZhangLS.Spec.lemma32_actual_even_local_series_of_neg_one' depends on axioms: [propext, Classical.choice, Quot.sound]
'ZhangLS.Spec.lemma32_actual_local_series_of_neg_one' depends on axioms: [propext, Classical.choice, Quot.sound]
'ZhangLS.Spec.lemma32_local_correction_of_one' depends on axioms: [propext, Classical.choice, Quot.sound]
'ZhangLS.Spec.lemma32_local_correction_of_zero' depends on axioms: [propext, Classical.choice, Quot.sound]
'ZhangLS.Spec.lemma32_local_correction_of_neg_one' depends on axioms: [propext, Classical.choice, Quot.sound]
'ZhangLS.Spec.lemma32_bounded_polynomial_norm' depends on axioms: [propext, Classical.choice, Quot.sound]
'ZhangLS.Spec.lemma32_plus_factor_remainder' depends on axioms: [propext, Classical.choice, Quot.sound]
'ZhangLS.Spec.lemma32_minus_factor_remainder' depends on axioms: [propext, Classical.choice, Quot.sound]
'ZhangLS.Spec.lemma32_plus_factor_norm_sub_one' depends on axioms: [propext, Classical.choice, Quot.sound]
'ZhangLS.Spec.lemma32_minus_factor_norm_sub_one' depends on axioms: [propext, Classical.choice, Quot.sound]
'ZhangLS.Spec.lemma32_actual_local_correction_norm_sub_one' depends on axioms: [propext, Classical.choice, Quot.sound]
'ZhangLS.Spec.lemma32_character_prime_cases_of_not_dvd' depends on axioms: [propext, Classical.choice, Quot.sound]
'ZhangLS.Spec.lemma32_local_correction_norm_of_not_dvd' depends on axioms: [propext, Classical.choice, Quot.sound]
'ZhangLS.Spec.lemma32_zero_factor_norm' depends on axioms: [propext, Classical.choice, Quot.sound]
'ZhangLS.Spec.lemma32_local_correction_norm_of_dvd' depends on axioms: [propext, Classical.choice, Quot.sound]
'ZhangLS.Spec.lemma32_zero_correction_factorization' depends on axioms: [propext, Classical.choice, Quot.sound]
'ZhangLS.Spec.lemma32_actual_correction_regular_factorization' depends on axioms: [propext,
 Classical.choice,
 Quot.sound]
'ZhangLS.Spec.lemma32_regular_local_norm_sub_one' depends on axioms: [propext, Classical.choice, Quot.sound]
'ZhangLS.Spec.lemma32_regular_local_differentiable' depends on axioms: [propext, Classical.choice, Quot.sound]
'ZhangLS.Spec.lemma32_regular_local_at_zero' depends on axioms: [propext, Classical.choice, Quot.sound]
'ZhangLS.Spec.lemma32_prime_monomial_norm' depends on axioms: [propext, Classical.choice, Quot.sound]
'ZhangLS.Spec.lemma32_prime_monomial_norm_square' depends on axioms: [propext, Classical.choice, Quot.sound]
'ZhangLS.Spec.lemma32_prime_monomial_norm_lt_one' depends on axioms: [propext, Classical.choice, Quot.sound]
'ZhangLS.Spec.lemma32_regular_prime_errors_summable' depends on axioms: [propext, Classical.choice, Quot.sound]
'ZhangLS.Spec.lemma32_regular_euler_product_multipliable' depends on axioms: [propext, Classical.choice, Quot.sound]
'ZhangLS.Spec.lemma32_regular_prime_error_uniform' depends on axioms: [propext, Classical.choice, Quot.sound]
'ZhangLS.Spec.lemma32_regular_finite_product_bound' depends on axioms: [propext, Classical.choice, Quot.sound]
'ZhangLS.Spec.lemma32_regular_euler_product_bound' depends on axioms: [propext, Classical.choice, Quot.sound]
'ZhangLS.Spec.lemma32_regular_product_bound_pos' depends on axioms: [propext, Classical.choice, Quot.sound]
'ZhangLS.Spec.lemma32_regular_finite_product_difference' depends on axioms: [propext, Classical.choice, Quot.sound]
'ZhangLS.Spec.lemma32_regular_products_uniform_cauchy' depends on axioms: [propext, Classical.choice, Quot.sound]
'ZhangLS.Spec.lemma32_regular_products_uniform_limit' depends on axioms: [propext, Classical.choice, Quot.sound]
'ZhangLS.Spec.lemma32_prime_monomial_differentiable' depends on axioms: [propext, Classical.choice, Quot.sound]
'ZhangLS.Spec.lemma32_regular_finite_product_differentiable' depends on axioms: [propext, Classical.choice, Quot.sound]
'ZhangLS.Spec.lemma32_regular_products_locally_uniform' depends on axioms: [propext, Classical.choice, Quot.sound]
'ZhangLS.Spec.lemma32_regular_euler_product_differentiableOn' depends on axioms: [propext, Classical.choice, Quot.sound]
'ZhangLS.Spec.lemma32_regular_euler_product_analyticOnNhd' depends on axioms: [propext, Classical.choice, Quot.sound]
'ZhangLS.Spec.lemma32_one_sub_norm_le_one' depends on axioms: [propext, Classical.choice, Quot.sound]
'ZhangLS.Spec.lemma32_prime_monomial_re' depends on axioms: [propext, Classical.choice, Quot.sound]
'ZhangLS.Spec.lemma32_cos_lower_of_abs_le_one' depends on axioms: [propext, Classical.choice, Quot.sound]
'ZhangLS.Spec.lemma32_ramified_prime_factor_norm' depends on axioms: [propext, Classical.choice, Quot.sound]
'ZhangLS.Spec.lemma32_ramification_factor_differentiable' depends on axioms: [propext, Classical.choice, Quot.sound]
'ZhangLS.Spec.lemma32_analytic_correction_analyticOnNhd' depends on axioms: [propext, Classical.choice, Quot.sound]
'ZhangLS.Spec.lemma32_ramification_factor_norm' depends on axioms: [propext, Classical.choice, Quot.sound]
'ZhangLS.Spec.lemma32_analytic_correction_sector_bound' depends on axioms: [propext, Classical.choice, Quot.sound]
'ZhangLS.Spec.lemma32_negative_power_small' depends on axioms: [propext, Classical.choice, Quot.sound]
'ZhangLS.Spec.lemma32_residue_disk_parameters' depends on axioms: [propext, Classical.choice, Quot.sound]
'ZhangLS.Spec.lemma32_analytic_correction_residue_disk_bound' depends on axioms: [propext, Classical.choice, Quot.sound]
'ZhangLS.Spec.lemma32_actual_first_derivative_bound' depends on axioms: [propext, Classical.choice, Quot.sound]
'ZhangLS.Spec.lemma32_actual_L_difference_near_one' depends on axioms: [propext, Classical.choice, Quot.sound]
'ZhangLS.Spec.lemma32_actual_value_at_one_small' depends on axioms: [propext, Classical.choice, Quot.sound]
'ZhangLS.Spec.lemma32_circle_small_value_scale_identity' depends on axioms: [propext, Classical.choice, Quot.sound]
'ZhangLS.Spec.lemma32_actual_L_residue_disk_small' depends on axioms: [propext, Classical.choice, Quot.sound]
'ZhangLS.Spec.lemma32_zeta_pole_removed_local_bound' depends on axioms: [propext, Classical.choice, Quot.sound]
'ZhangLS.Spec.lemma32_actual_zeta_local_pole_bound' depends on axioms: [propext, Classical.choice, Quot.sound]
'ZhangLS.Spec.lemma32_actual_zeta_L_residue_circle_bound' depends on axioms: [propext, Classical.choice, Quot.sound]
'ZhangLS.Spec.lemma32_exists_gamma_local_bound' depends on axioms: [propext, Classical.choice, Quot.sound]
'ZhangLS.Spec.lemma32_gamma_local_bound_pos' depends on axioms: [propext, Classical.choice, Quot.sound]
'ZhangLS.Spec.lemma32_gamma_local_bound' depends on axioms: [propext, Classical.choice, Quot.sound]
'ZhangLS.Spec.lemma32_regularized_gamma_local_bound' depends on axioms: [propext, Classical.choice, Quot.sound]
'ZhangLS.Spec.lemma32_smoothing_difference_local_bound' depends on axioms: [propext, Classical.choice, Quot.sound]
'ZhangLS.Spec.lemma32_smoothing_gamma_local_bound' depends on axioms: [propext, Classical.choice, Quot.sound]
'ZhangLS.Spec.lemma32_circle_constant_pos' depends on axioms: [propext, Classical.choice, Quot.sound]
'ZhangLS.Spec.lemma32_circle_integrand_bound' depends on axioms: [propext, Classical.choice, Quot.sound]
'ZhangLS.Spec.lemma32_residue_circle_scale_identity' depends on axioms: [propext, Classical.choice, Quot.sound]
'ZhangLS.Spec.lemma32_actual_normalized_circle_integral_bound' depends on axioms: [propext,
 Classical.choice,
 Quot.sound]
'ZhangLS.Spec.lemma32_modulus_cpow_eq_exp' depends on axioms: [propext, Classical.choice, Quot.sound]
'ZhangLS.Spec.lemma32_original_smoothing_difference' depends on axioms: [propext, Classical.choice, Quot.sound]
'ZhangLS.Spec.lemma32_original_normalized_circle_integral_bound' depends on axioms: [propext,
 Classical.choice,
 Quot.sound]
'ZhangLS.Spec.lemma32_multichoose_2_square_le_4' depends on axioms: [propext, Classical.choice, Quot.sound]
'ZhangLS.Spec.lemma32_multichoose_4_square_le_16' depends on axioms: [propext, Classical.choice, Quot.sound]
'ZhangLS.Spec.lemma32_tau2_square_le_tau4' depends on axioms: [propext, Classical.choice, Quot.sound]
'ZhangLS.Spec.lemma32_tau4_square_le_tau16' depends on axioms: [propext, Classical.choice, Quot.sound]
'ZhangLS.Spec.lemma32_tau_two_eq_card_divisors' depends on axioms: [propext, Classical.choice, Quot.sound]
'ZhangLS.Spec.lemma32_actual_coefficient_le_tau_sixteen' depends on axioms: [propext, Classical.choice, Quot.sound]
'ZhangLS.Spec.lemma32_tau_lseries_summable' depends on axioms: [propext, Classical.choice, Quot.sound]
'ZhangLS.Spec.lemma32_actual_weighted_lseries_summable' depends on axioms: [propext, Classical.choice, Quot.sound]
'ZhangLS.Spec.lemma32_actual_weighted_norm_terms_summable' depends on axioms: [propext, Classical.choice, Quot.sound]
'ZhangLS.Spec.lemma32_weighted_term_at_one' depends on axioms: [propext, Classical.choice, Quot.sound]
'ZhangLS.Spec.lemma32_weighted_term_mul' depends on axioms: [propext, Classical.choice, Quot.sound]
'ZhangLS.Spec.lemma32_actual_weighted_euler_hasProd' depends on axioms: [propext, Classical.choice, Quot.sound]
'ZhangLS.Spec.lemma32_actual_weighted_euler_product' depends on axioms: [propext, Classical.choice, Quot.sound]
'ZhangLS.Spec.lemma32_prime_monomial_eq_cpow' depends on axioms: [propext, Classical.choice, Quot.sound]
'ZhangLS.Spec.lemma32_weighted_prime_power_term' depends on axioms: [propext, Classical.choice, Quot.sound]
'ZhangLS.Spec.lemma32_weighted_local_correction_identity' depends on axioms: [propext, Classical.choice, Quot.sound]
'ZhangLS.Spec.lemma32_finite_ramification_prime_product' depends on axioms: [propext, Classical.choice, Quot.sound]
'ZhangLS.Spec.lemma32_ramification_prime_factors_hasProd' depends on axioms: [propext, Classical.choice, Quot.sound]
'ZhangLS.Spec.lemma32_actual_local_corrections_hasProd' depends on axioms: [propext, Classical.choice, Quot.sound]
'ZhangLS.Spec.lemma32_actual_zeta_monomial_euler_hasProd' depends on axioms: [propext, Classical.choice, Quot.sound]
'ZhangLS.Spec.lemma32_actual_L_monomial_euler_hasProd' depends on axioms: [propext, Classical.choice, Quot.sound]
'ZhangLS.Spec.lemma32_actual_weighted_series_identity' depends on axioms: [propext, Classical.choice, Quot.sound]
'ZhangLS.Spec.lemma32_circle_integrand_differentiableAt' depends on axioms: [propext, Classical.choice, Quot.sound]
'ZhangLS.Spec.lemma32_actual_circle_integrable' depends on axioms: [propext, Classical.choice, Quot.sound]
'ZhangLS.Spec.lemma32_gamma_one_vertical_bound' depends on axioms: [propext, Classical.choice, Quot.sound]
'ZhangLS.Spec.lemma32_gamma_one_vertical_integrable' depends on axioms: [propext, Classical.choice, Quot.sound]
'ZhangLS.Spec.lemma32_exponential_mellin_eq_Gamma' depends on axioms: [propext, Classical.choice, Quot.sound]
'ZhangLS.Spec.lemma32_exponential_mellin_convergent' depends on axioms: [propext, Classical.choice, Quot.sound]
'ZhangLS.Spec.lemma32_actual_Gamma_mellin_inversion' depends on axioms: [propext, Classical.choice, Quot.sound]
'ZhangLS.Spec.lemma32_Gamma_mellin_term_norm' depends on axioms: [propext, Classical.choice, Quot.sound]
'ZhangLS.Spec.lemma32_Gamma_mellin_term_integrable' depends on axioms: [propext, Classical.choice, Quot.sound]
'ZhangLS.Spec.lemma32_Gamma_mellin_term_integral_norm_summable' depends on axioms: [propext,
 Classical.choice,
 Quot.sound]
'ZhangLS.Spec.lemma32_Gamma_mellin_term_eq_kernel' depends on axioms: [propext, Classical.choice, Quot.sound]
'ZhangLS.Spec.lemma32_Gamma_mellin_term_normalized_integral' depends on axioms: [propext, Classical.choice, Quot.sound]
'ZhangLS.Spec.lemma32_Gamma_mellin_tsum_integrable' depends on axioms: [propext, Classical.choice, Quot.sound]
'ZhangLS.Spec.lemma32_full_series_gamma_mellin' depends on axioms: [propext, Classical.choice, Quot.sound]
'ZhangLS.Spec.lemma32_actual_right_Gamma_integrand_eq_tsum' depends on axioms: [propext, Classical.choice, Quot.sound]
'ZhangLS.Spec.lemma32_actual_right_Gamma_integrand_integrable' depends on axioms: [propext,
 Classical.choice,
 Quot.sound]
'ZhangLS.Spec.lemma32_actual_smoothed_weighted_summable' depends on axioms: [propext, Classical.choice, Quot.sound]
'ZhangLS.Spec.lemma32_actual_full_Gamma_mellin' depends on axioms: [propext, Classical.choice, Quot.sound]
'ZhangLS.Spec.lemma32_actual_original_right_Gamma_difference' depends on axioms: [propext, Classical.choice, Quot.sound]
'ZhangLS.Spec.lemma32_actual_original_right_Gamma_integrable' depends on axioms: [propext, Classical.choice, Quot.sound]
'ZhangLS.Spec.lemma32_actual_original_Gamma_mellin_difference' depends on axioms: [propext,
 Classical.choice,
 Quot.sound]
'ZhangLS.Spec.lemma32_actual_smoothed_difference_series' depends on axioms: [propext, Classical.choice, Quot.sound]
'ZhangLS.Spec.lemma32_actual_weighted_term_one_real' depends on axioms: [propext, Classical.choice, Quot.sound]
'ZhangLS.Spec.lemma32_actual_real_smoothed_terms_summable' depends on axioms: [propext, Classical.choice, Quot.sound]
'ZhangLS.Spec.lemma32_actual_smoothed_difference_real_series' depends on axioms: [propext, Classical.choice, Quot.sound]
'ZhangLS.Spec.lemma32_actual_real_smoothed_term_nonneg' depends on axioms: [propext, Classical.choice, Quot.sound]
'ZhangLS.Spec.lemma32_actual_real_smoothed_difference_nonneg' depends on axioms: [propext, Classical.choice, Quot.sound]
'ZhangLS.Spec.lemma32_smoothing_window_lower_bound_pos' depends on axioms: [propext, Classical.choice, Quot.sound]
'ZhangLS.Spec.lemma32_exponential_smoothing_window_lower' depends on axioms: [propext, Classical.choice, Quot.sound]
'ZhangLS.Spec.lemma32_actual_smoothing_weight_window_lower' depends on axioms: [propext, Classical.choice, Quot.sound]
'ZhangLS.Spec.lemma32_actual_weighted_tail_le_smoothed' depends on axioms: [propext, Classical.choice, Quot.sound]
'ZhangLS.Spec.lemma32_zeta_pole_removed_differentiableAt' depends on axioms: [propext, Classical.choice, Quot.sound]
'ZhangLS.Spec.lemma32_smoothing_difference_differentiable' depends on axioms: [propext, Classical.choice, Quot.sound]
'ZhangLS.Spec.lemma32_smoothing_dslope_differentiable' depends on axioms: [propext, Classical.choice, Quot.sound]
'ZhangLS.Spec.lemma32_regular_numerator_differentiableAt' depends on axioms: [propext, Classical.choice, Quot.sound]
'ZhangLS.Spec.lemma32_regular_numerator_analyticOnNhd' depends on axioms: [propext, Classical.choice, Quot.sound]
'ZhangLS.Spec.lemma32_regular_numerator_eq' depends on axioms: [propext, Classical.choice, Quot.sound]
'ZhangLS.Spec.lemma32_regular_numerator_differentiableOn_ball' depends on axioms: [propext,
 Classical.choice,
 Quot.sound]
'ZhangLS.Spec.lemma32_actual_circle_integral_eq_residue' depends on axioms: [propext, Classical.choice, Quot.sound]
'ZhangLS.Spec.lemma32_actual_original_circle_integral_eq_residue' depends on axioms: [propext,
 Classical.choice,
 Quot.sound]
'ZhangLS.Spec.lemma32_actual_residue_bound' depends on axioms: [propext, Classical.choice, Quot.sound]
'ZhangLS.Spec.lemma32_divided_remainder_differentiableOn' depends on axioms: [propext, Classical.choice, Quot.sound]
'ZhangLS.Spec.lemma32_divided_remainder_analyticOnNhd' depends on axioms: [propext, Classical.choice, Quot.sound]
'ZhangLS.Spec.lemma32_divided_remainder_recurrence' depends on axioms: [propext, Classical.choice, Quot.sound]
'ZhangLS.Spec.lemma32_regular_numerator_finite_expansion' depends on axioms: [propext, Classical.choice, Quot.sound]
'ZhangLS.Spec.lemma32_actual_integrand_principal_decomposition' depends on axioms: [propext,
 Classical.choice,
 Quot.sound]
'ZhangLS.Spec.lemma32_actual_regular_remainder_rectangle_zero' depends on axioms: [propext,
 Classical.choice,
 Quot.sound]
'ZhangLS.Spec.lemma32_divided_remainder_power_series' depends on axioms: [propext, Classical.choice, Quot.sound]
'ZhangLS.Spec.lemma32_divided_remainder_coefficient' depends on axioms: [propext, Classical.choice, Quot.sound]
'ZhangLS.Spec.lemma32_actual_residue_eq_divided_remainder' depends on axioms: [propext, Classical.choice, Quot.sound]
'ZhangLS.Spec.lemma32_laurent_primitive_hasDerivAt' depends on axioms: [propext, Classical.choice, Quot.sound]
'ZhangLS.Spec.lemma32_horizontal_zpow_integral' depends on axioms: [propext, Classical.choice, Quot.sound]
'ZhangLS.Spec.lemma32_vertical_zpow_integral' depends on axioms: [propext, Classical.choice, Quot.sound]
'ZhangLS.Spec.lemma32_rectangle_zpow_zero' depends on axioms: [propext, Classical.choice, Quot.sound]
'ZhangLS.Spec.lemma32_rectangle_inverse_winding' depends on axioms: [propext, Classical.choice, Quot.sound]
'ZhangLS.Spec.lemma32_rectangle_laurent_kernel' depends on axioms: [propext, Classical.choice, Quot.sound]
'ZhangLS.Spec.lemma32_boundary_integrable_punctured' depends on axioms: [propext, Classical.choice, Quot.sound]
'ZhangLS.Spec.lemma32_boundary_integral_add' depends on axioms: [propext, Classical.choice, Quot.sound]
'ZhangLS.Spec.lemma32_boundary_integral_const_mul' depends on axioms: [propext, Classical.choice, Quot.sound]
'ZhangLS.Spec.lemma32_boundary_integral_sum' depends on axioms: [propext, Classical.choice, Quot.sound]
'ZhangLS.Spec.lemma32_laurent_kernel_continuousOn' depends on axioms: [propext, Classical.choice, Quot.sound]
'ZhangLS.Spec.lemma32_principal_part_boundary_integrable' depends on axioms: [propext, Classical.choice, Quot.sound]
'ZhangLS.Spec.lemma32_actual_principal_boundary_residue' depends on axioms: [propext, Classical.choice, Quot.sound]
'ZhangLS.Spec.lemma32_boundary_integrable_halfplane' depends on axioms: [propext, Classical.choice, Quot.sound]
'ZhangLS.Spec.lemma32_actual_finite_rectangle_residue' depends on axioms: [propext, Classical.choice, Quot.sound]
'ZhangLS.Spec.lemma32_mellin_normalizing_factor' depends on axioms: [propext, Classical.choice, Quot.sound]
'ZhangLS.Spec.lemma32_actual_normalized_finite_shift' depends on axioms: [propext, Classical.choice, Quot.sound]
'ZhangLS.Spec.lemma32_gamma_shift_product' depends on axioms: [propext, Classical.choice, Quot.sound]
'ZhangLS.Spec.lemma32_gamma_shift_norm_lower' depends on axioms: [propext, Classical.choice, Quot.sound]
'ZhangLS.Spec.lemma32_gamma_strip_polynomial_decay' depends on axioms: [propext, Classical.choice, Quot.sound]
'ZhangLS.Spec.lemma32_ramification_global_bound' depends on axioms: [propext, Classical.choice, Quot.sound]
'ZhangLS.Spec.lemma32_analytic_correction_global_growth' depends on axioms: [propext, Classical.choice, Quot.sound]
'ZhangLS.Spec.lemma32_positive_strip_high_norm' depends on axioms: [propext, Classical.choice, Quot.sound]
'ZhangLS.Spec.lemma32_actual_zeta_strip_high_growth' depends on axioms: [propext, Classical.choice, Quot.sound]
'ZhangLS.Spec.lemma32_actual_L_strip_high_growth' depends on axioms: [propext, Classical.choice, Quot.sound]
'ZhangLS.Spec.lemma32_actual_zeta_L_strip_high_growth' depends on axioms: [propext, Classical.choice, Quot.sound]
'ZhangLS.Spec.lemma32_smoothing_strip_growth' depends on axioms: [propext, Classical.choice, Quot.sound]
'ZhangLS.Spec.lemma32_global_height_constant_pos' depends on axioms: [propext, Classical.choice, Quot.sound]
'ZhangLS.Spec.lemma32_actual_integrand_height_decay' depends on axioms: [propext, Classical.choice, Quot.sound]
'ZhangLS.Spec.lemma32_actual_integrand_eq_regular_div' depends on axioms: [propext, Classical.choice, Quot.sound]
'ZhangLS.Spec.lemma32_actual_integrand_differentiableAt_global' depends on axioms: [propext,
 Classical.choice,
 Quot.sound]
'ZhangLS.Spec.lemma32_actual_vertical_continuous' depends on axioms: [propext, Classical.choice, Quot.sound]
'ZhangLS.Spec.lemma32_integrable_of_quartic_decay' depends on axioms: [propext, Classical.choice, Quot.sound]
'ZhangLS.Spec.lemma32_actual_left_vertical_integrable' depends on axioms: [propext, Classical.choice, Quot.sound]
'ZhangLS.Spec.lemma32_actual_horizontal_integral_bound' depends on axioms: [propext, Classical.choice, Quot.sound]
'ZhangLS.Spec.lemma32_tendsto_zero_of_quartic_norm_bound' depends on axioms: [propext, Classical.choice, Quot.sound]
'ZhangLS.Spec.lemma32_actual_upper_horizontal_decay' depends on axioms: [propext, Classical.choice, Quot.sound]
'ZhangLS.Spec.lemma32_actual_lower_horizontal_decay' depends on axioms: [propext, Classical.choice, Quot.sound]
'ZhangLS.Spec.lemma32_actual_infinite_contour_shift' depends on axioms: [propext, Classical.choice, Quot.sound]
'ZhangLS.Spec.lemma32_actual_smoothed_difference_eq_residue_add_left' depends on axioms: [propext,
 Classical.choice,
 Quot.sound]
'ZhangLS.Spec.lemma32_actual_original_tail_reduction' depends on axioms: [propext, Classical.choice, Quot.sound]
'ZhangLS.Spec.lemma32_ramified_prime_small_bound' depends on axioms: [propext, Classical.choice, Quot.sound]
'ZhangLS.Spec.lemma32_large_prime_monomial_small' depends on axioms: [propext, Classical.choice, Quot.sound]
'ZhangLS.Spec.lemma32_ramified_large_prime_saving' depends on axioms: [propext, Classical.choice, Quot.sound]
'ZhangLS.Spec.lemma32_ramification_saving_constant_pos' depends on axioms: [propext, Classical.choice, Quot.sound]
'ZhangLS.Spec.lemma32_prime_factors_log_sum_bound' depends on axioms: [propext, Classical.choice, Quot.sound]
'ZhangLS.Spec.lemma32_ramification_small_prime_count' depends on axioms: [propext, Classical.choice, Quot.sound]
'ZhangLS.Spec.lemma32_ramification_uniform_power_saving' depends on axioms: [propext, Classical.choice, Quot.sound]
'ZhangLS.Spec.lemma32_analytic_correction_uniform_power_saving' depends on axioms: [propext,
 Classical.choice,
 Quot.sound]
'ZhangLS.Spec.lemma32_square_quarter_power' depends on axioms: [propext, Classical.choice, Quot.sound]
'ZhangLS.Spec.lemma32_square_negative_quarter_power' depends on axioms: [propext, Classical.choice, Quot.sound]
'ZhangLS.Spec.lemma32_small_quarter_power_integral' depends on axioms: [propext, Classical.choice, Quot.sound]
'ZhangLS.Spec.lemma32_large_quarter_power_integral' depends on axioms: [propext, Classical.choice, Quot.sound]
'ZhangLS.Spec.lemma32_actual_partial_sum_square_root_majorant' depends on axioms: [propext,
 Classical.choice,
 Quot.sound]
'ZhangLS.Spec.lemma32_actual_abel_small_majorant' depends on axioms: [propext, Classical.choice, Quot.sound]
'ZhangLS.Spec.lemma32_actual_abel_large_majorant' depends on axioms: [propext, Classical.choice, Quot.sound]
'ZhangLS.Spec.lemma32_actual_abel_square_root_partial_sum_bound' depends on axioms: [propext,
 Classical.choice,
 Quot.sound]
'ZhangLS.Spec.lemma32_actual_L_bound_of_square_root_partial_sums' depends on axioms: [propext,
 Classical.choice,
 Quot.sound]
'ZhangLS.Spec.lemma32_burgess_scale_half_power' depends on axioms: [propext, Classical.choice, Quot.sound]
'ZhangLS.Spec.lemma32_actual_L_bound_of_burgess_partial_sums' depends on axioms: [propext, Classical.choice, Quot.sound]
'ZhangLS.Spec.lemma32_left_line_Gamma_continuous' depends on axioms: [propext, Classical.choice, Quot.sound]
'ZhangLS.Spec.lemma32_left_line_zeta_continuous' depends on axioms: [propext, Classical.choice, Quot.sound]
'ZhangLS.Spec.lemma32_left_kernel_continuous' depends on axioms: [propext, Classical.choice, Quot.sound]
'ZhangLS.Spec.lemma32_left_kernel_nonneg' depends on axioms: [propext, Classical.choice, Quot.sound]
'ZhangLS.Spec.lemma32_left_kernel_high_bound' depends on axioms: [propext, Classical.choice, Quot.sound]
'ZhangLS.Spec.lemma32_left_kernel_integrable' depends on axioms: [propext, Classical.choice, Quot.sound]
'ZhangLS.Spec.lemma32_left_kernel_constant_pos' depends on axioms: [propext, Classical.choice, Quot.sound]
'ZhangLS.Spec.lemma32_left_kernel_integral_le' depends on axioms: [propext, Classical.choice, Quot.sound]
'ZhangLS.Spec.lemma32_smoothing_left_line_bound' depends on axioms: [propext, Classical.choice, Quot.sound]
'ZhangLS.Spec.lemma32_half_power_eighth' depends on axioms: [propext, Classical.choice, Quot.sound]
'ZhangLS.Spec.lemma32_actual_left_integrand_bound_of_partial_sums' depends on axioms: [propext,
 Classical.choice,
 Quot.sound]
'ZhangLS.Spec.lemma32_left_error_constant_pos' depends on axioms: [propext, Classical.choice, Quot.sound]
'ZhangLS.Spec.lemma32_actual_left_integral_bound_of_partial_sums' depends on axioms: [propext,
 Classical.choice,
 Quot.sound]
'ZhangLS.Spec.lemma32_burgess_scale_fourth_decay' depends on axioms: [propext, Classical.choice, Quot.sound]
'ZhangLS.Spec.lemma32_actual_left_integral_bound_of_burgess_partial_sums' depends on axioms: [propext,
 Classical.choice,
 Quot.sound]
'ZhangLS.Spec.lemma32_left_error_absorption_threshold' depends on axioms: [propext, Classical.choice, Quot.sound]
'ZhangLS.Spec.lemma32_target_of_uniform_burgess_partial_sums' depends on axioms: [propext, Classical.choice, Quot.sound]
'ZhangLS.Spec.lemma32_real_complex_norm_fourth' depends on axioms: [propext, Classical.choice, Quot.sound]
'ZhangLS.Spec.lemma32_actual_quartic_character_product' depends on axioms: [propext, Classical.choice, Quot.sound]
'ZhangLS.Spec.lemma32_actual_burgess_fourth_moment_expansion' depends on axioms: [propext, Classical.choice, Quot.sound]
'ZhangLS.Spec.lemma32_quartic_pairing_image_card' depends on axioms: [propext, Classical.choice, Quot.sound]
'ZhangLS.Spec.lemma32_degenerate_quartic_tuples_card' depends on axioms: [propext, Classical.choice, Quot.sound]
'ZhangLS.Spec.lemma32_actual_quartic_correlation_abs_bound' depends on axioms: [propext, Classical.choice, Quot.sound]
'ZhangLS.Spec.lemma32_degenerate_fourth_moment_contribution_bound' depends on axioms: [propext,
 Classical.choice,
 Quot.sound]
'ZhangLS.Spec.lemma32_quadratic_character_value_square' depends on axioms: [propext, Classical.choice, Quot.sound]
'ZhangLS.Spec.lemma32_quadratic_character_inverse' depends on axioms: [propext, Classical.choice, Quot.sound]
'ZhangLS.Spec.lemma32_quadratic_two_linear_correlation' depends on axioms: [propext, Classical.choice, Quot.sound]
'ZhangLS.Spec.lemma32_quadratic_character_norm_le_one' depends on axioms: [propext, Classical.choice, Quot.sound]
'ZhangLS.Spec.lemma32_actual_prime_two_linear_correlation' depends on axioms: [propext, Classical.choice, Quot.sound]
'ZhangLS.Spec.lemma32_actual_prime_two_linear_real_correlation' depends on axioms: [propext,
 Classical.choice,
 Quot.sound]
'ZhangLS.Spec.lemma32_quadratic_repeated_root_correlation' depends on axioms: [propext, Classical.choice, Quot.sound]
'ZhangLS.Spec.lemma32_quadratic_repeated_root_correlation_norm' depends on axioms: [propext,
 Classical.choice,
 Quot.sound]
'ZhangLS.Spec.lemma32_mem_degenerate_iff_paired' depends on axioms: [propext, Classical.choice, Quot.sound]
'ZhangLS.Spec.lemma32_actual_prime_repeated_correlation_norm' depends on axioms: [propext, Classical.choice, Quot.sound]
'ZhangLS.Spec.lemma32_actual_prime_quartic_repeated_correlation' depends on axioms: [propext,
 Classical.choice,
 Quot.sound]
'ZhangLS.Spec.lemma32_actual_fourth_moment_decomposition' depends on axioms: [propext, Classical.choice, Quot.sound]
'ZhangLS.Spec.lemma32_actual_fourth_moment_remainder_bound' depends on axioms: [propext, Classical.choice, Quot.sound]
'ZhangLS.Spec.lemma32_nondegenerate_fourth_moment_nonneg' depends on axioms: [propext, Classical.choice, Quot.sound]
'ZhangLS.Spec.lemma32_quartic_correlation_permutation' depends on axioms: [propext, Classical.choice, Quot.sound]
'ZhangLS.Spec.lemma32_actual_prime_repeated_quartic_permutation_bound' depends on axioms: [propext,
 Classical.choice,
 Quot.sound]
'ZhangLS.Spec.lemma32_quartic_cubic_substitution' depends on axioms: [propext, Classical.choice, Quot.sound]
'ZhangLS.Spec.lemma32_quadratic_quartic_cubic_point_identity' depends on axioms: [propext, Classical.choice, Quot.sound]
'ZhangLS.Spec.lemma32_quadratic_quartic_cubic_punctured_sum' depends on axioms: [propext, Classical.choice, Quot.sound]
'ZhangLS.Spec.lemma32_quadratic_quartic_cubic_sum_identity' depends on axioms: [propext, Classical.choice, Quot.sound]
'ZhangLS.Spec.lemma32_monic_cubic_normalization' depends on axioms: [propext, Quot.sound]
'ZhangLS.Spec.lemma32_quadratic_monic_cubic_point_identity' depends on axioms: [propext, Classical.choice, Quot.sound]
'ZhangLS.Spec.lemma32_quadratic_normalized_cubic_sum_identity' depends on axioms: [propext,
 Classical.choice,
 Quot.sound]
'ZhangLS.Spec.lemma32_quadratic_quartic_normalized_cubic_sum_identity' depends on axioms: [propext,
 Classical.choice,
 Quot.sound]
'ZhangLS.Spec.lemma32_normalized_cubic_root_factorization' depends on axioms: [propext, Quot.sound]
'ZhangLS.Spec.lemma32_quartic_Weierstrass_discriminant' depends on axioms: [propext, Quot.sound]
'ZhangLS.Spec.lemma32_cubic_leading_coefficient_nonzero' depends on axioms: [propext, Classical.choice, Quot.sound]
'ZhangLS.Spec.lemma32_quartic_Weierstrass_discriminant_nonzero' depends on axioms: [propext,
 Classical.choice,
 Quot.sound]
'ZhangLS.Spec.lemma32_quartic_Weierstrass_isElliptic' depends on axioms: [propext, Classical.choice, Quot.sound]
'ZhangLS.Spec.lemma32_mulchar_eq_of_unit_generator' depends on axioms: [propext, Classical.choice, Quot.sound]
'ZhangLS.Spec.lemma32_nontrivial_quadratic_unit_generator_value' depends on axioms: [propext,
 Classical.choice,
 Quot.sound]
'ZhangLS.Spec.lemma32_nontrivial_quadratic_character_unique' depends on axioms: [propext, Classical.choice, Quot.sound]
'ZhangLS.Spec.lemma32_nontrivial_quadratic_character_eq_canonical' depends on axioms: [propext,
 Classical.choice,
 Quot.sound]
'ZhangLS.Spec.lemma32_nontrivial_quadratic_character_canonical_value' depends on axioms: [propext,
 Classical.choice,
 Quot.sound]
'ZhangLS.Spec.lemma32_affine_solution_card_fibers' depends on axioms: [propext, Classical.choice, Quot.sound]
'ZhangLS.Spec.lemma32_quadratic_square_root_count' depends on axioms: [propext, Classical.choice, Quot.sound]
'ZhangLS.Spec.lemma32_actual_affine_card_character_sum' depends on axioms: [propext, Classical.choice, Quot.sound]
'ZhangLS.Spec.lemma32_quartic_character_sum_affine_card' depends on axioms: [propext, Classical.choice, Quot.sound]
'ZhangLS.Spec.lemma32_quartic_curve_affine_equation' depends on axioms: [propext, Classical.choice, Quot.sound]
'ZhangLS.Spec.lemma32_quartic_curve_affine_solution_finset' depends on axioms: [propext, Classical.choice, Quot.sound]
'ZhangLS.Spec.lemma32_quartic_character_sum_Weierstrass_affine_card' depends on axioms: [propext,
 Classical.choice,
 Quot.sound]
'ZhangLS.Spec.lemma32_Weierstrass_point_card_affine' depends on axioms: [propext, Classical.choice, Quot.sound]
'ZhangLS.Spec.lemma32_quartic_character_sum_actual_curve_points' depends on axioms: [propext,
 Classical.choice,
 Quot.sound]
'ZhangLS.Spec.lemma32_actual_prime_quartic_point_count' depends on axioms: [propext, Classical.choice, Quot.sound]
'ZhangLS.Spec.lemma32_actual_prime_quartic_correlation_point_count' depends on axioms: [propext,
 Classical.choice,
 Quot.sound]
'ZhangLS.Spec.lemma32_nontrivial_quadratic_odd_characteristic' depends on axioms: [propext,
 Classical.choice,
 Quot.sound]
'ZhangLS.Spec.lemma32_field_two_nonzero_of_odd_characteristic' depends on axioms: [propext,
 Classical.choice,
 Quot.sound]
'ZhangLS.Spec.lemma32_actual_prime_odd_characteristic' depends on axioms: [propext, Classical.choice, Quot.sound]
'ZhangLS.Spec.lemma32_actual_prime_distinct_quartic_point_count' depends on axioms: [propext,
 Classical.choice,
 Quot.sound]
'ZhangLS.Spec.lemma32_four_distinct_roots_injective' depends on axioms: [propext, Classical.choice, Quot.sound]
'ZhangLS.Spec.lemma32_four_distinct_roots_field_card' depends on axioms: [propext, Classical.choice, Quot.sound]
'ZhangLS.Spec.lemma32_four_distinct_prime_roots_modulus_ge_five' depends on axioms: [propext,
 Classical.choice,
 Quot.sound]
'ZhangLS.Spec.lemma32_quadratic_unpaired_quartic_collision_bound' depends on axioms: [propext,
 Classical.choice,
 Quot.sound]
'ZhangLS.Spec.lemma32_short_residue_cast_injective' depends on axioms: [propext, Quot.sound]
'ZhangLS.Spec.lemma32_actual_prime_unpaired_collision_correlation' depends on axioms: [propext,
 Classical.choice,
 Quot.sound]
'ZhangLS.Spec.lemma32_quartic_noninjective_iff_collision' depends on axioms: [propext, Classical.choice, Quot.sound]
'ZhangLS.Spec.lemma32_collision_tuples_covered' depends on axioms: [propext, Classical.choice, Quot.sound]
'ZhangLS.Spec.lemma32_collision_quartic_tuple_card' depends on axioms: [propext, Classical.choice, Quot.sound]
'ZhangLS.Spec.lemma32_prime_collision_fourth_moment_bound' depends on axioms: [propext, Classical.choice, Quot.sound]
'ZhangLS.Spec.lemma32_nondegenerate_split_by_injectivity' depends on axioms: [propext, Classical.choice, Quot.sound]
'ZhangLS.Spec.lemma32_actual_prime_fourth_moment_distinct_reduction' depends on axioms: [propext,
 Classical.choice,
 Quot.sound]
'ZhangLS.Spec.lemma32_distinct_quartic_correlation_point_count' depends on axioms: [propext,
 Classical.choice,
 Quot.sound]
'ZhangLS.Spec.lemma32_distinct_fourth_moment_eq_actual_point_discrepancy' depends on axioms: [propext,
 Classical.choice,
 Quot.sound]
'ZhangLS.Spec.lemma32_actual_curve_points_finite' depends on axioms: [propext, Classical.choice, Quot.sound]
'ZhangLS.Spec.lemma32_actual_curve_fintype_card_eq_nat_card' depends on axioms: [propext, Classical.choice, Quot.sound]
'ZhangLS.Spec.lemma32_actual_coefficient_nonneg' depends on axioms: [propext, Classical.choice, Quot.sound]
'ZhangLS.Spec.lemma32_tau_two_prime_power' depends on axioms: [propext, Classical.choice, Quot.sound]
'ZhangLS.Spec.lemma32_actual_coefficient_prime_power_of_one' depends on axioms: [propext, Classical.choice, Quot.sound]
'ZhangLS.Spec.lemma32_actual_coefficient_prime_power_of_zero' depends on axioms: [propext, Classical.choice, Quot.sound]
'ZhangLS.Spec.lemma32_actual_coefficient_prime_power_of_neg_one' depends on axioms: [propext,
 Classical.choice,
 Quot.sound]
'ZhangLS.Spec.lemma32_actual_coefficient_one' depends on axioms: [propext, Classical.choice, Quot.sound]
'ZhangLS.Spec.lemma32_rising_choose_two' depends on axioms: [propext, Classical.choice, Quot.sound]
'ZhangLS.Spec.lemma32_rising_choose_three' depends on axioms: [propext, Classical.choice, Quot.sound]
'ZhangLS.Spec.lemma32_rising_choose_four' depends on axioms: [propext, Classical.choice, Quot.sound]
'ZhangLS.Spec.lemma32_fourth_power_choose' depends on axioms: [propext, Classical.choice, Quot.sound]
'ZhangLS.Spec.lemma32_fourth_geometric_hasSum' depends on axioms: [propext, Classical.choice, Quot.sound]
'ZhangLS.Spec.lemma32_actual_coefficient_mul' depends on axioms: [propext, Classical.choice, Quot.sound]
'ZhangLS.Spec.lemma32_square_geometric_hasSum' depends on axioms: [propext, Classical.choice, Quot.sound]
'ZhangLS.Spec.lemma32_even_square_geometric_hasSum' depends on axioms: [propext, Classical.choice, Quot.sound]
'ZhangLS.Spec.lemma32_actual_local_series_of_one' depends on axioms: [propext, Classical.choice, Quot.sound]
'ZhangLS.Spec.lemma32_actual_local_series_of_zero' depends on axioms: [propext, Classical.choice, Quot.sound]
'ZhangLS.Spec.lemma32_actual_even_local_series_of_neg_one' depends on axioms: [propext, Classical.choice, Quot.sound]
'ZhangLS.Spec.lemma32_actual_local_series_of_neg_one' depends on axioms: [propext, Classical.choice, Quot.sound]
'ZhangLS.Spec.lemma32_local_correction_of_one' depends on axioms: [propext, Classical.choice, Quot.sound]
'ZhangLS.Spec.lemma32_local_correction_of_zero' depends on axioms: [propext, Classical.choice, Quot.sound]
'ZhangLS.Spec.lemma32_local_correction_of_neg_one' depends on axioms: [propext, Classical.choice, Quot.sound]
'ZhangLS.Spec.lemma32_bounded_polynomial_norm' depends on axioms: [propext, Classical.choice, Quot.sound]
'ZhangLS.Spec.lemma32_plus_factor_remainder' depends on axioms: [propext, Classical.choice, Quot.sound]
'ZhangLS.Spec.lemma32_minus_factor_remainder' depends on axioms: [propext, Classical.choice, Quot.sound]
'ZhangLS.Spec.lemma32_plus_factor_norm_sub_one' depends on axioms: [propext, Classical.choice, Quot.sound]
'ZhangLS.Spec.lemma32_minus_factor_norm_sub_one' depends on axioms: [propext, Classical.choice, Quot.sound]
'ZhangLS.Spec.lemma32_actual_local_correction_norm_sub_one' depends on axioms: [propext, Classical.choice, Quot.sound]
'ZhangLS.Spec.lemma32_character_prime_cases_of_not_dvd' depends on axioms: [propext, Classical.choice, Quot.sound]
'ZhangLS.Spec.lemma32_local_correction_norm_of_not_dvd' depends on axioms: [propext, Classical.choice, Quot.sound]
'ZhangLS.Spec.lemma32_zero_factor_norm' depends on axioms: [propext, Classical.choice, Quot.sound]
'ZhangLS.Spec.lemma32_local_correction_norm_of_dvd' depends on axioms: [propext, Classical.choice, Quot.sound]
'ZhangLS.Spec.lemma32_zero_correction_factorization' depends on axioms: [propext, Classical.choice, Quot.sound]
'ZhangLS.Spec.lemma32_actual_correction_regular_factorization' depends on axioms: [propext,
 Classical.choice,
 Quot.sound]
'ZhangLS.Spec.lemma32_regular_local_norm_sub_one' depends on axioms: [propext, Classical.choice, Quot.sound]
'ZhangLS.Spec.lemma32_regular_local_differentiable' depends on axioms: [propext, Classical.choice, Quot.sound]
'ZhangLS.Spec.lemma32_regular_local_at_zero' depends on axioms: [propext, Classical.choice, Quot.sound]
'ZhangLS.Spec.lemma32_prime_monomial_norm' depends on axioms: [propext, Classical.choice, Quot.sound]
'ZhangLS.Spec.lemma32_prime_monomial_norm_square' depends on axioms: [propext, Classical.choice, Quot.sound]
'ZhangLS.Spec.lemma32_prime_monomial_norm_lt_one' depends on axioms: [propext, Classical.choice, Quot.sound]
'ZhangLS.Spec.lemma32_regular_prime_errors_summable' depends on axioms: [propext, Classical.choice, Quot.sound]
'ZhangLS.Spec.lemma32_regular_euler_product_multipliable' depends on axioms: [propext, Classical.choice, Quot.sound]
'ZhangLS.Spec.lemma32_regular_prime_error_uniform' depends on axioms: [propext, Classical.choice, Quot.sound]
'ZhangLS.Spec.lemma32_regular_finite_product_bound' depends on axioms: [propext, Classical.choice, Quot.sound]
'ZhangLS.Spec.lemma32_regular_euler_product_bound' depends on axioms: [propext, Classical.choice, Quot.sound]
'ZhangLS.Spec.lemma32_regular_product_bound_pos' depends on axioms: [propext, Classical.choice, Quot.sound]
'ZhangLS.Spec.lemma32_regular_finite_product_difference' depends on axioms: [propext, Classical.choice, Quot.sound]
'ZhangLS.Spec.lemma32_regular_products_uniform_cauchy' depends on axioms: [propext, Classical.choice, Quot.sound]
'ZhangLS.Spec.lemma32_regular_products_uniform_limit' depends on axioms: [propext, Classical.choice, Quot.sound]
'ZhangLS.Spec.lemma32_prime_monomial_differentiable' depends on axioms: [propext, Classical.choice, Quot.sound]
'ZhangLS.Spec.lemma32_regular_finite_product_differentiable' depends on axioms: [propext, Classical.choice, Quot.sound]
'ZhangLS.Spec.lemma32_regular_products_locally_uniform' depends on axioms: [propext, Classical.choice, Quot.sound]
'ZhangLS.Spec.lemma32_regular_euler_product_differentiableOn' depends on axioms: [propext, Classical.choice, Quot.sound]
'ZhangLS.Spec.lemma32_regular_euler_product_analyticOnNhd' depends on axioms: [propext, Classical.choice, Quot.sound]
'ZhangLS.Spec.lemma32_one_sub_norm_le_one' depends on axioms: [propext, Classical.choice, Quot.sound]
'ZhangLS.Spec.lemma32_prime_monomial_re' depends on axioms: [propext, Classical.choice, Quot.sound]
'ZhangLS.Spec.lemma32_cos_lower_of_abs_le_one' depends on axioms: [propext, Classical.choice, Quot.sound]
'ZhangLS.Spec.lemma32_ramified_prime_factor_norm' depends on axioms: [propext, Classical.choice, Quot.sound]
'ZhangLS.Spec.lemma32_ramification_factor_differentiable' depends on axioms: [propext, Classical.choice, Quot.sound]
'ZhangLS.Spec.lemma32_analytic_correction_analyticOnNhd' depends on axioms: [propext, Classical.choice, Quot.sound]
'ZhangLS.Spec.lemma32_ramification_factor_norm' depends on axioms: [propext, Classical.choice, Quot.sound]
'ZhangLS.Spec.lemma32_analytic_correction_sector_bound' depends on axioms: [propext, Classical.choice, Quot.sound]
'ZhangLS.Spec.lemma32_negative_power_small' depends on axioms: [propext, Classical.choice, Quot.sound]
'ZhangLS.Spec.lemma32_residue_disk_parameters' depends on axioms: [propext, Classical.choice, Quot.sound]
'ZhangLS.Spec.lemma32_analytic_correction_residue_disk_bound' depends on axioms: [propext, Classical.choice, Quot.sound]
'ZhangLS.Spec.lemma32_actual_first_derivative_bound' depends on axioms: [propext, Classical.choice, Quot.sound]
'ZhangLS.Spec.lemma32_actual_L_difference_near_one' depends on axioms: [propext, Classical.choice, Quot.sound]
'ZhangLS.Spec.lemma32_actual_value_at_one_small' depends on axioms: [propext, Classical.choice, Quot.sound]
'ZhangLS.Spec.lemma32_circle_small_value_scale_identity' depends on axioms: [propext, Classical.choice, Quot.sound]
'ZhangLS.Spec.lemma32_actual_L_residue_disk_small' depends on axioms: [propext, Classical.choice, Quot.sound]
'ZhangLS.Spec.lemma32_zeta_pole_removed_local_bound' depends on axioms: [propext, Classical.choice, Quot.sound]
'ZhangLS.Spec.lemma32_actual_zeta_local_pole_bound' depends on axioms: [propext, Classical.choice, Quot.sound]
'ZhangLS.Spec.lemma32_actual_zeta_L_residue_circle_bound' depends on axioms: [propext, Classical.choice, Quot.sound]
'ZhangLS.Spec.lemma32_exists_gamma_local_bound' depends on axioms: [propext, Classical.choice, Quot.sound]
'ZhangLS.Spec.lemma32_gamma_local_bound_pos' depends on axioms: [propext, Classical.choice, Quot.sound]
'ZhangLS.Spec.lemma32_gamma_local_bound' depends on axioms: [propext, Classical.choice, Quot.sound]
'ZhangLS.Spec.lemma32_regularized_gamma_local_bound' depends on axioms: [propext, Classical.choice, Quot.sound]
'ZhangLS.Spec.lemma32_smoothing_difference_local_bound' depends on axioms: [propext, Classical.choice, Quot.sound]
'ZhangLS.Spec.lemma32_smoothing_gamma_local_bound' depends on axioms: [propext, Classical.choice, Quot.sound]
'ZhangLS.Spec.lemma32_circle_constant_pos' depends on axioms: [propext, Classical.choice, Quot.sound]
'ZhangLS.Spec.lemma32_circle_integrand_bound' depends on axioms: [propext, Classical.choice, Quot.sound]
'ZhangLS.Spec.lemma32_residue_circle_scale_identity' depends on axioms: [propext, Classical.choice, Quot.sound]
'ZhangLS.Spec.lemma32_actual_normalized_circle_integral_bound' depends on axioms: [propext,
 Classical.choice,
 Quot.sound]
'ZhangLS.Spec.lemma32_modulus_cpow_eq_exp' depends on axioms: [propext, Classical.choice, Quot.sound]
'ZhangLS.Spec.lemma32_original_smoothing_difference' depends on axioms: [propext, Classical.choice, Quot.sound]
'ZhangLS.Spec.lemma32_original_normalized_circle_integral_bound' depends on axioms: [propext,
 Classical.choice,
 Quot.sound]
'ZhangLS.Spec.lemma32_multichoose_2_square_le_4' depends on axioms: [propext, Classical.choice, Quot.sound]
'ZhangLS.Spec.lemma32_multichoose_4_square_le_16' depends on axioms: [propext, Classical.choice, Quot.sound]
'ZhangLS.Spec.lemma32_tau2_square_le_tau4' depends on axioms: [propext, Classical.choice, Quot.sound]
'ZhangLS.Spec.lemma32_tau4_square_le_tau16' depends on axioms: [propext, Classical.choice, Quot.sound]
'ZhangLS.Spec.lemma32_tau_two_eq_card_divisors' depends on axioms: [propext, Classical.choice, Quot.sound]
'ZhangLS.Spec.lemma32_actual_coefficient_le_tau_sixteen' depends on axioms: [propext, Classical.choice, Quot.sound]
'ZhangLS.Spec.lemma32_tau_lseries_summable' depends on axioms: [propext, Classical.choice, Quot.sound]
'ZhangLS.Spec.lemma32_actual_weighted_lseries_summable' depends on axioms: [propext, Classical.choice, Quot.sound]
'ZhangLS.Spec.lemma32_actual_weighted_norm_terms_summable' depends on axioms: [propext, Classical.choice, Quot.sound]
'ZhangLS.Spec.lemma32_weighted_term_at_one' depends on axioms: [propext, Classical.choice, Quot.sound]
'ZhangLS.Spec.lemma32_weighted_term_mul' depends on axioms: [propext, Classical.choice, Quot.sound]
'ZhangLS.Spec.lemma32_actual_weighted_euler_hasProd' depends on axioms: [propext, Classical.choice, Quot.sound]
'ZhangLS.Spec.lemma32_actual_weighted_euler_product' depends on axioms: [propext, Classical.choice, Quot.sound]
'ZhangLS.Spec.lemma32_prime_monomial_eq_cpow' depends on axioms: [propext, Classical.choice, Quot.sound]
'ZhangLS.Spec.lemma32_weighted_prime_power_term' depends on axioms: [propext, Classical.choice, Quot.sound]
'ZhangLS.Spec.lemma32_weighted_local_correction_identity' depends on axioms: [propext, Classical.choice, Quot.sound]
'ZhangLS.Spec.lemma32_finite_ramification_prime_product' depends on axioms: [propext, Classical.choice, Quot.sound]
'ZhangLS.Spec.lemma32_ramification_prime_factors_hasProd' depends on axioms: [propext, Classical.choice, Quot.sound]
'ZhangLS.Spec.lemma32_actual_local_corrections_hasProd' depends on axioms: [propext, Classical.choice, Quot.sound]
'ZhangLS.Spec.lemma32_actual_zeta_monomial_euler_hasProd' depends on axioms: [propext, Classical.choice, Quot.sound]
'ZhangLS.Spec.lemma32_actual_L_monomial_euler_hasProd' depends on axioms: [propext, Classical.choice, Quot.sound]
'ZhangLS.Spec.lemma32_actual_weighted_series_identity' depends on axioms: [propext, Classical.choice, Quot.sound]
'ZhangLS.Spec.lemma32_circle_integrand_differentiableAt' depends on axioms: [propext, Classical.choice, Quot.sound]
'ZhangLS.Spec.lemma32_actual_circle_integrable' depends on axioms: [propext, Classical.choice, Quot.sound]
'ZhangLS.Spec.lemma32_gamma_one_vertical_bound' depends on axioms: [propext, Classical.choice, Quot.sound]
'ZhangLS.Spec.lemma32_gamma_one_vertical_integrable' depends on axioms: [propext, Classical.choice, Quot.sound]
'ZhangLS.Spec.lemma32_exponential_mellin_eq_Gamma' depends on axioms: [propext, Classical.choice, Quot.sound]
'ZhangLS.Spec.lemma32_exponential_mellin_convergent' depends on axioms: [propext, Classical.choice, Quot.sound]
'ZhangLS.Spec.lemma32_actual_Gamma_mellin_inversion' depends on axioms: [propext, Classical.choice, Quot.sound]
'ZhangLS.Spec.lemma32_Gamma_mellin_term_norm' depends on axioms: [propext, Classical.choice, Quot.sound]
'ZhangLS.Spec.lemma32_Gamma_mellin_term_integrable' depends on axioms: [propext, Classical.choice, Quot.sound]
'ZhangLS.Spec.lemma32_Gamma_mellin_term_integral_norm_summable' depends on axioms: [propext,
 Classical.choice,
 Quot.sound]
'ZhangLS.Spec.lemma32_Gamma_mellin_term_eq_kernel' depends on axioms: [propext, Classical.choice, Quot.sound]
'ZhangLS.Spec.lemma32_Gamma_mellin_term_normalized_integral' depends on axioms: [propext, Classical.choice, Quot.sound]
'ZhangLS.Spec.lemma32_Gamma_mellin_tsum_integrable' depends on axioms: [propext, Classical.choice, Quot.sound]
'ZhangLS.Spec.lemma32_full_series_gamma_mellin' depends on axioms: [propext, Classical.choice, Quot.sound]
'ZhangLS.Spec.lemma32_actual_right_Gamma_integrand_eq_tsum' depends on axioms: [propext, Classical.choice, Quot.sound]
'ZhangLS.Spec.lemma32_actual_right_Gamma_integrand_integrable' depends on axioms: [propext,
 Classical.choice,
 Quot.sound]
'ZhangLS.Spec.lemma32_actual_smoothed_weighted_summable' depends on axioms: [propext, Classical.choice, Quot.sound]
'ZhangLS.Spec.lemma32_actual_full_Gamma_mellin' depends on axioms: [propext, Classical.choice, Quot.sound]
'ZhangLS.Spec.lemma32_actual_original_right_Gamma_difference' depends on axioms: [propext, Classical.choice, Quot.sound]
'ZhangLS.Spec.lemma32_actual_original_right_Gamma_integrable' depends on axioms: [propext, Classical.choice, Quot.sound]
'ZhangLS.Spec.lemma32_actual_original_Gamma_mellin_difference' depends on axioms: [propext,
 Classical.choice,
 Quot.sound]
'ZhangLS.Spec.lemma32_actual_smoothed_difference_series' depends on axioms: [propext, Classical.choice, Quot.sound]
'ZhangLS.Spec.lemma32_actual_weighted_term_one_real' depends on axioms: [propext, Classical.choice, Quot.sound]
'ZhangLS.Spec.lemma32_actual_real_smoothed_terms_summable' depends on axioms: [propext, Classical.choice, Quot.sound]
'ZhangLS.Spec.lemma32_actual_smoothed_difference_real_series' depends on axioms: [propext, Classical.choice, Quot.sound]
'ZhangLS.Spec.lemma32_actual_real_smoothed_term_nonneg' depends on axioms: [propext, Classical.choice, Quot.sound]
'ZhangLS.Spec.lemma32_actual_real_smoothed_difference_nonneg' depends on axioms: [propext, Classical.choice, Quot.sound]
'ZhangLS.Spec.lemma32_smoothing_window_lower_bound_pos' depends on axioms: [propext, Classical.choice, Quot.sound]
'ZhangLS.Spec.lemma32_exponential_smoothing_window_lower' depends on axioms: [propext, Classical.choice, Quot.sound]
'ZhangLS.Spec.lemma32_actual_smoothing_weight_window_lower' depends on axioms: [propext, Classical.choice, Quot.sound]
'ZhangLS.Spec.lemma32_actual_weighted_tail_le_smoothed' depends on axioms: [propext, Classical.choice, Quot.sound]
'ZhangLS.Spec.lemma32_zeta_pole_removed_differentiableAt' depends on axioms: [propext, Classical.choice, Quot.sound]
'ZhangLS.Spec.lemma32_smoothing_difference_differentiable' depends on axioms: [propext, Classical.choice, Quot.sound]
'ZhangLS.Spec.lemma32_smoothing_dslope_differentiable' depends on axioms: [propext, Classical.choice, Quot.sound]
'ZhangLS.Spec.lemma32_regular_numerator_differentiableAt' depends on axioms: [propext, Classical.choice, Quot.sound]
'ZhangLS.Spec.lemma32_regular_numerator_analyticOnNhd' depends on axioms: [propext, Classical.choice, Quot.sound]
'ZhangLS.Spec.lemma32_regular_numerator_eq' depends on axioms: [propext, Classical.choice, Quot.sound]
'ZhangLS.Spec.lemma32_regular_numerator_differentiableOn_ball' depends on axioms: [propext,
 Classical.choice,
 Quot.sound]
'ZhangLS.Spec.lemma32_actual_circle_integral_eq_residue' depends on axioms: [propext, Classical.choice, Quot.sound]
'ZhangLS.Spec.lemma32_actual_original_circle_integral_eq_residue' depends on axioms: [propext,
 Classical.choice,
 Quot.sound]
'ZhangLS.Spec.lemma32_actual_residue_bound' depends on axioms: [propext, Classical.choice, Quot.sound]
'ZhangLS.Spec.lemma32_divided_remainder_differentiableOn' depends on axioms: [propext, Classical.choice, Quot.sound]
'ZhangLS.Spec.lemma32_divided_remainder_analyticOnNhd' depends on axioms: [propext, Classical.choice, Quot.sound]
'ZhangLS.Spec.lemma32_divided_remainder_recurrence' depends on axioms: [propext, Classical.choice, Quot.sound]
'ZhangLS.Spec.lemma32_regular_numerator_finite_expansion' depends on axioms: [propext, Classical.choice, Quot.sound]
'ZhangLS.Spec.lemma32_actual_integrand_principal_decomposition' depends on axioms: [propext,
 Classical.choice,
 Quot.sound]
'ZhangLS.Spec.lemma32_actual_regular_remainder_rectangle_zero' depends on axioms: [propext,
 Classical.choice,
 Quot.sound]
'ZhangLS.Spec.lemma32_divided_remainder_power_series' depends on axioms: [propext, Classical.choice, Quot.sound]
'ZhangLS.Spec.lemma32_divided_remainder_coefficient' depends on axioms: [propext, Classical.choice, Quot.sound]
'ZhangLS.Spec.lemma32_actual_residue_eq_divided_remainder' depends on axioms: [propext, Classical.choice, Quot.sound]
'ZhangLS.Spec.lemma32_laurent_primitive_hasDerivAt' depends on axioms: [propext, Classical.choice, Quot.sound]
'ZhangLS.Spec.lemma32_horizontal_zpow_integral' depends on axioms: [propext, Classical.choice, Quot.sound]
'ZhangLS.Spec.lemma32_vertical_zpow_integral' depends on axioms: [propext, Classical.choice, Quot.sound]
'ZhangLS.Spec.lemma32_rectangle_zpow_zero' depends on axioms: [propext, Classical.choice, Quot.sound]
'ZhangLS.Spec.lemma32_rectangle_inverse_winding' depends on axioms: [propext, Classical.choice, Quot.sound]
'ZhangLS.Spec.lemma32_rectangle_laurent_kernel' depends on axioms: [propext, Classical.choice, Quot.sound]
'ZhangLS.Spec.lemma32_boundary_integrable_punctured' depends on axioms: [propext, Classical.choice, Quot.sound]
'ZhangLS.Spec.lemma32_boundary_integral_add' depends on axioms: [propext, Classical.choice, Quot.sound]
'ZhangLS.Spec.lemma32_boundary_integral_const_mul' depends on axioms: [propext, Classical.choice, Quot.sound]
'ZhangLS.Spec.lemma32_boundary_integral_sum' depends on axioms: [propext, Classical.choice, Quot.sound]
'ZhangLS.Spec.lemma32_laurent_kernel_continuousOn' depends on axioms: [propext, Classical.choice, Quot.sound]
'ZhangLS.Spec.lemma32_principal_part_boundary_integrable' depends on axioms: [propext, Classical.choice, Quot.sound]
'ZhangLS.Spec.lemma32_actual_principal_boundary_residue' depends on axioms: [propext, Classical.choice, Quot.sound]
'ZhangLS.Spec.lemma32_boundary_integrable_halfplane' depends on axioms: [propext, Classical.choice, Quot.sound]
'ZhangLS.Spec.lemma32_actual_finite_rectangle_residue' depends on axioms: [propext, Classical.choice, Quot.sound]
'ZhangLS.Spec.lemma32_mellin_normalizing_factor' depends on axioms: [propext, Classical.choice, Quot.sound]
'ZhangLS.Spec.lemma32_actual_normalized_finite_shift' depends on axioms: [propext, Classical.choice, Quot.sound]
'ZhangLS.Spec.lemma32_gamma_shift_product' depends on axioms: [propext, Classical.choice, Quot.sound]
'ZhangLS.Spec.lemma32_gamma_shift_norm_lower' depends on axioms: [propext, Classical.choice, Quot.sound]
'ZhangLS.Spec.lemma32_gamma_strip_polynomial_decay' depends on axioms: [propext, Classical.choice, Quot.sound]
'ZhangLS.Spec.lemma32_ramification_global_bound' depends on axioms: [propext, Classical.choice, Quot.sound]
'ZhangLS.Spec.lemma32_analytic_correction_global_growth' depends on axioms: [propext, Classical.choice, Quot.sound]
'ZhangLS.Spec.lemma32_positive_strip_high_norm' depends on axioms: [propext, Classical.choice, Quot.sound]
'ZhangLS.Spec.lemma32_actual_zeta_strip_high_growth' depends on axioms: [propext, Classical.choice, Quot.sound]
'ZhangLS.Spec.lemma32_actual_L_strip_high_growth' depends on axioms: [propext, Classical.choice, Quot.sound]
'ZhangLS.Spec.lemma32_actual_zeta_L_strip_high_growth' depends on axioms: [propext, Classical.choice, Quot.sound]
'ZhangLS.Spec.lemma32_smoothing_strip_growth' depends on axioms: [propext, Classical.choice, Quot.sound]
'ZhangLS.Spec.lemma32_global_height_constant_pos' depends on axioms: [propext, Classical.choice, Quot.sound]
'ZhangLS.Spec.lemma32_actual_integrand_height_decay' depends on axioms: [propext, Classical.choice, Quot.sound]
'ZhangLS.Spec.lemma32_actual_integrand_eq_regular_div' depends on axioms: [propext, Classical.choice, Quot.sound]
'ZhangLS.Spec.lemma32_actual_integrand_differentiableAt_global' depends on axioms: [propext,
 Classical.choice,
 Quot.sound]
'ZhangLS.Spec.lemma32_actual_vertical_continuous' depends on axioms: [propext, Classical.choice, Quot.sound]
'ZhangLS.Spec.lemma32_integrable_of_quartic_decay' depends on axioms: [propext, Classical.choice, Quot.sound]
'ZhangLS.Spec.lemma32_actual_left_vertical_integrable' depends on axioms: [propext, Classical.choice, Quot.sound]
'ZhangLS.Spec.lemma32_actual_horizontal_integral_bound' depends on axioms: [propext, Classical.choice, Quot.sound]
'ZhangLS.Spec.lemma32_tendsto_zero_of_quartic_norm_bound' depends on axioms: [propext, Classical.choice, Quot.sound]
'ZhangLS.Spec.lemma32_actual_upper_horizontal_decay' depends on axioms: [propext, Classical.choice, Quot.sound]
'ZhangLS.Spec.lemma32_actual_lower_horizontal_decay' depends on axioms: [propext, Classical.choice, Quot.sound]
'ZhangLS.Spec.lemma32_actual_infinite_contour_shift' depends on axioms: [propext, Classical.choice, Quot.sound]
'ZhangLS.Spec.lemma32_actual_smoothed_difference_eq_residue_add_left' depends on axioms: [propext,
 Classical.choice,
 Quot.sound]
'ZhangLS.Spec.lemma32_actual_original_tail_reduction' depends on axioms: [propext, Classical.choice, Quot.sound]
'ZhangLS.Spec.lemma32_ramified_prime_small_bound' depends on axioms: [propext, Classical.choice, Quot.sound]
'ZhangLS.Spec.lemma32_large_prime_monomial_small' depends on axioms: [propext, Classical.choice, Quot.sound]
'ZhangLS.Spec.lemma32_ramified_large_prime_saving' depends on axioms: [propext, Classical.choice, Quot.sound]
'ZhangLS.Spec.lemma32_ramification_saving_constant_pos' depends on axioms: [propext, Classical.choice, Quot.sound]
'ZhangLS.Spec.lemma32_prime_factors_log_sum_bound' depends on axioms: [propext, Classical.choice, Quot.sound]
'ZhangLS.Spec.lemma32_ramification_small_prime_count' depends on axioms: [propext, Classical.choice, Quot.sound]
'ZhangLS.Spec.lemma32_ramification_uniform_power_saving' depends on axioms: [propext, Classical.choice, Quot.sound]
'ZhangLS.Spec.lemma32_analytic_correction_uniform_power_saving' depends on axioms: [propext,
 Classical.choice,
 Quot.sound]
'ZhangLS.Spec.lemma32_square_quarter_power' depends on axioms: [propext, Classical.choice, Quot.sound]
'ZhangLS.Spec.lemma32_square_negative_quarter_power' depends on axioms: [propext, Classical.choice, Quot.sound]
'ZhangLS.Spec.lemma32_small_quarter_power_integral' depends on axioms: [propext, Classical.choice, Quot.sound]
'ZhangLS.Spec.lemma32_large_quarter_power_integral' depends on axioms: [propext, Classical.choice, Quot.sound]
'ZhangLS.Spec.lemma32_actual_partial_sum_square_root_majorant' depends on axioms: [propext,
 Classical.choice,
 Quot.sound]
'ZhangLS.Spec.lemma32_actual_abel_small_majorant' depends on axioms: [propext, Classical.choice, Quot.sound]
'ZhangLS.Spec.lemma32_actual_abel_large_majorant' depends on axioms: [propext, Classical.choice, Quot.sound]
'ZhangLS.Spec.lemma32_actual_abel_square_root_partial_sum_bound' depends on axioms: [propext,
 Classical.choice,
 Quot.sound]
'ZhangLS.Spec.lemma32_actual_L_bound_of_square_root_partial_sums' depends on axioms: [propext,
 Classical.choice,
 Quot.sound]
'ZhangLS.Spec.lemma32_burgess_scale_half_power' depends on axioms: [propext, Classical.choice, Quot.sound]
'ZhangLS.Spec.lemma32_actual_L_bound_of_burgess_partial_sums' depends on axioms: [propext, Classical.choice, Quot.sound]
'ZhangLS.Spec.lemma32_left_line_Gamma_continuous' depends on axioms: [propext, Classical.choice, Quot.sound]
'ZhangLS.Spec.lemma32_left_line_zeta_continuous' depends on axioms: [propext, Classical.choice, Quot.sound]
'ZhangLS.Spec.lemma32_left_kernel_continuous' depends on axioms: [propext, Classical.choice, Quot.sound]
'ZhangLS.Spec.lemma32_left_kernel_nonneg' depends on axioms: [propext, Classical.choice, Quot.sound]
'ZhangLS.Spec.lemma32_left_kernel_high_bound' depends on axioms: [propext, Classical.choice, Quot.sound]
'ZhangLS.Spec.lemma32_left_kernel_integrable' depends on axioms: [propext, Classical.choice, Quot.sound]
'ZhangLS.Spec.lemma32_left_kernel_constant_pos' depends on axioms: [propext, Classical.choice, Quot.sound]
'ZhangLS.Spec.lemma32_left_kernel_integral_le' depends on axioms: [propext, Classical.choice, Quot.sound]
'ZhangLS.Spec.lemma32_smoothing_left_line_bound' depends on axioms: [propext, Classical.choice, Quot.sound]
'ZhangLS.Spec.lemma32_half_power_eighth' depends on axioms: [propext, Classical.choice, Quot.sound]
'ZhangLS.Spec.lemma32_actual_left_integrand_bound_of_partial_sums' depends on axioms: [propext,
 Classical.choice,
 Quot.sound]
'ZhangLS.Spec.lemma32_left_error_constant_pos' depends on axioms: [propext, Classical.choice, Quot.sound]
'ZhangLS.Spec.lemma32_actual_left_integral_bound_of_partial_sums' depends on axioms: [propext,
 Classical.choice,
 Quot.sound]
'ZhangLS.Spec.lemma32_burgess_scale_fourth_decay' depends on axioms: [propext, Classical.choice, Quot.sound]
'ZhangLS.Spec.lemma32_actual_left_integral_bound_of_burgess_partial_sums' depends on axioms: [propext,
 Classical.choice,
 Quot.sound]
'ZhangLS.Spec.lemma32_left_error_absorption_threshold' depends on axioms: [propext, Classical.choice, Quot.sound]
'ZhangLS.Spec.lemma32_target_of_uniform_burgess_partial_sums' depends on axioms: [propext, Classical.choice, Quot.sound]
'ZhangLS.Spec.lemma32_real_complex_norm_fourth' depends on axioms: [propext, Classical.choice, Quot.sound]
'ZhangLS.Spec.lemma32_actual_quartic_character_product' depends on axioms: [propext, Classical.choice, Quot.sound]
'ZhangLS.Spec.lemma32_actual_burgess_fourth_moment_expansion' depends on axioms: [propext, Classical.choice, Quot.sound]
'ZhangLS.Spec.lemma32_quartic_pairing_image_card' depends on axioms: [propext, Classical.choice, Quot.sound]
'ZhangLS.Spec.lemma32_degenerate_quartic_tuples_card' depends on axioms: [propext, Classical.choice, Quot.sound]
'ZhangLS.Spec.lemma32_actual_quartic_correlation_abs_bound' depends on axioms: [propext, Classical.choice, Quot.sound]
'ZhangLS.Spec.lemma32_degenerate_fourth_moment_contribution_bound' depends on axioms: [propext,
 Classical.choice,
 Quot.sound]
'ZhangLS.Spec.lemma32_quadratic_character_value_square' depends on axioms: [propext, Classical.choice, Quot.sound]
'ZhangLS.Spec.lemma32_quadratic_character_inverse' depends on axioms: [propext, Classical.choice, Quot.sound]
'ZhangLS.Spec.lemma32_quadratic_two_linear_correlation' depends on axioms: [propext, Classical.choice, Quot.sound]
'ZhangLS.Spec.lemma32_quadratic_character_norm_le_one' depends on axioms: [propext, Classical.choice, Quot.sound]
'ZhangLS.Spec.lemma32_actual_prime_two_linear_correlation' depends on axioms: [propext, Classical.choice, Quot.sound]
'ZhangLS.Spec.lemma32_actual_prime_two_linear_real_correlation' depends on axioms: [propext,
 Classical.choice,
 Quot.sound]
'ZhangLS.Spec.lemma32_quadratic_repeated_root_correlation' depends on axioms: [propext, Classical.choice, Quot.sound]
'ZhangLS.Spec.lemma32_quadratic_repeated_root_correlation_norm' depends on axioms: [propext,
 Classical.choice,
 Quot.sound]
'ZhangLS.Spec.lemma32_mem_degenerate_iff_paired' depends on axioms: [propext, Classical.choice, Quot.sound]
'ZhangLS.Spec.lemma32_actual_prime_repeated_correlation_norm' depends on axioms: [propext, Classical.choice, Quot.sound]
'ZhangLS.Spec.lemma32_actual_prime_quartic_repeated_correlation' depends on axioms: [propext,
 Classical.choice,
 Quot.sound]
'ZhangLS.Spec.lemma32_actual_fourth_moment_decomposition' depends on axioms: [propext, Classical.choice, Quot.sound]
'ZhangLS.Spec.lemma32_actual_fourth_moment_remainder_bound' depends on axioms: [propext, Classical.choice, Quot.sound]
'ZhangLS.Spec.lemma32_nondegenerate_fourth_moment_nonneg' depends on axioms: [propext, Classical.choice, Quot.sound]
'ZhangLS.Spec.lemma32_quartic_correlation_permutation' depends on axioms: [propext, Classical.choice, Quot.sound]
'ZhangLS.Spec.lemma32_actual_prime_repeated_quartic_permutation_bound' depends on axioms: [propext,
 Classical.choice,
 Quot.sound]
'ZhangLS.Spec.lemma32_quartic_cubic_substitution' depends on axioms: [propext, Classical.choice, Quot.sound]
'ZhangLS.Spec.lemma32_quadratic_quartic_cubic_point_identity' depends on axioms: [propext, Classical.choice, Quot.sound]
'ZhangLS.Spec.lemma32_quadratic_quartic_cubic_punctured_sum' depends on axioms: [propext, Classical.choice, Quot.sound]
'ZhangLS.Spec.lemma32_quadratic_quartic_cubic_sum_identity' depends on axioms: [propext, Classical.choice, Quot.sound]
'ZhangLS.Spec.lemma32_monic_cubic_normalization' depends on axioms: [propext, Quot.sound]
'ZhangLS.Spec.lemma32_quadratic_monic_cubic_point_identity' depends on axioms: [propext, Classical.choice, Quot.sound]
'ZhangLS.Spec.lemma32_quadratic_normalized_cubic_sum_identity' depends on axioms: [propext,
 Classical.choice,
 Quot.sound]
'ZhangLS.Spec.lemma32_quadratic_quartic_normalized_cubic_sum_identity' depends on axioms: [propext,
 Classical.choice,
 Quot.sound]
'ZhangLS.Spec.lemma32_normalized_cubic_root_factorization' depends on axioms: [propext, Quot.sound]
'ZhangLS.Spec.lemma32_quartic_Weierstrass_discriminant' depends on axioms: [propext, Quot.sound]
'ZhangLS.Spec.lemma32_cubic_leading_coefficient_nonzero' depends on axioms: [propext, Classical.choice, Quot.sound]
'ZhangLS.Spec.lemma32_quartic_Weierstrass_discriminant_nonzero' depends on axioms: [propext,
 Classical.choice,
 Quot.sound]
'ZhangLS.Spec.lemma32_quartic_Weierstrass_isElliptic' depends on axioms: [propext, Classical.choice, Quot.sound]
'ZhangLS.Spec.lemma32_mulchar_eq_of_unit_generator' depends on axioms: [propext, Classical.choice, Quot.sound]
'ZhangLS.Spec.lemma32_nontrivial_quadratic_unit_generator_value' depends on axioms: [propext,
 Classical.choice,
 Quot.sound]
'ZhangLS.Spec.lemma32_nontrivial_quadratic_character_unique' depends on axioms: [propext, Classical.choice, Quot.sound]
'ZhangLS.Spec.lemma32_nontrivial_quadratic_character_eq_canonical' depends on axioms: [propext,
 Classical.choice,
 Quot.sound]
'ZhangLS.Spec.lemma32_nontrivial_quadratic_character_canonical_value' depends on axioms: [propext,
 Classical.choice,
 Quot.sound]
'ZhangLS.Spec.lemma32_affine_solution_card_fibers' depends on axioms: [propext, Classical.choice, Quot.sound]
'ZhangLS.Spec.lemma32_quadratic_square_root_count' depends on axioms: [propext, Classical.choice, Quot.sound]
'ZhangLS.Spec.lemma32_actual_affine_card_character_sum' depends on axioms: [propext, Classical.choice, Quot.sound]
'ZhangLS.Spec.lemma32_quartic_character_sum_affine_card' depends on axioms: [propext, Classical.choice, Quot.sound]
'ZhangLS.Spec.lemma32_quartic_curve_affine_equation' depends on axioms: [propext, Classical.choice, Quot.sound]
'ZhangLS.Spec.lemma32_quartic_curve_affine_solution_finset' depends on axioms: [propext, Classical.choice, Quot.sound]
'ZhangLS.Spec.lemma32_quartic_character_sum_Weierstrass_affine_card' depends on axioms: [propext,
 Classical.choice,
 Quot.sound]
'ZhangLS.Spec.lemma32_Weierstrass_point_card_affine' depends on axioms: [propext, Classical.choice, Quot.sound]
'ZhangLS.Spec.lemma32_quartic_character_sum_actual_curve_points' depends on axioms: [propext,
 Classical.choice,
 Quot.sound]
'ZhangLS.Spec.lemma32_actual_prime_quartic_point_count' depends on axioms: [propext, Classical.choice, Quot.sound]
'ZhangLS.Spec.lemma32_actual_prime_quartic_correlation_point_count' depends on axioms: [propext,
 Classical.choice,
 Quot.sound]
'ZhangLS.Spec.lemma32_nontrivial_quadratic_odd_characteristic' depends on axioms: [propext,
 Classical.choice,
 Quot.sound]
'ZhangLS.Spec.lemma32_field_two_nonzero_of_odd_characteristic' depends on axioms: [propext,
 Classical.choice,
 Quot.sound]
'ZhangLS.Spec.lemma32_actual_prime_odd_characteristic' depends on axioms: [propext, Classical.choice, Quot.sound]
'ZhangLS.Spec.lemma32_actual_prime_distinct_quartic_point_count' depends on axioms: [propext,
 Classical.choice,
 Quot.sound]
'ZhangLS.Spec.lemma32_four_distinct_roots_injective' depends on axioms: [propext, Classical.choice, Quot.sound]
'ZhangLS.Spec.lemma32_four_distinct_roots_field_card' depends on axioms: [propext, Classical.choice, Quot.sound]
'ZhangLS.Spec.lemma32_four_distinct_prime_roots_modulus_ge_five' depends on axioms: [propext,
 Classical.choice,
 Quot.sound]
'ZhangLS.Spec.lemma32_quadratic_unpaired_quartic_collision_bound' depends on axioms: [propext,
 Classical.choice,
 Quot.sound]
'ZhangLS.Spec.lemma32_short_residue_cast_injective' depends on axioms: [propext, Quot.sound]
'ZhangLS.Spec.lemma32_actual_prime_unpaired_collision_correlation' depends on axioms: [propext,
 Classical.choice,
 Quot.sound]
'ZhangLS.Spec.lemma32_quartic_noninjective_iff_collision' depends on axioms: [propext, Classical.choice, Quot.sound]
'ZhangLS.Spec.lemma32_collision_tuples_covered' depends on axioms: [propext, Classical.choice, Quot.sound]
'ZhangLS.Spec.lemma32_collision_quartic_tuple_card' depends on axioms: [propext, Classical.choice, Quot.sound]
'ZhangLS.Spec.lemma32_prime_collision_fourth_moment_bound' depends on axioms: [propext, Classical.choice, Quot.sound]
'ZhangLS.Spec.lemma32_nondegenerate_split_by_injectivity' depends on axioms: [propext, Classical.choice, Quot.sound]
'ZhangLS.Spec.lemma32_actual_prime_fourth_moment_distinct_reduction' depends on axioms: [propext,
 Classical.choice,
 Quot.sound]
'ZhangLS.Spec.lemma32_distinct_quartic_correlation_point_count' depends on axioms: [propext,
 Classical.choice,
 Quot.sound]
'ZhangLS.Spec.lemma32_distinct_fourth_moment_eq_actual_point_discrepancy' depends on axioms: [propext,
 Classical.choice,
 Quot.sound]
'ZhangLS.Spec.lemma32_actual_curve_points_finite' depends on axioms: [propext, Classical.choice, Quot.sound]
'ZhangLS.Spec.lemma32_actual_curve_fintype_card_eq_nat_card' depends on axioms: [propext, Classical.choice, Quot.sound]
'ZhangLS.Spec.lemma32_product_character_factorization' depends on axioms: [propext, Classical.choice, Quot.sound]
'ZhangLS.Spec.lemma32_product_character_finite_sum' depends on axioms: [propext, Classical.choice, Quot.sound]
'ZhangLS.Spec.lemma32_product_character_left_quadratic' depends on axioms: [propext, Classical.choice, Quot.sound]
'ZhangLS.Spec.lemma32_product_character_right_quadratic' depends on axioms: [propext, Classical.choice, Quot.sound]
'ZhangLS.Spec.lemma32_product_quartic_character_sum' depends on axioms: [propext, Classical.choice, Quot.sound]
'ZhangLS.Spec.lemma32_character_equiv_pullback_quadratic' depends on axioms: [propext, Classical.choice, Quot.sound]
'ZhangLS.Spec.lemma32_character_equiv_pullback_nontrivial' depends on axioms: [propext, Classical.choice, Quot.sound]
'ZhangLS.Spec.lemma32_quartic_character_sum_ring_equiv' depends on axioms: [propext, Classical.choice, Quot.sound]
'ZhangLS.Spec.lemma32_actual_CRT_character_quadratic' depends on axioms: [propext, Classical.choice, Quot.sound]
'ZhangLS.Spec.lemma32_actual_CRT_quartic_character_sum' depends on axioms: [propext, Classical.choice, Quot.sound]
'ZhangLS.Spec.lemma32_actual_CRT_character_factorization' depends on axioms: [propext, Classical.choice, Quot.sound]
'ZhangLS.Spec.lemma32_actual_CRT_factorsThrough_left' depends on axioms: [propext, Classical.choice, Quot.sound]
'ZhangLS.Spec.lemma32_actual_CRT_factorsThrough_right' depends on axioms: [propext, Classical.choice, Quot.sound]
'ZhangLS.Spec.lemma32_actual_primitive_CRT_left_nontrivial' depends on axioms: [propext, Classical.choice, Quot.sound]
'ZhangLS.Spec.lemma32_actual_primitive_CRT_right_nontrivial' depends on axioms: [propext, Classical.choice, Quot.sound]
'ZhangLS.Spec.lemma32_changeLevel_factorsThrough_conductor' depends on axioms: [propext, Classical.choice, Quot.sound]
'ZhangLS.Spec.lemma32_changeLevel_conductor_dvd' depends on axioms: [propext, Classical.choice, Quot.sound]
'ZhangLS.Spec.lemma32_actual_CRT_changeLevel_product' depends on axioms: [propext, Classical.choice, Quot.sound]
'ZhangLS.Spec.lemma32_actual_CRT_conductor_dvd_lcm' depends on axioms: [propext, Classical.choice, Quot.sound]
'ZhangLS.Spec.lemma32_actual_primitive_CRT_characters' depends on axioms: [propext, Classical.choice, Quot.sound]
'ZhangLS.Spec.lemma32_real_primitive_CRT_factorization' depends on axioms: [propext, Classical.choice, Quot.sound]
'ZhangLS.Spec.lemma32_real_primitive_CRT_quartic_sum' depends on axioms: [propext, Classical.choice, Quot.sound]
'ZhangLS.Spec.lemma32_quadratic_hom_odd_card_eq_one' depends on axioms: [propext, Classical.choice, Quot.sound]
'ZhangLS.Spec.lemma32_quadratic_character_factorsThrough_odd_kernel' depends on axioms: [propext,
 Classical.choice,
 Quot.sound]
'ZhangLS.Spec.lemma32_units_reduction_kernel_card' depends on axioms: [propext, Classical.choice, Quot.sound]
'ZhangLS.Spec.lemma32_prime_power_reduction_kernel_card' depends on axioms: [propext, Classical.choice, Quot.sound]
'ZhangLS.Spec.lemma32_odd_prime_power_quadratic_factorsThrough' depends on axioms: [propext,
 Classical.choice,
 Quot.sound]
'ZhangLS.Spec.lemma32_odd_prime_power_quadratic_conductor_dvd' depends on axioms: [propext,
 Classical.choice,
 Quot.sound]
'ZhangLS.Spec.lemma32_odd_prime_power_primitive_quadratic_exponent' depends on axioms: [propext,
 Classical.choice,
 Quot.sound]
'ZhangLS.Spec.lemma32_two_power_reduction_kernel_card' depends on axioms: [propext, Classical.choice, Quot.sound]
'ZhangLS.Spec.lemma32_two_power_five_unit_order' depends on axioms: [propext, Classical.choice, Quot.sound]
'ZhangLS.Spec.lemma32_two_power_five_square_order' depends on axioms: [propext, Classical.choice, Quot.sound]
'ZhangLS.Spec.lemma32_two_power_reduction_kernel_generator' depends on axioms: [propext, Classical.choice, Quot.sound]
'ZhangLS.Spec.lemma32_two_power_quadratic_factorsThrough' depends on axioms: [propext, Classical.choice, Quot.sound]
'ZhangLS.Spec.lemma32_two_power_quadratic_conductor_dvd' depends on axioms: [propext, Classical.choice, Quot.sound]
'ZhangLS.Spec.lemma32_two_power_primitive_quadratic_exponent' depends on axioms: [propext, Classical.choice, Quot.sound]
'ZhangLS.Spec.lemma32_real_primitive_odd_prime_exponent' depends on axioms: [propext, Classical.choice, Quot.sound]
'ZhangLS.Spec.lemma32_real_primitive_two_adic_exponent' depends on axioms: [propext, Classical.choice, Quot.sound]
'ZhangLS.Spec.lemma32_real_primitive_odd_part_squarefree' depends on axioms: [propext, Classical.choice, Quot.sound]
'ZhangLS.Spec.lemma32_real_primitive_modulus_shape' depends on axioms: [propext, Classical.choice, Quot.sound]
'ZhangLS.Spec.lemma32_actual_coefficient_nonneg' depends on axioms: [propext, Classical.choice, Quot.sound]
'ZhangLS.Spec.lemma32_tau_two_prime_power' depends on axioms: [propext, Classical.choice, Quot.sound]
'ZhangLS.Spec.lemma32_actual_coefficient_prime_power_of_one' depends on axioms: [propext, Classical.choice, Quot.sound]
'ZhangLS.Spec.lemma32_actual_coefficient_prime_power_of_zero' depends on axioms: [propext, Classical.choice, Quot.sound]
'ZhangLS.Spec.lemma32_actual_coefficient_prime_power_of_neg_one' depends on axioms: [propext,
 Classical.choice,
 Quot.sound]
'ZhangLS.Spec.lemma32_actual_coefficient_one' depends on axioms: [propext, Classical.choice, Quot.sound]
'ZhangLS.Spec.lemma32_rising_choose_two' depends on axioms: [propext, Classical.choice, Quot.sound]
'ZhangLS.Spec.lemma32_rising_choose_three' depends on axioms: [propext, Classical.choice, Quot.sound]
'ZhangLS.Spec.lemma32_rising_choose_four' depends on axioms: [propext, Classical.choice, Quot.sound]
'ZhangLS.Spec.lemma32_fourth_power_choose' depends on axioms: [propext, Classical.choice, Quot.sound]
'ZhangLS.Spec.lemma32_fourth_geometric_hasSum' depends on axioms: [propext, Classical.choice, Quot.sound]
'ZhangLS.Spec.lemma32_actual_coefficient_mul' depends on axioms: [propext, Classical.choice, Quot.sound]
'ZhangLS.Spec.lemma32_square_geometric_hasSum' depends on axioms: [propext, Classical.choice, Quot.sound]
'ZhangLS.Spec.lemma32_even_square_geometric_hasSum' depends on axioms: [propext, Classical.choice, Quot.sound]
'ZhangLS.Spec.lemma32_actual_local_series_of_one' depends on axioms: [propext, Classical.choice, Quot.sound]
'ZhangLS.Spec.lemma32_actual_local_series_of_zero' depends on axioms: [propext, Classical.choice, Quot.sound]
'ZhangLS.Spec.lemma32_actual_even_local_series_of_neg_one' depends on axioms: [propext, Classical.choice, Quot.sound]
'ZhangLS.Spec.lemma32_actual_local_series_of_neg_one' depends on axioms: [propext, Classical.choice, Quot.sound]
'ZhangLS.Spec.lemma32_local_correction_of_one' depends on axioms: [propext, Classical.choice, Quot.sound]
'ZhangLS.Spec.lemma32_local_correction_of_zero' depends on axioms: [propext, Classical.choice, Quot.sound]
'ZhangLS.Spec.lemma32_local_correction_of_neg_one' depends on axioms: [propext, Classical.choice, Quot.sound]
'ZhangLS.Spec.lemma32_bounded_polynomial_norm' depends on axioms: [propext, Classical.choice, Quot.sound]
'ZhangLS.Spec.lemma32_plus_factor_remainder' depends on axioms: [propext, Classical.choice, Quot.sound]
'ZhangLS.Spec.lemma32_minus_factor_remainder' depends on axioms: [propext, Classical.choice, Quot.sound]
'ZhangLS.Spec.lemma32_plus_factor_norm_sub_one' depends on axioms: [propext, Classical.choice, Quot.sound]
'ZhangLS.Spec.lemma32_minus_factor_norm_sub_one' depends on axioms: [propext, Classical.choice, Quot.sound]
'ZhangLS.Spec.lemma32_actual_local_correction_norm_sub_one' depends on axioms: [propext, Classical.choice, Quot.sound]
'ZhangLS.Spec.lemma32_character_prime_cases_of_not_dvd' depends on axioms: [propext, Classical.choice, Quot.sound]
'ZhangLS.Spec.lemma32_local_correction_norm_of_not_dvd' depends on axioms: [propext, Classical.choice, Quot.sound]
'ZhangLS.Spec.lemma32_zero_factor_norm' depends on axioms: [propext, Classical.choice, Quot.sound]
'ZhangLS.Spec.lemma32_local_correction_norm_of_dvd' depends on axioms: [propext, Classical.choice, Quot.sound]
'ZhangLS.Spec.lemma32_zero_correction_factorization' depends on axioms: [propext, Classical.choice, Quot.sound]
'ZhangLS.Spec.lemma32_actual_correction_regular_factorization' depends on axioms: [propext,
 Classical.choice,
 Quot.sound]
'ZhangLS.Spec.lemma32_regular_local_norm_sub_one' depends on axioms: [propext, Classical.choice, Quot.sound]
'ZhangLS.Spec.lemma32_regular_local_differentiable' depends on axioms: [propext, Classical.choice, Quot.sound]
'ZhangLS.Spec.lemma32_regular_local_at_zero' depends on axioms: [propext, Classical.choice, Quot.sound]
'ZhangLS.Spec.lemma32_prime_monomial_norm' depends on axioms: [propext, Classical.choice, Quot.sound]
'ZhangLS.Spec.lemma32_prime_monomial_norm_square' depends on axioms: [propext, Classical.choice, Quot.sound]
'ZhangLS.Spec.lemma32_prime_monomial_norm_lt_one' depends on axioms: [propext, Classical.choice, Quot.sound]
'ZhangLS.Spec.lemma32_regular_prime_errors_summable' depends on axioms: [propext, Classical.choice, Quot.sound]
'ZhangLS.Spec.lemma32_regular_euler_product_multipliable' depends on axioms: [propext, Classical.choice, Quot.sound]
'ZhangLS.Spec.lemma32_regular_prime_error_uniform' depends on axioms: [propext, Classical.choice, Quot.sound]
'ZhangLS.Spec.lemma32_regular_finite_product_bound' depends on axioms: [propext, Classical.choice, Quot.sound]
'ZhangLS.Spec.lemma32_regular_euler_product_bound' depends on axioms: [propext, Classical.choice, Quot.sound]
'ZhangLS.Spec.lemma32_regular_product_bound_pos' depends on axioms: [propext, Classical.choice, Quot.sound]
'ZhangLS.Spec.lemma32_regular_finite_product_difference' depends on axioms: [propext, Classical.choice, Quot.sound]
'ZhangLS.Spec.lemma32_regular_products_uniform_cauchy' depends on axioms: [propext, Classical.choice, Quot.sound]
'ZhangLS.Spec.lemma32_regular_products_uniform_limit' depends on axioms: [propext, Classical.choice, Quot.sound]
'ZhangLS.Spec.lemma32_prime_monomial_differentiable' depends on axioms: [propext, Classical.choice, Quot.sound]
'ZhangLS.Spec.lemma32_regular_finite_product_differentiable' depends on axioms: [propext, Classical.choice, Quot.sound]
'ZhangLS.Spec.lemma32_regular_products_locally_uniform' depends on axioms: [propext, Classical.choice, Quot.sound]
'ZhangLS.Spec.lemma32_regular_euler_product_differentiableOn' depends on axioms: [propext, Classical.choice, Quot.sound]
'ZhangLS.Spec.lemma32_regular_euler_product_analyticOnNhd' depends on axioms: [propext, Classical.choice, Quot.sound]
'ZhangLS.Spec.lemma32_one_sub_norm_le_one' depends on axioms: [propext, Classical.choice, Quot.sound]
'ZhangLS.Spec.lemma32_prime_monomial_re' depends on axioms: [propext, Classical.choice, Quot.sound]
'ZhangLS.Spec.lemma32_cos_lower_of_abs_le_one' depends on axioms: [propext, Classical.choice, Quot.sound]
'ZhangLS.Spec.lemma32_ramified_prime_factor_norm' depends on axioms: [propext, Classical.choice, Quot.sound]
'ZhangLS.Spec.lemma32_ramification_factor_differentiable' depends on axioms: [propext, Classical.choice, Quot.sound]
'ZhangLS.Spec.lemma32_analytic_correction_analyticOnNhd' depends on axioms: [propext, Classical.choice, Quot.sound]
'ZhangLS.Spec.lemma32_ramification_factor_norm' depends on axioms: [propext, Classical.choice, Quot.sound]
'ZhangLS.Spec.lemma32_analytic_correction_sector_bound' depends on axioms: [propext, Classical.choice, Quot.sound]
'ZhangLS.Spec.lemma32_negative_power_small' depends on axioms: [propext, Classical.choice, Quot.sound]
'ZhangLS.Spec.lemma32_residue_disk_parameters' depends on axioms: [propext, Classical.choice, Quot.sound]
'ZhangLS.Spec.lemma32_analytic_correction_residue_disk_bound' depends on axioms: [propext, Classical.choice, Quot.sound]
'ZhangLS.Spec.lemma32_actual_first_derivative_bound' depends on axioms: [propext, Classical.choice, Quot.sound]
'ZhangLS.Spec.lemma32_actual_L_difference_near_one' depends on axioms: [propext, Classical.choice, Quot.sound]
'ZhangLS.Spec.lemma32_actual_value_at_one_small' depends on axioms: [propext, Classical.choice, Quot.sound]
'ZhangLS.Spec.lemma32_circle_small_value_scale_identity' depends on axioms: [propext, Classical.choice, Quot.sound]
'ZhangLS.Spec.lemma32_actual_L_residue_disk_small' depends on axioms: [propext, Classical.choice, Quot.sound]
'ZhangLS.Spec.lemma32_zeta_pole_removed_local_bound' depends on axioms: [propext, Classical.choice, Quot.sound]
'ZhangLS.Spec.lemma32_actual_zeta_local_pole_bound' depends on axioms: [propext, Classical.choice, Quot.sound]
'ZhangLS.Spec.lemma32_actual_zeta_L_residue_circle_bound' depends on axioms: [propext, Classical.choice, Quot.sound]
'ZhangLS.Spec.lemma32_exists_gamma_local_bound' depends on axioms: [propext, Classical.choice, Quot.sound]
'ZhangLS.Spec.lemma32_gamma_local_bound_pos' depends on axioms: [propext, Classical.choice, Quot.sound]
'ZhangLS.Spec.lemma32_gamma_local_bound' depends on axioms: [propext, Classical.choice, Quot.sound]
'ZhangLS.Spec.lemma32_regularized_gamma_local_bound' depends on axioms: [propext, Classical.choice, Quot.sound]
'ZhangLS.Spec.lemma32_smoothing_difference_local_bound' depends on axioms: [propext, Classical.choice, Quot.sound]
'ZhangLS.Spec.lemma32_smoothing_gamma_local_bound' depends on axioms: [propext, Classical.choice, Quot.sound]
'ZhangLS.Spec.lemma32_circle_constant_pos' depends on axioms: [propext, Classical.choice, Quot.sound]
'ZhangLS.Spec.lemma32_circle_integrand_bound' depends on axioms: [propext, Classical.choice, Quot.sound]
'ZhangLS.Spec.lemma32_residue_circle_scale_identity' depends on axioms: [propext, Classical.choice, Quot.sound]
'ZhangLS.Spec.lemma32_actual_normalized_circle_integral_bound' depends on axioms: [propext,
 Classical.choice,
 Quot.sound]
'ZhangLS.Spec.lemma32_modulus_cpow_eq_exp' depends on axioms: [propext, Classical.choice, Quot.sound]
'ZhangLS.Spec.lemma32_original_smoothing_difference' depends on axioms: [propext, Classical.choice, Quot.sound]
'ZhangLS.Spec.lemma32_original_normalized_circle_integral_bound' depends on axioms: [propext,
 Classical.choice,
 Quot.sound]
'ZhangLS.Spec.lemma32_multichoose_2_square_le_4' depends on axioms: [propext, Classical.choice, Quot.sound]
'ZhangLS.Spec.lemma32_multichoose_4_square_le_16' depends on axioms: [propext, Classical.choice, Quot.sound]
'ZhangLS.Spec.lemma32_tau2_square_le_tau4' depends on axioms: [propext, Classical.choice, Quot.sound]
'ZhangLS.Spec.lemma32_tau4_square_le_tau16' depends on axioms: [propext, Classical.choice, Quot.sound]
'ZhangLS.Spec.lemma32_tau_two_eq_card_divisors' depends on axioms: [propext, Classical.choice, Quot.sound]
'ZhangLS.Spec.lemma32_actual_coefficient_le_tau_sixteen' depends on axioms: [propext, Classical.choice, Quot.sound]
'ZhangLS.Spec.lemma32_tau_lseries_summable' depends on axioms: [propext, Classical.choice, Quot.sound]
'ZhangLS.Spec.lemma32_actual_weighted_lseries_summable' depends on axioms: [propext, Classical.choice, Quot.sound]
'ZhangLS.Spec.lemma32_actual_weighted_norm_terms_summable' depends on axioms: [propext, Classical.choice, Quot.sound]
'ZhangLS.Spec.lemma32_weighted_term_at_one' depends on axioms: [propext, Classical.choice, Quot.sound]
'ZhangLS.Spec.lemma32_weighted_term_mul' depends on axioms: [propext, Classical.choice, Quot.sound]
'ZhangLS.Spec.lemma32_actual_weighted_euler_hasProd' depends on axioms: [propext, Classical.choice, Quot.sound]
'ZhangLS.Spec.lemma32_actual_weighted_euler_product' depends on axioms: [propext, Classical.choice, Quot.sound]
'ZhangLS.Spec.lemma32_prime_monomial_eq_cpow' depends on axioms: [propext, Classical.choice, Quot.sound]
'ZhangLS.Spec.lemma32_weighted_prime_power_term' depends on axioms: [propext, Classical.choice, Quot.sound]
'ZhangLS.Spec.lemma32_weighted_local_correction_identity' depends on axioms: [propext, Classical.choice, Quot.sound]
'ZhangLS.Spec.lemma32_finite_ramification_prime_product' depends on axioms: [propext, Classical.choice, Quot.sound]
'ZhangLS.Spec.lemma32_ramification_prime_factors_hasProd' depends on axioms: [propext, Classical.choice, Quot.sound]
'ZhangLS.Spec.lemma32_actual_local_corrections_hasProd' depends on axioms: [propext, Classical.choice, Quot.sound]
'ZhangLS.Spec.lemma32_actual_zeta_monomial_euler_hasProd' depends on axioms: [propext, Classical.choice, Quot.sound]
'ZhangLS.Spec.lemma32_actual_L_monomial_euler_hasProd' depends on axioms: [propext, Classical.choice, Quot.sound]
'ZhangLS.Spec.lemma32_actual_weighted_series_identity' depends on axioms: [propext, Classical.choice, Quot.sound]
'ZhangLS.Spec.lemma32_circle_integrand_differentiableAt' depends on axioms: [propext, Classical.choice, Quot.sound]
'ZhangLS.Spec.lemma32_actual_circle_integrable' depends on axioms: [propext, Classical.choice, Quot.sound]
'ZhangLS.Spec.lemma32_gamma_one_vertical_bound' depends on axioms: [propext, Classical.choice, Quot.sound]
'ZhangLS.Spec.lemma32_gamma_one_vertical_integrable' depends on axioms: [propext, Classical.choice, Quot.sound]
'ZhangLS.Spec.lemma32_exponential_mellin_eq_Gamma' depends on axioms: [propext, Classical.choice, Quot.sound]
'ZhangLS.Spec.lemma32_exponential_mellin_convergent' depends on axioms: [propext, Classical.choice, Quot.sound]
'ZhangLS.Spec.lemma32_actual_Gamma_mellin_inversion' depends on axioms: [propext, Classical.choice, Quot.sound]
'ZhangLS.Spec.lemma32_Gamma_mellin_term_norm' depends on axioms: [propext, Classical.choice, Quot.sound]
'ZhangLS.Spec.lemma32_Gamma_mellin_term_integrable' depends on axioms: [propext, Classical.choice, Quot.sound]
'ZhangLS.Spec.lemma32_Gamma_mellin_term_integral_norm_summable' depends on axioms: [propext,
 Classical.choice,
 Quot.sound]
'ZhangLS.Spec.lemma32_Gamma_mellin_term_eq_kernel' depends on axioms: [propext, Classical.choice, Quot.sound]
'ZhangLS.Spec.lemma32_Gamma_mellin_term_normalized_integral' depends on axioms: [propext, Classical.choice, Quot.sound]
'ZhangLS.Spec.lemma32_Gamma_mellin_tsum_integrable' depends on axioms: [propext, Classical.choice, Quot.sound]
'ZhangLS.Spec.lemma32_full_series_gamma_mellin' depends on axioms: [propext, Classical.choice, Quot.sound]
'ZhangLS.Spec.lemma32_actual_right_Gamma_integrand_eq_tsum' depends on axioms: [propext, Classical.choice, Quot.sound]
'ZhangLS.Spec.lemma32_actual_right_Gamma_integrand_integrable' depends on axioms: [propext,
 Classical.choice,
 Quot.sound]
'ZhangLS.Spec.lemma32_actual_smoothed_weighted_summable' depends on axioms: [propext, Classical.choice, Quot.sound]
'ZhangLS.Spec.lemma32_actual_full_Gamma_mellin' depends on axioms: [propext, Classical.choice, Quot.sound]
'ZhangLS.Spec.lemma32_actual_original_right_Gamma_difference' depends on axioms: [propext, Classical.choice, Quot.sound]
'ZhangLS.Spec.lemma32_actual_original_right_Gamma_integrable' depends on axioms: [propext, Classical.choice, Quot.sound]
'ZhangLS.Spec.lemma32_actual_original_Gamma_mellin_difference' depends on axioms: [propext,
 Classical.choice,
 Quot.sound]
'ZhangLS.Spec.lemma32_actual_smoothed_difference_series' depends on axioms: [propext, Classical.choice, Quot.sound]
'ZhangLS.Spec.lemma32_actual_weighted_term_one_real' depends on axioms: [propext, Classical.choice, Quot.sound]
'ZhangLS.Spec.lemma32_actual_real_smoothed_terms_summable' depends on axioms: [propext, Classical.choice, Quot.sound]
'ZhangLS.Spec.lemma32_actual_smoothed_difference_real_series' depends on axioms: [propext, Classical.choice, Quot.sound]
'ZhangLS.Spec.lemma32_actual_real_smoothed_term_nonneg' depends on axioms: [propext, Classical.choice, Quot.sound]
'ZhangLS.Spec.lemma32_actual_real_smoothed_difference_nonneg' depends on axioms: [propext, Classical.choice, Quot.sound]
'ZhangLS.Spec.lemma32_smoothing_window_lower_bound_pos' depends on axioms: [propext, Classical.choice, Quot.sound]
'ZhangLS.Spec.lemma32_exponential_smoothing_window_lower' depends on axioms: [propext, Classical.choice, Quot.sound]
'ZhangLS.Spec.lemma32_actual_smoothing_weight_window_lower' depends on axioms: [propext, Classical.choice, Quot.sound]
'ZhangLS.Spec.lemma32_actual_weighted_tail_le_smoothed' depends on axioms: [propext, Classical.choice, Quot.sound]
'ZhangLS.Spec.lemma32_zeta_pole_removed_differentiableAt' depends on axioms: [propext, Classical.choice, Quot.sound]
'ZhangLS.Spec.lemma32_smoothing_difference_differentiable' depends on axioms: [propext, Classical.choice, Quot.sound]
'ZhangLS.Spec.lemma32_smoothing_dslope_differentiable' depends on axioms: [propext, Classical.choice, Quot.sound]
'ZhangLS.Spec.lemma32_regular_numerator_differentiableAt' depends on axioms: [propext, Classical.choice, Quot.sound]
'ZhangLS.Spec.lemma32_regular_numerator_analyticOnNhd' depends on axioms: [propext, Classical.choice, Quot.sound]
'ZhangLS.Spec.lemma32_regular_numerator_eq' depends on axioms: [propext, Classical.choice, Quot.sound]
'ZhangLS.Spec.lemma32_regular_numerator_differentiableOn_ball' depends on axioms: [propext,
 Classical.choice,
 Quot.sound]
'ZhangLS.Spec.lemma32_actual_circle_integral_eq_residue' depends on axioms: [propext, Classical.choice, Quot.sound]
'ZhangLS.Spec.lemma32_actual_original_circle_integral_eq_residue' depends on axioms: [propext,
 Classical.choice,
 Quot.sound]
'ZhangLS.Spec.lemma32_actual_residue_bound' depends on axioms: [propext, Classical.choice, Quot.sound]
'ZhangLS.Spec.lemma32_divided_remainder_differentiableOn' depends on axioms: [propext, Classical.choice, Quot.sound]
'ZhangLS.Spec.lemma32_divided_remainder_analyticOnNhd' depends on axioms: [propext, Classical.choice, Quot.sound]
'ZhangLS.Spec.lemma32_divided_remainder_recurrence' depends on axioms: [propext, Classical.choice, Quot.sound]
'ZhangLS.Spec.lemma32_regular_numerator_finite_expansion' depends on axioms: [propext, Classical.choice, Quot.sound]
'ZhangLS.Spec.lemma32_actual_integrand_principal_decomposition' depends on axioms: [propext,
 Classical.choice,
 Quot.sound]
'ZhangLS.Spec.lemma32_actual_regular_remainder_rectangle_zero' depends on axioms: [propext,
 Classical.choice,
 Quot.sound]
'ZhangLS.Spec.lemma32_divided_remainder_power_series' depends on axioms: [propext, Classical.choice, Quot.sound]
'ZhangLS.Spec.lemma32_divided_remainder_coefficient' depends on axioms: [propext, Classical.choice, Quot.sound]
'ZhangLS.Spec.lemma32_actual_residue_eq_divided_remainder' depends on axioms: [propext, Classical.choice, Quot.sound]
'ZhangLS.Spec.lemma32_laurent_primitive_hasDerivAt' depends on axioms: [propext, Classical.choice, Quot.sound]
'ZhangLS.Spec.lemma32_horizontal_zpow_integral' depends on axioms: [propext, Classical.choice, Quot.sound]
'ZhangLS.Spec.lemma32_vertical_zpow_integral' depends on axioms: [propext, Classical.choice, Quot.sound]
'ZhangLS.Spec.lemma32_rectangle_zpow_zero' depends on axioms: [propext, Classical.choice, Quot.sound]
'ZhangLS.Spec.lemma32_rectangle_inverse_winding' depends on axioms: [propext, Classical.choice, Quot.sound]
'ZhangLS.Spec.lemma32_rectangle_laurent_kernel' depends on axioms: [propext, Classical.choice, Quot.sound]
'ZhangLS.Spec.lemma32_boundary_integrable_punctured' depends on axioms: [propext, Classical.choice, Quot.sound]
'ZhangLS.Spec.lemma32_boundary_integral_add' depends on axioms: [propext, Classical.choice, Quot.sound]
'ZhangLS.Spec.lemma32_boundary_integral_const_mul' depends on axioms: [propext, Classical.choice, Quot.sound]
'ZhangLS.Spec.lemma32_boundary_integral_sum' depends on axioms: [propext, Classical.choice, Quot.sound]
'ZhangLS.Spec.lemma32_laurent_kernel_continuousOn' depends on axioms: [propext, Classical.choice, Quot.sound]
'ZhangLS.Spec.lemma32_principal_part_boundary_integrable' depends on axioms: [propext, Classical.choice, Quot.sound]
'ZhangLS.Spec.lemma32_actual_principal_boundary_residue' depends on axioms: [propext, Classical.choice, Quot.sound]
'ZhangLS.Spec.lemma32_boundary_integrable_halfplane' depends on axioms: [propext, Classical.choice, Quot.sound]
'ZhangLS.Spec.lemma32_actual_finite_rectangle_residue' depends on axioms: [propext, Classical.choice, Quot.sound]
'ZhangLS.Spec.lemma32_mellin_normalizing_factor' depends on axioms: [propext, Classical.choice, Quot.sound]
'ZhangLS.Spec.lemma32_actual_normalized_finite_shift' depends on axioms: [propext, Classical.choice, Quot.sound]
'ZhangLS.Spec.lemma32_gamma_shift_product' depends on axioms: [propext, Classical.choice, Quot.sound]
'ZhangLS.Spec.lemma32_gamma_shift_norm_lower' depends on axioms: [propext, Classical.choice, Quot.sound]
'ZhangLS.Spec.lemma32_gamma_strip_polynomial_decay' depends on axioms: [propext, Classical.choice, Quot.sound]
'ZhangLS.Spec.lemma32_ramification_global_bound' depends on axioms: [propext, Classical.choice, Quot.sound]
'ZhangLS.Spec.lemma32_analytic_correction_global_growth' depends on axioms: [propext, Classical.choice, Quot.sound]
'ZhangLS.Spec.lemma32_positive_strip_high_norm' depends on axioms: [propext, Classical.choice, Quot.sound]
'ZhangLS.Spec.lemma32_actual_zeta_strip_high_growth' depends on axioms: [propext, Classical.choice, Quot.sound]
'ZhangLS.Spec.lemma32_actual_L_strip_high_growth' depends on axioms: [propext, Classical.choice, Quot.sound]
'ZhangLS.Spec.lemma32_actual_zeta_L_strip_high_growth' depends on axioms: [propext, Classical.choice, Quot.sound]
'ZhangLS.Spec.lemma32_smoothing_strip_growth' depends on axioms: [propext, Classical.choice, Quot.sound]
'ZhangLS.Spec.lemma32_global_height_constant_pos' depends on axioms: [propext, Classical.choice, Quot.sound]
'ZhangLS.Spec.lemma32_actual_integrand_height_decay' depends on axioms: [propext, Classical.choice, Quot.sound]
'ZhangLS.Spec.lemma32_actual_integrand_eq_regular_div' depends on axioms: [propext, Classical.choice, Quot.sound]
'ZhangLS.Spec.lemma32_actual_integrand_differentiableAt_global' depends on axioms: [propext,
 Classical.choice,
 Quot.sound]
'ZhangLS.Spec.lemma32_actual_vertical_continuous' depends on axioms: [propext, Classical.choice, Quot.sound]
'ZhangLS.Spec.lemma32_integrable_of_quartic_decay' depends on axioms: [propext, Classical.choice, Quot.sound]
'ZhangLS.Spec.lemma32_actual_left_vertical_integrable' depends on axioms: [propext, Classical.choice, Quot.sound]
'ZhangLS.Spec.lemma32_actual_horizontal_integral_bound' depends on axioms: [propext, Classical.choice, Quot.sound]
'ZhangLS.Spec.lemma32_tendsto_zero_of_quartic_norm_bound' depends on axioms: [propext, Classical.choice, Quot.sound]
'ZhangLS.Spec.lemma32_actual_upper_horizontal_decay' depends on axioms: [propext, Classical.choice, Quot.sound]
'ZhangLS.Spec.lemma32_actual_lower_horizontal_decay' depends on axioms: [propext, Classical.choice, Quot.sound]
'ZhangLS.Spec.lemma32_actual_infinite_contour_shift' depends on axioms: [propext, Classical.choice, Quot.sound]
'ZhangLS.Spec.lemma32_actual_smoothed_difference_eq_residue_add_left' depends on axioms: [propext,
 Classical.choice,
 Quot.sound]
'ZhangLS.Spec.lemma32_actual_original_tail_reduction' depends on axioms: [propext, Classical.choice, Quot.sound]
'ZhangLS.Spec.lemma32_ramified_prime_small_bound' depends on axioms: [propext, Classical.choice, Quot.sound]
'ZhangLS.Spec.lemma32_large_prime_monomial_small' depends on axioms: [propext, Classical.choice, Quot.sound]
'ZhangLS.Spec.lemma32_ramified_large_prime_saving' depends on axioms: [propext, Classical.choice, Quot.sound]
'ZhangLS.Spec.lemma32_ramification_saving_constant_pos' depends on axioms: [propext, Classical.choice, Quot.sound]
'ZhangLS.Spec.lemma32_prime_factors_log_sum_bound' depends on axioms: [propext, Classical.choice, Quot.sound]
'ZhangLS.Spec.lemma32_ramification_small_prime_count' depends on axioms: [propext, Classical.choice, Quot.sound]
'ZhangLS.Spec.lemma32_ramification_uniform_power_saving' depends on axioms: [propext, Classical.choice, Quot.sound]
'ZhangLS.Spec.lemma32_analytic_correction_uniform_power_saving' depends on axioms: [propext,
 Classical.choice,
 Quot.sound]
'ZhangLS.Spec.lemma32_square_quarter_power' depends on axioms: [propext, Classical.choice, Quot.sound]
'ZhangLS.Spec.lemma32_square_negative_quarter_power' depends on axioms: [propext, Classical.choice, Quot.sound]
'ZhangLS.Spec.lemma32_small_quarter_power_integral' depends on axioms: [propext, Classical.choice, Quot.sound]
'ZhangLS.Spec.lemma32_large_quarter_power_integral' depends on axioms: [propext, Classical.choice, Quot.sound]
'ZhangLS.Spec.lemma32_actual_partial_sum_square_root_majorant' depends on axioms: [propext,
 Classical.choice,
 Quot.sound]
'ZhangLS.Spec.lemma32_actual_abel_small_majorant' depends on axioms: [propext, Classical.choice, Quot.sound]
'ZhangLS.Spec.lemma32_actual_abel_large_majorant' depends on axioms: [propext, Classical.choice, Quot.sound]
'ZhangLS.Spec.lemma32_actual_abel_square_root_partial_sum_bound' depends on axioms: [propext,
 Classical.choice,
 Quot.sound]
'ZhangLS.Spec.lemma32_actual_L_bound_of_square_root_partial_sums' depends on axioms: [propext,
 Classical.choice,
 Quot.sound]
'ZhangLS.Spec.lemma32_burgess_scale_half_power' depends on axioms: [propext, Classical.choice, Quot.sound]
'ZhangLS.Spec.lemma32_actual_L_bound_of_burgess_partial_sums' depends on axioms: [propext, Classical.choice, Quot.sound]
'ZhangLS.Spec.lemma32_left_line_Gamma_continuous' depends on axioms: [propext, Classical.choice, Quot.sound]
'ZhangLS.Spec.lemma32_left_line_zeta_continuous' depends on axioms: [propext, Classical.choice, Quot.sound]
'ZhangLS.Spec.lemma32_left_kernel_continuous' depends on axioms: [propext, Classical.choice, Quot.sound]
'ZhangLS.Spec.lemma32_left_kernel_nonneg' depends on axioms: [propext, Classical.choice, Quot.sound]
'ZhangLS.Spec.lemma32_left_kernel_high_bound' depends on axioms: [propext, Classical.choice, Quot.sound]
'ZhangLS.Spec.lemma32_left_kernel_integrable' depends on axioms: [propext, Classical.choice, Quot.sound]
'ZhangLS.Spec.lemma32_left_kernel_constant_pos' depends on axioms: [propext, Classical.choice, Quot.sound]
'ZhangLS.Spec.lemma32_left_kernel_integral_le' depends on axioms: [propext, Classical.choice, Quot.sound]
'ZhangLS.Spec.lemma32_smoothing_left_line_bound' depends on axioms: [propext, Classical.choice, Quot.sound]
'ZhangLS.Spec.lemma32_half_power_eighth' depends on axioms: [propext, Classical.choice, Quot.sound]
'ZhangLS.Spec.lemma32_actual_left_integrand_bound_of_partial_sums' depends on axioms: [propext,
 Classical.choice,
 Quot.sound]
'ZhangLS.Spec.lemma32_left_error_constant_pos' depends on axioms: [propext, Classical.choice, Quot.sound]
'ZhangLS.Spec.lemma32_actual_left_integral_bound_of_partial_sums' depends on axioms: [propext,
 Classical.choice,
 Quot.sound]
'ZhangLS.Spec.lemma32_burgess_scale_fourth_decay' depends on axioms: [propext, Classical.choice, Quot.sound]
'ZhangLS.Spec.lemma32_actual_left_integral_bound_of_burgess_partial_sums' depends on axioms: [propext,
 Classical.choice,
 Quot.sound]
'ZhangLS.Spec.lemma32_left_error_absorption_threshold' depends on axioms: [propext, Classical.choice, Quot.sound]
'ZhangLS.Spec.lemma32_target_of_uniform_burgess_partial_sums' depends on axioms: [propext, Classical.choice, Quot.sound]
'ZhangLS.Spec.lemma32_real_complex_norm_fourth' depends on axioms: [propext, Classical.choice, Quot.sound]
'ZhangLS.Spec.lemma32_actual_quartic_character_product' depends on axioms: [propext, Classical.choice, Quot.sound]
'ZhangLS.Spec.lemma32_actual_burgess_fourth_moment_expansion' depends on axioms: [propext, Classical.choice, Quot.sound]
'ZhangLS.Spec.lemma32_quartic_pairing_image_card' depends on axioms: [propext, Classical.choice, Quot.sound]
'ZhangLS.Spec.lemma32_degenerate_quartic_tuples_card' depends on axioms: [propext, Classical.choice, Quot.sound]
'ZhangLS.Spec.lemma32_actual_quartic_correlation_abs_bound' depends on axioms: [propext, Classical.choice, Quot.sound]
'ZhangLS.Spec.lemma32_degenerate_fourth_moment_contribution_bound' depends on axioms: [propext,
 Classical.choice,
 Quot.sound]
'ZhangLS.Spec.lemma32_quadratic_character_value_square' depends on axioms: [propext, Classical.choice, Quot.sound]
'ZhangLS.Spec.lemma32_quadratic_character_inverse' depends on axioms: [propext, Classical.choice, Quot.sound]
'ZhangLS.Spec.lemma32_quadratic_two_linear_correlation' depends on axioms: [propext, Classical.choice, Quot.sound]
'ZhangLS.Spec.lemma32_quadratic_character_norm_le_one' depends on axioms: [propext, Classical.choice, Quot.sound]
'ZhangLS.Spec.lemma32_actual_prime_two_linear_correlation' depends on axioms: [propext, Classical.choice, Quot.sound]
'ZhangLS.Spec.lemma32_actual_prime_two_linear_real_correlation' depends on axioms: [propext,
 Classical.choice,
 Quot.sound]
'ZhangLS.Spec.lemma32_quadratic_repeated_root_correlation' depends on axioms: [propext, Classical.choice, Quot.sound]
'ZhangLS.Spec.lemma32_quadratic_repeated_root_correlation_norm' depends on axioms: [propext,
 Classical.choice,
 Quot.sound]
'ZhangLS.Spec.lemma32_mem_degenerate_iff_paired' depends on axioms: [propext, Classical.choice, Quot.sound]
'ZhangLS.Spec.lemma32_actual_prime_repeated_correlation_norm' depends on axioms: [propext, Classical.choice, Quot.sound]
'ZhangLS.Spec.lemma32_actual_prime_quartic_repeated_correlation' depends on axioms: [propext,
 Classical.choice,
 Quot.sound]
'ZhangLS.Spec.lemma32_actual_fourth_moment_decomposition' depends on axioms: [propext, Classical.choice, Quot.sound]
'ZhangLS.Spec.lemma32_actual_fourth_moment_remainder_bound' depends on axioms: [propext, Classical.choice, Quot.sound]
'ZhangLS.Spec.lemma32_nondegenerate_fourth_moment_nonneg' depends on axioms: [propext, Classical.choice, Quot.sound]
'ZhangLS.Spec.lemma32_quartic_correlation_permutation' depends on axioms: [propext, Classical.choice, Quot.sound]
'ZhangLS.Spec.lemma32_actual_prime_repeated_quartic_permutation_bound' depends on axioms: [propext,
 Classical.choice,
 Quot.sound]
'ZhangLS.Spec.lemma32_quartic_cubic_substitution' depends on axioms: [propext, Classical.choice, Quot.sound]
'ZhangLS.Spec.lemma32_quadratic_quartic_cubic_point_identity' depends on axioms: [propext, Classical.choice, Quot.sound]
'ZhangLS.Spec.lemma32_quadratic_quartic_cubic_punctured_sum' depends on axioms: [propext, Classical.choice, Quot.sound]
'ZhangLS.Spec.lemma32_quadratic_quartic_cubic_sum_identity' depends on axioms: [propext, Classical.choice, Quot.sound]
'ZhangLS.Spec.lemma32_monic_cubic_normalization' depends on axioms: [propext, Quot.sound]
'ZhangLS.Spec.lemma32_quadratic_monic_cubic_point_identity' depends on axioms: [propext, Classical.choice, Quot.sound]
'ZhangLS.Spec.lemma32_quadratic_normalized_cubic_sum_identity' depends on axioms: [propext,
 Classical.choice,
 Quot.sound]
'ZhangLS.Spec.lemma32_quadratic_quartic_normalized_cubic_sum_identity' depends on axioms: [propext,
 Classical.choice,
 Quot.sound]
'ZhangLS.Spec.lemma32_normalized_cubic_root_factorization' depends on axioms: [propext, Quot.sound]
'ZhangLS.Spec.lemma32_quartic_Weierstrass_discriminant' depends on axioms: [propext, Quot.sound]
'ZhangLS.Spec.lemma32_cubic_leading_coefficient_nonzero' depends on axioms: [propext, Classical.choice, Quot.sound]
'ZhangLS.Spec.lemma32_quartic_Weierstrass_discriminant_nonzero' depends on axioms: [propext,
 Classical.choice,
 Quot.sound]
'ZhangLS.Spec.lemma32_quartic_Weierstrass_isElliptic' depends on axioms: [propext, Classical.choice, Quot.sound]
'ZhangLS.Spec.lemma32_mulchar_eq_of_unit_generator' depends on axioms: [propext, Classical.choice, Quot.sound]
'ZhangLS.Spec.lemma32_nontrivial_quadratic_unit_generator_value' depends on axioms: [propext,
 Classical.choice,
 Quot.sound]
'ZhangLS.Spec.lemma32_nontrivial_quadratic_character_unique' depends on axioms: [propext, Classical.choice, Quot.sound]
'ZhangLS.Spec.lemma32_nontrivial_quadratic_character_eq_canonical' depends on axioms: [propext,
 Classical.choice,
 Quot.sound]
'ZhangLS.Spec.lemma32_nontrivial_quadratic_character_canonical_value' depends on axioms: [propext,
 Classical.choice,
 Quot.sound]
'ZhangLS.Spec.lemma32_affine_solution_card_fibers' depends on axioms: [propext, Classical.choice, Quot.sound]
'ZhangLS.Spec.lemma32_quadratic_square_root_count' depends on axioms: [propext, Classical.choice, Quot.sound]
'ZhangLS.Spec.lemma32_actual_affine_card_character_sum' depends on axioms: [propext, Classical.choice, Quot.sound]
'ZhangLS.Spec.lemma32_quartic_character_sum_affine_card' depends on axioms: [propext, Classical.choice, Quot.sound]
'ZhangLS.Spec.lemma32_quartic_curve_affine_equation' depends on axioms: [propext, Classical.choice, Quot.sound]
'ZhangLS.Spec.lemma32_quartic_curve_affine_solution_finset' depends on axioms: [propext, Classical.choice, Quot.sound]
'ZhangLS.Spec.lemma32_quartic_character_sum_Weierstrass_affine_card' depends on axioms: [propext,
 Classical.choice,
 Quot.sound]
'ZhangLS.Spec.lemma32_Weierstrass_point_card_affine' depends on axioms: [propext, Classical.choice, Quot.sound]
'ZhangLS.Spec.lemma32_quartic_character_sum_actual_curve_points' depends on axioms: [propext,
 Classical.choice,
 Quot.sound]
'ZhangLS.Spec.lemma32_actual_prime_quartic_point_count' depends on axioms: [propext, Classical.choice, Quot.sound]
'ZhangLS.Spec.lemma32_actual_prime_quartic_correlation_point_count' depends on axioms: [propext,
 Classical.choice,
 Quot.sound]
'ZhangLS.Spec.lemma32_nontrivial_quadratic_odd_characteristic' depends on axioms: [propext,
 Classical.choice,
 Quot.sound]
'ZhangLS.Spec.lemma32_field_two_nonzero_of_odd_characteristic' depends on axioms: [propext,
 Classical.choice,
 Quot.sound]
'ZhangLS.Spec.lemma32_actual_prime_odd_characteristic' depends on axioms: [propext, Classical.choice, Quot.sound]
'ZhangLS.Spec.lemma32_actual_prime_distinct_quartic_point_count' depends on axioms: [propext,
 Classical.choice,
 Quot.sound]
'ZhangLS.Spec.lemma32_four_distinct_roots_injective' depends on axioms: [propext, Classical.choice, Quot.sound]
'ZhangLS.Spec.lemma32_four_distinct_roots_field_card' depends on axioms: [propext, Classical.choice, Quot.sound]
'ZhangLS.Spec.lemma32_four_distinct_prime_roots_modulus_ge_five' depends on axioms: [propext,
 Classical.choice,
 Quot.sound]
'ZhangLS.Spec.lemma32_quadratic_unpaired_quartic_collision_bound' depends on axioms: [propext,
 Classical.choice,
 Quot.sound]
'ZhangLS.Spec.lemma32_short_residue_cast_injective' depends on axioms: [propext, Quot.sound]
'ZhangLS.Spec.lemma32_actual_prime_unpaired_collision_correlation' depends on axioms: [propext,
 Classical.choice,
 Quot.sound]
'ZhangLS.Spec.lemma32_quartic_noninjective_iff_collision' depends on axioms: [propext, Classical.choice, Quot.sound]
'ZhangLS.Spec.lemma32_collision_tuples_covered' depends on axioms: [propext, Classical.choice, Quot.sound]
'ZhangLS.Spec.lemma32_collision_quartic_tuple_card' depends on axioms: [propext, Classical.choice, Quot.sound]
'ZhangLS.Spec.lemma32_prime_collision_fourth_moment_bound' depends on axioms: [propext, Classical.choice, Quot.sound]
'ZhangLS.Spec.lemma32_nondegenerate_split_by_injectivity' depends on axioms: [propext, Classical.choice, Quot.sound]
'ZhangLS.Spec.lemma32_actual_prime_fourth_moment_distinct_reduction' depends on axioms: [propext,
 Classical.choice,
 Quot.sound]
'ZhangLS.Spec.lemma32_distinct_quartic_correlation_point_count' depends on axioms: [propext,
 Classical.choice,
 Quot.sound]
'ZhangLS.Spec.lemma32_distinct_fourth_moment_eq_actual_point_discrepancy' depends on axioms: [propext,
 Classical.choice,
 Quot.sound]
'ZhangLS.Spec.lemma32_actual_curve_points_finite' depends on axioms: [propext, Classical.choice, Quot.sound]
'ZhangLS.Spec.lemma32_actual_curve_fintype_card_eq_nat_card' depends on axioms: [propext, Classical.choice, Quot.sound]
'ZhangLS.Spec.lemma32_product_character_factorization' depends on axioms: [propext, Classical.choice, Quot.sound]
'ZhangLS.Spec.lemma32_product_character_finite_sum' depends on axioms: [propext, Classical.choice, Quot.sound]
'ZhangLS.Spec.lemma32_product_character_left_quadratic' depends on axioms: [propext, Classical.choice, Quot.sound]
'ZhangLS.Spec.lemma32_product_character_right_quadratic' depends on axioms: [propext, Classical.choice, Quot.sound]
'ZhangLS.Spec.lemma32_product_quartic_character_sum' depends on axioms: [propext, Classical.choice, Quot.sound]
'ZhangLS.Spec.lemma32_character_equiv_pullback_quadratic' depends on axioms: [propext, Classical.choice, Quot.sound]
'ZhangLS.Spec.lemma32_character_equiv_pullback_nontrivial' depends on axioms: [propext, Classical.choice, Quot.sound]
'ZhangLS.Spec.lemma32_quartic_character_sum_ring_equiv' depends on axioms: [propext, Classical.choice, Quot.sound]
'ZhangLS.Spec.lemma32_actual_CRT_character_quadratic' depends on axioms: [propext, Classical.choice, Quot.sound]
'ZhangLS.Spec.lemma32_actual_CRT_quartic_character_sum' depends on axioms: [propext, Classical.choice, Quot.sound]
'ZhangLS.Spec.lemma32_actual_CRT_character_factorization' depends on axioms: [propext, Classical.choice, Quot.sound]
'ZhangLS.Spec.lemma32_actual_CRT_factorsThrough_left' depends on axioms: [propext, Classical.choice, Quot.sound]
'ZhangLS.Spec.lemma32_actual_CRT_factorsThrough_right' depends on axioms: [propext, Classical.choice, Quot.sound]
'ZhangLS.Spec.lemma32_actual_primitive_CRT_left_nontrivial' depends on axioms: [propext, Classical.choice, Quot.sound]
'ZhangLS.Spec.lemma32_actual_primitive_CRT_right_nontrivial' depends on axioms: [propext, Classical.choice, Quot.sound]
'ZhangLS.Spec.lemma32_changeLevel_factorsThrough_conductor' depends on axioms: [propext, Classical.choice, Quot.sound]
'ZhangLS.Spec.lemma32_changeLevel_conductor_dvd' depends on axioms: [propext, Classical.choice, Quot.sound]
'ZhangLS.Spec.lemma32_actual_CRT_changeLevel_product' depends on axioms: [propext, Classical.choice, Quot.sound]
'ZhangLS.Spec.lemma32_actual_CRT_conductor_dvd_lcm' depends on axioms: [propext, Classical.choice, Quot.sound]
'ZhangLS.Spec.lemma32_actual_primitive_CRT_characters' depends on axioms: [propext, Classical.choice, Quot.sound]
'ZhangLS.Spec.lemma32_real_primitive_CRT_factorization' depends on axioms: [propext, Classical.choice, Quot.sound]
'ZhangLS.Spec.lemma32_real_primitive_CRT_quartic_sum' depends on axioms: [propext, Classical.choice, Quot.sound]
'ZhangLS.Spec.lemma32_quadratic_hom_odd_card_eq_one' depends on axioms: [propext, Classical.choice, Quot.sound]
'ZhangLS.Spec.lemma32_quadratic_character_factorsThrough_odd_kernel' depends on axioms: [propext,
 Classical.choice,
 Quot.sound]
'ZhangLS.Spec.lemma32_units_reduction_kernel_card' depends on axioms: [propext, Classical.choice, Quot.sound]
'ZhangLS.Spec.lemma32_prime_power_reduction_kernel_card' depends on axioms: [propext, Classical.choice, Quot.sound]
'ZhangLS.Spec.lemma32_odd_prime_power_quadratic_factorsThrough' depends on axioms: [propext,
 Classical.choice,
 Quot.sound]
'ZhangLS.Spec.lemma32_odd_prime_power_quadratic_conductor_dvd' depends on axioms: [propext,
 Classical.choice,
 Quot.sound]
'ZhangLS.Spec.lemma32_odd_prime_power_primitive_quadratic_exponent' depends on axioms: [propext,
 Classical.choice,
 Quot.sound]
'ZhangLS.Spec.lemma32_two_power_reduction_kernel_card' depends on axioms: [propext, Classical.choice, Quot.sound]
'ZhangLS.Spec.lemma32_two_power_five_unit_order' depends on axioms: [propext, Classical.choice, Quot.sound]
'ZhangLS.Spec.lemma32_two_power_five_square_order' depends on axioms: [propext, Classical.choice, Quot.sound]
'ZhangLS.Spec.lemma32_two_power_reduction_kernel_generator' depends on axioms: [propext, Classical.choice, Quot.sound]
'ZhangLS.Spec.lemma32_two_power_quadratic_factorsThrough' depends on axioms: [propext, Classical.choice, Quot.sound]
'ZhangLS.Spec.lemma32_two_power_quadratic_conductor_dvd' depends on axioms: [propext, Classical.choice, Quot.sound]
'ZhangLS.Spec.lemma32_two_power_primitive_quadratic_exponent' depends on axioms: [propext, Classical.choice, Quot.sound]
'ZhangLS.Spec.lemma32_real_primitive_odd_prime_exponent' depends on axioms: [propext, Classical.choice, Quot.sound]
'ZhangLS.Spec.lemma32_real_primitive_two_adic_exponent' depends on axioms: [propext, Classical.choice, Quot.sound]
'ZhangLS.Spec.lemma32_real_primitive_odd_part_squarefree' depends on axioms: [propext, Classical.choice, Quot.sound]
'ZhangLS.Spec.lemma32_real_primitive_modulus_shape' depends on axioms: [propext, Classical.choice, Quot.sound]
'ZhangLS.Spec.lemma32_actual_curve_hasse_nat_card' depends on axioms: [propext, Classical.choice, Quot.sound]
'ZhangLS.Spec.lemma32_actual_prime_distinct_quartic_hasse_bound' depends on axioms: [propext,
 Classical.choice,
 Quot.sound]
'ZhangLS.Spec.lemma32_actual_prime_distinct_quartic_correlation_bound' depends on axioms: [propext,
 Classical.choice,
 Quot.sound]
'ZhangLS.Spec.lemma32_actual_prime_distinct_fourth_moment_bound' depends on axioms: [propext,
 Classical.choice,
 Quot.sound]
'ZhangLS.Spec.lemma32_actual_prime_fourth_moment_hasse_bound' depends on axioms: [propext, Classical.choice, Quot.sound]
'ZhangLS.Spec.lemma32_prime_sqrt_ge_one' depends on axioms: [propext, Classical.choice, Quot.sound]
'ZhangLS.Spec.lemma32_actual_prime_unpaired_quartic_hasse_bound' depends on axioms: [propext,
 Classical.choice,
 Quot.sound]
'ZhangLS.Spec.lemma32_actual_prime_isolated_root_hasse_bound' depends on axioms: [propext, Classical.choice, Quot.sound]
'ZhangLS.Spec.lemma32_unpaired_quartic_tuple_has_singleton' depends on axioms: [propext, Classical.choice, Quot.sound]
'ZhangLS.Spec.lemma32_actual_quartic_sum_trivial_norm' depends on axioms: [propext, Classical.choice, Quot.sound]
'ZhangLS.Spec.lemma32_actual_prime_quartic_root_difference_bound' depends on axioms: [propext,
 Classical.choice,
 Quot.sound]
'HasseWeil.WeilPairing.hasse_bound' depends on axioms: [propext, Classical.choice, Quot.sound]
'HasseWeil.WeilPairing.hasse_bound_unconditional' depends on axioms: [propext, Classical.choice, Quot.sound]
'ZhangLS.Spec.lemma32_actual_coefficient_nonneg' depends on axioms: [propext, Classical.choice, Quot.sound]
'ZhangLS.Spec.lemma32_tau_two_prime_power' depends on axioms: [propext, Classical.choice, Quot.sound]
'ZhangLS.Spec.lemma32_actual_coefficient_prime_power_of_one' depends on axioms: [propext, Classical.choice, Quot.sound]
'ZhangLS.Spec.lemma32_actual_coefficient_prime_power_of_zero' depends on axioms: [propext, Classical.choice, Quot.sound]
'ZhangLS.Spec.lemma32_actual_coefficient_prime_power_of_neg_one' depends on axioms: [propext,
 Classical.choice,
 Quot.sound]
'ZhangLS.Spec.lemma32_actual_coefficient_one' depends on axioms: [propext, Classical.choice, Quot.sound]
'ZhangLS.Spec.lemma32_rising_choose_two' depends on axioms: [propext, Classical.choice, Quot.sound]
'ZhangLS.Spec.lemma32_rising_choose_three' depends on axioms: [propext, Classical.choice, Quot.sound]
'ZhangLS.Spec.lemma32_rising_choose_four' depends on axioms: [propext, Classical.choice, Quot.sound]
'ZhangLS.Spec.lemma32_fourth_power_choose' depends on axioms: [propext, Classical.choice, Quot.sound]
'ZhangLS.Spec.lemma32_fourth_geometric_hasSum' depends on axioms: [propext, Classical.choice, Quot.sound]
'ZhangLS.Spec.lemma32_actual_coefficient_mul' depends on axioms: [propext, Classical.choice, Quot.sound]
'ZhangLS.Spec.lemma32_square_geometric_hasSum' depends on axioms: [propext, Classical.choice, Quot.sound]
'ZhangLS.Spec.lemma32_even_square_geometric_hasSum' depends on axioms: [propext, Classical.choice, Quot.sound]
'ZhangLS.Spec.lemma32_actual_local_series_of_one' depends on axioms: [propext, Classical.choice, Quot.sound]
'ZhangLS.Spec.lemma32_actual_local_series_of_zero' depends on axioms: [propext, Classical.choice, Quot.sound]
'ZhangLS.Spec.lemma32_actual_even_local_series_of_neg_one' depends on axioms: [propext, Classical.choice, Quot.sound]
'ZhangLS.Spec.lemma32_actual_local_series_of_neg_one' depends on axioms: [propext, Classical.choice, Quot.sound]
'ZhangLS.Spec.lemma32_local_correction_of_one' depends on axioms: [propext, Classical.choice, Quot.sound]
'ZhangLS.Spec.lemma32_local_correction_of_zero' depends on axioms: [propext, Classical.choice, Quot.sound]
'ZhangLS.Spec.lemma32_local_correction_of_neg_one' depends on axioms: [propext, Classical.choice, Quot.sound]
'ZhangLS.Spec.lemma32_bounded_polynomial_norm' depends on axioms: [propext, Classical.choice, Quot.sound]
'ZhangLS.Spec.lemma32_plus_factor_remainder' depends on axioms: [propext, Classical.choice, Quot.sound]
'ZhangLS.Spec.lemma32_minus_factor_remainder' depends on axioms: [propext, Classical.choice, Quot.sound]
'ZhangLS.Spec.lemma32_plus_factor_norm_sub_one' depends on axioms: [propext, Classical.choice, Quot.sound]
'ZhangLS.Spec.lemma32_minus_factor_norm_sub_one' depends on axioms: [propext, Classical.choice, Quot.sound]
'ZhangLS.Spec.lemma32_actual_local_correction_norm_sub_one' depends on axioms: [propext, Classical.choice, Quot.sound]
'ZhangLS.Spec.lemma32_character_prime_cases_of_not_dvd' depends on axioms: [propext, Classical.choice, Quot.sound]
'ZhangLS.Spec.lemma32_local_correction_norm_of_not_dvd' depends on axioms: [propext, Classical.choice, Quot.sound]
'ZhangLS.Spec.lemma32_zero_factor_norm' depends on axioms: [propext, Classical.choice, Quot.sound]
'ZhangLS.Spec.lemma32_local_correction_norm_of_dvd' depends on axioms: [propext, Classical.choice, Quot.sound]
'ZhangLS.Spec.lemma32_zero_correction_factorization' depends on axioms: [propext, Classical.choice, Quot.sound]
'ZhangLS.Spec.lemma32_actual_correction_regular_factorization' depends on axioms: [propext,
 Classical.choice,
 Quot.sound]
'ZhangLS.Spec.lemma32_regular_local_norm_sub_one' depends on axioms: [propext, Classical.choice, Quot.sound]
'ZhangLS.Spec.lemma32_regular_local_differentiable' depends on axioms: [propext, Classical.choice, Quot.sound]
'ZhangLS.Spec.lemma32_regular_local_at_zero' depends on axioms: [propext, Classical.choice, Quot.sound]
'ZhangLS.Spec.lemma32_prime_monomial_norm' depends on axioms: [propext, Classical.choice, Quot.sound]
'ZhangLS.Spec.lemma32_prime_monomial_norm_square' depends on axioms: [propext, Classical.choice, Quot.sound]
'ZhangLS.Spec.lemma32_prime_monomial_norm_lt_one' depends on axioms: [propext, Classical.choice, Quot.sound]
'ZhangLS.Spec.lemma32_regular_prime_errors_summable' depends on axioms: [propext, Classical.choice, Quot.sound]
'ZhangLS.Spec.lemma32_regular_euler_product_multipliable' depends on axioms: [propext, Classical.choice, Quot.sound]
'ZhangLS.Spec.lemma32_regular_prime_error_uniform' depends on axioms: [propext, Classical.choice, Quot.sound]
'ZhangLS.Spec.lemma32_regular_finite_product_bound' depends on axioms: [propext, Classical.choice, Quot.sound]
'ZhangLS.Spec.lemma32_regular_euler_product_bound' depends on axioms: [propext, Classical.choice, Quot.sound]
'ZhangLS.Spec.lemma32_regular_product_bound_pos' depends on axioms: [propext, Classical.choice, Quot.sound]
'ZhangLS.Spec.lemma32_regular_finite_product_difference' depends on axioms: [propext, Classical.choice, Quot.sound]
'ZhangLS.Spec.lemma32_regular_products_uniform_cauchy' depends on axioms: [propext, Classical.choice, Quot.sound]
'ZhangLS.Spec.lemma32_regular_products_uniform_limit' depends on axioms: [propext, Classical.choice, Quot.sound]
'ZhangLS.Spec.lemma32_prime_monomial_differentiable' depends on axioms: [propext, Classical.choice, Quot.sound]
'ZhangLS.Spec.lemma32_regular_finite_product_differentiable' depends on axioms: [propext, Classical.choice, Quot.sound]
'ZhangLS.Spec.lemma32_regular_products_locally_uniform' depends on axioms: [propext, Classical.choice, Quot.sound]
'ZhangLS.Spec.lemma32_regular_euler_product_differentiableOn' depends on axioms: [propext, Classical.choice, Quot.sound]
'ZhangLS.Spec.lemma32_regular_euler_product_analyticOnNhd' depends on axioms: [propext, Classical.choice, Quot.sound]
'ZhangLS.Spec.lemma32_one_sub_norm_le_one' depends on axioms: [propext, Classical.choice, Quot.sound]
'ZhangLS.Spec.lemma32_prime_monomial_re' depends on axioms: [propext, Classical.choice, Quot.sound]
'ZhangLS.Spec.lemma32_cos_lower_of_abs_le_one' depends on axioms: [propext, Classical.choice, Quot.sound]
'ZhangLS.Spec.lemma32_ramified_prime_factor_norm' depends on axioms: [propext, Classical.choice, Quot.sound]
'ZhangLS.Spec.lemma32_ramification_factor_differentiable' depends on axioms: [propext, Classical.choice, Quot.sound]
'ZhangLS.Spec.lemma32_analytic_correction_analyticOnNhd' depends on axioms: [propext, Classical.choice, Quot.sound]
'ZhangLS.Spec.lemma32_ramification_factor_norm' depends on axioms: [propext, Classical.choice, Quot.sound]
'ZhangLS.Spec.lemma32_analytic_correction_sector_bound' depends on axioms: [propext, Classical.choice, Quot.sound]
'ZhangLS.Spec.lemma32_negative_power_small' depends on axioms: [propext, Classical.choice, Quot.sound]
'ZhangLS.Spec.lemma32_residue_disk_parameters' depends on axioms: [propext, Classical.choice, Quot.sound]
'ZhangLS.Spec.lemma32_analytic_correction_residue_disk_bound' depends on axioms: [propext, Classical.choice, Quot.sound]
'ZhangLS.Spec.lemma32_actual_first_derivative_bound' depends on axioms: [propext, Classical.choice, Quot.sound]
'ZhangLS.Spec.lemma32_actual_L_difference_near_one' depends on axioms: [propext, Classical.choice, Quot.sound]
'ZhangLS.Spec.lemma32_actual_value_at_one_small' depends on axioms: [propext, Classical.choice, Quot.sound]
'ZhangLS.Spec.lemma32_circle_small_value_scale_identity' depends on axioms: [propext, Classical.choice, Quot.sound]
'ZhangLS.Spec.lemma32_actual_L_residue_disk_small' depends on axioms: [propext, Classical.choice, Quot.sound]
'ZhangLS.Spec.lemma32_zeta_pole_removed_local_bound' depends on axioms: [propext, Classical.choice, Quot.sound]
'ZhangLS.Spec.lemma32_actual_zeta_local_pole_bound' depends on axioms: [propext, Classical.choice, Quot.sound]
'ZhangLS.Spec.lemma32_actual_zeta_L_residue_circle_bound' depends on axioms: [propext, Classical.choice, Quot.sound]
'ZhangLS.Spec.lemma32_exists_gamma_local_bound' depends on axioms: [propext, Classical.choice, Quot.sound]
'ZhangLS.Spec.lemma32_gamma_local_bound_pos' depends on axioms: [propext, Classical.choice, Quot.sound]
'ZhangLS.Spec.lemma32_gamma_local_bound' depends on axioms: [propext, Classical.choice, Quot.sound]
'ZhangLS.Spec.lemma32_regularized_gamma_local_bound' depends on axioms: [propext, Classical.choice, Quot.sound]
'ZhangLS.Spec.lemma32_smoothing_difference_local_bound' depends on axioms: [propext, Classical.choice, Quot.sound]
'ZhangLS.Spec.lemma32_smoothing_gamma_local_bound' depends on axioms: [propext, Classical.choice, Quot.sound]
'ZhangLS.Spec.lemma32_circle_constant_pos' depends on axioms: [propext, Classical.choice, Quot.sound]
'ZhangLS.Spec.lemma32_circle_integrand_bound' depends on axioms: [propext, Classical.choice, Quot.sound]
'ZhangLS.Spec.lemma32_residue_circle_scale_identity' depends on axioms: [propext, Classical.choice, Quot.sound]
'ZhangLS.Spec.lemma32_actual_normalized_circle_integral_bound' depends on axioms: [propext,
 Classical.choice,
 Quot.sound]
'ZhangLS.Spec.lemma32_modulus_cpow_eq_exp' depends on axioms: [propext, Classical.choice, Quot.sound]
'ZhangLS.Spec.lemma32_original_smoothing_difference' depends on axioms: [propext, Classical.choice, Quot.sound]
'ZhangLS.Spec.lemma32_original_normalized_circle_integral_bound' depends on axioms: [propext,
 Classical.choice,
 Quot.sound]
'ZhangLS.Spec.lemma32_multichoose_2_square_le_4' depends on axioms: [propext, Classical.choice, Quot.sound]
'ZhangLS.Spec.lemma32_multichoose_4_square_le_16' depends on axioms: [propext, Classical.choice, Quot.sound]
'ZhangLS.Spec.lemma32_tau2_square_le_tau4' depends on axioms: [propext, Classical.choice, Quot.sound]
'ZhangLS.Spec.lemma32_tau4_square_le_tau16' depends on axioms: [propext, Classical.choice, Quot.sound]
'ZhangLS.Spec.lemma32_tau_two_eq_card_divisors' depends on axioms: [propext, Classical.choice, Quot.sound]
'ZhangLS.Spec.lemma32_actual_coefficient_le_tau_sixteen' depends on axioms: [propext, Classical.choice, Quot.sound]
'ZhangLS.Spec.lemma32_tau_lseries_summable' depends on axioms: [propext, Classical.choice, Quot.sound]
'ZhangLS.Spec.lemma32_actual_weighted_lseries_summable' depends on axioms: [propext, Classical.choice, Quot.sound]
'ZhangLS.Spec.lemma32_actual_weighted_norm_terms_summable' depends on axioms: [propext, Classical.choice, Quot.sound]
'ZhangLS.Spec.lemma32_weighted_term_at_one' depends on axioms: [propext, Classical.choice, Quot.sound]
'ZhangLS.Spec.lemma32_weighted_term_mul' depends on axioms: [propext, Classical.choice, Quot.sound]
'ZhangLS.Spec.lemma32_actual_weighted_euler_hasProd' depends on axioms: [propext, Classical.choice, Quot.sound]
'ZhangLS.Spec.lemma32_actual_weighted_euler_product' depends on axioms: [propext, Classical.choice, Quot.sound]
'ZhangLS.Spec.lemma32_prime_monomial_eq_cpow' depends on axioms: [propext, Classical.choice, Quot.sound]
'ZhangLS.Spec.lemma32_weighted_prime_power_term' depends on axioms: [propext, Classical.choice, Quot.sound]
'ZhangLS.Spec.lemma32_weighted_local_correction_identity' depends on axioms: [propext, Classical.choice, Quot.sound]
'ZhangLS.Spec.lemma32_finite_ramification_prime_product' depends on axioms: [propext, Classical.choice, Quot.sound]
'ZhangLS.Spec.lemma32_ramification_prime_factors_hasProd' depends on axioms: [propext, Classical.choice, Quot.sound]
'ZhangLS.Spec.lemma32_actual_local_corrections_hasProd' depends on axioms: [propext, Classical.choice, Quot.sound]
'ZhangLS.Spec.lemma32_actual_zeta_monomial_euler_hasProd' depends on axioms: [propext, Classical.choice, Quot.sound]
'ZhangLS.Spec.lemma32_actual_L_monomial_euler_hasProd' depends on axioms: [propext, Classical.choice, Quot.sound]
'ZhangLS.Spec.lemma32_actual_weighted_series_identity' depends on axioms: [propext, Classical.choice, Quot.sound]
'ZhangLS.Spec.lemma32_circle_integrand_differentiableAt' depends on axioms: [propext, Classical.choice, Quot.sound]
'ZhangLS.Spec.lemma32_actual_circle_integrable' depends on axioms: [propext, Classical.choice, Quot.sound]
'ZhangLS.Spec.lemma32_gamma_one_vertical_bound' depends on axioms: [propext, Classical.choice, Quot.sound]
'ZhangLS.Spec.lemma32_gamma_one_vertical_integrable' depends on axioms: [propext, Classical.choice, Quot.sound]
'ZhangLS.Spec.lemma32_exponential_mellin_eq_Gamma' depends on axioms: [propext, Classical.choice, Quot.sound]
'ZhangLS.Spec.lemma32_exponential_mellin_convergent' depends on axioms: [propext, Classical.choice, Quot.sound]
'ZhangLS.Spec.lemma32_actual_Gamma_mellin_inversion' depends on axioms: [propext, Classical.choice, Quot.sound]
'ZhangLS.Spec.lemma32_Gamma_mellin_term_norm' depends on axioms: [propext, Classical.choice, Quot.sound]
'ZhangLS.Spec.lemma32_Gamma_mellin_term_integrable' depends on axioms: [propext, Classical.choice, Quot.sound]
'ZhangLS.Spec.lemma32_Gamma_mellin_term_integral_norm_summable' depends on axioms: [propext,
 Classical.choice,
 Quot.sound]
'ZhangLS.Spec.lemma32_Gamma_mellin_term_eq_kernel' depends on axioms: [propext, Classical.choice, Quot.sound]
'ZhangLS.Spec.lemma32_Gamma_mellin_term_normalized_integral' depends on axioms: [propext, Classical.choice, Quot.sound]
'ZhangLS.Spec.lemma32_Gamma_mellin_tsum_integrable' depends on axioms: [propext, Classical.choice, Quot.sound]
'ZhangLS.Spec.lemma32_full_series_gamma_mellin' depends on axioms: [propext, Classical.choice, Quot.sound]
'ZhangLS.Spec.lemma32_actual_right_Gamma_integrand_eq_tsum' depends on axioms: [propext, Classical.choice, Quot.sound]
'ZhangLS.Spec.lemma32_actual_right_Gamma_integrand_integrable' depends on axioms: [propext,
 Classical.choice,
 Quot.sound]
'ZhangLS.Spec.lemma32_actual_smoothed_weighted_summable' depends on axioms: [propext, Classical.choice, Quot.sound]
'ZhangLS.Spec.lemma32_actual_full_Gamma_mellin' depends on axioms: [propext, Classical.choice, Quot.sound]
'ZhangLS.Spec.lemma32_actual_original_right_Gamma_difference' depends on axioms: [propext, Classical.choice, Quot.sound]
'ZhangLS.Spec.lemma32_actual_original_right_Gamma_integrable' depends on axioms: [propext, Classical.choice, Quot.sound]
'ZhangLS.Spec.lemma32_actual_original_Gamma_mellin_difference' depends on axioms: [propext,
 Classical.choice,
 Quot.sound]
'ZhangLS.Spec.lemma32_actual_smoothed_difference_series' depends on axioms: [propext, Classical.choice, Quot.sound]
'ZhangLS.Spec.lemma32_actual_weighted_term_one_real' depends on axioms: [propext, Classical.choice, Quot.sound]
'ZhangLS.Spec.lemma32_actual_real_smoothed_terms_summable' depends on axioms: [propext, Classical.choice, Quot.sound]
'ZhangLS.Spec.lemma32_actual_smoothed_difference_real_series' depends on axioms: [propext, Classical.choice, Quot.sound]
'ZhangLS.Spec.lemma32_actual_real_smoothed_term_nonneg' depends on axioms: [propext, Classical.choice, Quot.sound]
'ZhangLS.Spec.lemma32_actual_real_smoothed_difference_nonneg' depends on axioms: [propext, Classical.choice, Quot.sound]
'ZhangLS.Spec.lemma32_smoothing_window_lower_bound_pos' depends on axioms: [propext, Classical.choice, Quot.sound]
'ZhangLS.Spec.lemma32_exponential_smoothing_window_lower' depends on axioms: [propext, Classical.choice, Quot.sound]
'ZhangLS.Spec.lemma32_actual_smoothing_weight_window_lower' depends on axioms: [propext, Classical.choice, Quot.sound]
'ZhangLS.Spec.lemma32_actual_weighted_tail_le_smoothed' depends on axioms: [propext, Classical.choice, Quot.sound]
'ZhangLS.Spec.lemma32_zeta_pole_removed_differentiableAt' depends on axioms: [propext, Classical.choice, Quot.sound]
'ZhangLS.Spec.lemma32_smoothing_difference_differentiable' depends on axioms: [propext, Classical.choice, Quot.sound]
'ZhangLS.Spec.lemma32_smoothing_dslope_differentiable' depends on axioms: [propext, Classical.choice, Quot.sound]
'ZhangLS.Spec.lemma32_regular_numerator_differentiableAt' depends on axioms: [propext, Classical.choice, Quot.sound]
'ZhangLS.Spec.lemma32_regular_numerator_analyticOnNhd' depends on axioms: [propext, Classical.choice, Quot.sound]
'ZhangLS.Spec.lemma32_regular_numerator_eq' depends on axioms: [propext, Classical.choice, Quot.sound]
'ZhangLS.Spec.lemma32_regular_numerator_differentiableOn_ball' depends on axioms: [propext,
 Classical.choice,
 Quot.sound]
'ZhangLS.Spec.lemma32_actual_circle_integral_eq_residue' depends on axioms: [propext, Classical.choice, Quot.sound]
'ZhangLS.Spec.lemma32_actual_original_circle_integral_eq_residue' depends on axioms: [propext,
 Classical.choice,
 Quot.sound]
'ZhangLS.Spec.lemma32_actual_residue_bound' depends on axioms: [propext, Classical.choice, Quot.sound]
'ZhangLS.Spec.lemma32_divided_remainder_differentiableOn' depends on axioms: [propext, Classical.choice, Quot.sound]
'ZhangLS.Spec.lemma32_divided_remainder_analyticOnNhd' depends on axioms: [propext, Classical.choice, Quot.sound]
'ZhangLS.Spec.lemma32_divided_remainder_recurrence' depends on axioms: [propext, Classical.choice, Quot.sound]
'ZhangLS.Spec.lemma32_regular_numerator_finite_expansion' depends on axioms: [propext, Classical.choice, Quot.sound]
'ZhangLS.Spec.lemma32_actual_integrand_principal_decomposition' depends on axioms: [propext,
 Classical.choice,
 Quot.sound]
'ZhangLS.Spec.lemma32_actual_regular_remainder_rectangle_zero' depends on axioms: [propext,
 Classical.choice,
 Quot.sound]
'ZhangLS.Spec.lemma32_divided_remainder_power_series' depends on axioms: [propext, Classical.choice, Quot.sound]
'ZhangLS.Spec.lemma32_divided_remainder_coefficient' depends on axioms: [propext, Classical.choice, Quot.sound]
'ZhangLS.Spec.lemma32_actual_residue_eq_divided_remainder' depends on axioms: [propext, Classical.choice, Quot.sound]
'ZhangLS.Spec.lemma32_laurent_primitive_hasDerivAt' depends on axioms: [propext, Classical.choice, Quot.sound]
'ZhangLS.Spec.lemma32_horizontal_zpow_integral' depends on axioms: [propext, Classical.choice, Quot.sound]
'ZhangLS.Spec.lemma32_vertical_zpow_integral' depends on axioms: [propext, Classical.choice, Quot.sound]
'ZhangLS.Spec.lemma32_rectangle_zpow_zero' depends on axioms: [propext, Classical.choice, Quot.sound]
'ZhangLS.Spec.lemma32_rectangle_inverse_winding' depends on axioms: [propext, Classical.choice, Quot.sound]
'ZhangLS.Spec.lemma32_rectangle_laurent_kernel' depends on axioms: [propext, Classical.choice, Quot.sound]
'ZhangLS.Spec.lemma32_boundary_integrable_punctured' depends on axioms: [propext, Classical.choice, Quot.sound]
'ZhangLS.Spec.lemma32_boundary_integral_add' depends on axioms: [propext, Classical.choice, Quot.sound]
'ZhangLS.Spec.lemma32_boundary_integral_const_mul' depends on axioms: [propext, Classical.choice, Quot.sound]
'ZhangLS.Spec.lemma32_boundary_integral_sum' depends on axioms: [propext, Classical.choice, Quot.sound]
'ZhangLS.Spec.lemma32_laurent_kernel_continuousOn' depends on axioms: [propext, Classical.choice, Quot.sound]
'ZhangLS.Spec.lemma32_principal_part_boundary_integrable' depends on axioms: [propext, Classical.choice, Quot.sound]
'ZhangLS.Spec.lemma32_actual_principal_boundary_residue' depends on axioms: [propext, Classical.choice, Quot.sound]
'ZhangLS.Spec.lemma32_boundary_integrable_halfplane' depends on axioms: [propext, Classical.choice, Quot.sound]
'ZhangLS.Spec.lemma32_actual_finite_rectangle_residue' depends on axioms: [propext, Classical.choice, Quot.sound]
'ZhangLS.Spec.lemma32_mellin_normalizing_factor' depends on axioms: [propext, Classical.choice, Quot.sound]
'ZhangLS.Spec.lemma32_actual_normalized_finite_shift' depends on axioms: [propext, Classical.choice, Quot.sound]
'ZhangLS.Spec.lemma32_gamma_shift_product' depends on axioms: [propext, Classical.choice, Quot.sound]
'ZhangLS.Spec.lemma32_gamma_shift_norm_lower' depends on axioms: [propext, Classical.choice, Quot.sound]
'ZhangLS.Spec.lemma32_gamma_strip_polynomial_decay' depends on axioms: [propext, Classical.choice, Quot.sound]
'ZhangLS.Spec.lemma32_ramification_global_bound' depends on axioms: [propext, Classical.choice, Quot.sound]
'ZhangLS.Spec.lemma32_analytic_correction_global_growth' depends on axioms: [propext, Classical.choice, Quot.sound]
'ZhangLS.Spec.lemma32_positive_strip_high_norm' depends on axioms: [propext, Classical.choice, Quot.sound]
'ZhangLS.Spec.lemma32_actual_zeta_strip_high_growth' depends on axioms: [propext, Classical.choice, Quot.sound]
'ZhangLS.Spec.lemma32_actual_L_strip_high_growth' depends on axioms: [propext, Classical.choice, Quot.sound]
'ZhangLS.Spec.lemma32_actual_zeta_L_strip_high_growth' depends on axioms: [propext, Classical.choice, Quot.sound]
'ZhangLS.Spec.lemma32_smoothing_strip_growth' depends on axioms: [propext, Classical.choice, Quot.sound]
'ZhangLS.Spec.lemma32_global_height_constant_pos' depends on axioms: [propext, Classical.choice, Quot.sound]
'ZhangLS.Spec.lemma32_actual_integrand_height_decay' depends on axioms: [propext, Classical.choice, Quot.sound]
'ZhangLS.Spec.lemma32_actual_integrand_eq_regular_div' depends on axioms: [propext, Classical.choice, Quot.sound]
'ZhangLS.Spec.lemma32_actual_integrand_differentiableAt_global' depends on axioms: [propext,
 Classical.choice,
 Quot.sound]
'ZhangLS.Spec.lemma32_actual_vertical_continuous' depends on axioms: [propext, Classical.choice, Quot.sound]
'ZhangLS.Spec.lemma32_integrable_of_quartic_decay' depends on axioms: [propext, Classical.choice, Quot.sound]
'ZhangLS.Spec.lemma32_actual_left_vertical_integrable' depends on axioms: [propext, Classical.choice, Quot.sound]
'ZhangLS.Spec.lemma32_actual_horizontal_integral_bound' depends on axioms: [propext, Classical.choice, Quot.sound]
'ZhangLS.Spec.lemma32_tendsto_zero_of_quartic_norm_bound' depends on axioms: [propext, Classical.choice, Quot.sound]
'ZhangLS.Spec.lemma32_actual_upper_horizontal_decay' depends on axioms: [propext, Classical.choice, Quot.sound]
'ZhangLS.Spec.lemma32_actual_lower_horizontal_decay' depends on axioms: [propext, Classical.choice, Quot.sound]
'ZhangLS.Spec.lemma32_actual_infinite_contour_shift' depends on axioms: [propext, Classical.choice, Quot.sound]
'ZhangLS.Spec.lemma32_actual_smoothed_difference_eq_residue_add_left' depends on axioms: [propext,
 Classical.choice,
 Quot.sound]
'ZhangLS.Spec.lemma32_actual_original_tail_reduction' depends on axioms: [propext, Classical.choice, Quot.sound]
'ZhangLS.Spec.lemma32_ramified_prime_small_bound' depends on axioms: [propext, Classical.choice, Quot.sound]
'ZhangLS.Spec.lemma32_large_prime_monomial_small' depends on axioms: [propext, Classical.choice, Quot.sound]
'ZhangLS.Spec.lemma32_ramified_large_prime_saving' depends on axioms: [propext, Classical.choice, Quot.sound]
'ZhangLS.Spec.lemma32_ramification_saving_constant_pos' depends on axioms: [propext, Classical.choice, Quot.sound]
'ZhangLS.Spec.lemma32_prime_factors_log_sum_bound' depends on axioms: [propext, Classical.choice, Quot.sound]
'ZhangLS.Spec.lemma32_ramification_small_prime_count' depends on axioms: [propext, Classical.choice, Quot.sound]
'ZhangLS.Spec.lemma32_ramification_uniform_power_saving' depends on axioms: [propext, Classical.choice, Quot.sound]
'ZhangLS.Spec.lemma32_analytic_correction_uniform_power_saving' depends on axioms: [propext,
 Classical.choice,
 Quot.sound]
'ZhangLS.Spec.lemma32_square_quarter_power' depends on axioms: [propext, Classical.choice, Quot.sound]
'ZhangLS.Spec.lemma32_square_negative_quarter_power' depends on axioms: [propext, Classical.choice, Quot.sound]
'ZhangLS.Spec.lemma32_small_quarter_power_integral' depends on axioms: [propext, Classical.choice, Quot.sound]
'ZhangLS.Spec.lemma32_large_quarter_power_integral' depends on axioms: [propext, Classical.choice, Quot.sound]
'ZhangLS.Spec.lemma32_actual_partial_sum_square_root_majorant' depends on axioms: [propext,
 Classical.choice,
 Quot.sound]
'ZhangLS.Spec.lemma32_actual_abel_small_majorant' depends on axioms: [propext, Classical.choice, Quot.sound]
'ZhangLS.Spec.lemma32_actual_abel_large_majorant' depends on axioms: [propext, Classical.choice, Quot.sound]
'ZhangLS.Spec.lemma32_actual_abel_square_root_partial_sum_bound' depends on axioms: [propext,
 Classical.choice,
 Quot.sound]
'ZhangLS.Spec.lemma32_actual_L_bound_of_square_root_partial_sums' depends on axioms: [propext,
 Classical.choice,
 Quot.sound]
'ZhangLS.Spec.lemma32_burgess_scale_half_power' depends on axioms: [propext, Classical.choice, Quot.sound]
'ZhangLS.Spec.lemma32_actual_L_bound_of_burgess_partial_sums' depends on axioms: [propext, Classical.choice, Quot.sound]
'ZhangLS.Spec.lemma32_left_line_Gamma_continuous' depends on axioms: [propext, Classical.choice, Quot.sound]
'ZhangLS.Spec.lemma32_left_line_zeta_continuous' depends on axioms: [propext, Classical.choice, Quot.sound]
'ZhangLS.Spec.lemma32_left_kernel_continuous' depends on axioms: [propext, Classical.choice, Quot.sound]
'ZhangLS.Spec.lemma32_left_kernel_nonneg' depends on axioms: [propext, Classical.choice, Quot.sound]
'ZhangLS.Spec.lemma32_left_kernel_high_bound' depends on axioms: [propext, Classical.choice, Quot.sound]
'ZhangLS.Spec.lemma32_left_kernel_integrable' depends on axioms: [propext, Classical.choice, Quot.sound]
'ZhangLS.Spec.lemma32_left_kernel_constant_pos' depends on axioms: [propext, Classical.choice, Quot.sound]
'ZhangLS.Spec.lemma32_left_kernel_integral_le' depends on axioms: [propext, Classical.choice, Quot.sound]
'ZhangLS.Spec.lemma32_smoothing_left_line_bound' depends on axioms: [propext, Classical.choice, Quot.sound]
'ZhangLS.Spec.lemma32_half_power_eighth' depends on axioms: [propext, Classical.choice, Quot.sound]
'ZhangLS.Spec.lemma32_actual_left_integrand_bound_of_partial_sums' depends on axioms: [propext,
 Classical.choice,
 Quot.sound]
'ZhangLS.Spec.lemma32_left_error_constant_pos' depends on axioms: [propext, Classical.choice, Quot.sound]
'ZhangLS.Spec.lemma32_actual_left_integral_bound_of_partial_sums' depends on axioms: [propext,
 Classical.choice,
 Quot.sound]
'ZhangLS.Spec.lemma32_burgess_scale_fourth_decay' depends on axioms: [propext, Classical.choice, Quot.sound]
'ZhangLS.Spec.lemma32_actual_left_integral_bound_of_burgess_partial_sums' depends on axioms: [propext,
 Classical.choice,
 Quot.sound]
'ZhangLS.Spec.lemma32_left_error_absorption_threshold' depends on axioms: [propext, Classical.choice, Quot.sound]
'ZhangLS.Spec.lemma32_target_of_uniform_burgess_partial_sums' depends on axioms: [propext, Classical.choice, Quot.sound]
'ZhangLS.Spec.lemma32_real_complex_norm_fourth' depends on axioms: [propext, Classical.choice, Quot.sound]
'ZhangLS.Spec.lemma32_actual_quartic_character_product' depends on axioms: [propext, Classical.choice, Quot.sound]
'ZhangLS.Spec.lemma32_actual_burgess_fourth_moment_expansion' depends on axioms: [propext, Classical.choice, Quot.sound]
'ZhangLS.Spec.lemma32_quartic_pairing_image_card' depends on axioms: [propext, Classical.choice, Quot.sound]
'ZhangLS.Spec.lemma32_degenerate_quartic_tuples_card' depends on axioms: [propext, Classical.choice, Quot.sound]
'ZhangLS.Spec.lemma32_actual_quartic_correlation_abs_bound' depends on axioms: [propext, Classical.choice, Quot.sound]
'ZhangLS.Spec.lemma32_degenerate_fourth_moment_contribution_bound' depends on axioms: [propext,
 Classical.choice,
 Quot.sound]
'ZhangLS.Spec.lemma32_quadratic_character_value_square' depends on axioms: [propext, Classical.choice, Quot.sound]
'ZhangLS.Spec.lemma32_quadratic_character_inverse' depends on axioms: [propext, Classical.choice, Quot.sound]
'ZhangLS.Spec.lemma32_quadratic_two_linear_correlation' depends on axioms: [propext, Classical.choice, Quot.sound]
'ZhangLS.Spec.lemma32_quadratic_character_norm_le_one' depends on axioms: [propext, Classical.choice, Quot.sound]
'ZhangLS.Spec.lemma32_actual_prime_two_linear_correlation' depends on axioms: [propext, Classical.choice, Quot.sound]
'ZhangLS.Spec.lemma32_actual_prime_two_linear_real_correlation' depends on axioms: [propext,
 Classical.choice,
 Quot.sound]
'ZhangLS.Spec.lemma32_quadratic_repeated_root_correlation' depends on axioms: [propext, Classical.choice, Quot.sound]
'ZhangLS.Spec.lemma32_quadratic_repeated_root_correlation_norm' depends on axioms: [propext,
 Classical.choice,
 Quot.sound]
'ZhangLS.Spec.lemma32_mem_degenerate_iff_paired' depends on axioms: [propext, Classical.choice, Quot.sound]
'ZhangLS.Spec.lemma32_actual_prime_repeated_correlation_norm' depends on axioms: [propext, Classical.choice, Quot.sound]
'ZhangLS.Spec.lemma32_actual_prime_quartic_repeated_correlation' depends on axioms: [propext,
 Classical.choice,
 Quot.sound]
'ZhangLS.Spec.lemma32_actual_fourth_moment_decomposition' depends on axioms: [propext, Classical.choice, Quot.sound]
'ZhangLS.Spec.lemma32_actual_fourth_moment_remainder_bound' depends on axioms: [propext, Classical.choice, Quot.sound]
'ZhangLS.Spec.lemma32_nondegenerate_fourth_moment_nonneg' depends on axioms: [propext, Classical.choice, Quot.sound]
'ZhangLS.Spec.lemma32_quartic_correlation_permutation' depends on axioms: [propext, Classical.choice, Quot.sound]
'ZhangLS.Spec.lemma32_actual_prime_repeated_quartic_permutation_bound' depends on axioms: [propext,
 Classical.choice,
 Quot.sound]
'ZhangLS.Spec.lemma32_quartic_cubic_substitution' depends on axioms: [propext, Classical.choice, Quot.sound]
'ZhangLS.Spec.lemma32_quadratic_quartic_cubic_point_identity' depends on axioms: [propext, Classical.choice, Quot.sound]
'ZhangLS.Spec.lemma32_quadratic_quartic_cubic_punctured_sum' depends on axioms: [propext, Classical.choice, Quot.sound]
'ZhangLS.Spec.lemma32_quadratic_quartic_cubic_sum_identity' depends on axioms: [propext, Classical.choice, Quot.sound]
'ZhangLS.Spec.lemma32_monic_cubic_normalization' depends on axioms: [propext, Quot.sound]
'ZhangLS.Spec.lemma32_quadratic_monic_cubic_point_identity' depends on axioms: [propext, Classical.choice, Quot.sound]
'ZhangLS.Spec.lemma32_quadratic_normalized_cubic_sum_identity' depends on axioms: [propext,
 Classical.choice,
 Quot.sound]
'ZhangLS.Spec.lemma32_quadratic_quartic_normalized_cubic_sum_identity' depends on axioms: [propext,
 Classical.choice,
 Quot.sound]
'ZhangLS.Spec.lemma32_normalized_cubic_root_factorization' depends on axioms: [propext, Quot.sound]
'ZhangLS.Spec.lemma32_quartic_Weierstrass_discriminant' depends on axioms: [propext, Quot.sound]
'ZhangLS.Spec.lemma32_cubic_leading_coefficient_nonzero' depends on axioms: [propext, Classical.choice, Quot.sound]
'ZhangLS.Spec.lemma32_quartic_Weierstrass_discriminant_nonzero' depends on axioms: [propext,
 Classical.choice,
 Quot.sound]
'ZhangLS.Spec.lemma32_quartic_Weierstrass_isElliptic' depends on axioms: [propext, Classical.choice, Quot.sound]
'ZhangLS.Spec.lemma32_mulchar_eq_of_unit_generator' depends on axioms: [propext, Classical.choice, Quot.sound]
'ZhangLS.Spec.lemma32_nontrivial_quadratic_unit_generator_value' depends on axioms: [propext,
 Classical.choice,
 Quot.sound]
'ZhangLS.Spec.lemma32_nontrivial_quadratic_character_unique' depends on axioms: [propext, Classical.choice, Quot.sound]
'ZhangLS.Spec.lemma32_nontrivial_quadratic_character_eq_canonical' depends on axioms: [propext,
 Classical.choice,
 Quot.sound]
'ZhangLS.Spec.lemma32_nontrivial_quadratic_character_canonical_value' depends on axioms: [propext,
 Classical.choice,
 Quot.sound]
'ZhangLS.Spec.lemma32_affine_solution_card_fibers' depends on axioms: [propext, Classical.choice, Quot.sound]
'ZhangLS.Spec.lemma32_quadratic_square_root_count' depends on axioms: [propext, Classical.choice, Quot.sound]
'ZhangLS.Spec.lemma32_actual_affine_card_character_sum' depends on axioms: [propext, Classical.choice, Quot.sound]
'ZhangLS.Spec.lemma32_quartic_character_sum_affine_card' depends on axioms: [propext, Classical.choice, Quot.sound]
'ZhangLS.Spec.lemma32_quartic_curve_affine_equation' depends on axioms: [propext, Classical.choice, Quot.sound]
'ZhangLS.Spec.lemma32_quartic_curve_affine_solution_finset' depends on axioms: [propext, Classical.choice, Quot.sound]
'ZhangLS.Spec.lemma32_quartic_character_sum_Weierstrass_affine_card' depends on axioms: [propext,
 Classical.choice,
 Quot.sound]
'ZhangLS.Spec.lemma32_Weierstrass_point_card_affine' depends on axioms: [propext, Classical.choice, Quot.sound]
'ZhangLS.Spec.lemma32_quartic_character_sum_actual_curve_points' depends on axioms: [propext,
 Classical.choice,
 Quot.sound]
'ZhangLS.Spec.lemma32_actual_prime_quartic_point_count' depends on axioms: [propext, Classical.choice, Quot.sound]
'ZhangLS.Spec.lemma32_actual_prime_quartic_correlation_point_count' depends on axioms: [propext,
 Classical.choice,
 Quot.sound]
'ZhangLS.Spec.lemma32_nontrivial_quadratic_odd_characteristic' depends on axioms: [propext,
 Classical.choice,
 Quot.sound]
'ZhangLS.Spec.lemma32_field_two_nonzero_of_odd_characteristic' depends on axioms: [propext,
 Classical.choice,
 Quot.sound]
'ZhangLS.Spec.lemma32_actual_prime_odd_characteristic' depends on axioms: [propext, Classical.choice, Quot.sound]
'ZhangLS.Spec.lemma32_actual_prime_distinct_quartic_point_count' depends on axioms: [propext,
 Classical.choice,
 Quot.sound]
'ZhangLS.Spec.lemma32_four_distinct_roots_injective' depends on axioms: [propext, Classical.choice, Quot.sound]
'ZhangLS.Spec.lemma32_four_distinct_roots_field_card' depends on axioms: [propext, Classical.choice, Quot.sound]
'ZhangLS.Spec.lemma32_four_distinct_prime_roots_modulus_ge_five' depends on axioms: [propext,
 Classical.choice,
 Quot.sound]
'ZhangLS.Spec.lemma32_quadratic_unpaired_quartic_collision_bound' depends on axioms: [propext,
 Classical.choice,
 Quot.sound]
'ZhangLS.Spec.lemma32_short_residue_cast_injective' depends on axioms: [propext, Quot.sound]
'ZhangLS.Spec.lemma32_actual_prime_unpaired_collision_correlation' depends on axioms: [propext,
 Classical.choice,
 Quot.sound]
'ZhangLS.Spec.lemma32_quartic_noninjective_iff_collision' depends on axioms: [propext, Classical.choice, Quot.sound]
'ZhangLS.Spec.lemma32_collision_tuples_covered' depends on axioms: [propext, Classical.choice, Quot.sound]
'ZhangLS.Spec.lemma32_collision_quartic_tuple_card' depends on axioms: [propext, Classical.choice, Quot.sound]
'ZhangLS.Spec.lemma32_prime_collision_fourth_moment_bound' depends on axioms: [propext, Classical.choice, Quot.sound]
'ZhangLS.Spec.lemma32_nondegenerate_split_by_injectivity' depends on axioms: [propext, Classical.choice, Quot.sound]
'ZhangLS.Spec.lemma32_actual_prime_fourth_moment_distinct_reduction' depends on axioms: [propext,
 Classical.choice,
 Quot.sound]
'ZhangLS.Spec.lemma32_distinct_quartic_correlation_point_count' depends on axioms: [propext,
 Classical.choice,
 Quot.sound]
'ZhangLS.Spec.lemma32_distinct_fourth_moment_eq_actual_point_discrepancy' depends on axioms: [propext,
 Classical.choice,
 Quot.sound]
'ZhangLS.Spec.lemma32_actual_curve_points_finite' depends on axioms: [propext, Classical.choice, Quot.sound]
'ZhangLS.Spec.lemma32_actual_curve_fintype_card_eq_nat_card' depends on axioms: [propext, Classical.choice, Quot.sound]
'ZhangLS.Spec.lemma32_product_character_factorization' depends on axioms: [propext, Classical.choice, Quot.sound]
'ZhangLS.Spec.lemma32_product_character_finite_sum' depends on axioms: [propext, Classical.choice, Quot.sound]
'ZhangLS.Spec.lemma32_product_character_left_quadratic' depends on axioms: [propext, Classical.choice, Quot.sound]
'ZhangLS.Spec.lemma32_product_character_right_quadratic' depends on axioms: [propext, Classical.choice, Quot.sound]
'ZhangLS.Spec.lemma32_product_quartic_character_sum' depends on axioms: [propext, Classical.choice, Quot.sound]
'ZhangLS.Spec.lemma32_character_equiv_pullback_quadratic' depends on axioms: [propext, Classical.choice, Quot.sound]
'ZhangLS.Spec.lemma32_character_equiv_pullback_nontrivial' depends on axioms: [propext, Classical.choice, Quot.sound]
'ZhangLS.Spec.lemma32_quartic_character_sum_ring_equiv' depends on axioms: [propext, Classical.choice, Quot.sound]
'ZhangLS.Spec.lemma32_actual_CRT_character_quadratic' depends on axioms: [propext, Classical.choice, Quot.sound]
'ZhangLS.Spec.lemma32_actual_CRT_quartic_character_sum' depends on axioms: [propext, Classical.choice, Quot.sound]
'ZhangLS.Spec.lemma32_actual_CRT_character_factorization' depends on axioms: [propext, Classical.choice, Quot.sound]
'ZhangLS.Spec.lemma32_actual_CRT_factorsThrough_left' depends on axioms: [propext, Classical.choice, Quot.sound]
'ZhangLS.Spec.lemma32_actual_CRT_factorsThrough_right' depends on axioms: [propext, Classical.choice, Quot.sound]
'ZhangLS.Spec.lemma32_actual_primitive_CRT_left_nontrivial' depends on axioms: [propext, Classical.choice, Quot.sound]
'ZhangLS.Spec.lemma32_actual_primitive_CRT_right_nontrivial' depends on axioms: [propext, Classical.choice, Quot.sound]
'ZhangLS.Spec.lemma32_changeLevel_factorsThrough_conductor' depends on axioms: [propext, Classical.choice, Quot.sound]
'ZhangLS.Spec.lemma32_changeLevel_conductor_dvd' depends on axioms: [propext, Classical.choice, Quot.sound]
'ZhangLS.Spec.lemma32_actual_CRT_changeLevel_product' depends on axioms: [propext, Classical.choice, Quot.sound]
'ZhangLS.Spec.lemma32_actual_CRT_conductor_dvd_lcm' depends on axioms: [propext, Classical.choice, Quot.sound]
'ZhangLS.Spec.lemma32_actual_primitive_CRT_characters' depends on axioms: [propext, Classical.choice, Quot.sound]
'ZhangLS.Spec.lemma32_real_primitive_CRT_factorization' depends on axioms: [propext, Classical.choice, Quot.sound]
'ZhangLS.Spec.lemma32_real_primitive_CRT_quartic_sum' depends on axioms: [propext, Classical.choice, Quot.sound]
'ZhangLS.Spec.lemma32_quadratic_hom_odd_card_eq_one' depends on axioms: [propext, Classical.choice, Quot.sound]
'ZhangLS.Spec.lemma32_quadratic_character_factorsThrough_odd_kernel' depends on axioms: [propext,
 Classical.choice,
 Quot.sound]
'ZhangLS.Spec.lemma32_units_reduction_kernel_card' depends on axioms: [propext, Classical.choice, Quot.sound]
'ZhangLS.Spec.lemma32_prime_power_reduction_kernel_card' depends on axioms: [propext, Classical.choice, Quot.sound]
'ZhangLS.Spec.lemma32_odd_prime_power_quadratic_factorsThrough' depends on axioms: [propext,
 Classical.choice,
 Quot.sound]
'ZhangLS.Spec.lemma32_odd_prime_power_quadratic_conductor_dvd' depends on axioms: [propext,
 Classical.choice,
 Quot.sound]
'ZhangLS.Spec.lemma32_odd_prime_power_primitive_quadratic_exponent' depends on axioms: [propext,
 Classical.choice,
 Quot.sound]
'ZhangLS.Spec.lemma32_two_power_reduction_kernel_card' depends on axioms: [propext, Classical.choice, Quot.sound]
'ZhangLS.Spec.lemma32_two_power_five_unit_order' depends on axioms: [propext, Classical.choice, Quot.sound]
'ZhangLS.Spec.lemma32_two_power_five_square_order' depends on axioms: [propext, Classical.choice, Quot.sound]
'ZhangLS.Spec.lemma32_two_power_reduction_kernel_generator' depends on axioms: [propext, Classical.choice, Quot.sound]
'ZhangLS.Spec.lemma32_two_power_quadratic_factorsThrough' depends on axioms: [propext, Classical.choice, Quot.sound]
'ZhangLS.Spec.lemma32_two_power_quadratic_conductor_dvd' depends on axioms: [propext, Classical.choice, Quot.sound]
'ZhangLS.Spec.lemma32_two_power_primitive_quadratic_exponent' depends on axioms: [propext, Classical.choice, Quot.sound]
'ZhangLS.Spec.lemma32_real_primitive_odd_prime_exponent' depends on axioms: [propext, Classical.choice, Quot.sound]
'ZhangLS.Spec.lemma32_real_primitive_two_adic_exponent' depends on axioms: [propext, Classical.choice, Quot.sound]
'ZhangLS.Spec.lemma32_real_primitive_odd_part_squarefree' depends on axioms: [propext, Classical.choice, Quot.sound]
'ZhangLS.Spec.lemma32_real_primitive_modulus_shape' depends on axioms: [propext, Classical.choice, Quot.sound]
'ZhangLS.Spec.lemma32_actual_curve_hasse_nat_card' depends on axioms: [propext, Classical.choice, Quot.sound]
'ZhangLS.Spec.lemma32_actual_prime_distinct_quartic_hasse_bound' depends on axioms: [propext,
 Classical.choice,
 Quot.sound]
'ZhangLS.Spec.lemma32_actual_prime_distinct_quartic_correlation_bound' depends on axioms: [propext,
 Classical.choice,
 Quot.sound]
'ZhangLS.Spec.lemma32_actual_prime_distinct_fourth_moment_bound' depends on axioms: [propext,
 Classical.choice,
 Quot.sound]
'ZhangLS.Spec.lemma32_actual_prime_fourth_moment_hasse_bound' depends on axioms: [propext, Classical.choice, Quot.sound]
'ZhangLS.Spec.lemma32_prime_sqrt_ge_one' depends on axioms: [propext, Classical.choice, Quot.sound]
'ZhangLS.Spec.lemma32_actual_prime_unpaired_quartic_hasse_bound' depends on axioms: [propext,
 Classical.choice,
 Quot.sound]
'ZhangLS.Spec.lemma32_actual_prime_isolated_root_hasse_bound' depends on axioms: [propext, Classical.choice, Quot.sound]
'ZhangLS.Spec.lemma32_unpaired_quartic_tuple_has_singleton' depends on axioms: [propext, Classical.choice, Quot.sound]
'ZhangLS.Spec.lemma32_actual_quartic_sum_trivial_norm' depends on axioms: [propext, Classical.choice, Quot.sound]
'ZhangLS.Spec.lemma32_actual_prime_quartic_root_difference_bound' depends on axioms: [propext,
 Classical.choice,
 Quot.sound]
'ZhangLS.Spec.lemma32_actual_prime_quartic_gcd_bound' depends on axioms: [propext, Classical.choice, Quot.sound]
'ZhangLS.Spec.lemma32_real_primitive_integer_CRT_quartic_sum' depends on axioms: [propext, Classical.choice, Quot.sound]
'ZhangLS.Spec.lemma32_real_primitive_integer_CRT_quartic_norm' depends on axioms: [propext,
 Classical.choice,
 Quot.sound]
'ZhangLS.Spec.lemma32_coprime_gcd_product' depends on axioms: [propext, Classical.choice, Quot.sound]
'ZhangLS.Spec.lemma32_coprime_correlation_factor_mul' depends on axioms: [propext, Classical.choice, Quot.sound]
'ZhangLS.Spec.lemma32_prime_correlation_factor' depends on axioms: [propext, Classical.choice, Quot.sound]
'ZhangLS.Spec.lemma32_correlation_factor_one' depends on axioms: [propext, Classical.choice, Quot.sound]
'ZhangLS.Spec.lemma32_actual_squarefree_quartic_correlation_bound' depends on axioms: [propext,
 Classical.choice,
 Quot.sound]
'ZhangLS.Spec.lemma32_correlation_factor_nonneg' depends on axioms: [propext, Classical.choice, Quot.sound]
'ZhangLS.Spec.lemma32_correlation_factor_mono_of_dvd' depends on axioms: [propext, Classical.choice, Quot.sound]
'ZhangLS.Spec.lemma32_actual_primitive_quartic_composite_bound' depends on axioms: [propext,
 Classical.choice,
 Quot.sound]
'ZhangLS.Spec.lemma32_gcd_totient_divisor_sum' depends on axioms: [propext, Classical.choice, Quot.sound]
'ZhangLS.Spec.lemma32_gcd_interval_sum_le_divisors' depends on axioms: [propext, Classical.choice, Quot.sound]
'ZhangLS.Spec.lemma32_real_gcd_interval_sum_le_divisors' depends on axioms: [propext, Classical.choice, Quot.sound]
'ZhangLS.Spec.lemma32_gcd_triple_product_dvd' depends on axioms: [propext, Classical.choice, Quot.sound]
'ZhangLS.Spec.lemma32_sqrt_gcd_triple_product_le' depends on axioms: [propext, Classical.choice, Quot.sound]
'ZhangLS.Spec.lemma32_actual_primitive_quartic_root_gcd_product_bound' depends on axioms: [propext,
 Classical.choice,
 Quot.sound]
'ZhangLS.Spec.lemma32_nonnegative_root_difference_sum' depends on axioms: [propext, Classical.choice, Quot.sound]
'ZhangLS.Spec.lemma32_real_gcd_root_difference_sum' depends on axioms: [propext, Classical.choice, Quot.sound]
'ZhangLS.Spec.lemma32_isolated_root_weight_nonneg' depends on axioms: [propext, Classical.choice, Quot.sound]
'ZhangLS.Spec.lemma32_isolated_root_weight_sum' depends on axioms: [propext, Classical.choice, Quot.sound]
'ZhangLS.Spec.lemma32_isolated_root_weight_sum_bound' depends on axioms: [propext, Classical.choice, Quot.sound]
'ZhangLS.Spec.lemma32_gcd_root_weight_nonneg' depends on axioms: [propext, Classical.choice, Quot.sound]
'ZhangLS.Spec.lemma32_gcd_root_weight_row_sum' depends on axioms: [propext, Classical.choice, Quot.sound]
'ZhangLS.Spec.lemma32_quartic_correlation_selected_root' depends on axioms: [propext, Classical.choice, Quot.sound]
'ZhangLS.Spec.lemma32_actual_isolated_root_correlation_weight' depends on axioms: [propext,
 Classical.choice,
 Quot.sound]
'ZhangLS.Spec.lemma32_actual_nonpaired_correlation_root_weights' depends on axioms: [propext,
 Classical.choice,
 Quot.sound]
'ZhangLS.Spec.lemma32_actual_composite_nondegenerate_fourth_moment' depends on axioms: [propext,
 Classical.choice,
 Quot.sound]
'ZhangLS.Spec.lemma32_actual_composite_burgess_fourth_moment' depends on axioms: [propext, Classical.choice, Quot.sound]
'ZhangLS.Spec.lemma32_actual_primitive_divisor_count' depends on axioms: [propext, Classical.choice, Quot.sound]
'ZhangLS.Spec.lemma32_actual_primitive_moment_divisor_factor' depends on axioms: [propext, Classical.choice, Quot.sound]
'ZhangLS.Spec.lemma32_moment_prime_saving_constant_pos' depends on axioms: [propext, Classical.choice, Quot.sound]
'ZhangLS.Spec.lemma32_moment_small_prime_count' depends on axioms: [propext, Classical.choice, Quot.sound]
'ZhangLS.Spec.lemma32_moment_prime_factor_power_bound' depends on axioms: [propext, Classical.choice, Quot.sound]
'ZhangLS.Spec.lemma32_uniform_moment_constant_pos' depends on axioms: [propext, Classical.choice, Quot.sound]
'ZhangLS.Spec.lemma32_actual_uniform_burgess_fourth_moment' depends on axioms: [propext, Classical.choice, Quot.sound]
'HasseWeil.WeilPairing.hasse_bound' depends on axioms: [propext, Classical.choice, Quot.sound]
'HasseWeil.WeilPairing.hasse_bound_unconditional' depends on axioms: [propext, Classical.choice, Quot.sound]
'ZhangLS.Spec.lemma32_actual_coefficient_nonneg' depends on axioms: [propext, Classical.choice, Quot.sound]
'ZhangLS.Spec.lemma32_tau_two_prime_power' depends on axioms: [propext, Classical.choice, Quot.sound]
'ZhangLS.Spec.lemma32_actual_coefficient_prime_power_of_one' depends on axioms: [propext, Classical.choice, Quot.sound]
'ZhangLS.Spec.lemma32_actual_coefficient_prime_power_of_zero' depends on axioms: [propext, Classical.choice, Quot.sound]
'ZhangLS.Spec.lemma32_actual_coefficient_prime_power_of_neg_one' depends on axioms: [propext,
 Classical.choice,
 Quot.sound]
'ZhangLS.Spec.lemma32_actual_coefficient_one' depends on axioms: [propext, Classical.choice, Quot.sound]
'ZhangLS.Spec.lemma32_rising_choose_two' depends on axioms: [propext, Classical.choice, Quot.sound]
'ZhangLS.Spec.lemma32_rising_choose_three' depends on axioms: [propext, Classical.choice, Quot.sound]
'ZhangLS.Spec.lemma32_rising_choose_four' depends on axioms: [propext, Classical.choice, Quot.sound]
'ZhangLS.Spec.lemma32_fourth_power_choose' depends on axioms: [propext, Classical.choice, Quot.sound]
'ZhangLS.Spec.lemma32_fourth_geometric_hasSum' depends on axioms: [propext, Classical.choice, Quot.sound]
'ZhangLS.Spec.lemma32_actual_coefficient_mul' depends on axioms: [propext, Classical.choice, Quot.sound]
'ZhangLS.Spec.lemma32_square_geometric_hasSum' depends on axioms: [propext, Classical.choice, Quot.sound]
'ZhangLS.Spec.lemma32_even_square_geometric_hasSum' depends on axioms: [propext, Classical.choice, Quot.sound]
'ZhangLS.Spec.lemma32_actual_local_series_of_one' depends on axioms: [propext, Classical.choice, Quot.sound]
'ZhangLS.Spec.lemma32_actual_local_series_of_zero' depends on axioms: [propext, Classical.choice, Quot.sound]
'ZhangLS.Spec.lemma32_actual_even_local_series_of_neg_one' depends on axioms: [propext, Classical.choice, Quot.sound]
'ZhangLS.Spec.lemma32_actual_local_series_of_neg_one' depends on axioms: [propext, Classical.choice, Quot.sound]
'ZhangLS.Spec.lemma32_local_correction_of_one' depends on axioms: [propext, Classical.choice, Quot.sound]
'ZhangLS.Spec.lemma32_local_correction_of_zero' depends on axioms: [propext, Classical.choice, Quot.sound]
'ZhangLS.Spec.lemma32_local_correction_of_neg_one' depends on axioms: [propext, Classical.choice, Quot.sound]
'ZhangLS.Spec.lemma32_bounded_polynomial_norm' depends on axioms: [propext, Classical.choice, Quot.sound]
'ZhangLS.Spec.lemma32_plus_factor_remainder' depends on axioms: [propext, Classical.choice, Quot.sound]
'ZhangLS.Spec.lemma32_minus_factor_remainder' depends on axioms: [propext, Classical.choice, Quot.sound]
'ZhangLS.Spec.lemma32_plus_factor_norm_sub_one' depends on axioms: [propext, Classical.choice, Quot.sound]
'ZhangLS.Spec.lemma32_minus_factor_norm_sub_one' depends on axioms: [propext, Classical.choice, Quot.sound]
'ZhangLS.Spec.lemma32_actual_local_correction_norm_sub_one' depends on axioms: [propext, Classical.choice, Quot.sound]
'ZhangLS.Spec.lemma32_character_prime_cases_of_not_dvd' depends on axioms: [propext, Classical.choice, Quot.sound]
'ZhangLS.Spec.lemma32_local_correction_norm_of_not_dvd' depends on axioms: [propext, Classical.choice, Quot.sound]
'ZhangLS.Spec.lemma32_zero_factor_norm' depends on axioms: [propext, Classical.choice, Quot.sound]
'ZhangLS.Spec.lemma32_local_correction_norm_of_dvd' depends on axioms: [propext, Classical.choice, Quot.sound]
'ZhangLS.Spec.lemma32_zero_correction_factorization' depends on axioms: [propext, Classical.choice, Quot.sound]
'ZhangLS.Spec.lemma32_actual_correction_regular_factorization' depends on axioms: [propext,
 Classical.choice,
 Quot.sound]
'ZhangLS.Spec.lemma32_regular_local_norm_sub_one' depends on axioms: [propext, Classical.choice, Quot.sound]
'ZhangLS.Spec.lemma32_regular_local_differentiable' depends on axioms: [propext, Classical.choice, Quot.sound]
'ZhangLS.Spec.lemma32_regular_local_at_zero' depends on axioms: [propext, Classical.choice, Quot.sound]
'ZhangLS.Spec.lemma32_prime_monomial_norm' depends on axioms: [propext, Classical.choice, Quot.sound]
'ZhangLS.Spec.lemma32_prime_monomial_norm_square' depends on axioms: [propext, Classical.choice, Quot.sound]
'ZhangLS.Spec.lemma32_prime_monomial_norm_lt_one' depends on axioms: [propext, Classical.choice, Quot.sound]
'ZhangLS.Spec.lemma32_regular_prime_errors_summable' depends on axioms: [propext, Classical.choice, Quot.sound]
'ZhangLS.Spec.lemma32_regular_euler_product_multipliable' depends on axioms: [propext, Classical.choice, Quot.sound]
'ZhangLS.Spec.lemma32_regular_prime_error_uniform' depends on axioms: [propext, Classical.choice, Quot.sound]
'ZhangLS.Spec.lemma32_regular_finite_product_bound' depends on axioms: [propext, Classical.choice, Quot.sound]
'ZhangLS.Spec.lemma32_regular_euler_product_bound' depends on axioms: [propext, Classical.choice, Quot.sound]
'ZhangLS.Spec.lemma32_regular_product_bound_pos' depends on axioms: [propext, Classical.choice, Quot.sound]
'ZhangLS.Spec.lemma32_regular_finite_product_difference' depends on axioms: [propext, Classical.choice, Quot.sound]
'ZhangLS.Spec.lemma32_regular_products_uniform_cauchy' depends on axioms: [propext, Classical.choice, Quot.sound]
'ZhangLS.Spec.lemma32_regular_products_uniform_limit' depends on axioms: [propext, Classical.choice, Quot.sound]
'ZhangLS.Spec.lemma32_prime_monomial_differentiable' depends on axioms: [propext, Classical.choice, Quot.sound]
'ZhangLS.Spec.lemma32_regular_finite_product_differentiable' depends on axioms: [propext, Classical.choice, Quot.sound]
'ZhangLS.Spec.lemma32_regular_products_locally_uniform' depends on axioms: [propext, Classical.choice, Quot.sound]
'ZhangLS.Spec.lemma32_regular_euler_product_differentiableOn' depends on axioms: [propext, Classical.choice, Quot.sound]
'ZhangLS.Spec.lemma32_regular_euler_product_analyticOnNhd' depends on axioms: [propext, Classical.choice, Quot.sound]
'ZhangLS.Spec.lemma32_one_sub_norm_le_one' depends on axioms: [propext, Classical.choice, Quot.sound]
'ZhangLS.Spec.lemma32_prime_monomial_re' depends on axioms: [propext, Classical.choice, Quot.sound]
'ZhangLS.Spec.lemma32_cos_lower_of_abs_le_one' depends on axioms: [propext, Classical.choice, Quot.sound]
'ZhangLS.Spec.lemma32_ramified_prime_factor_norm' depends on axioms: [propext, Classical.choice, Quot.sound]
'ZhangLS.Spec.lemma32_ramification_factor_differentiable' depends on axioms: [propext, Classical.choice, Quot.sound]
'ZhangLS.Spec.lemma32_analytic_correction_analyticOnNhd' depends on axioms: [propext, Classical.choice, Quot.sound]
'ZhangLS.Spec.lemma32_ramification_factor_norm' depends on axioms: [propext, Classical.choice, Quot.sound]
'ZhangLS.Spec.lemma32_analytic_correction_sector_bound' depends on axioms: [propext, Classical.choice, Quot.sound]
'ZhangLS.Spec.lemma32_negative_power_small' depends on axioms: [propext, Classical.choice, Quot.sound]
'ZhangLS.Spec.lemma32_residue_disk_parameters' depends on axioms: [propext, Classical.choice, Quot.sound]
'ZhangLS.Spec.lemma32_analytic_correction_residue_disk_bound' depends on axioms: [propext, Classical.choice, Quot.sound]
'ZhangLS.Spec.lemma32_actual_first_derivative_bound' depends on axioms: [propext, Classical.choice, Quot.sound]
'ZhangLS.Spec.lemma32_actual_L_difference_near_one' depends on axioms: [propext, Classical.choice, Quot.sound]
'ZhangLS.Spec.lemma32_actual_value_at_one_small' depends on axioms: [propext, Classical.choice, Quot.sound]
'ZhangLS.Spec.lemma32_circle_small_value_scale_identity' depends on axioms: [propext, Classical.choice, Quot.sound]
'ZhangLS.Spec.lemma32_actual_L_residue_disk_small' depends on axioms: [propext, Classical.choice, Quot.sound]
'ZhangLS.Spec.lemma32_zeta_pole_removed_local_bound' depends on axioms: [propext, Classical.choice, Quot.sound]
'ZhangLS.Spec.lemma32_actual_zeta_local_pole_bound' depends on axioms: [propext, Classical.choice, Quot.sound]
'ZhangLS.Spec.lemma32_actual_zeta_L_residue_circle_bound' depends on axioms: [propext, Classical.choice, Quot.sound]
'ZhangLS.Spec.lemma32_exists_gamma_local_bound' depends on axioms: [propext, Classical.choice, Quot.sound]
'ZhangLS.Spec.lemma32_gamma_local_bound_pos' depends on axioms: [propext, Classical.choice, Quot.sound]
'ZhangLS.Spec.lemma32_gamma_local_bound' depends on axioms: [propext, Classical.choice, Quot.sound]
'ZhangLS.Spec.lemma32_regularized_gamma_local_bound' depends on axioms: [propext, Classical.choice, Quot.sound]
'ZhangLS.Spec.lemma32_smoothing_difference_local_bound' depends on axioms: [propext, Classical.choice, Quot.sound]
'ZhangLS.Spec.lemma32_smoothing_gamma_local_bound' depends on axioms: [propext, Classical.choice, Quot.sound]
'ZhangLS.Spec.lemma32_circle_constant_pos' depends on axioms: [propext, Classical.choice, Quot.sound]
'ZhangLS.Spec.lemma32_circle_integrand_bound' depends on axioms: [propext, Classical.choice, Quot.sound]
'ZhangLS.Spec.lemma32_residue_circle_scale_identity' depends on axioms: [propext, Classical.choice, Quot.sound]
'ZhangLS.Spec.lemma32_actual_normalized_circle_integral_bound' depends on axioms: [propext,
 Classical.choice,
 Quot.sound]
'ZhangLS.Spec.lemma32_modulus_cpow_eq_exp' depends on axioms: [propext, Classical.choice, Quot.sound]
'ZhangLS.Spec.lemma32_original_smoothing_difference' depends on axioms: [propext, Classical.choice, Quot.sound]
'ZhangLS.Spec.lemma32_original_normalized_circle_integral_bound' depends on axioms: [propext,
 Classical.choice,
 Quot.sound]
'ZhangLS.Spec.lemma32_multichoose_2_square_le_4' depends on axioms: [propext, Classical.choice, Quot.sound]
'ZhangLS.Spec.lemma32_multichoose_4_square_le_16' depends on axioms: [propext, Classical.choice, Quot.sound]
'ZhangLS.Spec.lemma32_tau2_square_le_tau4' depends on axioms: [propext, Classical.choice, Quot.sound]
'ZhangLS.Spec.lemma32_tau4_square_le_tau16' depends on axioms: [propext, Classical.choice, Quot.sound]
'ZhangLS.Spec.lemma32_tau_two_eq_card_divisors' depends on axioms: [propext, Classical.choice, Quot.sound]
'ZhangLS.Spec.lemma32_actual_coefficient_le_tau_sixteen' depends on axioms: [propext, Classical.choice, Quot.sound]
'ZhangLS.Spec.lemma32_tau_lseries_summable' depends on axioms: [propext, Classical.choice, Quot.sound]
'ZhangLS.Spec.lemma32_actual_weighted_lseries_summable' depends on axioms: [propext, Classical.choice, Quot.sound]
'ZhangLS.Spec.lemma32_actual_weighted_norm_terms_summable' depends on axioms: [propext, Classical.choice, Quot.sound]
'ZhangLS.Spec.lemma32_weighted_term_at_one' depends on axioms: [propext, Classical.choice, Quot.sound]
'ZhangLS.Spec.lemma32_weighted_term_mul' depends on axioms: [propext, Classical.choice, Quot.sound]
'ZhangLS.Spec.lemma32_actual_weighted_euler_hasProd' depends on axioms: [propext, Classical.choice, Quot.sound]
'ZhangLS.Spec.lemma32_actual_weighted_euler_product' depends on axioms: [propext, Classical.choice, Quot.sound]
'ZhangLS.Spec.lemma32_prime_monomial_eq_cpow' depends on axioms: [propext, Classical.choice, Quot.sound]
'ZhangLS.Spec.lemma32_weighted_prime_power_term' depends on axioms: [propext, Classical.choice, Quot.sound]
'ZhangLS.Spec.lemma32_weighted_local_correction_identity' depends on axioms: [propext, Classical.choice, Quot.sound]
'ZhangLS.Spec.lemma32_finite_ramification_prime_product' depends on axioms: [propext, Classical.choice, Quot.sound]
'ZhangLS.Spec.lemma32_ramification_prime_factors_hasProd' depends on axioms: [propext, Classical.choice, Quot.sound]
'ZhangLS.Spec.lemma32_actual_local_corrections_hasProd' depends on axioms: [propext, Classical.choice, Quot.sound]
'ZhangLS.Spec.lemma32_actual_zeta_monomial_euler_hasProd' depends on axioms: [propext, Classical.choice, Quot.sound]
'ZhangLS.Spec.lemma32_actual_L_monomial_euler_hasProd' depends on axioms: [propext, Classical.choice, Quot.sound]
'ZhangLS.Spec.lemma32_actual_weighted_series_identity' depends on axioms: [propext, Classical.choice, Quot.sound]
'ZhangLS.Spec.lemma32_circle_integrand_differentiableAt' depends on axioms: [propext, Classical.choice, Quot.sound]
'ZhangLS.Spec.lemma32_actual_circle_integrable' depends on axioms: [propext, Classical.choice, Quot.sound]
'ZhangLS.Spec.lemma32_gamma_one_vertical_bound' depends on axioms: [propext, Classical.choice, Quot.sound]
'ZhangLS.Spec.lemma32_gamma_one_vertical_integrable' depends on axioms: [propext, Classical.choice, Quot.sound]
'ZhangLS.Spec.lemma32_exponential_mellin_eq_Gamma' depends on axioms: [propext, Classical.choice, Quot.sound]
'ZhangLS.Spec.lemma32_exponential_mellin_convergent' depends on axioms: [propext, Classical.choice, Quot.sound]
'ZhangLS.Spec.lemma32_actual_Gamma_mellin_inversion' depends on axioms: [propext, Classical.choice, Quot.sound]
'ZhangLS.Spec.lemma32_Gamma_mellin_term_norm' depends on axioms: [propext, Classical.choice, Quot.sound]
'ZhangLS.Spec.lemma32_Gamma_mellin_term_integrable' depends on axioms: [propext, Classical.choice, Quot.sound]
'ZhangLS.Spec.lemma32_Gamma_mellin_term_integral_norm_summable' depends on axioms: [propext,
 Classical.choice,
 Quot.sound]
'ZhangLS.Spec.lemma32_Gamma_mellin_term_eq_kernel' depends on axioms: [propext, Classical.choice, Quot.sound]
'ZhangLS.Spec.lemma32_Gamma_mellin_term_normalized_integral' depends on axioms: [propext, Classical.choice, Quot.sound]
'ZhangLS.Spec.lemma32_Gamma_mellin_tsum_integrable' depends on axioms: [propext, Classical.choice, Quot.sound]
'ZhangLS.Spec.lemma32_full_series_gamma_mellin' depends on axioms: [propext, Classical.choice, Quot.sound]
'ZhangLS.Spec.lemma32_actual_right_Gamma_integrand_eq_tsum' depends on axioms: [propext, Classical.choice, Quot.sound]
'ZhangLS.Spec.lemma32_actual_right_Gamma_integrand_integrable' depends on axioms: [propext,
 Classical.choice,
 Quot.sound]
'ZhangLS.Spec.lemma32_actual_smoothed_weighted_summable' depends on axioms: [propext, Classical.choice, Quot.sound]
'ZhangLS.Spec.lemma32_actual_full_Gamma_mellin' depends on axioms: [propext, Classical.choice, Quot.sound]
'ZhangLS.Spec.lemma32_actual_original_right_Gamma_difference' depends on axioms: [propext, Classical.choice, Quot.sound]
'ZhangLS.Spec.lemma32_actual_original_right_Gamma_integrable' depends on axioms: [propext, Classical.choice, Quot.sound]
'ZhangLS.Spec.lemma32_actual_original_Gamma_mellin_difference' depends on axioms: [propext,
 Classical.choice,
 Quot.sound]
'ZhangLS.Spec.lemma32_actual_smoothed_difference_series' depends on axioms: [propext, Classical.choice, Quot.sound]
'ZhangLS.Spec.lemma32_actual_weighted_term_one_real' depends on axioms: [propext, Classical.choice, Quot.sound]
'ZhangLS.Spec.lemma32_actual_real_smoothed_terms_summable' depends on axioms: [propext, Classical.choice, Quot.sound]
'ZhangLS.Spec.lemma32_actual_smoothed_difference_real_series' depends on axioms: [propext, Classical.choice, Quot.sound]
'ZhangLS.Spec.lemma32_actual_real_smoothed_term_nonneg' depends on axioms: [propext, Classical.choice, Quot.sound]
'ZhangLS.Spec.lemma32_actual_real_smoothed_difference_nonneg' depends on axioms: [propext, Classical.choice, Quot.sound]
'ZhangLS.Spec.lemma32_smoothing_window_lower_bound_pos' depends on axioms: [propext, Classical.choice, Quot.sound]
'ZhangLS.Spec.lemma32_exponential_smoothing_window_lower' depends on axioms: [propext, Classical.choice, Quot.sound]
'ZhangLS.Spec.lemma32_actual_smoothing_weight_window_lower' depends on axioms: [propext, Classical.choice, Quot.sound]
'ZhangLS.Spec.lemma32_actual_weighted_tail_le_smoothed' depends on axioms: [propext, Classical.choice, Quot.sound]
'ZhangLS.Spec.lemma32_zeta_pole_removed_differentiableAt' depends on axioms: [propext, Classical.choice, Quot.sound]
'ZhangLS.Spec.lemma32_smoothing_difference_differentiable' depends on axioms: [propext, Classical.choice, Quot.sound]
'ZhangLS.Spec.lemma32_smoothing_dslope_differentiable' depends on axioms: [propext, Classical.choice, Quot.sound]
'ZhangLS.Spec.lemma32_regular_numerator_differentiableAt' depends on axioms: [propext, Classical.choice, Quot.sound]
'ZhangLS.Spec.lemma32_regular_numerator_analyticOnNhd' depends on axioms: [propext, Classical.choice, Quot.sound]
'ZhangLS.Spec.lemma32_regular_numerator_eq' depends on axioms: [propext, Classical.choice, Quot.sound]
'ZhangLS.Spec.lemma32_regular_numerator_differentiableOn_ball' depends on axioms: [propext,
 Classical.choice,
 Quot.sound]
'ZhangLS.Spec.lemma32_actual_circle_integral_eq_residue' depends on axioms: [propext, Classical.choice, Quot.sound]
'ZhangLS.Spec.lemma32_actual_original_circle_integral_eq_residue' depends on axioms: [propext,
 Classical.choice,
 Quot.sound]
'ZhangLS.Spec.lemma32_actual_residue_bound' depends on axioms: [propext, Classical.choice, Quot.sound]
'ZhangLS.Spec.lemma32_divided_remainder_differentiableOn' depends on axioms: [propext, Classical.choice, Quot.sound]
'ZhangLS.Spec.lemma32_divided_remainder_analyticOnNhd' depends on axioms: [propext, Classical.choice, Quot.sound]
'ZhangLS.Spec.lemma32_divided_remainder_recurrence' depends on axioms: [propext, Classical.choice, Quot.sound]
'ZhangLS.Spec.lemma32_regular_numerator_finite_expansion' depends on axioms: [propext, Classical.choice, Quot.sound]
'ZhangLS.Spec.lemma32_actual_integrand_principal_decomposition' depends on axioms: [propext,
 Classical.choice,
 Quot.sound]
'ZhangLS.Spec.lemma32_actual_regular_remainder_rectangle_zero' depends on axioms: [propext,
 Classical.choice,
 Quot.sound]
'ZhangLS.Spec.lemma32_divided_remainder_power_series' depends on axioms: [propext, Classical.choice, Quot.sound]
'ZhangLS.Spec.lemma32_divided_remainder_coefficient' depends on axioms: [propext, Classical.choice, Quot.sound]
'ZhangLS.Spec.lemma32_actual_residue_eq_divided_remainder' depends on axioms: [propext, Classical.choice, Quot.sound]
'ZhangLS.Spec.lemma32_laurent_primitive_hasDerivAt' depends on axioms: [propext, Classical.choice, Quot.sound]
'ZhangLS.Spec.lemma32_horizontal_zpow_integral' depends on axioms: [propext, Classical.choice, Quot.sound]
'ZhangLS.Spec.lemma32_vertical_zpow_integral' depends on axioms: [propext, Classical.choice, Quot.sound]
'ZhangLS.Spec.lemma32_rectangle_zpow_zero' depends on axioms: [propext, Classical.choice, Quot.sound]
'ZhangLS.Spec.lemma32_rectangle_inverse_winding' depends on axioms: [propext, Classical.choice, Quot.sound]
'ZhangLS.Spec.lemma32_rectangle_laurent_kernel' depends on axioms: [propext, Classical.choice, Quot.sound]
'ZhangLS.Spec.lemma32_boundary_integrable_punctured' depends on axioms: [propext, Classical.choice, Quot.sound]
'ZhangLS.Spec.lemma32_boundary_integral_add' depends on axioms: [propext, Classical.choice, Quot.sound]
'ZhangLS.Spec.lemma32_boundary_integral_const_mul' depends on axioms: [propext, Classical.choice, Quot.sound]
'ZhangLS.Spec.lemma32_boundary_integral_sum' depends on axioms: [propext, Classical.choice, Quot.sound]
'ZhangLS.Spec.lemma32_laurent_kernel_continuousOn' depends on axioms: [propext, Classical.choice, Quot.sound]
'ZhangLS.Spec.lemma32_principal_part_boundary_integrable' depends on axioms: [propext, Classical.choice, Quot.sound]
'ZhangLS.Spec.lemma32_actual_principal_boundary_residue' depends on axioms: [propext, Classical.choice, Quot.sound]
'ZhangLS.Spec.lemma32_boundary_integrable_halfplane' depends on axioms: [propext, Classical.choice, Quot.sound]
'ZhangLS.Spec.lemma32_actual_finite_rectangle_residue' depends on axioms: [propext, Classical.choice, Quot.sound]
'ZhangLS.Spec.lemma32_mellin_normalizing_factor' depends on axioms: [propext, Classical.choice, Quot.sound]
'ZhangLS.Spec.lemma32_actual_normalized_finite_shift' depends on axioms: [propext, Classical.choice, Quot.sound]
'ZhangLS.Spec.lemma32_gamma_shift_product' depends on axioms: [propext, Classical.choice, Quot.sound]
'ZhangLS.Spec.lemma32_gamma_shift_norm_lower' depends on axioms: [propext, Classical.choice, Quot.sound]
'ZhangLS.Spec.lemma32_gamma_strip_polynomial_decay' depends on axioms: [propext, Classical.choice, Quot.sound]
'ZhangLS.Spec.lemma32_ramification_global_bound' depends on axioms: [propext, Classical.choice, Quot.sound]
'ZhangLS.Spec.lemma32_analytic_correction_global_growth' depends on axioms: [propext, Classical.choice, Quot.sound]
'ZhangLS.Spec.lemma32_positive_strip_high_norm' depends on axioms: [propext, Classical.choice, Quot.sound]
'ZhangLS.Spec.lemma32_actual_zeta_strip_high_growth' depends on axioms: [propext, Classical.choice, Quot.sound]
'ZhangLS.Spec.lemma32_actual_L_strip_high_growth' depends on axioms: [propext, Classical.choice, Quot.sound]
'ZhangLS.Spec.lemma32_actual_zeta_L_strip_high_growth' depends on axioms: [propext, Classical.choice, Quot.sound]
'ZhangLS.Spec.lemma32_smoothing_strip_growth' depends on axioms: [propext, Classical.choice, Quot.sound]
'ZhangLS.Spec.lemma32_global_height_constant_pos' depends on axioms: [propext, Classical.choice, Quot.sound]
'ZhangLS.Spec.lemma32_actual_integrand_height_decay' depends on axioms: [propext, Classical.choice, Quot.sound]
'ZhangLS.Spec.lemma32_actual_integrand_eq_regular_div' depends on axioms: [propext, Classical.choice, Quot.sound]
'ZhangLS.Spec.lemma32_actual_integrand_differentiableAt_global' depends on axioms: [propext,
 Classical.choice,
 Quot.sound]
'ZhangLS.Spec.lemma32_actual_vertical_continuous' depends on axioms: [propext, Classical.choice, Quot.sound]
'ZhangLS.Spec.lemma32_integrable_of_quartic_decay' depends on axioms: [propext, Classical.choice, Quot.sound]
'ZhangLS.Spec.lemma32_actual_left_vertical_integrable' depends on axioms: [propext, Classical.choice, Quot.sound]
'ZhangLS.Spec.lemma32_actual_horizontal_integral_bound' depends on axioms: [propext, Classical.choice, Quot.sound]
'ZhangLS.Spec.lemma32_tendsto_zero_of_quartic_norm_bound' depends on axioms: [propext, Classical.choice, Quot.sound]
'ZhangLS.Spec.lemma32_actual_upper_horizontal_decay' depends on axioms: [propext, Classical.choice, Quot.sound]
'ZhangLS.Spec.lemma32_actual_lower_horizontal_decay' depends on axioms: [propext, Classical.choice, Quot.sound]
'ZhangLS.Spec.lemma32_actual_infinite_contour_shift' depends on axioms: [propext, Classical.choice, Quot.sound]
'ZhangLS.Spec.lemma32_actual_smoothed_difference_eq_residue_add_left' depends on axioms: [propext,
 Classical.choice,
 Quot.sound]
'ZhangLS.Spec.lemma32_actual_original_tail_reduction' depends on axioms: [propext, Classical.choice, Quot.sound]
'ZhangLS.Spec.lemma32_ramified_prime_small_bound' depends on axioms: [propext, Classical.choice, Quot.sound]
'ZhangLS.Spec.lemma32_large_prime_monomial_small' depends on axioms: [propext, Classical.choice, Quot.sound]
'ZhangLS.Spec.lemma32_ramified_large_prime_saving' depends on axioms: [propext, Classical.choice, Quot.sound]
'ZhangLS.Spec.lemma32_ramification_saving_constant_pos' depends on axioms: [propext, Classical.choice, Quot.sound]
'ZhangLS.Spec.lemma32_prime_factors_log_sum_bound' depends on axioms: [propext, Classical.choice, Quot.sound]
'ZhangLS.Spec.lemma32_ramification_small_prime_count' depends on axioms: [propext, Classical.choice, Quot.sound]
'ZhangLS.Spec.lemma32_ramification_uniform_power_saving' depends on axioms: [propext, Classical.choice, Quot.sound]
'ZhangLS.Spec.lemma32_analytic_correction_uniform_power_saving' depends on axioms: [propext,
 Classical.choice,
 Quot.sound]
'ZhangLS.Spec.lemma32_square_quarter_power' depends on axioms: [propext, Classical.choice, Quot.sound]
'ZhangLS.Spec.lemma32_square_negative_quarter_power' depends on axioms: [propext, Classical.choice, Quot.sound]
'ZhangLS.Spec.lemma32_small_quarter_power_integral' depends on axioms: [propext, Classical.choice, Quot.sound]
'ZhangLS.Spec.lemma32_large_quarter_power_integral' depends on axioms: [propext, Classical.choice, Quot.sound]
'ZhangLS.Spec.lemma32_actual_partial_sum_square_root_majorant' depends on axioms: [propext,
 Classical.choice,
 Quot.sound]
'ZhangLS.Spec.lemma32_actual_abel_small_majorant' depends on axioms: [propext, Classical.choice, Quot.sound]
'ZhangLS.Spec.lemma32_actual_abel_large_majorant' depends on axioms: [propext, Classical.choice, Quot.sound]
'ZhangLS.Spec.lemma32_actual_abel_square_root_partial_sum_bound' depends on axioms: [propext,
 Classical.choice,
 Quot.sound]
'ZhangLS.Spec.lemma32_actual_L_bound_of_square_root_partial_sums' depends on axioms: [propext,
 Classical.choice,
 Quot.sound]
'ZhangLS.Spec.lemma32_burgess_scale_half_power' depends on axioms: [propext, Classical.choice, Quot.sound]
'ZhangLS.Spec.lemma32_actual_L_bound_of_burgess_partial_sums' depends on axioms: [propext, Classical.choice, Quot.sound]
'ZhangLS.Spec.lemma32_left_line_Gamma_continuous' depends on axioms: [propext, Classical.choice, Quot.sound]
'ZhangLS.Spec.lemma32_left_line_zeta_continuous' depends on axioms: [propext, Classical.choice, Quot.sound]
'ZhangLS.Spec.lemma32_left_kernel_continuous' depends on axioms: [propext, Classical.choice, Quot.sound]
'ZhangLS.Spec.lemma32_left_kernel_nonneg' depends on axioms: [propext, Classical.choice, Quot.sound]
'ZhangLS.Spec.lemma32_left_kernel_high_bound' depends on axioms: [propext, Classical.choice, Quot.sound]
'ZhangLS.Spec.lemma32_left_kernel_integrable' depends on axioms: [propext, Classical.choice, Quot.sound]
'ZhangLS.Spec.lemma32_left_kernel_constant_pos' depends on axioms: [propext, Classical.choice, Quot.sound]
'ZhangLS.Spec.lemma32_left_kernel_integral_le' depends on axioms: [propext, Classical.choice, Quot.sound]
'ZhangLS.Spec.lemma32_smoothing_left_line_bound' depends on axioms: [propext, Classical.choice, Quot.sound]
'ZhangLS.Spec.lemma32_half_power_eighth' depends on axioms: [propext, Classical.choice, Quot.sound]
'ZhangLS.Spec.lemma32_actual_left_integrand_bound_of_partial_sums' depends on axioms: [propext,
 Classical.choice,
 Quot.sound]
'ZhangLS.Spec.lemma32_left_error_constant_pos' depends on axioms: [propext, Classical.choice, Quot.sound]
'ZhangLS.Spec.lemma32_actual_left_integral_bound_of_partial_sums' depends on axioms: [propext,
 Classical.choice,
 Quot.sound]
'ZhangLS.Spec.lemma32_burgess_scale_fourth_decay' depends on axioms: [propext, Classical.choice, Quot.sound]
'ZhangLS.Spec.lemma32_actual_left_integral_bound_of_burgess_partial_sums' depends on axioms: [propext,
 Classical.choice,
 Quot.sound]
'ZhangLS.Spec.lemma32_left_error_absorption_threshold' depends on axioms: [propext, Classical.choice, Quot.sound]
'ZhangLS.Spec.lemma32_target_of_uniform_burgess_partial_sums' depends on axioms: [propext, Classical.choice, Quot.sound]
'ZhangLS.Spec.lemma32_real_complex_norm_fourth' depends on axioms: [propext, Classical.choice, Quot.sound]
'ZhangLS.Spec.lemma32_actual_quartic_character_product' depends on axioms: [propext, Classical.choice, Quot.sound]
'ZhangLS.Spec.lemma32_actual_burgess_fourth_moment_expansion' depends on axioms: [propext, Classical.choice, Quot.sound]
'ZhangLS.Spec.lemma32_quartic_pairing_image_card' depends on axioms: [propext, Classical.choice, Quot.sound]
'ZhangLS.Spec.lemma32_degenerate_quartic_tuples_card' depends on axioms: [propext, Classical.choice, Quot.sound]
'ZhangLS.Spec.lemma32_actual_quartic_correlation_abs_bound' depends on axioms: [propext, Classical.choice, Quot.sound]
'ZhangLS.Spec.lemma32_degenerate_fourth_moment_contribution_bound' depends on axioms: [propext,
 Classical.choice,
 Quot.sound]
'ZhangLS.Spec.lemma32_quadratic_character_value_square' depends on axioms: [propext, Classical.choice, Quot.sound]
'ZhangLS.Spec.lemma32_quadratic_character_inverse' depends on axioms: [propext, Classical.choice, Quot.sound]
'ZhangLS.Spec.lemma32_quadratic_two_linear_correlation' depends on axioms: [propext, Classical.choice, Quot.sound]
'ZhangLS.Spec.lemma32_quadratic_character_norm_le_one' depends on axioms: [propext, Classical.choice, Quot.sound]
'ZhangLS.Spec.lemma32_actual_prime_two_linear_correlation' depends on axioms: [propext, Classical.choice, Quot.sound]
'ZhangLS.Spec.lemma32_actual_prime_two_linear_real_correlation' depends on axioms: [propext,
 Classical.choice,
 Quot.sound]
'ZhangLS.Spec.lemma32_quadratic_repeated_root_correlation' depends on axioms: [propext, Classical.choice, Quot.sound]
'ZhangLS.Spec.lemma32_quadratic_repeated_root_correlation_norm' depends on axioms: [propext,
 Classical.choice,
 Quot.sound]
'ZhangLS.Spec.lemma32_mem_degenerate_iff_paired' depends on axioms: [propext, Classical.choice, Quot.sound]
'ZhangLS.Spec.lemma32_actual_prime_repeated_correlation_norm' depends on axioms: [propext, Classical.choice, Quot.sound]
'ZhangLS.Spec.lemma32_actual_prime_quartic_repeated_correlation' depends on axioms: [propext,
 Classical.choice,
 Quot.sound]
'ZhangLS.Spec.lemma32_actual_fourth_moment_decomposition' depends on axioms: [propext, Classical.choice, Quot.sound]
'ZhangLS.Spec.lemma32_actual_fourth_moment_remainder_bound' depends on axioms: [propext, Classical.choice, Quot.sound]
'ZhangLS.Spec.lemma32_nondegenerate_fourth_moment_nonneg' depends on axioms: [propext, Classical.choice, Quot.sound]
'ZhangLS.Spec.lemma32_quartic_correlation_permutation' depends on axioms: [propext, Classical.choice, Quot.sound]
'ZhangLS.Spec.lemma32_actual_prime_repeated_quartic_permutation_bound' depends on axioms: [propext,
 Classical.choice,
 Quot.sound]
'ZhangLS.Spec.lemma32_quartic_cubic_substitution' depends on axioms: [propext, Classical.choice, Quot.sound]
'ZhangLS.Spec.lemma32_quadratic_quartic_cubic_point_identity' depends on axioms: [propext, Classical.choice, Quot.sound]
'ZhangLS.Spec.lemma32_quadratic_quartic_cubic_punctured_sum' depends on axioms: [propext, Classical.choice, Quot.sound]
'ZhangLS.Spec.lemma32_quadratic_quartic_cubic_sum_identity' depends on axioms: [propext, Classical.choice, Quot.sound]
'ZhangLS.Spec.lemma32_monic_cubic_normalization' depends on axioms: [propext, Quot.sound]
'ZhangLS.Spec.lemma32_quadratic_monic_cubic_point_identity' depends on axioms: [propext, Classical.choice, Quot.sound]
'ZhangLS.Spec.lemma32_quadratic_normalized_cubic_sum_identity' depends on axioms: [propext,
 Classical.choice,
 Quot.sound]
'ZhangLS.Spec.lemma32_quadratic_quartic_normalized_cubic_sum_identity' depends on axioms: [propext,
 Classical.choice,
 Quot.sound]
'ZhangLS.Spec.lemma32_normalized_cubic_root_factorization' depends on axioms: [propext, Quot.sound]
'ZhangLS.Spec.lemma32_quartic_Weierstrass_discriminant' depends on axioms: [propext, Quot.sound]
'ZhangLS.Spec.lemma32_cubic_leading_coefficient_nonzero' depends on axioms: [propext, Classical.choice, Quot.sound]
'ZhangLS.Spec.lemma32_quartic_Weierstrass_discriminant_nonzero' depends on axioms: [propext,
 Classical.choice,
 Quot.sound]
'ZhangLS.Spec.lemma32_quartic_Weierstrass_isElliptic' depends on axioms: [propext, Classical.choice, Quot.sound]
'ZhangLS.Spec.lemma32_mulchar_eq_of_unit_generator' depends on axioms: [propext, Classical.choice, Quot.sound]
'ZhangLS.Spec.lemma32_nontrivial_quadratic_unit_generator_value' depends on axioms: [propext,
 Classical.choice,
 Quot.sound]
'ZhangLS.Spec.lemma32_nontrivial_quadratic_character_unique' depends on axioms: [propext, Classical.choice, Quot.sound]
'ZhangLS.Spec.lemma32_nontrivial_quadratic_character_eq_canonical' depends on axioms: [propext,
 Classical.choice,
 Quot.sound]
'ZhangLS.Spec.lemma32_nontrivial_quadratic_character_canonical_value' depends on axioms: [propext,
 Classical.choice,
 Quot.sound]
'ZhangLS.Spec.lemma32_affine_solution_card_fibers' depends on axioms: [propext, Classical.choice, Quot.sound]
'ZhangLS.Spec.lemma32_quadratic_square_root_count' depends on axioms: [propext, Classical.choice, Quot.sound]
'ZhangLS.Spec.lemma32_actual_affine_card_character_sum' depends on axioms: [propext, Classical.choice, Quot.sound]
'ZhangLS.Spec.lemma32_quartic_character_sum_affine_card' depends on axioms: [propext, Classical.choice, Quot.sound]
'ZhangLS.Spec.lemma32_quartic_curve_affine_equation' depends on axioms: [propext, Classical.choice, Quot.sound]
'ZhangLS.Spec.lemma32_quartic_curve_affine_solution_finset' depends on axioms: [propext, Classical.choice, Quot.sound]
'ZhangLS.Spec.lemma32_quartic_character_sum_Weierstrass_affine_card' depends on axioms: [propext,
 Classical.choice,
 Quot.sound]
'ZhangLS.Spec.lemma32_Weierstrass_point_card_affine' depends on axioms: [propext, Classical.choice, Quot.sound]
'ZhangLS.Spec.lemma32_quartic_character_sum_actual_curve_points' depends on axioms: [propext,
 Classical.choice,
 Quot.sound]
'ZhangLS.Spec.lemma32_actual_prime_quartic_point_count' depends on axioms: [propext, Classical.choice, Quot.sound]
'ZhangLS.Spec.lemma32_actual_prime_quartic_correlation_point_count' depends on axioms: [propext,
 Classical.choice,
 Quot.sound]
'ZhangLS.Spec.lemma32_nontrivial_quadratic_odd_characteristic' depends on axioms: [propext,
 Classical.choice,
 Quot.sound]
'ZhangLS.Spec.lemma32_field_two_nonzero_of_odd_characteristic' depends on axioms: [propext,
 Classical.choice,
 Quot.sound]
'ZhangLS.Spec.lemma32_actual_prime_odd_characteristic' depends on axioms: [propext, Classical.choice, Quot.sound]
'ZhangLS.Spec.lemma32_actual_prime_distinct_quartic_point_count' depends on axioms: [propext,
 Classical.choice,
 Quot.sound]
'ZhangLS.Spec.lemma32_four_distinct_roots_injective' depends on axioms: [propext, Classical.choice, Quot.sound]
'ZhangLS.Spec.lemma32_four_distinct_roots_field_card' depends on axioms: [propext, Classical.choice, Quot.sound]
'ZhangLS.Spec.lemma32_four_distinct_prime_roots_modulus_ge_five' depends on axioms: [propext,
 Classical.choice,
 Quot.sound]
'ZhangLS.Spec.lemma32_quadratic_unpaired_quartic_collision_bound' depends on axioms: [propext,
 Classical.choice,
 Quot.sound]
'ZhangLS.Spec.lemma32_short_residue_cast_injective' depends on axioms: [propext, Quot.sound]
'ZhangLS.Spec.lemma32_actual_prime_unpaired_collision_correlation' depends on axioms: [propext,
 Classical.choice,
 Quot.sound]
'ZhangLS.Spec.lemma32_quartic_noninjective_iff_collision' depends on axioms: [propext, Classical.choice, Quot.sound]
'ZhangLS.Spec.lemma32_collision_tuples_covered' depends on axioms: [propext, Classical.choice, Quot.sound]
'ZhangLS.Spec.lemma32_collision_quartic_tuple_card' depends on axioms: [propext, Classical.choice, Quot.sound]
'ZhangLS.Spec.lemma32_prime_collision_fourth_moment_bound' depends on axioms: [propext, Classical.choice, Quot.sound]
'ZhangLS.Spec.lemma32_nondegenerate_split_by_injectivity' depends on axioms: [propext, Classical.choice, Quot.sound]
'ZhangLS.Spec.lemma32_actual_prime_fourth_moment_distinct_reduction' depends on axioms: [propext,
 Classical.choice,
 Quot.sound]
'ZhangLS.Spec.lemma32_distinct_quartic_correlation_point_count' depends on axioms: [propext,
 Classical.choice,
 Quot.sound]
'ZhangLS.Spec.lemma32_distinct_fourth_moment_eq_actual_point_discrepancy' depends on axioms: [propext,
 Classical.choice,
 Quot.sound]
'ZhangLS.Spec.lemma32_actual_curve_points_finite' depends on axioms: [propext, Classical.choice, Quot.sound]
'ZhangLS.Spec.lemma32_actual_curve_fintype_card_eq_nat_card' depends on axioms: [propext, Classical.choice, Quot.sound]
'ZhangLS.Spec.lemma32_product_character_factorization' depends on axioms: [propext, Classical.choice, Quot.sound]
'ZhangLS.Spec.lemma32_product_character_finite_sum' depends on axioms: [propext, Classical.choice, Quot.sound]
'ZhangLS.Spec.lemma32_product_character_left_quadratic' depends on axioms: [propext, Classical.choice, Quot.sound]
'ZhangLS.Spec.lemma32_product_character_right_quadratic' depends on axioms: [propext, Classical.choice, Quot.sound]
'ZhangLS.Spec.lemma32_product_quartic_character_sum' depends on axioms: [propext, Classical.choice, Quot.sound]
'ZhangLS.Spec.lemma32_character_equiv_pullback_quadratic' depends on axioms: [propext, Classical.choice, Quot.sound]
'ZhangLS.Spec.lemma32_character_equiv_pullback_nontrivial' depends on axioms: [propext, Classical.choice, Quot.sound]
'ZhangLS.Spec.lemma32_quartic_character_sum_ring_equiv' depends on axioms: [propext, Classical.choice, Quot.sound]
'ZhangLS.Spec.lemma32_actual_CRT_character_quadratic' depends on axioms: [propext, Classical.choice, Quot.sound]
'ZhangLS.Spec.lemma32_actual_CRT_quartic_character_sum' depends on axioms: [propext, Classical.choice, Quot.sound]
'ZhangLS.Spec.lemma32_actual_CRT_character_factorization' depends on axioms: [propext, Classical.choice, Quot.sound]
'ZhangLS.Spec.lemma32_actual_CRT_factorsThrough_left' depends on axioms: [propext, Classical.choice, Quot.sound]
'ZhangLS.Spec.lemma32_actual_CRT_factorsThrough_right' depends on axioms: [propext, Classical.choice, Quot.sound]
'ZhangLS.Spec.lemma32_actual_primitive_CRT_left_nontrivial' depends on axioms: [propext, Classical.choice, Quot.sound]
'ZhangLS.Spec.lemma32_actual_primitive_CRT_right_nontrivial' depends on axioms: [propext, Classical.choice, Quot.sound]
'ZhangLS.Spec.lemma32_changeLevel_factorsThrough_conductor' depends on axioms: [propext, Classical.choice, Quot.sound]
'ZhangLS.Spec.lemma32_changeLevel_conductor_dvd' depends on axioms: [propext, Classical.choice, Quot.sound]
'ZhangLS.Spec.lemma32_actual_CRT_changeLevel_product' depends on axioms: [propext, Classical.choice, Quot.sound]
'ZhangLS.Spec.lemma32_actual_CRT_conductor_dvd_lcm' depends on axioms: [propext, Classical.choice, Quot.sound]
'ZhangLS.Spec.lemma32_actual_primitive_CRT_characters' depends on axioms: [propext, Classical.choice, Quot.sound]
'ZhangLS.Spec.lemma32_real_primitive_CRT_factorization' depends on axioms: [propext, Classical.choice, Quot.sound]
'ZhangLS.Spec.lemma32_real_primitive_CRT_quartic_sum' depends on axioms: [propext, Classical.choice, Quot.sound]
'ZhangLS.Spec.lemma32_quadratic_hom_odd_card_eq_one' depends on axioms: [propext, Classical.choice, Quot.sound]
'ZhangLS.Spec.lemma32_quadratic_character_factorsThrough_odd_kernel' depends on axioms: [propext,
 Classical.choice,
 Quot.sound]
'ZhangLS.Spec.lemma32_units_reduction_kernel_card' depends on axioms: [propext, Classical.choice, Quot.sound]
'ZhangLS.Spec.lemma32_prime_power_reduction_kernel_card' depends on axioms: [propext, Classical.choice, Quot.sound]
'ZhangLS.Spec.lemma32_odd_prime_power_quadratic_factorsThrough' depends on axioms: [propext,
 Classical.choice,
 Quot.sound]
'ZhangLS.Spec.lemma32_odd_prime_power_quadratic_conductor_dvd' depends on axioms: [propext,
 Classical.choice,
 Quot.sound]
'ZhangLS.Spec.lemma32_odd_prime_power_primitive_quadratic_exponent' depends on axioms: [propext,
 Classical.choice,
 Quot.sound]
'ZhangLS.Spec.lemma32_two_power_reduction_kernel_card' depends on axioms: [propext, Classical.choice, Quot.sound]
'ZhangLS.Spec.lemma32_two_power_five_unit_order' depends on axioms: [propext, Classical.choice, Quot.sound]
'ZhangLS.Spec.lemma32_two_power_five_square_order' depends on axioms: [propext, Classical.choice, Quot.sound]
'ZhangLS.Spec.lemma32_two_power_reduction_kernel_generator' depends on axioms: [propext, Classical.choice, Quot.sound]
'ZhangLS.Spec.lemma32_two_power_quadratic_factorsThrough' depends on axioms: [propext, Classical.choice, Quot.sound]
'ZhangLS.Spec.lemma32_two_power_quadratic_conductor_dvd' depends on axioms: [propext, Classical.choice, Quot.sound]
'ZhangLS.Spec.lemma32_two_power_primitive_quadratic_exponent' depends on axioms: [propext, Classical.choice, Quot.sound]
'ZhangLS.Spec.lemma32_real_primitive_odd_prime_exponent' depends on axioms: [propext, Classical.choice, Quot.sound]
'ZhangLS.Spec.lemma32_real_primitive_two_adic_exponent' depends on axioms: [propext, Classical.choice, Quot.sound]
'ZhangLS.Spec.lemma32_real_primitive_odd_part_squarefree' depends on axioms: [propext, Classical.choice, Quot.sound]
'ZhangLS.Spec.lemma32_real_primitive_modulus_shape' depends on axioms: [propext, Classical.choice, Quot.sound]
'ZhangLS.Spec.lemma32_actual_curve_hasse_nat_card' depends on axioms: [propext, Classical.choice, Quot.sound]
'ZhangLS.Spec.lemma32_actual_prime_distinct_quartic_hasse_bound' depends on axioms: [propext,
 Classical.choice,
 Quot.sound]
'ZhangLS.Spec.lemma32_actual_prime_distinct_quartic_correlation_bound' depends on axioms: [propext,
 Classical.choice,
 Quot.sound]
'ZhangLS.Spec.lemma32_actual_prime_distinct_fourth_moment_bound' depends on axioms: [propext,
 Classical.choice,
 Quot.sound]
'ZhangLS.Spec.lemma32_actual_prime_fourth_moment_hasse_bound' depends on axioms: [propext, Classical.choice, Quot.sound]
'ZhangLS.Spec.lemma32_prime_sqrt_ge_one' depends on axioms: [propext, Classical.choice, Quot.sound]
'ZhangLS.Spec.lemma32_actual_prime_unpaired_quartic_hasse_bound' depends on axioms: [propext,
 Classical.choice,
 Quot.sound]
'ZhangLS.Spec.lemma32_actual_prime_isolated_root_hasse_bound' depends on axioms: [propext, Classical.choice, Quot.sound]
'ZhangLS.Spec.lemma32_unpaired_quartic_tuple_has_singleton' depends on axioms: [propext, Classical.choice, Quot.sound]
'ZhangLS.Spec.lemma32_actual_quartic_sum_trivial_norm' depends on axioms: [propext, Classical.choice, Quot.sound]
'ZhangLS.Spec.lemma32_actual_prime_quartic_root_difference_bound' depends on axioms: [propext,
 Classical.choice,
 Quot.sound]
'ZhangLS.Spec.lemma32_actual_prime_quartic_gcd_bound' depends on axioms: [propext, Classical.choice, Quot.sound]
'ZhangLS.Spec.lemma32_real_primitive_integer_CRT_quartic_sum' depends on axioms: [propext, Classical.choice, Quot.sound]
'ZhangLS.Spec.lemma32_real_primitive_integer_CRT_quartic_norm' depends on axioms: [propext,
 Classical.choice,
 Quot.sound]
'ZhangLS.Spec.lemma32_coprime_gcd_product' depends on axioms: [propext, Classical.choice, Quot.sound]
'ZhangLS.Spec.lemma32_coprime_correlation_factor_mul' depends on axioms: [propext, Classical.choice, Quot.sound]
'ZhangLS.Spec.lemma32_prime_correlation_factor' depends on axioms: [propext, Classical.choice, Quot.sound]
'ZhangLS.Spec.lemma32_correlation_factor_one' depends on axioms: [propext, Classical.choice, Quot.sound]
'ZhangLS.Spec.lemma32_actual_squarefree_quartic_correlation_bound' depends on axioms: [propext,
 Classical.choice,
 Quot.sound]
'ZhangLS.Spec.lemma32_correlation_factor_nonneg' depends on axioms: [propext, Classical.choice, Quot.sound]
'ZhangLS.Spec.lemma32_correlation_factor_mono_of_dvd' depends on axioms: [propext, Classical.choice, Quot.sound]
'ZhangLS.Spec.lemma32_actual_primitive_quartic_composite_bound' depends on axioms: [propext,
 Classical.choice,
 Quot.sound]
'ZhangLS.Spec.lemma32_gcd_totient_divisor_sum' depends on axioms: [propext, Classical.choice, Quot.sound]
'ZhangLS.Spec.lemma32_gcd_interval_sum_le_divisors' depends on axioms: [propext, Classical.choice, Quot.sound]
'ZhangLS.Spec.lemma32_real_gcd_interval_sum_le_divisors' depends on axioms: [propext, Classical.choice, Quot.sound]
'ZhangLS.Spec.lemma32_gcd_triple_product_dvd' depends on axioms: [propext, Classical.choice, Quot.sound]
'ZhangLS.Spec.lemma32_sqrt_gcd_triple_product_le' depends on axioms: [propext, Classical.choice, Quot.sound]
'ZhangLS.Spec.lemma32_actual_primitive_quartic_root_gcd_product_bound' depends on axioms: [propext,
 Classical.choice,
 Quot.sound]
'ZhangLS.Spec.lemma32_nonnegative_root_difference_sum' depends on axioms: [propext, Classical.choice, Quot.sound]
'ZhangLS.Spec.lemma32_real_gcd_root_difference_sum' depends on axioms: [propext, Classical.choice, Quot.sound]
'ZhangLS.Spec.lemma32_isolated_root_weight_nonneg' depends on axioms: [propext, Classical.choice, Quot.sound]
'ZhangLS.Spec.lemma32_isolated_root_weight_sum' depends on axioms: [propext, Classical.choice, Quot.sound]
'ZhangLS.Spec.lemma32_isolated_root_weight_sum_bound' depends on axioms: [propext, Classical.choice, Quot.sound]
'ZhangLS.Spec.lemma32_gcd_root_weight_nonneg' depends on axioms: [propext, Classical.choice, Quot.sound]
'ZhangLS.Spec.lemma32_gcd_root_weight_row_sum' depends on axioms: [propext, Classical.choice, Quot.sound]
'ZhangLS.Spec.lemma32_quartic_correlation_selected_root' depends on axioms: [propext, Classical.choice, Quot.sound]
'ZhangLS.Spec.lemma32_actual_isolated_root_correlation_weight' depends on axioms: [propext,
 Classical.choice,
 Quot.sound]
'ZhangLS.Spec.lemma32_actual_nonpaired_correlation_root_weights' depends on axioms: [propext,
 Classical.choice,
 Quot.sound]
'ZhangLS.Spec.lemma32_actual_composite_nondegenerate_fourth_moment' depends on axioms: [propext,
 Classical.choice,
 Quot.sound]
'ZhangLS.Spec.lemma32_actual_composite_burgess_fourth_moment' depends on axioms: [propext, Classical.choice, Quot.sound]
'ZhangLS.Spec.lemma32_actual_primitive_divisor_count' depends on axioms: [propext, Classical.choice, Quot.sound]
'ZhangLS.Spec.lemma32_actual_primitive_moment_divisor_factor' depends on axioms: [propext, Classical.choice, Quot.sound]
'ZhangLS.Spec.lemma32_moment_prime_saving_constant_pos' depends on axioms: [propext, Classical.choice, Quot.sound]
'ZhangLS.Spec.lemma32_moment_small_prime_count' depends on axioms: [propext, Classical.choice, Quot.sound]
'ZhangLS.Spec.lemma32_moment_prime_factor_power_bound' depends on axioms: [propext, Classical.choice, Quot.sound]
'ZhangLS.Spec.lemma32_uniform_moment_constant_pos' depends on axioms: [propext, Classical.choice, Quot.sound]
'ZhangLS.Spec.lemma32_actual_uniform_burgess_fourth_moment' depends on axioms: [propext, Classical.choice, Quot.sound]
'ZhangLS.Spec.lemma32_weighted_fourth_moment_inequality' depends on axioms: [propext, Classical.choice, Quot.sound]
'ZhangLS.Spec.lemma32_actual_weighted_burgess_moment' depends on axioms: [propext, Classical.choice, Quot.sound]
'ZhangLS.Spec.lemma32_actual_coprime_character_norm' depends on axioms: [propext, Classical.choice, Quot.sound]
'ZhangLS.Spec.lemma32_actual_burgess_shift_character' depends on axioms: [propext, Classical.choice, Quot.sound]
'ZhangLS.Spec.lemma32_actual_burgess_shift_short_sum' depends on axioms: [propext, Classical.choice, Quot.sound]
'ZhangLS.Spec.lemma32_actual_burgess_shift_short_sum_norm' depends on axioms: [propext, Classical.choice, Quot.sound]
'ZhangLS.Spec.lemma32_actual_burgess_multiplicity_mass' depends on axioms: [propext, Classical.choice, Quot.sound]
'ZhangLS.Spec.lemma32_actual_burgess_multiplicity_mass_bound' depends on axioms: [propext, Classical.choice, Quot.sound]
'ZhangLS.Spec.lemma32_actual_burgess_multiplicity_weighted_sum' depends on axioms: [propext,
 Classical.choice,
 Quot.sound]
'ZhangLS.Spec.lemma32_unit_ratio_eq_iff' depends on axioms: [propext, Classical.choice, Quot.sound]
'ZhangLS.Spec.lemma32_actual_burgess_residue_collision' depends on axioms: [propext, Classical.choice, Quot.sound]
'ZhangLS.Spec.lemma32_burgess_determinant_variation' depends on axioms: [propext, Classical.choice, Quot.sound]
'ZhangLS.Spec.lemma32_burgess_determinant_unique' depends on axioms: [propext, Classical.choice, Quot.sound]
'ZhangLS.Spec.lemma32_short_congruence_class_card' depends on axioms: [propext, Classical.choice, Quot.sound]
'ZhangLS.Spec.lemma32_equal_determinant_projection_modEq' depends on axioms: [propext, Classical.choice, Quot.sound]
'ZhangLS.Spec.lemma32_equal_determinant_second_projection_injective' depends on axioms: [propext,
 Classical.choice,
 Quot.sound]
'ZhangLS.Spec.lemma32_burgess_fixed_determinant_card' depends on axioms: [propext, Classical.choice, Quot.sound]
'ZhangLS.Spec.lemma32_burgess_fixed_multiplier_congruence_card' depends on axioms: [propext,
 Classical.choice,
 Quot.sound]
'ZhangLS.Spec.lemma32_burgess_fixed_multiplier_real_count' depends on axioms: [propext, Classical.choice, Quot.sound]
'ZhangLS.Spec.lemma32_short_divisor_set' depends on axioms: [propext, Classical.choice, Quot.sound]
'ZhangLS.Spec.lemma32_divisor_summatory_identity' depends on axioms: [propext, Classical.choice, Quot.sound]
'ZhangLS.Spec.lemma32_divisor_summatory_log_bound' depends on axioms: [propext, Classical.choice, Quot.sound]
'ZhangLS.Spec.lemma32_actual_burgess_multiplicity_square_collision' depends on axioms: [propext,
 Classical.choice,
 Quot.sound]
'ZhangLS.Spec.lemma32_actual_burgess_multiplicity_square_determinant' depends on axioms: [propext,
 Classical.choice,
 Quot.sound]
'ZhangLS.Spec.lemma32_symmetric_triangle_sum_bound' depends on axioms: [propext, Classical.choice, Quot.sound]
'ZhangLS.Spec.lemma32_fin_positive_sum' depends on axioms: [propext, Classical.choice, Quot.sound]
'ZhangLS.Spec.lemma32_normalized_gcd_row' depends on axioms: [propext, Classical.choice, Quot.sound]
'ZhangLS.Spec.lemma32_multiplier_normalized_gcd_sum' depends on axioms: [propext, Classical.choice, Quot.sound]
'ZhangLS.Spec.lemma32_fin_multiplier_normalized_gcd_sum' depends on axioms: [propext, Classical.choice, Quot.sound]
'ZhangLS.Spec.lemma32_burgess_determinant_swap' depends on axioms: [propext]
'ZhangLS.Spec.lemma32_burgess_collision_card_symmetric' depends on axioms: [propext, Classical.choice, Quot.sound]
'ZhangLS.Spec.lemma32_burgess_fixed_multiplier_max_count' depends on axioms: [propext, Classical.choice, Quot.sound]
'ZhangLS.Spec.lemma32_burgess_full_collision_sum' depends on axioms: [propext, Classical.choice, Quot.sound]
'ZhangLS.Spec.lemma32_actual_burgess_multiplicity_energy_bound' depends on axioms: [propext,
 Classical.choice,
 Quot.sound]
'ZhangLS.Spec.lemma32_actual_burgess_multiplicity_energy_log_bound' depends on axioms: [propext,
 Classical.choice,
 Quot.sound]
'ZhangLS.Spec.lemma32_actual_burgess_shift_absolute_weighted' depends on axioms: [propext, Classical.choice, Quot.sound]
'ZhangLS.Spec.lemma32_actual_burgess_amplification_fourth_bound' depends on axioms: [propext,
 Classical.choice,
 Quot.sound]
'ZhangLS.Spec.lemma32_mobius_divisor_sum' depends on axioms: [propext, Classical.choice, Quot.sound]
'ZhangLS.Spec.lemma32_coprime_mobius_indicator' depends on axioms: [propext, Classical.choice, Quot.sound]
'ZhangLS.Spec.lemma32_actual_burgess_unit_multiplier_count' depends on axioms: [propext, Classical.choice, Quot.sound]
'ZhangLS.Spec.lemma32_real_nat_division_error' depends on axioms: [propext, Classical.choice, Quot.sound]
'ZhangLS.Spec.lemma32_actual_burgess_unit_count_error' depends on axioms: [propext, Classical.choice, Quot.sound]
'ZhangLS.Spec.lemma32_actual_unit_count_interval' depends on axioms: [propext, Classical.choice, Quot.sound]
'ZhangLS.Spec.lemma32_actual_unit_count_totient' depends on axioms: [propext, Classical.choice, Quot.sound]
'ZhangLS.Spec.lemma32_mobius_reciprocal_density' depends on axioms: [propext, Classical.choice, Quot.sound]
'ZhangLS.Spec.lemma32_actual_burgess_unit_density_error' depends on axioms: [propext, Classical.choice, Quot.sound]
'ZhangLS.Spec.lemma32_totient_prime_count_lower' depends on axioms: [propext, Classical.choice, Quot.sound]
'ZhangLS.Spec.lemma32_real_totient_density_lower' depends on axioms: [propext, Classical.choice, Quot.sound]
'ZhangLS.Spec.lemma32_actual_burgess_unit_multiplier_lower' depends on axioms: [propext, Classical.choice, Quot.sound]
'ZhangLS.Spec.lemma32_unit_prime_saving_constant_pos' depends on axioms: [propext, Classical.choice, Quot.sound]
'ZhangLS.Spec.lemma32_unit_small_prime_count' depends on axioms: [propext, Classical.choice, Quot.sound]
'ZhangLS.Spec.lemma32_unit_prime_factor_power_bound' depends on axioms: [propext, Classical.choice, Quot.sound]
'ZhangLS.Spec.lemma32_actual_primitive_unit_error_power_saving' depends on axioms: [propext,
 Classical.choice,
 Quot.sound]
'ZhangLS.Spec.lemma32_actual_primitive_unit_multiplier_power_lower' depends on axioms: [propext,
 Classical.choice,
 Quot.sound]
'ZhangLS.Spec.lemma32_burgess_interval_sum_eq_range' depends on axioms: [propext, Classical.choice, Quot.sound]
'ZhangLS.Spec.lemma32_burgess_interval_sum_add' depends on axioms: [propext, Classical.choice, Quot.sound]
'ZhangLS.Spec.lemma32_burgess_interval_shift_boundary' depends on axioms: [propext, Classical.choice, Quot.sound]
'ZhangLS.Spec.lemma32_burgess_interval_shift_error' depends on axioms: [propext, Classical.choice, Quot.sound]
'ZhangLS.Spec.lemma32_finite_shift_average_bound' depends on axioms: [propext, Classical.choice, Quot.sound]
'ZhangLS.Spec.lemma32_actual_shift_interval_double_sum' depends on axioms: [propext, Classical.choice, Quot.sound]
'ZhangLS.Spec.lemma32_actual_shift_interval_norm_bound' depends on axioms: [propext, Classical.choice, Quot.sound]
'ZhangLS.Spec.lemma32_actual_burgess_interval_average_bound' depends on axioms: [propext, Classical.choice, Quot.sound]
'HasseWeil.WeilPairing.hasse_bound' depends on axioms: [propext, Classical.choice, Quot.sound]
'HasseWeil.WeilPairing.hasse_bound_unconditional' depends on axioms: [propext, Classical.choice, Quot.sound]
'ZhangLS.Spec.lemma32_actual_coefficient_nonneg' depends on axioms: [propext, Classical.choice, Quot.sound]
'ZhangLS.Spec.lemma32_tau_two_prime_power' depends on axioms: [propext, Classical.choice, Quot.sound]
'ZhangLS.Spec.lemma32_actual_coefficient_prime_power_of_one' depends on axioms: [propext, Classical.choice, Quot.sound]
'ZhangLS.Spec.lemma32_actual_coefficient_prime_power_of_zero' depends on axioms: [propext, Classical.choice, Quot.sound]
'ZhangLS.Spec.lemma32_actual_coefficient_prime_power_of_neg_one' depends on axioms: [propext,
 Classical.choice,
 Quot.sound]
'ZhangLS.Spec.lemma32_actual_coefficient_one' depends on axioms: [propext, Classical.choice, Quot.sound]
'ZhangLS.Spec.lemma32_rising_choose_two' depends on axioms: [propext, Classical.choice, Quot.sound]
'ZhangLS.Spec.lemma32_rising_choose_three' depends on axioms: [propext, Classical.choice, Quot.sound]
'ZhangLS.Spec.lemma32_rising_choose_four' depends on axioms: [propext, Classical.choice, Quot.sound]
'ZhangLS.Spec.lemma32_fourth_power_choose' depends on axioms: [propext, Classical.choice, Quot.sound]
'ZhangLS.Spec.lemma32_fourth_geometric_hasSum' depends on axioms: [propext, Classical.choice, Quot.sound]
'ZhangLS.Spec.lemma32_actual_coefficient_mul' depends on axioms: [propext, Classical.choice, Quot.sound]
'ZhangLS.Spec.lemma32_square_geometric_hasSum' depends on axioms: [propext, Classical.choice, Quot.sound]
'ZhangLS.Spec.lemma32_even_square_geometric_hasSum' depends on axioms: [propext, Classical.choice, Quot.sound]
'ZhangLS.Spec.lemma32_actual_local_series_of_one' depends on axioms: [propext, Classical.choice, Quot.sound]
'ZhangLS.Spec.lemma32_actual_local_series_of_zero' depends on axioms: [propext, Classical.choice, Quot.sound]
'ZhangLS.Spec.lemma32_actual_even_local_series_of_neg_one' depends on axioms: [propext, Classical.choice, Quot.sound]
'ZhangLS.Spec.lemma32_actual_local_series_of_neg_one' depends on axioms: [propext, Classical.choice, Quot.sound]
'ZhangLS.Spec.lemma32_local_correction_of_one' depends on axioms: [propext, Classical.choice, Quot.sound]
'ZhangLS.Spec.lemma32_local_correction_of_zero' depends on axioms: [propext, Classical.choice, Quot.sound]
'ZhangLS.Spec.lemma32_local_correction_of_neg_one' depends on axioms: [propext, Classical.choice, Quot.sound]
'ZhangLS.Spec.lemma32_bounded_polynomial_norm' depends on axioms: [propext, Classical.choice, Quot.sound]
'ZhangLS.Spec.lemma32_plus_factor_remainder' depends on axioms: [propext, Classical.choice, Quot.sound]
'ZhangLS.Spec.lemma32_minus_factor_remainder' depends on axioms: [propext, Classical.choice, Quot.sound]
'ZhangLS.Spec.lemma32_plus_factor_norm_sub_one' depends on axioms: [propext, Classical.choice, Quot.sound]
'ZhangLS.Spec.lemma32_minus_factor_norm_sub_one' depends on axioms: [propext, Classical.choice, Quot.sound]
'ZhangLS.Spec.lemma32_actual_local_correction_norm_sub_one' depends on axioms: [propext, Classical.choice, Quot.sound]
'ZhangLS.Spec.lemma32_character_prime_cases_of_not_dvd' depends on axioms: [propext, Classical.choice, Quot.sound]
'ZhangLS.Spec.lemma32_local_correction_norm_of_not_dvd' depends on axioms: [propext, Classical.choice, Quot.sound]
'ZhangLS.Spec.lemma32_zero_factor_norm' depends on axioms: [propext, Classical.choice, Quot.sound]
'ZhangLS.Spec.lemma32_local_correction_norm_of_dvd' depends on axioms: [propext, Classical.choice, Quot.sound]
'ZhangLS.Spec.lemma32_zero_correction_factorization' depends on axioms: [propext, Classical.choice, Quot.sound]
'ZhangLS.Spec.lemma32_actual_correction_regular_factorization' depends on axioms: [propext,
 Classical.choice,
 Quot.sound]
'ZhangLS.Spec.lemma32_regular_local_norm_sub_one' depends on axioms: [propext, Classical.choice, Quot.sound]
'ZhangLS.Spec.lemma32_regular_local_differentiable' depends on axioms: [propext, Classical.choice, Quot.sound]
'ZhangLS.Spec.lemma32_regular_local_at_zero' depends on axioms: [propext, Classical.choice, Quot.sound]
'ZhangLS.Spec.lemma32_prime_monomial_norm' depends on axioms: [propext, Classical.choice, Quot.sound]
'ZhangLS.Spec.lemma32_prime_monomial_norm_square' depends on axioms: [propext, Classical.choice, Quot.sound]
'ZhangLS.Spec.lemma32_prime_monomial_norm_lt_one' depends on axioms: [propext, Classical.choice, Quot.sound]
'ZhangLS.Spec.lemma32_regular_prime_errors_summable' depends on axioms: [propext, Classical.choice, Quot.sound]
'ZhangLS.Spec.lemma32_regular_euler_product_multipliable' depends on axioms: [propext, Classical.choice, Quot.sound]
'ZhangLS.Spec.lemma32_regular_prime_error_uniform' depends on axioms: [propext, Classical.choice, Quot.sound]
'ZhangLS.Spec.lemma32_regular_finite_product_bound' depends on axioms: [propext, Classical.choice, Quot.sound]
'ZhangLS.Spec.lemma32_regular_euler_product_bound' depends on axioms: [propext, Classical.choice, Quot.sound]
'ZhangLS.Spec.lemma32_regular_product_bound_pos' depends on axioms: [propext, Classical.choice, Quot.sound]
'ZhangLS.Spec.lemma32_regular_finite_product_difference' depends on axioms: [propext, Classical.choice, Quot.sound]
'ZhangLS.Spec.lemma32_regular_products_uniform_cauchy' depends on axioms: [propext, Classical.choice, Quot.sound]
'ZhangLS.Spec.lemma32_regular_products_uniform_limit' depends on axioms: [propext, Classical.choice, Quot.sound]
'ZhangLS.Spec.lemma32_prime_monomial_differentiable' depends on axioms: [propext, Classical.choice, Quot.sound]
'ZhangLS.Spec.lemma32_regular_finite_product_differentiable' depends on axioms: [propext, Classical.choice, Quot.sound]
'ZhangLS.Spec.lemma32_regular_products_locally_uniform' depends on axioms: [propext, Classical.choice, Quot.sound]
'ZhangLS.Spec.lemma32_regular_euler_product_differentiableOn' depends on axioms: [propext, Classical.choice, Quot.sound]
'ZhangLS.Spec.lemma32_regular_euler_product_analyticOnNhd' depends on axioms: [propext, Classical.choice, Quot.sound]
'ZhangLS.Spec.lemma32_one_sub_norm_le_one' depends on axioms: [propext, Classical.choice, Quot.sound]
'ZhangLS.Spec.lemma32_prime_monomial_re' depends on axioms: [propext, Classical.choice, Quot.sound]
'ZhangLS.Spec.lemma32_cos_lower_of_abs_le_one' depends on axioms: [propext, Classical.choice, Quot.sound]
'ZhangLS.Spec.lemma32_ramified_prime_factor_norm' depends on axioms: [propext, Classical.choice, Quot.sound]
'ZhangLS.Spec.lemma32_ramification_factor_differentiable' depends on axioms: [propext, Classical.choice, Quot.sound]
'ZhangLS.Spec.lemma32_analytic_correction_analyticOnNhd' depends on axioms: [propext, Classical.choice, Quot.sound]
'ZhangLS.Spec.lemma32_ramification_factor_norm' depends on axioms: [propext, Classical.choice, Quot.sound]
'ZhangLS.Spec.lemma32_analytic_correction_sector_bound' depends on axioms: [propext, Classical.choice, Quot.sound]
'ZhangLS.Spec.lemma32_negative_power_small' depends on axioms: [propext, Classical.choice, Quot.sound]
'ZhangLS.Spec.lemma32_residue_disk_parameters' depends on axioms: [propext, Classical.choice, Quot.sound]
'ZhangLS.Spec.lemma32_analytic_correction_residue_disk_bound' depends on axioms: [propext, Classical.choice, Quot.sound]
'ZhangLS.Spec.lemma32_actual_first_derivative_bound' depends on axioms: [propext, Classical.choice, Quot.sound]
'ZhangLS.Spec.lemma32_actual_L_difference_near_one' depends on axioms: [propext, Classical.choice, Quot.sound]
'ZhangLS.Spec.lemma32_actual_value_at_one_small' depends on axioms: [propext, Classical.choice, Quot.sound]
'ZhangLS.Spec.lemma32_circle_small_value_scale_identity' depends on axioms: [propext, Classical.choice, Quot.sound]
'ZhangLS.Spec.lemma32_actual_L_residue_disk_small' depends on axioms: [propext, Classical.choice, Quot.sound]
'ZhangLS.Spec.lemma32_zeta_pole_removed_local_bound' depends on axioms: [propext, Classical.choice, Quot.sound]
'ZhangLS.Spec.lemma32_actual_zeta_local_pole_bound' depends on axioms: [propext, Classical.choice, Quot.sound]
'ZhangLS.Spec.lemma32_actual_zeta_L_residue_circle_bound' depends on axioms: [propext, Classical.choice, Quot.sound]
'ZhangLS.Spec.lemma32_exists_gamma_local_bound' depends on axioms: [propext, Classical.choice, Quot.sound]
'ZhangLS.Spec.lemma32_gamma_local_bound_pos' depends on axioms: [propext, Classical.choice, Quot.sound]
'ZhangLS.Spec.lemma32_gamma_local_bound' depends on axioms: [propext, Classical.choice, Quot.sound]
'ZhangLS.Spec.lemma32_regularized_gamma_local_bound' depends on axioms: [propext, Classical.choice, Quot.sound]
'ZhangLS.Spec.lemma32_smoothing_difference_local_bound' depends on axioms: [propext, Classical.choice, Quot.sound]
'ZhangLS.Spec.lemma32_smoothing_gamma_local_bound' depends on axioms: [propext, Classical.choice, Quot.sound]
'ZhangLS.Spec.lemma32_circle_constant_pos' depends on axioms: [propext, Classical.choice, Quot.sound]
'ZhangLS.Spec.lemma32_circle_integrand_bound' depends on axioms: [propext, Classical.choice, Quot.sound]
'ZhangLS.Spec.lemma32_residue_circle_scale_identity' depends on axioms: [propext, Classical.choice, Quot.sound]
'ZhangLS.Spec.lemma32_actual_normalized_circle_integral_bound' depends on axioms: [propext,
 Classical.choice,
 Quot.sound]
'ZhangLS.Spec.lemma32_modulus_cpow_eq_exp' depends on axioms: [propext, Classical.choice, Quot.sound]
'ZhangLS.Spec.lemma32_original_smoothing_difference' depends on axioms: [propext, Classical.choice, Quot.sound]
'ZhangLS.Spec.lemma32_original_normalized_circle_integral_bound' depends on axioms: [propext,
 Classical.choice,
 Quot.sound]
'ZhangLS.Spec.lemma32_multichoose_2_square_le_4' depends on axioms: [propext, Classical.choice, Quot.sound]
'ZhangLS.Spec.lemma32_multichoose_4_square_le_16' depends on axioms: [propext, Classical.choice, Quot.sound]
'ZhangLS.Spec.lemma32_tau2_square_le_tau4' depends on axioms: [propext, Classical.choice, Quot.sound]
'ZhangLS.Spec.lemma32_tau4_square_le_tau16' depends on axioms: [propext, Classical.choice, Quot.sound]
'ZhangLS.Spec.lemma32_tau_two_eq_card_divisors' depends on axioms: [propext, Classical.choice, Quot.sound]
'ZhangLS.Spec.lemma32_actual_coefficient_le_tau_sixteen' depends on axioms: [propext, Classical.choice, Quot.sound]
'ZhangLS.Spec.lemma32_tau_lseries_summable' depends on axioms: [propext, Classical.choice, Quot.sound]
'ZhangLS.Spec.lemma32_actual_weighted_lseries_summable' depends on axioms: [propext, Classical.choice, Quot.sound]
'ZhangLS.Spec.lemma32_actual_weighted_norm_terms_summable' depends on axioms: [propext, Classical.choice, Quot.sound]
'ZhangLS.Spec.lemma32_weighted_term_at_one' depends on axioms: [propext, Classical.choice, Quot.sound]
'ZhangLS.Spec.lemma32_weighted_term_mul' depends on axioms: [propext, Classical.choice, Quot.sound]
'ZhangLS.Spec.lemma32_actual_weighted_euler_hasProd' depends on axioms: [propext, Classical.choice, Quot.sound]
'ZhangLS.Spec.lemma32_actual_weighted_euler_product' depends on axioms: [propext, Classical.choice, Quot.sound]
'ZhangLS.Spec.lemma32_prime_monomial_eq_cpow' depends on axioms: [propext, Classical.choice, Quot.sound]
'ZhangLS.Spec.lemma32_weighted_prime_power_term' depends on axioms: [propext, Classical.choice, Quot.sound]
'ZhangLS.Spec.lemma32_weighted_local_correction_identity' depends on axioms: [propext, Classical.choice, Quot.sound]
'ZhangLS.Spec.lemma32_finite_ramification_prime_product' depends on axioms: [propext, Classical.choice, Quot.sound]
'ZhangLS.Spec.lemma32_ramification_prime_factors_hasProd' depends on axioms: [propext, Classical.choice, Quot.sound]
'ZhangLS.Spec.lemma32_actual_local_corrections_hasProd' depends on axioms: [propext, Classical.choice, Quot.sound]
'ZhangLS.Spec.lemma32_actual_zeta_monomial_euler_hasProd' depends on axioms: [propext, Classical.choice, Quot.sound]
'ZhangLS.Spec.lemma32_actual_L_monomial_euler_hasProd' depends on axioms: [propext, Classical.choice, Quot.sound]
'ZhangLS.Spec.lemma32_actual_weighted_series_identity' depends on axioms: [propext, Classical.choice, Quot.sound]
'ZhangLS.Spec.lemma32_circle_integrand_differentiableAt' depends on axioms: [propext, Classical.choice, Quot.sound]
'ZhangLS.Spec.lemma32_actual_circle_integrable' depends on axioms: [propext, Classical.choice, Quot.sound]
'ZhangLS.Spec.lemma32_gamma_one_vertical_bound' depends on axioms: [propext, Classical.choice, Quot.sound]
'ZhangLS.Spec.lemma32_gamma_one_vertical_integrable' depends on axioms: [propext, Classical.choice, Quot.sound]
'ZhangLS.Spec.lemma32_exponential_mellin_eq_Gamma' depends on axioms: [propext, Classical.choice, Quot.sound]
'ZhangLS.Spec.lemma32_exponential_mellin_convergent' depends on axioms: [propext, Classical.choice, Quot.sound]
'ZhangLS.Spec.lemma32_actual_Gamma_mellin_inversion' depends on axioms: [propext, Classical.choice, Quot.sound]
'ZhangLS.Spec.lemma32_Gamma_mellin_term_norm' depends on axioms: [propext, Classical.choice, Quot.sound]
'ZhangLS.Spec.lemma32_Gamma_mellin_term_integrable' depends on axioms: [propext, Classical.choice, Quot.sound]
'ZhangLS.Spec.lemma32_Gamma_mellin_term_integral_norm_summable' depends on axioms: [propext,
 Classical.choice,
 Quot.sound]
'ZhangLS.Spec.lemma32_Gamma_mellin_term_eq_kernel' depends on axioms: [propext, Classical.choice, Quot.sound]
'ZhangLS.Spec.lemma32_Gamma_mellin_term_normalized_integral' depends on axioms: [propext, Classical.choice, Quot.sound]
'ZhangLS.Spec.lemma32_Gamma_mellin_tsum_integrable' depends on axioms: [propext, Classical.choice, Quot.sound]
'ZhangLS.Spec.lemma32_full_series_gamma_mellin' depends on axioms: [propext, Classical.choice, Quot.sound]
'ZhangLS.Spec.lemma32_actual_right_Gamma_integrand_eq_tsum' depends on axioms: [propext, Classical.choice, Quot.sound]
'ZhangLS.Spec.lemma32_actual_right_Gamma_integrand_integrable' depends on axioms: [propext,
 Classical.choice,
 Quot.sound]
'ZhangLS.Spec.lemma32_actual_smoothed_weighted_summable' depends on axioms: [propext, Classical.choice, Quot.sound]
'ZhangLS.Spec.lemma32_actual_full_Gamma_mellin' depends on axioms: [propext, Classical.choice, Quot.sound]
'ZhangLS.Spec.lemma32_actual_original_right_Gamma_difference' depends on axioms: [propext, Classical.choice, Quot.sound]
'ZhangLS.Spec.lemma32_actual_original_right_Gamma_integrable' depends on axioms: [propext, Classical.choice, Quot.sound]
'ZhangLS.Spec.lemma32_actual_original_Gamma_mellin_difference' depends on axioms: [propext,
 Classical.choice,
 Quot.sound]
'ZhangLS.Spec.lemma32_actual_smoothed_difference_series' depends on axioms: [propext, Classical.choice, Quot.sound]
'ZhangLS.Spec.lemma32_actual_weighted_term_one_real' depends on axioms: [propext, Classical.choice, Quot.sound]
'ZhangLS.Spec.lemma32_actual_real_smoothed_terms_summable' depends on axioms: [propext, Classical.choice, Quot.sound]
'ZhangLS.Spec.lemma32_actual_smoothed_difference_real_series' depends on axioms: [propext, Classical.choice, Quot.sound]
'ZhangLS.Spec.lemma32_actual_real_smoothed_term_nonneg' depends on axioms: [propext, Classical.choice, Quot.sound]
'ZhangLS.Spec.lemma32_actual_real_smoothed_difference_nonneg' depends on axioms: [propext, Classical.choice, Quot.sound]
'ZhangLS.Spec.lemma32_smoothing_window_lower_bound_pos' depends on axioms: [propext, Classical.choice, Quot.sound]
'ZhangLS.Spec.lemma32_exponential_smoothing_window_lower' depends on axioms: [propext, Classical.choice, Quot.sound]
'ZhangLS.Spec.lemma32_actual_smoothing_weight_window_lower' depends on axioms: [propext, Classical.choice, Quot.sound]
'ZhangLS.Spec.lemma32_actual_weighted_tail_le_smoothed' depends on axioms: [propext, Classical.choice, Quot.sound]
'ZhangLS.Spec.lemma32_zeta_pole_removed_differentiableAt' depends on axioms: [propext, Classical.choice, Quot.sound]
'ZhangLS.Spec.lemma32_smoothing_difference_differentiable' depends on axioms: [propext, Classical.choice, Quot.sound]
'ZhangLS.Spec.lemma32_smoothing_dslope_differentiable' depends on axioms: [propext, Classical.choice, Quot.sound]
'ZhangLS.Spec.lemma32_regular_numerator_differentiableAt' depends on axioms: [propext, Classical.choice, Quot.sound]
'ZhangLS.Spec.lemma32_regular_numerator_analyticOnNhd' depends on axioms: [propext, Classical.choice, Quot.sound]
'ZhangLS.Spec.lemma32_regular_numerator_eq' depends on axioms: [propext, Classical.choice, Quot.sound]
'ZhangLS.Spec.lemma32_regular_numerator_differentiableOn_ball' depends on axioms: [propext,
 Classical.choice,
 Quot.sound]
'ZhangLS.Spec.lemma32_actual_circle_integral_eq_residue' depends on axioms: [propext, Classical.choice, Quot.sound]
'ZhangLS.Spec.lemma32_actual_original_circle_integral_eq_residue' depends on axioms: [propext,
 Classical.choice,
 Quot.sound]
'ZhangLS.Spec.lemma32_actual_residue_bound' depends on axioms: [propext, Classical.choice, Quot.sound]
'ZhangLS.Spec.lemma32_divided_remainder_differentiableOn' depends on axioms: [propext, Classical.choice, Quot.sound]
'ZhangLS.Spec.lemma32_divided_remainder_analyticOnNhd' depends on axioms: [propext, Classical.choice, Quot.sound]
'ZhangLS.Spec.lemma32_divided_remainder_recurrence' depends on axioms: [propext, Classical.choice, Quot.sound]
'ZhangLS.Spec.lemma32_regular_numerator_finite_expansion' depends on axioms: [propext, Classical.choice, Quot.sound]
'ZhangLS.Spec.lemma32_actual_integrand_principal_decomposition' depends on axioms: [propext,
 Classical.choice,
 Quot.sound]
'ZhangLS.Spec.lemma32_actual_regular_remainder_rectangle_zero' depends on axioms: [propext,
 Classical.choice,
 Quot.sound]
'ZhangLS.Spec.lemma32_divided_remainder_power_series' depends on axioms: [propext, Classical.choice, Quot.sound]
'ZhangLS.Spec.lemma32_divided_remainder_coefficient' depends on axioms: [propext, Classical.choice, Quot.sound]
'ZhangLS.Spec.lemma32_actual_residue_eq_divided_remainder' depends on axioms: [propext, Classical.choice, Quot.sound]
'ZhangLS.Spec.lemma32_laurent_primitive_hasDerivAt' depends on axioms: [propext, Classical.choice, Quot.sound]
'ZhangLS.Spec.lemma32_horizontal_zpow_integral' depends on axioms: [propext, Classical.choice, Quot.sound]
'ZhangLS.Spec.lemma32_vertical_zpow_integral' depends on axioms: [propext, Classical.choice, Quot.sound]
'ZhangLS.Spec.lemma32_rectangle_zpow_zero' depends on axioms: [propext, Classical.choice, Quot.sound]
'ZhangLS.Spec.lemma32_rectangle_inverse_winding' depends on axioms: [propext, Classical.choice, Quot.sound]
'ZhangLS.Spec.lemma32_rectangle_laurent_kernel' depends on axioms: [propext, Classical.choice, Quot.sound]
'ZhangLS.Spec.lemma32_boundary_integrable_punctured' depends on axioms: [propext, Classical.choice, Quot.sound]
'ZhangLS.Spec.lemma32_boundary_integral_add' depends on axioms: [propext, Classical.choice, Quot.sound]
'ZhangLS.Spec.lemma32_boundary_integral_const_mul' depends on axioms: [propext, Classical.choice, Quot.sound]
'ZhangLS.Spec.lemma32_boundary_integral_sum' depends on axioms: [propext, Classical.choice, Quot.sound]
'ZhangLS.Spec.lemma32_laurent_kernel_continuousOn' depends on axioms: [propext, Classical.choice, Quot.sound]
'ZhangLS.Spec.lemma32_principal_part_boundary_integrable' depends on axioms: [propext, Classical.choice, Quot.sound]
'ZhangLS.Spec.lemma32_actual_principal_boundary_residue' depends on axioms: [propext, Classical.choice, Quot.sound]
'ZhangLS.Spec.lemma32_boundary_integrable_halfplane' depends on axioms: [propext, Classical.choice, Quot.sound]
'ZhangLS.Spec.lemma32_actual_finite_rectangle_residue' depends on axioms: [propext, Classical.choice, Quot.sound]
'ZhangLS.Spec.lemma32_mellin_normalizing_factor' depends on axioms: [propext, Classical.choice, Quot.sound]
'ZhangLS.Spec.lemma32_actual_normalized_finite_shift' depends on axioms: [propext, Classical.choice, Quot.sound]
'ZhangLS.Spec.lemma32_gamma_shift_product' depends on axioms: [propext, Classical.choice, Quot.sound]
'ZhangLS.Spec.lemma32_gamma_shift_norm_lower' depends on axioms: [propext, Classical.choice, Quot.sound]
'ZhangLS.Spec.lemma32_gamma_strip_polynomial_decay' depends on axioms: [propext, Classical.choice, Quot.sound]
'ZhangLS.Spec.lemma32_ramification_global_bound' depends on axioms: [propext, Classical.choice, Quot.sound]
'ZhangLS.Spec.lemma32_analytic_correction_global_growth' depends on axioms: [propext, Classical.choice, Quot.sound]
'ZhangLS.Spec.lemma32_positive_strip_high_norm' depends on axioms: [propext, Classical.choice, Quot.sound]
'ZhangLS.Spec.lemma32_actual_zeta_strip_high_growth' depends on axioms: [propext, Classical.choice, Quot.sound]
'ZhangLS.Spec.lemma32_actual_L_strip_high_growth' depends on axioms: [propext, Classical.choice, Quot.sound]
'ZhangLS.Spec.lemma32_actual_zeta_L_strip_high_growth' depends on axioms: [propext, Classical.choice, Quot.sound]
'ZhangLS.Spec.lemma32_smoothing_strip_growth' depends on axioms: [propext, Classical.choice, Quot.sound]
'ZhangLS.Spec.lemma32_global_height_constant_pos' depends on axioms: [propext, Classical.choice, Quot.sound]
'ZhangLS.Spec.lemma32_actual_integrand_height_decay' depends on axioms: [propext, Classical.choice, Quot.sound]
'ZhangLS.Spec.lemma32_actual_integrand_eq_regular_div' depends on axioms: [propext, Classical.choice, Quot.sound]
'ZhangLS.Spec.lemma32_actual_integrand_differentiableAt_global' depends on axioms: [propext,
 Classical.choice,
 Quot.sound]
'ZhangLS.Spec.lemma32_actual_vertical_continuous' depends on axioms: [propext, Classical.choice, Quot.sound]
'ZhangLS.Spec.lemma32_integrable_of_quartic_decay' depends on axioms: [propext, Classical.choice, Quot.sound]
'ZhangLS.Spec.lemma32_actual_left_vertical_integrable' depends on axioms: [propext, Classical.choice, Quot.sound]
'ZhangLS.Spec.lemma32_actual_horizontal_integral_bound' depends on axioms: [propext, Classical.choice, Quot.sound]
'ZhangLS.Spec.lemma32_tendsto_zero_of_quartic_norm_bound' depends on axioms: [propext, Classical.choice, Quot.sound]
'ZhangLS.Spec.lemma32_actual_upper_horizontal_decay' depends on axioms: [propext, Classical.choice, Quot.sound]
'ZhangLS.Spec.lemma32_actual_lower_horizontal_decay' depends on axioms: [propext, Classical.choice, Quot.sound]
'ZhangLS.Spec.lemma32_actual_infinite_contour_shift' depends on axioms: [propext, Classical.choice, Quot.sound]
'ZhangLS.Spec.lemma32_actual_smoothed_difference_eq_residue_add_left' depends on axioms: [propext,
 Classical.choice,
 Quot.sound]
'ZhangLS.Spec.lemma32_actual_original_tail_reduction' depends on axioms: [propext, Classical.choice, Quot.sound]
'ZhangLS.Spec.lemma32_ramified_prime_small_bound' depends on axioms: [propext, Classical.choice, Quot.sound]
'ZhangLS.Spec.lemma32_large_prime_monomial_small' depends on axioms: [propext, Classical.choice, Quot.sound]
'ZhangLS.Spec.lemma32_ramified_large_prime_saving' depends on axioms: [propext, Classical.choice, Quot.sound]
'ZhangLS.Spec.lemma32_ramification_saving_constant_pos' depends on axioms: [propext, Classical.choice, Quot.sound]
'ZhangLS.Spec.lemma32_prime_factors_log_sum_bound' depends on axioms: [propext, Classical.choice, Quot.sound]
'ZhangLS.Spec.lemma32_ramification_small_prime_count' depends on axioms: [propext, Classical.choice, Quot.sound]
'ZhangLS.Spec.lemma32_ramification_uniform_power_saving' depends on axioms: [propext, Classical.choice, Quot.sound]
'ZhangLS.Spec.lemma32_analytic_correction_uniform_power_saving' depends on axioms: [propext,
 Classical.choice,
 Quot.sound]
'ZhangLS.Spec.lemma32_square_quarter_power' depends on axioms: [propext, Classical.choice, Quot.sound]
'ZhangLS.Spec.lemma32_square_negative_quarter_power' depends on axioms: [propext, Classical.choice, Quot.sound]
'ZhangLS.Spec.lemma32_small_quarter_power_integral' depends on axioms: [propext, Classical.choice, Quot.sound]
'ZhangLS.Spec.lemma32_large_quarter_power_integral' depends on axioms: [propext, Classical.choice, Quot.sound]
'ZhangLS.Spec.lemma32_actual_partial_sum_square_root_majorant' depends on axioms: [propext,
 Classical.choice,
 Quot.sound]
'ZhangLS.Spec.lemma32_actual_abel_small_majorant' depends on axioms: [propext, Classical.choice, Quot.sound]
'ZhangLS.Spec.lemma32_actual_abel_large_majorant' depends on axioms: [propext, Classical.choice, Quot.sound]
'ZhangLS.Spec.lemma32_actual_abel_square_root_partial_sum_bound' depends on axioms: [propext,
 Classical.choice,
 Quot.sound]
'ZhangLS.Spec.lemma32_actual_L_bound_of_square_root_partial_sums' depends on axioms: [propext,
 Classical.choice,
 Quot.sound]
'ZhangLS.Spec.lemma32_burgess_scale_half_power' depends on axioms: [propext, Classical.choice, Quot.sound]
'ZhangLS.Spec.lemma32_actual_L_bound_of_burgess_partial_sums' depends on axioms: [propext, Classical.choice, Quot.sound]
'ZhangLS.Spec.lemma32_left_line_Gamma_continuous' depends on axioms: [propext, Classical.choice, Quot.sound]
'ZhangLS.Spec.lemma32_left_line_zeta_continuous' depends on axioms: [propext, Classical.choice, Quot.sound]
'ZhangLS.Spec.lemma32_left_kernel_continuous' depends on axioms: [propext, Classical.choice, Quot.sound]
'ZhangLS.Spec.lemma32_left_kernel_nonneg' depends on axioms: [propext, Classical.choice, Quot.sound]
'ZhangLS.Spec.lemma32_left_kernel_high_bound' depends on axioms: [propext, Classical.choice, Quot.sound]
'ZhangLS.Spec.lemma32_left_kernel_integrable' depends on axioms: [propext, Classical.choice, Quot.sound]
'ZhangLS.Spec.lemma32_left_kernel_constant_pos' depends on axioms: [propext, Classical.choice, Quot.sound]
'ZhangLS.Spec.lemma32_left_kernel_integral_le' depends on axioms: [propext, Classical.choice, Quot.sound]
'ZhangLS.Spec.lemma32_smoothing_left_line_bound' depends on axioms: [propext, Classical.choice, Quot.sound]
'ZhangLS.Spec.lemma32_half_power_eighth' depends on axioms: [propext, Classical.choice, Quot.sound]
'ZhangLS.Spec.lemma32_actual_left_integrand_bound_of_partial_sums' depends on axioms: [propext,
 Classical.choice,
 Quot.sound]
'ZhangLS.Spec.lemma32_left_error_constant_pos' depends on axioms: [propext, Classical.choice, Quot.sound]
'ZhangLS.Spec.lemma32_actual_left_integral_bound_of_partial_sums' depends on axioms: [propext,
 Classical.choice,
 Quot.sound]
'ZhangLS.Spec.lemma32_burgess_scale_fourth_decay' depends on axioms: [propext, Classical.choice, Quot.sound]
'ZhangLS.Spec.lemma32_actual_left_integral_bound_of_burgess_partial_sums' depends on axioms: [propext,
 Classical.choice,
 Quot.sound]
'ZhangLS.Spec.lemma32_left_error_absorption_threshold' depends on axioms: [propext, Classical.choice, Quot.sound]
'ZhangLS.Spec.lemma32_target_of_uniform_burgess_partial_sums' depends on axioms: [propext, Classical.choice, Quot.sound]
'ZhangLS.Spec.lemma32_real_complex_norm_fourth' depends on axioms: [propext, Classical.choice, Quot.sound]
'ZhangLS.Spec.lemma32_actual_quartic_character_product' depends on axioms: [propext, Classical.choice, Quot.sound]
'ZhangLS.Spec.lemma32_actual_burgess_fourth_moment_expansion' depends on axioms: [propext, Classical.choice, Quot.sound]
'ZhangLS.Spec.lemma32_quartic_pairing_image_card' depends on axioms: [propext, Classical.choice, Quot.sound]
'ZhangLS.Spec.lemma32_degenerate_quartic_tuples_card' depends on axioms: [propext, Classical.choice, Quot.sound]
'ZhangLS.Spec.lemma32_actual_quartic_correlation_abs_bound' depends on axioms: [propext, Classical.choice, Quot.sound]
'ZhangLS.Spec.lemma32_degenerate_fourth_moment_contribution_bound' depends on axioms: [propext,
 Classical.choice,
 Quot.sound]
'ZhangLS.Spec.lemma32_quadratic_character_value_square' depends on axioms: [propext, Classical.choice, Quot.sound]
'ZhangLS.Spec.lemma32_quadratic_character_inverse' depends on axioms: [propext, Classical.choice, Quot.sound]
'ZhangLS.Spec.lemma32_quadratic_two_linear_correlation' depends on axioms: [propext, Classical.choice, Quot.sound]
'ZhangLS.Spec.lemma32_quadratic_character_norm_le_one' depends on axioms: [propext, Classical.choice, Quot.sound]
'ZhangLS.Spec.lemma32_actual_prime_two_linear_correlation' depends on axioms: [propext, Classical.choice, Quot.sound]
'ZhangLS.Spec.lemma32_actual_prime_two_linear_real_correlation' depends on axioms: [propext,
 Classical.choice,
 Quot.sound]
'ZhangLS.Spec.lemma32_quadratic_repeated_root_correlation' depends on axioms: [propext, Classical.choice, Quot.sound]
'ZhangLS.Spec.lemma32_quadratic_repeated_root_correlation_norm' depends on axioms: [propext,
 Classical.choice,
 Quot.sound]
'ZhangLS.Spec.lemma32_mem_degenerate_iff_paired' depends on axioms: [propext, Classical.choice, Quot.sound]
'ZhangLS.Spec.lemma32_actual_prime_repeated_correlation_norm' depends on axioms: [propext, Classical.choice, Quot.sound]
'ZhangLS.Spec.lemma32_actual_prime_quartic_repeated_correlation' depends on axioms: [propext,
 Classical.choice,
 Quot.sound]
'ZhangLS.Spec.lemma32_actual_fourth_moment_decomposition' depends on axioms: [propext, Classical.choice, Quot.sound]
'ZhangLS.Spec.lemma32_actual_fourth_moment_remainder_bound' depends on axioms: [propext, Classical.choice, Quot.sound]
'ZhangLS.Spec.lemma32_nondegenerate_fourth_moment_nonneg' depends on axioms: [propext, Classical.choice, Quot.sound]
'ZhangLS.Spec.lemma32_quartic_correlation_permutation' depends on axioms: [propext, Classical.choice, Quot.sound]
'ZhangLS.Spec.lemma32_actual_prime_repeated_quartic_permutation_bound' depends on axioms: [propext,
 Classical.choice,
 Quot.sound]
'ZhangLS.Spec.lemma32_quartic_cubic_substitution' depends on axioms: [propext, Classical.choice, Quot.sound]
'ZhangLS.Spec.lemma32_quadratic_quartic_cubic_point_identity' depends on axioms: [propext, Classical.choice, Quot.sound]
'ZhangLS.Spec.lemma32_quadratic_quartic_cubic_punctured_sum' depends on axioms: [propext, Classical.choice, Quot.sound]
'ZhangLS.Spec.lemma32_quadratic_quartic_cubic_sum_identity' depends on axioms: [propext, Classical.choice, Quot.sound]
'ZhangLS.Spec.lemma32_monic_cubic_normalization' depends on axioms: [propext, Quot.sound]
'ZhangLS.Spec.lemma32_quadratic_monic_cubic_point_identity' depends on axioms: [propext, Classical.choice, Quot.sound]
'ZhangLS.Spec.lemma32_quadratic_normalized_cubic_sum_identity' depends on axioms: [propext,
 Classical.choice,
 Quot.sound]
'ZhangLS.Spec.lemma32_quadratic_quartic_normalized_cubic_sum_identity' depends on axioms: [propext,
 Classical.choice,
 Quot.sound]
'ZhangLS.Spec.lemma32_normalized_cubic_root_factorization' depends on axioms: [propext, Quot.sound]
'ZhangLS.Spec.lemma32_quartic_Weierstrass_discriminant' depends on axioms: [propext, Quot.sound]
'ZhangLS.Spec.lemma32_cubic_leading_coefficient_nonzero' depends on axioms: [propext, Classical.choice, Quot.sound]
'ZhangLS.Spec.lemma32_quartic_Weierstrass_discriminant_nonzero' depends on axioms: [propext,
 Classical.choice,
 Quot.sound]
'ZhangLS.Spec.lemma32_quartic_Weierstrass_isElliptic' depends on axioms: [propext, Classical.choice, Quot.sound]
'ZhangLS.Spec.lemma32_mulchar_eq_of_unit_generator' depends on axioms: [propext, Classical.choice, Quot.sound]
'ZhangLS.Spec.lemma32_nontrivial_quadratic_unit_generator_value' depends on axioms: [propext,
 Classical.choice,
 Quot.sound]
'ZhangLS.Spec.lemma32_nontrivial_quadratic_character_unique' depends on axioms: [propext, Classical.choice, Quot.sound]
'ZhangLS.Spec.lemma32_nontrivial_quadratic_character_eq_canonical' depends on axioms: [propext,
 Classical.choice,
 Quot.sound]
'ZhangLS.Spec.lemma32_nontrivial_quadratic_character_canonical_value' depends on axioms: [propext,
 Classical.choice,
 Quot.sound]
'ZhangLS.Spec.lemma32_affine_solution_card_fibers' depends on axioms: [propext, Classical.choice, Quot.sound]
'ZhangLS.Spec.lemma32_quadratic_square_root_count' depends on axioms: [propext, Classical.choice, Quot.sound]
'ZhangLS.Spec.lemma32_actual_affine_card_character_sum' depends on axioms: [propext, Classical.choice, Quot.sound]
'ZhangLS.Spec.lemma32_quartic_character_sum_affine_card' depends on axioms: [propext, Classical.choice, Quot.sound]
'ZhangLS.Spec.lemma32_quartic_curve_affine_equation' depends on axioms: [propext, Classical.choice, Quot.sound]
'ZhangLS.Spec.lemma32_quartic_curve_affine_solution_finset' depends on axioms: [propext, Classical.choice, Quot.sound]
'ZhangLS.Spec.lemma32_quartic_character_sum_Weierstrass_affine_card' depends on axioms: [propext,
 Classical.choice,
 Quot.sound]
'ZhangLS.Spec.lemma32_Weierstrass_point_card_affine' depends on axioms: [propext, Classical.choice, Quot.sound]
'ZhangLS.Spec.lemma32_quartic_character_sum_actual_curve_points' depends on axioms: [propext,
 Classical.choice,
 Quot.sound]
'ZhangLS.Spec.lemma32_actual_prime_quartic_point_count' depends on axioms: [propext, Classical.choice, Quot.sound]
'ZhangLS.Spec.lemma32_actual_prime_quartic_correlation_point_count' depends on axioms: [propext,
 Classical.choice,
 Quot.sound]
'ZhangLS.Spec.lemma32_nontrivial_quadratic_odd_characteristic' depends on axioms: [propext,
 Classical.choice,
 Quot.sound]
'ZhangLS.Spec.lemma32_field_two_nonzero_of_odd_characteristic' depends on axioms: [propext,
 Classical.choice,
 Quot.sound]
'ZhangLS.Spec.lemma32_actual_prime_odd_characteristic' depends on axioms: [propext, Classical.choice, Quot.sound]
'ZhangLS.Spec.lemma32_actual_prime_distinct_quartic_point_count' depends on axioms: [propext,
 Classical.choice,
 Quot.sound]
'ZhangLS.Spec.lemma32_four_distinct_roots_injective' depends on axioms: [propext, Classical.choice, Quot.sound]
'ZhangLS.Spec.lemma32_four_distinct_roots_field_card' depends on axioms: [propext, Classical.choice, Quot.sound]
'ZhangLS.Spec.lemma32_four_distinct_prime_roots_modulus_ge_five' depends on axioms: [propext,
 Classical.choice,
 Quot.sound]
'ZhangLS.Spec.lemma32_quadratic_unpaired_quartic_collision_bound' depends on axioms: [propext,
 Classical.choice,
 Quot.sound]
'ZhangLS.Spec.lemma32_short_residue_cast_injective' depends on axioms: [propext, Quot.sound]
'ZhangLS.Spec.lemma32_actual_prime_unpaired_collision_correlation' depends on axioms: [propext,
 Classical.choice,
 Quot.sound]
'ZhangLS.Spec.lemma32_quartic_noninjective_iff_collision' depends on axioms: [propext, Classical.choice, Quot.sound]
'ZhangLS.Spec.lemma32_collision_tuples_covered' depends on axioms: [propext, Classical.choice, Quot.sound]
'ZhangLS.Spec.lemma32_collision_quartic_tuple_card' depends on axioms: [propext, Classical.choice, Quot.sound]
'ZhangLS.Spec.lemma32_prime_collision_fourth_moment_bound' depends on axioms: [propext, Classical.choice, Quot.sound]
'ZhangLS.Spec.lemma32_nondegenerate_split_by_injectivity' depends on axioms: [propext, Classical.choice, Quot.sound]
'ZhangLS.Spec.lemma32_actual_prime_fourth_moment_distinct_reduction' depends on axioms: [propext,
 Classical.choice,
 Quot.sound]
'ZhangLS.Spec.lemma32_distinct_quartic_correlation_point_count' depends on axioms: [propext,
 Classical.choice,
 Quot.sound]
'ZhangLS.Spec.lemma32_distinct_fourth_moment_eq_actual_point_discrepancy' depends on axioms: [propext,
 Classical.choice,
 Quot.sound]
'ZhangLS.Spec.lemma32_actual_curve_points_finite' depends on axioms: [propext, Classical.choice, Quot.sound]
'ZhangLS.Spec.lemma32_actual_curve_fintype_card_eq_nat_card' depends on axioms: [propext, Classical.choice, Quot.sound]
'ZhangLS.Spec.lemma32_product_character_factorization' depends on axioms: [propext, Classical.choice, Quot.sound]
'ZhangLS.Spec.lemma32_product_character_finite_sum' depends on axioms: [propext, Classical.choice, Quot.sound]
'ZhangLS.Spec.lemma32_product_character_left_quadratic' depends on axioms: [propext, Classical.choice, Quot.sound]
'ZhangLS.Spec.lemma32_product_character_right_quadratic' depends on axioms: [propext, Classical.choice, Quot.sound]
'ZhangLS.Spec.lemma32_product_quartic_character_sum' depends on axioms: [propext, Classical.choice, Quot.sound]
'ZhangLS.Spec.lemma32_character_equiv_pullback_quadratic' depends on axioms: [propext, Classical.choice, Quot.sound]
'ZhangLS.Spec.lemma32_character_equiv_pullback_nontrivial' depends on axioms: [propext, Classical.choice, Quot.sound]
'ZhangLS.Spec.lemma32_quartic_character_sum_ring_equiv' depends on axioms: [propext, Classical.choice, Quot.sound]
'ZhangLS.Spec.lemma32_actual_CRT_character_quadratic' depends on axioms: [propext, Classical.choice, Quot.sound]
'ZhangLS.Spec.lemma32_actual_CRT_quartic_character_sum' depends on axioms: [propext, Classical.choice, Quot.sound]
'ZhangLS.Spec.lemma32_actual_CRT_character_factorization' depends on axioms: [propext, Classical.choice, Quot.sound]
'ZhangLS.Spec.lemma32_actual_CRT_factorsThrough_left' depends on axioms: [propext, Classical.choice, Quot.sound]
'ZhangLS.Spec.lemma32_actual_CRT_factorsThrough_right' depends on axioms: [propext, Classical.choice, Quot.sound]
'ZhangLS.Spec.lemma32_actual_primitive_CRT_left_nontrivial' depends on axioms: [propext, Classical.choice, Quot.sound]
'ZhangLS.Spec.lemma32_actual_primitive_CRT_right_nontrivial' depends on axioms: [propext, Classical.choice, Quot.sound]
'ZhangLS.Spec.lemma32_changeLevel_factorsThrough_conductor' depends on axioms: [propext, Classical.choice, Quot.sound]
'ZhangLS.Spec.lemma32_changeLevel_conductor_dvd' depends on axioms: [propext, Classical.choice, Quot.sound]
'ZhangLS.Spec.lemma32_actual_CRT_changeLevel_product' depends on axioms: [propext, Classical.choice, Quot.sound]
'ZhangLS.Spec.lemma32_actual_CRT_conductor_dvd_lcm' depends on axioms: [propext, Classical.choice, Quot.sound]
'ZhangLS.Spec.lemma32_actual_primitive_CRT_characters' depends on axioms: [propext, Classical.choice, Quot.sound]
'ZhangLS.Spec.lemma32_real_primitive_CRT_factorization' depends on axioms: [propext, Classical.choice, Quot.sound]
'ZhangLS.Spec.lemma32_real_primitive_CRT_quartic_sum' depends on axioms: [propext, Classical.choice, Quot.sound]
'ZhangLS.Spec.lemma32_quadratic_hom_odd_card_eq_one' depends on axioms: [propext, Classical.choice, Quot.sound]
'ZhangLS.Spec.lemma32_quadratic_character_factorsThrough_odd_kernel' depends on axioms: [propext,
 Classical.choice,
 Quot.sound]
'ZhangLS.Spec.lemma32_units_reduction_kernel_card' depends on axioms: [propext, Classical.choice, Quot.sound]
'ZhangLS.Spec.lemma32_prime_power_reduction_kernel_card' depends on axioms: [propext, Classical.choice, Quot.sound]
'ZhangLS.Spec.lemma32_odd_prime_power_quadratic_factorsThrough' depends on axioms: [propext,
 Classical.choice,
 Quot.sound]
'ZhangLS.Spec.lemma32_odd_prime_power_quadratic_conductor_dvd' depends on axioms: [propext,
 Classical.choice,
 Quot.sound]
'ZhangLS.Spec.lemma32_odd_prime_power_primitive_quadratic_exponent' depends on axioms: [propext,
 Classical.choice,
 Quot.sound]
'ZhangLS.Spec.lemma32_two_power_reduction_kernel_card' depends on axioms: [propext, Classical.choice, Quot.sound]
'ZhangLS.Spec.lemma32_two_power_five_unit_order' depends on axioms: [propext, Classical.choice, Quot.sound]
'ZhangLS.Spec.lemma32_two_power_five_square_order' depends on axioms: [propext, Classical.choice, Quot.sound]
'ZhangLS.Spec.lemma32_two_power_reduction_kernel_generator' depends on axioms: [propext, Classical.choice, Quot.sound]
'ZhangLS.Spec.lemma32_two_power_quadratic_factorsThrough' depends on axioms: [propext, Classical.choice, Quot.sound]
'ZhangLS.Spec.lemma32_two_power_quadratic_conductor_dvd' depends on axioms: [propext, Classical.choice, Quot.sound]
'ZhangLS.Spec.lemma32_two_power_primitive_quadratic_exponent' depends on axioms: [propext, Classical.choice, Quot.sound]
'ZhangLS.Spec.lemma32_real_primitive_odd_prime_exponent' depends on axioms: [propext, Classical.choice, Quot.sound]
'ZhangLS.Spec.lemma32_real_primitive_two_adic_exponent' depends on axioms: [propext, Classical.choice, Quot.sound]
'ZhangLS.Spec.lemma32_real_primitive_odd_part_squarefree' depends on axioms: [propext, Classical.choice, Quot.sound]
'ZhangLS.Spec.lemma32_real_primitive_modulus_shape' depends on axioms: [propext, Classical.choice, Quot.sound]
'ZhangLS.Spec.lemma32_actual_curve_hasse_nat_card' depends on axioms: [propext, Classical.choice, Quot.sound]
'ZhangLS.Spec.lemma32_actual_prime_distinct_quartic_hasse_bound' depends on axioms: [propext,
 Classical.choice,
 Quot.sound]
'ZhangLS.Spec.lemma32_actual_prime_distinct_quartic_correlation_bound' depends on axioms: [propext,
 Classical.choice,
 Quot.sound]
'ZhangLS.Spec.lemma32_actual_prime_distinct_fourth_moment_bound' depends on axioms: [propext,
 Classical.choice,
 Quot.sound]
'ZhangLS.Spec.lemma32_actual_prime_fourth_moment_hasse_bound' depends on axioms: [propext, Classical.choice, Quot.sound]
'ZhangLS.Spec.lemma32_prime_sqrt_ge_one' depends on axioms: [propext, Classical.choice, Quot.sound]
'ZhangLS.Spec.lemma32_actual_prime_unpaired_quartic_hasse_bound' depends on axioms: [propext,
 Classical.choice,
 Quot.sound]
'ZhangLS.Spec.lemma32_actual_prime_isolated_root_hasse_bound' depends on axioms: [propext, Classical.choice, Quot.sound]
'ZhangLS.Spec.lemma32_unpaired_quartic_tuple_has_singleton' depends on axioms: [propext, Classical.choice, Quot.sound]
'ZhangLS.Spec.lemma32_actual_quartic_sum_trivial_norm' depends on axioms: [propext, Classical.choice, Quot.sound]
'ZhangLS.Spec.lemma32_actual_prime_quartic_root_difference_bound' depends on axioms: [propext,
 Classical.choice,
 Quot.sound]
'ZhangLS.Spec.lemma32_actual_prime_quartic_gcd_bound' depends on axioms: [propext, Classical.choice, Quot.sound]
'ZhangLS.Spec.lemma32_real_primitive_integer_CRT_quartic_sum' depends on axioms: [propext, Classical.choice, Quot.sound]
'ZhangLS.Spec.lemma32_real_primitive_integer_CRT_quartic_norm' depends on axioms: [propext,
 Classical.choice,
 Quot.sound]
'ZhangLS.Spec.lemma32_coprime_gcd_product' depends on axioms: [propext, Classical.choice, Quot.sound]
'ZhangLS.Spec.lemma32_coprime_correlation_factor_mul' depends on axioms: [propext, Classical.choice, Quot.sound]
'ZhangLS.Spec.lemma32_prime_correlation_factor' depends on axioms: [propext, Classical.choice, Quot.sound]
'ZhangLS.Spec.lemma32_correlation_factor_one' depends on axioms: [propext, Classical.choice, Quot.sound]
'ZhangLS.Spec.lemma32_actual_squarefree_quartic_correlation_bound' depends on axioms: [propext,
 Classical.choice,
 Quot.sound]
'ZhangLS.Spec.lemma32_correlation_factor_nonneg' depends on axioms: [propext, Classical.choice, Quot.sound]
'ZhangLS.Spec.lemma32_correlation_factor_mono_of_dvd' depends on axioms: [propext, Classical.choice, Quot.sound]
'ZhangLS.Spec.lemma32_actual_primitive_quartic_composite_bound' depends on axioms: [propext,
 Classical.choice,
 Quot.sound]
'ZhangLS.Spec.lemma32_gcd_totient_divisor_sum' depends on axioms: [propext, Classical.choice, Quot.sound]
'ZhangLS.Spec.lemma32_gcd_interval_sum_le_divisors' depends on axioms: [propext, Classical.choice, Quot.sound]
'ZhangLS.Spec.lemma32_real_gcd_interval_sum_le_divisors' depends on axioms: [propext, Classical.choice, Quot.sound]
'ZhangLS.Spec.lemma32_gcd_triple_product_dvd' depends on axioms: [propext, Classical.choice, Quot.sound]
'ZhangLS.Spec.lemma32_sqrt_gcd_triple_product_le' depends on axioms: [propext, Classical.choice, Quot.sound]
'ZhangLS.Spec.lemma32_actual_primitive_quartic_root_gcd_product_bound' depends on axioms: [propext,
 Classical.choice,
 Quot.sound]
'ZhangLS.Spec.lemma32_nonnegative_root_difference_sum' depends on axioms: [propext, Classical.choice, Quot.sound]
'ZhangLS.Spec.lemma32_real_gcd_root_difference_sum' depends on axioms: [propext, Classical.choice, Quot.sound]
'ZhangLS.Spec.lemma32_isolated_root_weight_nonneg' depends on axioms: [propext, Classical.choice, Quot.sound]
'ZhangLS.Spec.lemma32_isolated_root_weight_sum' depends on axioms: [propext, Classical.choice, Quot.sound]
'ZhangLS.Spec.lemma32_isolated_root_weight_sum_bound' depends on axioms: [propext, Classical.choice, Quot.sound]
'ZhangLS.Spec.lemma32_gcd_root_weight_nonneg' depends on axioms: [propext, Classical.choice, Quot.sound]
'ZhangLS.Spec.lemma32_gcd_root_weight_row_sum' depends on axioms: [propext, Classical.choice, Quot.sound]
'ZhangLS.Spec.lemma32_quartic_correlation_selected_root' depends on axioms: [propext, Classical.choice, Quot.sound]
'ZhangLS.Spec.lemma32_actual_isolated_root_correlation_weight' depends on axioms: [propext,
 Classical.choice,
 Quot.sound]
'ZhangLS.Spec.lemma32_actual_nonpaired_correlation_root_weights' depends on axioms: [propext,
 Classical.choice,
 Quot.sound]
'ZhangLS.Spec.lemma32_actual_composite_nondegenerate_fourth_moment' depends on axioms: [propext,
 Classical.choice,
 Quot.sound]
'ZhangLS.Spec.lemma32_actual_composite_burgess_fourth_moment' depends on axioms: [propext, Classical.choice, Quot.sound]
'ZhangLS.Spec.lemma32_actual_primitive_divisor_count' depends on axioms: [propext, Classical.choice, Quot.sound]
'ZhangLS.Spec.lemma32_actual_primitive_moment_divisor_factor' depends on axioms: [propext, Classical.choice, Quot.sound]
'ZhangLS.Spec.lemma32_moment_prime_saving_constant_pos' depends on axioms: [propext, Classical.choice, Quot.sound]
'ZhangLS.Spec.lemma32_moment_small_prime_count' depends on axioms: [propext, Classical.choice, Quot.sound]
'ZhangLS.Spec.lemma32_moment_prime_factor_power_bound' depends on axioms: [propext, Classical.choice, Quot.sound]
'ZhangLS.Spec.lemma32_uniform_moment_constant_pos' depends on axioms: [propext, Classical.choice, Quot.sound]
'ZhangLS.Spec.lemma32_actual_uniform_burgess_fourth_moment' depends on axioms: [propext, Classical.choice, Quot.sound]
'ZhangLS.Spec.lemma32_weighted_fourth_moment_inequality' depends on axioms: [propext, Classical.choice, Quot.sound]
'ZhangLS.Spec.lemma32_actual_weighted_burgess_moment' depends on axioms: [propext, Classical.choice, Quot.sound]
'ZhangLS.Spec.lemma32_actual_coprime_character_norm' depends on axioms: [propext, Classical.choice, Quot.sound]
'ZhangLS.Spec.lemma32_actual_burgess_shift_character' depends on axioms: [propext, Classical.choice, Quot.sound]
'ZhangLS.Spec.lemma32_actual_burgess_shift_short_sum' depends on axioms: [propext, Classical.choice, Quot.sound]
'ZhangLS.Spec.lemma32_actual_burgess_shift_short_sum_norm' depends on axioms: [propext, Classical.choice, Quot.sound]
'ZhangLS.Spec.lemma32_actual_burgess_multiplicity_mass' depends on axioms: [propext, Classical.choice, Quot.sound]
'ZhangLS.Spec.lemma32_actual_burgess_multiplicity_mass_bound' depends on axioms: [propext, Classical.choice, Quot.sound]
'ZhangLS.Spec.lemma32_actual_burgess_multiplicity_weighted_sum' depends on axioms: [propext,
 Classical.choice,
 Quot.sound]
'ZhangLS.Spec.lemma32_unit_ratio_eq_iff' depends on axioms: [propext, Classical.choice, Quot.sound]
'ZhangLS.Spec.lemma32_actual_burgess_residue_collision' depends on axioms: [propext, Classical.choice, Quot.sound]
'ZhangLS.Spec.lemma32_burgess_determinant_variation' depends on axioms: [propext, Classical.choice, Quot.sound]
'ZhangLS.Spec.lemma32_burgess_determinant_unique' depends on axioms: [propext, Classical.choice, Quot.sound]
'ZhangLS.Spec.lemma32_short_congruence_class_card' depends on axioms: [propext, Classical.choice, Quot.sound]
'ZhangLS.Spec.lemma32_equal_determinant_projection_modEq' depends on axioms: [propext, Classical.choice, Quot.sound]
'ZhangLS.Spec.lemma32_equal_determinant_second_projection_injective' depends on axioms: [propext,
 Classical.choice,
 Quot.sound]
'ZhangLS.Spec.lemma32_burgess_fixed_determinant_card' depends on axioms: [propext, Classical.choice, Quot.sound]
'ZhangLS.Spec.lemma32_burgess_fixed_multiplier_congruence_card' depends on axioms: [propext,
 Classical.choice,
 Quot.sound]
'ZhangLS.Spec.lemma32_burgess_fixed_multiplier_real_count' depends on axioms: [propext, Classical.choice, Quot.sound]
'ZhangLS.Spec.lemma32_short_divisor_set' depends on axioms: [propext, Classical.choice, Quot.sound]
'ZhangLS.Spec.lemma32_divisor_summatory_identity' depends on axioms: [propext, Classical.choice, Quot.sound]
'ZhangLS.Spec.lemma32_divisor_summatory_log_bound' depends on axioms: [propext, Classical.choice, Quot.sound]
'ZhangLS.Spec.lemma32_actual_burgess_multiplicity_square_collision' depends on axioms: [propext,
 Classical.choice,
 Quot.sound]
'ZhangLS.Spec.lemma32_actual_burgess_multiplicity_square_determinant' depends on axioms: [propext,
 Classical.choice,
 Quot.sound]
'ZhangLS.Spec.lemma32_symmetric_triangle_sum_bound' depends on axioms: [propext, Classical.choice, Quot.sound]
'ZhangLS.Spec.lemma32_fin_positive_sum' depends on axioms: [propext, Classical.choice, Quot.sound]
'ZhangLS.Spec.lemma32_normalized_gcd_row' depends on axioms: [propext, Classical.choice, Quot.sound]
'ZhangLS.Spec.lemma32_multiplier_normalized_gcd_sum' depends on axioms: [propext, Classical.choice, Quot.sound]
'ZhangLS.Spec.lemma32_fin_multiplier_normalized_gcd_sum' depends on axioms: [propext, Classical.choice, Quot.sound]
'ZhangLS.Spec.lemma32_burgess_determinant_swap' depends on axioms: [propext]
'ZhangLS.Spec.lemma32_burgess_collision_card_symmetric' depends on axioms: [propext, Classical.choice, Quot.sound]
'ZhangLS.Spec.lemma32_burgess_fixed_multiplier_max_count' depends on axioms: [propext, Classical.choice, Quot.sound]
'ZhangLS.Spec.lemma32_burgess_full_collision_sum' depends on axioms: [propext, Classical.choice, Quot.sound]
'ZhangLS.Spec.lemma32_actual_burgess_multiplicity_energy_bound' depends on axioms: [propext,
 Classical.choice,
 Quot.sound]
'ZhangLS.Spec.lemma32_actual_burgess_multiplicity_energy_log_bound' depends on axioms: [propext,
 Classical.choice,
 Quot.sound]
'ZhangLS.Spec.lemma32_actual_burgess_shift_absolute_weighted' depends on axioms: [propext, Classical.choice, Quot.sound]
'ZhangLS.Spec.lemma32_actual_burgess_amplification_fourth_bound' depends on axioms: [propext,
 Classical.choice,
 Quot.sound]
'ZhangLS.Spec.lemma32_mobius_divisor_sum' depends on axioms: [propext, Classical.choice, Quot.sound]
'ZhangLS.Spec.lemma32_coprime_mobius_indicator' depends on axioms: [propext, Classical.choice, Quot.sound]
'ZhangLS.Spec.lemma32_actual_burgess_unit_multiplier_count' depends on axioms: [propext, Classical.choice, Quot.sound]
'ZhangLS.Spec.lemma32_real_nat_division_error' depends on axioms: [propext, Classical.choice, Quot.sound]
'ZhangLS.Spec.lemma32_actual_burgess_unit_count_error' depends on axioms: [propext, Classical.choice, Quot.sound]
'ZhangLS.Spec.lemma32_actual_unit_count_interval' depends on axioms: [propext, Classical.choice, Quot.sound]
'ZhangLS.Spec.lemma32_actual_unit_count_totient' depends on axioms: [propext, Classical.choice, Quot.sound]
'ZhangLS.Spec.lemma32_mobius_reciprocal_density' depends on axioms: [propext, Classical.choice, Quot.sound]
'ZhangLS.Spec.lemma32_actual_burgess_unit_density_error' depends on axioms: [propext, Classical.choice, Quot.sound]
'ZhangLS.Spec.lemma32_totient_prime_count_lower' depends on axioms: [propext, Classical.choice, Quot.sound]
'ZhangLS.Spec.lemma32_real_totient_density_lower' depends on axioms: [propext, Classical.choice, Quot.sound]
'ZhangLS.Spec.lemma32_actual_burgess_unit_multiplier_lower' depends on axioms: [propext, Classical.choice, Quot.sound]
'ZhangLS.Spec.lemma32_unit_prime_saving_constant_pos' depends on axioms: [propext, Classical.choice, Quot.sound]
'ZhangLS.Spec.lemma32_unit_small_prime_count' depends on axioms: [propext, Classical.choice, Quot.sound]
'ZhangLS.Spec.lemma32_unit_prime_factor_power_bound' depends on axioms: [propext, Classical.choice, Quot.sound]
'ZhangLS.Spec.lemma32_actual_primitive_unit_error_power_saving' depends on axioms: [propext,
 Classical.choice,
 Quot.sound]
'ZhangLS.Spec.lemma32_actual_primitive_unit_multiplier_power_lower' depends on axioms: [propext,
 Classical.choice,
 Quot.sound]
'ZhangLS.Spec.lemma32_burgess_interval_sum_eq_range' depends on axioms: [propext, Classical.choice, Quot.sound]
'ZhangLS.Spec.lemma32_burgess_interval_sum_add' depends on axioms: [propext, Classical.choice, Quot.sound]
'ZhangLS.Spec.lemma32_burgess_interval_shift_boundary' depends on axioms: [propext, Classical.choice, Quot.sound]
'ZhangLS.Spec.lemma32_burgess_interval_shift_error' depends on axioms: [propext, Classical.choice, Quot.sound]
'ZhangLS.Spec.lemma32_finite_shift_average_bound' depends on axioms: [propext, Classical.choice, Quot.sound]
'ZhangLS.Spec.lemma32_actual_shift_interval_double_sum' depends on axioms: [propext, Classical.choice, Quot.sound]
'ZhangLS.Spec.lemma32_actual_shift_interval_norm_bound' depends on axioms: [propext, Classical.choice, Quot.sound]
'ZhangLS.Spec.lemma32_actual_burgess_interval_average_bound' depends on axioms: [propext, Classical.choice, Quot.sound]
'ZhangLS.Spec.lemma32_actual_primitive_quadratic_inverse' depends on axioms: [propext, Classical.choice, Quot.sound]
'ZhangLS.Spec.lemma32_actual_quadratic_fourier_transform' depends on axioms: [propext, Classical.choice, Quot.sound]
'ZhangLS.Spec.lemma32_actual_quadratic_gauss_square' depends on axioms: [propext, Classical.choice, Quot.sound]
'ZhangLS.Spec.lemma32_actual_quadratic_gauss_norm' depends on axioms: [propext, Classical.choice, Quot.sound]
'ZhangLS.Spec.lemma32_actual_quadratic_fourier_inversion' depends on axioms: [propext, Classical.choice, Quot.sound]
'ZhangLS.Spec.lemma32_actual_interval_fourier_completion' depends on axioms: [propext, Classical.choice, Quot.sound]
'ZhangLS.Spec.lemma32_actual_interval_fourier_completion_norm' depends on axioms: [propext,
 Classical.choice,
 Quot.sound]
'ZhangLS.Spec.lemma32_std_add_character_norm' depends on axioms: [propext, Classical.choice, Quot.sound]
'ZhangLS.Spec.lemma32_fourier_interval_geometric_sum' depends on axioms: [propext, Classical.choice, Quot.sound]
'ZhangLS.Spec.lemma32_fourier_geometric_kernel_norm_product' depends on axioms: [propext, Classical.choice, Quot.sound]
'ZhangLS.Spec.lemma32_fourier_geometric_kernel_norm_bound' depends on axioms: [propext, Classical.choice, Quot.sound]
'ZhangLS.Spec.lemma32_sine_unit_interval_lower' depends on axioms: [propext, Classical.choice, Quot.sound]
'ZhangLS.Spec.lemma32_complex_unit_chord_lower' depends on axioms: [propext, Classical.choice, Quot.sound]
'ZhangLS.Spec.lemma32_std_character_chord_lower' depends on axioms: [propext, Classical.choice, Quot.sound]
'ZhangLS.Spec.lemma32_chord_reciprocal_bound' depends on axioms: [propext, Classical.choice, Quot.sound]
'ZhangLS.Spec.lemma32_fourier_kernel_two_reciprocal_bound' depends on axioms: [propext, Classical.choice, Quot.sound]
'ZhangLS.Spec.lemma32_nonzero_zmod_sum' depends on axioms: [propext, Classical.choice, Quot.sound]
'ZhangLS.Spec.lemma32_positive_difference_sum' depends on axioms: [propext, Classical.choice, Quot.sound]
'ZhangLS.Spec.lemma32_positive_harmonic_log_bound' depends on axioms: [propext, Classical.choice, Quot.sound]
'ZhangLS.Spec.lemma32_fourier_interval_kernel_summatory' depends on axioms: [propext, Classical.choice, Quot.sound]
'ZhangLS.Spec.lemma32_actual_primitive_polya_vinogradov' depends on axioms: [propext, Classical.choice, Quot.sound]
'ZhangLS.Spec.lemma32_actual_character_interval_trivial' depends on axioms: [propext, Classical.choice, Quot.sound]
'ZhangLS.Spec.lemma32_burgess_power_pos' depends on axioms: [propext, Classical.choice, Quot.sound]
'ZhangLS.Spec.lemma32_burgess_power_one_le' depends on axioms: [propext, Classical.choice, Quot.sound]
'ZhangLS.Spec.lemma32_burgess_power_add' depends on axioms: [propext, Classical.choice, Quot.sound]
'ZhangLS.Spec.lemma32_burgess_power_nat_pow' depends on axioms: [propext, Classical.choice, Quot.sound]
'ZhangLS.Spec.lemma32_burgess_power_mono' depends on axioms: [propext, Classical.choice, Quot.sound]
'ZhangLS.Spec.lemma32_burgess_power_one' depends on axioms: [propext, Classical.choice, Quot.sound]
'ZhangLS.Spec.lemma32_burgess_power_sqrt' depends on axioms: [propext, Classical.choice, Quot.sound]
'ZhangLS.Spec.lemma32_burgess_log_power_bound' depends on axioms: [propext, Classical.choice, Quot.sound]
'ZhangLS.Spec.lemma32_positive_floor_bounds' depends on axioms: [propext, Classical.choice, Quot.sound]
'ZhangLS.Spec.lemma32_actual_burgess_short_interval_bound' depends on axioms: [propext, Classical.choice, Quot.sound]
'ZhangLS.Spec.lemma32_actual_burgess_long_interval_bound' depends on axioms: [propext, Classical.choice, Quot.sound]
'HasseWeil.WeilPairing.hasse_bound' depends on axioms: [propext, Classical.choice, Quot.sound]
'HasseWeil.WeilPairing.hasse_bound_unconditional' depends on axioms: [propext, Classical.choice, Quot.sound]
'ZhangLS.Spec.lemma32_actual_coefficient_nonneg' depends on axioms: [propext, Classical.choice, Quot.sound]
'ZhangLS.Spec.lemma32_tau_two_prime_power' depends on axioms: [propext, Classical.choice, Quot.sound]
'ZhangLS.Spec.lemma32_actual_coefficient_prime_power_of_one' depends on axioms: [propext, Classical.choice, Quot.sound]
'ZhangLS.Spec.lemma32_actual_coefficient_prime_power_of_zero' depends on axioms: [propext, Classical.choice, Quot.sound]
'ZhangLS.Spec.lemma32_actual_coefficient_prime_power_of_neg_one' depends on axioms: [propext,
 Classical.choice,
 Quot.sound]
'ZhangLS.Spec.lemma32_actual_coefficient_one' depends on axioms: [propext, Classical.choice, Quot.sound]
'ZhangLS.Spec.lemma32_rising_choose_two' depends on axioms: [propext, Classical.choice, Quot.sound]
'ZhangLS.Spec.lemma32_rising_choose_three' depends on axioms: [propext, Classical.choice, Quot.sound]
'ZhangLS.Spec.lemma32_rising_choose_four' depends on axioms: [propext, Classical.choice, Quot.sound]
'ZhangLS.Spec.lemma32_fourth_power_choose' depends on axioms: [propext, Classical.choice, Quot.sound]
'ZhangLS.Spec.lemma32_fourth_geometric_hasSum' depends on axioms: [propext, Classical.choice, Quot.sound]
'ZhangLS.Spec.lemma32_actual_coefficient_mul' depends on axioms: [propext, Classical.choice, Quot.sound]
'ZhangLS.Spec.lemma32_square_geometric_hasSum' depends on axioms: [propext, Classical.choice, Quot.sound]
'ZhangLS.Spec.lemma32_even_square_geometric_hasSum' depends on axioms: [propext, Classical.choice, Quot.sound]
'ZhangLS.Spec.lemma32_actual_local_series_of_one' depends on axioms: [propext, Classical.choice, Quot.sound]
'ZhangLS.Spec.lemma32_actual_local_series_of_zero' depends on axioms: [propext, Classical.choice, Quot.sound]
'ZhangLS.Spec.lemma32_actual_even_local_series_of_neg_one' depends on axioms: [propext, Classical.choice, Quot.sound]
'ZhangLS.Spec.lemma32_actual_local_series_of_neg_one' depends on axioms: [propext, Classical.choice, Quot.sound]
'ZhangLS.Spec.lemma32_local_correction_of_one' depends on axioms: [propext, Classical.choice, Quot.sound]
'ZhangLS.Spec.lemma32_local_correction_of_zero' depends on axioms: [propext, Classical.choice, Quot.sound]
'ZhangLS.Spec.lemma32_local_correction_of_neg_one' depends on axioms: [propext, Classical.choice, Quot.sound]
'ZhangLS.Spec.lemma32_bounded_polynomial_norm' depends on axioms: [propext, Classical.choice, Quot.sound]
'ZhangLS.Spec.lemma32_plus_factor_remainder' depends on axioms: [propext, Classical.choice, Quot.sound]
'ZhangLS.Spec.lemma32_minus_factor_remainder' depends on axioms: [propext, Classical.choice, Quot.sound]
'ZhangLS.Spec.lemma32_plus_factor_norm_sub_one' depends on axioms: [propext, Classical.choice, Quot.sound]
'ZhangLS.Spec.lemma32_minus_factor_norm_sub_one' depends on axioms: [propext, Classical.choice, Quot.sound]
'ZhangLS.Spec.lemma32_actual_local_correction_norm_sub_one' depends on axioms: [propext, Classical.choice, Quot.sound]
'ZhangLS.Spec.lemma32_character_prime_cases_of_not_dvd' depends on axioms: [propext, Classical.choice, Quot.sound]
'ZhangLS.Spec.lemma32_local_correction_norm_of_not_dvd' depends on axioms: [propext, Classical.choice, Quot.sound]
'ZhangLS.Spec.lemma32_zero_factor_norm' depends on axioms: [propext, Classical.choice, Quot.sound]
'ZhangLS.Spec.lemma32_local_correction_norm_of_dvd' depends on axioms: [propext, Classical.choice, Quot.sound]
'ZhangLS.Spec.lemma32_zero_correction_factorization' depends on axioms: [propext, Classical.choice, Quot.sound]
'ZhangLS.Spec.lemma32_actual_correction_regular_factorization' depends on axioms: [propext,
 Classical.choice,
 Quot.sound]
'ZhangLS.Spec.lemma32_regular_local_norm_sub_one' depends on axioms: [propext, Classical.choice, Quot.sound]
'ZhangLS.Spec.lemma32_regular_local_differentiable' depends on axioms: [propext, Classical.choice, Quot.sound]
'ZhangLS.Spec.lemma32_regular_local_at_zero' depends on axioms: [propext, Classical.choice, Quot.sound]
'ZhangLS.Spec.lemma32_prime_monomial_norm' depends on axioms: [propext, Classical.choice, Quot.sound]
'ZhangLS.Spec.lemma32_prime_monomial_norm_square' depends on axioms: [propext, Classical.choice, Quot.sound]
'ZhangLS.Spec.lemma32_prime_monomial_norm_lt_one' depends on axioms: [propext, Classical.choice, Quot.sound]
'ZhangLS.Spec.lemma32_regular_prime_errors_summable' depends on axioms: [propext, Classical.choice, Quot.sound]
'ZhangLS.Spec.lemma32_regular_euler_product_multipliable' depends on axioms: [propext, Classical.choice, Quot.sound]
'ZhangLS.Spec.lemma32_regular_prime_error_uniform' depends on axioms: [propext, Classical.choice, Quot.sound]
'ZhangLS.Spec.lemma32_regular_finite_product_bound' depends on axioms: [propext, Classical.choice, Quot.sound]
'ZhangLS.Spec.lemma32_regular_euler_product_bound' depends on axioms: [propext, Classical.choice, Quot.sound]
'ZhangLS.Spec.lemma32_regular_product_bound_pos' depends on axioms: [propext, Classical.choice, Quot.sound]
'ZhangLS.Spec.lemma32_regular_finite_product_difference' depends on axioms: [propext, Classical.choice, Quot.sound]
'ZhangLS.Spec.lemma32_regular_products_uniform_cauchy' depends on axioms: [propext, Classical.choice, Quot.sound]
'ZhangLS.Spec.lemma32_regular_products_uniform_limit' depends on axioms: [propext, Classical.choice, Quot.sound]
'ZhangLS.Spec.lemma32_prime_monomial_differentiable' depends on axioms: [propext, Classical.choice, Quot.sound]
'ZhangLS.Spec.lemma32_regular_finite_product_differentiable' depends on axioms: [propext, Classical.choice, Quot.sound]
'ZhangLS.Spec.lemma32_regular_products_locally_uniform' depends on axioms: [propext, Classical.choice, Quot.sound]
'ZhangLS.Spec.lemma32_regular_euler_product_differentiableOn' depends on axioms: [propext, Classical.choice, Quot.sound]
'ZhangLS.Spec.lemma32_regular_euler_product_analyticOnNhd' depends on axioms: [propext, Classical.choice, Quot.sound]
'ZhangLS.Spec.lemma32_one_sub_norm_le_one' depends on axioms: [propext, Classical.choice, Quot.sound]
'ZhangLS.Spec.lemma32_prime_monomial_re' depends on axioms: [propext, Classical.choice, Quot.sound]
'ZhangLS.Spec.lemma32_cos_lower_of_abs_le_one' depends on axioms: [propext, Classical.choice, Quot.sound]
'ZhangLS.Spec.lemma32_ramified_prime_factor_norm' depends on axioms: [propext, Classical.choice, Quot.sound]
'ZhangLS.Spec.lemma32_ramification_factor_differentiable' depends on axioms: [propext, Classical.choice, Quot.sound]
'ZhangLS.Spec.lemma32_analytic_correction_analyticOnNhd' depends on axioms: [propext, Classical.choice, Quot.sound]
'ZhangLS.Spec.lemma32_ramification_factor_norm' depends on axioms: [propext, Classical.choice, Quot.sound]
'ZhangLS.Spec.lemma32_analytic_correction_sector_bound' depends on axioms: [propext, Classical.choice, Quot.sound]
'ZhangLS.Spec.lemma32_negative_power_small' depends on axioms: [propext, Classical.choice, Quot.sound]
'ZhangLS.Spec.lemma32_residue_disk_parameters' depends on axioms: [propext, Classical.choice, Quot.sound]
'ZhangLS.Spec.lemma32_analytic_correction_residue_disk_bound' depends on axioms: [propext, Classical.choice, Quot.sound]
'ZhangLS.Spec.lemma32_actual_first_derivative_bound' depends on axioms: [propext, Classical.choice, Quot.sound]
'ZhangLS.Spec.lemma32_actual_L_difference_near_one' depends on axioms: [propext, Classical.choice, Quot.sound]
'ZhangLS.Spec.lemma32_actual_value_at_one_small' depends on axioms: [propext, Classical.choice, Quot.sound]
'ZhangLS.Spec.lemma32_circle_small_value_scale_identity' depends on axioms: [propext, Classical.choice, Quot.sound]
'ZhangLS.Spec.lemma32_actual_L_residue_disk_small' depends on axioms: [propext, Classical.choice, Quot.sound]
'ZhangLS.Spec.lemma32_zeta_pole_removed_local_bound' depends on axioms: [propext, Classical.choice, Quot.sound]
'ZhangLS.Spec.lemma32_actual_zeta_local_pole_bound' depends on axioms: [propext, Classical.choice, Quot.sound]
'ZhangLS.Spec.lemma32_actual_zeta_L_residue_circle_bound' depends on axioms: [propext, Classical.choice, Quot.sound]
'ZhangLS.Spec.lemma32_exists_gamma_local_bound' depends on axioms: [propext, Classical.choice, Quot.sound]
'ZhangLS.Spec.lemma32_gamma_local_bound_pos' depends on axioms: [propext, Classical.choice, Quot.sound]
'ZhangLS.Spec.lemma32_gamma_local_bound' depends on axioms: [propext, Classical.choice, Quot.sound]
'ZhangLS.Spec.lemma32_regularized_gamma_local_bound' depends on axioms: [propext, Classical.choice, Quot.sound]
'ZhangLS.Spec.lemma32_smoothing_difference_local_bound' depends on axioms: [propext, Classical.choice, Quot.sound]
'ZhangLS.Spec.lemma32_smoothing_gamma_local_bound' depends on axioms: [propext, Classical.choice, Quot.sound]
'ZhangLS.Spec.lemma32_circle_constant_pos' depends on axioms: [propext, Classical.choice, Quot.sound]
'ZhangLS.Spec.lemma32_circle_integrand_bound' depends on axioms: [propext, Classical.choice, Quot.sound]
'ZhangLS.Spec.lemma32_residue_circle_scale_identity' depends on axioms: [propext, Classical.choice, Quot.sound]
'ZhangLS.Spec.lemma32_actual_normalized_circle_integral_bound' depends on axioms: [propext,
 Classical.choice,
 Quot.sound]
'ZhangLS.Spec.lemma32_modulus_cpow_eq_exp' depends on axioms: [propext, Classical.choice, Quot.sound]
'ZhangLS.Spec.lemma32_original_smoothing_difference' depends on axioms: [propext, Classical.choice, Quot.sound]
'ZhangLS.Spec.lemma32_original_normalized_circle_integral_bound' depends on axioms: [propext,
 Classical.choice,
 Quot.sound]
'ZhangLS.Spec.lemma32_multichoose_2_square_le_4' depends on axioms: [propext, Classical.choice, Quot.sound]
'ZhangLS.Spec.lemma32_multichoose_4_square_le_16' depends on axioms: [propext, Classical.choice, Quot.sound]
'ZhangLS.Spec.lemma32_tau2_square_le_tau4' depends on axioms: [propext, Classical.choice, Quot.sound]
'ZhangLS.Spec.lemma32_tau4_square_le_tau16' depends on axioms: [propext, Classical.choice, Quot.sound]
'ZhangLS.Spec.lemma32_tau_two_eq_card_divisors' depends on axioms: [propext, Classical.choice, Quot.sound]
'ZhangLS.Spec.lemma32_actual_coefficient_le_tau_sixteen' depends on axioms: [propext, Classical.choice, Quot.sound]
'ZhangLS.Spec.lemma32_tau_lseries_summable' depends on axioms: [propext, Classical.choice, Quot.sound]
'ZhangLS.Spec.lemma32_actual_weighted_lseries_summable' depends on axioms: [propext, Classical.choice, Quot.sound]
'ZhangLS.Spec.lemma32_actual_weighted_norm_terms_summable' depends on axioms: [propext, Classical.choice, Quot.sound]
'ZhangLS.Spec.lemma32_weighted_term_at_one' depends on axioms: [propext, Classical.choice, Quot.sound]
'ZhangLS.Spec.lemma32_weighted_term_mul' depends on axioms: [propext, Classical.choice, Quot.sound]
'ZhangLS.Spec.lemma32_actual_weighted_euler_hasProd' depends on axioms: [propext, Classical.choice, Quot.sound]
'ZhangLS.Spec.lemma32_actual_weighted_euler_product' depends on axioms: [propext, Classical.choice, Quot.sound]
'ZhangLS.Spec.lemma32_prime_monomial_eq_cpow' depends on axioms: [propext, Classical.choice, Quot.sound]
'ZhangLS.Spec.lemma32_weighted_prime_power_term' depends on axioms: [propext, Classical.choice, Quot.sound]
'ZhangLS.Spec.lemma32_weighted_local_correction_identity' depends on axioms: [propext, Classical.choice, Quot.sound]
'ZhangLS.Spec.lemma32_finite_ramification_prime_product' depends on axioms: [propext, Classical.choice, Quot.sound]
'ZhangLS.Spec.lemma32_ramification_prime_factors_hasProd' depends on axioms: [propext, Classical.choice, Quot.sound]
'ZhangLS.Spec.lemma32_actual_local_corrections_hasProd' depends on axioms: [propext, Classical.choice, Quot.sound]
'ZhangLS.Spec.lemma32_actual_zeta_monomial_euler_hasProd' depends on axioms: [propext, Classical.choice, Quot.sound]
'ZhangLS.Spec.lemma32_actual_L_monomial_euler_hasProd' depends on axioms: [propext, Classical.choice, Quot.sound]
'ZhangLS.Spec.lemma32_actual_weighted_series_identity' depends on axioms: [propext, Classical.choice, Quot.sound]
'ZhangLS.Spec.lemma32_circle_integrand_differentiableAt' depends on axioms: [propext, Classical.choice, Quot.sound]
'ZhangLS.Spec.lemma32_actual_circle_integrable' depends on axioms: [propext, Classical.choice, Quot.sound]
'ZhangLS.Spec.lemma32_gamma_one_vertical_bound' depends on axioms: [propext, Classical.choice, Quot.sound]
'ZhangLS.Spec.lemma32_gamma_one_vertical_integrable' depends on axioms: [propext, Classical.choice, Quot.sound]
'ZhangLS.Spec.lemma32_exponential_mellin_eq_Gamma' depends on axioms: [propext, Classical.choice, Quot.sound]
'ZhangLS.Spec.lemma32_exponential_mellin_convergent' depends on axioms: [propext, Classical.choice, Quot.sound]
'ZhangLS.Spec.lemma32_actual_Gamma_mellin_inversion' depends on axioms: [propext, Classical.choice, Quot.sound]
'ZhangLS.Spec.lemma32_Gamma_mellin_term_norm' depends on axioms: [propext, Classical.choice, Quot.sound]
'ZhangLS.Spec.lemma32_Gamma_mellin_term_integrable' depends on axioms: [propext, Classical.choice, Quot.sound]
'ZhangLS.Spec.lemma32_Gamma_mellin_term_integral_norm_summable' depends on axioms: [propext,
 Classical.choice,
 Quot.sound]
'ZhangLS.Spec.lemma32_Gamma_mellin_term_eq_kernel' depends on axioms: [propext, Classical.choice, Quot.sound]
'ZhangLS.Spec.lemma32_Gamma_mellin_term_normalized_integral' depends on axioms: [propext, Classical.choice, Quot.sound]
'ZhangLS.Spec.lemma32_Gamma_mellin_tsum_integrable' depends on axioms: [propext, Classical.choice, Quot.sound]
'ZhangLS.Spec.lemma32_full_series_gamma_mellin' depends on axioms: [propext, Classical.choice, Quot.sound]
'ZhangLS.Spec.lemma32_actual_right_Gamma_integrand_eq_tsum' depends on axioms: [propext, Classical.choice, Quot.sound]
'ZhangLS.Spec.lemma32_actual_right_Gamma_integrand_integrable' depends on axioms: [propext,
 Classical.choice,
 Quot.sound]
'ZhangLS.Spec.lemma32_actual_smoothed_weighted_summable' depends on axioms: [propext, Classical.choice, Quot.sound]
'ZhangLS.Spec.lemma32_actual_full_Gamma_mellin' depends on axioms: [propext, Classical.choice, Quot.sound]
'ZhangLS.Spec.lemma32_actual_original_right_Gamma_difference' depends on axioms: [propext, Classical.choice, Quot.sound]
'ZhangLS.Spec.lemma32_actual_original_right_Gamma_integrable' depends on axioms: [propext, Classical.choice, Quot.sound]
'ZhangLS.Spec.lemma32_actual_original_Gamma_mellin_difference' depends on axioms: [propext,
 Classical.choice,
 Quot.sound]
'ZhangLS.Spec.lemma32_actual_smoothed_difference_series' depends on axioms: [propext, Classical.choice, Quot.sound]
'ZhangLS.Spec.lemma32_actual_weighted_term_one_real' depends on axioms: [propext, Classical.choice, Quot.sound]
'ZhangLS.Spec.lemma32_actual_real_smoothed_terms_summable' depends on axioms: [propext, Classical.choice, Quot.sound]
'ZhangLS.Spec.lemma32_actual_smoothed_difference_real_series' depends on axioms: [propext, Classical.choice, Quot.sound]
'ZhangLS.Spec.lemma32_actual_real_smoothed_term_nonneg' depends on axioms: [propext, Classical.choice, Quot.sound]
'ZhangLS.Spec.lemma32_actual_real_smoothed_difference_nonneg' depends on axioms: [propext, Classical.choice, Quot.sound]
'ZhangLS.Spec.lemma32_smoothing_window_lower_bound_pos' depends on axioms: [propext, Classical.choice, Quot.sound]
'ZhangLS.Spec.lemma32_exponential_smoothing_window_lower' depends on axioms: [propext, Classical.choice, Quot.sound]
'ZhangLS.Spec.lemma32_actual_smoothing_weight_window_lower' depends on axioms: [propext, Classical.choice, Quot.sound]
'ZhangLS.Spec.lemma32_actual_weighted_tail_le_smoothed' depends on axioms: [propext, Classical.choice, Quot.sound]
'ZhangLS.Spec.lemma32_zeta_pole_removed_differentiableAt' depends on axioms: [propext, Classical.choice, Quot.sound]
'ZhangLS.Spec.lemma32_smoothing_difference_differentiable' depends on axioms: [propext, Classical.choice, Quot.sound]
'ZhangLS.Spec.lemma32_smoothing_dslope_differentiable' depends on axioms: [propext, Classical.choice, Quot.sound]
'ZhangLS.Spec.lemma32_regular_numerator_differentiableAt' depends on axioms: [propext, Classical.choice, Quot.sound]
'ZhangLS.Spec.lemma32_regular_numerator_analyticOnNhd' depends on axioms: [propext, Classical.choice, Quot.sound]
'ZhangLS.Spec.lemma32_regular_numerator_eq' depends on axioms: [propext, Classical.choice, Quot.sound]
'ZhangLS.Spec.lemma32_regular_numerator_differentiableOn_ball' depends on axioms: [propext,
 Classical.choice,
 Quot.sound]
'ZhangLS.Spec.lemma32_actual_circle_integral_eq_residue' depends on axioms: [propext, Classical.choice, Quot.sound]
'ZhangLS.Spec.lemma32_actual_original_circle_integral_eq_residue' depends on axioms: [propext,
 Classical.choice,
 Quot.sound]
'ZhangLS.Spec.lemma32_actual_residue_bound' depends on axioms: [propext, Classical.choice, Quot.sound]
'ZhangLS.Spec.lemma32_divided_remainder_differentiableOn' depends on axioms: [propext, Classical.choice, Quot.sound]
'ZhangLS.Spec.lemma32_divided_remainder_analyticOnNhd' depends on axioms: [propext, Classical.choice, Quot.sound]
'ZhangLS.Spec.lemma32_divided_remainder_recurrence' depends on axioms: [propext, Classical.choice, Quot.sound]
'ZhangLS.Spec.lemma32_regular_numerator_finite_expansion' depends on axioms: [propext, Classical.choice, Quot.sound]
'ZhangLS.Spec.lemma32_actual_integrand_principal_decomposition' depends on axioms: [propext,
 Classical.choice,
 Quot.sound]
'ZhangLS.Spec.lemma32_actual_regular_remainder_rectangle_zero' depends on axioms: [propext,
 Classical.choice,
 Quot.sound]
'ZhangLS.Spec.lemma32_divided_remainder_power_series' depends on axioms: [propext, Classical.choice, Quot.sound]
'ZhangLS.Spec.lemma32_divided_remainder_coefficient' depends on axioms: [propext, Classical.choice, Quot.sound]
'ZhangLS.Spec.lemma32_actual_residue_eq_divided_remainder' depends on axioms: [propext, Classical.choice, Quot.sound]
'ZhangLS.Spec.lemma32_laurent_primitive_hasDerivAt' depends on axioms: [propext, Classical.choice, Quot.sound]
'ZhangLS.Spec.lemma32_horizontal_zpow_integral' depends on axioms: [propext, Classical.choice, Quot.sound]
'ZhangLS.Spec.lemma32_vertical_zpow_integral' depends on axioms: [propext, Classical.choice, Quot.sound]
'ZhangLS.Spec.lemma32_rectangle_zpow_zero' depends on axioms: [propext, Classical.choice, Quot.sound]
'ZhangLS.Spec.lemma32_rectangle_inverse_winding' depends on axioms: [propext, Classical.choice, Quot.sound]
'ZhangLS.Spec.lemma32_rectangle_laurent_kernel' depends on axioms: [propext, Classical.choice, Quot.sound]
'ZhangLS.Spec.lemma32_boundary_integrable_punctured' depends on axioms: [propext, Classical.choice, Quot.sound]
'ZhangLS.Spec.lemma32_boundary_integral_add' depends on axioms: [propext, Classical.choice, Quot.sound]
'ZhangLS.Spec.lemma32_boundary_integral_const_mul' depends on axioms: [propext, Classical.choice, Quot.sound]
'ZhangLS.Spec.lemma32_boundary_integral_sum' depends on axioms: [propext, Classical.choice, Quot.sound]
'ZhangLS.Spec.lemma32_laurent_kernel_continuousOn' depends on axioms: [propext, Classical.choice, Quot.sound]
'ZhangLS.Spec.lemma32_principal_part_boundary_integrable' depends on axioms: [propext, Classical.choice, Quot.sound]
'ZhangLS.Spec.lemma32_actual_principal_boundary_residue' depends on axioms: [propext, Classical.choice, Quot.sound]
'ZhangLS.Spec.lemma32_boundary_integrable_halfplane' depends on axioms: [propext, Classical.choice, Quot.sound]
'ZhangLS.Spec.lemma32_actual_finite_rectangle_residue' depends on axioms: [propext, Classical.choice, Quot.sound]
'ZhangLS.Spec.lemma32_mellin_normalizing_factor' depends on axioms: [propext, Classical.choice, Quot.sound]
'ZhangLS.Spec.lemma32_actual_normalized_finite_shift' depends on axioms: [propext, Classical.choice, Quot.sound]
'ZhangLS.Spec.lemma32_gamma_shift_product' depends on axioms: [propext, Classical.choice, Quot.sound]
'ZhangLS.Spec.lemma32_gamma_shift_norm_lower' depends on axioms: [propext, Classical.choice, Quot.sound]
'ZhangLS.Spec.lemma32_gamma_strip_polynomial_decay' depends on axioms: [propext, Classical.choice, Quot.sound]
'ZhangLS.Spec.lemma32_ramification_global_bound' depends on axioms: [propext, Classical.choice, Quot.sound]
'ZhangLS.Spec.lemma32_analytic_correction_global_growth' depends on axioms: [propext, Classical.choice, Quot.sound]
'ZhangLS.Spec.lemma32_positive_strip_high_norm' depends on axioms: [propext, Classical.choice, Quot.sound]
'ZhangLS.Spec.lemma32_actual_zeta_strip_high_growth' depends on axioms: [propext, Classical.choice, Quot.sound]
'ZhangLS.Spec.lemma32_actual_L_strip_high_growth' depends on axioms: [propext, Classical.choice, Quot.sound]
'ZhangLS.Spec.lemma32_actual_zeta_L_strip_high_growth' depends on axioms: [propext, Classical.choice, Quot.sound]
'ZhangLS.Spec.lemma32_smoothing_strip_growth' depends on axioms: [propext, Classical.choice, Quot.sound]
'ZhangLS.Spec.lemma32_global_height_constant_pos' depends on axioms: [propext, Classical.choice, Quot.sound]
'ZhangLS.Spec.lemma32_actual_integrand_height_decay' depends on axioms: [propext, Classical.choice, Quot.sound]
'ZhangLS.Spec.lemma32_actual_integrand_eq_regular_div' depends on axioms: [propext, Classical.choice, Quot.sound]
'ZhangLS.Spec.lemma32_actual_integrand_differentiableAt_global' depends on axioms: [propext,
 Classical.choice,
 Quot.sound]
'ZhangLS.Spec.lemma32_actual_vertical_continuous' depends on axioms: [propext, Classical.choice, Quot.sound]
'ZhangLS.Spec.lemma32_integrable_of_quartic_decay' depends on axioms: [propext, Classical.choice, Quot.sound]
'ZhangLS.Spec.lemma32_actual_left_vertical_integrable' depends on axioms: [propext, Classical.choice, Quot.sound]
'ZhangLS.Spec.lemma32_actual_horizontal_integral_bound' depends on axioms: [propext, Classical.choice, Quot.sound]
'ZhangLS.Spec.lemma32_tendsto_zero_of_quartic_norm_bound' depends on axioms: [propext, Classical.choice, Quot.sound]
'ZhangLS.Spec.lemma32_actual_upper_horizontal_decay' depends on axioms: [propext, Classical.choice, Quot.sound]
'ZhangLS.Spec.lemma32_actual_lower_horizontal_decay' depends on axioms: [propext, Classical.choice, Quot.sound]
'ZhangLS.Spec.lemma32_actual_infinite_contour_shift' depends on axioms: [propext, Classical.choice, Quot.sound]
'ZhangLS.Spec.lemma32_actual_smoothed_difference_eq_residue_add_left' depends on axioms: [propext,
 Classical.choice,
 Quot.sound]
'ZhangLS.Spec.lemma32_actual_original_tail_reduction' depends on axioms: [propext, Classical.choice, Quot.sound]
'ZhangLS.Spec.lemma32_ramified_prime_small_bound' depends on axioms: [propext, Classical.choice, Quot.sound]
'ZhangLS.Spec.lemma32_large_prime_monomial_small' depends on axioms: [propext, Classical.choice, Quot.sound]
'ZhangLS.Spec.lemma32_ramified_large_prime_saving' depends on axioms: [propext, Classical.choice, Quot.sound]
'ZhangLS.Spec.lemma32_ramification_saving_constant_pos' depends on axioms: [propext, Classical.choice, Quot.sound]
'ZhangLS.Spec.lemma32_prime_factors_log_sum_bound' depends on axioms: [propext, Classical.choice, Quot.sound]
'ZhangLS.Spec.lemma32_ramification_small_prime_count' depends on axioms: [propext, Classical.choice, Quot.sound]
'ZhangLS.Spec.lemma32_ramification_uniform_power_saving' depends on axioms: [propext, Classical.choice, Quot.sound]
'ZhangLS.Spec.lemma32_analytic_correction_uniform_power_saving' depends on axioms: [propext,
 Classical.choice,
 Quot.sound]
'ZhangLS.Spec.lemma32_square_quarter_power' depends on axioms: [propext, Classical.choice, Quot.sound]
'ZhangLS.Spec.lemma32_square_negative_quarter_power' depends on axioms: [propext, Classical.choice, Quot.sound]
'ZhangLS.Spec.lemma32_small_quarter_power_integral' depends on axioms: [propext, Classical.choice, Quot.sound]
'ZhangLS.Spec.lemma32_large_quarter_power_integral' depends on axioms: [propext, Classical.choice, Quot.sound]
'ZhangLS.Spec.lemma32_actual_partial_sum_square_root_majorant' depends on axioms: [propext,
 Classical.choice,
 Quot.sound]
'ZhangLS.Spec.lemma32_actual_abel_small_majorant' depends on axioms: [propext, Classical.choice, Quot.sound]
'ZhangLS.Spec.lemma32_actual_abel_large_majorant' depends on axioms: [propext, Classical.choice, Quot.sound]
'ZhangLS.Spec.lemma32_actual_abel_square_root_partial_sum_bound' depends on axioms: [propext,
 Classical.choice,
 Quot.sound]
'ZhangLS.Spec.lemma32_actual_L_bound_of_square_root_partial_sums' depends on axioms: [propext,
 Classical.choice,
 Quot.sound]
'ZhangLS.Spec.lemma32_burgess_scale_half_power' depends on axioms: [propext, Classical.choice, Quot.sound]
'ZhangLS.Spec.lemma32_actual_L_bound_of_burgess_partial_sums' depends on axioms: [propext, Classical.choice, Quot.sound]
'ZhangLS.Spec.lemma32_left_line_Gamma_continuous' depends on axioms: [propext, Classical.choice, Quot.sound]
'ZhangLS.Spec.lemma32_left_line_zeta_continuous' depends on axioms: [propext, Classical.choice, Quot.sound]
'ZhangLS.Spec.lemma32_left_kernel_continuous' depends on axioms: [propext, Classical.choice, Quot.sound]
'ZhangLS.Spec.lemma32_left_kernel_nonneg' depends on axioms: [propext, Classical.choice, Quot.sound]
'ZhangLS.Spec.lemma32_left_kernel_high_bound' depends on axioms: [propext, Classical.choice, Quot.sound]
'ZhangLS.Spec.lemma32_left_kernel_integrable' depends on axioms: [propext, Classical.choice, Quot.sound]
'ZhangLS.Spec.lemma32_left_kernel_constant_pos' depends on axioms: [propext, Classical.choice, Quot.sound]
'ZhangLS.Spec.lemma32_left_kernel_integral_le' depends on axioms: [propext, Classical.choice, Quot.sound]
'ZhangLS.Spec.lemma32_smoothing_left_line_bound' depends on axioms: [propext, Classical.choice, Quot.sound]
'ZhangLS.Spec.lemma32_half_power_eighth' depends on axioms: [propext, Classical.choice, Quot.sound]
'ZhangLS.Spec.lemma32_actual_left_integrand_bound_of_partial_sums' depends on axioms: [propext,
 Classical.choice,
 Quot.sound]
'ZhangLS.Spec.lemma32_left_error_constant_pos' depends on axioms: [propext, Classical.choice, Quot.sound]
'ZhangLS.Spec.lemma32_actual_left_integral_bound_of_partial_sums' depends on axioms: [propext,
 Classical.choice,
 Quot.sound]
'ZhangLS.Spec.lemma32_burgess_scale_fourth_decay' depends on axioms: [propext, Classical.choice, Quot.sound]
'ZhangLS.Spec.lemma32_actual_left_integral_bound_of_burgess_partial_sums' depends on axioms: [propext,
 Classical.choice,
 Quot.sound]
'ZhangLS.Spec.lemma32_left_error_absorption_threshold' depends on axioms: [propext, Classical.choice, Quot.sound]
'ZhangLS.Spec.lemma32_target_of_uniform_burgess_partial_sums' depends on axioms: [propext, Classical.choice, Quot.sound]
'ZhangLS.Spec.lemma32_real_complex_norm_fourth' depends on axioms: [propext, Classical.choice, Quot.sound]
'ZhangLS.Spec.lemma32_actual_quartic_character_product' depends on axioms: [propext, Classical.choice, Quot.sound]
'ZhangLS.Spec.lemma32_actual_burgess_fourth_moment_expansion' depends on axioms: [propext, Classical.choice, Quot.sound]
'ZhangLS.Spec.lemma32_quartic_pairing_image_card' depends on axioms: [propext, Classical.choice, Quot.sound]
'ZhangLS.Spec.lemma32_degenerate_quartic_tuples_card' depends on axioms: [propext, Classical.choice, Quot.sound]
'ZhangLS.Spec.lemma32_actual_quartic_correlation_abs_bound' depends on axioms: [propext, Classical.choice, Quot.sound]
'ZhangLS.Spec.lemma32_degenerate_fourth_moment_contribution_bound' depends on axioms: [propext,
 Classical.choice,
 Quot.sound]
'ZhangLS.Spec.lemma32_quadratic_character_value_square' depends on axioms: [propext, Classical.choice, Quot.sound]
'ZhangLS.Spec.lemma32_quadratic_character_inverse' depends on axioms: [propext, Classical.choice, Quot.sound]
'ZhangLS.Spec.lemma32_quadratic_two_linear_correlation' depends on axioms: [propext, Classical.choice, Quot.sound]
'ZhangLS.Spec.lemma32_quadratic_character_norm_le_one' depends on axioms: [propext, Classical.choice, Quot.sound]
'ZhangLS.Spec.lemma32_actual_prime_two_linear_correlation' depends on axioms: [propext, Classical.choice, Quot.sound]
'ZhangLS.Spec.lemma32_actual_prime_two_linear_real_correlation' depends on axioms: [propext,
 Classical.choice,
 Quot.sound]
'ZhangLS.Spec.lemma32_quadratic_repeated_root_correlation' depends on axioms: [propext, Classical.choice, Quot.sound]
'ZhangLS.Spec.lemma32_quadratic_repeated_root_correlation_norm' depends on axioms: [propext,
 Classical.choice,
 Quot.sound]
'ZhangLS.Spec.lemma32_mem_degenerate_iff_paired' depends on axioms: [propext, Classical.choice, Quot.sound]
'ZhangLS.Spec.lemma32_actual_prime_repeated_correlation_norm' depends on axioms: [propext, Classical.choice, Quot.sound]
'ZhangLS.Spec.lemma32_actual_prime_quartic_repeated_correlation' depends on axioms: [propext,
 Classical.choice,
 Quot.sound]
'ZhangLS.Spec.lemma32_actual_fourth_moment_decomposition' depends on axioms: [propext, Classical.choice, Quot.sound]
'ZhangLS.Spec.lemma32_actual_fourth_moment_remainder_bound' depends on axioms: [propext, Classical.choice, Quot.sound]
'ZhangLS.Spec.lemma32_nondegenerate_fourth_moment_nonneg' depends on axioms: [propext, Classical.choice, Quot.sound]
'ZhangLS.Spec.lemma32_quartic_correlation_permutation' depends on axioms: [propext, Classical.choice, Quot.sound]
'ZhangLS.Spec.lemma32_actual_prime_repeated_quartic_permutation_bound' depends on axioms: [propext,
 Classical.choice,
 Quot.sound]
'ZhangLS.Spec.lemma32_quartic_cubic_substitution' depends on axioms: [propext, Classical.choice, Quot.sound]
'ZhangLS.Spec.lemma32_quadratic_quartic_cubic_point_identity' depends on axioms: [propext, Classical.choice, Quot.sound]
'ZhangLS.Spec.lemma32_quadratic_quartic_cubic_punctured_sum' depends on axioms: [propext, Classical.choice, Quot.sound]
'ZhangLS.Spec.lemma32_quadratic_quartic_cubic_sum_identity' depends on axioms: [propext, Classical.choice, Quot.sound]
'ZhangLS.Spec.lemma32_monic_cubic_normalization' depends on axioms: [propext, Quot.sound]
'ZhangLS.Spec.lemma32_quadratic_monic_cubic_point_identity' depends on axioms: [propext, Classical.choice, Quot.sound]
'ZhangLS.Spec.lemma32_quadratic_normalized_cubic_sum_identity' depends on axioms: [propext,
 Classical.choice,
 Quot.sound]
'ZhangLS.Spec.lemma32_quadratic_quartic_normalized_cubic_sum_identity' depends on axioms: [propext,
 Classical.choice,
 Quot.sound]
'ZhangLS.Spec.lemma32_normalized_cubic_root_factorization' depends on axioms: [propext, Quot.sound]
'ZhangLS.Spec.lemma32_quartic_Weierstrass_discriminant' depends on axioms: [propext, Quot.sound]
'ZhangLS.Spec.lemma32_cubic_leading_coefficient_nonzero' depends on axioms: [propext, Classical.choice, Quot.sound]
'ZhangLS.Spec.lemma32_quartic_Weierstrass_discriminant_nonzero' depends on axioms: [propext,
 Classical.choice,
 Quot.sound]
'ZhangLS.Spec.lemma32_quartic_Weierstrass_isElliptic' depends on axioms: [propext, Classical.choice, Quot.sound]
'ZhangLS.Spec.lemma32_mulchar_eq_of_unit_generator' depends on axioms: [propext, Classical.choice, Quot.sound]
'ZhangLS.Spec.lemma32_nontrivial_quadratic_unit_generator_value' depends on axioms: [propext,
 Classical.choice,
 Quot.sound]
'ZhangLS.Spec.lemma32_nontrivial_quadratic_character_unique' depends on axioms: [propext, Classical.choice, Quot.sound]
'ZhangLS.Spec.lemma32_nontrivial_quadratic_character_eq_canonical' depends on axioms: [propext,
 Classical.choice,
 Quot.sound]
'ZhangLS.Spec.lemma32_nontrivial_quadratic_character_canonical_value' depends on axioms: [propext,
 Classical.choice,
 Quot.sound]
'ZhangLS.Spec.lemma32_affine_solution_card_fibers' depends on axioms: [propext, Classical.choice, Quot.sound]
'ZhangLS.Spec.lemma32_quadratic_square_root_count' depends on axioms: [propext, Classical.choice, Quot.sound]
'ZhangLS.Spec.lemma32_actual_affine_card_character_sum' depends on axioms: [propext, Classical.choice, Quot.sound]
'ZhangLS.Spec.lemma32_quartic_character_sum_affine_card' depends on axioms: [propext, Classical.choice, Quot.sound]
'ZhangLS.Spec.lemma32_quartic_curve_affine_equation' depends on axioms: [propext, Classical.choice, Quot.sound]
'ZhangLS.Spec.lemma32_quartic_curve_affine_solution_finset' depends on axioms: [propext, Classical.choice, Quot.sound]
'ZhangLS.Spec.lemma32_quartic_character_sum_Weierstrass_affine_card' depends on axioms: [propext,
 Classical.choice,
 Quot.sound]
'ZhangLS.Spec.lemma32_Weierstrass_point_card_affine' depends on axioms: [propext, Classical.choice, Quot.sound]
'ZhangLS.Spec.lemma32_quartic_character_sum_actual_curve_points' depends on axioms: [propext,
 Classical.choice,
 Quot.sound]
'ZhangLS.Spec.lemma32_actual_prime_quartic_point_count' depends on axioms: [propext, Classical.choice, Quot.sound]
'ZhangLS.Spec.lemma32_actual_prime_quartic_correlation_point_count' depends on axioms: [propext,
 Classical.choice,
 Quot.sound]
'ZhangLS.Spec.lemma32_nontrivial_quadratic_odd_characteristic' depends on axioms: [propext,
 Classical.choice,
 Quot.sound]
'ZhangLS.Spec.lemma32_field_two_nonzero_of_odd_characteristic' depends on axioms: [propext,
 Classical.choice,
 Quot.sound]
'ZhangLS.Spec.lemma32_actual_prime_odd_characteristic' depends on axioms: [propext, Classical.choice, Quot.sound]
'ZhangLS.Spec.lemma32_actual_prime_distinct_quartic_point_count' depends on axioms: [propext,
 Classical.choice,
 Quot.sound]
'ZhangLS.Spec.lemma32_four_distinct_roots_injective' depends on axioms: [propext, Classical.choice, Quot.sound]
'ZhangLS.Spec.lemma32_four_distinct_roots_field_card' depends on axioms: [propext, Classical.choice, Quot.sound]
'ZhangLS.Spec.lemma32_four_distinct_prime_roots_modulus_ge_five' depends on axioms: [propext,
 Classical.choice,
 Quot.sound]
'ZhangLS.Spec.lemma32_quadratic_unpaired_quartic_collision_bound' depends on axioms: [propext,
 Classical.choice,
 Quot.sound]
'ZhangLS.Spec.lemma32_short_residue_cast_injective' depends on axioms: [propext, Quot.sound]
'ZhangLS.Spec.lemma32_actual_prime_unpaired_collision_correlation' depends on axioms: [propext,
 Classical.choice,
 Quot.sound]
'ZhangLS.Spec.lemma32_quartic_noninjective_iff_collision' depends on axioms: [propext, Classical.choice, Quot.sound]
'ZhangLS.Spec.lemma32_collision_tuples_covered' depends on axioms: [propext, Classical.choice, Quot.sound]
'ZhangLS.Spec.lemma32_collision_quartic_tuple_card' depends on axioms: [propext, Classical.choice, Quot.sound]
'ZhangLS.Spec.lemma32_prime_collision_fourth_moment_bound' depends on axioms: [propext, Classical.choice, Quot.sound]
'ZhangLS.Spec.lemma32_nondegenerate_split_by_injectivity' depends on axioms: [propext, Classical.choice, Quot.sound]
'ZhangLS.Spec.lemma32_actual_prime_fourth_moment_distinct_reduction' depends on axioms: [propext,
 Classical.choice,
 Quot.sound]
'ZhangLS.Spec.lemma32_distinct_quartic_correlation_point_count' depends on axioms: [propext,
 Classical.choice,
 Quot.sound]
'ZhangLS.Spec.lemma32_distinct_fourth_moment_eq_actual_point_discrepancy' depends on axioms: [propext,
 Classical.choice,
 Quot.sound]
'ZhangLS.Spec.lemma32_actual_curve_points_finite' depends on axioms: [propext, Classical.choice, Quot.sound]
'ZhangLS.Spec.lemma32_actual_curve_fintype_card_eq_nat_card' depends on axioms: [propext, Classical.choice, Quot.sound]
'ZhangLS.Spec.lemma32_product_character_factorization' depends on axioms: [propext, Classical.choice, Quot.sound]
'ZhangLS.Spec.lemma32_product_character_finite_sum' depends on axioms: [propext, Classical.choice, Quot.sound]
'ZhangLS.Spec.lemma32_product_character_left_quadratic' depends on axioms: [propext, Classical.choice, Quot.sound]
'ZhangLS.Spec.lemma32_product_character_right_quadratic' depends on axioms: [propext, Classical.choice, Quot.sound]
'ZhangLS.Spec.lemma32_product_quartic_character_sum' depends on axioms: [propext, Classical.choice, Quot.sound]
'ZhangLS.Spec.lemma32_character_equiv_pullback_quadratic' depends on axioms: [propext, Classical.choice, Quot.sound]
'ZhangLS.Spec.lemma32_character_equiv_pullback_nontrivial' depends on axioms: [propext, Classical.choice, Quot.sound]
'ZhangLS.Spec.lemma32_quartic_character_sum_ring_equiv' depends on axioms: [propext, Classical.choice, Quot.sound]
'ZhangLS.Spec.lemma32_actual_CRT_character_quadratic' depends on axioms: [propext, Classical.choice, Quot.sound]
'ZhangLS.Spec.lemma32_actual_CRT_quartic_character_sum' depends on axioms: [propext, Classical.choice, Quot.sound]
'ZhangLS.Spec.lemma32_actual_CRT_character_factorization' depends on axioms: [propext, Classical.choice, Quot.sound]
'ZhangLS.Spec.lemma32_actual_CRT_factorsThrough_left' depends on axioms: [propext, Classical.choice, Quot.sound]
'ZhangLS.Spec.lemma32_actual_CRT_factorsThrough_right' depends on axioms: [propext, Classical.choice, Quot.sound]
'ZhangLS.Spec.lemma32_actual_primitive_CRT_left_nontrivial' depends on axioms: [propext, Classical.choice, Quot.sound]
'ZhangLS.Spec.lemma32_actual_primitive_CRT_right_nontrivial' depends on axioms: [propext, Classical.choice, Quot.sound]
'ZhangLS.Spec.lemma32_changeLevel_factorsThrough_conductor' depends on axioms: [propext, Classical.choice, Quot.sound]
'ZhangLS.Spec.lemma32_changeLevel_conductor_dvd' depends on axioms: [propext, Classical.choice, Quot.sound]
'ZhangLS.Spec.lemma32_actual_CRT_changeLevel_product' depends on axioms: [propext, Classical.choice, Quot.sound]
'ZhangLS.Spec.lemma32_actual_CRT_conductor_dvd_lcm' depends on axioms: [propext, Classical.choice, Quot.sound]
'ZhangLS.Spec.lemma32_actual_primitive_CRT_characters' depends on axioms: [propext, Classical.choice, Quot.sound]
'ZhangLS.Spec.lemma32_real_primitive_CRT_factorization' depends on axioms: [propext, Classical.choice, Quot.sound]
'ZhangLS.Spec.lemma32_real_primitive_CRT_quartic_sum' depends on axioms: [propext, Classical.choice, Quot.sound]
'ZhangLS.Spec.lemma32_quadratic_hom_odd_card_eq_one' depends on axioms: [propext, Classical.choice, Quot.sound]
'ZhangLS.Spec.lemma32_quadratic_character_factorsThrough_odd_kernel' depends on axioms: [propext,
 Classical.choice,
 Quot.sound]
'ZhangLS.Spec.lemma32_units_reduction_kernel_card' depends on axioms: [propext, Classical.choice, Quot.sound]
'ZhangLS.Spec.lemma32_prime_power_reduction_kernel_card' depends on axioms: [propext, Classical.choice, Quot.sound]
'ZhangLS.Spec.lemma32_odd_prime_power_quadratic_factorsThrough' depends on axioms: [propext,
 Classical.choice,
 Quot.sound]
'ZhangLS.Spec.lemma32_odd_prime_power_quadratic_conductor_dvd' depends on axioms: [propext,
 Classical.choice,
 Quot.sound]
'ZhangLS.Spec.lemma32_odd_prime_power_primitive_quadratic_exponent' depends on axioms: [propext,
 Classical.choice,
 Quot.sound]
'ZhangLS.Spec.lemma32_two_power_reduction_kernel_card' depends on axioms: [propext, Classical.choice, Quot.sound]
'ZhangLS.Spec.lemma32_two_power_five_unit_order' depends on axioms: [propext, Classical.choice, Quot.sound]
'ZhangLS.Spec.lemma32_two_power_five_square_order' depends on axioms: [propext, Classical.choice, Quot.sound]
'ZhangLS.Spec.lemma32_two_power_reduction_kernel_generator' depends on axioms: [propext, Classical.choice, Quot.sound]
'ZhangLS.Spec.lemma32_two_power_quadratic_factorsThrough' depends on axioms: [propext, Classical.choice, Quot.sound]
'ZhangLS.Spec.lemma32_two_power_quadratic_conductor_dvd' depends on axioms: [propext, Classical.choice, Quot.sound]
'ZhangLS.Spec.lemma32_two_power_primitive_quadratic_exponent' depends on axioms: [propext, Classical.choice, Quot.sound]
'ZhangLS.Spec.lemma32_real_primitive_odd_prime_exponent' depends on axioms: [propext, Classical.choice, Quot.sound]
'ZhangLS.Spec.lemma32_real_primitive_two_adic_exponent' depends on axioms: [propext, Classical.choice, Quot.sound]
'ZhangLS.Spec.lemma32_real_primitive_odd_part_squarefree' depends on axioms: [propext, Classical.choice, Quot.sound]
'ZhangLS.Spec.lemma32_real_primitive_modulus_shape' depends on axioms: [propext, Classical.choice, Quot.sound]
'ZhangLS.Spec.lemma32_actual_curve_hasse_nat_card' depends on axioms: [propext, Classical.choice, Quot.sound]
'ZhangLS.Spec.lemma32_actual_prime_distinct_quartic_hasse_bound' depends on axioms: [propext,
 Classical.choice,
 Quot.sound]
'ZhangLS.Spec.lemma32_actual_prime_distinct_quartic_correlation_bound' depends on axioms: [propext,
 Classical.choice,
 Quot.sound]
'ZhangLS.Spec.lemma32_actual_prime_distinct_fourth_moment_bound' depends on axioms: [propext,
 Classical.choice,
 Quot.sound]
'ZhangLS.Spec.lemma32_actual_prime_fourth_moment_hasse_bound' depends on axioms: [propext, Classical.choice, Quot.sound]
'ZhangLS.Spec.lemma32_prime_sqrt_ge_one' depends on axioms: [propext, Classical.choice, Quot.sound]
'ZhangLS.Spec.lemma32_actual_prime_unpaired_quartic_hasse_bound' depends on axioms: [propext,
 Classical.choice,
 Quot.sound]
'ZhangLS.Spec.lemma32_actual_prime_isolated_root_hasse_bound' depends on axioms: [propext, Classical.choice, Quot.sound]
'ZhangLS.Spec.lemma32_unpaired_quartic_tuple_has_singleton' depends on axioms: [propext, Classical.choice, Quot.sound]
'ZhangLS.Spec.lemma32_actual_quartic_sum_trivial_norm' depends on axioms: [propext, Classical.choice, Quot.sound]
'ZhangLS.Spec.lemma32_actual_prime_quartic_root_difference_bound' depends on axioms: [propext,
 Classical.choice,
 Quot.sound]
'ZhangLS.Spec.lemma32_actual_prime_quartic_gcd_bound' depends on axioms: [propext, Classical.choice, Quot.sound]
'ZhangLS.Spec.lemma32_real_primitive_integer_CRT_quartic_sum' depends on axioms: [propext, Classical.choice, Quot.sound]
'ZhangLS.Spec.lemma32_real_primitive_integer_CRT_quartic_norm' depends on axioms: [propext,
 Classical.choice,
 Quot.sound]
'ZhangLS.Spec.lemma32_coprime_gcd_product' depends on axioms: [propext, Classical.choice, Quot.sound]
'ZhangLS.Spec.lemma32_coprime_correlation_factor_mul' depends on axioms: [propext, Classical.choice, Quot.sound]
'ZhangLS.Spec.lemma32_prime_correlation_factor' depends on axioms: [propext, Classical.choice, Quot.sound]
'ZhangLS.Spec.lemma32_correlation_factor_one' depends on axioms: [propext, Classical.choice, Quot.sound]
'ZhangLS.Spec.lemma32_actual_squarefree_quartic_correlation_bound' depends on axioms: [propext,
 Classical.choice,
 Quot.sound]
'ZhangLS.Spec.lemma32_correlation_factor_nonneg' depends on axioms: [propext, Classical.choice, Quot.sound]
'ZhangLS.Spec.lemma32_correlation_factor_mono_of_dvd' depends on axioms: [propext, Classical.choice, Quot.sound]
'ZhangLS.Spec.lemma32_actual_primitive_quartic_composite_bound' depends on axioms: [propext,
 Classical.choice,
 Quot.sound]
'ZhangLS.Spec.lemma32_gcd_totient_divisor_sum' depends on axioms: [propext, Classical.choice, Quot.sound]
'ZhangLS.Spec.lemma32_gcd_interval_sum_le_divisors' depends on axioms: [propext, Classical.choice, Quot.sound]
'ZhangLS.Spec.lemma32_real_gcd_interval_sum_le_divisors' depends on axioms: [propext, Classical.choice, Quot.sound]
'ZhangLS.Spec.lemma32_gcd_triple_product_dvd' depends on axioms: [propext, Classical.choice, Quot.sound]
'ZhangLS.Spec.lemma32_sqrt_gcd_triple_product_le' depends on axioms: [propext, Classical.choice, Quot.sound]
'ZhangLS.Spec.lemma32_actual_primitive_quartic_root_gcd_product_bound' depends on axioms: [propext,
 Classical.choice,
 Quot.sound]
'ZhangLS.Spec.lemma32_nonnegative_root_difference_sum' depends on axioms: [propext, Classical.choice, Quot.sound]
'ZhangLS.Spec.lemma32_real_gcd_root_difference_sum' depends on axioms: [propext, Classical.choice, Quot.sound]
'ZhangLS.Spec.lemma32_isolated_root_weight_nonneg' depends on axioms: [propext, Classical.choice, Quot.sound]
'ZhangLS.Spec.lemma32_isolated_root_weight_sum' depends on axioms: [propext, Classical.choice, Quot.sound]
'ZhangLS.Spec.lemma32_isolated_root_weight_sum_bound' depends on axioms: [propext, Classical.choice, Quot.sound]
'ZhangLS.Spec.lemma32_gcd_root_weight_nonneg' depends on axioms: [propext, Classical.choice, Quot.sound]
'ZhangLS.Spec.lemma32_gcd_root_weight_row_sum' depends on axioms: [propext, Classical.choice, Quot.sound]
'ZhangLS.Spec.lemma32_quartic_correlation_selected_root' depends on axioms: [propext, Classical.choice, Quot.sound]
'ZhangLS.Spec.lemma32_actual_isolated_root_correlation_weight' depends on axioms: [propext,
 Classical.choice,
 Quot.sound]
'ZhangLS.Spec.lemma32_actual_nonpaired_correlation_root_weights' depends on axioms: [propext,
 Classical.choice,
 Quot.sound]
'ZhangLS.Spec.lemma32_actual_composite_nondegenerate_fourth_moment' depends on axioms: [propext,
 Classical.choice,
 Quot.sound]
'ZhangLS.Spec.lemma32_actual_composite_burgess_fourth_moment' depends on axioms: [propext, Classical.choice, Quot.sound]
'ZhangLS.Spec.lemma32_actual_primitive_divisor_count' depends on axioms: [propext, Classical.choice, Quot.sound]
'ZhangLS.Spec.lemma32_actual_primitive_moment_divisor_factor' depends on axioms: [propext, Classical.choice, Quot.sound]
'ZhangLS.Spec.lemma32_moment_prime_saving_constant_pos' depends on axioms: [propext, Classical.choice, Quot.sound]
'ZhangLS.Spec.lemma32_moment_small_prime_count' depends on axioms: [propext, Classical.choice, Quot.sound]
'ZhangLS.Spec.lemma32_moment_prime_factor_power_bound' depends on axioms: [propext, Classical.choice, Quot.sound]
'ZhangLS.Spec.lemma32_uniform_moment_constant_pos' depends on axioms: [propext, Classical.choice, Quot.sound]
'ZhangLS.Spec.lemma32_actual_uniform_burgess_fourth_moment' depends on axioms: [propext, Classical.choice, Quot.sound]
'ZhangLS.Spec.lemma32_weighted_fourth_moment_inequality' depends on axioms: [propext, Classical.choice, Quot.sound]
'ZhangLS.Spec.lemma32_actual_weighted_burgess_moment' depends on axioms: [propext, Classical.choice, Quot.sound]
'ZhangLS.Spec.lemma32_actual_coprime_character_norm' depends on axioms: [propext, Classical.choice, Quot.sound]
'ZhangLS.Spec.lemma32_actual_burgess_shift_character' depends on axioms: [propext, Classical.choice, Quot.sound]
'ZhangLS.Spec.lemma32_actual_burgess_shift_short_sum' depends on axioms: [propext, Classical.choice, Quot.sound]
'ZhangLS.Spec.lemma32_actual_burgess_shift_short_sum_norm' depends on axioms: [propext, Classical.choice, Quot.sound]
'ZhangLS.Spec.lemma32_actual_burgess_multiplicity_mass' depends on axioms: [propext, Classical.choice, Quot.sound]
'ZhangLS.Spec.lemma32_actual_burgess_multiplicity_mass_bound' depends on axioms: [propext, Classical.choice, Quot.sound]
'ZhangLS.Spec.lemma32_actual_burgess_multiplicity_weighted_sum' depends on axioms: [propext,
 Classical.choice,
 Quot.sound]
'ZhangLS.Spec.lemma32_unit_ratio_eq_iff' depends on axioms: [propext, Classical.choice, Quot.sound]
'ZhangLS.Spec.lemma32_actual_burgess_residue_collision' depends on axioms: [propext, Classical.choice, Quot.sound]
'ZhangLS.Spec.lemma32_burgess_determinant_variation' depends on axioms: [propext, Classical.choice, Quot.sound]
'ZhangLS.Spec.lemma32_burgess_determinant_unique' depends on axioms: [propext, Classical.choice, Quot.sound]
'ZhangLS.Spec.lemma32_short_congruence_class_card' depends on axioms: [propext, Classical.choice, Quot.sound]
'ZhangLS.Spec.lemma32_equal_determinant_projection_modEq' depends on axioms: [propext, Classical.choice, Quot.sound]
'ZhangLS.Spec.lemma32_equal_determinant_second_projection_injective' depends on axioms: [propext,
 Classical.choice,
 Quot.sound]
'ZhangLS.Spec.lemma32_burgess_fixed_determinant_card' depends on axioms: [propext, Classical.choice, Quot.sound]
'ZhangLS.Spec.lemma32_burgess_fixed_multiplier_congruence_card' depends on axioms: [propext,
 Classical.choice,
 Quot.sound]
'ZhangLS.Spec.lemma32_burgess_fixed_multiplier_real_count' depends on axioms: [propext, Classical.choice, Quot.sound]
'ZhangLS.Spec.lemma32_short_divisor_set' depends on axioms: [propext, Classical.choice, Quot.sound]
'ZhangLS.Spec.lemma32_divisor_summatory_identity' depends on axioms: [propext, Classical.choice, Quot.sound]
'ZhangLS.Spec.lemma32_divisor_summatory_log_bound' depends on axioms: [propext, Classical.choice, Quot.sound]
'ZhangLS.Spec.lemma32_actual_burgess_multiplicity_square_collision' depends on axioms: [propext,
 Classical.choice,
 Quot.sound]
'ZhangLS.Spec.lemma32_actual_burgess_multiplicity_square_determinant' depends on axioms: [propext,
 Classical.choice,
 Quot.sound]
'ZhangLS.Spec.lemma32_symmetric_triangle_sum_bound' depends on axioms: [propext, Classical.choice, Quot.sound]
'ZhangLS.Spec.lemma32_fin_positive_sum' depends on axioms: [propext, Classical.choice, Quot.sound]
'ZhangLS.Spec.lemma32_normalized_gcd_row' depends on axioms: [propext, Classical.choice, Quot.sound]
'ZhangLS.Spec.lemma32_multiplier_normalized_gcd_sum' depends on axioms: [propext, Classical.choice, Quot.sound]
'ZhangLS.Spec.lemma32_fin_multiplier_normalized_gcd_sum' depends on axioms: [propext, Classical.choice, Quot.sound]
'ZhangLS.Spec.lemma32_burgess_determinant_swap' depends on axioms: [propext]
'ZhangLS.Spec.lemma32_burgess_collision_card_symmetric' depends on axioms: [propext, Classical.choice, Quot.sound]
'ZhangLS.Spec.lemma32_burgess_fixed_multiplier_max_count' depends on axioms: [propext, Classical.choice, Quot.sound]
'ZhangLS.Spec.lemma32_burgess_full_collision_sum' depends on axioms: [propext, Classical.choice, Quot.sound]
'ZhangLS.Spec.lemma32_actual_burgess_multiplicity_energy_bound' depends on axioms: [propext,
 Classical.choice,
 Quot.sound]
'ZhangLS.Spec.lemma32_actual_burgess_multiplicity_energy_log_bound' depends on axioms: [propext,
 Classical.choice,
 Quot.sound]
'ZhangLS.Spec.lemma32_actual_burgess_shift_absolute_weighted' depends on axioms: [propext, Classical.choice, Quot.sound]
'ZhangLS.Spec.lemma32_actual_burgess_amplification_fourth_bound' depends on axioms: [propext,
 Classical.choice,
 Quot.sound]
'ZhangLS.Spec.lemma32_mobius_divisor_sum' depends on axioms: [propext, Classical.choice, Quot.sound]
'ZhangLS.Spec.lemma32_coprime_mobius_indicator' depends on axioms: [propext, Classical.choice, Quot.sound]
'ZhangLS.Spec.lemma32_actual_burgess_unit_multiplier_count' depends on axioms: [propext, Classical.choice, Quot.sound]
'ZhangLS.Spec.lemma32_real_nat_division_error' depends on axioms: [propext, Classical.choice, Quot.sound]
'ZhangLS.Spec.lemma32_actual_burgess_unit_count_error' depends on axioms: [propext, Classical.choice, Quot.sound]
'ZhangLS.Spec.lemma32_actual_unit_count_interval' depends on axioms: [propext, Classical.choice, Quot.sound]
'ZhangLS.Spec.lemma32_actual_unit_count_totient' depends on axioms: [propext, Classical.choice, Quot.sound]
'ZhangLS.Spec.lemma32_mobius_reciprocal_density' depends on axioms: [propext, Classical.choice, Quot.sound]
'ZhangLS.Spec.lemma32_actual_burgess_unit_density_error' depends on axioms: [propext, Classical.choice, Quot.sound]
'ZhangLS.Spec.lemma32_totient_prime_count_lower' depends on axioms: [propext, Classical.choice, Quot.sound]
'ZhangLS.Spec.lemma32_real_totient_density_lower' depends on axioms: [propext, Classical.choice, Quot.sound]
'ZhangLS.Spec.lemma32_actual_burgess_unit_multiplier_lower' depends on axioms: [propext, Classical.choice, Quot.sound]
'ZhangLS.Spec.lemma32_unit_prime_saving_constant_pos' depends on axioms: [propext, Classical.choice, Quot.sound]
'ZhangLS.Spec.lemma32_unit_small_prime_count' depends on axioms: [propext, Classical.choice, Quot.sound]
'ZhangLS.Spec.lemma32_unit_prime_factor_power_bound' depends on axioms: [propext, Classical.choice, Quot.sound]
'ZhangLS.Spec.lemma32_actual_primitive_unit_error_power_saving' depends on axioms: [propext,
 Classical.choice,
 Quot.sound]
'ZhangLS.Spec.lemma32_actual_primitive_unit_multiplier_power_lower' depends on axioms: [propext,
 Classical.choice,
 Quot.sound]
'ZhangLS.Spec.lemma32_burgess_interval_sum_eq_range' depends on axioms: [propext, Classical.choice, Quot.sound]
'ZhangLS.Spec.lemma32_burgess_interval_sum_add' depends on axioms: [propext, Classical.choice, Quot.sound]
'ZhangLS.Spec.lemma32_burgess_interval_shift_boundary' depends on axioms: [propext, Classical.choice, Quot.sound]
'ZhangLS.Spec.lemma32_burgess_interval_shift_error' depends on axioms: [propext, Classical.choice, Quot.sound]
'ZhangLS.Spec.lemma32_finite_shift_average_bound' depends on axioms: [propext, Classical.choice, Quot.sound]
'ZhangLS.Spec.lemma32_actual_shift_interval_double_sum' depends on axioms: [propext, Classical.choice, Quot.sound]
'ZhangLS.Spec.lemma32_actual_shift_interval_norm_bound' depends on axioms: [propext, Classical.choice, Quot.sound]
'ZhangLS.Spec.lemma32_actual_burgess_interval_average_bound' depends on axioms: [propext, Classical.choice, Quot.sound]
'ZhangLS.Spec.lemma32_actual_primitive_quadratic_inverse' depends on axioms: [propext, Classical.choice, Quot.sound]
'ZhangLS.Spec.lemma32_actual_quadratic_fourier_transform' depends on axioms: [propext, Classical.choice, Quot.sound]
'ZhangLS.Spec.lemma32_actual_quadratic_gauss_square' depends on axioms: [propext, Classical.choice, Quot.sound]
'ZhangLS.Spec.lemma32_actual_quadratic_gauss_norm' depends on axioms: [propext, Classical.choice, Quot.sound]
'ZhangLS.Spec.lemma32_actual_quadratic_fourier_inversion' depends on axioms: [propext, Classical.choice, Quot.sound]
'ZhangLS.Spec.lemma32_actual_interval_fourier_completion' depends on axioms: [propext, Classical.choice, Quot.sound]
'ZhangLS.Spec.lemma32_actual_interval_fourier_completion_norm' depends on axioms: [propext,
 Classical.choice,
 Quot.sound]
'ZhangLS.Spec.lemma32_std_add_character_norm' depends on axioms: [propext, Classical.choice, Quot.sound]
'ZhangLS.Spec.lemma32_fourier_interval_geometric_sum' depends on axioms: [propext, Classical.choice, Quot.sound]
'ZhangLS.Spec.lemma32_fourier_geometric_kernel_norm_product' depends on axioms: [propext, Classical.choice, Quot.sound]
'ZhangLS.Spec.lemma32_fourier_geometric_kernel_norm_bound' depends on axioms: [propext, Classical.choice, Quot.sound]
'ZhangLS.Spec.lemma32_sine_unit_interval_lower' depends on axioms: [propext, Classical.choice, Quot.sound]
'ZhangLS.Spec.lemma32_complex_unit_chord_lower' depends on axioms: [propext, Classical.choice, Quot.sound]
'ZhangLS.Spec.lemma32_std_character_chord_lower' depends on axioms: [propext, Classical.choice, Quot.sound]
'ZhangLS.Spec.lemma32_chord_reciprocal_bound' depends on axioms: [propext, Classical.choice, Quot.sound]
'ZhangLS.Spec.lemma32_fourier_kernel_two_reciprocal_bound' depends on axioms: [propext, Classical.choice, Quot.sound]
'ZhangLS.Spec.lemma32_nonzero_zmod_sum' depends on axioms: [propext, Classical.choice, Quot.sound]
'ZhangLS.Spec.lemma32_positive_difference_sum' depends on axioms: [propext, Classical.choice, Quot.sound]
'ZhangLS.Spec.lemma32_positive_harmonic_log_bound' depends on axioms: [propext, Classical.choice, Quot.sound]
'ZhangLS.Spec.lemma32_fourier_interval_kernel_summatory' depends on axioms: [propext, Classical.choice, Quot.sound]
'ZhangLS.Spec.lemma32_actual_primitive_polya_vinogradov' depends on axioms: [propext, Classical.choice, Quot.sound]
'ZhangLS.Spec.lemma32_actual_character_interval_trivial' depends on axioms: [propext, Classical.choice, Quot.sound]
'ZhangLS.Spec.lemma32_burgess_power_pos' depends on axioms: [propext, Classical.choice, Quot.sound]
'ZhangLS.Spec.lemma32_burgess_power_one_le' depends on axioms: [propext, Classical.choice, Quot.sound]
'ZhangLS.Spec.lemma32_burgess_power_add' depends on axioms: [propext, Classical.choice, Quot.sound]
'ZhangLS.Spec.lemma32_burgess_power_nat_pow' depends on axioms: [propext, Classical.choice, Quot.sound]
'ZhangLS.Spec.lemma32_burgess_power_mono' depends on axioms: [propext, Classical.choice, Quot.sound]
'ZhangLS.Spec.lemma32_burgess_power_one' depends on axioms: [propext, Classical.choice, Quot.sound]
'ZhangLS.Spec.lemma32_burgess_power_sqrt' depends on axioms: [propext, Classical.choice, Quot.sound]
'ZhangLS.Spec.lemma32_burgess_log_power_bound' depends on axioms: [propext, Classical.choice, Quot.sound]
'ZhangLS.Spec.lemma32_positive_floor_bounds' depends on axioms: [propext, Classical.choice, Quot.sound]
'ZhangLS.Spec.lemma32_actual_burgess_short_interval_bound' depends on axioms: [propext, Classical.choice, Quot.sound]
'ZhangLS.Spec.lemma32_actual_burgess_long_interval_bound' depends on axioms: [propext, Classical.choice, Quot.sound]
'ZhangLS.Spec.lemma32_burgess_block_bounds' depends on axioms: [propext, Classical.choice, Quot.sound]
'ZhangLS.Spec.lemma32_burgess_small_range_constant_pos' depends on axioms: [propext, Classical.choice, Quot.sound]
'ZhangLS.Spec.lemma32_burgess_unit_saving_constant_one_le' depends on axioms: [propext, Classical.choice, Quot.sound]
'ZhangLS.Spec.lemma32_burgess_multiplier_ratio_lower' depends on axioms: [propext, Classical.choice, Quot.sound]
'ZhangLS.Spec.lemma32_burgess_multiplier_length_bounds' depends on axioms: [propext, Classical.choice, Quot.sound]
'ZhangLS.Spec.lemma32_burgess_shift_product_bound' depends on axioms: [propext, Classical.choice, Quot.sound]
'ZhangLS.Spec.lemma32_burgess_multiplier_length_le_interval' depends on axioms: [propext, Classical.choice, Quot.sound]
'ZhangLS.Spec.lemma32_burgess_collision_parameter_bound' depends on axioms: [propext, Classical.choice, Quot.sound]
'ZhangLS.Spec.lemma32_burgess_unit_power_exp' depends on axioms: [propext, Classical.choice, Quot.sound]
'ZhangLS.Spec.lemma32_actual_burgess_chosen_unit_lower' depends on axioms: [propext, Classical.choice, Quot.sound]
'ZhangLS.Spec.lemma32_actual_burgess_chosen_unit_count_pos' depends on axioms: [propext, Classical.choice, Quot.sound]
'ZhangLS.Spec.lemma32_actual_burgess_chosen_amplification' depends on axioms: [propext, Classical.choice, Quot.sound]
'ZhangLS.Spec.lemma32_burgess_normalization_fourth' depends on axioms: [propext, Classical.choice, Quot.sound]
'ZhangLS.Spec.lemma32_burgess_chosen_log_bound' depends on axioms: [propext, Classical.choice, Quot.sound]
'ZhangLS.Spec.lemma32_burgess_chosen_log_nonneg' depends on axioms: [propext, Classical.choice, Quot.sound]
'ZhangLS.Spec.lemma32_burgess_block_fourth_moment_bound' depends on axioms: [propext, Classical.choice, Quot.sound]
'ZhangLS.Spec.lemma32_burgess_block_normalization_fourth' depends on axioms: [propext, Classical.choice, Quot.sound]
'ZhangLS.Spec.lemma32_burgess_amplitude_constant_pos' depends on axioms: [propext, Classical.choice, Quot.sound]
'ZhangLS.Spec.lemma32_actual_burgess_normalized_amplitude_fourth' depends on axioms: [propext,
 Classical.choice,
 Quot.sound]
'ZhangLS.Spec.lemma32_burgess_global_constant_bounds' depends on axioms: [propext, Classical.choice, Quot.sound]
'ZhangLS.Spec.lemma32_actual_burgess_amplitude_half_bound' depends on axioms: [propext, Classical.choice, Quot.sound]
'ZhangLS.Spec.lemma32_actual_burgess_induction_boundary' depends on axioms: [propext, Classical.choice, Quot.sound]
'ZhangLS.Spec.lemma32_actual_uniform_burgess_interval' depends on axioms: [propext, Classical.choice, Quot.sound]
'ZhangLS.Spec.lemma32_actual_interval_prefix_sum' depends on axioms: [propext, Classical.choice, Quot.sound]
'ZhangLS.Spec.lemma32_actual_uniform_burgess_partial_sums' depends on axioms: [propext, Classical.choice, Quot.sound]
'ZhangLS.Spec.lemma32_proved' depends on axioms: [propext, Classical.choice, Quot.sound]
'HasseWeil.WeilPairing.hasse_bound' depends on axioms: [propext, Classical.choice, Quot.sound]
'HasseWeil.WeilPairing.hasse_bound_unconditional' depends on axioms: [propext, Classical.choice, Quot.sound]
'ZhangLS.Spec.lemma23_lemma41' depends on axioms: [propext, Classical.choice, Quot.sound]
'ZhangLS.Spec.lemma23_lemma42' depends on axioms: [propext, Classical.choice, Quot.sound]
'ZhangLS.Spec.lemma23_lemma43_at_explicit_threshold' depends on axioms: [propext, Classical.choice, Quot.sound]
'ZhangLS.Spec.lemma44_norm_logDeriv_Gamma_le_log_height' depends on axioms: [propext, Classical.choice, Quot.sound]
'ZhangLS.Spec.lemma44CharacterTwist_isPrimitive' depends on axioms: [propext, Classical.choice, Quot.sound]
'ZhangLS.Spec.lemma44_equation44' depends on axioms: [propext, Classical.choice, Quot.sound]
'ZhangLS.Spec.lemma44_equation46' depends on axioms: [propext, Classical.choice, Quot.sound]
'ZhangLS.Spec.lemma44ActualZtilde_norm_eq_one' depends on axioms: [propext, Classical.choice, Quot.sound]
'ZhangLS.Spec.lemma44_long_sum_on_omega3' depends on axioms: [propext, Classical.choice, Quot.sound]
'ZhangLS.Spec.lemma44ActualZtilde_norm_on_omega3' depends on axioms: [propext, Classical.choice, Quot.sound]
'ZhangLS.Spec.lemma44_paper_gaussian_long_sum_on_omega3' depends on axioms: [propext, Classical.choice, Quot.sound]
'ZhangLS.Spec.lemma44_gaussian_long_mellin_identity' depends on axioms: [propext, Classical.choice, Quot.sound]
'ZhangLS.Spec.lemma44_gaussian_long_mellin_integrable' depends on axioms: [propext, Classical.choice, Quot.sound]
'ZhangLS.Spec.lemma44_product_LFunction_eq_LSeries' depends on axioms: [propext, Classical.choice, Quot.sound]
'ZhangLS.Spec.lemma44CharacterTwist_inv' depends on axioms: [propext, Classical.choice, Quot.sound]
'ZhangLS.Spec.lemma44_middle_integrable' depends on axioms: [propext, Classical.choice, Quot.sound]
'ZhangLS.Spec.lemma44_truncated_middle_contour_bound' depends on axioms: [propext, Classical.choice, Quot.sound]
'ZhangLS.Spec.lemma44_product_gaussian_mellin_identity' depends on axioms: [propext, Classical.choice, Quot.sound]
'ZhangLS.Spec.lemma44_short_smoothing_error' depends on axioms: [propext, Classical.choice, Quot.sound]
'ZhangLS.Spec.lemma44_gaussian_tail_summable_and_bound' depends on axioms: [propext, Classical.choice, Quot.sound]
'ZhangLS.Spec.lemma44_full_gaussian_series_decomposition' depends on axioms: [propext, Classical.choice, Quot.sound]
'ZhangLS.Spec.lemma44_right_mellin_approximation' depends on axioms: [propext, Classical.choice, Quot.sound]
'ZhangLS.Spec.lemma44_product_mellin_rectangle_residue' depends on axioms: [propext, Classical.choice, Quot.sound]
'ZhangLS.Spec.lemma44_simple_pole_rectangle_left' depends on axioms: [propext, Classical.choice, Quot.sound]
'ZhangLS.Spec.lemma44_product_finite_shift' depends on axioms: [propext, Classical.choice, Quot.sound]
'ZhangLS.Spec.lemma44_left_product_mellin_eq_reflected_series' depends on axioms: [propext,
 Classical.choice,
 Quot.sound]
'ZhangLS.Spec.lemma44_dirichletLFunction_norm_le_of_pos_re' depends on axioms: [propext, Classical.choice, Quot.sound]
'ZhangLS.Spec.lemma44_actual_product_local_growth' depends on axioms: [propext, Classical.choice, Quot.sound]
'ZhangLS.Spec.lemma44_right_vertical_truncation_bound' depends on axioms: [propext, Classical.choice, Quot.sound]
'ZhangLS.Spec.lemma44_reflected_tail_contour_bound' depends on axioms: [propext, Classical.choice, Quot.sound]
'ZhangLS.Spec.lemma44_product_horizontal_error_bound' depends on axioms: [propext, Classical.choice, Quot.sound]
'ZhangLS.Spec.lemma44_reflected_polynomial_residue_shift' depends on axioms: [propext, Classical.choice, Quot.sound]
'ZhangLS.Spec.lemma44_reflected_polynomial_middle_shift' depends on axioms: [propext, Classical.choice, Quot.sound]
'ZhangLS.Spec.lemma44_short_right_contour_bound' depends on axioms: [propext, Classical.choice, Quot.sound]
'ZhangLS.Spec.lemma44_left_product_contour_decomposition' depends on axioms: [propext, Classical.choice, Quot.sound]
'ZhangLS.Spec.lemma44_actual_approximate_functional_equation' depends on axioms: [propext, Classical.choice, Quot.sound]
'ZhangLS.Spec.lemma44_uniform_error_constant' depends on axioms: [propext, Classical.choice, Quot.sound]
'ZhangLS.Spec.lemma45_short_sum_inv_eq_conj' depends on axioms: [propext, Classical.choice, Quot.sound]
'ZhangLS.Spec.lemma45_omega1_F_inv_bound' depends on axioms: [propext, Classical.choice, Quot.sound]
'ZhangLS.Spec.lemma45_equation410' depends on axioms: [propext, Classical.choice, Quot.sound]
'ZhangLS.Spec.lemma45_divisor_series_mass_le' depends on axioms: [propext, Classical.choice, Quot.sound]
'ZhangLS.Spec.lemma45_inverse_square_mass_le' depends on axioms: [propext, Classical.choice, Quot.sound]
'ZhangLS.Spec.lemma45_error_constant_le' depends on axioms: [propext, Classical.choice, Quot.sound]
'ZhangLS.Spec.lemma45_horizontal_F_quotient_bound' depends on axioms: [propext, Classical.choice, Quot.sound]
'ZhangLS.Spec.lemma45_B_uniform_gap' depends on axioms: [propext, Classical.choice, Quot.sound]
'ZhangLS.Spec.lemma45_actual_A_lower_bound' depends on axioms: [propext, Classical.choice, Quot.sound]
'ZhangLS.Spec.lemma45_actual_A_ne_zero' depends on axioms: [propext, Classical.choice, Quot.sound]
'ZhangLS.Spec.lemma45_actual_product_ne_zero' depends on axioms: [propext, Classical.choice, Quot.sound]
'ZhangLS.Spec.lemma46_inverse_F_logDeriv' depends on axioms: [propext, Classical.choice, Quot.sound]
'ZhangLS.Spec.lemma46_equation411' depends on axioms: [propext, Classical.choice, Quot.sound]
'ZhangLS.Spec.lemma46_exponential_transport_on_ball' depends on axioms: [propext, Classical.choice, Quot.sound]
'ZhangLS.Spec.lemma46_actual_model_approximation' depends on axioms: [propext, Classical.choice, Quot.sound]
'ZhangLS.Spec.lemma46_model_uniform_inner_boundary' depends on axioms: [propext, Classical.choice, Quot.sound]
'ZhangLS.Spec.lemma46_actual_A_reflected_zero' depends on axioms: [propext, Classical.choice, Quot.sound]
'ZhangLS.Spec.lemma46_unique_simple_zero_of_count_one' depends on axioms: [propext, Classical.choice, Quot.sound]
'ZhangLS.Spec.lemma46_actual_rouche_count_one' depends on axioms: [propext, Classical.choice, Quot.sound]
'ZhangLS.Spec.lemma46_zero_analysis_at_contraction' depends on axioms: [propext, Classical.choice, Quot.sound]
'ZhangLS.Spec.lemma46_exists_contraction_threshold' depends on axioms: [propext, Classical.choice, Quot.sound]
'ZhangLS.Spec.lemma46_proved' depends on axioms: [propext, Classical.choice, Quot.sound]
'ZhangLS.Spec.lemma47_dirichletZ_reflection' depends on axioms: [propext, Classical.choice, Quot.sound]
'ZhangLS.Spec.lemma47_actual_Z_reflection' depends on axioms: [propext, Classical.choice, Quot.sound]
'ZhangLS.Spec.lemma47_actual_normalized_reflection' depends on axioms: [propext, Classical.choice, Quot.sound]
'ZhangLS.Spec.lemma47_actual_A_analyticOn_outer_disk' depends on axioms: [propext, Classical.choice, Quot.sound]
'ZhangLS.Spec.lemma47_actual_error_reflection' depends on axioms: [propext, Classical.choice, Quot.sound]
'ZhangLS.Spec.lemma47_actual_model_approximation' depends on axioms: [propext, Classical.choice, Quot.sound]
'ZhangLS.Spec.lemma47_model_uniform_outer_boundary' depends on axioms: [propext, Classical.choice, Quot.sound]
'ZhangLS.Spec.lemma47_actual_strict_outer_comparison' depends on axioms: [propext, Classical.choice, Quot.sound]
'ZhangLS.Spec.lemma47_actual_three_zeros_at_expansion' depends on axioms: [propext, Classical.choice, Quot.sound]
'ZhangLS.Spec.lemma47_proved' depends on axioms: [propext, Classical.choice, Quot.sound]
'ZhangLS.Spec.lemma48_omega_height_pos' depends on axioms: [propext, Classical.choice, Quot.sound]
'ZhangLS.Spec.lemma48_omega_reflection' depends on axioms: [propext, Classical.choice, Quot.sound]
'ZhangLS.Spec.lemma48_actual_product_reflected_zero' depends on axioms: [propext, Classical.choice, Quot.sound]
'ZhangLS.Spec.lemma48_actual_zero_in_thin_slab' depends on axioms: [propext, Classical.choice, Quot.sound]
'ZhangLS.Spec.lemma48_thin_slab_regions' depends on axioms: [propext, Classical.choice, Quot.sound]
'ZhangLS.Spec.lemma48_actual_Z_inv_bound' depends on axioms: [propext, Classical.choice, Quot.sound]
'ZhangLS.Spec.lemma48_error_constant_le' depends on axioms: [propext, Classical.choice, Quot.sound]
'ZhangLS.Spec.lemma48_actual_inverse_factor_approximation' depends on axioms: [propext, Classical.choice, Quot.sound]
'ZhangLS.Spec.lemma48_at_explicit_constant' depends on axioms: [propext, Classical.choice, Quot.sound]
'ZhangLS.Spec.lemma48_proved' depends on axioms: [propext, Classical.choice, Quot.sound]
'ZhangLS.Spec.lemma46_actual_model_approximation_closed' depends on axioms: [propext, Classical.choice, Quot.sound]
'ZhangLS.Spec.lemma46_actual_rouche_count_one_closed' depends on axioms: [propext, Classical.choice, Quot.sound]
'ZhangLS.Spec.lemma46_zero_analysis_at_contraction_closed' depends on axioms: [propext, Classical.choice, Quot.sound]
'ZhangLS.Spec.proposition22_actual_zero_analysis' depends on axioms: [propext, Classical.choice, Quot.sound]
'ZhangLS.Spec.proposition22_model_uniform_near_zero' depends on axioms: [propext, Classical.choice, Quot.sound]
'ZhangLS.Spec.proposition22_model_upper_shift' depends on axioms: [propext, Classical.choice, Quot.sound]
'ZhangLS.Spec.proposition22_exists_zero_of_count_one' depends on axioms: [propext, Classical.choice, Quot.sound]
'ZhangLS.Spec.proposition22_actual_upper_neighbor' depends on axioms: [propext, Classical.choice, Quot.sound]
'ZhangLS.Spec.proposition22_consecutive_gap_bounds' depends on axioms: [propext, Classical.choice, Quot.sound]
'ZhangLS.Spec.proposition22_proved' depends on axioms: [propext, Classical.choice, Quot.sound]
'ZhangLS.Spec.lemma23_consecutive_of_local_exclusion' depends on axioms: [propext, Classical.choice, Quot.sound]
'ZhangLS.Spec.lemma23_actual_successor' depends on axioms: [propext, Classical.choice, Quot.sound]
'ZhangLS.Spec.lemma23_actual_three_successors' depends on axioms: [propext, Classical.choice, Quot.sound]
'ZhangLS.Spec.lemma23_actual_offset_nonzero_of_successors' depends on axioms: [propext, Classical.choice, Quot.sound]
'ZhangLS.Spec.lemma23_exists_uniform_actual_zero_data' depends on axioms: [propext, Classical.choice, Quot.sound]
'ZhangLS.Spec.lemma23_actual_M_hasDerivAt_zero' depends on axioms: [propext, Classical.choice, Quot.sound]
'ZhangLS.Spec.lemma23_actual_coefficient_nonneg_of_zero_data' depends on axioms: [propext, Classical.choice, Quot.sound]
'ZhangLS.Spec.lemma23_proved' depends on axioms: [propext, Classical.choice, Quot.sound]
'ZhangLS.Spec.lemma51_Gamma_logDeriv_eq_Euler' depends on axioms: [propext, Classical.choice, Quot.sound]
'ZhangLS.Spec.lemma51_Gamma_logDeriv_sub_log_bound' depends on axioms: [propext, Classical.choice, Quot.sound]
'ZhangLS.Spec.lemma51_DirichletZ_logDeriv_sharp' depends on axioms: [propext, Classical.choice, Quot.sound]
'ZhangLS.Spec.lemma51_height_log_error' depends on axioms: [propext, Classical.choice, Quot.sound]
'ZhangLS.Spec.lemma51_DirichletZ_logDeriv_at_T0' depends on axioms: [propext, Classical.choice, Quot.sound]
'ZhangLS.Spec.lemma51_DirichletZ_norm_bound' depends on axioms: [propext, Classical.choice, Quot.sound]
'ZhangLS.Spec.lemma51_vertical_transport' depends on axioms: [propext, Classical.choice, Quot.sound]
'ZhangLS.Spec.lemma51_actual_shift_at_real_conductor' depends on axioms: [propext, Classical.choice, Quot.sound]
'ZhangLS.Spec.lemma51_actual_shift_estimates' depends on axioms: [propext, Classical.choice, Quot.sound]
'ZhangLS.Spec.lemma51_proved' depends on axioms: [propext, Classical.choice, Quot.sound]
'ZhangLS.Spec.lemma52_actual_branch_hasDerivAt' depends on axioms: [propext, Classical.choice, Quot.sound]
'ZhangLS.Spec.lemma52_actual_branch_logDeriv' depends on axioms: [propext, Classical.choice, Quot.sound]
'ZhangLS.Spec.lemma52_vertical_log_transport' depends on axioms: [propext, Classical.choice, Quot.sound]
'ZhangLS.Spec.lemma52_offset_bounds' depends on axioms: [propext, Classical.choice, Quot.sound]
'ZhangLS.Spec.lemma52_beta_sum' depends on axioms: [propext, Classical.choice, Quot.sound]
'ZhangLS.Spec.lemma52_actual_branch_logDeriv_bound' depends on axioms: [propext, Classical.choice, Quot.sound]
'ZhangLS.Spec.lemma52_actual_branch_shift' depends on axioms: [propext, Classical.choice, Quot.sound]
'ZhangLS.Spec.lemma52_actual_product_estimate' depends on axioms: [propext, Classical.choice, Quot.sound]
'ZhangLS.Spec.lemma52_for_every_positive_constant' depends on axioms: [propext, Classical.choice, Quot.sound]
'ZhangLS.Spec.lemma52_proved' depends on axioms: [propext, Classical.choice, Quot.sound]
'ZhangLS.Spec.lemma53_gaussian_laplace' depends on axioms: [propext, Classical.choice, Quot.sound]
'ZhangLS.Spec.lemma53_gaussian_main_term' depends on axioms: [propext, Classical.choice, Quot.sound]
'ZhangLS.Spec.lemma53_omega_critical_gaussian' depends on axioms: [propext, Classical.choice, Quot.sound]
'ZhangLS.Spec.lemma53_omega_critical_pos' depends on axioms: [propext, Classical.choice, Quot.sound]
'ZhangLS.Spec.lemma53_kernel_factorization' depends on axioms: [propext, Classical.choice, Quot.sound]
'ZhangLS.Spec.lemma53_defining_mellin_integrable' depends on axioms: [propext, Classical.choice, Quot.sound]
'ZhangLS.Spec.lemma53_oscillatory_kernel_integrable' depends on axioms: [propext, Classical.choice, Quot.sound]
'ZhangLS.Spec.lemma53_oscillatory_delta_norm_bound' depends on axioms: [propext, Classical.choice, Quot.sound]
'ZhangLS.Spec.lemma53_perturbation_sub_one_bound' depends on axioms: [propext, Classical.choice, Quot.sound]
'ZhangLS.Spec.lemma53_oscillatory_kernel_norm_shifted' depends on axioms: [propext, Classical.choice, Quot.sound]
'ZhangLS.Spec.lemma53_gaussian_phase_norm_at_stationary_line' depends on axioms: [propext, Classical.choice, Quot.sound]
'ZhangLS.Spec.lemma53_gaussian_inverse' depends on axioms: [propext, Classical.choice, Quot.sound]
'ZhangLS.Spec.lemma53_gamma_laplace_integrable' depends on axioms: [propext, Classical.choice, Quot.sound]
'ZhangLS.Spec.lemma53_gamma_laplace_differentiableAt' depends on axioms: [propext, Classical.choice, Quot.sound]
'ZhangLS.Spec.lemma53_gamma_laplace' depends on axioms: [propext, Classical.choice, Quot.sound]
'ZhangLS.Spec.lemma53_gamma_gaussian_product_integrable' depends on axioms: [propext, Classical.choice, Quot.sound]
'ZhangLS.Spec.lemma53_regularized_mellin' depends on axioms: [propext, Classical.choice, Quot.sound]
'ZhangLS.Spec.lemma53_exp_change_of_variables' depends on axioms: [propext, Classical.choice, Quot.sound]
'ZhangLS.Spec.lemma53_mellin_boundary_limit' depends on axioms: [propext, Classical.choice, Quot.sound]
'ZhangLS.Spec.lemma53_exponential_boundary_limit' depends on axioms: [propext, Classical.choice, Quot.sound]
'ZhangLS.Spec.lemma53_boundary_gamma_factor' depends on axioms: [propext, Classical.choice, Quot.sound]
'ZhangLS.Spec.lemma53_delta_one_log_gaussian' depends on axioms: [propext, Classical.choice, Quot.sound]
'ZhangLS.Spec.lemma53_mellin_oscillatory_identity' depends on axioms: [propext, Classical.choice, Quot.sound]
'ZhangLS.Spec.lemma53_paper_delta_norm_bound' depends on axioms: [propext, Classical.choice, Quot.sound]
'ZhangLS.Spec.lemma53_error_rectangle_shift' depends on axioms: [propext, Classical.choice, Quot.sound]
'ZhangLS.Spec.lemma53_actual_error_integral' depends on axioms: [propext, Classical.choice, Quot.sound]
'ZhangLS.Spec.lemma53_small_radius_tail' depends on axioms: [propext, Classical.choice, Quot.sound]
'ZhangLS.Spec.lemma53_perturbation_rectangle_bound' depends on axioms: [propext, Classical.choice, Quot.sound]
'ZhangLS.Spec.lemma53_gaussian_between_stationary_bound' depends on axioms: [propext, Classical.choice, Quot.sound]
'ZhangLS.Spec.lemma53_stationary_gaussian_integral' depends on axioms: [propext, Classical.choice, Quot.sound]
'ZhangLS.Spec.lemma53_small_contour_radius_bound' depends on axioms: [propext, Classical.choice, Quot.sound]
'ZhangLS.Spec.lemma53_small_contour_error_le_alpha' depends on axioms: [propext, Classical.choice, Quot.sound]
'ZhangLS.Spec.lemma53_small_range_estimate' depends on axioms: [propext, Classical.choice, Quot.sound]
'ZhangLS.Spec.lemma53_small_range_uniform_threshold' depends on axioms: [propext, Classical.choice, Quot.sound]
'ZhangLS.Spec.lemma53_large_range_parameters' depends on axioms: [propext, Classical.choice, Quot.sound]
'ZhangLS.Spec.lemma53_large_endpoint_exponential' depends on axioms: [propext, Classical.choice, Quot.sound]
'ZhangLS.Spec.lemma53_large_shifted_norm_bound' depends on axioms: [propext, Classical.choice, Quot.sound]
'ZhangLS.Spec.lemma53_real_envelope_integral' depends on axioms: [propext, Classical.choice, Quot.sound]
'ZhangLS.Spec.lemma53_large_left_tail_bound' depends on axioms: [propext, Classical.choice, Quot.sound]
'ZhangLS.Spec.lemma53_large_left_vertical_bound' depends on axioms: [propext, Classical.choice, Quot.sound]
'ZhangLS.Spec.lemma53_large_ray_integrable' depends on axioms: [propext, Classical.choice, Quot.sound]
'ZhangLS.Spec.lemma53_large_right_ray_bound' depends on axioms: [propext, Classical.choice, Quot.sound]
'ZhangLS.Spec.lemma53_large_right_vertical_tendsto_zero' depends on axioms: [propext, Classical.choice, Quot.sound]
'ZhangLS.Spec.lemma53_large_infinite_contour_shift' depends on axioms: [propext, Classical.choice, Quot.sound]
'ZhangLS.Spec.lemma53_large_range_estimate' depends on axioms: [propext, Classical.choice, Quot.sound]
'ZhangLS.Spec.lemma53_proved' depends on axioms: [propext, Classical.choice, Quot.sound]
'ZhangLS.Spec.lemma54_first_kernel_integrable' depends on axioms: [propext, Classical.choice, Quot.sound]
'ZhangLS.Spec.lemma54_second_kernel_integrable' depends on axioms: [propext, Classical.choice, Quot.sound]
'ZhangLS.Spec.lemma54_oscillatory_hasDerivAt' depends on axioms: [propext, Classical.choice, Quot.sound]
'ZhangLS.Spec.lemma54_first_integral_hasDerivAt' depends on axioms: [propext, Classical.choice, Quot.sound]
'ZhangLS.Spec.lemma54_actual_delta_first_deriv_formula' depends on axioms: [propext, Classical.choice, Quot.sound]
'ZhangLS.Spec.lemma54_actual_delta_second_deriv_formula' depends on axioms: [propext, Classical.choice, Quot.sound]
'ZhangLS.Spec.lemma54_actual_delta_isBigO_atTop' depends on axioms: [propext, Classical.choice, Quot.sound]
'ZhangLS.Spec.lemma54_actual_delta_isBigO_at_zero' depends on axioms: [propext, Classical.choice, Quot.sound]
'ZhangLS.Spec.lemma54_actual_delta_continuousOn' depends on axioms: [propext, Classical.choice, Quot.sound]
'ZhangLS.Spec.lemma54_mellin_convergent' depends on axioms: [propext, Classical.choice, Quot.sound]
'ZhangLS.Spec.lemma54_mellin_differentiableAt' depends on axioms: [propext, Classical.choice, Quot.sound]
'ZhangLS.Spec.lemma54_mellin_analyticOnNhd' depends on axioms: [propext, Classical.choice, Quot.sound]
'ZhangLS.Spec.lemma54_mellin_analytic_uniform_threshold' depends on axioms: [propext, Classical.choice, Quot.sound]
'ZhangLS.Spec.lemma54_actual_first_deriv_norm_bound' depends on axioms: [propext, Classical.choice, Quot.sound]
'ZhangLS.Spec.lemma54_actual_second_deriv_norm_bound' depends on axioms: [propext, Classical.choice, Quot.sound]
'ZhangLS.Spec.lemma54_weighted_kernel_integrable' depends on axioms: [propext, Classical.choice, Quot.sound]
'ZhangLS.Spec.lemma54_weighted_left_tail_bound' depends on axioms: [propext, Classical.choice, Quot.sound]
'ZhangLS.Spec.lemma54_weighted_left_vertical_bound' depends on axioms: [propext, Classical.choice, Quot.sound]
'ZhangLS.Spec.lemma54_weighted_right_ray_bound' depends on axioms: [propext, Classical.choice, Quot.sound]
'ZhangLS.Spec.lemma54_weighted_right_vertical_tendsto_zero' depends on axioms: [propext, Classical.choice, Quot.sound]
'ZhangLS.Spec.lemma54_weighted_infinite_contour_shift' depends on axioms: [propext, Classical.choice, Quot.sound]
'ZhangLS.Spec.lemma54_actual_first_deriv_large_range' depends on axioms: [propext, Classical.choice, Quot.sound]
'ZhangLS.Spec.lemma54_actual_second_deriv_large_range' depends on axioms: [propext, Classical.choice, Quot.sound]
'ZhangLS.Spec.lemma54_actual_first_deriv_isBigO_atTop' depends on axioms: [propext, Classical.choice, Quot.sound]
'ZhangLS.Spec.lemma54_actual_second_deriv_isBigO_atTop' depends on axioms: [propext, Classical.choice, Quot.sound]
'ZhangLS.Spec.lemma54_first_deriv_mellin_convergent' depends on axioms: [propext, Classical.choice, Quot.sound]
'ZhangLS.Spec.lemma54_second_deriv_mellin_convergent' depends on axioms: [propext, Classical.choice, Quot.sound]
'ZhangLS.Spec.lemma54_actual_delta_boundary_products' depends on axioms: [propext, Classical.choice, Quot.sound]
'ZhangLS.Spec.lemma54_actual_first_deriv_boundary_products' depends on axioms: [propext, Classical.choice, Quot.sound]
'ZhangLS.Spec.lemma54_actual_mellin_twice_by_parts_div' depends on axioms: [propext, Classical.choice, Quot.sound]
'ZhangLS.Spec.lemma54_actual_second_moment_integrable' depends on axioms: [propext, Classical.choice, Quot.sound]
'ZhangLS.Spec.lemma54_actual_mellin_norm_bound_by_second_moment' depends on axioms: [propext,
 Classical.choice,
 Quot.sound]
'ZhangLS.Spec.lemma54_log_tail_moment_integrable' depends on axioms: [propext, Classical.choice, Quot.sound]
'ZhangLS.Spec.lemma54_log_tail_moment_integral' depends on axioms: [propext, Classical.choice, Quot.sound]
'ZhangLS.Spec.lemma54_log_cubic_tail_integral_bound' depends on axioms: [propext, Classical.choice, Quot.sound]
'ZhangLS.Spec.lemma54_half_power_moment_integrable' depends on axioms: [propext, Classical.choice, Quot.sound]
'ZhangLS.Spec.lemma54_half_power_moment_integral' depends on axioms: [propext, Classical.choice, Quot.sound]
'ZhangLS.Spec.lemma54_half_power_cubic_tail_integral' depends on axioms: [propext, Classical.choice, Quot.sound]
'ZhangLS.Spec.lemma54_actual_small_second_moment_bound' depends on axioms: [propext, Classical.choice, Quot.sound]
'ZhangLS.Spec.lemma54_actual_large_moment_envelope' depends on axioms: [propext, Classical.choice, Quot.sound]
'ZhangLS.Spec.lemma54_actual_large_second_moment_bound' depends on axioms: [propext, Classical.choice, Quot.sound]
'ZhangLS.Spec.lemma54_actual_second_moment_uniform_polynomial' depends on axioms: [propext,
 Classical.choice,
 Quot.sound]
'ZhangLS.Spec.lemma54_actual_mellin_closed_strip_bound' depends on axioms: [propext, Classical.choice, Quot.sound]
'ZhangLS.Spec.lemma54_first_estimate_uniform_threshold' depends on axioms: [propext, Classical.choice, Quot.sound]
'ZhangLS.Spec.lemma54_first_part_proved' depends on axioms: [propext, Classical.choice, Quot.sound]
audit/Step94Lemma54GaussianRegression.lean:33:9: warning: unused variable `x`

Note: This linter can be disabled with `set_option linter.unusedVariables false`
'ZhangLS.Spec.lemma54_gaussian_density_integrable' depends on axioms: [propext, Classical.choice, Quot.sound]
'ZhangLS.Spec.lemma54_gaussian_density_integral' depends on axioms: [propext, Classical.choice, Quot.sound]
'ZhangLS.Spec.lemma54_actual_omega_eq_gaussian' depends on axioms: [propext, Classical.choice, Quot.sound]
'ZhangLS.Spec.lemma54_actual_gaussian_mass' depends on axioms: [propext, Classical.choice, Quot.sound]
'ZhangLS.Spec.lemma54_gaussian_quadratic_envelope' depends on axioms: [propext, Classical.choice, Quot.sound]
'ZhangLS.Spec.lemma54_gaussian_quadratic_integrable' depends on axioms: [propext, Classical.choice, Quot.sound]
'ZhangLS.Spec.lemma54_gaussian_quadratic_integral_bound' depends on axioms: [propext, Classical.choice, Quot.sound]
'ZhangLS.Spec.lemma54_gaussian_exterior_pointwise' depends on axioms: [propext, Classical.choice, Quot.sound]
'ZhangLS.Spec.lemma54_gaussian_exterior_mass' depends on axioms: [propext, Classical.choice, Quot.sound]
'ZhangLS.Spec.lemma54_gaussian_exterior_quadratic_mass' depends on axioms: [propext, Classical.choice, Quot.sound]
'ZhangLS.Spec.lemma54_window_x_bounds' depends on axioms: [propext, Classical.choice, Quot.sound]
'ZhangLS.Spec.lemma54_window_log_bound' depends on axioms: [propext, Classical.choice, Quot.sound]
'ZhangLS.Spec.lemma54_disk_closed_strip' depends on axioms: [propext, Classical.choice, Quot.sound]
'ZhangLS.Spec.lemma54_disk_window_exponent_budget' depends on axioms: [propext, Classical.choice, Quot.sound]
'ZhangLS.Spec.lemma54_actual_gaussian_exterior_mass' depends on axioms: [propext, Classical.choice, Quot.sound]
'ZhangLS.Spec.lemma54_actual_gaussian_exterior_quadratic_mass' depends on axioms: [propext,
 Classical.choice,
 Quot.sound]
'ZhangLS.Spec.lemma54_actual_gaussian_window_mass' depends on axioms: [propext, Classical.choice, Quot.sound]
'ZhangLS.Spec.lemma54_disk_window_weight_error' depends on axioms: [propext, Classical.choice, Quot.sound]
'ZhangLS.Spec.lemma54_disk_window_weighted_error_integrable' depends on axioms: [propext, Classical.choice, Quot.sound]
'ZhangLS.Spec.lemma54_disk_window_weighted_error_integral' depends on axioms: [propext, Classical.choice, Quot.sound]
'ZhangLS.Spec.lemma54_disk_window_gaussian_mellin_normalization' depends on axioms: [propext,
 Classical.choice,
 Quot.sound]
'ZhangLS.Spec.lemma54_disk_window_delta_error_integral' depends on axioms: [propext, Classical.choice, Quot.sound]
'ZhangLS.Spec.lemma54_disk_window_actual_mellin_normalization' depends on axioms: [propext,
 Classical.choice,
 Quot.sound]
'ZhangLS.Spec.lemma54_actual_gaussian_near_zero' depends on axioms: [propext, Classical.choice, Quot.sound]
'ZhangLS.Spec.lemma54_actual_delta_small_gaussian_bound' depends on axioms: [propext, Classical.choice, Quot.sound]
'ZhangLS.Spec.lemma54_disk_near_zero_weight' depends on axioms: [propext, Classical.choice, Quot.sound]
'ZhangLS.Spec.lemma54_half_inverse_unit_integrable' depends on axioms: [propext, Classical.choice, Quot.sound]
'ZhangLS.Spec.lemma54_half_inverse_unit_integral' depends on axioms: [propext, Classical.choice, Quot.sound]
'ZhangLS.Spec.lemma54_actual_near_zero_mellin_bound' depends on axioms: [propext, Classical.choice, Quot.sound]
'ZhangLS.Spec.lemma54_actual_small_exterior_mellin_bound' depends on axioms: [propext, Classical.choice, Quot.sound]
'ZhangLS.Spec.lemma54_large_log_damping' depends on axioms: [propext, Classical.choice, Quot.sound]
'ZhangLS.Spec.lemma54_large_power_damping' depends on axioms: [propext, Classical.choice, Quot.sound]
'ZhangLS.Spec.lemma54_large_log_tail_split' depends on axioms: [propext, Classical.choice, Quot.sound]
'ZhangLS.Spec.lemma54_large_half_power_tail_split' depends on axioms: [propext, Classical.choice, Quot.sound]
'ZhangLS.Spec.lemma54_actual_large_exterior_mellin_bound' depends on axioms: [propext, Classical.choice, Quot.sound]
'ZhangLS.Spec.lemma54_window_subset_small_middle' depends on axioms: [propext, Classical.choice, Quot.sound]
'ZhangLS.Spec.lemma54_actual_mellin_disk_budget' depends on axioms: [propext, Classical.choice, Quot.sound]
'ZhangLS.Spec.lemma54_disk_exponential_absorption_threshold' depends on axioms: [propext, Classical.choice, Quot.sound]
'ZhangLS.Spec.lemma54_actual_mellin_disk_uniform_threshold' depends on axioms: [propext, Classical.choice, Quot.sound]
'ZhangLS.Spec.lemma54_constant_pos' depends on axioms: [propext, Classical.choice, Quot.sound]
'ZhangLS.Spec.lemma54_uniform_constants' depends on axioms: [propext, Classical.choice, Quot.sound]
'ZhangLS.Spec.lemma54_proved' depends on axioms: [propext, Classical.choice, Quot.sound]
'ZhangLS.Spec.RealPrimitiveCharacter.norm_sum_Icc_evalNat_le_length' depends on axioms: [propext,
 Classical.choice,
 Quot.sound]
'ZhangLS.Spec.lemma55_rpow_near_one_le_exp' depends on axioms: [propext, Classical.choice, Quot.sound]
'ZhangLS.Spec.RealPrimitiveCharacter.norm_characterAbelIntegral_le_near_one' depends on axioms: [propext,
 Classical.choice,
 Quot.sound]
'ZhangLS.Spec.lemma55_actual_L_near_one_bound' depends on axioms: [propext, Classical.choice, Quot.sound]
'ZhangLS.Spec.lemma55_actual_second_derivative_bound' depends on axioms: [propext, Classical.choice, Quot.sound]
'ZhangLS.Spec.lemma55_actual_first_derivative_variation' depends on axioms: [propext, Classical.choice, Quot.sound]
'ZhangLS.Spec.lemma55_actual_taylor_remainder_bound' depends on axioms: [propext, Classical.choice, Quot.sound]
'ZhangLS.Spec.RealPrimitiveCharacter.inverse_eq_self' depends on axioms: [propext, Classical.choice, Quot.sound]
'ZhangLS.Spec.dirichletLFunction_im_eq_zero_real' depends on axioms: [propext, Classical.choice, Quot.sound]
'ZhangLS.Spec.dirichletLFunction_real_eq_realLValue' depends on axioms: [propext, Classical.choice, Quot.sound]
'ZhangLS.Spec.realLValue_hasDerivAt' depends on axioms: [propext, Classical.choice, Quot.sound]
'ZhangLS.Spec.realLValue_deriv_eq_re' depends on axioms: [propext, Classical.choice, Quot.sound]
'ZhangLS.Spec.real_axis_value_theorem_proved' depends on axioms: [propext, Classical.choice, Quot.sound]
'ZhangLS.Spec.real_axis_analytic_compatibility_proved' depends on axioms: [propext, Classical.choice, Quot.sound]
'ZhangLS.Spec.lemma55_local_zero_budget' depends on axioms: [propext, Classical.choice, Quot.sound]
'ZhangLS.Spec.lemma55_actual_real_derivative_lower_bound' depends on axioms: [propext, Classical.choice, Quot.sound]
'ZhangLS.Spec.lemma55_actual_simple_real_zero' depends on axioms: [propext, Classical.choice, Quot.sound]
'ZhangLS.Spec.lemma55_actual_local_zero_unique' depends on axioms: [propext, Classical.choice, Quot.sound]
'ZhangLS.Spec.lemma55_actual_simple_real_zero_locally_unique' depends on axioms: [propext, Classical.choice, Quot.sound]
'ZhangLS.Spec.lemma55_hasSum_inverse_telescope' depends on axioms: [propext, Classical.choice, Quot.sound]
'ZhangLS.Spec.lemma55_lseries_term_square_bound' depends on axioms: [propext, Classical.choice, Quot.sound]
'ZhangLS.Spec.lemma55_actual_L_distance_to_one_bound' depends on axioms: [propext, Classical.choice, Quot.sound]
'ZhangLS.Spec.lemma55_actual_L_norm_lower_bound' depends on axioms: [propext, Classical.choice, Quot.sound]
'ZhangLS.Spec.lemma55_jensen_disk_re_lower_bound' depends on axioms: [propext, Classical.choice, Quot.sound]
'ZhangLS.Spec.lemma55_actual_high_height_disk_bound' depends on axioms: [propext, Classical.choice, Quot.sound]
'ZhangLS.Spec.lemma55_actual_L_analyticOnNhd' depends on axioms: [propext, Classical.choice, Quot.sound]
'ZhangLS.Spec.lemma55_actual_jensen_center_lower_bound' depends on axioms: [propext, Classical.choice, Quot.sound]
'ZhangLS.Spec.lemma55_actual_jensen_center_ne_zero' depends on axioms: [propext, Classical.choice, Quot.sound]
'ZhangLS.Spec.lemma55_actual_jensen_multiplicity_bound' depends on axioms: [propext, Classical.choice, Quot.sound]
'ZhangLS.Spec.lemma55_actual_analytic_order_finite' depends on axioms: [propext, Classical.choice, Quot.sound]
'ZhangLS.Spec.lemma55_actual_local_divisor_eq_order' depends on axioms: [propext, Classical.choice, Quot.sound]
'ZhangLS.Spec.lemma55_mem_actual_local_zero_finset' depends on axioms: [propext, Classical.choice, Quot.sound]
'ZhangLS.Spec.lemma55_actual_local_zero_order_pos' depends on axioms: [propext, Classical.choice, Quot.sound]
'ZhangLS.Spec.lemma55_actual_multiplicity_count_eq_sum_orders' depends on axioms: [propext,
 Classical.choice,
 Quot.sound]
'ZhangLS.Spec.lemma55_actual_local_zero_card_bound' depends on axioms: [propext, Classical.choice, Quot.sound]
'ZhangLS.Spec.lemma55_zero_grid_height_bound' depends on axioms: [propext, Classical.choice, Quot.sound]
'ZhangLS.Spec.lemma55_zero_grid_index_bound' depends on axioms: [propext, Classical.choice, Quot.sound]
'ZhangLS.Spec.lemma55_zero_grid_height_approximation' depends on axioms: [propext, Classical.choice, Quot.sound]
'ZhangLS.Spec.lemma55_original_region_disk_cover' depends on axioms: [propext, Classical.choice, Quot.sound]
'ZhangLS.Spec.lemma55_actual_zero_re_lt_one' depends on axioms: [propext, Classical.choice, Quot.sound]
'ZhangLS.Spec.lemma55_mem_original_region_zero_finset' depends on axioms: [propext, Classical.choice, Quot.sound]
'ZhangLS.Spec.lemma55_original_region_actual_zeros_finite' depends on axioms: [propext, Classical.choice, Quot.sound]
'ZhangLS.Spec.lemma55_original_region_zero_card_bound' depends on axioms: [propext, Classical.choice, Quot.sound]
'ZhangLS.Spec.lemma55_original_region_maximal_zero' depends on axioms: [propext, Classical.choice, Quot.sound]
'ZhangLS.Spec.lemma55_original_region_contains_exceptional_zero' depends on axioms: [propext,
 Classical.choice,
 Quot.sound]
'ZhangLS.Spec.lemma55_original_region_rightmost_zero_under_A' depends on axioms: [propext, Classical.choice, Quot.sound]
'ZhangLS.Spec.lemma55_actual_meromorphic_order_eq_nat' depends on axioms: [propext, Classical.choice, Quot.sound]
'ZhangLS.Spec.lemma55_actual_zero_factor_analytic' depends on axioms: [propext, Classical.choice, Quot.sound]
'ZhangLS.Spec.lemma55_actual_zero_factor_order' depends on axioms: [propext, Classical.choice, Quot.sound]
'ZhangLS.Spec.lemma55_actual_zero_removed_order' depends on axioms: [propext, Classical.choice, Quot.sound]
'ZhangLS.Spec.lemma55_actual_zero_removed_analytic' depends on axioms: [propext, Classical.choice, Quot.sound]
'ZhangLS.Spec.lemma55_actual_zero_removed_ne_zero' depends on axioms: [propext, Classical.choice, Quot.sound]
'ZhangLS.Spec.lemma55_actual_zero_removed_eq_quotient' depends on axioms: [propext, Classical.choice, Quot.sound]
'ZhangLS.Spec.lemma55_actual_zero_factorization' depends on axioms: [propext, Classical.choice, Quot.sound]
'ZhangLS.Spec.lemma55_actual_zero_factor_eq_product' depends on axioms: [propext, Classical.choice, Quot.sound]
'ZhangLS.Spec.lemma55_actual_local_multiplicity_eq_count' depends on axioms: [propext, Classical.choice, Quot.sound]
'ZhangLS.Spec.lemma55_actual_local_multiplicity_bound' depends on axioms: [propext, Classical.choice, Quot.sound]
'ZhangLS.Spec.lemma55_actual_zero_factor_center_bound' depends on axioms: [propext, Classical.choice, Quot.sound]
'ZhangLS.Spec.lemma55_actual_zero_factor_outer_lower_bound' depends on axioms: [propext, Classical.choice, Quot.sound]
'ZhangLS.Spec.lemma55_actual_zero_factor_outer_ne_zero' depends on axioms: [propext, Classical.choice, Quot.sound]
'ZhangLS.Spec.lemma55_actual_zero_removed_outer_bound' depends on axioms: [propext, Classical.choice, Quot.sound]
'ZhangLS.Spec.lemma55_actual_zero_removed_closed_disk_bound' depends on axioms: [propext, Classical.choice, Quot.sound]
'ZhangLS.Spec.lemma55_actual_zero_removed_center_lower_bound' depends on axioms: [propext, Classical.choice, Quot.sound]
'ZhangLS.Spec.lemma55_zero_removed_ratio_bound_gt_one' depends on axioms: [propext, Classical.choice, Quot.sound]
'ZhangLS.Spec.lemma55_actual_zero_removed_ratio_bound' depends on axioms: [propext, Classical.choice, Quot.sound]
'ZhangLS.Spec.lemma55_actual_zero_removed_log_ratio_bound' depends on axioms: [propext, Classical.choice, Quot.sound]
'ZhangLS.Spec.lemma55_actual_zero_removed_log_exists' depends on axioms: [propext, Classical.choice, Quot.sound]
'ZhangLS.Spec.lemma55_actual_zero_removed_log_hasDerivAt' depends on axioms: [propext, Classical.choice, Quot.sound]
'ZhangLS.Spec.lemma55_actual_zero_removed_log_closed_bound' depends on axioms: [propext, Classical.choice, Quot.sound]
'ZhangLS.Spec.lemma55_actual_zero_removed_log_cauchy_bound' depends on axioms: [propext, Classical.choice, Quot.sound]
'ZhangLS.Spec.lemma55_actual_zero_factor_logDeriv' depends on axioms: [propext, Classical.choice, Quot.sound]
'ZhangLS.Spec.lemma55_actual_local_logDeriv_formula' depends on axioms: [propext, Classical.choice, Quot.sound]
'ZhangLS.Spec.lemma55_actual_zero_removed_center_logDeriv_bound' depends on axioms: [propext,
 Classical.choice,
 Quot.sound]
'ZhangLS.Spec.lemma55_actual_center_local_logDeriv_error' depends on axioms: [propext, Classical.choice, Quot.sound]
'ZhangLS.Spec.lemma55_actual_zero_removed_higher_logDeriv_bound' depends on axioms: [propext,
 Classical.choice,
 Quot.sound]
'ZhangLS.Spec.lemma55_actual_higher_logDeriv_remainder_eq' depends on axioms: [propext, Classical.choice, Quot.sound]
'ZhangLS.Spec.lemma55_actual_higher_logDeriv_remainder_bound' depends on axioms: [propext, Classical.choice, Quot.sound]
'ZhangLS.Spec.lemma55_actual_normalized_logDeriv_remainder_bound' depends on axioms: [propext,
 Classical.choice,
 Quot.sound]
'ZhangLS.Spec.lemma55_actual_logDeriv_remainder_sum_bound' depends on axioms: [propext, Classical.choice, Quot.sound]
'ZhangLS.Spec.lemma55_fejer_geom_rec' depends on axioms: [propext, Classical.choice, Quot.sound]
'ZhangLS.Spec.lemma55_fejer_geom_norm_rec' depends on axioms: [propext, Classical.choice, Quot.sound]
'ZhangLS.Spec.lemma55_fejer_positive_identity' depends on axioms: [propext, Classical.choice, Quot.sound]
'ZhangLS.Spec.lemma55_fejer_nested_lower_bound' depends on axioms: [propext, Classical.choice, Quot.sound]
'ZhangLS.Spec.lemma55_fejer_nested_eq_weighted' depends on axioms: [propext, Classical.choice, Quot.sound]
'ZhangLS.Spec.lemma55_fejer_kernel_lower_bound' depends on axioms: [propext, Classical.choice, Quot.sound]
'ZhangLS.Spec.lemma55_fejer_kernel_at_one' depends on axioms: [propext, Classical.choice, Quot.sound]
'ZhangLS.Spec.lemma55_fejer_weight_nonneg' depends on axioms: [propext, Classical.choice, Quot.sound]
'ZhangLS.Spec.lemma55_fejer_weight_le_one' depends on axioms: [propext, Classical.choice, Quot.sound]
'ZhangLS.Spec.lemma55_fejer_kernel_eq_weighted' depends on axioms: [propext, Classical.choice, Quot.sound]
'ZhangLS.Spec.lemma55_fejer_detector_lower_bound' depends on axioms: [propext, Classical.choice, Quot.sound]
'ZhangLS.Spec.lemma55_fejer_detector_at_unit' depends on axioms: [propext, Classical.choice, Quot.sound]
'ZhangLS.Spec.lemma55_fejer_detector_eq_weighted' depends on axioms: [propext, Classical.choice, Quot.sound]
'ZhangLS.Spec.lemma55_fejer_detection_weight_bounds' depends on axioms: [propext, Classical.choice, Quot.sound]
'ZhangLS.Spec.lemma55_fejer_finite_detection' depends on axioms: [propext, Classical.choice, Quot.sound]
'ZhangLS.Spec.lemma55_fejer_finite_weighted_power_detection' depends on axioms: [propext, Classical.choice, Quot.sound]
'ZhangLS.Spec.lemma55_iterated_deriv_inverse_pole' depends on axioms: [propext, Classical.choice, Quot.sound]
'ZhangLS.Spec.lemma55_iterated_deriv_weighted_inverse_pole' depends on axioms: [propext, Classical.choice, Quot.sound]
'ZhangLS.Spec.lemma55_actual_local_zero_higher_derivative' depends on axioms: [propext, Classical.choice, Quot.sound]
'ZhangLS.Spec.lemma55_actual_power_sum_remainder_norm_eq' depends on axioms: [propext, Classical.choice, Quot.sound]
'ZhangLS.Spec.lemma55_actual_power_sum_remainder_bound' depends on axioms: [propext, Classical.choice, Quot.sound]
'ZhangLS.Spec.lemma55_actual_power_sum_remainder_sum_bound' depends on axioms: [propext, Classical.choice, Quot.sound]
'ZhangLS.Spec.lemma55_actual_local_zero_center_distance' depends on axioms: [propext, Classical.choice, Quot.sound]
'ZhangLS.Spec.lemma55_actual_inverse_square_norm_bounds' depends on axioms: [propext, Classical.choice, Quot.sound]
'ZhangLS.Spec.lemma55_actual_subset_max_inverse_square' depends on axioms: [propext, Classical.choice, Quot.sound]
'ZhangLS.Spec.lemma55_normalized_inverse_square_unit' depends on axioms: [propext, Classical.choice, Quot.sound]
'ZhangLS.Spec.lemma55_normalized_inverse_square_le_one' depends on axioms: [propext, Classical.choice, Quot.sound]
'ZhangLS.Spec.lemma55_normalized_inverse_square_power_sum' depends on axioms: [propext, Classical.choice, Quot.sound]
'ZhangLS.Spec.lemma55_actual_subset_weighted_power_detection' depends on axioms: [propext, Classical.choice, Quot.sound]
'ZhangLS.Spec.lemma55_actual_subset_weighted_detection_log_bound' depends on axioms: [propext,
 Classical.choice,
 Quot.sound]
'ZhangLS.Spec.lemma55_jensen_center_at_zero_height' depends on axioms: [propext, Classical.choice, Quot.sound]
'ZhangLS.Spec.lemma55_original_zero_in_own_local_disk' depends on axioms: [propext, Classical.choice, Quot.sound]
'ZhangLS.Spec.lemma55_original_zero_inverse_square_lower_bound' depends on axioms: [propext,
 Classical.choice,
 Quot.sound]
'ZhangLS.Spec.lemma55_original_candidate_subset_normalization' depends on axioms: [propext,
 Classical.choice,
 Quot.sound]
'ZhangLS.Spec.lemma55_normalization_power_exp_bound' depends on axioms: [propext, Classical.choice, Quot.sound]
'ZhangLS.Spec.lemma55_normalization_first_powers_exp_bound' depends on axioms: [propext, Classical.choice, Quot.sound]
'ZhangLS.Spec.lemma55_actual_odd_power_remainder_sum_bound' depends on axioms: [propext, Classical.choice, Quot.sound]
'ZhangLS.Spec.lemma55_weighted_complex_difference_bound' depends on axioms: [propext, Classical.choice, Quot.sound]
'ZhangLS.Spec.lemma55_actual_weighted_power_error_bound' depends on axioms: [propext, Classical.choice, Quot.sound]
'ZhangLS.Spec.lemma55_actual_weighted_real_power_error_bound' depends on axioms: [propext, Classical.choice, Quot.sound]
'ZhangLS.Spec.lemma55_normalized_remainder_geometric_ratio' depends on axioms: [propext, Classical.choice, Quot.sound]
'ZhangLS.Spec.lemma55_actual_normalized_odd_power_error_bound' depends on axioms: [propext,
 Classical.choice,
 Quot.sound]
'ZhangLS.Spec.lemma55_successor_geometric_finite_bound' depends on axioms: [propext, Classical.choice, Quot.sound]
'ZhangLS.Spec.lemma55_actual_weighted_power_error_uniform_bound' depends on axioms: [propext,
 Classical.choice,
 Quot.sound]
'ZhangLS.Spec.lemma55_actual_weighted_real_power_error_uniform_bound' depends on axioms: [propext,
 Classical.choice,
 Quot.sound]
'ZhangLS.Spec.lemma55_unit_disk_power_difference' depends on axioms: [propext, Classical.choice, Quot.sound]
'ZhangLS.Spec.lemma55_real_pole_center_distance' depends on axioms: [propext, Classical.choice, Quot.sound]
'ZhangLS.Spec.lemma55_real_pole_inverse_difference' depends on axioms: [propext, Classical.choice, Quot.sound]
'ZhangLS.Spec.lemma55_real_pole_inverse_power_difference' depends on axioms: [propext, Classical.choice, Quot.sound]
'ZhangLS.Spec.lemma55_sum_successors' depends on axioms: [propext, Classical.choice, Quot.sound]
'ZhangLS.Spec.lemma55_weighted_exceptional_pole_difference_bound' depends on axioms: [propext,
 Classical.choice,
 Quot.sound]
'ZhangLS.Spec.lemma55_actual_simple_zero_order_nat' depends on axioms: [propext, Classical.choice, Quot.sound]
'ZhangLS.Spec.lemma55_actual_simple_zero_removed_power_sum' depends on axioms: [propext, Classical.choice, Quot.sound]
'ZhangLS.Spec.lemma55_actual_removed_power_remainder_eq' depends on axioms: [propext, Classical.choice, Quot.sound]
'ZhangLS.Spec.lemma55_actual_removed_power_remainder_sum_bound' depends on axioms: [propext,
 Classical.choice,
 Quot.sound]
'ZhangLS.Spec.lemma55_original_other_zero_remaining_normalization' depends on axioms: [propext,
 Classical.choice,
 Quot.sound]
'ZhangLS.Spec.lemma55_actual_weighted_remaining_remainder_eq' depends on axioms: [propext, Classical.choice, Quot.sound]
'ZhangLS.Spec.lemma55_actual_weighted_remaining_error_uniform_bound' depends on axioms: [propext,
 Classical.choice,
 Quot.sound]
'ZhangLS.Spec.lemma55_actual_weighted_remaining_detection' depends on axioms: [propext, Classical.choice, Quot.sound]
'ZhangLS.Spec.lemma55_original_other_zero_detected' depends on axioms: [propext, Classical.choice, Quot.sound]
LEAN_KERNEL_VERIFICATION=PASS
