⚠ [1979/2158] Replayed ZhangLS.RealDirichletSeries
warning: ZhangLS/RealDirichletSeries.lean:34:25: unused variable `hr`

Note: This linter can be disabled with `set_option linter.unusedVariables false`
⚠ [1980/2158] Replayed ZhangLS.AssumptionA
warning: ZhangLS/AssumptionA.lean:30:21: unused variable `s`

Note: This linter can be disabled with `set_option linter.unusedVariables false`
warning: ZhangLS/AssumptionA.lean:30:37: unused variable `χ`

Note: This linter can be disabled with `set_option linter.unusedVariables false`
warning: ZhangLS/AssumptionA.lean:35:22: unused variable `s`

Note: This linter can be disabled with `set_option linter.unusedVariables false`
warning: ZhangLS/AssumptionA.lean:35:38: unused variable `χ`

Note: This linter can be disabled with `set_option linter.unusedVariables false`
warning: ZhangLS/AssumptionA.lean:91:23: unused variable `h_pos`

Note: This linter can be disabled with `set_option linter.unusedVariables false`
warning: ZhangLS/AssumptionA.lean:112:5: unused variable `h_c_pos`

Note: This linter can be disabled with `set_option linter.unusedVariables false`
warning: ZhangLS/AssumptionA.lean:113:5: unused variable `h_u_pos`

Note: This linter can be disabled with `set_option linter.unusedVariables false`
⚠ [1981/2158] Replayed ZhangLS.MainIdentity
warning: ZhangLS/MainIdentity.lean:19:32: unused variable `H₂`

Note: This linter can be disabled with `set_option linter.unusedVariables false`
⚠ [1986/2158] Replayed ZhangLS.MainTerms
warning: ZhangLS/MainTerms.lean:64:5: unused variable `h_ap`

Note: This linter can be disabled with `set_option linter.unusedVariables false`
⚠ [1988/2158] Replayed ZhangLS.AnalyticHypotheses
warning: ZhangLS/AnalyticHypotheses.lean:36:21: unused variable `gamma`

Note: This linter can be disabled with `set_option linter.unusedVariables false`
⚠ [1989/2158] Replayed ZhangLS.Theorem1
warning: ZhangLS/Theorem1.lean:23:5: unused variable `env`

Note: This linter can be disabled with `set_option linter.unusedVariables false`
warning: ZhangLS/Theorem1.lean:26:5: unused variable `h_logD_pos`

Note: This linter can be disabled with `set_option linter.unusedVariables false`
warning: ZhangLS/Theorem1.lean:36:5: unused variable `env`

Note: This linter can be disabled with `set_option linter.unusedVariables false`
⚠ [1995/2158] Replayed ZhangLS.Estimates
warning: ZhangLS/Estimates.lean:27:11: unused variable `D`

Note: This linter can be disabled with `set_option linter.unusedVariables false`
⚠ [2001/2158] Replayed ZhangLS.LargeSieveFoundation
warning: ZhangLS/LargeSieveFoundation.lean:27:30: unused variable `hP`

Note: This linter can be disabled with `set_option linter.unusedVariables false`
⚠ [2012/2158] Replayed ZhangLS.FareySequence
warning: ZhangLS/FareySequence.lean:32:5: unused variable `hq`

Note: This linter can be disabled with `set_option linter.unusedVariables false`
warning: ZhangLS/FareySequence.lean:32:18: unused variable `hq'`

Note: This linter can be disabled with `set_option linter.unusedVariables false`
warning: ZhangLS/FareySequence.lean:46:18: unused variable `hq'`

Note: This linter can be disabled with `set_option linter.unusedVariables false`
⚠ [2013/2158] Replayed ZhangLS.ExponentialSumOrthogonality
warning: ZhangLS/ExponentialSumOrthogonality.lean:35:5: unused variable `kernel_norm`

Note: This linter can be disabled with `set_option linter.unusedVariables false`
warning: ZhangLS/ExponentialSumOrthogonality.lean:36:5: unused variable `h_dist_pos`

Note: This linter can be disabled with `set_option linter.unusedVariables false`
⚠ [2023/2158] Replayed ZhangLS.TaoAnalysisBridge
warning: ZhangLS/TaoAnalysisBridge.lean:16:24: unused variable `f`

Note: This linter can be disabled with `set_option linter.unusedVariables false`
warning: ZhangLS/TaoAnalysisBridge.lean:16:60: unused variable `x1`

Note: This linter can be disabled with `set_option linter.unusedVariables false`
warning: ZhangLS/TaoAnalysisBridge.lean:16:63: unused variable `x2`

Note: This linter can be disabled with `set_option linter.unusedVariables false`
warning: ZhangLS/TaoAnalysisBridge.lean:16:66: unused variable `y`

Note: This linter can be disabled with `set_option linter.unusedVariables false`
warning: ZhangLS/TaoAnalysisBridge.lean:20:24: unused variable `f`

Note: This linter can be disabled with `set_option linter.unusedVariables false`
warning: ZhangLS/TaoAnalysisBridge.lean:20:60: unused variable `x`

Note: This linter can be disabled with `set_option linter.unusedVariables false`
warning: ZhangLS/TaoAnalysisBridge.lean:20:62: unused variable `y1`

Note: This linter can be disabled with `set_option linter.unusedVariables false`
warning: ZhangLS/TaoAnalysisBridge.lean:20:65: unused variable `y2`

Note: This linter can be disabled with `set_option linter.unusedVariables false`
warning: ZhangLS/TaoAnalysisBridge.lean:25:5: unused variable `f`

Note: This linter can be disabled with `set_option linter.unusedVariables false`
warning: ZhangLS/TaoAnalysisBridge.lean:25:41: unused variable `x1`

Note: This linter can be disabled with `set_option linter.unusedVariables false`
warning: ZhangLS/TaoAnalysisBridge.lean:25:44: unused variable `x2`

Note: This linter can be disabled with `set_option linter.unusedVariables false`
warning: ZhangLS/TaoAnalysisBridge.lean:25:47: unused variable `y1`

Note: This linter can be disabled with `set_option linter.unusedVariables false`
warning: ZhangLS/TaoAnalysisBridge.lean:25:50: unused variable `y2`

Note: This linter can be disabled with `set_option linter.unusedVariables false`
⚠ [2024/2158] Replayed ZhangLS.TaoMellinIntegration
warning: ZhangLS/TaoMellinIntegration.lean:19:5: unused variable `f`

Note: This linter can be disabled with `set_option linter.unusedVariables false`
warning: ZhangLS/TaoMellinIntegration.lean:19:7: unused variable `g`

Note: This linter can be disabled with `set_option linter.unusedVariables false`
warning: ZhangLS/TaoMellinIntegration.lean:19:27: unused variable `x`

Note: This linter can be disabled with `set_option linter.unusedVariables false`
⚠ [2030/2158] Replayed ZhangLS.RealFPolynomialLowerBound
warning: ZhangLS/RealFPolynomialLowerBound.lean:36:5: unused variable `h_L_pos`

Note: This linter can be disabled with `set_option linter.unusedVariables false`
⚠ [2032/2158] Replayed ZhangLS.RealSobolevEnergy
warning: ZhangLS/RealSobolevEnergy.lean:42:5: unused variable `h_N_pos`

Note: This linter can be disabled with `set_option linter.unusedVariables false`
warning: ZhangLS/RealSobolevEnergy.lean:54:5: unused variable `h_energy_nonneg`

Note: This linter can be disabled with `set_option linter.unusedVariables false`
⚠ [2033/2158] Replayed ZhangLS.RealGaussSumLargeSieve
warning: ZhangLS/RealGaussSumLargeSieve.lean:39:5: unused variable `h_mult_nonneg`

Note: This linter can be disabled with `set_option linter.unusedVariables false`
warning: ZhangLS/RealGaussSumLargeSieve.lean:48:5: unused variable `h_energy`

Note: This linter can be disabled with `set_option linter.unusedVariables false`
⚠ [2037/2158] Replayed ZhangLS.RealStieltjesKernelIntegral
warning: ZhangLS/RealStieltjesKernelIntegral.lean:29:5: unused variable `h_x_pos`

Note: This linter can be disabled with `set_option linter.unusedVariables false`
warning: ZhangLS/RealStieltjesKernelIntegral.lean:38:5: unused variable `h_L_pos`

Note: This linter can be disabled with `set_option linter.unusedVariables false`
warning: ZhangLS/RealStieltjesKernelIntegral.lean:39:5: unused variable `h_haar_nonneg`

Note: This linter can be disabled with `set_option linter.unusedVariables false`
⚠ [2039/2158] Replayed ZhangLS.RealLogMomentCalculus
warning: ZhangLS/RealLogMomentCalculus.lean:21:5: unused variable `h_denom_pos`

Note: This linter can be disabled with `set_option linter.unusedVariables false`
⚠ [2040/2158] Replayed ZhangLS.RealStirlingContourDecay
warning: ZhangLS/RealStirlingContourDecay.lean:47:5: unused variable `h_M_pos`

Note: This linter can be disabled with `set_option linter.unusedVariables false`
⚠ [2044/2158] Replayed ZhangLS.RealHilbertMeasureEmbedding
warning: ZhangLS/RealHilbertMeasureEmbedding.lean:29:5: unused variable `h_pi`

Note: This linter can be disabled with `set_option linter.unusedVariables false`
warning: ZhangLS/RealHilbertMeasureEmbedding.lean:30:5: unused variable `h_pos`

Note: This linter can be disabled with `set_option linter.unusedVariables false`
warning: ZhangLS/RealHilbertMeasureEmbedding.lean:31:5: unused variable `h_energy_nonneg`

Note: This linter can be disabled with `set_option linter.unusedVariables false`
warning: ZhangLS/RealHilbertMeasureEmbedding.lean:49:5: unused variable `h_energy`

Note: This linter can be disabled with `set_option linter.unusedVariables false`
⚠ [2047/2158] Replayed ZhangLS.UnconditionalTheorem1
warning: ZhangLS/UnconditionalTheorem1.lean:47:2: `push_neg` has been deprecated. Prefer using `push Not` instead.
If you'd rather continue using `push_neg` in your project, you can implement it as follows:
```
open Lean.Parser.Tactic in
macro "push_neg" cfg:optConfig loc:(location)? : tactic =>
  `(tactic| push $cfg:optConfig Not $[$loc]?)
```
⚠ [2256/2511] Replayed ZhangLS.Fix1_FPolynomialZeroExclusion
warning: ZhangLS/Fix1_FPolynomialZeroExclusion.lean:41:5: unused variable `h_L_pos`

Note: This linter can be disabled with `set_option linter.unusedVariables false`
⚠ [2270/2511] Replayed ZhangLS.Spec.RealDirichletCharacter
warning: ZhangLS/Spec/RealDirichletCharacter.lean:48:4: try 'simp' instead of 'simpa'

Note: This linter can be disabled with `set_option linter.unnecessarySimpa false`
⚠ [3504/3806] Replayed ZhangLS.Spec.RealAxisAtOne
warning: ZhangLS/Spec/RealAxisAtOne.lean:56:4: try 'simp' instead of 'simpa'

Note: This linter can be disabled with `set_option linter.unnecessarySimpa false`
⚠ [3506/3806] Replayed ZhangLS.Spec.Lemma57
warning: ZhangLS/Spec/Lemma57.lean:101:58: unused variable `hD`

Note: This linter can be disabled with `set_option linter.unusedVariables false`
warning: ZhangLS/Spec/Lemma57.lean:102:7: unused variable `hA`

Note: This linter can be disabled with `set_option linter.unusedVariables false`
⚠ [3508/3806] Replayed ZhangLS.Spec.Lemma57Arithmetic
warning: ZhangLS/Spec/Lemma57Arithmetic.lean:55:15: unused variable `hc_g`

Note: This linter can be disabled with `set_option linter.unusedVariables false`
⚠ [3513/3806] Replayed ZhangLS.Spec.Lemma57SmoothedSum
warning: ZhangLS/Spec/Lemma57SmoothedSum.lean:42:46: unused variable `hD`

Note: This linter can be disabled with `set_option linter.unusedVariables false`
⚠ [3522/3806] Replayed ZhangLS.Spec.Lemma57GaussianGlobal
warning: ZhangLS/Spec/Lemma57GaussianGlobal.lean:55:58: unused variable `ha`

Note: This linter can be disabled with `set_option linter.unusedVariables false`
warning: ZhangLS/Spec/Lemma57GaussianGlobal.lean:241:13: unused variable `hD`

Note: This linter can be disabled with `set_option linter.unusedVariables false`
warning: ZhangLS/Spec/Lemma57GaussianGlobal.lean:241:34: unused variable `hx`

Note: This linter can be disabled with `set_option linter.unusedVariables false`
⚠ [3523/3806] Replayed ZhangLS.Spec.Lemma57SmoothedSummability
warning: ZhangLS/Spec/Lemma57SmoothedSummability.lean:20:52: unused variable `hn`

Note: This linter can be disabled with `set_option linter.unusedVariables false`
⚠ [3527/3806] Replayed ZhangLS.Spec.Lemma57GaussianMellinTransform
warning: ZhangLS/Spec/Lemma57GaussianMellinTransform.lean:67:63: Used `tac1 <;> tac2` where `(tac1; tac2)` would suffice

Note: This linter can be disabled with `set_option linter.unnecessarySeqFocus false`
warning: ZhangLS/Spec/Lemma57GaussianMellinTransform.lean:145:54: Used `tac1 <;> tac2` where `(tac1; tac2)` would suffice

Note: This linter can be disabled with `set_option linter.unnecessarySeqFocus false`
warning: ZhangLS/Spec/Lemma57GaussianMellinTransform.lean:326:4: Try `simp at hs` instead of `simpa using hs`

Note: This linter can be disabled with `set_option linter.unnecessarySimpa false`
⚠ [3542/3806] Replayed ZhangLS.Spec.RiemannZetaCriticalLineBound
warning: ZhangLS/Spec/RiemannZetaCriticalLineBound.lean:99:2: Used `tac1 <;> tac2` where `(tac1; tac2)` would suffice

Note: This linter can be disabled with `set_option linter.unnecessarySeqFocus false`
warning: ZhangLS/Spec/RiemannZetaCriticalLineBound.lean:124:13: unused variable `hs`

Note: This linter can be disabled with `set_option linter.unusedVariables false`
warning: ZhangLS/Spec/RiemannZetaCriticalLineBound.lean:152:6: unused variable `n`

Note: This linter can be disabled with `set_option linter.unusedVariables false`
warning: ZhangLS/Spec/RiemannZetaCriticalLineBound.lean:156:20: unused variable `k`

Note: This linter can be disabled with `set_option linter.unusedVariables false`
warning: ZhangLS/Spec/RiemannZetaCriticalLineBound.lean:161:8: This simp argument is unused:
  sum_one_Icc

Hint: Omit it from the simp argument list.
  simp ̵[̵s̵u̵m̵_̵o̵n̵e̵_̵I̵c̵c̵]̵

Note: This linter can be disabled with `set_option linter.unusedSimpArgs false`
warning: ZhangLS/Spec/RiemannZetaCriticalLineBound.lean:242:12: 'ring' tactic does nothing

Note: This linter can be disabled with `set_option linter.unusedTactic false`
warning: ZhangLS/Spec/RiemannZetaCriticalLineBound.lean:242:12: this tactic is never executed

Note: This linter can be disabled with `set_option linter.unreachableTactic false`
warning: ZhangLS/Spec/RiemannZetaCriticalLineBound.lean:219:41: Used `tac1 <;> tac2` where `(tac1; tac2)` would suffice

Note: This linter can be disabled with `set_option linter.unnecessarySeqFocus false`
warning: ZhangLS/Spec/RiemannZetaCriticalLineBound.lean:303:8: 'ring' tactic does nothing

Note: This linter can be disabled with `set_option linter.unusedTactic false`
warning: ZhangLS/Spec/RiemannZetaCriticalLineBound.lean:303:8: this tactic is never executed

Note: This linter can be disabled with `set_option linter.unreachableTactic false`
warning: ZhangLS/Spec/RiemannZetaCriticalLineBound.lean:394:12: This simp argument is unused:
  norm_div

Hint: Omit it from the simp argument list.
  simp ̵[̵n̵o̵r̵m̵_̵d̵i̵v̵]̵

Note: This linter can be disabled with `set_option linter.unusedSimpArgs false`
warning: ZhangLS/Spec/RiemannZetaCriticalLineBound.lean:475:75: This simp argument is unused:
  norm_div

Hint: Omit it from the simp argument list.
  simp ̵[̵n̵o̵r̵m̵_̵d̵i̵v̵]̵

Note: This linter can be disabled with `set_option linter.unusedSimpArgs false`
⚠ [3543/3806] Replayed ZhangLS.Spec.Lemma57CriticalStripGrowth
warning: ZhangLS/Spec/Lemma57CriticalStripGrowth.lean:270:14: This simp argument is unused:
  norm_div

Hint: Omit it from the simp argument list.
  simp ̵[̵n̵o̵r̵m̵_̵d̵i̵v̵]̵

Note: This linter can be disabled with `set_option linter.unusedSimpArgs false`
⚠ [3556/3806] Replayed ZhangLS.Spec.Lemma57QuadraticConductorThreshold
warning: ZhangLS/Spec/Lemma57QuadraticConductorThreshold.lean:63:4: exponent 10000000 exceeds the threshold 256, exponentiation operation was not evaluated, use `set_option exponentiation.threshold <num>` to set a new threshold
warning: ZhangLS/Spec/Lemma57QuadraticConductorThreshold.lean:136:18: Used `tac1 <;> tac2` where `(tac1; tac2)` would suffice

Note: This linter can be disabled with `set_option linter.unnecessarySeqFocus false`
⚠ [3587/3806] Replayed ZhangLS.External.HasseWeil.Foundation.Auxiliary.EllipticDivisibilitySequence
warning: ZhangLS/External/HasseWeil/Foundation/Auxiliary/EllipticDivisibilitySequence.lean:980:4: 'simp only [EllSequence.invarNum, EllSequence.invarDenom]' tactic does nothing

Note: This linter can be disabled with `set_option linter.unusedTactic false`
warning: ZhangLS/External/HasseWeil/Foundation/Auxiliary/EllipticDivisibilitySequence.lean:980:4: this tactic is never executed

Note: This linter can be disabled with `set_option linter.unreachableTactic false`
⚠ [3595/3806] Replayed ZhangLS.External.HasseWeil.Foundation.Auxiliary.DivisionPolynomial
warning: ZhangLS/External/HasseWeil/Foundation/Auxiliary/DivisionPolynomial.lean:195:22: Used `tac1 <;> tac2` where `(tac1; tac2)` would suffice

Note: This linter can be disabled with `set_option linter.unnecessarySeqFocus false`
warning: ZhangLS/External/HasseWeil/Foundation/Auxiliary/DivisionPolynomial.lean:322:50: This simp argument is unused:
  (map_pow polyToField)

Hint: Omit it from the simp argument list.
  simp only [smulX_one, smulY_one, pointedCurve_a₁, pointedCurve_a₂, pointedCurve_a₄,
      (map_sub polyToField), (map_mul polyToField), (map_p̵ow̵ ̵p̵o̵l̵y̵T̵o̵F̵i̵e̵l̵d̵)̵,̵ ̵(̵m̵a̵p̵_̵o̵fNat polyToField), (map_add polyToField)]

Note: This linter can be disabled with `set_option linter.unusedSimpArgs false`
warning: ZhangLS/External/HasseWeil/Foundation/Auxiliary/DivisionPolynomial.lean:322:73: This simp argument is unused:
  (map_ofNat polyToField)

Hint: Omit it from the simp argument list.
  simp only [smulX_one, smulY_one, pointedCurve_a₁, pointedCurve_a₂, pointedCurve_a₄,
      (map_sub polyToField), (map_mul polyToField), (map_pow polyToField), (map_o̵f̵N̵at̵ ̵p̵o̵l̵y̵T̵o̵F̵i̵e̵l̵d)̵,̵ ̵(̵m̵a̵p̵_̵a̵dd̵ polyToField)]

Note: This linter can be disabled with `set_option linter.unusedSimpArgs false`
warning: ZhangLS/External/HasseWeil/Foundation/Auxiliary/DivisionPolynomial.lean:322:98: This simp argument is unused:
  (map_add polyToField)

Hint: Omit it from the simp argument list.
  simp only [smulX_one, smulY_one, pointedCurve_a₁, pointedCurve_a₂, pointedCurve_a₄,
      (map_sub polyToField), (map_mul polyToField), (map_pow polyToField), (map_ofNat polyToField),̵ ̵(̵m̵a̵p̵_̵a̵d̵d̵ ̵p̵o̵l̵y̵T̵o̵F̵i̵e̵l̵d̵)̵]

Note: This linter can be disabled with `set_option linter.unusedSimpArgs false`
warning: ZhangLS/External/HasseWeil/Foundation/Auxiliary/DivisionPolynomial.lean:323:96: Used `tac1 <;> tac2` where `(tac1; tac2)` would suffice

Note: This linter can be disabled with `set_option linter.unnecessarySeqFocus false`
warning: ZhangLS/External/HasseWeil/Foundation/Auxiliary/DivisionPolynomial.lean:513:53: This simp argument is unused:
  (show Odd 3 by decide).neg_pow

Hint: Omit it from the simp argument list.
  simp [smulPoly, ω_neg_eq_neg_negY, neg, smul_fin3,̵ ̵(̵s̵h̵o̵w̵ ̵O̵d̵d̵ ̵3̵ ̵b̵y̵ ̵d̵e̵c̵i̵d̵e̵)̵.̵n̵e̵g̵_̵p̵o̵w̵]

Note: This linter can be disabled with `set_option linter.unusedSimpArgs false`
⚠ [3650/3806] Replayed ZhangLS.External.HasseWeil.FormalGroup.FormalGroupCorrespondence
warning: ZhangLS/External/HasseWeil/FormalGroup/FormalGroupCorrespondence.lean:321:0: automatically included section variable(s) unused in theorem `HasseWeil.formalMulByInt_linear_coeff`:
  [DecidableEq F]
  [WeierstrassCurve.IsElliptic W.toAffine]
consider restructuring your `variable` declarations so that the variables are not in scope or explicitly omit them:
  omit [DecidableEq F] [WeierstrassCurve.IsElliptic W.toAffine] in theorem ...

Note: This linter can be disabled with `set_option linter.unusedSectionVars false`
warning: ZhangLS/External/HasseWeil/FormalGroup/FormalGroupCorrespondence.lean:326:0: automatically included section variable(s) unused in theorem `HasseWeil.formalMulByInt_const_zero`:
  [DecidableEq F]
  [WeierstrassCurve.IsElliptic W.toAffine]
consider restructuring your `variable` declarations so that the variables are not in scope or explicitly omit them:
  omit [DecidableEq F] [WeierstrassCurve.IsElliptic W.toAffine] in theorem ...

Note: This linter can be disabled with `set_option linter.unusedSectionVars false`
⚠ [3677/3806] Replayed ZhangLS.External.HasseWeil.Foundation.Auxiliary.DiffQuotientRule
warning: ZhangLS/External/HasseWeil/Foundation/Auxiliary/DiffQuotientRule.lean:27:0: automatically included section variable(s) unused in theorem `HasseWeil.D_inv_smul`:
  [WeierstrassCurve.IsElliptic E]
consider restructuring your `variable` declarations so that the variables are not in scope or explicitly omit them:
  omit [WeierstrassCurve.IsElliptic E] in theorem ...

Note: This linter can be disabled with `set_option linter.unusedSectionVars false`
⚠ [3699/3806] Replayed ZhangLS.External.HasseWeil.Foundation.OrdAtInftyBridge
warning: ZhangLS/External/HasseWeil/Foundation/OrdAtInftyBridge.lean:55:8: automatically included section variable(s) unused in theorem `HasseWeil.W_smooth_toAffine`:
  [DecidableEq F]
  [WeierstrassCurve.IsElliptic W.toAffine]
consider restructuring your `variable` declarations so that the variables are not in scope or explicitly omit them:
  omit [DecidableEq F] [WeierstrassCurve.IsElliptic W.toAffine] in theorem ...

Note: This linter can be disabled with `set_option linter.unusedSectionVars false`
warning: ZhangLS/External/HasseWeil/Foundation/OrdAtInftyBridge.lean:59:8: automatically included section variable(s) unused in theorem `HasseWeil.W_smooth_functionField`:
  [DecidableEq F]
  [WeierstrassCurve.IsElliptic W.toAffine]
consider restructuring your `variable` declarations so that the variables are not in scope or explicitly omit them:
  omit [DecidableEq F] [WeierstrassCurve.IsElliptic W.toAffine] in theorem ...

Note: This linter can be disabled with `set_option linter.unusedSectionVars false`
warning: ZhangLS/External/HasseWeil/Foundation/OrdAtInftyBridge.lean:64:0: automatically included section variable(s) unused in theorem `HasseWeil.coordX_W_smooth_eq_x_gen`:
  [DecidableEq F]
  [WeierstrassCurve.IsElliptic W.toAffine]
consider restructuring your `variable` declarations so that the variables are not in scope or explicitly omit them:
  omit [DecidableEq F] [WeierstrassCurve.IsElliptic W.toAffine] in theorem ...

Note: This linter can be disabled with `set_option linter.unusedSectionVars false`
warning: ZhangLS/External/HasseWeil/Foundation/OrdAtInftyBridge.lean:81:0: automatically included section variable(s) unused in theorem `HasseWeil.coordY_W_smooth_eq_y_gen`:
  [DecidableEq F]
  [WeierstrassCurve.IsElliptic W.toAffine]
consider restructuring your `variable` declarations so that the variables are not in scope or explicitly omit them:
  omit [DecidableEq F] [WeierstrassCurve.IsElliptic W.toAffine] in theorem ...

Note: This linter can be disabled with `set_option linter.unusedSectionVars false`
warning: ZhangLS/External/HasseWeil/Foundation/OrdAtInftyBridge.lean:94:0: automatically included section variable(s) unused in theorem `HasseWeil.ordAtInfty_algebraMap_F_nonzero`:
  [DecidableEq F]
  [WeierstrassCurve.IsElliptic W.toAffine]
consider restructuring your `variable` declarations so that the variables are not in scope or explicitly omit them:
  omit [DecidableEq F] [WeierstrassCurve.IsElliptic W.toAffine] in theorem ...

Note: This linter can be disabled with `set_option linter.unusedSectionVars false`
warning: ZhangLS/External/HasseWeil/Foundation/OrdAtInftyBridge.lean:146:0: automatically included section variable(s) unused in theorem `HasseWeil.Φ_ff_eq_algebraMap_polynomial`:
  [DecidableEq F]
  [WeierstrassCurve.IsElliptic W.toAffine]
consider restructuring your `variable` declarations so that the variables are not in scope or explicitly omit them:
  omit [DecidableEq F] [WeierstrassCurve.IsElliptic W.toAffine] in theorem ...

Note: This linter can be disabled with `set_option linter.unusedSectionVars false`
warning: ZhangLS/External/HasseWeil/Foundation/OrdAtInftyBridge.lean:153:0: automatically included section variable(s) unused in theorem `HasseWeil.ΨSq_ff_eq_algebraMap_polynomial`:
  [DecidableEq F]
  [WeierstrassCurve.IsElliptic W.toAffine]
consider restructuring your `variable` declarations so that the variables are not in scope or explicitly omit them:
  omit [DecidableEq F] [WeierstrassCurve.IsElliptic W.toAffine] in theorem ...

Note: This linter can be disabled with `set_option linter.unusedSectionVars false`
warning: ZhangLS/External/HasseWeil/Foundation/OrdAtInftyBridge.lean:217:0: automatically included section variable(s) unused in theorem `HasseWeil.mulByInt_x_ne_zero`:
  [DecidableEq F]
consider restructuring your `variable` declarations so that the variables are not in scope or explicitly omit them:
  omit [DecidableEq F] in theorem ...

Note: This linter can be disabled with `set_option linter.unusedSectionVars false`
⚠ [3705/3806] Replayed ZhangLS.External.HasseWeil.Foundation.EC.AffinePointMap
warning: ZhangLS/External/HasseWeil/Foundation/EC/AffinePointMap.lean:94:0: automatically included section variable(s) unused in theorem `HasseWeil.Affine.Point.map_neg`:
  [DecidableEq F]
  [DecidableEq F']
consider restructuring your `variable` declarations so that the variables are not in scope or explicitly omit them:
  omit [DecidableEq F] [DecidableEq F'] in theorem ...

Note: This linter can be disabled with `set_option linter.unusedSectionVars false`
⚠ [3706/3806] Replayed ZhangLS.External.HasseWeil.Foundation.EC.GenericPoint
warning: ZhangLS/External/HasseWeil/Foundation/EC/GenericPoint.lean:43:0: automatically included section variable(s) unused in theorem `HasseWeil.generic_nonsingular`:
  [DecidableEq F]
consider restructuring your `variable` declarations so that the variables are not in scope or explicitly omit them:
  omit [DecidableEq F] in theorem ...

Note: This linter can be disabled with `set_option linter.unusedSectionVars false`
⚠ [3709/3806] Replayed ZhangLS.External.HasseWeil.Foundation.EC.GenericPointZsmul
warning: ZhangLS/External/HasseWeil/Foundation/EC/GenericPointZsmul.lean:139:0: automatically included section variable(s) unused in theorem `HasseWeil.mulByInt_y_neg`:
  [DecidableEq F]
consider restructuring your `variable` declarations so that the variables are not in scope or explicitly omit them:
  omit [DecidableEq F] in theorem ...

Note: This linter can be disabled with `set_option linter.unusedSectionVars false`
warning: ZhangLS/External/HasseWeil/Foundation/EC/GenericPointZsmul.lean:161:0: automatically included section variable(s) unused in theorem `HasseWeil.mulByInt_x_eq`:
  [DecidableEq F]
consider restructuring your `variable` declarations so that the variables are not in scope or explicitly omit them:
  omit [DecidableEq F] in theorem ...

Note: This linter can be disabled with `set_option linter.unusedSectionVars false`
warning: ZhangLS/External/HasseWeil/Foundation/EC/GenericPointZsmul.lean:250:0: automatically included section variable(s) unused in theorem `HasseWeil.mulByInt_y_sub_negY`:
  [DecidableEq F]
consider restructuring your `variable` declarations so that the variables are not in scope or explicitly omit them:
  omit [DecidableEq F] in theorem ...

Note: This linter can be disabled with `set_option linter.unusedSectionVars false`
warning: ZhangLS/External/HasseWeil/Foundation/EC/GenericPointZsmul.lean:284:0: automatically included section variable(s) unused in theorem `HasseWeil.generic_weierstrass`:
  [DecidableEq F]
  [WeierstrassCurve.IsElliptic W.toAffine]
consider restructuring your `variable` declarations so that the variables are not in scope or explicitly omit them:
  omit [DecidableEq F] [WeierstrassCurve.IsElliptic W.toAffine] in theorem ...

Note: This linter can be disabled with `set_option linter.unusedSectionVars false`
warning: ZhangLS/External/HasseWeil/Foundation/EC/GenericPointZsmul.lean:294:0: automatically included section variable(s) unused in theorem `HasseWeil.ψ_ff_three_eq`:
  [DecidableEq F]
  [WeierstrassCurve.IsElliptic W.toAffine]
consider restructuring your `variable` declarations so that the variables are not in scope or explicitly omit them:
  omit [DecidableEq F] [WeierstrassCurve.IsElliptic W.toAffine] in theorem ...

Note: This linter can be disabled with `set_option linter.unusedSectionVars false`
warning: ZhangLS/External/HasseWeil/Foundation/EC/GenericPointZsmul.lean:604:0: automatically included section variable(s) unused in theorem `HasseWeil.evalEval_φ_at_mulByInt_eq_eval₂_Φ`:
  [DecidableEq F]
consider restructuring your `variable` declarations so that the variables are not in scope or explicitly omit them:
  omit [DecidableEq F] in theorem ...

Note: This linter can be disabled with `set_option linter.unusedSectionVars false`
warning: ZhangLS/External/HasseWeil/Foundation/EC/GenericPointZsmul.lean:620:0: automatically included section variable(s) unused in theorem `HasseWeil.evalEval_ψ_sq_at_mulByInt_eq_eval₂_ΨSq`:
  [DecidableEq F]
consider restructuring your `variable` declarations so that the variables are not in scope or explicitly omit them:
  omit [DecidableEq F] in theorem ...

Note: This linter can be disabled with `set_option linter.unusedSectionVars false`
⚠ [3710/3806] Replayed ZhangLS.External.HasseWeil.Isogeny.Frobenius.OrdAtInfty
warning: ZhangLS/External/HasseWeil/Isogeny/Frobenius/OrdAtInfty.lean:1141:0: automatically included section variable(s) unused in theorem `HasseWeil.mulByInt_pullback_y_neg_one`:
  [Fintype K]
consider restructuring your `variable` declarations so that the variables are not in scope or explicitly omit them:
  omit [Fintype K] in theorem ...

Note: This linter can be disabled with `set_option linter.unusedSectionVars false`
warning: ZhangLS/External/HasseWeil/Isogeny/Frobenius/OrdAtInfty.lean:2378:0: automatically included section variable(s) unused in theorem `HasseWeil.mulByInt_neg_one_pullback_comp_self`:
  [Fintype K]
consider restructuring your `variable` declarations so that the variables are not in scope or explicitly omit them:
  omit [Fintype K] in theorem ...

Note: This linter can be disabled with `set_option linter.unusedSectionVars false`
warning: ZhangLS/External/HasseWeil/Isogeny/Frobenius/OrdAtInfty.lean:2541:8: automatically included section variable(s) unused in theorem `HasseWeil.mulByInt_neg_one_pullback_algebraMap_K`:
  [Fintype K]
consider restructuring your `variable` declarations so that the variables are not in scope or explicitly omit them:
  omit [Fintype K] in theorem ...

Note: This linter can be disabled with `set_option linter.unusedSectionVars false`
warning: ZhangLS/External/HasseWeil/Isogeny/Frobenius/OrdAtInfty.lean:2549:0: automatically included section variable(s) unused in theorem `HasseWeil.mulByInt_neg_one_pullback_algebraMap_polyK`:
  [Fintype K]
consider restructuring your `variable` declarations so that the variables are not in scope or explicitly omit them:
  omit [Fintype K] in theorem ...

Note: This linter can be disabled with `set_option linter.unusedSectionVars false`
warning: ZhangLS/External/HasseWeil/Isogeny/Frobenius/OrdAtInfty.lean:2615:0: automatically included section variable(s) unused in theorem `HasseWeil.a₁X_plus_a₃_ne_zero_char_two`:
  [Fintype K]
  [DecidableEq K]
consider restructuring your `variable` declarations so that the variables are not in scope or explicitly omit them:
  omit [Fintype K] [DecidableEq K] in theorem ...

Note: This linter can be disabled with `set_option linter.unusedSectionVars false`
warning: ZhangLS/External/HasseWeil/Isogeny/Frobenius/OrdAtInfty.lean:2631:0: automatically included section variable(s) unused in theorem `HasseWeil.algebraMap_a₁X_plus_a₃`:
  [Fintype K]
  [DecidableEq K]
  [WeierstrassCurve.IsElliptic W.toAffine]
consider restructuring your `variable` declarations so that the variables are not in scope or explicitly omit them:
  omit [Fintype K] [DecidableEq K] [WeierstrassCurve.IsElliptic W.toAffine] in theorem ...

Note: This linter can be disabled with `set_option linter.unusedSectionVars false`
warning: ZhangLS/External/HasseWeil/Isogeny/Frobenius/OrdAtInfty.lean:3072:0: automatically included section variable(s) unused in theorem `HasseWeil.sigma_mulByInt_pullback_x_eq`:
  [Fintype K]
consider restructuring your `variable` declarations so that the variables are not in scope or explicitly omit them:
  omit [Fintype K] in theorem ...

Note: This linter can be disabled with `set_option linter.unusedSectionVars false`
warning: ZhangLS/External/HasseWeil/Isogeny/Frobenius/OrdAtInfty.lean:3087:0: automatically included section variable(s) unused in theorem `HasseWeil.sigma_mulByInt_pullback_y_eq`:
  [Fintype K]
consider restructuring your `variable` declarations so that the variables are not in scope or explicitly omit them:
  omit [Fintype K] in theorem ...

Note: This linter can be disabled with `set_option linter.unusedSectionVars false`
warning: ZhangLS/External/HasseWeil/Isogeny/Frobenius/OrdAtInfty.lean:3309:0: automatically included section variable(s) unused in theorem `HasseWeil.ordAtInfty_mulByInt_neg_pullback_x_gen`:
  [Fintype K]
consider restructuring your `variable` declarations so that the variables are not in scope or explicitly omit them:
  omit [Fintype K] in theorem ...

Note: This linter can be disabled with `set_option linter.unusedSectionVars false`
warning: ZhangLS/External/HasseWeil/Isogeny/Frobenius/OrdAtInfty.lean:3531:0: automatically included section variable(s) unused in theorem `HasseWeil.ordAtInfty_mulByInt_y_eq_of_x`:
  [Fintype K]
consider restructuring your `variable` declarations so that the variables are not in scope or explicitly omit them:
  omit [Fintype K] in theorem ...

Note: This linter can be disabled with `set_option linter.unusedSectionVars false`
warning: ZhangLS/External/HasseWeil/Isogeny/Frobenius/OrdAtInfty.lean:3834:15: unused variable `hr`

Note: This linter can be disabled with `set_option linter.unusedVariables false`
warning: ZhangLS/External/HasseWeil/Isogeny/Frobenius/OrdAtInfty.lean:3834:28: unused variable `hs`

Note: This linter can be disabled with `set_option linter.unusedVariables false`
⚠ [3726/3806] Replayed ZhangLS.External.HasseWeil.Foundation.LocalExpansion
warning: ZhangLS/External/HasseWeil/Foundation/LocalExpansion.lean:80:8: automatically included section variable(s) unused in theorem `HasseWeil.formalU_constantCoeff`:
  [DecidableEq F]
  [WeierstrassCurve.IsElliptic W.toAffine]
consider restructuring your `variable` declarations so that the variables are not in scope or explicitly omit them:
  omit [DecidableEq F] [WeierstrassCurve.IsElliptic W.toAffine] in theorem ...

Note: This linter can be disabled with `set_option linter.unusedSectionVars false`
warning: ZhangLS/External/HasseWeil/Foundation/LocalExpansion.lean:107:8: automatically included section variable(s) unused in theorem `HasseWeil.formalU_inv_constantCoeff`:
  [DecidableEq F]
  [WeierstrassCurve.IsElliptic W.toAffine]
consider restructuring your `variable` declarations so that the variables are not in scope or explicitly omit them:
  omit [DecidableEq F] [WeierstrassCurve.IsElliptic W.toAffine] in theorem ...

Note: This linter can be disabled with `set_option linter.unusedSectionVars false`
warning: ZhangLS/External/HasseWeil/Foundation/LocalExpansion.lean:252:0: automatically included section variable(s) unused in theorem `HasseWeil.formalW_ne_zero`:
  [DecidableEq F]
  [WeierstrassCurve.IsElliptic W.toAffine]
consider restructuring your `variable` declarations so that the variables are not in scope or explicitly omit them:
  omit [DecidableEq F] [WeierstrassCurve.IsElliptic W.toAffine] in theorem ...

Note: This linter can be disabled with `set_option linter.unusedSectionVars false`
warning: ZhangLS/External/HasseWeil/Foundation/LocalExpansion.lean:270:0: automatically included section variable(s) unused in theorem `HasseWeil.formalW_eq_X3_mul_U`:
  [DecidableEq F]
  [WeierstrassCurve.IsElliptic W.toAffine]
consider restructuring your `variable` declarations so that the variables are not in scope or explicitly omit them:
  omit [DecidableEq F] [WeierstrassCurve.IsElliptic W.toAffine] in theorem ...

Note: This linter can be disabled with `set_option linter.unusedSectionVars false`
warning: ZhangLS/External/HasseWeil/Foundation/LocalExpansion.lean:450:0: automatically included section variable(s) unused in theorem `HasseWeil.localParam_ne_zero`:
  [DecidableEq F]
  [WeierstrassCurve.IsElliptic W.toAffine]
consider restructuring your `variable` declarations so that the variables are not in scope or explicitly omit them:
  omit [DecidableEq F] [WeierstrassCurve.IsElliptic W.toAffine] in theorem ...

Note: This linter can be disabled with `set_option linter.unusedSectionVars false`
warning: ZhangLS/External/HasseWeil/Foundation/LocalExpansion.lean:475:8: automatically included section variable(s) unused in theorem `HasseWeil.localExpand_inner_X`:
  [DecidableEq F]
  [WeierstrassCurve.IsElliptic W.toAffine]
consider restructuring your `variable` declarations so that the variables are not in scope or explicitly omit them:
  omit [DecidableEq F] [WeierstrassCurve.IsElliptic W.toAffine] in theorem ...

Note: This linter can be disabled with `set_option linter.unusedSectionVars false`
warning: ZhangLS/External/HasseWeil/Foundation/LocalExpansion.lean:480:8: automatically included section variable(s) unused in theorem `HasseWeil.localExpand_inner_C`:
  [DecidableEq F]
  [WeierstrassCurve.IsElliptic W.toAffine]
consider restructuring your `variable` declarations so that the variables are not in scope or explicitly omit them:
  omit [DecidableEq F] [WeierstrassCurve.IsElliptic W.toAffine] in theorem ...

Note: This linter can be disabled with `set_option linter.unusedSectionVars false`
ℹ [3774/4416] Replayed ZhangLS.External.HasseWeil.Foundation.EC.TranslationOrd
info: ZhangLS/External/HasseWeil/Foundation/EC/TranslationOrd.lean:1401:48: Try this:
  [apply] ring_nf
  
  The `ring` tactic failed to close the goal. Use `ring_nf` to obtain a normal form.
    
  Note that `ring` works primarily in *commutative* rings. If you have a noncommutative ring, abelian group or module, consider using `noncomm_ring`, `abel` or `module` instead.
info: ZhangLS/External/HasseWeil/Foundation/EC/TranslationOrd.lean:1403:63: Try this:
  [apply] ring_nf
  
  The `ring` tactic failed to close the goal. Use `ring_nf` to obtain a normal form.
    
  Note that `ring` works primarily in *commutative* rings. If you have a noncommutative ring, abelian group or module, consider using `noncomm_ring`, `abel` or `module` instead.
info: ZhangLS/External/HasseWeil/Foundation/EC/TranslationOrd.lean:1494:25: Try this:
  [apply] ring_nf
  
  The `ring` tactic failed to close the goal. Use `ring_nf` to obtain a normal form.
    
  Note that `ring` works primarily in *commutative* rings. If you have a noncommutative ring, abelian group or module, consider using `noncomm_ring`, `abel` or `module` instead.
⚠ [3775/4416] Replayed ZhangLS.External.HasseWeil.HasseBound.PointCount
warning: ZhangLS/External/HasseWeil/HasseBound/PointCount.lean:480:0: automatically included section variable(s) unused in theorem `HasseWeil.algHom_ext_of_eq_on_xy`:
  [DecidableEq F]
consider restructuring your `variable` declarations so that the variables are not in scope or explicitly omit them:
  omit [DecidableEq F] in theorem ...

Note: This linter can be disabled with `set_option linter.unusedSectionVars false`
⚠ [3778/4416] Replayed ZhangLS.External.HasseWeil.Isogeny.Basic
warning: ZhangLS/External/HasseWeil/Isogeny/Basic.lean:300:8: automatically included section variable(s) unused in theorem `HasseWeil.EC.Isogeny.frobenius_pullback`:
  [DecidableEq K]
consider restructuring your `variable` declarations so that the variables are not in scope or explicitly omit them:
  omit [DecidableEq K] in theorem ...

Note: This linter can be disabled with `set_option linter.unusedSectionVars false`
warning: ZhangLS/External/HasseWeil/Isogeny/Basic.lean:319:8: automatically included section variable(s) unused in theorem `HasseWeil.EC.Isogeny.frobenius_degree`:
  [DecidableEq K]
consider restructuring your `variable` declarations so that the variables are not in scope or explicitly omit them:
  omit [DecidableEq K] in theorem ...

Note: This linter can be disabled with `set_option linter.unusedSectionVars false`
warning: ZhangLS/External/HasseWeil/Isogeny/Basic.lean:329:8: automatically included section variable(s) unused in theorem `_private.ZhangLS.External.HasseWeil.Isogeny.Basic.0.HasseWeil.EC.Isogeny.frobenius_evalAtPullback`:
  [DecidableEq K]
consider restructuring your `variable` declarations so that the variables are not in scope or explicitly omit them:
  omit [DecidableEq K] in theorem ...

Note: This linter can be disabled with `set_option linter.unusedSectionVars false`
warning: ZhangLS/External/HasseWeil/Isogeny/Basic.lean:432:8: automatically included section variable(s) unused in theorem `HasseWeil.EC.Isogeny.mulByIntOfBasepoint_pullback`:
  [DecidableEq F]
consider restructuring your `variable` declarations so that the variables are not in scope or explicitly omit them:
  omit [DecidableEq F] in theorem ...

Note: This linter can be disabled with `set_option linter.unusedSectionVars false`
⚠ [3789/4416] Replayed ZhangLS.External.HasseWeil.Foundation.Curves.Divisor.PicZero
warning: ZhangLS/External/HasseWeil/Foundation/Curves/Divisor/PicZero.lean:82:8: automatically included section variable(s) unused in theorem `HasseWeil.Curves.projectiveDivisorSum_zero`:
  [WeierstrassCurve.IsElliptic W]
consider restructuring your `variable` declarations so that the variables are not in scope or explicitly omit them:
  omit [WeierstrassCurve.IsElliptic W] in theorem ...

Note: This linter can be disabled with `set_option linter.unusedSectionVars false`
warning: ZhangLS/External/HasseWeil/Foundation/Curves/Divisor/PicZero.lean:86:8: automatically included section variable(s) unused in theorem `HasseWeil.Curves.projectiveDivisorSum_single`:
  [WeierstrassCurve.IsElliptic W]
consider restructuring your `variable` declarations so that the variables are not in scope or explicitly omit them:
  omit [WeierstrassCurve.IsElliptic W] in theorem ...

Note: This linter can be disabled with `set_option linter.unusedSectionVars false`
warning: ZhangLS/External/HasseWeil/Foundation/Curves/Divisor/PicZero.lean:93:8: automatically included section variable(s) unused in theorem `HasseWeil.Curves.projectiveDivisorSum_add`:
  [WeierstrassCurve.IsElliptic W]
consider restructuring your `variable` declarations so that the variables are not in scope or explicitly omit them:
  omit [WeierstrassCurve.IsElliptic W] in theorem ...

Note: This linter can be disabled with `set_option linter.unusedSectionVars false`
warning: ZhangLS/External/HasseWeil/Foundation/Curves/Divisor/PicZero.lean:238:0: automatically included section variable(s) unused in theorem `HasseWeil.Curves.kappaDivisor_degree`:
  [DecidableEq F]
  [WeierstrassCurve.IsElliptic W]
consider restructuring your `variable` declarations so that the variables are not in scope or explicitly omit them:
  omit [DecidableEq F] [WeierstrassCurve.IsElliptic W] in theorem ...

Note: This linter can be disabled with `set_option linter.unusedSectionVars false`
⚠ [3792/4416] Replayed ZhangLS.External.HasseWeil.Foundation.Curves.Divisor.PicZeroPushforward
warning: ZhangLS/External/HasseWeil/Foundation/Curves/Divisor/PicZeroPushforward.lean:49:8: automatically included section variable(s) unused in theorem `HasseWeil.EC.Isogeny.pushforwardProjectiveDivisor_apply`:
  [DecidableEq F]
consider restructuring your `variable` declarations so that the variables are not in scope or explicitly omit them:
  omit [DecidableEq F] in theorem ...

Note: This linter can be disabled with `set_option linter.unusedSectionVars false`
warning: ZhangLS/External/HasseWeil/Foundation/Curves/Divisor/PicZeroPushforward.lean:56:8: automatically included section variable(s) unused in theorem `HasseWeil.EC.Isogeny.pushforwardProjectiveDivisor_zero`:
  [DecidableEq F]
consider restructuring your `variable` declarations so that the variables are not in scope or explicitly omit them:
  omit [DecidableEq F] in theorem ...

Note: This linter can be disabled with `set_option linter.unusedSectionVars false`
warning: ZhangLS/External/HasseWeil/Foundation/Curves/Divisor/PicZeroPushforward.lean:61:8: automatically included section variable(s) unused in theorem `HasseWeil.EC.Isogeny.pushforwardProjectiveDivisor_add`:
  [DecidableEq F]
consider restructuring your `variable` declarations so that the variables are not in scope or explicitly omit them:
  omit [DecidableEq F] in theorem ...

Note: This linter can be disabled with `set_option linter.unusedSectionVars false`
⚠ [3823/4416] Replayed ZhangLS.External.HasseWeil.Foundation.AdditionPullback.SilvermanIV14
warning: ZhangLS/External/HasseWeil/Foundation/AdditionPullback/SilvermanIV14.lean:2818:0: automatically included section variable(s) unused in theorem `HasseWeil.kaehler_curve_equation_K_E`:
  [Fintype K]
  [DecidableEq K]
  [WeierstrassCurve.IsElliptic W.toAffine]
consider restructuring your `variable` declarations so that the variables are not in scope or explicitly omit them:
  omit [Fintype K] [DecidableEq K] [WeierstrassCurve.IsElliptic W.toAffine] in theorem ...

Note: This linter can be disabled with `set_option linter.unusedSectionVars false`
⚠ [3827/4416] Replayed ZhangLS.External.HasseWeil.HasseBound.PoleDivisorFallback
warning: ZhangLS/External/HasseWeil/HasseBound/PoleDivisorFallback.lean:185:0: automatically included section variable(s) unused in theorem `HasseWeil.Conditional.pointValuation_eq_of_invariant_and_compatible`:
  [Fintype K]
consider restructuring your `variable` declarations so that the variables are not in scope or explicitly omit them:
  omit [Fintype K] in theorem ...

Note: This linter can be disabled with `set_option linter.unusedSectionVars false`
warning: ZhangLS/External/HasseWeil/HasseBound/PoleDivisorFallback.lean:323:0: automatically included section variable(s) unused in theorem `HasseWeil.Conditional.ord_T_translateAlgEquivOfPoint_neg_x_gen_eq_neg_two`:
  [Fintype K]
consider restructuring your `variable` declarations so that the variables are not in scope or explicitly omit them:
  omit [Fintype K] in theorem ...

Note: This linter can be disabled with `set_option linter.unusedSectionVars false`
warning: ZhangLS/External/HasseWeil/HasseBound/PoleDivisorFallback.lean:395:0: automatically included section variable(s) unused in theorem `HasseWeil.Conditional.ord_T_translateAlgEquivOfPoint_neg_y_gen_eq_neg_three`:
  [Fintype K]
consider restructuring your `variable` declarations so that the variables are not in scope or explicitly omit them:
  omit [Fintype K] in theorem ...

Note: This linter can be disabled with `set_option linter.unusedSectionVars false`
warning: ZhangLS/External/HasseWeil/HasseBound/PoleDivisorFallback.lean:1304:0: automatically included section variable(s) unused in theorem `HasseWeil.Conditional.bridge_at_T2_two_a6_of_non_2_tor`:
  [Fintype K]
consider restructuring your `variable` declarations so that the variables are not in scope or explicitly omit them:
  omit [Fintype K] in theorem ...

Note: This linter can be disabled with `set_option linter.unusedSectionVars false`
warning: ZhangLS/External/HasseWeil/HasseBound/PoleDivisorFallback.lean:2555:0: automatically included section variable(s) unused in theorem `HasseWeil.Conditional.transcendental_inv`:
  [Fintype K]
  [DecidableEq K]
consider restructuring your `variable` declarations so that the variables are not in scope or explicitly omit them:
  omit [Fintype K] [DecidableEq K] in theorem ...

Note: This linter can be disabled with `set_option linter.unusedSectionVars false`
⚠ [3828/4416] Replayed ZhangLS.External.HasseWeil.HasseBound.PoleDivisorTwoTorsion
warning: ZhangLS/External/HasseWeil/HasseBound/PoleDivisorTwoTorsion.lean:84:0: automatically included section variable(s) unused in theorem `HasseWeil.ord_P_x_gen_sub_const_ge_two_at_2tor`:
  [WeierstrassCurve.IsElliptic W.toAffine]
consider restructuring your `variable` declarations so that the variables are not in scope or explicitly omit them:
  omit [WeierstrassCurve.IsElliptic W.toAffine] in theorem ...

Note: This linter can be disabled with `set_option linter.unusedSectionVars false`
warning: ZhangLS/External/HasseWeil/HasseBound/PoleDivisorTwoTorsion.lean:640:0: automatically included section variable(s) unused in theorem `HasseWeil.ord_P_translateY_T3_coef_nonneg`:
  [WeierstrassCurve.IsElliptic W.toAffine]
consider restructuring your `variable` declarations so that the variables are not in scope or explicitly omit them:
  omit [WeierstrassCurve.IsElliptic W.toAffine] in theorem ...

Note: This linter can be disabled with `set_option linter.unusedSectionVars false`
warning: ZhangLS/External/HasseWeil/HasseBound/PoleDivisorTwoTorsion.lean:787:8: automatically included section variable(s) unused in theorem `_private.ZhangLS.External.HasseWeil.HasseBound.PoleDivisorTwoTorsion.0.HasseWeil.ord_P_y_gen_nonneg`:
  [DecidableEq K]
  [WeierstrassCurve.IsElliptic W.toAffine]
consider restructuring your `variable` declarations so that the variables are not in scope or explicitly omit them:
  omit [DecidableEq K] [WeierstrassCurve.IsElliptic W.toAffine] in theorem ...

Note: This linter can be disabled with `set_option linter.unusedSectionVars false`
warning: ZhangLS/External/HasseWeil/HasseBound/PoleDivisorTwoTorsion.lean:815:8: automatically included section variable(s) unused in theorem `_private.ZhangLS.External.HasseWeil.HasseBound.PoleDivisorTwoTorsion.0.HasseWeil.ord_P_translateY_T2_term_ge_four`:
  [WeierstrassCurve.IsElliptic W.toAffine]
consider restructuring your `variable` declarations so that the variables are not in scope or explicitly omit them:
  omit [WeierstrassCurve.IsElliptic W.toAffine] in theorem ...

Note: This linter can be disabled with `set_option linter.unusedSectionVars false`
⚠ [3830/4416] Replayed ZhangLS.External.HasseWeil.Isogeny.OrdTransport
warning: ZhangLS/External/HasseWeil/Isogeny/OrdTransport.lean:59:0: automatically included section variable(s) unused in theorem `HasseWeil.Curves.SmoothPlaneCurve.pointValuation_surjective'`:
  [DecidableEq F]
consider restructuring your `variable` declarations so that the variables are not in scope or explicitly omit them:
  omit [DecidableEq F] in theorem ...

Note: This linter can be disabled with `set_option linter.unusedSectionVars false`
warning: ZhangLS/External/HasseWeil/Isogeny/OrdTransport.lean:123:0: automatically included section variable(s) unused in theorem `HasseWeil.Curves.SmoothPlaneCurve.comap_pointValuation_surjective_of_ord_eq_one`:
  [DecidableEq F]
consider restructuring your `variable` declarations so that the variables are not in scope or explicitly omit them:
  omit [DecidableEq F] in theorem ...

Note: This linter can be disabled with `set_option linter.unusedSectionVars false`
⚠ [3837/4416] Replayed ZhangLS.External.HasseWeil.Isogeny.BaseChange.Basic
warning: ZhangLS/External/HasseWeil/Isogeny/BaseChange/Basic.lean:73:8: automatically included section variable(s) unused in theorem `HasseWeil.Isogeny.mkBaseChange_pullback`:
  [DecidableEq F]
  [WeierstrassCurve.IsElliptic W₁]
  [WeierstrassCurve.IsElliptic W₂]
consider restructuring your `variable` declarations so that the variables are not in scope or explicitly omit them:
  omit [DecidableEq F] [WeierstrassCurve.IsElliptic W₁] [WeierstrassCurve.IsElliptic W₂] in theorem ...

Note: This linter can be disabled with `set_option linter.unusedSectionVars false`
warning: ZhangLS/External/HasseWeil/Isogeny/BaseChange/Basic.lean:81:8: automatically included section variable(s) unused in theorem `HasseWeil.Isogeny.mkBaseChange_toAddMonoidHom`:
  [DecidableEq F]
  [WeierstrassCurve.IsElliptic W₁]
  [WeierstrassCurve.IsElliptic W₂]
consider restructuring your `variable` declarations so that the variables are not in scope or explicitly omit them:
  omit [DecidableEq F] [WeierstrassCurve.IsElliptic W₁] [WeierstrassCurve.IsElliptic W₂] in theorem ...

Note: This linter can be disabled with `set_option linter.unusedSectionVars false`
warning: ZhangLS/External/HasseWeil/Isogeny/BaseChange/Basic.lean:364:0: automatically included section variable(s) unused in theorem `HasseWeil.Isogeny.frobenius_eq_id_of_charP_prime`:
  [DecidableEq k]
consider restructuring your `variable` declarations so that the variables are not in scope or explicitly omit them:
  omit [DecidableEq k] in theorem ...

Note: This linter can be disabled with `set_option linter.unusedSectionVars false`
warning: ZhangLS/External/HasseWeil/Isogeny/BaseChange/Basic.lean:465:0: automatically included section variable(s) unused in theorem `HasseWeil.Isogeny.iterateFrobenius_eq_id_of_charP_pow`:
  [DecidableEq k]
consider restructuring your `variable` declarations so that the variables are not in scope or explicitly omit them:
  omit [DecidableEq k] in theorem ...

Note: This linter can be disabled with `set_option linter.unusedSectionVars false`
⚠ [3867/4416] Replayed ZhangLS.External.HasseWeil.HasseBound.Infrastructure
warning: ZhangLS/External/HasseWeil/HasseBound/Infrastructure.lean:377:0: automatically included section variable(s) unused in theorem `HasseWeil.OpenLemmas.function_field_x_separable`:
  [Fintype K]
  [DecidableEq K]
consider restructuring your `variable` declarations so that the variables are not in scope or explicitly omit them:
  omit [Fintype K] [DecidableEq K] in theorem ...

Note: This linter can be disabled with `set_option linter.unusedSectionVars false`
warning: ZhangLS/External/HasseWeil/HasseBound/Infrastructure.lean:696:0: automatically included section variable(s) unused in theorem `HasseWeil.OpenLemmas.vertical_principal`:
  [Fintype K]
consider restructuring your `variable` declarations so that the variables are not in scope or explicitly omit them:
  omit [Fintype K] in theorem ...

Note: This linter can be disabled with `set_option linter.unusedSectionVars false`
warning: ZhangLS/External/HasseWeil/HasseBound/Infrastructure.lean:796:0: automatically included section variable(s) unused in theorem `HasseWeil.OpenLemmas.miller_principal`:
  [Fintype K]
consider restructuring your `variable` declarations so that the variables are not in scope or explicitly omit them:
  omit [Fintype K] in theorem ...

Note: This linter can be disabled with `set_option linter.unusedSectionVars false`
warning: ZhangLS/External/HasseWeil/HasseBound/Infrastructure.lean:813:0: automatically included section variable(s) unused in theorem `HasseWeil.OpenLemmas.degree_zero_divisor_reduce`:
  [Fintype K]
consider restructuring your `variable` declarations so that the variables are not in scope or explicitly omit them:
  omit [Fintype K] in theorem ...

Note: This linter can be disabled with `set_option linter.unusedSectionVars false`
warning: ZhangLS/External/HasseWeil/HasseBound/Infrastructure.lean:831:0: automatically included section variable(s) unused in theorem `HasseWeil.OpenLemmas.point_minus_O_principal_eq_zero`:
  [Fintype K]
consider restructuring your `variable` declarations so that the variables are not in scope or explicitly omit them:
  omit [Fintype K] in theorem ...

Note: This linter can be disabled with `set_option linter.unusedSectionVars false`
warning: ZhangLS/External/HasseWeil/HasseBound/Infrastructure.lean:854:0: automatically included section variable(s) unused in theorem `HasseWeil.OpenLemmas.coordRingImage_ordAtInfty_ne_neg_one`:
  [Fintype K]
  [DecidableEq K]
  [WeierstrassCurve.IsElliptic W.toAffine]
consider restructuring your `variable` declarations so that the variables are not in scope or explicitly omit them:
  omit [Fintype K] [DecidableEq K] [WeierstrassCurve.IsElliptic W.toAffine] in theorem ...

Note: This linter can be disabled with `set_option linter.unusedSectionVars false`
warning: ZhangLS/External/HasseWeil/HasseBound/Infrastructure.lean:907:0: automatically included section variable(s) unused in theorem `HasseWeil.OpenLemmas.isogeny_degree_baseChange_eq`:
  [Fintype K]
consider restructuring your `variable` declarations so that the variables are not in scope or explicitly omit them:
  omit [Fintype K] in theorem ...

Note: This linter can be disabled with `set_option linter.unusedSectionVars false`
⚠ [3879/4416] Replayed ZhangLS.External.HasseWeil.Foundation.Verschiebung.Genuine
warning: ZhangLS/External/HasseWeil/Foundation/Verschiebung/Genuine.lean:1109:0: automatically included section variable(s) unused in theorem `HasseWeil.ordAtInfty_zsmul_mulByInt_neg_pullback_x_neg`:
  [Fintype K]
consider restructuring your `variable` declarations so that the variables are not in scope or explicitly omit them:
  omit [Fintype K] in theorem ...

Note: This linter can be disabled with `set_option linter.unusedSectionVars false`
warning: ZhangLS/External/HasseWeil/Foundation/Verschiebung/Genuine.lean:1226:0: automatically included section variable(s) unused in theorem `HasseWeil.addPullback_x_pair_ord_neg_of_sum_reduces_witness`:
  [Fintype K]
consider restructuring your `variable` declarations so that the variables are not in scope or explicitly omit them:
  omit [Fintype K] in theorem ...

Note: This linter can be disabled with `set_option linter.unusedSectionVars false`
warning: ZhangLS/External/HasseWeil/Foundation/Verschiebung/Genuine.lean:1273:0: automatically included section variable(s) unused in theorem `HasseWeil.addPullback_x_pair_sum_reduces_of_iv14_witness`:
  [Fintype K]
consider restructuring your `variable` declarations so that the variables are not in scope or explicitly omit them:
  omit [Fintype K] in theorem ...

Note: This linter can be disabled with `set_option linter.unusedSectionVars false`
warning: ZhangLS/External/HasseWeil/Foundation/Verschiebung/Genuine.lean:1346:0: automatically included section variable(s) unused in theorem `HasseWeil.addPullback_x_pair_x_ord_neg`:
  [Fintype K]
consider restructuring your `variable` declarations so that the variables are not in scope or explicitly omit them:
  omit [Fintype K] in theorem ...

Note: This linter can be disabled with `set_option linter.unusedSectionVars false`
⚠ [3881/4416] Replayed ZhangLS.External.HasseWeil.Isogeny.OmegaCoeffViaFormalGroup
warning: ZhangLS/External/HasseWeil/Isogeny/OmegaCoeffViaFormalGroup.lean:517:7: automatically included section variable(s) unused in theorem `HasseWeil.LExp.ext`:
  [DecidableEq F]
consider restructuring your `variable` declarations so that the variables are not in scope or explicitly omit them:
  omit [DecidableEq F] in theorem ...

Note: This linter can be disabled with `set_option linter.unusedSectionVars false`
warning: ZhangLS/External/HasseWeil/Isogeny/OmegaCoeffViaFormalGroup.lean:523:8: automatically included section variable(s) unused in theorem `HasseWeil.LExp.out_zero`:
  [DecidableEq F]
consider restructuring your `variable` declarations so that the variables are not in scope or explicitly omit them:
  omit [DecidableEq F] in theorem ...

Note: This linter can be disabled with `set_option linter.unusedSectionVars false`
warning: ZhangLS/External/HasseWeil/Isogeny/OmegaCoeffViaFormalGroup.lean:524:8: automatically included section variable(s) unused in theorem `HasseWeil.LExp.out_add`:
  [DecidableEq F]
consider restructuring your `variable` declarations so that the variables are not in scope or explicitly omit them:
  omit [DecidableEq F] in theorem ...

Note: This linter can be disabled with `set_option linter.unusedSectionVars false`
warning: ZhangLS/External/HasseWeil/Isogeny/OmegaCoeffViaFormalGroup.lean:525:8: automatically included section variable(s) unused in theorem `HasseWeil.LExp.out_neg`:
  [DecidableEq F]
consider restructuring your `variable` declarations so that the variables are not in scope or explicitly omit them:
  omit [DecidableEq F] in theorem ...

Note: This linter can be disabled with `set_option linter.unusedSectionVars false`
warning: ZhangLS/External/HasseWeil/Isogeny/OmegaCoeffViaFormalGroup.lean:526:8: automatically included section variable(s) unused in theorem `HasseWeil.LExp.out_sub`:
  [DecidableEq F]
consider restructuring your `variable` declarations so that the variables are not in scope or explicitly omit them:
  omit [DecidableEq F] in theorem ...

Note: This linter can be disabled with `set_option linter.unusedSectionVars false`
⚠ [3884/4416] Replayed ZhangLS.External.HasseWeil.HasseBound.SepDegreeWitnesses
warning: ZhangLS/External/HasseWeil/HasseBound/SepDegreeWitnesses.lean:104:0: automatically included section variable(s) unused in theorem `HasseWeil.Conditional.pointValuation_polyToFieldOfInv_le_one`:
  [Fintype K]
  [DecidableEq K]
consider restructuring your `variable` declarations so that the variables are not in scope or explicitly omit them:
  omit [Fintype K] [DecidableEq K] in theorem ...

Note: This linter can be disabled with `set_option linter.unusedSectionVars false`
warning: ZhangLS/External/HasseWeil/HasseBound/SepDegreeWitnesses.lean:287:0: automatically included section variable(s) unused in theorem `HasseWeil.Conditional.ordAtInfty_polyToFieldOfInv_nonneg`:
  [Fintype K]
consider restructuring your `variable` declarations so that the variables are not in scope or explicitly omit them:
  omit [Fintype K] in theorem ...

Note: This linter can be disabled with `set_option linter.unusedSectionVars false`
warning: ZhangLS/External/HasseWeil/HasseBound/SepDegreeWitnesses.lean:344:0: automatically included section variable(s) unused in theorem `HasseWeil.Conditional.ord_finset_sum_strict_gt`:
  [Fintype K]
  [DecidableEq K]
consider restructuring your `variable` declarations so that the variables are not in scope or explicitly omit them:
  omit [Fintype K] [DecidableEq K] in theorem ...

Note: This linter can be disabled with `set_option linter.unusedSectionVars false`
warning: ZhangLS/External/HasseWeil/HasseBound/SepDegreeWitnesses.lean:3228:0: automatically included section variable(s) unused in theorem `HasseWeil.ker_oneSubGeomFrobHom_setOfFixed_card_eq_pointCount`:
  [DecidableEq K]
consider restructuring your `variable` declarations so that the variables are not in scope or explicitly omit them:
  omit [DecidableEq K] in theorem ...

Note: This linter can be disabled with `set_option linter.unusedSectionVars false`
warning: ZhangLS/External/HasseWeil/HasseBound/SepDegreeWitnesses.lean:3287:0: automatically included section variable(s) unused in theorem `HasseWeil.geomPoles_oneSubFrob_eq_ker_setOfFixed`:
  [DecidableEq K]
consider restructuring your `variable` declarations so that the variables are not in scope or explicitly omit them:
  omit [DecidableEq K] in theorem ...

Note: This linter can be disabled with `set_option linter.unusedSectionVars false`
⚠ [3885/4416] Replayed ZhangLS.External.HasseWeil.Isogeny.VerschiebungFactorization
warning: ZhangLS/External/HasseWeil/Isogeny/VerschiebungFactorization.lean:51:0: automatically included section variable(s) unused in theorem `HasseWeil.mulByInt_q_pullback_qth_root`:
  [Fintype W.toAffine.Point]
consider restructuring your `variable` declarations so that the variables are not in scope or explicitly omit them:
  omit [Fintype W.toAffine.Point] in theorem ...

Note: This linter can be disabled with `set_option linter.unusedSectionVars false`
warning: ZhangLS/External/HasseWeil/Isogeny/VerschiebungFactorization.lean:260:0: automatically included section variable(s) unused in theorem `HasseWeil.moduleFinite_linfAt_gamma_pullback_x`:
  [Fintype W.toAffine.Point]
consider restructuring your `variable` declarations so that the variables are not in scope or explicitly omit them:
  omit [Fintype W.toAffine.Point] in theorem ...

Note: This linter can be disabled with `set_option linter.unusedSectionVars false`
warning: ZhangLS/External/HasseWeil/Isogeny/VerschiebungFactorization.lean:304:0: automatically included section variable(s) unused in theorem `HasseWeil.projectiveDivisorOf_pullback_x_gen_eq_neg_two_of_two_torsion_witness`:
  [Fintype W.toAffine.Point]
consider restructuring your `variable` declarations so that the variables are not in scope or explicitly omit them:
  omit [Fintype W.toAffine.Point] in theorem ...

Note: This linter can be disabled with `set_option linter.unusedSectionVars false`
warning: ZhangLS/External/HasseWeil/Isogeny/VerschiebungFactorization.lean:655:0: automatically included section variable(s) unused in theorem `HasseWeil.isogOneSub_negFrobenius_sepDegree_eq_card_emb`:
  [Fintype W.toAffine.Point]
consider restructuring your `variable` declarations so that the variables are not in scope or explicitly omit them:
  omit [Fintype W.toAffine.Point] in theorem ...

Note: This linter can be disabled with `set_option linter.unusedSectionVars false`
warning: ZhangLS/External/HasseWeil/Isogeny/VerschiebungFactorization.lean:711:8: automatically included section variable(s) unused in theorem `HasseWeil.isogOneSub_negFrobenius_embToPointOmega_eq`:
  [Fintype W.toAffine.Point]
consider restructuring your `variable` declarations so that the variables are not in scope or explicitly omit them:
  omit [Fintype W.toAffine.Point] in theorem ...

Note: This linter can be disabled with `set_option linter.unusedSectionVars false`
warning: ZhangLS/External/HasseWeil/Isogeny/VerschiebungFactorization.lean:744:0: automatically included section variable(s) unused in theorem `HasseWeil.frobenius_fixedPoint_iff_mem_baseField_gen`:
  [DecidableEq K]
consider restructuring your `variable` declarations so that the variables are not in scope or explicitly omit them:
  omit [DecidableEq K] in theorem ...

Note: This linter can be disabled with `set_option linter.unusedSectionVars false`
warning: ZhangLS/External/HasseWeil/Isogeny/VerschiebungFactorization.lean:784:0: automatically included section variable(s) unused in theorem `HasseWeil.algHom_ext_x_y_gen_omega`:
  [Fintype K]
  [DecidableEq K]
  [WeierstrassCurve.IsElliptic W.toAffine]
  [Fintype W.toAffine.Point]
consider restructuring your `variable` declarations so that the variables are not in scope or explicitly omit them:
  omit [Fintype K] [DecidableEq K] [WeierstrassCurve.IsElliptic W.toAffine] [Fintype W.toAffine.Point] in theorem ...

Note: This linter can be disabled with `set_option linter.unusedSectionVars false`
warning: ZhangLS/External/HasseWeil/Isogeny/VerschiebungFactorization.lean:805:0: automatically included section variable(s) unused in theorem `HasseWeil.embCurveBaseChange`:
  [Fintype K]
  [DecidableEq K]
  [WeierstrassCurve.IsElliptic W.toAffine]
  [Fintype W.toAffine.Point]
consider restructuring your `variable` declarations so that the variables are not in scope or explicitly omit them:
  omit [Fintype K] [DecidableEq K] [WeierstrassCurve.IsElliptic W.toAffine] [Fintype W.toAffine.Point] in theorem ...

Note: This linter can be disabled with `set_option linter.unusedSectionVars false`
warning: ZhangLS/External/HasseWeil/Isogeny/VerschiebungFactorization.lean:824:0: automatically included section variable(s) unused in theorem `HasseWeil.embFixesPullbackRange`:
  [Fintype W.toAffine.Point]
consider restructuring your `variable` declarations so that the variables are not in scope or explicitly omit them:
  omit [Fintype W.toAffine.Point] in theorem ...

Note: This linter can be disabled with `set_option linter.unusedSectionVars false`
warning: ZhangLS/External/HasseWeil/Isogeny/VerschiebungFactorization.lean:839:0: automatically included section variable(s) unused in theorem `HasseWeil.embAgreeOnPullbackRange`:
  [Fintype W.toAffine.Point]
consider restructuring your `variable` declarations so that the variables are not in scope or explicitly omit them:
  omit [Fintype W.toAffine.Point] in theorem ...

Note: This linter can be disabled with `set_option linter.unusedSectionVars false`
warning: ZhangLS/External/HasseWeil/Isogeny/VerschiebungFactorization.lean:933:0: automatically included section variable(s) unused in theorem `HasseWeil.includePtOmega_injective`:
  [Fintype K]
  [DecidableEq K]
  [WeierstrassCurve.IsElliptic W.toAffine]
  [Fintype W.toAffine.Point]
consider restructuring your `variable` declarations so that the variables are not in scope or explicitly omit them:
  omit [Fintype K] [DecidableEq K] [WeierstrassCurve.IsElliptic W.toAffine] [Fintype W.toAffine.Point] in theorem ...

Note: This linter can be disabled with `set_option linter.unusedSectionVars false`
warning: ZhangLS/External/HasseWeil/Isogeny/VerschiebungFactorization.lean:951:8: automatically included section variable(s) unused in theorem `HasseWeil.includePtOmega_some`:
  [Fintype K]
  [DecidableEq K]
  [WeierstrassCurve.IsElliptic W.toAffine]
  [Fintype W.toAffine.Point]
consider restructuring your `variable` declarations so that the variables are not in scope or explicitly omit them:
  omit [Fintype K] [DecidableEq K] [WeierstrassCurve.IsElliptic W.toAffine] [Fintype W.toAffine.Point] in theorem ...

Note: This linter can be disabled with `set_option linter.unusedSectionVars false`
warning: ZhangLS/External/HasseWeil/Isogeny/VerschiebungFactorization.lean:961:0: automatically included section variable(s) unused in theorem `HasseWeil.geomFrobOmega_some`:
  [DecidableEq K]
  [WeierstrassCurve.IsElliptic W.toAffine]
  [Fintype W.toAffine.Point]
consider restructuring your `variable` declarations so that the variables are not in scope or explicitly omit them:
  omit [DecidableEq K] [WeierstrassCurve.IsElliptic W.toAffine] [Fintype W.toAffine.Point] in theorem ...

Note: This linter can be disabled with `set_option linter.unusedSectionVars false`
warning: ZhangLS/External/HasseWeil/Isogeny/VerschiebungFactorization.lean:997:0: automatically included section variable(s) unused in theorem `HasseWeil.map_sigma_frob_comm`:
  [DecidableEq K]
  [WeierstrassCurve.IsElliptic W.toAffine]
  [Fintype W.toAffine.Point]
consider restructuring your `variable` declarations so that the variables are not in scope or explicitly omit them:
  omit [DecidableEq K] [WeierstrassCurve.IsElliptic W.toAffine] [Fintype W.toAffine.Point] in theorem ...

Note: This linter can be disabled with `set_option linter.unusedSectionVars false`
warning: ZhangLS/External/HasseWeil/Isogeny/VerschiebungFactorization.lean:1031:0: automatically included section variable(s) unused in theorem `HasseWeil.map_emb_generic_sub_frob_eq_of_agree`:
  [Fintype W.toAffine.Point]
consider restructuring your `variable` declarations so that the variables are not in scope or explicitly omit them:
  omit [Fintype W.toAffine.Point] in theorem ...

Note: This linter can be disabled with `set_option linter.unusedSectionVars false`
warning: ZhangLS/External/HasseWeil/Isogeny/VerschiebungFactorization.lean:1056:0: automatically included section variable(s) unused in theorem `HasseWeil.map_genericPoint_eq_some`:
  [Fintype K]
  [Fintype W.toAffine.Point]
consider restructuring your `variable` declarations so that the variables are not in scope or explicitly omit them:
  omit [Fintype K] [Fintype W.toAffine.Point] in theorem ...

Note: This linter can be disabled with `set_option linter.unusedSectionVars false`
warning: ZhangLS/External/HasseWeil/Isogeny/VerschiebungFactorization.lean:1302:0: automatically included section variable(s) unused in theorem `HasseWeil.genuine_dual_comp_toAddMonoidHom_eq_mulByInt`:
  [Fintype W.toAffine.Point]
consider restructuring your `variable` declarations so that the variables are not in scope or explicitly omit them:
  omit [Fintype W.toAffine.Point] in theorem ...

Note: This linter can be disabled with `set_option linter.unusedSectionVars false`
warning: ZhangLS/External/HasseWeil/Isogeny/VerschiebungFactorization.lean:1396:0: automatically included section variable(s) unused in theorem `HasseWeil.genuine_isogeny_ext_pullback`:
  [Fintype K]
  [Fintype W.toAffine.Point]
consider restructuring your `variable` declarations so that the variables are not in scope or explicitly omit them:
  omit [Fintype K] [Fintype W.toAffine.Point] in theorem ...

Note: This linter can be disabled with `set_option linter.unusedSectionVars false`
warning: ZhangLS/External/HasseWeil/Isogeny/VerschiebungFactorization.lean:1433:0: automatically included section variable(s) unused in theorem `HasseWeil.zsmulPointHom_apply`:
  [Fintype K]
  [DecidableEq K]
  [WeierstrassCurve.IsElliptic W.toAffine]
  [Fintype W.toAffine.Point]
consider restructuring your `variable` declarations so that the variables are not in scope or explicitly omit them:
  omit [Fintype K] [DecidableEq K] [WeierstrassCurve.IsElliptic W.toAffine] [Fintype W.toAffine.Point] in theorem ...

Note: This linter can be disabled with `set_option linter.unusedSectionVars false`
warning: ZhangLS/External/HasseWeil/Isogeny/VerschiebungFactorization.lean:1440:0: automatically included section variable(s) unused in theorem `HasseWeil.mulByInt_isGenuineWith`:
  [Fintype K]
  [Fintype W.toAffine.Point]
consider restructuring your `variable` declarations so that the variables are not in scope or explicitly omit them:
  omit [Fintype K] [Fintype W.toAffine.Point] in theorem ...

Note: This linter can be disabled with `set_option linter.unusedSectionVars false`
warning: ZhangLS/External/HasseWeil/Isogeny/VerschiebungFactorization.lean:1463:0: automatically included section variable(s) unused in theorem `HasseWeil.frobeniusIsog_isGenuineWith`:
  [Fintype W.toAffine.Point]
consider restructuring your `variable` declarations so that the variables are not in scope or explicitly omit them:
  omit [Fintype W.toAffine.Point] in theorem ...

Note: This linter can be disabled with `set_option linter.unusedSectionVars false`
warning: ZhangLS/External/HasseWeil/Isogeny/VerschiebungFactorization.lean:1488:0: automatically included section variable(s) unused in theorem `HasseWeil.zsmul_frobeniusIsog_isGenuineWith`:
  [Fintype W.toAffine.Point]
consider restructuring your `variable` declarations so that the variables are not in scope or explicitly omit them:
  omit [Fintype W.toAffine.Point] in theorem ...

Note: This linter can be disabled with `set_option linter.unusedSectionVars false`
warning: ZhangLS/External/HasseWeil/Isogeny/VerschiebungFactorization.lean:1536:0: automatically included section variable(s) unused in theorem `HasseWeil.addIsog_isGenuineWith`:
  [Fintype K]
  [Fintype W.toAffine.Point]
consider restructuring your `variable` declarations so that the variables are not in scope or explicitly omit them:
  omit [Fintype K] [Fintype W.toAffine.Point] in theorem ...

Note: This linter can be disabled with `set_option linter.unusedSectionVars false`
warning: ZhangLS/External/HasseWeil/Isogeny/VerschiebungFactorization.lean:1604:0: automatically included section variable(s) unused in theorem `HasseWeil.genuineIsogSmulSub_omegaPullbackCoeff`:
  [Fintype W.toAffine.Point]
consider restructuring your `variable` declarations so that the variables are not in scope or explicitly omit them:
  omit [Fintype W.toAffine.Point] in theorem ...

Note: This linter can be disabled with `set_option linter.unusedSectionVars false`
warning: ZhangLS/External/HasseWeil/Isogeny/VerschiebungFactorization.lean:1905:0: automatically included section variable(s) unused in theorem `HasseWeil.genuineIsogSmulSub_degree_pos`:
  [Fintype W.toAffine.Point]
consider restructuring your `variable` declarations so that the variables are not in scope or explicitly omit them:
  omit [Fintype W.toAffine.Point] in theorem ...

Note: This linter can be disabled with `set_option linter.unusedSectionVars false`
warning: ZhangLS/External/HasseWeil/Isogeny/VerschiebungFactorization.lean:1918:0: automatically included section variable(s) unused in theorem `HasseWeil.genuineIsogSmulSub_degree_eq_signed_of_pivot_witness`:
  [Fintype W.toAffine.Point]
consider restructuring your `variable` declarations so that the variables are not in scope or explicitly omit them:
  omit [Fintype W.toAffine.Point] in theorem ...

Note: This linter can be disabled with `set_option linter.unusedSectionVars false`
warning: ZhangLS/External/HasseWeil/Isogeny/VerschiebungFactorization.lean:2037:0: automatically included section variable(s) unused in theorem `HasseWeil.degree_quadratic_exists_edge_of_witness`:
  [Fintype W.toAffine.Point]
consider restructuring your `variable` declarations so that the variables are not in scope or explicitly omit them:
  omit [Fintype W.toAffine.Point] in theorem ...

Note: This linter can be disabled with `set_option linter.unusedSectionVars false`
warning: ZhangLS/External/HasseWeil/Isogeny/VerschiebungFactorization.lean:2097:0: automatically included section variable(s) unused in theorem `HasseWeil.qf_nonneg_skeleton_of_pivot_chain`:
  [Fintype W.toAffine.Point]
consider restructuring your `variable` declarations so that the variables are not in scope or explicitly omit them:
  omit [Fintype W.toAffine.Point] in theorem ...

Note: This linter can be disabled with `set_option linter.unusedSectionVars false`
⚠ [4019/4416] Replayed ZhangLS.External.HasseWeil.HasseBound.WeilPairing.Constancy
warning: ZhangLS/External/HasseWeil/HasseBound/WeilPairing/Constancy.lean:37:0: automatically included section variable(s) unused in theorem `HasseWeil.WeilPairing.const_of_projectiveDivisorOf_eq_zero`:
  [DecidableEq F]
consider restructuring your `variable` declarations so that the variables are not in scope or explicitly omit them:
  omit [DecidableEq F] in theorem ...

Note: This linter can be disabled with `set_option linter.unusedSectionVars false`
⚠ [4028/4416] Replayed ZhangLS.External.HasseWeil.Pic0.ClassGroupNorm
warning: ZhangLS/External/HasseWeil/Pic0/ClassGroupNorm.lean:48:8: automatically included section variable(s) unused in theorem `_private.ZhangLS.External.HasseWeil.Pic0.ClassGroupNorm.0.HasseWeil.fraction_finrank_eq`:
  [IsIntegrallyClosed R]
  [IsDedekindDomain R]
  [IsIntegrallyClosed S]
  [IsDedekindDomain S]
consider restructuring your `variable` declarations so that the variables are not in scope or explicitly omit them:
  omit [IsIntegrallyClosed R] [IsDedekindDomain R] [IsIntegrallyClosed S] [IsDedekindDomain S] in theorem ...

Note: This linter can be disabled with `set_option linter.unusedSectionVars false`
⚠ [4032/4416] Replayed ZhangLS.External.HasseWeil.Pic0.PicDual
warning: ZhangLS/External/HasseWeil/Pic0/PicDual.lean:675:0: automatically included section variable(s) unused in theorem `HasseWeil.Isogeny.eq_of_comp_eq_of_surjective`:
  [WeierstrassCurve.IsElliptic E]
consider restructuring your `variable` declarations so that the variables are not in scope or explicitly omit them:
  omit [WeierstrassCurve.IsElliptic E] in theorem ...

Note: This linter can be disabled with `set_option linter.unusedSectionVars false`
⚠ [4058/4416] Replayed ZhangLS.External.HasseWeil.HasseBound.WeilPairing.FrobeniusGenericCovariance
warning: ZhangLS/External/HasseWeil/HasseBound/WeilPairing/FrobeniusGenericCovariance.lean:141:0: automatically included section variable(s) unused in theorem `HasseWeil.WeilPairing.frobeniusGenericCovariance_lift_twist`:
  [DecidableEq K]
  [WeierstrassCurve.IsElliptic (W⁄(AlgebraicClosure K)).toAffine]
consider restructuring your `variable` declarations so that the variables are not in scope or explicitly omit them:
  omit [DecidableEq K] [WeierstrassCurve.IsElliptic (W⁄(AlgebraicClosure K)).toAffine] in theorem ...

Note: This linter can be disabled with `set_option linter.unusedSectionVars false`
⚠ [4067/4416] Replayed ZhangLS.External.HasseWeil.HasseBound.WeilPairing.FrobeniusDivisorGalois
warning: ZhangLS/External/HasseWeil/HasseBound/WeilPairing/FrobeniusDivisorGalois.lean:312:0: automatically included section variable(s) unused in theorem `HasseWeil.WeilPairing.geomFrobeniusPointFun_geomFrobSmoothPointInv`:
  [DecidableEq K]
consider restructuring your `variable` declarations so that the variables are not in scope or explicitly omit them:
  omit [DecidableEq K] in theorem ...

Note: This linter can be disabled with `set_option linter.unusedSectionVars false`
warning: ZhangLS/External/HasseWeil/HasseBound/WeilPairing/FrobeniusDivisorGalois.lean:389:0: automatically included section variable(s) unused in theorem `HasseWeil.WeilPairing.pullbackDiv_geomFrob_infinity`:
  [DecidableEq K]
consider restructuring your `variable` declarations so that the variables are not in scope or explicitly omit them:
  omit [DecidableEq K] in theorem ...

Note: This linter can be disabled with `set_option linter.unusedSectionVars false`
⚠ [4068/4416] Replayed ZhangLS.External.HasseWeil.HasseBound.WeilPairing.OneSubAffineResidues
warning: ZhangLS/External/HasseWeil/HasseBound/WeilPairing/OneSubAffineResidues.lean:524:8: automatically included section variable(s) unused in theorem `_private.ZhangLS.External.HasseWeil.HasseBound.WeilPairing.OneSubAffineResidues.0.HasseWeil.WeilPairing.natCast_card_eq_zero_functionField`:
  [DecidableEq K]
  [WeierstrassCurve.IsElliptic W.toAffine]
  [WeierstrassCurve.IsElliptic (W⁄(AlgebraicClosure K)).toAffine]
consider restructuring your `variable` declarations so that the variables are not in scope or explicitly omit them:
  omit [DecidableEq
  K] [WeierstrassCurve.IsElliptic
  W.toAffine] [WeierstrassCurve.IsElliptic (W⁄(AlgebraicClosure K)).toAffine] in theorem ...

Note: This linter can be disabled with `set_option linter.unusedSectionVars false`
warning: ZhangLS/External/HasseWeil/HasseBound/WeilPairing/OneSubAffineResidues.lean:629:8: automatically included section variable(s) unused in theorem `_private.ZhangLS.External.HasseWeil.HasseBound.WeilPairing.OneSubAffineResidues.0.HasseWeil.WeilPairing.ord_P_alpha_star_u_id_eq_zero`:
  [Fintype K]
  [DecidableEq K]
  [WeierstrassCurve.IsElliptic W.toAffine]
consider restructuring your `variable` declarations so that the variables are not in scope or explicitly omit them:
  omit [Fintype K] [DecidableEq K] [WeierstrassCurve.IsElliptic W.toAffine] in theorem ...

Note: This linter can be disabled with `set_option linter.unusedSectionVars false`
warning: ZhangLS/External/HasseWeil/HasseBound/WeilPairing/OneSubAffineResidues.lean:694:8: automatically included section variable(s) unused in theorem `_private.ZhangLS.External.HasseWeil.HasseBound.WeilPairing.OneSubAffineResidues.0.HasseWeil.WeilPairing.addSlopePair_comm_of_pullback_x_ne`:
  [Fintype K]
  [DecidableEq K]
  [WeierstrassCurve.IsElliptic W.toAffine]
consider restructuring your `variable` declarations so that the variables are not in scope or explicitly omit them:
  omit [Fintype K] [DecidableEq K] [WeierstrassCurve.IsElliptic W.toAffine] in theorem ...

Note: This linter can be disabled with `set_option linter.unusedSectionVars false`
⚠ [4073/4416] Replayed ZhangLS.External.HasseWeil.HasseBound.WeilPairing.PencilComapPointValuation
warning: ZhangLS/External/HasseWeil/HasseBound/WeilPairing/PencilComapPointValuation.lean:1652:10: This simp argument is unused:
  zero_smul

Hint: Omit it from the simp argument list.
  simp [z̵e̵r̵o̵_̵s̵m̵u̵l̵,̵ ̵neg_smul]

Note: This linter can be disabled with `set_option linter.unusedSimpArgs false`
⚠ [4075/4416] Replayed ZhangLS.External.HasseWeil.HasseBound.WeilPairing.Scaling.OneSubTransport
warning: ZhangLS/External/HasseWeil/HasseBound/WeilPairing/Scaling/OneSubTransport.lean:254:0: automatically included section variable(s) unused in theorem `HasseWeil.WeilPairing.comapPointValuationWitness_oneSub`:
  [Fintype W.toAffine.Point]
consider restructuring your `variable` declarations so that the variables are not in scope or explicitly omit them:
  omit [Fintype W.toAffine.Point] in theorem ...

Note: This linter can be disabled with `set_option linter.unusedSectionVars false`
⚠ [4077/4416] Replayed ZhangLS.Spec.Lemma44CharacterProduct
warning: ZhangLS/Spec/Lemma44CharacterProduct.lean:55:38: This simp argument is unused:
  mul_comm

Hint: Omit it from the simp argument list.
  simp [̵m̵u̵l̵_̵c̵o̵m̵m̵,̵ ̵m̵u̵l̵_̵l̵e̵f̵t̵_̵c̵o̵m̵m̵,̵[̲m̲u̲l̲_̲l̲e̲f̲t̲_̲c̲o̲m̲m̲,̲ mul_assoc]

Note: This linter can be disabled with `set_option linter.unusedSimpArgs false`
warning: ZhangLS/Spec/Lemma44CharacterProduct.lean:55:48: This simp argument is unused:
  mul_left_comm

Hint: Omit it from the simp argument list.
  simp [mul_comm, mul_l̵e̵f̵t̵_̵c̵o̵m̵m̵,̵ ̵m̵u̵l̵_̵assoc]

Note: This linter can be disabled with `set_option linter.unusedSimpArgs false`
⚠ [4102/4416] Replayed ZhangLS.Spec.Lemma23AnalyticLogBranch
warning: ZhangLS/Spec/Lemma23AnalyticLogBranch.lean:42:53: try 'simp' instead of 'simpa'

Note: This linter can be disabled with `set_option linter.unnecessarySimpa false`
warning: ZhangLS/Spec/Lemma23AnalyticLogBranch.lean:67:44: try 'simp' instead of 'simpa'

Note: This linter can be disabled with `set_option linter.unnecessarySimpa false`
⚠ [4115/4416] Replayed ZhangLS.Spec.Lemma23DirichletConjugation
warning: ZhangLS/Spec/Lemma23DirichletConjugation.lean:23:0: automatically included section variable(s) unused in theorem `ZhangLS.Spec.dirichletLSeries_inv_eq_conj_at_conj`:
  [NeZero N]
consider restructuring your `variable` declarations so that the variables are not in scope or explicitly omit them:
  omit [NeZero N] in theorem ...

Note: This linter can be disabled with `set_option linter.unusedSectionVars false`
⚠ [4117/4416] Replayed ZhangLS.Spec.Lemma23PrimitiveGaussSum
warning: ZhangLS/Spec/Lemma23PrimitiveGaussSum.lean:42:19: Used `tac1 <;> tac2` where `(tac1; tac2)` would suffice

Note: This linter can be disabled with `set_option linter.unnecessarySeqFocus false`
⚠ [4118/4416] Replayed ZhangLS.Spec.Lemma23DirichletUnitModulus
warning: ZhangLS/Spec/Lemma23DirichletUnitModulus.lean:112:48: Used `tac1 <;> tac2` where `(tac1; tac2)` would suffice

Note: This linter can be disabled with `set_option linter.unnecessarySeqFocus false`
⚠ [4230/4416] Replayed ZhangLS.Spec.Lemma44ComplexCharacterAbel
warning: ZhangLS/Spec/Lemma44ComplexCharacterAbel.lean:73:56: unused variable `hD`

Note: This linter can be disabled with `set_option linter.unusedVariables false`
⚠ [4250/4416] Replayed ZhangLS.Spec.Lemma31CharacterAbel
warning: ZhangLS/Spec/Lemma31CharacterAbel.lean:23:26: unused variable `hN`

Note: This linter can be disabled with `set_option linter.unusedVariables false`
⚠ [4277/4858] Replayed ZhangLS.Spec.Lemma44ProductMellin
warning: ZhangLS/Spec/Lemma44ProductMellin.lean:144:4: try 'simp' instead of 'simpa'

Note: This linter can be disabled with `set_option linter.unnecessarySimpa false`
⚠ [4281/4858] Replayed ZhangLS.Spec.Lemma44RightMellinApproximation
warning: ZhangLS/Spec/Lemma44RightMellinApproximation.lean:37:4: try 'simp' instead of 'simpa'

Note: This linter can be disabled with `set_option linter.unnecessarySimpa false`
⚠ [4285/4858] Replayed ZhangLS.Spec.Lemma44ReflectedLongSum
warning: ZhangLS/Spec/Lemma44ReflectedLongSum.lean:81:64: Used `tac1 <;> tac2` where `(tac1; tac2)` would suffice

Note: This linter can be disabled with `set_option linter.unnecessarySeqFocus false`
⚠ [4288/4858] Replayed ZhangLS.Spec.Lemma44InitialLeftEstimates
warning: ZhangLS/Spec/Lemma44InitialLeftEstimates.lean:68:23: Used `tac1 <;> tac2` where `(tac1; tac2)` would suffice

Note: This linter can be disabled with `set_option linter.unnecessarySeqFocus false`
⚠ [4291/4858] Replayed ZhangLS.Spec.Lemma44HorizontalGrowth
warning: ZhangLS/Spec/Lemma44HorizontalGrowth.lean:147:6: 'push_cast' tactic does nothing

Note: This linter can be disabled with `set_option linter.unusedTactic false`
⚠ [4293/4858] Replayed ZhangLS.Spec.Lemma44GaussianVerticalTail
info: ZhangLS/Spec/Lemma44GaussianVerticalTail.lean:41:4: Try this:
  [apply] ring_nf
  
  The `ring` tactic failed to close the goal. Use `ring_nf` to obtain a normal form.
    
  Note that `ring` works primarily in *commutative* rings. If you have a noncommutative ring, abelian group or module, consider using `noncomm_ring`, `abel` or `module` instead.
info: ZhangLS/Spec/Lemma44GaussianVerticalTail.lean:57:16: Try this:
  [apply] ring_nf
  
  The `ring` tactic failed to close the goal. Use `ring_nf` to obtain a normal form.
    
  Note that `ring` works primarily in *commutative* rings. If you have a noncommutative ring, abelian group or module, consider using `noncomm_ring`, `abel` or `module` instead.
warning: ZhangLS/Spec/Lemma44GaussianVerticalTail.lean:57:12: Used `tac1 <;> tac2` where `(tac1; tac2)` would suffice

Note: This linter can be disabled with `set_option linter.unnecessarySeqFocus false`
warning: ZhangLS/Spec/Lemma44GaussianVerticalTail.lean:68:22: Used `tac1 <;> tac2` where `(tac1; tac2)` would suffice

Note: This linter can be disabled with `set_option linter.unnecessarySeqFocus false`
info: ZhangLS/Spec/Lemma44GaussianVerticalTail.lean:153:35: Try this:
  [apply] ring_nf
  
  The `ring` tactic failed to close the goal. Use `ring_nf` to obtain a normal form.
    
  Note that `ring` works primarily in *commutative* rings. If you have a noncommutative ring, abelian group or module, consider using `noncomm_ring`, `abel` or `module` instead.
⚠ [4294/4858] Replayed ZhangLS.Spec.Lemma44LocalRectangle
warning: ZhangLS/Spec/Lemma44LocalRectangle.lean:115:46: This simp argument is unused:
  zero_mul

Hint: Omit it from the simp argument list.
  simp only [mem_reProdIm, mem_Icc, sub_re, sub_im, ofReal_re, ofReal_im, mul_re, mul_im, I_re,
  ̲  ̲ ̲ ̲ ̲ ̲ ̲ ̲I_im, mul_zero, z̵e̵r̵o̵_̵m̵u̵l̵,̵ ̵mul_one, zero_add, sub_zero]

Note: This linter can be disabled with `set_option linter.unusedSimpArgs false`
warning: ZhangLS/Spec/Lemma44LocalRectangle.lean:115:65: This simp argument is unused:
  zero_add

Hint: Omit it from the simp argument list.
  simp only [mem_reProdIm, mem_Icc, sub_re, sub_im, ofReal_re, ofReal_im, mul_re, mul_im, I_re,
  ̲  ̲ ̲ ̲ ̲ ̲ ̲ ̲I_im, mul_zero, zero_mul, mul_one, z̵e̵r̵o̵_̵a̵d̵d̵,̵ ̵sub_zero]

Note: This linter can be disabled with `set_option linter.unusedSimpArgs false`
⚠ [4297/4858] Replayed ZhangLS.Spec.Lemma44HorizontalIntegrals
warning: ZhangLS/Spec/Lemma44HorizontalIntegrals.lean:18:5: unused variable `hK`

Note: This linter can be disabled with `set_option linter.unusedVariables false`
⚠ [4298/4858] Replayed ZhangLS.Spec.Lemma44ReflectedPolynomialContours
warning: ZhangLS/Spec/Lemma44ReflectedPolynomialContours.lean:152:64: This simp argument is unused:
  mul_left_comm

Hint: Omit it from the simp argument list.
  simp only [sub_eq_add_neg, add_comm, add_left_comm, mul_comm, mul_l̵e̵f̵t̵_̵c̵o̵m̵m̵,̵ ̵m̵u̵l̵_̵assoc] at hc ⊢

Note: This linter can be disabled with `set_option linter.unusedSimpArgs false`
warning: ZhangLS/Spec/Lemma44ReflectedPolynomialContours.lean:152:79: This simp argument is unused:
  mul_assoc

Hint: Omit it from the simp argument list.
  simp only [sub_eq_add_neg, add_comm, add_left_comm, mul_comm, mul_left_comm,̵ ̵m̵u̵l̵_̵a̵s̵s̵o̵c̵] at hc ⊢

Note: This linter can be disabled with `set_option linter.unusedSimpArgs false`
⚠ [4302/4858] Replayed ZhangLS.Spec.Lemma45Normalization
warning: ZhangLS/Spec/Lemma45Normalization.lean:90:8: 'ring' tactic does nothing

Note: This linter can be disabled with `set_option linter.unusedTactic false`
warning: ZhangLS/Spec/Lemma45Normalization.lean:90:8: this tactic is never executed

Note: This linter can be disabled with `set_option linter.unreachableTactic false`
⚠ [4313/4858] Replayed ZhangLS.Spec.Lemma46SingleZero
warning: ZhangLS/Spec/Lemma46SingleZero.lean:33:10: This simp argument is unused:
  mem_sphere

Hint: Omit it from the simp argument list.
  simp [m̵e̵m̵_̵s̵p̵h̵e̵r̵e̵,̵ ̵dist_zero_right, abs_of_pos hR]

Note: This linter can be disabled with `set_option linter.unusedSimpArgs false`
warning: ZhangLS/Spec/Lemma46SingleZero.lean:33:22: This simp argument is unused:
  dist_zero_right

Hint: Omit it from the simp argument list.
  simp [mem_sphere, d̵i̵s̵t̵_̵z̵e̵r̵o̵_̵r̵i̵g̵h̵t̵,̵ ̵abs_of_pos hR]

Note: This linter can be disabled with `set_option linter.unusedSimpArgs false`
⚠ [4314/4858] Replayed ZhangLS.Spec.Lemma46RoucheLocal
warning: ZhangLS/Spec/Lemma46RoucheLocal.lean:30:5: unused variable `hm`

Note: This linter can be disabled with `set_option linter.unusedVariables false`
⚠ [4315/4858] Replayed ZhangLS.Spec.Lemma46ZeroAnalysis
warning: ZhangLS/Spec/Lemma46ZeroAnalysis.lean:108:39: Used `tac1 <;> tac2` where `(tac1; tac2)` would suffice

Note: This linter can be disabled with `set_option linter.unnecessarySeqFocus false`
warning: ZhangLS/Spec/Lemma46ZeroAnalysis.lean:151:54: unused variable `hc`

Note: This linter can be disabled with `set_option linter.unusedVariables false`
⚠ [4344/4858] Replayed ZhangLS.Spec.Lemma32Geometric
warning: ZhangLS/Spec/Lemma32Geometric.lean:13:2: 'norm_num [Nat.factorial] at h' tactic does nothing

Note: This linter can be disabled with `set_option linter.unusedTactic false`
⚠ [4346/4858] Replayed ZhangLS.Spec.Lemma32EulerFactors
warning: ZhangLS/Spec/Lemma32EulerFactors.lean:34:2: 'all_goals ring' tactic does nothing

Note: This linter can be disabled with `set_option linter.unusedTactic false`
warning: ZhangLS/Spec/Lemma32EulerFactors.lean:34:12: this tactic is never executed

Note: This linter can be disabled with `set_option linter.unreachableTactic false`
warning: ZhangLS/Spec/Lemma32EulerFactors.lean:44:2: 'all_goals ring' tactic does nothing

Note: This linter can be disabled with `set_option linter.unusedTactic false`
warning: ZhangLS/Spec/Lemma32EulerFactors.lean:44:12: this tactic is never executed

Note: This linter can be disabled with `set_option linter.unreachableTactic false`
⚠ [4356/4858] Replayed ZhangLS.Spec.Lemma32AnalyticCorrection
warning: ZhangLS/Spec/Lemma32AnalyticCorrection.lean:26:48: unused variable `hD`

Note: This linter can be disabled with `set_option linter.unusedVariables false`
⚠ [4361/4858] Replayed ZhangLS.Spec.Lemma32SmoothingCircle
warning: ZhangLS/Spec/Lemma32SmoothingCircle.lean:22:10: This simp argument is unused:
  norm_mul

Hint: Omit it from the simp argument list.
  simp [̵n̵o̵r̵m̵_̵m̵u̵l̵,̵C̵o̵m̵p̵l̵e̵x̵.̵n̵o̵r̵m̵_̵r̵e̵a̵l̵,̵a̵b̵s̵_̵o̵f̵_̵p̵o̵s̵[̲C̲o̲m̲p̲l̲e̲x̲.̲n̲o̲r̲m̲_̲r̲e̲a̲l̲,̲ ̲a̲b̲s̲_̲o̲f̲_̲p̲o̲s̲ hl0]

Note: This linter can be disabled with `set_option linter.unusedSimpArgs false`
⚠ [4362/4858] Replayed ZhangLS.Spec.Lemma32CircleIntegrand
warning: ZhangLS/Spec/Lemma32CircleIntegrand.lean:40:65: 'positivity' tactic does nothing

Note: This linter can be disabled with `set_option linter.unusedTactic false`
warning: ZhangLS/Spec/Lemma32CircleIntegrand.lean:40:65: this tactic is never executed

Note: This linter can be disabled with `set_option linter.unreachableTactic false`
⚠ [4369/4858] Replayed ZhangLS.Spec.Lemma32CorrectionProduct
warning: ZhangLS/Spec/Lemma32CorrectionProduct.lean:8:57: unused variable `χ`

Note: This linter can be disabled with `set_option linter.unusedVariables false`
⚠ [4372/4858] Replayed ZhangLS.Spec.Lemma32RegularNumerator
warning: ZhangLS/Spec/Lemma32RegularNumerator.lean:84:6: 'ring' tactic does nothing

Note: This linter can be disabled with `set_option linter.unusedTactic false`
warning: ZhangLS/Spec/Lemma32RegularNumerator.lean:84:6: this tactic is never executed

Note: This linter can be disabled with `set_option linter.unreachableTactic false`
⚠ [4379/4858] Replayed ZhangLS.Spec.Lemma32PrincipalBoundary
warning: ZhangLS/Spec/Lemma32PrincipalBoundary.lean:51:12: This simp argument is unused:
  mul_ite

Hint: Omit it from the simp argument list.
  simp [mul_i̵t̵e̵,̵m̵u̵l̵_̵comm]

Note: This linter can be disabled with `set_option linter.unusedSimpArgs false`
ℹ [4386/4858] Replayed ZhangLS.Spec.Lemma32QuarterPowerIntegrals
info: ZhangLS/Spec/Lemma32QuarterPowerIntegrals.lean:39:37: Try this:
  [apply] ring_nf
  
  The `ring` tactic failed to close the goal. Use `ring_nf` to obtain a normal form.
    
  Note that `ring` works primarily in *commutative* rings. If you have a noncommutative ring, abelian group or module, consider using `noncomm_ring`, `abel` or `module` instead.
⚠ [4390/4858] Replayed ZhangLS.Spec.Lemma32GlobalHeightGrowth
warning: ZhangLS/Spec/Lemma32GlobalHeightGrowth.lean:72:10: 'ring' tactic does nothing

Note: This linter can be disabled with `set_option linter.unusedTactic false`
warning: ZhangLS/Spec/Lemma32GlobalHeightGrowth.lean:72:10: this tactic is never executed

Note: This linter can be disabled with `set_option linter.unreachableTactic false`
⚠ [4395/4858] Replayed ZhangLS.Spec.Lemma32GammaMellin
warning: ZhangLS/Spec/Lemma32GammaMellin.lean:33:4: 'norm_num only [Nat.cast_one]' tactic does nothing

Note: This linter can be disabled with `set_option linter.unusedTactic false`
⚠ [4396/4858] Replayed ZhangLS.Spec.Lemma32MellinTerms
warning: ZhangLS/Spec/Lemma32MellinTerms.lean:21:39: This simp argument is unused:
  zero_mul

Hint: Omit it from the simp argument list.
  simp only [̵C̵o̵m̵p̵l̵e̵x̵.̵m̵u̵l̵_̵r̵e̵,̵C̵o̵m̵p̵l̵e̵x̵.̵a̵d̵d̵_̵r̵e̵,̵C̵o̵m̵p̵l̵e̵x̵.̵o̵f̵R̵e̵a̵l̵_̵r̵e̵,̵C̵o̵m̵p̵l̵e̵x̵.̵o̵f̵R̵e̵a̵l̵_̵i̵m̵,̵
  ̵ ̵ ̵ ̵ ̵C̵o̵m̵p̵l̵e̵x̵.̵I̵_̵r̵e̵,̵C̵o̵m̵p̵l̵e̵x̵.̵I̵_̵i̵m̵,̵m̵u̵l̵_̵z̵e̵r̵o̵,̵z̵e̵r̵o̵_̵m̵u̵l̵,̵s̵u̵b̵_̵z̵e̵r̵o̵,̵a̵d̵d̵_̵z̵e̵r̵o̵,̵C̵o̵m̵p̵l̵e̵x̵.̵o̵n̵e̵_̵r̵e̵,̵m̵u̵l̵_̵o̵n̵e̵,̵o̵n̵e̵_̵m̵u̵l̵]̵[̲C̲o̲m̲p̲l̲e̲x̲.̲m̲u̲l̲_̲r̲e̲,̲ ̲C̲o̲m̲p̲l̲e̲x̲.̲a̲d̲d̲_̲r̲e̲,̲ ̲C̲o̲m̲p̲l̲e̲x̲.̲o̲f̲R̲e̲a̲l̲_̲r̲e̲,̲ ̲C̲o̲m̲p̲l̲e̲x̲.̲o̲f̲R̲e̲a̲l̲_̲i̲m̲,̲ ̲C̲o̲m̲p̲l̲e̲x̲.̲I̲_̲r̲e̲,̲
  ̲ ̲ ̲ ̲ ̲C̲o̲m̲p̲l̲e̲x̲.̲I̲_̲i̲m̲,̲ ̲m̲u̲l̲_̲z̲e̲r̲o̲,̲ ̲s̲u̲b̲_̲z̲e̲r̲o̲,̲ ̲a̲d̲d̲_̲z̲e̲r̲o̲,̲ ̲C̲o̲m̲p̲l̲e̲x̲.̲o̲n̲e̲_̲r̲e̲,̲ ̲m̲u̲l̲_̲o̲n̲e̲,̲ ̲o̲n̲e̲_̲m̲u̲l̲]̲

Note: This linter can be disabled with `set_option linter.unusedSimpArgs false`
⚠ [4397/4858] Replayed ZhangLS.Spec.Lemma32TermMellinIdentity
warning: ZhangLS/Spec/Lemma32TermMellinIdentity.lean:20:4: try 'simp' instead of 'simpa'

Note: This linter can be disabled with `set_option linter.unnecessarySimpa false`
info: ZhangLS/Spec/Lemma32TermMellinIdentity.lean:48:74: Try this:
  [apply] ring_nf
  
  The `ring` tactic failed to close the goal. Use `ring_nf` to obtain a normal form.
    
  Note that `ring` works primarily in *commutative* rings. If you have a noncommutative ring, abelian group or module, consider using `noncomm_ring`, `abel` or `module` instead.
⚠ [4407/4858] Replayed ZhangLS.Spec.Lemma32BurgessAbelScale
warning: ZhangLS/Spec/Lemma32BurgessAbelScale.lean:32:20: Used `tac1 <;> tac2` where `(tac1; tac2)` would suffice

Note: This linter can be disabled with `set_option linter.unnecessarySeqFocus false`
⚠ [4411/4858] Replayed ZhangLS.Spec.Lemma32BurgessLeftError
warning: ZhangLS/Spec/Lemma32BurgessLeftError.lean:35:20: Used `tac1 <;> tac2` where `(tac1; tac2)` would suffice

Note: This linter can be disabled with `set_option linter.unnecessarySeqFocus false`
⚠ [4422/4858] Replayed ZhangLS.Spec.Lemma32QuadraticCorrelation
warning: ZhangLS/Spec/Lemma32QuadraticCorrelation.lean:36:17: Used `tac1 <;> tac2` where `(tac1; tac2)` would suffice

Note: This linter can be disabled with `set_option linter.unnecessarySeqFocus false`
⚠ [4454/4858] Replayed ZhangLS.Spec.Lemma32PrimeUnpairedHasseBound
warning: ZhangLS/Spec/Lemma32PrimeUnpairedHasseBound.lean:23:4: `push_neg` has been deprecated. Prefer using `push Not` instead.
If you'd rather continue using `push_neg` in your project, you can implement it as follows:
```
open Lean.Parser.Tactic in
macro "push_neg" cfg:optConfig loc:(location)? : tactic =>
  `(tactic| push $cfg:optConfig Not $[$loc]?)
```
⚠ [4478/4858] Replayed ZhangLS.Spec.Lemma32DivisorGcdAverage
warning: ZhangLS/Spec/Lemma32DivisorGcdAverage.lean:15:57: This simp argument is unused:
  and_assoc

Hint: Omit it from the simp argument list.
  simp [Nat.mem_divisors, Nat.dvd_gcd_iff, hD.ne', hg,̵ ̵a̵n̵d̵_̵a̵s̵s̵o̵c̵]

Note: This linter can be disabled with `set_option linter.unusedSimpArgs false`
⚠ [4481/4858] Replayed ZhangLS.Spec.Lemma32UnpairedSingleton
warning: ZhangLS/Spec/Lemma32UnpairedSingleton.lean:20:6: 'simp_all [eq_comm]' tactic does nothing

Note: This linter can be disabled with `set_option linter.unusedTactic false`
warning: ZhangLS/Spec/Lemma32UnpairedSingleton.lean:20:6: this tactic is never executed

Note: This linter can be disabled with `set_option linter.unreachableTactic false`
⚠ [4505/4858] Replayed ZhangLS.Spec.Lemma32SymmetricTriangleSum
warning: ZhangLS/Spec/Lemma32SymmetricTriangleSum.lean:35:59: This simp argument is unused:
  hf

Hint: Omit it from the simp argument list.
  simp_all ̵[̵h̵f̵]̵

Note: This linter can be disabled with `set_option linter.unusedSimpArgs false`
⚠ [4511/4858] Replayed ZhangLS.Spec.Lemma32CoprimeMobiusCount
warning: ZhangLS/Spec/Lemma32CoprimeMobiusCount.lean:25:57: This simp argument is unused:
  and_assoc

Hint: Omit it from the simp argument list.
  simp [Nat.mem_divisors, Nat.dvd_gcd_iff, hD.ne', hg,̵ ̵a̵n̵d̵_̵a̵s̵s̵o̵c̵]

Note: This linter can be disabled with `set_option linter.unusedSimpArgs false`
⚠ [4514/4858] Replayed ZhangLS.Spec.Lemma32FiniteShiftAverage
warning: ZhangLS/Spec/Lemma32FiniteShiftAverage.lean:78:23: try 'simp' instead of 'simpa'

Note: This linter can be disabled with `set_option linter.unnecessarySimpa false`
⚠ [4521/4858] Replayed ZhangLS.Spec.Lemma33Fourier
warning: ZhangLS/Spec/Lemma33Fourier.lean:79:12: This simp argument is unused:
  Complex.star_def

Hint: Omit it from the simp argument list.
  simp [̵C̵o̵m̵p̵l̵e̵x̵.̵s̵t̵a̵r̵_̵d̵e̵f̵,̵←̵ ̵C̵o̵m̵p̵l̵e̵x̵.̵n̵o̵r̵m̵S̵q̵_̵e̵q̵_̵c̵o̵n̵j̵_̵m̵u̵l̵_̵s̵e̵l̵f̵,̵C̵o̵m̵p̵l̵e̵x̵.̵n̵o̵r̵m̵S̵q̵_̵e̵q̵_̵n̵o̵r̵m̵_̵s̵q̵]̵[̲←̲ ̲C̲o̲m̲p̲l̲e̲x̲.̲n̲o̲r̲m̲S̲q̲_̲e̲q̲_̲c̲o̲n̲j̲_̲m̲u̲l̲_̲s̲e̲l̲f̲,̲ ̲C̲o̲m̲p̲l̲e̲x̲.̲n̲o̲r̲m̲S̲q̲_̲e̲q̲_̲n̲o̲r̲m̲_̲s̲q̲]̲

Note: This linter can be disabled with `set_option linter.unusedSimpArgs false`
warning: ZhangLS/Spec/Lemma33Fourier.lean:109:8: This simp argument is unused:
  norm_mul

Hint: Omit it from the simp argument list.
  simp [n̵o̵r̵m̵_̵m̵u̵l̵,̵abs_of_pos Real.pi_pos]

Note: This linter can be disabled with `set_option linter.unusedSimpArgs false`
⚠ [4523/4858] Replayed ZhangLS.Spec.Lemma33Fractions
warning: ZhangLS/Spec/Lemma33Fractions.lean:9:32: unused variable `hb`

Note: This linter can be disabled with `set_option linter.unusedVariables false`
⚠ [4524/4858] Replayed ZhangLS.Spec.Lemma33ActualSamples
warning: ZhangLS/Spec/Lemma33ActualSamples.lean:24:24: This simp argument is unused:
  zpow_natCast

Hint: Omit it from the simp argument list.
  simp only [zpow_neg,̵z̵p̵o̵w̵_̵n̵a̵t̵C̵a̵s̵t̵]

Note: This linter can be disabled with `set_option linter.unusedSimpArgs false`
warning: ZhangLS/Spec/Lemma33ActualSamples.lean:48:4: `push_neg` has been deprecated. Prefer using `push Not` instead.
If you'd rather continue using `push_neg` in your project, you can implement it as follows:
```
open Lean.Parser.Tactic in
macro "push_neg" cfg:optConfig loc:(location)? : tactic =>
  `(tactic| push $cfg:optConfig Not $[$loc]?)
```
⚠ [4527/4858] Replayed ZhangLS.Spec.Lemma34TupleConvolution
warning: ZhangLS/Spec/Lemma34TupleConvolution.lean:88:57: This simp argument is unused:
  ArithmeticFunction.one_apply

Hint: Omit it from the simp argument list.
  simp [̵l̵e̵m̵m̵a̵3̵4̵T̵u̵p̵l̵e̵S̵u̵m̵,̵A̵r̵i̵t̵h̵m̵e̵t̵i̵c̵F̵u̵n̵c̵t̵i̵o̵n̵.̵o̵n̵e̵_̵a̵p̵p̵l̵y̵,̵h̵,̵e̵q̵_̵c̵o̵m̵m̵]̵[̲l̲e̲m̲m̲a̲3̲4̲T̲u̲p̲l̲e̲S̲u̲m̲,̲ ̲h̲,̲ ̲e̲q̲_̲c̲o̲m̲m̲]̲

Note: This linter can be disabled with `set_option linter.unusedSimpArgs false`
⚠ [4533/4858] Replayed ZhangLS.Spec.Lemma34IntegralMean
warning: ZhangLS/Spec/Lemma34IntegralMean.lean:41:2: exponent 1600 exceeds the threshold 256, exponentiation operation was not evaluated, use `set_option exponentiation.threshold <num>` to set a new threshold
warning: ZhangLS/Spec/Lemma34IntegralMean.lean:132:16: exponent 1600 exceeds the threshold 256, exponentiation operation was not evaluated, use `set_option exponentiation.threshold <num>` to set a new threshold
⚠ [4534/4858] Replayed ZhangLS.Spec.Lemma34BSecondMoment
warning: ZhangLS/Spec/Lemma34BSecondMoment.lean:47:6: 'change _ = (51208 * C) * M * L ^ 1602' tactic does nothing

Note: This linter can be disabled with `set_option linter.unusedTactic false`
⚠ [4536/4858] Replayed ZhangLS.Spec.Lemma56PrincipalPerronResidue
warning: ZhangLS/Spec/Lemma56PrincipalPerronResidue.lean:88:46: This simp argument is unused:
  zero_mul

Hint: Omit it from the simp argument list.
  simp only [mem_reProdIm, mem_Icc, sub_re, sub_im, ofReal_re, ofReal_im, mul_re, mul_im, I_re,
  ̲  ̲ ̲ ̲ ̲ ̲ ̲ ̲I_im, mul_zero, z̵e̵r̵o̵_̵m̵u̵l̵,̵ ̵mul_one, zero_add, sub_zero]

Note: This linter can be disabled with `set_option linter.unusedSimpArgs false`
warning: ZhangLS/Spec/Lemma56PrincipalPerronResidue.lean:88:65: This simp argument is unused:
  zero_add

Hint: Omit it from the simp argument list.
  simp only [mem_reProdIm, mem_Icc, sub_re, sub_im, ofReal_re, ofReal_im, mul_re, mul_im, I_re,
  ̲  ̲ ̲ ̲ ̲ ̲ ̲ ̲I_im, mul_zero, zero_mul, mul_one, z̵e̵r̵o̵_̵a̵d̵d̵,̵ ̵sub_zero]

Note: This linter can be disabled with `set_option linter.unusedSimpArgs false`
⚠ [4576/4858] Replayed ZhangLS.Spec.Lemma55LocalLogDerivative
warning: ZhangLS/Spec/Lemma55LocalLogDerivative.lean:36:4: try 'simp' instead of 'simpa'

Note: This linter can be disabled with `set_option linter.unnecessarySimpa false`
⚠ [4597/4858] Replayed ZhangLS.Spec.Lemma55ZetaLocalLogDerivative
warning: ZhangLS/Spec/Lemma55ZetaLocalLogDerivative.lean:33:4: try 'simp' instead of 'simpa'

Note: This linter can be disabled with `set_option linter.unnecessarySimpa false`
⚠ [4609/4858] Replayed ZhangLS.Spec.Lemma56ZeroRemovedBounds
warning: ZhangLS/Spec/Lemma56ZeroRemovedBounds.lean:62:5: unused variable `θ`

Note: This linter can be disabled with `set_option linter.unusedVariables false`
⚠ [4611/4858] Replayed ZhangLS.Spec.Lemma56LocalLogDerivative
warning: ZhangLS/Spec/Lemma56LocalLogDerivative.lean:33:4: try 'simp' instead of 'simpa'

Note: This linter can be disabled with `set_option linter.unnecessarySimpa false`
⚠ [4638/4858] Replayed ZhangLS.Spec.Lemma53Kernels
warning: ZhangLS/Spec/Lemma53Kernels.lean:87:18: Used `tac1 <;> tac2` where `(tac1; tac2)` would suffice

Note: This linter can be disabled with `set_option linter.unnecessarySeqFocus false`
warning: ZhangLS/Spec/Lemma53Kernels.lean:108:68: This simp argument is unused:
  ← Complex.ofReal_pow

Hint: Omit it from the simp argument list.
  simp [lemma23PaperCenter, lemma51PaperT0,̵ ̵←̵ ̵C̵o̵m̵p̵l̵e̵x̵.̵o̵f̵R̵e̵a̵l̵_̵p̵o̵w̵]

Note: Simp arguments with `←` have the additional effect of removing the other direction from the simp set, even if the simp argument itself is unused. If the hint above does not work, try replacing `←` with `-` to only get that effect and silence this warning.

Note: This linter can be disabled with `set_option linter.unusedSimpArgs false`
warning: ZhangLS/Spec/Lemma53Kernels.lean:120:68: This simp argument is unused:
  ← Complex.ofReal_pow

Hint: Omit it from the simp argument list.
  simp [lemma23PaperCenter, lemma51PaperT0,̵ ̵←̵ ̵C̵o̵m̵p̵l̵e̵x̵.̵o̵f̵R̵e̵a̵l̵_̵p̵o̵w̵]

Note: Simp arguments with `←` have the additional effect of removing the other direction from the simp set, even if the simp argument itself is unused. If the hint above does not work, try replacing `←` with `-` to only get that effect and silence this warning.

Note: This linter can be disabled with `set_option linter.unusedSimpArgs false`
⚠ [4641/4858] Replayed ZhangLS.Spec.Lemma56GaussianMellinTerms
warning: ZhangLS/Spec/Lemma56GaussianMellinTerms.lean:72:44: unused variable `hB`

Note: This linter can be disabled with `set_option linter.unusedVariables false`
⚠ [4643/4858] Replayed ZhangLS.Spec.Lemma56GaussianContour
warning: ZhangLS/Spec/Lemma56GaussianContour.lean:56:26: This simp argument is unused:
  zero_mul

Hint: Omit it from the simp argument list.
  simp only [add_re, sub_re, add_im, sub_im, mul_re, mul_im, ofReal_re, ofReal_im,
  ̵  ̵ ̵ ̵I_re, I_im,
  ̲ m̵u̵l̵_̵z̵e̵r̵o̵,̵  ̲ ̲m̲u̲l̲_̲zero_̵m̵u̵l̵, sub_zero, mul_one, add_zero, zero_add,
  ̵  ̵ ̵ ̵zero_sub, smul_eq_mul] at hc

Note: This linter can be disabled with `set_option linter.unusedSimpArgs false`
⚠ [4646/4858] Replayed ZhangLS.Spec.Lemma56TwistedGaussianContour
warning: ZhangLS/Spec/Lemma56TwistedGaussianContour.lean:123:75: This simp argument is unused:
  sub_zero

Hint: Omit it from the simp argument list.
  simp only [sub_re, mul_re, ofReal_re, I_re, ofReal_im, I_im, mul_zero,̵ ̵s̵u̵b̵_̵z̵e̵r̵o̵]

Note: This linter can be disabled with `set_option linter.unusedSimpArgs false`
⚠ [4649/4858] Replayed ZhangLS.Spec.Lemma56GaussianMarginBudget
warning: ZhangLS/Spec/Lemma56GaussianMarginBudget.lean:94:70: Used `tac1 <;> tac2` where `(tac1; tac2)` would suffice

Note: This linter can be disabled with `set_option linter.unnecessarySeqFocus false`
⚠ [4651/4858] Replayed ZhangLS.Spec.Lemma56TwistedGaussianLeftBound
warning: ZhangLS/Spec/Lemma56TwistedGaussianLeftBound.lean:53:64: Used `tac1 <;> tac2` where `(tac1; tac2)` would suffice

Note: This linter can be disabled with `set_option linter.unnecessarySeqFocus false`
⚠ [4652/4858] Replayed ZhangLS.Spec.Lemma56GaussianRightEnvelope
warning: ZhangLS/Spec/Lemma56GaussianRightEnvelope.lean:71:52: Used `tac1 <;> tac2` where `(tac1; tac2)` would suffice

Note: This linter can be disabled with `set_option linter.unnecessarySeqFocus false`
warning: ZhangLS/Spec/Lemma56GaussianRightEnvelope.lean:71:66: Used `tac1 <;> tac2` where `(tac1; tac2)` would suffice

Note: This linter can be disabled with `set_option linter.unnecessarySeqFocus false`
⚠ [4667/4858] Replayed ZhangLS.Spec.Lemma56PerronContour
warning: ZhangLS/Spec/Lemma56PerronContour.lean:111:75: This simp argument is unused:
  sub_zero

Hint: Omit it from the simp argument list.
  simp only [sub_re, mul_re, ofReal_re, I_re, ofReal_im, I_im, mul_zero,̵ ̵s̵u̵b̵_̵z̵e̵r̵o̵]

Note: This linter can be disabled with `set_option linter.unusedSimpArgs false`
ℹ [4668/4858] Replayed ZhangLS.Spec.Lemma56PerronVertical
info: ZhangLS/Spec/Lemma56PerronVertical.lean:29:2: Try this:
  [apply] ring_nf
  
  The `ring` tactic failed to close the goal. Use `ring_nf` to obtain a normal form.
    
  Note that `ring` works primarily in *commutative* rings. If you have a noncommutative ring, abelian group or module, consider using `noncomm_ring`, `abel` or `module` instead.
⚠ [4671/4858] Replayed ZhangLS.Spec.Lemma56PerronRightTruncation
warning: ZhangLS/Spec/Lemma56PerronRightTruncation.lean:30:44: unused variable `hB`

Note: This linter can be disabled with `set_option linter.unusedVariables false`
⚠ [4672/4858] Replayed ZhangLS.Spec.Lemma56PerronHorizontal
warning: ZhangLS/Spec/Lemma56PerronHorizontal.lean:66:93: Used `tac1 <;> tac2` where `(tac1; tac2)` would suffice

Note: This linter can be disabled with `set_option linter.unnecessarySeqFocus false`
⚠ [4673/4858] Replayed ZhangLS.Spec.Lemma56PrincipalPerronEdges
warning: ZhangLS/Spec/Lemma56PrincipalPerronEdges.lean:33:46: This simp argument is unused:
  zero_mul

Hint: Omit it from the simp argument list.
  simp only [mem_reProdIm, mem_Icc, sub_re, sub_im, ofReal_re, ofReal_im, mul_re, mul_im, I_re,
  ̲  ̲ ̲ ̲ ̲ ̲ ̲ ̲I_im, mul_zero, z̵e̵r̵o̵_̵m̵u̵l̵,̵ ̵mul_one, zero_add, sub_zero]

Note: This linter can be disabled with `set_option linter.unusedSimpArgs false`
warning: ZhangLS/Spec/Lemma56PrincipalPerronEdges.lean:33:65: This simp argument is unused:
  zero_add

Hint: Omit it from the simp argument list.
  simp only [mem_reProdIm, mem_Icc, sub_re, sub_im, ofReal_re, ofReal_im, mul_re, mul_im, I_re,
  ̲  ̲ ̲ ̲ ̲ ̲ ̲ ̲I_im, mul_zero, zero_mul, mul_one, z̵e̵r̵o̵_̵a̵d̵d̵,̵ ̵sub_zero]

Note: This linter can be disabled with `set_option linter.unusedSimpArgs false`
⚠ [4678/4858] Replayed ZhangLS.Spec.Lemma56PrincipalPerronMainError
warning: ZhangLS/Spec/Lemma56PrincipalPerronMainError.lean:46:26: Used `tac1 <;> tac2` where `(tac1; tac2)` would suffice

Note: This linter can be disabled with `set_option linter.unnecessarySeqFocus false`
warning: ZhangLS/Spec/Lemma56PrincipalPerronMainError.lean:68:56: Used `tac1 <;> tac2` where `(tac1; tac2)` would suffice

Note: This linter can be disabled with `set_option linter.unnecessarySeqFocus false`
warning: ZhangLS/Spec/Lemma56PrincipalPerronMainError.lean:100:21: Used `tac1 <;> tac2` where `(tac1; tac2)` would suffice

Note: This linter can be disabled with `set_option linter.unnecessarySeqFocus false`
warning: ZhangLS/Spec/Lemma56PrincipalPerronMainError.lean:100:36: Used `tac1 <;> tac2` where `(tac1; tac2)` would suffice

Note: This linter can be disabled with `set_option linter.unnecessarySeqFocus false`
⚠ [4679/4858] Replayed ZhangLS.Spec.Lemma56PrincipalMassScales
warning: ZhangLS/Spec/Lemma56PrincipalMassScales.lean:36:26: 'ring' tactic does nothing

Note: This linter can be disabled with `set_option linter.unusedTactic false`
warning: ZhangLS/Spec/Lemma56PrincipalMassScales.lean:36:26: this tactic is never executed

Note: This linter can be disabled with `set_option linter.unreachableTactic false`
⚠ [4680/4858] Replayed ZhangLS.Spec.Lemma56PrincipalMassContourBudget
warning: ZhangLS/Spec/Lemma56PrincipalMassContourBudget.lean:66:29: 'norm_num' tactic does nothing

Note: This linter can be disabled with `set_option linter.unusedTactic false`
warning: ZhangLS/Spec/Lemma56PrincipalMassContourBudget.lean:146:40: Used `tac1 <;> tac2` where `(tac1; tac2)` would suffice

Note: This linter can be disabled with `set_option linter.unnecessarySeqFocus false`
⚠ [4681/4858] Replayed ZhangLS.Spec.Lemma56PrincipalMassMainError
warning: ZhangLS/Spec/Lemma56PrincipalMassMainError.lean:37:29: 'norm_num' tactic does nothing

Note: This linter can be disabled with `set_option linter.unusedTactic false`
warning: ZhangLS/Spec/Lemma56PrincipalMassMainError.lean:44:21: Used `tac1 <;> tac2` where `(tac1; tac2)` would suffice

Note: This linter can be disabled with `set_option linter.unnecessarySeqFocus false`
warning: ZhangLS/Spec/Lemma56PrincipalMassMainError.lean:79:70: Used `tac1 <;> tac2` where `(tac1; tac2)` would suffice

Note: This linter can be disabled with `set_option linter.unnecessarySeqFocus false`
warning: ZhangLS/Spec/Lemma56PrincipalMassMainError.lean:80:26: Used `tac1 <;> tac2` where `(tac1; tac2)` would suffice

Note: This linter can be disabled with `set_option linter.unnecessarySeqFocus false`
ℹ [4682/4858] Replayed ZhangLS.Spec.Lemma56PerronPaperScales
info: ZhangLS/Spec/Lemma56PerronPaperScales.lean:112:51: Try this:
  [apply] ring_nf
  
  The `ring` tactic failed to close the goal. Use `ring_nf` to obtain a normal form.
    
  Note that `ring` works primarily in *commutative* rings. If you have a noncommutative ring, abelian group or module, consider using `noncomm_ring`, `abel` or `module` instead.
⚠ [4685/4858] Replayed ZhangLS.Spec.Lemma56PerronWindowBudget
warning: ZhangLS/Spec/Lemma56PerronWindowBudget.lean:54:79: Used `tac1 <;> tac2` where `(tac1; tac2)` would suffice

Note: This linter can be disabled with `set_option linter.unnecessarySeqFocus false`
⚠ [4688/4858] Replayed ZhangLS.Spec.Lemma56PerronMangoldtWindow
warning: ZhangLS/Spec/Lemma56PerronMangoldtWindow.lean:104:2: 'change N * ‖R‖ ≤ _' tactic does nothing

Note: This linter can be disabled with `set_option linter.unusedTactic false`
warning: ZhangLS/Spec/Lemma56PerronMangoldtWindow.lean:72:23: Used `tac1 <;> tac2` where `(tac1; tac2)` would suffice

Note: This linter can be disabled with `set_option linter.unnecessarySeqFocus false`
warning: ZhangLS/Spec/Lemma56PerronMangoldtWindow.lean:76:67: Used `tac1 <;> tac2` where `(tac1; tac2)` would suffice

Note: This linter can be disabled with `set_option linter.unnecessarySeqFocus false`
warning: ZhangLS/Spec/Lemma56PerronMangoldtWindow.lean:79:69: Used `tac1 <;> tac2` where `(tac1; tac2)` would suffice

Note: This linter can be disabled with `set_option linter.unnecessarySeqFocus false`
warning: ZhangLS/Spec/Lemma56PerronMangoldtWindow.lean:83:36: Used `tac1 <;> tac2` where `(tac1; tac2)` would suffice

Note: This linter can be disabled with `set_option linter.unnecessarySeqFocus false`
⚠ [4689/4858] Replayed ZhangLS.Spec.Lemma56PerronWeightBounds
warning: ZhangLS/Spec/Lemma56PerronWeightBounds.lean:16:56: unused variable `hx`

Note: This linter can be disabled with `set_option linter.unusedVariables false`
info: ZhangLS/Spec/Lemma56PerronWeightBounds.lean:57:2: Try this:
  [apply] ring_nf
  
  The `ring` tactic failed to close the goal. Use `ring_nf` to obtain a normal form.
    
  Note that `ring` works primarily in *commutative* rings. If you have a noncommutative ring, abelian group or module, consider using `noncomm_ring`, `abel` or `module` instead.
info: ZhangLS/Spec/Lemma56PerronWeightBounds.lean:83:59: Try this:
  [apply] ring_nf
  
  The `ring` tactic failed to close the goal. Use `ring_nf` to obtain a normal form.
    
  Note that `ring` works primarily in *commutative* rings. If you have a noncommutative ring, abelian group or module, consider using `noncomm_ring`, `abel` or `module` instead.
info: ZhangLS/Spec/Lemma56PerronWeightBounds.lean:91:59: Try this:
  [apply] ring_nf
  
  The `ring` tactic failed to close the goal. Use `ring_nf` to obtain a normal form.
    
  Note that `ring` works primarily in *commutative* rings. If you have a noncommutative ring, abelian group or module, consider using `noncomm_ring`, `abel` or `module` instead.
warning: ZhangLS/Spec/Lemma56PerronWeightBounds.lean:83:55: Used `tac1 <;> tac2` where `(tac1; tac2)` would suffice

Note: This linter can be disabled with `set_option linter.unnecessarySeqFocus false`
warning: ZhangLS/Spec/Lemma56PerronWeightBounds.lean:91:55: Used `tac1 <;> tac2` where `(tac1; tac2)` would suffice

Note: This linter can be disabled with `set_option linter.unnecessarySeqFocus false`
⚠ [4690/4858] Replayed ZhangLS.Spec.Lemma56PerronWeightDecay
warning: ZhangLS/Spec/Lemma56PerronWeightDecay.lean:58:40: Used `tac1 <;> tac2` where `(tac1; tac2)` would suffice

Note: This linter can be disabled with `set_option linter.unnecessarySeqFocus false`
⚠ [4692/4858] Replayed ZhangLS.Spec.Lemma56PerronArithmeticError
warning: ZhangLS/Spec/Lemma56PerronArithmeticError.lean:35:9: unused variable `n`

Note: This linter can be disabled with `set_option linter.unusedVariables false`
⚠ [4695/4858] Replayed ZhangLS.Spec.Lemma56PerronUnsmoothingScales
warning: ZhangLS/Spec/Lemma56PerronUnsmoothingScales.lean:25:21: Used `tac1 <;> tac2` where `(tac1; tac2)` would suffice

Note: This linter can be disabled with `set_option linter.unnecessarySeqFocus false`
⚠ [4696/4858] Replayed ZhangLS.Spec.Lemma56PrincipalMassUnsmoothing
warning: ZhangLS/Spec/Lemma56PrincipalMassUnsmoothing.lean:36:60: Used `tac1 <;> tac2` where `(tac1; tac2)` would suffice

Note: This linter can be disabled with `set_option linter.unnecessarySeqFocus false`
warning: ZhangLS/Spec/Lemma56PrincipalMassUnsmoothing.lean:36:72: Used `tac1 <;> tac2` where `(tac1; tac2)` would suffice

Note: This linter can be disabled with `set_option linter.unnecessarySeqFocus false`
warning: ZhangLS/Spec/Lemma56PrincipalMassUnsmoothing.lean:40:34: Used `tac1 <;> tac2` where `(tac1; tac2)` would suffice

Note: This linter can be disabled with `set_option linter.unnecessarySeqFocus false`
warning: ZhangLS/Spec/Lemma56PrincipalMassUnsmoothing.lean:40:46: Used `tac1 <;> tac2` where `(tac1; tac2)` would suffice

Note: This linter can be disabled with `set_option linter.unnecessarySeqFocus false`
warning: ZhangLS/Spec/Lemma56PrincipalMassUnsmoothing.lean:87:17: 'assumption' tactic does nothing

Note: This linter can be disabled with `set_option linter.unusedTactic false`
warning: ZhangLS/Spec/Lemma56PrincipalMassUnsmoothing.lean:87:17: this tactic is never executed

Note: This linter can be disabled with `set_option linter.unreachableTactic false`
warning: ZhangLS/Spec/Lemma56PrincipalMassUnsmoothing.lean:99:29: 'norm_num' tactic does nothing

Note: This linter can be disabled with `set_option linter.unusedTactic false`
warning: ZhangLS/Spec/Lemma56PrincipalMassUnsmoothing.lean:133:34: Used `tac1 <;> tac2` where `(tac1; tac2)` would suffice

Note: This linter can be disabled with `set_option linter.unnecessarySeqFocus false`
warning: ZhangLS/Spec/Lemma56PrincipalMassUnsmoothing.lean:133:46: Used `tac1 <;> tac2` where `(tac1; tac2)` would suffice

Note: This linter can be disabled with `set_option linter.unnecessarySeqFocus false`
⚠ [4719/4858] Replayed ZhangLS.Spec.Lemma53GammaLaplace
warning: ZhangLS/Spec/Lemma53GammaLaplace.lean:91:22: Used `tac1 <;> tac2` where `(tac1; tac2)` would suffice

Note: This linter can be disabled with `set_option linter.unnecessarySeqFocus false`
warning: ZhangLS/Spec/Lemma53GammaLaplace.lean:91:64: Used `tac1 <;> tac2` where `(tac1; tac2)` would suffice

Note: This linter can be disabled with `set_option linter.unnecessarySeqFocus false`
⚠ [4720/4858] Replayed ZhangLS.Spec.Lemma53MellinConvergence
warning: ZhangLS/Spec/Lemma53MellinConvergence.lean:25:48: This simp argument is unused:
  zero_mul

Hint: Omit it from the simp argument list.
  simp only [sub_re, sub_im, add_re, add_im, mul_re, mul_im, ofReal_re, ofReal_im, I_re, I_im,
  ̲  ̲ ̲ ̲mul_zero, z̵e̵r̵o̵_̵m̵u̵l̵,̵ ̵sub_zero, zero_add, add_zero, mul_one, one_mul]

Note: This linter can be disabled with `set_option linter.unusedSimpArgs false`
warning: ZhangLS/Spec/Lemma53MellinConvergence.lean:26:33: This simp argument is unused:
  one_mul

Hint: Omit it from the simp argument list.
  simp only [sub_re, sub_im, add_re, add_im, mul_re, mul_im, ofReal_re, ofReal_im, I_re, I_im,
  ̲  ̲ ̲ ̲mul_zero, zero_mul, sub_zero, zero_add, add_zero, m̵u̵l̵_̵o̵n̵e̵,̵ ̵o̵n̵e̵_̵m̵u̵l̵]̵m̲u̲l̲_̲o̲n̲e̲]̲

Note: This linter can be disabled with `set_option linter.unusedSimpArgs false`
⚠ [4723/4858] Replayed ZhangLS.Spec.Lemma53MellinBoundary
warning: ZhangLS/Spec/Lemma53MellinBoundary.lean:94:85: Used `tac1 <;> tac2` where `(tac1; tac2)` would suffice

Note: This linter can be disabled with `set_option linter.unnecessarySeqFocus false`
warning: ZhangLS/Spec/Lemma53MellinBoundary.lean:169:29: This simp argument is unused:
  sub_re

Hint: Omit it from the simp argument list.
  simp only [← ofReal_pow, s̵u̵b̵_̵r̵e̵,̵ ̵mul_re, ofReal_re, ofReal_im, mul_zero, sub_zero]

Note: This linter can be disabled with `set_option linter.unusedSimpArgs false`
⚠ [4724/4858] Replayed ZhangLS.Spec.Lemma53OscillatoryEstimates
warning: ZhangLS/Spec/Lemma53OscillatoryEstimates.lean:67:10: This simp argument is unused:
  norm_mul

Hint: Omit it from the simp argument list.
  simp [̵n̵o̵r̵m̵_̵m̵u̵l̵,̵ ̵n̵o̵r̵m̵_̵r̵e̵a̵l̵,̵[̲n̲o̲r̲m̲_̲r̲e̲a̲l̲,̲ Real.norm_eq_abs, abs_of_nonneg hx, abs_of_pos Real.pi_pos]

Note: This linter can be disabled with `set_option linter.unusedSimpArgs false`
warning: ZhangLS/Spec/Lemma53OscillatoryEstimates.lean:102:4: This simp argument is unused:
  ← ofReal_pow

Hint: Omit it from the simp argument list.
  simp [lemma23PaperCenter, lemma51PaperT0, mul_re, mul_im, pow_two, exp_im,̵
  ̵ ̵ ̵ ̵ ̵←̵ ̵o̵f̵R̵e̵a̵l̵_̵p̵o̵w̵]

Note: Simp arguments with `←` have the additional effect of removing the other direction from the simp set, even if the simp argument itself is unused. If the hint above does not work, try replacing `←` with `-` to only get that effect and silence this warning.

Note: This linter can be disabled with `set_option linter.unusedSimpArgs false`
warning: ZhangLS/Spec/Lemma53OscillatoryEstimates.lean:112:33: This simp argument is unused:
  ← ofReal_pow

Hint: Omit it from the simp argument list.
  simp [mul_re, mul_im, pow_two,̵ ̵←̵ ̵o̵f̵R̵e̵a̵l̵_̵p̵o̵w̵]

Note: Simp arguments with `←` have the additional effect of removing the other direction from the simp set, even if the simp argument itself is unused. If the hint above does not work, try replacing `←` with `-` to only get that effect and silence this warning.

Note: This linter can be disabled with `set_option linter.unusedSimpArgs false`
⚠ [4726/4858] Replayed ZhangLS.Spec.Lemma53FiniteContours
warning: ZhangLS/Spec/Lemma53FiniteContours.lean:64:66: This simp argument is unused:
  zero_pow

Hint: Omit it from the simp argument list.
  simp only [ofReal_zero, zero_mul, add_zero, mul_zero, zero_sub, z̵e̵r̵o̵_̵p̵o̵w̵,̵
  ̵ ̵ ̵ ̵ ̵sub_zero, neg_zero,
  ̲  ̲ ̲ ̲zero_add] at hg

Note: This linter can be disabled with `set_option linter.unusedSimpArgs false`
warning: ZhangLS/Spec/Lemma53FiniteContours.lean:65:4: This simp argument is unused:
  sub_zero

Hint: Omit it from the simp argument list.
  simp only [ofReal_zero, zero_mul, add_zero, mul_zero, zero_sub, zero_pow,
  ̵  ̵ ̵ ̵s̵u̵b̵_̵z̵e̵r̵o̵,̵ ̵neg_zero,
  ̲  ̲ ̲ ̲zero_add] at hg

Note: This linter can be disabled with `set_option linter.unusedSimpArgs false`
warning: ZhangLS/Spec/Lemma53FiniteContours.lean:65:14: This simp argument is unused:
  neg_zero

Hint: Omit it from the simp argument list.
  simp only [ofReal_zero, zero_mul, add_zero, mul_zero, zero_sub, zero_pow,
  ̵  ̵ ̵ ̵sub_zero,
  ̲ n̵e̵g̵_̵z̵e̵r̵o̵,̵  ̲ ̲zero_add] at hg

Note: This linter can be disabled with `set_option linter.unusedSimpArgs false`
warning: ZhangLS/Spec/Lemma53FiniteContours.lean:65:24: This simp argument is unused:
  zero_add

Hint: Omit it from the simp argument list.
  simp only [ofReal_zero, zero_mul, add_zero, mul_zero, zero_sub, zero_pow,
  ̵  ̵ ̵ ̵sub_zero,
  ̲  ̲ ̲ ̲neg_zero,̵ ̵z̵e̵r̵o̵_̵a̵d̵d̵] at hg

Note: This linter can be disabled with `set_option linter.unusedSimpArgs false`
info: ZhangLS/Spec/Lemma53FiniteContours.lean:103:25: Try this:
  [apply] ring_nf
  
  The `ring` tactic failed to close the goal. Use `ring_nf` to obtain a normal form.
    
  Note that `ring` works primarily in *commutative* rings. If you have a noncommutative ring, abelian group or module, consider using `noncomm_ring`, `abel` or `module` instead.
⚠ [4729/4858] Replayed ZhangLS.Spec.Lemma53SmallRange
warning: ZhangLS/Spec/Lemma53SmallRange.lean:29:18: try 'simp' instead of 'simpa'

Note: This linter can be disabled with `set_option linter.unnecessarySimpa false`
⚠ [4730/4858] Replayed ZhangLS.Spec.Lemma53LargeRangeParameters
warning: ZhangLS/Spec/Lemma53LargeRangeParameters.lean:105:22: Used `tac1 <;> tac2` where `(tac1; tac2)` would suffice

Note: This linter can be disabled with `set_option linter.unnecessarySeqFocus false`
warning: ZhangLS/Spec/Lemma53LargeRangeParameters.lean:105:37: Used `tac1 <;> tac2` where `(tac1; tac2)` would suffice

Note: This linter can be disabled with `set_option linter.unnecessarySeqFocus false`
⚠ [4731/4858] Replayed ZhangLS.Spec.Lemma53LargeContourEstimates
warning: ZhangLS/Spec/Lemma53LargeContourEstimates.lean:32:47: unused variable `hD`

Note: This linter can be disabled with `set_option linter.unusedVariables false`
⚠ [4734/4858] Replayed ZhangLS.Spec.Lemma54KernelDerivatives
warning: ZhangLS/Spec/Lemma54KernelDerivatives.lean:42:10: This simp argument is unused:
  norm_mul

Hint: Omit it from the simp argument list.
  simp [norm_m̵u̵l̵,̵ ̵n̵o̵rm̵_̵r̵eal, Real.norm_eq_abs, abs_of_pos Real.pi_pos]

Note: This linter can be disabled with `set_option linter.unusedSimpArgs false`
warning: ZhangLS/Spec/Lemma54KernelDerivatives.lean:45:42: This simp argument is unused:
  norm_real

Hint: Omit it from the simp argument list.
  simp [n̵o̵r̵m̵_̵r̵e̵a̵l̵,̵ ̵Real.norm_eq_abs, abs_of_pos (Real.exp_pos u)]

Note: This linter can be disabled with `set_option linter.unusedSimpArgs false`
warning: ZhangLS/Spec/Lemma54KernelDerivatives.lean:45:53: This simp argument is unused:
  Real.norm_eq_abs

Hint: Omit it from the simp argument list.
  simp [norm_real, R̵e̵a̵l̵.̵n̵o̵r̵m̵_̵e̵q̵_̵a̵b̵s̵,̵ ̵abs_of_pos (Real.exp_pos u)]

Note: This linter can be disabled with `set_option linter.unusedSimpArgs false`
warning: ZhangLS/Spec/Lemma54KernelDerivatives.lean:45:71: This simp argument is unused:
  abs_of_pos (Real.exp_pos u)

Hint: Omit it from the simp argument list.
  simp [norm_real, Real.norm_eq_abs,̵ ̵a̵b̵s̵_̵o̵f̵_̵p̵o̵s̵ ̵(̵R̵e̵a̵l̵.̵e̵x̵p̵_̵p̵o̵s̵ ̵u̵)̵]

Note: This linter can be disabled with `set_option linter.unusedSimpArgs false`
⚠ [4735/4858] Replayed ZhangLS.Spec.Lemma54MellinDecay
warning: ZhangLS/Spec/Lemma54MellinDecay.lean:13:72: unused variable `ha`

Note: This linter can be disabled with `set_option linter.unusedVariables false`
⚠ [4739/4858] Replayed ZhangLS.Spec.Lemma54WeightedKernels
warning: ZhangLS/Spec/Lemma54WeightedKernels.lean:53:10: This simp argument is unused:
  norm_mul

Hint: Omit it from the simp argument list.
  simp [norm_m̵u̵l̵,̵ ̵n̵o̵rm̵_̵r̵eal, Real.norm_eq_abs, abs_of_pos Real.pi_pos]

Note: This linter can be disabled with `set_option linter.unusedSimpArgs false`
⚠ [4740/4858] Replayed ZhangLS.Spec.Lemma54WeightedContourEstimates
warning: ZhangLS/Spec/Lemma54WeightedContourEstimates.lean:46:23: Used `tac1 <;> tac2` where `(tac1; tac2)` would suffice

Note: This linter can be disabled with `set_option linter.unnecessarySeqFocus false`
warning: ZhangLS/Spec/Lemma54WeightedContourEstimates.lean:141:21: Used `tac1 <;> tac2` where `(tac1; tac2)` would suffice

Note: This linter can be disabled with `set_option linter.unnecessarySeqFocus false`
ℹ [4742/4858] Replayed ZhangLS.Spec.Lemma54DerivativeDecay
info: ZhangLS/Spec/Lemma54DerivativeDecay.lean:142:4: Try this:
  [apply] ring_nf
  
  The `ring` tactic failed to close the goal. Use `ring_nf` to obtain a normal form.
    
  Note that `ring` works primarily in *commutative* rings. If you have a noncommutative ring, abelian group or module, consider using `noncomm_ring`, `abel` or `module` instead.
⚠ [4743/4858] Replayed ZhangLS.Spec.Lemma54IntegrationByParts
warning: ZhangLS/Spec/Lemma54IntegrationByParts.lean:69:20: Used `tac1 <;> tac2` where `(tac1; tac2)` would suffice

Note: This linter can be disabled with `set_option linter.unnecessarySeqFocus false`
warning: ZhangLS/Spec/Lemma54IntegrationByParts.lean:69:32: Used `tac1 <;> tac2` where `(tac1; tac2)` would suffice

Note: This linter can be disabled with `set_option linter.unnecessarySeqFocus false`
⚠ [4749/4858] Replayed ZhangLS.Spec.Lemma54LargeSecondMoment
warning: ZhangLS/Spec/Lemma54LargeSecondMoment.lean:76:21: Used `tac1 <;> tac2` where `(tac1; tac2)` would suffice

Note: This linter can be disabled with `set_option linter.unnecessarySeqFocus false`
ℹ [4753/4858] Replayed ZhangLS.Spec.Lemma54GaussianConcentration
info: ZhangLS/Spec/Lemma54GaussianConcentration.lean:38:6: Try this:
  [apply] ring_nf
  
  The `ring` tactic failed to close the goal. Use `ring_nf` to obtain a normal form.
    
  Note that `ring` works primarily in *commutative* rings. If you have a noncommutative ring, abelian group or module, consider using `noncomm_ring`, `abel` or `module` instead.
⚠ [4768/4858] Replayed ZhangLS.Spec.Lemma59LocalZeroBudgets
warning: ZhangLS/Spec/Lemma59LocalZeroBudgets.lean:65:19: 'positivity' tactic does nothing

Note: This linter can be disabled with `set_option linter.unusedTactic false`
warning: ZhangLS/Spec/Lemma59LocalZeroBudgets.lean:65:19: this tactic is never executed

Note: This linter can be disabled with `set_option linter.unreachableTactic false`
⚠ [4771/4858] Replayed ZhangLS.Spec.Lemma59ZeroRemovedBounds
warning: ZhangLS/Spec/Lemma59ZeroRemovedBounds.lean:64:5: unused variable `θ`

Note: This linter can be disabled with `set_option linter.unusedVariables false`
⚠ [4773/4858] Replayed ZhangLS.Spec.Lemma59ZeroRemovedShift
warning: ZhangLS/Spec/Lemma59ZeroRemovedShift.lean:126:23: This simp argument is unused:
  zero_sub

Hint: Omit it from the simp argument list.
  simp only [lemma55JensenCenter, Complex.sub_re, Complex.sub_im, Complex.add_re, Complex.add_im,
  ̲  ̲ ̲ ̲Complex.mul_re, Complex.mul_im, Complex.I_re, Complex.I_im, Complex.ofReal_re,
  ̲  ̲ ̲ ̲Complex.ofReal_im, zero_mul, mul_zero, one_mul, mul_one, sub_zero, z̵e̵r̵o̵_̵s̵u̵b̵,̵ ̵add_zero, zero_add] at hn

Note: This linter can be disabled with `set_option linter.unusedSimpArgs false`
ℹ [4778/4858] Replayed ZhangLS.Spec.Lemma59ExtendedGammaAndSums
info: ZhangLS/Spec/Lemma59ExtendedGammaAndSums.lean:228:35: Try this:
  [apply] ring_nf
  
  The `ring` tactic failed to close the goal. Use `ring_nf` to obtain a normal form.
    
  Note that `ring` works primarily in *commutative* rings. If you have a noncommutative ring, abelian group or module, consider using `noncomm_ring`, `abel` or `module` instead.
⚠ [4779/4858] Replayed ZhangLS.Spec.Lemma59ExtendedFiniteContours
warning: ZhangLS/Spec/Lemma59ExtendedFiniteContours.lean:341:64: Used `tac1 <;> tac2` where `(tac1; tac2)` would suffice

Note: This linter can be disabled with `set_option linter.unnecessarySeqFocus false`
⚠ [4780/4858] Replayed ZhangLS.Spec.Lemma59ExtendedContourBudgets
warning: ZhangLS/Spec/Lemma59ExtendedContourBudgets.lean:267:64: This simp argument is unused:
  mul_left_comm

Hint: Omit it from the simp argument list.
  simp only [sub_eq_add_neg, add_comm, add_left_comm, mul_comm, mul_l̵e̵f̵t̵_̵c̵o̵m̵m̵,̵ ̵m̵u̵l̵_̵assoc] at hc ⊢

Note: This linter can be disabled with `set_option linter.unusedSimpArgs false`
warning: ZhangLS/Spec/Lemma59ExtendedContourBudgets.lean:267:79: This simp argument is unused:
  mul_assoc

Hint: Omit it from the simp argument list.
  simp only [sub_eq_add_neg, add_comm, add_left_comm, mul_comm, mul_left_comm,̵ ̵m̵u̵l̵_̵a̵s̵s̵o̵c̵] at hc ⊢

Note: This linter can be disabled with `set_option linter.unusedSimpArgs false`
warning: ZhangLS/Spec/Lemma59ExtendedContourBudgets.lean:410:23: Used `tac1 <;> tac2` where `(tac1; tac2)` would suffice

Note: This linter can be disabled with `set_option linter.unnecessarySeqFocus false`
⚠ [4782/4858] Replayed ZhangLS.Spec.Lemma59ExtendedNormalizedProduct
warning: ZhangLS/Spec/Lemma59ExtendedNormalizedProduct.lean:224:8: 'ring' tactic does nothing

Note: This linter can be disabled with `set_option linter.unusedTactic false`
warning: ZhangLS/Spec/Lemma59ExtendedNormalizedProduct.lean:224:8: this tactic is never executed

Note: This linter can be disabled with `set_option linter.unreachableTactic false`
⚠ [4784/4858] Replayed ZhangLS.Spec.Lemma59ExtendedActualZeros
warning: ZhangLS/Spec/Lemma59ExtendedActualZeros.lean:17:5: unused variable `hm`

Note: This linter can be disabled with `set_option linter.unusedVariables false`
warning: ZhangLS/Spec/Lemma59ExtendedActualZeros.lean:235:39: Used `tac1 <;> tac2` where `(tac1; tac2)` would suffice

Note: This linter can be disabled with `set_option linter.unnecessarySeqFocus false`
⚠ [4786/4858] Replayed ZhangLS.Spec.Lemma59RelaxedProducts
warning: ZhangLS/Spec/Lemma59RelaxedProducts.lean:60:52: This simp argument is unused:
  Rat.cast_natCast

Hint: Omit it from the simp argument list.
  simp only [̵h̵a̵r̵m̵o̵n̵i̵c̵,̵R̵a̵t̵.̵c̵a̵s̵t̵_̵s̵u̵m̵,̵R̵a̵t̵.̵c̵a̵s̵t̵_̵i̵n̵v̵,̵R̵a̵t̵.̵c̵a̵s̵t̵_̵n̵a̵t̵C̵a̵s̵t̵,̵N̵a̵t̵.̵c̵a̵s̵t̵_̵a̵d̵d̵,̵N̵a̵t̵.̵c̵a̵s̵t̵_̵o̵n̵e̵]̵[̲h̲a̲r̲m̲o̲n̲i̲c̲,̲ ̲R̲a̲t̲.̲c̲a̲s̲t̲_̲s̲u̲m̲,̲ ̲R̲a̲t̲.̲c̲a̲s̲t̲_̲i̲n̲v̲,̲ ̲N̲a̲t̲.̲c̲a̲s̲t̲_̲a̲d̲d̲,̲ ̲N̲a̲t̲.̲c̲a̲s̲t̲_̲o̲n̲e̲]̲

Note: This linter can be disabled with `set_option linter.unusedSimpArgs false`
⚠ [4794/4858] Replayed ZhangLS.Spec.Lemma61WideZBounds
warning: ZhangLS/Spec/Lemma61WideZBounds.lean:26:15: This simp argument is unused:
  add_re

Hint: Omit it from the simp argument list.
  simp only [̵a̵d̵d̵_̵r̵e̵,̵o̵f̵R̵e̵a̵l̵_̵r̵e̵,̵m̵u̵l̵_̵r̵e̵,̵I̵_̵r̵e̵,̵o̵f̵R̵e̵a̵l̵_̵i̵m̵,̵m̵u̵l̵_̵z̵e̵r̵o̵,̵I̵_̵i̵m̵,̵z̵e̵r̵o̵_̵m̵u̵l̵,̵
  ̵ ̵ ̵ ̵ ̵ ̵ ̵s̵u̵b̵_̵z̵e̵r̵o̵,̵a̵d̵d̵_̵z̵e̵r̵o̵,̵s̵u̵b̵_̵s̵e̵l̵f̵,̵a̵b̵s̵_̵z̵e̵r̵o̵,̵a̵d̵d̵_̵i̵m̵,̵m̵u̵l̵_̵i̵m̵,̵o̵n̵e̵_̵m̵u̵l̵,̵z̵e̵r̵o̵_̵a̵d̵d̵]̵[̲o̲f̲R̲e̲a̲l̲_̲r̲e̲,̲ ̲m̲u̲l̲_̲r̲e̲,̲ ̲I̲_̲r̲e̲,̲ ̲o̲f̲R̲e̲a̲l̲_̲i̲m̲,̲ ̲m̲u̲l̲_̲z̲e̲r̲o̲,̲ ̲I̲_̲i̲m̲,̲ ̲z̲e̲r̲o̲_̲m̲u̲l̲,̲ ̲s̲u̲b̲_̲z̲e̲r̲o̲,̲ ̲a̲d̲d̲_̲z̲e̲r̲o̲,̲
  ̲ ̲ ̲ ̲ ̲ ̲ ̲s̲u̲b̲_̲s̲e̲l̲f̲,̲ ̲a̲b̲s̲_̲z̲e̲r̲o̲,̲ ̲a̲d̲d̲_̲i̲m̲,̲ ̲m̲u̲l̲_̲i̲m̲,̲ ̲o̲n̲e̲_̲m̲u̲l̲,̲ ̲z̲e̲r̲o̲_̲a̲d̲d̲]̲

Note: This linter can be disabled with `set_option linter.unusedSimpArgs false`
warning: ZhangLS/Spec/Lemma61WideZBounds.lean:27:6: This simp argument is unused:
  sub_zero

Hint: Omit it from the simp argument list.
  simp only [̵a̵d̵d̵_̵r̵e̵,̵o̵f̵R̵e̵a̵l̵_̵r̵e̵,̵m̵u̵l̵_̵r̵e̵,̵I̵_̵r̵e̵,̵o̵f̵R̵e̵a̵l̵_̵i̵m̵,̵m̵u̵l̵_̵z̵e̵r̵o̵,̵I̵_̵i̵m̵,̵z̵e̵r̵o̵_̵m̵u̵l̵,̵
  ̵ ̵ ̵ ̵ ̵ ̵ ̵s̵u̵b̵_̵z̵e̵r̵o̵,̵a̵d̵d̵_̵z̵e̵r̵o̵,̵s̵u̵b̵_̵s̵e̵l̵f̵,̵a̵b̵s̵_̵z̵e̵r̵o̵,̵a̵d̵d̵_̵i̵m̵,̵m̵u̵l̵_̵i̵m̵,̵o̵n̵e̵_̵m̵u̵l̵,̵z̵e̵r̵o̵_̵a̵d̵d̵]̵[̲a̲d̲d̲_̲r̲e̲,̲ ̲o̲f̲R̲e̲a̲l̲_̲r̲e̲,̲ ̲m̲u̲l̲_̲r̲e̲,̲ ̲I̲_̲r̲e̲,̲ ̲o̲f̲R̲e̲a̲l̲_̲i̲m̲,̲ ̲m̲u̲l̲_̲z̲e̲r̲o̲,̲ ̲I̲_̲i̲m̲,̲ ̲z̲e̲r̲o̲_̲m̲u̲l̲,̲ ̲a̲d̲d̲_̲z̲e̲r̲o̲,̲
  ̲ ̲ ̲ ̲ ̲ ̲ ̲s̲u̲b̲_̲s̲e̲l̲f̲,̲ ̲a̲b̲s̲_̲z̲e̲r̲o̲,̲ ̲a̲d̲d̲_̲i̲m̲,̲ ̲m̲u̲l̲_̲i̲m̲,̲ ̲o̲n̲e̲_̲m̲u̲l̲,̲ ̲z̲e̲r̲o̲_̲a̲d̲d̲]̲

Note: This linter can be disabled with `set_option linter.unusedSimpArgs false`
warning: ZhangLS/Spec/Lemma61WideZBounds.lean:27:42: This simp argument is unused:
  add_im

Hint: Omit it from the simp argument list.
  simp only [̵a̵d̵d̵_̵r̵e̵,̵o̵f̵R̵e̵a̵l̵_̵r̵e̵,̵m̵u̵l̵_̵r̵e̵,̵I̵_̵r̵e̵,̵o̵f̵R̵e̵a̵l̵_̵i̵m̵,̵m̵u̵l̵_̵z̵e̵r̵o̵,̵I̵_̵i̵m̵,̵z̵e̵r̵o̵_̵m̵u̵l̵,̵
  ̵ ̵ ̵ ̵ ̵ ̵ ̵s̵u̵b̵_̵z̵e̵r̵o̵,̵a̵d̵d̵_̵z̵e̵r̵o̵,̵s̵u̵b̵_̵s̵e̵l̵f̵,̵a̵b̵s̵_̵z̵e̵r̵o̵,̵a̵d̵d̵_̵i̵m̵,̵m̵u̵l̵_̵i̵m̵,̵o̵n̵e̵_̵m̵u̵l̵,̵z̵e̵r̵o̵_̵a̵d̵d̵]̵[̲a̲d̲d̲_̲r̲e̲,̲ ̲o̲f̲R̲e̲a̲l̲_̲r̲e̲,̲ ̲m̲u̲l̲_̲r̲e̲,̲ ̲I̲_̲r̲e̲,̲ ̲o̲f̲R̲e̲a̲l̲_̲i̲m̲,̲ ̲m̲u̲l̲_̲z̲e̲r̲o̲,̲ ̲I̲_̲i̲m̲,̲ ̲z̲e̲r̲o̲_̲m̲u̲l̲,̲ ̲s̲u̲b̲_̲z̲e̲r̲o̲,̲
  ̲ ̲ ̲ ̲ ̲ ̲ ̲a̲d̲d̲_̲z̲e̲r̲o̲,̲ ̲s̲u̲b̲_̲s̲e̲l̲f̲,̲ ̲a̲b̲s̲_̲z̲e̲r̲o̲,̲ ̲m̲u̲l̲_̲i̲m̲,̲ ̲o̲n̲e̲_̲m̲u̲l̲,̲ ̲z̲e̲r̲o̲_̲a̲d̲d̲]̲

Note: This linter can be disabled with `set_option linter.unusedSimpArgs false`
warning: ZhangLS/Spec/Lemma61WideZBounds.lean:231:89: Used `tac1 <;> tac2` where `(tac1; tac2)` would suffice

Note: This linter can be disabled with `set_option linter.unnecessarySeqFocus false`
⚠ [4795/4858] Replayed ZhangLS.Spec.Lemma61ComplexZShift
warning: ZhangLS/Spec/Lemma61ComplexZShift.lean:19:31: unused variable `hA`

Note: This linter can be disabled with `set_option linter.unusedVariables false`
⚠ [4798/4858] Replayed ZhangLS.Spec.Lemma61RightTruncation
info: ZhangLS/Spec/Lemma61RightTruncation.lean:81:35: Try this:
  [apply] ring_nf
  
  The `ring` tactic failed to close the goal. Use `ring_nf` to obtain a normal form.
    
  Note that `ring` works primarily in *commutative* rings. If you have a noncommutative ring, abelian group or module, consider using `noncomm_ring`, `abel` or `module` instead.
warning: ZhangLS/Spec/Lemma61RightTruncation.lean:100:22: Used `tac1 <;> tac2` where `(tac1; tac2)` would suffice

Note: This linter can be disabled with `set_option linter.unnecessarySeqFocus false`
warning: ZhangLS/Spec/Lemma61RightTruncation.lean:143:17: Used `tac1 <;> tac2` where `(tac1; tac2)` would suffice

Note: This linter can be disabled with `set_option linter.unnecessarySeqFocus false`
⚠ [4799/4858] Replayed ZhangLS.Spec.Lemma61SingleResidue
info: ZhangLS/Spec/Lemma61SingleResidue.lean:83:8: Try this:
  [apply] ring_nf
  
  The `ring` tactic failed to close the goal. Use `ring_nf` to obtain a normal form.
    
  Note that `ring` works primarily in *commutative* rings. If you have a noncommutative ring, abelian group or module, consider using `noncomm_ring`, `abel` or `module` instead.
info: ZhangLS/Spec/Lemma61SingleResidue.lean:98:8: Try this:
  [apply] ring_nf
  
  The `ring` tactic failed to close the goal. Use `ring_nf` to obtain a normal form.
    
  Note that `ring` works primarily in *commutative* rings. If you have a noncommutative ring, abelian group or module, consider using `noncomm_ring`, `abel` or `module` instead.
info: ZhangLS/Spec/Lemma61SingleResidue.lean:113:8: Try this:
  [apply] ring_nf
  
  The `ring` tactic failed to close the goal. Use `ring_nf` to obtain a normal form.
    
  Note that `ring` works primarily in *commutative* rings. If you have a noncommutative ring, abelian group or module, consider using `noncomm_ring`, `abel` or `module` instead.
info: ZhangLS/Spec/Lemma61SingleResidue.lean:128:8: Try this:
  [apply] ring_nf
  
  The `ring` tactic failed to close the goal. Use `ring_nf` to obtain a normal form.
    
  Note that `ring` works primarily in *commutative* rings. If you have a noncommutative ring, abelian group or module, consider using `noncomm_ring`, `abel` or `module` instead.
warning: ZhangLS/Spec/Lemma61SingleResidue.lean:80:8: 'congr 1' tactic does nothing

Note: This linter can be disabled with `set_option linter.unusedTactic false`
warning: ZhangLS/Spec/Lemma61SingleResidue.lean:81:8: 'congr 1' tactic does nothing

Note: This linter can be disabled with `set_option linter.unusedTactic false`
warning: ZhangLS/Spec/Lemma61SingleResidue.lean:95:8: 'congr 1' tactic does nothing

Note: This linter can be disabled with `set_option linter.unusedTactic false`
warning: ZhangLS/Spec/Lemma61SingleResidue.lean:96:8: 'congr 1' tactic does nothing

Note: This linter can be disabled with `set_option linter.unusedTactic false`
warning: ZhangLS/Spec/Lemma61SingleResidue.lean:110:8: 'congr 1' tactic does nothing

Note: This linter can be disabled with `set_option linter.unusedTactic false`
warning: ZhangLS/Spec/Lemma61SingleResidue.lean:111:8: 'congr 1' tactic does nothing

Note: This linter can be disabled with `set_option linter.unusedTactic false`
warning: ZhangLS/Spec/Lemma61SingleResidue.lean:125:8: 'congr 1' tactic does nothing

Note: This linter can be disabled with `set_option linter.unusedTactic false`
warning: ZhangLS/Spec/Lemma61SingleResidue.lean:126:8: 'congr 1' tactic does nothing

Note: This linter can be disabled with `set_option linter.unusedTactic false`
⚠ [4800/4858] Replayed ZhangLS.Spec.Lemma61ReciprocalTailKernel
warning: ZhangLS/Spec/Lemma61ReciprocalTailKernel.lean:65:26: This simp argument is unused:
  zpow_natCast

Hint: Omit it from the simp argument list.
  simp only [zpow_neg,̵z̵p̵o̵w̵_̵n̵a̵t̵C̵a̵s̵t̵]

Note: This linter can be disabled with `set_option linter.unusedSimpArgs false`
warning: ZhangLS/Spec/Lemma61ReciprocalTailKernel.lean:66:17: Used `tac1 <;> tac2` where `(tac1; tac2)` would suffice

Note: This linter can be disabled with `set_option linter.unnecessarySeqFocus false`
⚠ [4803/4858] Replayed ZhangLS.Spec.Lemma61ErrorHorizontalBounds
warning: ZhangLS/Spec/Lemma61ErrorHorizontalBounds.lean:147:13: Used `tac1 <;> tac2` where `(tac1; tac2)` would suffice

Note: This linter can be disabled with `set_option linter.unnecessarySeqFocus false`
⚠ [4808/4858] Replayed ZhangLS.Spec.Lemma61ReciprocalTailTruncation
warning: ZhangLS/Spec/Lemma61ReciprocalTailTruncation.lean:26:34: unused variable `hL`

Note: This linter can be disabled with `set_option linter.unusedVariables false`
warning: ZhangLS/Spec/Lemma61ReciprocalTailTruncation.lean:202:34: This simp argument is unused:
  Complex.ofReal_one

Hint: Omit it from the simp argument list.
  simp only [Complex.ofReal_neg,̵C̵o̵m̵p̵l̵e̵x̵.̵o̵f̵R̵e̵a̵l̵_̵o̵n̵e̵]

Note: This linter can be disabled with `set_option linter.unusedSimpArgs false`
⚠ [4810/4858] Replayed ZhangLS.Spec.Lemma61ShortCutoff
warning: ZhangLS/Spec/Lemma61ShortCutoff.lean:79:62: Used `tac1 <;> tac2` where `(tac1; tac2)` would suffice

Note: This linter can be disabled with `set_option linter.unnecessarySeqFocus false`
⚠ [4811/4858] Replayed ZhangLS.Spec.Lemma61ShortTruncation
warning: ZhangLS/Spec/Lemma61ShortTruncation.lean:82:22: Used `tac1 <;> tac2` where `(tac1; tac2)` would suffice

Note: This linter can be disabled with `set_option linter.unnecessarySeqFocus false`
warning: ZhangLS/Spec/Lemma61ShortTruncation.lean:120:17: Used `tac1 <;> tac2` where `(tac1; tac2)` would suffice

Note: This linter can be disabled with `set_option linter.unnecessarySeqFocus false`
ℹ [4812/4858] Replayed ZhangLS.Spec.Lemma61ReciprocalModel
info: ZhangLS/Spec/Lemma61ReciprocalModel.lean:47:2: Try this:
  [apply] ring_nf
  
  The `ring` tactic failed to close the goal. Use `ring_nf` to obtain a normal form.
    
  Note that `ring` works primarily in *commutative* rings. If you have a noncommutative ring, abelian group or module, consider using `noncomm_ring`, `abel` or `module` instead.
⚠ [4814/4858] Replayed ZhangLS.Spec.Lemma61LeftApproximation
info: ZhangLS/Spec/Lemma61LeftApproximation.lean:56:27: Try this:
  [apply] ring_nf
  
  The `ring` tactic failed to close the goal. Use `ring_nf` to obtain a normal form.
    
  Note that `ring` works primarily in *commutative* rings. If you have a noncommutative ring, abelian group or module, consider using `noncomm_ring`, `abel` or `module` instead.
warning: ZhangLS/Spec/Lemma61LeftApproximation.lean:56:23: Used `tac1 <;> tac2` where `(tac1; tac2)` would suffice

Note: This linter can be disabled with `set_option linter.unnecessarySeqFocus false`
⚠ [4815/4858] Replayed ZhangLS.Spec.Lemma61HorizontalKernel
warning: ZhangLS/Spec/Lemma61HorizontalKernel.lean:24:24: This simp argument is unused:
  zpow_natCast

Hint: Omit it from the simp argument list.
  simp only [zpow_neg,̵z̵p̵o̵w̵_̵n̵a̵t̵C̵a̵s̵t̵]

Note: This linter can be disabled with `set_option linter.unusedSimpArgs false`
warning: ZhangLS/Spec/Lemma61HorizontalKernel.lean:46:34: This simp argument is unused:
  add_im

Hint: Omit it from the simp argument list.
  simp only [̵l̵e̵m̵m̵a̵2̵3̵P̵a̵p̵e̵r̵C̵e̵n̵t̵e̵r̵,̵a̵d̵d̵_̵i̵m̵,̵o̵f̵R̵e̵a̵l̵_̵i̵m̵,̵z̵e̵r̵o̵_̵a̵d̵d̵,̵m̵u̵l̵_̵i̵m̵,̵I̵_̵r̵e̵,̵I̵_̵i̵m̵,̵
  ̵ ̵ ̵ ̵ ̵ ̵ ̵o̵f̵R̵e̵a̵l̵_̵r̵e̵,̵m̵u̵l̵_̵z̵e̵r̵o̵,̵m̵u̵l̵_̵o̵n̵e̵,̵z̵e̵r̵o̵_̵m̵u̵l̵,̵a̵d̵d̵_̵z̵e̵r̵o̵]̵[̲l̲e̲m̲m̲a̲2̲3̲P̲a̲p̲e̲r̲C̲e̲n̲t̲e̲r̲,̲ ̲o̲f̲R̲e̲a̲l̲_̲i̲m̲,̲ ̲z̲e̲r̲o̲_̲a̲d̲d̲,̲ ̲m̲u̲l̲_̲i̲m̲,̲ ̲I̲_̲r̲e̲,̲ ̲I̲_̲i̲m̲,̲ ̲o̲f̲R̲e̲a̲l̲_̲r̲e̲,̲ ̲m̲u̲l̲_̲z̲e̲r̲o̲,̲
  ̲ ̲ ̲ ̲ ̲ ̲ ̲m̲u̲l̲_̲o̲n̲e̲,̲ ̲z̲e̲r̲o̲_̲m̲u̲l̲,̲ ̲a̲d̲d̲_̲z̲e̲r̲o̲]̲

Note: This linter can be disabled with `set_option linter.unusedSimpArgs false`
warning: ZhangLS/Spec/Lemma61HorizontalKernel.lean:46:41: This simp argument is unused:
  ofReal_im

Hint: Omit it from the simp argument list.
  simp only [̵l̵e̵m̵m̵a̵2̵3̵P̵a̵p̵e̵r̵C̵e̵n̵t̵e̵r̵,̵a̵d̵d̵_̵i̵m̵,̵o̵f̵R̵e̵a̵l̵_̵i̵m̵,̵z̵e̵r̵o̵_̵a̵d̵d̵,̵m̵u̵l̵_̵i̵m̵,̵I̵_̵r̵e̵,̵I̵_̵i̵m̵,̵
  ̵ ̵ ̵ ̵ ̵ ̵ ̵o̵f̵R̵e̵a̵l̵_̵r̵e̵,̵m̵u̵l̵_̵z̵e̵r̵o̵,̵m̵u̵l̵_̵o̵n̵e̵,̵z̵e̵r̵o̵_̵m̵u̵l̵,̵a̵d̵d̵_̵z̵e̵r̵o̵]̵[̲l̲e̲m̲m̲a̲2̲3̲P̲a̲p̲e̲r̲C̲e̲n̲t̲e̲r̲,̲ ̲a̲d̲d̲_̲i̲m̲,̲ ̲z̲e̲r̲o̲_̲a̲d̲d̲,̲ ̲m̲u̲l̲_̲i̲m̲,̲ ̲I̲_̲r̲e̲,̲ ̲I̲_̲i̲m̲,̲ ̲o̲f̲R̲e̲a̲l̲_̲r̲e̲,̲ ̲m̲u̲l̲_̲z̲e̲r̲o̲,̲
  ̲ ̲ ̲ ̲ ̲ ̲ ̲m̲u̲l̲_̲o̲n̲e̲,̲ ̲z̲e̲r̲o̲_̲m̲u̲l̲,̲ ̲a̲d̲d̲_̲z̲e̲r̲o̲]̲

Note: This linter can be disabled with `set_option linter.unusedSimpArgs false`
warning: ZhangLS/Spec/Lemma61HorizontalKernel.lean:46:51: This simp argument is unused:
  zero_add

Hint: Omit it from the simp argument list.
  simp only [̵l̵e̵m̵m̵a̵2̵3̵P̵a̵p̵e̵r̵C̵e̵n̵t̵e̵r̵,̵a̵d̵d̵_̵i̵m̵,̵o̵f̵R̵e̵a̵l̵_̵i̵m̵,̵z̵e̵r̵o̵_̵a̵d̵d̵,̵m̵u̵l̵_̵i̵m̵,̵I̵_̵r̵e̵,̵I̵_̵i̵m̵,̵
  ̵ ̵ ̵ ̵ ̵ ̵ ̵o̵f̵R̵e̵a̵l̵_̵r̵e̵,̵m̵u̵l̵_̵z̵e̵r̵o̵,̵m̵u̵l̵_̵o̵n̵e̵,̵z̵e̵r̵o̵_̵m̵u̵l̵,̵a̵d̵d̵_̵z̵e̵r̵o̵]̵[̲l̲e̲m̲m̲a̲2̲3̲P̲a̲p̲e̲r̲C̲e̲n̲t̲e̲r̲,̲ ̲a̲d̲d̲_̲i̲m̲,̲ ̲o̲f̲R̲e̲a̲l̲_̲i̲m̲,̲ ̲m̲u̲l̲_̲i̲m̲,̲ ̲I̲_̲r̲e̲,̲ ̲I̲_̲i̲m̲,̲ ̲o̲f̲R̲e̲a̲l̲_̲r̲e̲,̲ ̲m̲u̲l̲_̲z̲e̲r̲o̲,̲
  ̲ ̲ ̲ ̲ ̲ ̲ ̲m̲u̲l̲_̲o̲n̲e̲,̲ ̲z̲e̲r̲o̲_̲m̲u̲l̲,̲ ̲a̲d̲d̲_̲z̲e̲r̲o̲]̲

Note: This linter can be disabled with `set_option linter.unusedSimpArgs false`
warning: ZhangLS/Spec/Lemma61HorizontalKernel.lean:46:60: This simp argument is unused:
  mul_im

Hint: Omit it from the simp argument list.
  simp only [̵l̵e̵m̵m̵a̵2̵3̵P̵a̵p̵e̵r̵C̵e̵n̵t̵e̵r̵,̵a̵d̵d̵_̵i̵m̵,̵o̵f̵R̵e̵a̵l̵_̵i̵m̵,̵z̵e̵r̵o̵_̵a̵d̵d̵,̵m̵u̵l̵_̵i̵m̵,̵I̵_̵r̵e̵,̵I̵_̵i̵m̵,̵
  ̵ ̵ ̵ ̵ ̵ ̵ ̵o̵f̵R̵e̵a̵l̵_̵r̵e̵,̵m̵u̵l̵_̵z̵e̵r̵o̵,̵m̵u̵l̵_̵o̵n̵e̵,̵z̵e̵r̵o̵_̵m̵u̵l̵,̵a̵d̵d̵_̵z̵e̵r̵o̵]̵[̲l̲e̲m̲m̲a̲2̲3̲P̲a̲p̲e̲r̲C̲e̲n̲t̲e̲r̲,̲ ̲a̲d̲d̲_̲i̲m̲,̲ ̲o̲f̲R̲e̲a̲l̲_̲i̲m̲,̲ ̲z̲e̲r̲o̲_̲a̲d̲d̲,̲ ̲I̲_̲r̲e̲,̲ ̲I̲_̲i̲m̲,̲ ̲o̲f̲R̲e̲a̲l̲_̲r̲e̲,̲ ̲m̲u̲l̲_̲z̲e̲r̲o̲,̲
  ̲ ̲ ̲ ̲ ̲ ̲ ̲m̲u̲l̲_̲o̲n̲e̲,̲ ̲z̲e̲r̲o̲_̲m̲u̲l̲,̲ ̲a̲d̲d̲_̲z̲e̲r̲o̲]̲

Note: This linter can be disabled with `set_option linter.unusedSimpArgs false`
warning: ZhangLS/Spec/Lemma61HorizontalKernel.lean:46:67: This simp argument is unused:
  I_re

Hint: Omit it from the simp argument list.
  simp only [̵l̵e̵m̵m̵a̵2̵3̵P̵a̵p̵e̵r̵C̵e̵n̵t̵e̵r̵,̵a̵d̵d̵_̵i̵m̵,̵o̵f̵R̵e̵a̵l̵_̵i̵m̵,̵z̵e̵r̵o̵_̵a̵d̵d̵,̵m̵u̵l̵_̵i̵m̵,̵I̵_̵r̵e̵,̵I̵_̵i̵m̵,̵
  ̵ ̵ ̵ ̵ ̵ ̵ ̵o̵f̵R̵e̵a̵l̵_̵r̵e̵,̵m̵u̵l̵_̵z̵e̵r̵o̵,̵m̵u̵l̵_̵o̵n̵e̵,̵z̵e̵r̵o̵_̵m̵u̵l̵,̵a̵d̵d̵_̵z̵e̵r̵o̵]̵[̲l̲e̲m̲m̲a̲2̲3̲P̲a̲p̲e̲r̲C̲e̲n̲t̲e̲r̲,̲ ̲a̲d̲d̲_̲i̲m̲,̲ ̲o̲f̲R̲e̲a̲l̲_̲i̲m̲,̲ ̲z̲e̲r̲o̲_̲a̲d̲d̲,̲ ̲m̲u̲l̲_̲i̲m̲,̲ ̲I̲_̲i̲m̲,̲ ̲o̲f̲R̲e̲a̲l̲_̲r̲e̲,̲ ̲m̲u̲l̲_̲z̲e̲r̲o̲,̲
  ̲ ̲ ̲ ̲ ̲ ̲ ̲m̲u̲l̲_̲o̲n̲e̲,̲ ̲z̲e̲r̲o̲_̲m̲u̲l̲,̲ ̲a̲d̲d̲_̲z̲e̲r̲o̲]̲

Note: This linter can be disabled with `set_option linter.unusedSimpArgs false`
warning: ZhangLS/Spec/Lemma61HorizontalKernel.lean:46:72: This simp argument is unused:
  I_im

Hint: Omit it from the simp argument list.
  simp only [̵l̵e̵m̵m̵a̵2̵3̵P̵a̵p̵e̵r̵C̵e̵n̵t̵e̵r̵,̵a̵d̵d̵_̵i̵m̵,̵o̵f̵R̵e̵a̵l̵_̵i̵m̵,̵z̵e̵r̵o̵_̵a̵d̵d̵,̵m̵u̵l̵_̵i̵m̵,̵I̵_̵r̵e̵,̵I̵_̵i̵m̵,̵
  ̵ ̵ ̵ ̵ ̵ ̵ ̵o̵f̵R̵e̵a̵l̵_̵r̵e̵,̵m̵u̵l̵_̵z̵e̵r̵o̵,̵m̵u̵l̵_̵o̵n̵e̵,̵z̵e̵r̵o̵_̵m̵u̵l̵,̵a̵d̵d̵_̵z̵e̵r̵o̵]̵[̲l̲e̲m̲m̲a̲2̲3̲P̲a̲p̲e̲r̲C̲e̲n̲t̲e̲r̲,̲ ̲a̲d̲d̲_̲i̲m̲,̲ ̲o̲f̲R̲e̲a̲l̲_̲i̲m̲,̲ ̲z̲e̲r̲o̲_̲a̲d̲d̲,̲ ̲m̲u̲l̲_̲i̲m̲,̲ ̲I̲_̲r̲e̲,̲ ̲o̲f̲R̲e̲a̲l̲_̲r̲e̲,̲ ̲m̲u̲l̲_̲z̲e̲r̲o̲,̲
  ̲ ̲ ̲ ̲ ̲ ̲ ̲m̲u̲l̲_̲o̲n̲e̲,̲ ̲z̲e̲r̲o̲_̲m̲u̲l̲,̲ ̲a̲d̲d̲_̲z̲e̲r̲o̲]̲

Note: This linter can be disabled with `set_option linter.unusedSimpArgs false`
warning: ZhangLS/Spec/Lemma61HorizontalKernel.lean:47:6: This simp argument is unused:
  ofReal_re

Hint: Omit it from the simp argument list.
  simp only [̵l̵e̵m̵m̵a̵2̵3̵P̵a̵p̵e̵r̵C̵e̵n̵t̵e̵r̵,̵a̵d̵d̵_̵i̵m̵,̵o̵f̵R̵e̵a̵l̵_̵i̵m̵,̵z̵e̵r̵o̵_̵a̵d̵d̵,̵m̵u̵l̵_̵i̵m̵,̵I̵_̵r̵e̵,̵I̵_̵i̵m̵,̵
  ̵ ̵ ̵ ̵ ̵ ̵ ̵o̵f̵R̵e̵a̵l̵_̵r̵e̵,̵m̵u̵l̵_̵z̵e̵r̵o̵,̵m̵u̵l̵_̵o̵n̵e̵,̵z̵e̵r̵o̵_̵m̵u̵l̵,̵a̵d̵d̵_̵z̵e̵r̵o̵]̵[̲l̲e̲m̲m̲a̲2̲3̲P̲a̲p̲e̲r̲C̲e̲n̲t̲e̲r̲,̲ ̲a̲d̲d̲_̲i̲m̲,̲ ̲o̲f̲R̲e̲a̲l̲_̲i̲m̲,̲ ̲z̲e̲r̲o̲_̲a̲d̲d̲,̲ ̲m̲u̲l̲_̲i̲m̲,̲ ̲I̲_̲r̲e̲,̲ ̲I̲_̲i̲m̲,̲ ̲m̲u̲l̲_̲z̲e̲r̲o̲,̲
  ̲ ̲ ̲ ̲ ̲ ̲ ̲m̲u̲l̲_̲o̲n̲e̲,̲ ̲z̲e̲r̲o̲_̲m̲u̲l̲,̲ ̲a̲d̲d̲_̲z̲e̲r̲o̲]̲

Note: This linter can be disabled with `set_option linter.unusedSimpArgs false`
warning: ZhangLS/Spec/Lemma61HorizontalKernel.lean:47:16: This simp argument is unused:
  mul_zero

Hint: Omit it from the simp argument list.
  simp only [̵l̵e̵m̵m̵a̵2̵3̵P̵a̵p̵e̵r̵C̵e̵n̵t̵e̵r̵,̵a̵d̵d̵_̵i̵m̵,̵o̵f̵R̵e̵a̵l̵_̵i̵m̵,̵z̵e̵r̵o̵_̵a̵d̵d̵,̵m̵u̵l̵_̵i̵m̵,̵I̵_̵r̵e̵,̵I̵_̵i̵m̵,̵
  ̵ ̵ ̵ ̵ ̵ ̵ ̵o̵f̵R̵e̵a̵l̵_̵r̵e̵,̵m̵u̵l̵_̵z̵e̵r̵o̵,̵m̵u̵l̵_̵o̵n̵e̵,̵z̵e̵r̵o̵_̵m̵u̵l̵,̵a̵d̵d̵_̵z̵e̵r̵o̵]̵[̲l̲e̲m̲m̲a̲2̲3̲P̲a̲p̲e̲r̲C̲e̲n̲t̲e̲r̲,̲ ̲a̲d̲d̲_̲i̲m̲,̲ ̲o̲f̲R̲e̲a̲l̲_̲i̲m̲,̲ ̲z̲e̲r̲o̲_̲a̲d̲d̲,̲ ̲m̲u̲l̲_̲i̲m̲,̲ ̲I̲_̲r̲e̲,̲ ̲I̲_̲i̲m̲,̲ ̲o̲f̲R̲e̲a̲l̲_̲r̲e̲,̲
  ̲ ̲ ̲ ̲ ̲ ̲ ̲m̲u̲l̲_̲o̲n̲e̲,̲ ̲z̲e̲r̲o̲_̲m̲u̲l̲,̲ ̲a̲d̲d̲_̲z̲e̲r̲o̲]̲

Note: This linter can be disabled with `set_option linter.unusedSimpArgs false`
warning: ZhangLS/Spec/Lemma61HorizontalKernel.lean:47:25: This simp argument is unused:
  mul_one

Hint: Omit it from the simp argument list.
  simp only [̵l̵e̵m̵m̵a̵2̵3̵P̵a̵p̵e̵r̵C̵e̵n̵t̵e̵r̵,̵a̵d̵d̵_̵i̵m̵,̵o̵f̵R̵e̵a̵l̵_̵i̵m̵,̵z̵e̵r̵o̵_̵a̵d̵d̵,̵m̵u̵l̵_̵i̵m̵,̵I̵_̵r̵e̵,̵I̵_̵i̵m̵,̵
  ̵ ̵ ̵ ̵ ̵ ̵ ̵o̵f̵R̵e̵a̵l̵_̵r̵e̵,̵m̵u̵l̵_̵z̵e̵r̵o̵,̵m̵u̵l̵_̵o̵n̵e̵,̵z̵e̵r̵o̵_̵m̵u̵l̵,̵a̵d̵d̵_̵z̵e̵r̵o̵]̵[̲l̲e̲m̲m̲a̲2̲3̲P̲a̲p̲e̲r̲C̲e̲n̲t̲e̲r̲,̲ ̲a̲d̲d̲_̲i̲m̲,̲ ̲o̲f̲R̲e̲a̲l̲_̲i̲m̲,̲ ̲z̲e̲r̲o̲_̲a̲d̲d̲,̲ ̲m̲u̲l̲_̲i̲m̲,̲ ̲I̲_̲r̲e̲,̲ ̲I̲_̲i̲m̲,̲ ̲o̲f̲R̲e̲a̲l̲_̲r̲e̲,̲
  ̲ ̲ ̲ ̲ ̲ ̲ ̲m̲u̲l̲_̲z̲e̲r̲o̲,̲ ̲z̲e̲r̲o̲_̲m̲u̲l̲,̲ ̲a̲d̲d̲_̲z̲e̲r̲o̲]̲

Note: This linter can be disabled with `set_option linter.unusedSimpArgs false`
warning: ZhangLS/Spec/Lemma61HorizontalKernel.lean:47:33: This simp argument is unused:
  zero_mul

Hint: Omit it from the simp argument list.
  simp only [̵l̵e̵m̵m̵a̵2̵3̵P̵a̵p̵e̵r̵C̵e̵n̵t̵e̵r̵,̵a̵d̵d̵_̵i̵m̵,̵o̵f̵R̵e̵a̵l̵_̵i̵m̵,̵z̵e̵r̵o̵_̵a̵d̵d̵,̵m̵u̵l̵_̵i̵m̵,̵I̵_̵r̵e̵,̵I̵_̵i̵m̵,̵
  ̵ ̵ ̵ ̵ ̵ ̵ ̵o̵f̵R̵e̵a̵l̵_̵r̵e̵,̵m̵u̵l̵_̵z̵e̵r̵o̵,̵m̵u̵l̵_̵o̵n̵e̵,̵z̵e̵r̵o̵_̵m̵u̵l̵,̵a̵d̵d̵_̵z̵e̵r̵o̵]̵[̲l̲e̲m̲m̲a̲2̲3̲P̲a̲p̲e̲r̲C̲e̲n̲t̲e̲r̲,̲ ̲a̲d̲d̲_̲i̲m̲,̲ ̲o̲f̲R̲e̲a̲l̲_̲i̲m̲,̲ ̲z̲e̲r̲o̲_̲a̲d̲d̲,̲ ̲m̲u̲l̲_̲i̲m̲,̲ ̲I̲_̲r̲e̲,̲ ̲I̲_̲i̲m̲,̲ ̲o̲f̲R̲e̲a̲l̲_̲r̲e̲,̲
  ̲ ̲ ̲ ̲ ̲ ̲ ̲m̲u̲l̲_̲z̲e̲r̲o̲,̲ ̲m̲u̲l̲_̲o̲n̲e̲,̲ ̲a̲d̲d̲_̲z̲e̲r̲o̲]̲

Note: This linter can be disabled with `set_option linter.unusedSimpArgs false`
warning: ZhangLS/Spec/Lemma61HorizontalKernel.lean:47:42: This simp argument is unused:
  add_zero

Hint: Omit it from the simp argument list.
  simp only [̵l̵e̵m̵m̵a̵2̵3̵P̵a̵p̵e̵r̵C̵e̵n̵t̵e̵r̵,̵a̵d̵d̵_̵i̵m̵,̵o̵f̵R̵e̵a̵l̵_̵i̵m̵,̵z̵e̵r̵o̵_̵a̵d̵d̵,̵m̵u̵l̵_̵i̵m̵,̵I̵_̵r̵e̵,̵I̵_̵i̵m̵,̵
  ̵ ̵ ̵ ̵ ̵ ̵ ̵o̵f̵R̵e̵a̵l̵_̵r̵e̵,̵m̵u̵l̵_̵z̵e̵r̵o̵,̵m̵u̵l̵_̵o̵n̵e̵,̵z̵e̵r̵o̵_̵m̵u̵l̵,̵a̵d̵d̵_̵z̵e̵r̵o̵]̵[̲l̲e̲m̲m̲a̲2̲3̲P̲a̲p̲e̲r̲C̲e̲n̲t̲e̲r̲,̲ ̲a̲d̲d̲_̲i̲m̲,̲ ̲o̲f̲R̲e̲a̲l̲_̲i̲m̲,̲ ̲z̲e̲r̲o̲_̲a̲d̲d̲,̲ ̲m̲u̲l̲_̲i̲m̲,̲ ̲I̲_̲r̲e̲,̲ ̲I̲_̲i̲m̲,̲ ̲o̲f̲R̲e̲a̲l̲_̲r̲e̲,̲
  ̲ ̲ ̲ ̲ ̲ ̲ ̲m̲u̲l̲_̲z̲e̲r̲o̲,̲ ̲m̲u̲l̲_̲o̲n̲e̲,̲ ̲z̲e̲r̲o̲_̲m̲u̲l̲]̲

Note: This linter can be disabled with `set_option linter.unusedSimpArgs false`
⚠ [4816/4858] Replayed ZhangLS.Spec.Lemma61HorizontalLBounds
warning: ZhangLS/Spec/Lemma61HorizontalLBounds.lean:32:17: 'positivity' tactic does nothing

Note: This linter can be disabled with `set_option linter.unusedTactic false`
warning: ZhangLS/Spec/Lemma61HorizontalLBounds.lean:32:17: this tactic is never executed

Note: This linter can be disabled with `set_option linter.unreachableTactic false`
warning: ZhangLS/Spec/Lemma61HorizontalLBounds.lean:51:17: 'positivity' tactic does nothing

Note: This linter can be disabled with `set_option linter.unusedTactic false`
warning: ZhangLS/Spec/Lemma61HorizontalLBounds.lean:51:17: this tactic is never executed

Note: This linter can be disabled with `set_option linter.unreachableTactic false`
⚠ [4817/4858] Replayed ZhangLS.Spec.Lemma61HorizontalTruncation
warning: ZhangLS/Spec/Lemma61HorizontalTruncation.lean:67:60: 'ring' tactic does nothing

Note: This linter can be disabled with `set_option linter.unusedTactic false`
warning: ZhangLS/Spec/Lemma61HorizontalTruncation.lean:67:60: this tactic is never executed

Note: This linter can be disabled with `set_option linter.unreachableTactic false`
warning: ZhangLS/Spec/Lemma61HorizontalTruncation.lean:74:71: Used `tac1 <;> tac2` where `(tac1; tac2)` would suffice

Note: This linter can be disabled with `set_option linter.unnecessarySeqFocus false`
⚠ [4818/4858] Replayed ZhangLS.Spec.Lemma61Approximation
info: ZhangLS/Spec/Lemma61Approximation.lean:61:74: Try this:
  [apply] ring_nf
  
  The `ring` tactic failed to close the goal. Use `ring_nf` to obtain a normal form.
    
  Note that `ring` works primarily in *commutative* rings. If you have a noncommutative ring, abelian group or module, consider using `noncomm_ring`, `abel` or `module` instead.
warning: ZhangLS/Spec/Lemma61Approximation.lean:61:70: Used `tac1 <;> tac2` where `(tac1; tac2)` would suffice

Note: This linter can be disabled with `set_option linter.unnecessarySeqFocus false`
⚠ [4822/4858] Replayed ZhangLS.Spec.Lemma56PrimePowerBudget
warning: ZhangLS/Spec/Lemma56PrimePowerBudget.lean:43:98: Used `tac1 <;> tac2` where `(tac1; tac2)` would suffice

Note: This linter can be disabled with `set_option linter.unnecessarySeqFocus false`
⚠ [4829/4858] Replayed ZhangLS.Spec.Lemma56PrimeWindowAbsolute
warning: ZhangLS/Spec/Lemma56PrimeWindowAbsolute.lean:38:21: Used `tac1 <;> tac2` where `(tac1; tac2)` would suffice

Note: This linter can be disabled with `set_option linter.unnecessarySeqFocus false`
⚠ [4832/4858] Replayed ZhangLS.Spec.Lemma56PrimeMassNormalization
warning: ZhangLS/Spec/Lemma56PrimeMassNormalization.lean:51:23: Used `tac1 <;> tac2` where `(tac1; tac2)` would suffice

Note: This linter can be disabled with `set_option linter.unnecessarySeqFocus false`
⚠ [4833/4858] Replayed ZhangLS.Spec.Lemma56ActualPrimeMassScales
warning: ZhangLS/Spec/Lemma56ActualPrimeMassScales.lean:26:5: unused variable `hC`

Note: This linter can be disabled with `set_option linter.unusedVariables false`
⚠ [4835/4858] Replayed ZhangLS.Spec.Lemma56ActualPrimeMassLower
warning: ZhangLS/Spec/Lemma56ActualPrimeMassLower.lean:95:86: Used `tac1 <;> tac2` where `(tac1; tac2)` would suffice

Note: This linter can be disabled with `set_option linter.unnecessarySeqFocus false`
✔ [4845/4858] Built ZhangLS.Spec.Lemma32BurgessPowerAlgebra (11s)
✔ [4846/4858] Built ZhangLS.Spec.Lemma32BurgessFloorBounds (1.8s)
✔ [4847/4858] Built ZhangLS.Spec.Lemma32QuadraticGaussNorm (14s)
✔ [4848/4858] Built ZhangLS.Spec.Lemma32IntervalFourierCompletion (2.4s)
✔ [4849/4858] Built ZhangLS.Spec.Lemma32FourierGeometricKernel (2.8s)
✔ [4850/4858] Built ZhangLS.Spec.Lemma32FourierChordLower (2.5s)
✔ [4851/4858] Built ZhangLS.Spec.Lemma32FourierKernelReciprocal (2.5s)
ℹ [4852/4858] Built ZhangLS.Spec.Lemma32FourierKernelSummatory (2.4s)
info: ZhangLS/Spec/Lemma32FourierKernelSummatory.lean:85:4: Try this:
  [apply] ring_nf
  
  The `ring` tactic failed to close the goal. Use `ring_nf` to obtain a normal form.
    
  Note that `ring` works primarily in *commutative* rings. If you have a noncommutative ring, abelian group or module, consider using `noncomm_ring`, `abel` or `module` instead.
✔ [4853/4858] Built ZhangLS.Spec.Lemma32PrimitivePolyaVinogradov (2.3s)
✔ [4854/4858] Built ZhangLS.Spec.Lemma32BurgessEndpointBounds (2.6s)
✔ [4855/4858] Built ZhangLS.Spec.All (2.5s)
✔ [4856/4858] Built ZhangLS.All (2.3s)
✔ [4857/4858] Built ZhangLS (2.2s)
Build completed successfully (4858 jobs).
