Pinned toolchain: leanprover/lean4:v4.30.0
Lean: Lean (version 4.30.0, arm64-apple-darwin24.6.0, commit d024af099ca4bf2c86f649261ebf59565dc8c622, Release)
Lake: Lake version 5.0.0-src+d024af0 (Lean version 4.30.0)
Spec/All.lean coverage OK: 146 modules
All.lean coverage OK: 224 modules
placeholder check OK: 263 Lean files, no code-level sorry/admit
Lean source structure: 263 files; failures=0
== Stage 1a/3: trusted Spec modules, individually ==
== kernel-check ZhangLS/Spec/CharacterAbelAnalyticContinuation.lean ==
⚠ [1279/1367] Replayed ZhangLS.Spec.RealDirichletCharacter
warning: ZhangLS/Spec/RealDirichletCharacter.lean:48:4: try 'simp' instead of 'simpa'

Note: This linter can be disabled with `set_option linter.unnecessarySimpa false`
Build completed successfully (3432 jobs).
== kernel-check ZhangLS/Spec/CharacterAbelIntegralBound.lean ==
⚠ [1279/1421] Replayed ZhangLS.Spec.RealDirichletCharacter
warning: ZhangLS/Spec/RealDirichletCharacter.lean:48:4: try 'simp' instead of 'simpa'

Note: This linter can be disabled with `set_option linter.unnecessarySimpa false`
Build completed successfully (3431 jobs).
== kernel-check ZhangLS/Spec/CharacterLSeriesAbel.lean ==
⚠ [1279/1398] Replayed ZhangLS.Spec.RealDirichletCharacter
warning: ZhangLS/Spec/RealDirichletCharacter.lean:48:4: try 'simp' instead of 'simpa'

Note: This linter can be disabled with `set_option linter.unnecessarySimpa false`
Build completed successfully (3430 jobs).
== kernel-check ZhangLS/Spec/CharacterPeriodSum.lean ==
⚠ [1279/1398] Replayed ZhangLS.Spec.RealDirichletCharacter
warning: ZhangLS/Spec/RealDirichletCharacter.lean:48:4: try 'simp' instead of 'simpa'

Note: This linter can be disabled with `set_option linter.unnecessarySimpa false`
Build completed successfully (3425 jobs).
== kernel-check ZhangLS/Spec/DirichletLSeries.lean ==
⚠ [1279/1439] Replayed ZhangLS.Spec.RealDirichletCharacter
warning: ZhangLS/Spec/RealDirichletCharacter.lean:48:4: try 'simp' instead of 'simpa'

Note: This linter can be disabled with `set_option linter.unnecessarySimpa false`
Build completed successfully (3424 jobs).
== kernel-check ZhangLS/Spec/DivisorCharacterSum.lean ==
⚠ [1280/1292] Replayed ZhangLS.Spec.RealDirichletCharacter
warning: ZhangLS/Spec/RealDirichletCharacter.lean:48:4: try 'simp' instead of 'simpa'

Note: This linter can be disabled with `set_option linter.unnecessarySimpa false`
Build completed successfully (1292 jobs).
== kernel-check ZhangLS/Spec/DivisorCharacterSumNonnegative.lean ==
⚠ [1279/1395] Replayed ZhangLS.Spec.RealDirichletCharacter
warning: ZhangLS/Spec/RealDirichletCharacter.lean:48:4: try 'simp' instead of 'simpa'

Note: This linter can be disabled with `set_option linter.unnecessarySimpa false`
⚠ [3428/3443] Replayed ZhangLS.Spec.RealAxisAtOne
warning: ZhangLS/Spec/RealAxisAtOne.lean:56:4: try 'simp' instead of 'simpa'

Note: This linter can be disabled with `set_option linter.unnecessarySimpa false`
⚠ [3430/3443] Replayed ZhangLS.Spec.Lemma57
warning: ZhangLS/Spec/Lemma57.lean:101:58: unused variable `hD`

Note: This linter can be disabled with `set_option linter.unusedVariables false`
warning: ZhangLS/Spec/Lemma57.lean:102:7: unused variable `hA`

Note: This linter can be disabled with `set_option linter.unusedVariables false`
⚠ [3431/3443] Replayed ZhangLS.Spec.Lemma57Arithmetic
warning: ZhangLS/Spec/Lemma57Arithmetic.lean:55:15: unused variable `hc_g`

Note: This linter can be disabled with `set_option linter.unusedVariables false`
⚠ [3436/3443] Replayed ZhangLS.Spec.Lemma57SmoothedSum
warning: ZhangLS/Spec/Lemma57SmoothedSum.lean:42:46: unused variable `hD`

Note: This linter can be disabled with `set_option linter.unusedVariables false`
Build completed successfully (3443 jobs).
== kernel-check ZhangLS/Spec/Lemma23.lean ==
⚠ [1279/1303] Replayed ZhangLS.Spec.RealDirichletCharacter
warning: ZhangLS/Spec/RealDirichletCharacter.lean:48:4: try 'simp' instead of 'simpa'

Note: This linter can be disabled with `set_option linter.unnecessarySimpa false`
⚠ [1280/1303] Replayed ZhangLS.Spec.Lemma44CharacterProduct
warning: ZhangLS/Spec/Lemma44CharacterProduct.lean:55:38: This simp argument is unused:
  mul_comm

Hint: Omit it from the simp argument list.
  simp [̵m̵u̵l̵_̵c̵o̵m̵m̵,̵ ̵m̵u̵l̵_̵l̵e̵f̵t̵_̵c̵o̵m̵m̵,̵[̲m̲u̲l̲_̲l̲e̲f̲t̲_̲c̲o̲m̲m̲,̲ mul_assoc]

Note: This linter can be disabled with `set_option linter.unusedSimpArgs false`
warning: ZhangLS/Spec/Lemma44CharacterProduct.lean:55:48: This simp argument is unused:
  mul_left_comm

Hint: Omit it from the simp argument list.
  simp [mul_comm, mul_l̵e̵f̵t̵_̵c̵o̵m̵m̵,̵ ̵m̵u̵l̵_̵assoc]

Note: This linter can be disabled with `set_option linter.unusedSimpArgs false`
⚠ [2474/3019] Replayed ZhangLS.Spec.Lemma23AnalyticLogBranch
warning: ZhangLS/Spec/Lemma23AnalyticLogBranch.lean:42:53: try 'simp' instead of 'simpa'

Note: This linter can be disabled with `set_option linter.unnecessarySimpa false`
warning: ZhangLS/Spec/Lemma23AnalyticLogBranch.lean:67:44: try 'simp' instead of 'simpa'

Note: This linter can be disabled with `set_option linter.unnecessarySimpa false`
⚠ [3461/3539] Replayed ZhangLS.Spec.RealAxisAtOne
warning: ZhangLS/Spec/RealAxisAtOne.lean:56:4: try 'simp' instead of 'simpa'

Note: This linter can be disabled with `set_option linter.unnecessarySimpa false`
⚠ [3463/3539] Replayed ZhangLS.Spec.Lemma57
warning: ZhangLS/Spec/Lemma57.lean:101:58: unused variable `hD`

Note: This linter can be disabled with `set_option linter.unusedVariables false`
warning: ZhangLS/Spec/Lemma57.lean:102:7: unused variable `hA`

Note: This linter can be disabled with `set_option linter.unusedVariables false`
⚠ [3464/3539] Replayed ZhangLS.Spec.Lemma57Arithmetic
warning: ZhangLS/Spec/Lemma57Arithmetic.lean:55:15: unused variable `hc_g`

Note: This linter can be disabled with `set_option linter.unusedVariables false`
⚠ [3469/3539] Replayed ZhangLS.Spec.Lemma57SmoothedSum
warning: ZhangLS/Spec/Lemma57SmoothedSum.lean:42:46: unused variable `hD`

Note: This linter can be disabled with `set_option linter.unusedVariables false`
⚠ [3478/3539] Replayed ZhangLS.Spec.Lemma57GaussianGlobal
warning: ZhangLS/Spec/Lemma57GaussianGlobal.lean:55:58: unused variable `ha`

Note: This linter can be disabled with `set_option linter.unusedVariables false`
warning: ZhangLS/Spec/Lemma57GaussianGlobal.lean:241:13: unused variable `hD`

Note: This linter can be disabled with `set_option linter.unusedVariables false`
warning: ZhangLS/Spec/Lemma57GaussianGlobal.lean:241:34: unused variable `hx`

Note: This linter can be disabled with `set_option linter.unusedVariables false`
⚠ [3479/3539] Replayed ZhangLS.Spec.Lemma57SmoothedSummability
warning: ZhangLS/Spec/Lemma57SmoothedSummability.lean:20:52: unused variable `hn`

Note: This linter can be disabled with `set_option linter.unusedVariables false`
⚠ [3484/3539] Replayed ZhangLS.Spec.Lemma57GaussianMellinTransform
warning: ZhangLS/Spec/Lemma57GaussianMellinTransform.lean:67:63: Used `tac1 <;> tac2` where `(tac1; tac2)` would suffice

Note: This linter can be disabled with `set_option linter.unnecessarySeqFocus false`
warning: ZhangLS/Spec/Lemma57GaussianMellinTransform.lean:145:54: Used `tac1 <;> tac2` where `(tac1; tac2)` would suffice

Note: This linter can be disabled with `set_option linter.unnecessarySeqFocus false`
warning: ZhangLS/Spec/Lemma57GaussianMellinTransform.lean:326:4: Try `simp at hs` instead of `simpa using hs`

Note: This linter can be disabled with `set_option linter.unnecessarySimpa false`
⚠ [3498/3539] Replayed ZhangLS.Spec.RiemannZetaCriticalLineBound
warning: ZhangLS/Spec/RiemannZetaCriticalLineBound.lean:99:2: Used `tac1 <;> tac2` where `(tac1; tac2)` would suffice

Note: This linter can be disabled with `set_option linter.unnecessarySeqFocus false`
warning: ZhangLS/Spec/RiemannZetaCriticalLineBound.lean:124:13: unused variable `hs`

Note: This linter can be disabled with `set_option linter.unusedVariables false`
warning: ZhangLS/Spec/RiemannZetaCriticalLineBound.lean:152:6: unused variable `n`

Note: This linter can be disabled with `set_option linter.unusedVariables false`
warning: ZhangLS/Spec/RiemannZetaCriticalLineBound.lean:156:20: unused variable `k`

Note: This linter can be disabled with `set_option linter.unusedVariables false`
warning: ZhangLS/Spec/RiemannZetaCriticalLineBound.lean:161:8: This simp argument is unused:
  sum_one_Icc

Hint: Omit it from the simp argument list.
  simp ̵[̵s̵u̵m̵_̵o̵n̵e̵_̵I̵c̵c̵]̵

Note: This linter can be disabled with `set_option linter.unusedSimpArgs false`
warning: ZhangLS/Spec/RiemannZetaCriticalLineBound.lean:242:12: 'ring' tactic does nothing

Note: This linter can be disabled with `set_option linter.unusedTactic false`
warning: ZhangLS/Spec/RiemannZetaCriticalLineBound.lean:242:12: this tactic is never executed

Note: This linter can be disabled with `set_option linter.unreachableTactic false`
warning: ZhangLS/Spec/RiemannZetaCriticalLineBound.lean:219:41: Used `tac1 <;> tac2` where `(tac1; tac2)` would suffice

Note: This linter can be disabled with `set_option linter.unnecessarySeqFocus false`
warning: ZhangLS/Spec/RiemannZetaCriticalLineBound.lean:303:8: 'ring' tactic does nothing

Note: This linter can be disabled with `set_option linter.unusedTactic false`
warning: ZhangLS/Spec/RiemannZetaCriticalLineBound.lean:303:8: this tactic is never executed

Note: This linter can be disabled with `set_option linter.unreachableTactic false`
warning: ZhangLS/Spec/RiemannZetaCriticalLineBound.lean:394:12: This simp argument is unused:
  norm_div

Hint: Omit it from the simp argument list.
  simp ̵[̵n̵o̵r̵m̵_̵d̵i̵v̵]̵

Note: This linter can be disabled with `set_option linter.unusedSimpArgs false`
warning: ZhangLS/Spec/RiemannZetaCriticalLineBound.lean:475:75: This simp argument is unused:
  norm_div

Hint: Omit it from the simp argument list.
  simp ̵[̵n̵o̵r̵m̵_̵d̵i̵v̵]̵

Note: This linter can be disabled with `set_option linter.unusedSimpArgs false`
⚠ [3499/3539] Replayed ZhangLS.Spec.Lemma57CriticalStripGrowth
warning: ZhangLS/Spec/Lemma57CriticalStripGrowth.lean:270:14: This simp argument is unused:
  norm_div

Hint: Omit it from the simp argument list.
  simp ̵[̵n̵o̵r̵m̵_̵d̵i̵v̵]̵

Note: This linter can be disabled with `set_option linter.unusedSimpArgs false`
⚠ [3506/3539] Replayed ZhangLS.Spec.Lemma23DirichletConjugation
warning: ZhangLS/Spec/Lemma23DirichletConjugation.lean:23:0: automatically included section variable(s) unused in theorem `ZhangLS.Spec.dirichletLSeries_inv_eq_conj_at_conj`:
  [NeZero N]
consider restructuring your `variable` declarations so that the variables are not in scope or explicitly omit them:
  omit [NeZero N] in theorem ...

Note: This linter can be disabled with `set_option linter.unusedSectionVars false`
⚠ [3508/3539] Replayed ZhangLS.Spec.Lemma23PrimitiveGaussSum
warning: ZhangLS/Spec/Lemma23PrimitiveGaussSum.lean:42:19: Used `tac1 <;> tac2` where `(tac1; tac2)` would suffice

Note: This linter can be disabled with `set_option linter.unnecessarySeqFocus false`
⚠ [3509/3539] Replayed ZhangLS.Spec.Lemma23DirichletUnitModulus
warning: ZhangLS/Spec/Lemma23DirichletUnitModulus.lean:112:48: Used `tac1 <;> tac2` where `(tac1; tac2)` would suffice

Note: This linter can be disabled with `set_option linter.unnecessarySeqFocus false`
⚠ [3647/3711] Replayed ZhangLS.Spec.Lemma44ProductMellin
warning: ZhangLS/Spec/Lemma44ProductMellin.lean:144:4: try 'simp' instead of 'simpa'

Note: This linter can be disabled with `set_option linter.unnecessarySimpa false`
⚠ [3651/3711] Replayed ZhangLS.Spec.Lemma44RightMellinApproximation
warning: ZhangLS/Spec/Lemma44RightMellinApproximation.lean:37:4: try 'simp' instead of 'simpa'

Note: This linter can be disabled with `set_option linter.unnecessarySimpa false`
⚠ [3655/3711] Replayed ZhangLS.Spec.Lemma44ReflectedLongSum
warning: ZhangLS/Spec/Lemma44ReflectedLongSum.lean:81:64: Used `tac1 <;> tac2` where `(tac1; tac2)` would suffice

Note: This linter can be disabled with `set_option linter.unnecessarySeqFocus false`
⚠ [3658/3711] Replayed ZhangLS.Spec.Lemma44InitialLeftEstimates
warning: ZhangLS/Spec/Lemma44InitialLeftEstimates.lean:68:23: Used `tac1 <;> tac2` where `(tac1; tac2)` would suffice

Note: This linter can be disabled with `set_option linter.unnecessarySeqFocus false`
⚠ [3661/3711] Replayed ZhangLS.Spec.Lemma44ComplexCharacterAbel
warning: ZhangLS/Spec/Lemma44ComplexCharacterAbel.lean:73:56: unused variable `hD`

Note: This linter can be disabled with `set_option linter.unusedVariables false`
⚠ [3662/3711] Replayed ZhangLS.Spec.Lemma44HorizontalGrowth
warning: ZhangLS/Spec/Lemma44HorizontalGrowth.lean:147:6: 'push_cast' tactic does nothing

Note: This linter can be disabled with `set_option linter.unusedTactic false`
⚠ [3664/3711] Replayed ZhangLS.Spec.Lemma44GaussianVerticalTail
info: ZhangLS/Spec/Lemma44GaussianVerticalTail.lean:41:4: Try this:
  [apply] ring_nf
  
  The `ring` tactic failed to close the goal. Use `ring_nf` to obtain a normal form.
    
  Note that `ring` works primarily in *commutative* rings. If you have a noncommutative ring, abelian group or module, consider using `noncomm_ring`, `abel` or `module` instead.
info: ZhangLS/Spec/Lemma44GaussianVerticalTail.lean:57:16: Try this:
  [apply] ring_nf
  
  The `ring` tactic failed to close the goal. Use `ring_nf` to obtain a normal form.
    
  Note that `ring` works primarily in *commutative* rings. If you have a noncommutative ring, abelian group or module, consider using `noncomm_ring`, `abel` or `module` instead.
warning: ZhangLS/Spec/Lemma44GaussianVerticalTail.lean:57:12: Used `tac1 <;> tac2` where `(tac1; tac2)` would suffice

Note: This linter can be disabled with `set_option linter.unnecessarySeqFocus false`
warning: ZhangLS/Spec/Lemma44GaussianVerticalTail.lean:68:22: Used `tac1 <;> tac2` where `(tac1; tac2)` would suffice

Note: This linter can be disabled with `set_option linter.unnecessarySeqFocus false`
info: ZhangLS/Spec/Lemma44GaussianVerticalTail.lean:153:35: Try this:
  [apply] ring_nf
  
  The `ring` tactic failed to close the goal. Use `ring_nf` to obtain a normal form.
    
  Note that `ring` works primarily in *commutative* rings. If you have a noncommutative ring, abelian group or module, consider using `noncomm_ring`, `abel` or `module` instead.
⚠ [3665/3711] Replayed ZhangLS.Spec.Lemma44LocalRectangle
warning: ZhangLS/Spec/Lemma44LocalRectangle.lean:115:46: This simp argument is unused:
  zero_mul

Hint: Omit it from the simp argument list.
  simp only [mem_reProdIm, mem_Icc, sub_re, sub_im, ofReal_re, ofReal_im, mul_re, mul_im, I_re,
  ̲  ̲ ̲ ̲ ̲ ̲ ̲ ̲I_im, mul_zero, z̵e̵r̵o̵_̵m̵u̵l̵,̵ ̵mul_one, zero_add, sub_zero]

Note: This linter can be disabled with `set_option linter.unusedSimpArgs false`
warning: ZhangLS/Spec/Lemma44LocalRectangle.lean:115:65: This simp argument is unused:
  zero_add

Hint: Omit it from the simp argument list.
  simp only [mem_reProdIm, mem_Icc, sub_re, sub_im, ofReal_re, ofReal_im, mul_re, mul_im, I_re,
  ̲  ̲ ̲ ̲ ̲ ̲ ̲ ̲I_im, mul_zero, zero_mul, mul_one, z̵e̵r̵o̵_̵a̵d̵d̵,̵ ̵sub_zero]

Note: This linter can be disabled with `set_option linter.unusedSimpArgs false`
⚠ [3668/3711] Replayed ZhangLS.Spec.Lemma44HorizontalIntegrals
warning: ZhangLS/Spec/Lemma44HorizontalIntegrals.lean:18:5: unused variable `hK`

Note: This linter can be disabled with `set_option linter.unusedVariables false`
⚠ [3669/3711] Replayed ZhangLS.Spec.Lemma44ReflectedPolynomialContours
warning: ZhangLS/Spec/Lemma44ReflectedPolynomialContours.lean:152:64: This simp argument is unused:
  mul_left_comm

Hint: Omit it from the simp argument list.
  simp only [sub_eq_add_neg, add_comm, add_left_comm, mul_comm, mul_l̵e̵f̵t̵_̵c̵o̵m̵m̵,̵ ̵m̵u̵l̵_̵assoc] at hc ⊢

Note: This linter can be disabled with `set_option linter.unusedSimpArgs false`
warning: ZhangLS/Spec/Lemma44ReflectedPolynomialContours.lean:152:79: This simp argument is unused:
  mul_assoc

Hint: Omit it from the simp argument list.
  simp only [sub_eq_add_neg, add_comm, add_left_comm, mul_comm, mul_left_comm,̵ ̵m̵u̵l̵_̵a̵s̵s̵o̵c̵] at hc ⊢

Note: This linter can be disabled with `set_option linter.unusedSimpArgs false`
⚠ [3673/3711] Replayed ZhangLS.Spec.Lemma45Normalization
warning: ZhangLS/Spec/Lemma45Normalization.lean:90:8: 'ring' tactic does nothing

Note: This linter can be disabled with `set_option linter.unusedTactic false`
warning: ZhangLS/Spec/Lemma45Normalization.lean:90:8: this tactic is never executed

Note: This linter can be disabled with `set_option linter.unreachableTactic false`
⚠ [3696/3711] Replayed ZhangLS.Spec.Lemma46SingleZero
warning: ZhangLS/Spec/Lemma46SingleZero.lean:33:10: This simp argument is unused:
  mem_sphere

Hint: Omit it from the simp argument list.
  simp [m̵e̵m̵_̵s̵p̵h̵e̵r̵e̵,̵ ̵dist_zero_right, abs_of_pos hR]

Note: This linter can be disabled with `set_option linter.unusedSimpArgs false`
warning: ZhangLS/Spec/Lemma46SingleZero.lean:33:22: This simp argument is unused:
  dist_zero_right

Hint: Omit it from the simp argument list.
  simp [mem_sphere, d̵i̵s̵t̵_̵z̵e̵r̵o̵_̵r̵i̵g̵h̵t̵,̵ ̵abs_of_pos hR]

Note: This linter can be disabled with `set_option linter.unusedSimpArgs false`
⚠ [3697/3711] Replayed ZhangLS.Spec.Lemma46RoucheLocal
warning: ZhangLS/Spec/Lemma46RoucheLocal.lean:30:5: unused variable `hm`

Note: This linter can be disabled with `set_option linter.unusedVariables false`
⚠ [3698/3711] Replayed ZhangLS.Spec.Lemma46ZeroAnalysis
warning: ZhangLS/Spec/Lemma46ZeroAnalysis.lean:108:39: Used `tac1 <;> tac2` where `(tac1; tac2)` would suffice

Note: This linter can be disabled with `set_option linter.unnecessarySeqFocus false`
warning: ZhangLS/Spec/Lemma46ZeroAnalysis.lean:151:54: unused variable `hc`

Note: This linter can be disabled with `set_option linter.unusedVariables false`
Build completed successfully (3711 jobs).
== kernel-check ZhangLS/Spec/Lemma23AnalyticLogBranch.lean ==
⚠ [2470/2470] Replayed ZhangLS.Spec.Lemma23AnalyticLogBranch
warning: ZhangLS/Spec/Lemma23AnalyticLogBranch.lean:42:53: try 'simp' instead of 'simpa'

Note: This linter can be disabled with `set_option linter.unnecessarySimpa false`
warning: ZhangLS/Spec/Lemma23AnalyticLogBranch.lean:67:44: try 'simp' instead of 'simpa'

Note: This linter can be disabled with `set_option linter.unnecessarySimpa false`
Build completed successfully (2470 jobs).
ZhangLS/Spec/Lemma23AnalyticLogBranch.lean:42:53: warning: try 'simp' instead of 'simpa'

Note: This linter can be disabled with `set_option linter.unnecessarySimpa false`
ZhangLS/Spec/Lemma23AnalyticLogBranch.lean:67:44: warning: try 'simp' instead of 'simpa'

Note: This linter can be disabled with `set_option linter.unnecessarySimpa false`
== kernel-check ZhangLS/Spec/Lemma23ArgumentPrinciple.lean ==
Build completed successfully (2683 jobs).
== kernel-check ZhangLS/Spec/Lemma23ArithmeticCoefficients.lean ==
⚠ [1279/1508] Replayed ZhangLS.Spec.RealDirichletCharacter
warning: ZhangLS/Spec/RealDirichletCharacter.lean:48:4: try 'simp' instead of 'simpa'

Note: This linter can be disabled with `set_option linter.unnecessarySimpa false`
Build completed successfully (3003 jobs).
== kernel-check ZhangLS/Spec/Lemma23BorelCaratheodory.lean ==
⚠ [2469/2732] Replayed ZhangLS.Spec.Lemma23AnalyticLogBranch
warning: ZhangLS/Spec/Lemma23AnalyticLogBranch.lean:42:53: try 'simp' instead of 'simpa'

Note: This linter can be disabled with `set_option linter.unnecessarySimpa false`
warning: ZhangLS/Spec/Lemma23AnalyticLogBranch.lean:67:44: try 'simp' instead of 'simpa'

Note: This linter can be disabled with `set_option linter.unnecessarySimpa false`
⚠ [2473/2732] Replayed ZhangLS.Spec.RealDirichletCharacter
warning: ZhangLS/Spec/RealDirichletCharacter.lean:48:4: try 'simp' instead of 'simpa'

Note: This linter can be disabled with `set_option linter.unnecessarySimpa false`
Build completed successfully (3153 jobs).
== kernel-check ZhangLS/Spec/Lemma23CharacterOrthogonality.lean ==
Build completed successfully (3290 jobs).
== kernel-check ZhangLS/Spec/Lemma23CoefficientBounds.lean ==
⚠ [1279/1419] Replayed ZhangLS.Spec.RealDirichletCharacter
warning: ZhangLS/Spec/RealDirichletCharacter.lean:48:4: try 'simp' instead of 'simpa'

Note: This linter can be disabled with `set_option linter.unnecessarySimpa false`
Build completed successfully (3011 jobs).
== kernel-check ZhangLS/Spec/Lemma23DirichletBranch.lean ==
⚠ [1279/1468] Replayed ZhangLS.Spec.RealDirichletCharacter
warning: ZhangLS/Spec/RealDirichletCharacter.lean:48:4: try 'simp' instead of 'simpa'

Note: This linter can be disabled with `set_option linter.unnecessarySimpa false`
⚠ [3452/3461] Replayed ZhangLS.Spec.Lemma23DirichletConjugation
warning: ZhangLS/Spec/Lemma23DirichletConjugation.lean:23:0: automatically included section variable(s) unused in theorem `ZhangLS.Spec.dirichletLSeries_inv_eq_conj_at_conj`:
  [NeZero N]
consider restructuring your `variable` declarations so that the variables are not in scope or explicitly omit them:
  omit [NeZero N] in theorem ...

Note: This linter can be disabled with `set_option linter.unusedSectionVars false`
⚠ [3454/3461] Replayed ZhangLS.Spec.Lemma23PrimitiveGaussSum
warning: ZhangLS/Spec/Lemma23PrimitiveGaussSum.lean:42:19: Used `tac1 <;> tac2` where `(tac1; tac2)` would suffice

Note: This linter can be disabled with `set_option linter.unnecessarySeqFocus false`
⚠ [3455/3461] Replayed ZhangLS.Spec.Lemma23DirichletUnitModulus
warning: ZhangLS/Spec/Lemma23DirichletUnitModulus.lean:112:48: Used `tac1 <;> tac2` where `(tac1; tac2)` would suffice

Note: This linter can be disabled with `set_option linter.unnecessarySeqFocus false`
Build completed successfully (3461 jobs).
== kernel-check ZhangLS/Spec/Lemma23DirichletConjugation.lean ==
⚠ [1279/1390] Replayed ZhangLS.Spec.RealDirichletCharacter
warning: ZhangLS/Spec/RealDirichletCharacter.lean:48:4: try 'simp' instead of 'simpa'

Note: This linter can be disabled with `set_option linter.unnecessarySimpa false`
⚠ [3452/3452] Replayed ZhangLS.Spec.Lemma23DirichletConjugation
warning: ZhangLS/Spec/Lemma23DirichletConjugation.lean:23:0: automatically included section variable(s) unused in theorem `ZhangLS.Spec.dirichletLSeries_inv_eq_conj_at_conj`:
  [NeZero N]
consider restructuring your `variable` declarations so that the variables are not in scope or explicitly omit them:
  omit [NeZero N] in theorem ...

Note: This linter can be disabled with `set_option linter.unusedSectionVars false`
Build completed successfully (3452 jobs).
ZhangLS/Spec/Lemma23DirichletConjugation.lean:23:0: warning: automatically included section variable(s) unused in theorem `ZhangLS.Spec.dirichletLSeries_inv_eq_conj_at_conj`:
  [NeZero N]
consider restructuring your `variable` declarations so that the variables are not in scope or explicitly omit them:
  omit [NeZero N] in theorem ...

Note: This linter can be disabled with `set_option linter.unusedSectionVars false`
== kernel-check ZhangLS/Spec/Lemma23DirichletFunctionalEquation.lean ==
⚠ [1279/1385] Replayed ZhangLS.Spec.RealDirichletCharacter
warning: ZhangLS/Spec/RealDirichletCharacter.lean:48:4: try 'simp' instead of 'simpa'

Note: This linter can be disabled with `set_option linter.unnecessarySimpa false`
⚠ [3452/3453] Replayed ZhangLS.Spec.Lemma23DirichletConjugation
warning: ZhangLS/Spec/Lemma23DirichletConjugation.lean:23:0: automatically included section variable(s) unused in theorem `ZhangLS.Spec.dirichletLSeries_inv_eq_conj_at_conj`:
  [NeZero N]
consider restructuring your `variable` declarations so that the variables are not in scope or explicitly omit them:
  omit [NeZero N] in theorem ...

Note: This linter can be disabled with `set_option linter.unusedSectionVars false`
Build completed successfully (3453 jobs).
== kernel-check ZhangLS/Spec/Lemma23DirichletUnitModulus.lean ==
⚠ [1279/1385] Replayed ZhangLS.Spec.RealDirichletCharacter
warning: ZhangLS/Spec/RealDirichletCharacter.lean:48:4: try 'simp' instead of 'simpa'

Note: This linter can be disabled with `set_option linter.unnecessarySimpa false`
⚠ [3452/3455] Replayed ZhangLS.Spec.Lemma23DirichletConjugation
warning: ZhangLS/Spec/Lemma23DirichletConjugation.lean:23:0: automatically included section variable(s) unused in theorem `ZhangLS.Spec.dirichletLSeries_inv_eq_conj_at_conj`:
  [NeZero N]
consider restructuring your `variable` declarations so that the variables are not in scope or explicitly omit them:
  omit [NeZero N] in theorem ...

Note: This linter can be disabled with `set_option linter.unusedSectionVars false`
⚠ [3454/3455] Replayed ZhangLS.Spec.Lemma23PrimitiveGaussSum
warning: ZhangLS/Spec/Lemma23PrimitiveGaussSum.lean:42:19: Used `tac1 <;> tac2` where `(tac1; tac2)` would suffice

Note: This linter can be disabled with `set_option linter.unnecessarySeqFocus false`
⚠ [3455/3455] Replayed ZhangLS.Spec.Lemma23DirichletUnitModulus
warning: ZhangLS/Spec/Lemma23DirichletUnitModulus.lean:112:48: Used `tac1 <;> tac2` where `(tac1; tac2)` would suffice

Note: This linter can be disabled with `set_option linter.unnecessarySeqFocus false`
Build completed successfully (3455 jobs).
ZhangLS/Spec/Lemma23DirichletUnitModulus.lean:112:48: warning: Used `tac1 <;> tac2` where `(tac1; tac2)` would suffice

Note: This linter can be disabled with `set_option linter.unnecessarySeqFocus false`
== kernel-check ZhangLS/Spec/Lemma23FiniteDirichletApproximation.lean ==
Build completed successfully (2115 jobs).
== kernel-check ZhangLS/Spec/Lemma23GeneralArgumentPrinciple.lean ==
Build completed successfully (2695 jobs).
== kernel-check ZhangLS/Spec/Lemma23GoodSet.lean ==
⚠ [1279/1434] Replayed ZhangLS.Spec.RealDirichletCharacter
warning: ZhangLS/Spec/RealDirichletCharacter.lean:48:4: try 'simp' instead of 'simpa'

Note: This linter can be disabled with `set_option linter.unnecessarySimpa false`
Build completed successfully (3516 jobs).
== kernel-check ZhangLS/Spec/Lemma23ModelRouche.lean ==
Build completed successfully (2697 jobs).
== kernel-check ZhangLS/Spec/Lemma23ModelZeros.lean ==
Build completed successfully (2168 jobs).
== kernel-check ZhangLS/Spec/Lemma23Nu20Bounds.lean ==
⚠ [1279/1379] Replayed ZhangLS.Spec.RealDirichletCharacter
warning: ZhangLS/Spec/RealDirichletCharacter.lean:48:4: try 'simp' instead of 'simpa'

Note: This linter can be disabled with `set_option linter.unnecessarySimpa false`
Build completed successfully (3012 jobs).
== kernel-check ZhangLS/Spec/Lemma23PrimitiveGaussSum.lean ==
⚠ [1279/1849] Replayed ZhangLS.Spec.RealDirichletCharacter
warning: ZhangLS/Spec/RealDirichletCharacter.lean:48:4: try 'simp' instead of 'simpa'

Note: This linter can be disabled with `set_option linter.unnecessarySimpa false`
⚠ [3452/3454] Replayed ZhangLS.Spec.Lemma23DirichletConjugation
warning: ZhangLS/Spec/Lemma23DirichletConjugation.lean:23:0: automatically included section variable(s) unused in theorem `ZhangLS.Spec.dirichletLSeries_inv_eq_conj_at_conj`:
  [NeZero N]
consider restructuring your `variable` declarations so that the variables are not in scope or explicitly omit them:
  omit [NeZero N] in theorem ...

Note: This linter can be disabled with `set_option linter.unusedSectionVars false`
⚠ [3454/3454] Replayed ZhangLS.Spec.Lemma23PrimitiveGaussSum
warning: ZhangLS/Spec/Lemma23PrimitiveGaussSum.lean:42:19: Used `tac1 <;> tac2` where `(tac1; tac2)` would suffice

Note: This linter can be disabled with `set_option linter.unnecessarySeqFocus false`
Build completed successfully (3454 jobs).
ZhangLS/Spec/Lemma23PrimitiveGaussSum.lean:42:19: warning: Used `tac1 <;> tac2` where `(tac1; tac2)` would suffice

Note: This linter can be disabled with `set_option linter.unnecessarySeqFocus false`
== kernel-check ZhangLS/Spec/Lemma23ProductApproximation.lean ==
⚠ [1279/1390] Replayed ZhangLS.Spec.RealDirichletCharacter
warning: ZhangLS/Spec/RealDirichletCharacter.lean:48:4: try 'simp' instead of 'simpa'

Note: This linter can be disabled with `set_option linter.unnecessarySimpa false`
Build completed successfully (3517 jobs).
== kernel-check ZhangLS/Spec/Lemma23RealSign.lean ==
Build completed successfully (2470 jobs).
== kernel-check ZhangLS/Spec/Lemma23RoucheIntegral.lean ==
Build completed successfully (2686 jobs).
== kernel-check ZhangLS/Spec/Lemma23SectionFourLogDerivative.lean ==
⚠ [1279/1419] Replayed ZhangLS.Spec.RealDirichletCharacter
warning: ZhangLS/Spec/RealDirichletCharacter.lean:48:4: try 'simp' instead of 'simpa'

Note: This linter can be disabled with `set_option linter.unnecessarySimpa false`
⚠ [3544/3557] Replayed ZhangLS.Spec.Lemma23AnalyticLogBranch
warning: ZhangLS/Spec/Lemma23AnalyticLogBranch.lean:42:53: try 'simp' instead of 'simpa'

Note: This linter can be disabled with `set_option linter.unnecessarySimpa false`
warning: ZhangLS/Spec/Lemma23AnalyticLogBranch.lean:67:44: try 'simp' instead of 'simpa'

Note: This linter can be disabled with `set_option linter.unnecessarySimpa false`
Build completed successfully (3557 jobs).
== kernel-check ZhangLS/Spec/Lemma23SuccessiveZeros.lean ==
⚠ [1279/1404] Replayed ZhangLS.Spec.RealDirichletCharacter
warning: ZhangLS/Spec/RealDirichletCharacter.lean:48:4: try 'simp' instead of 'simpa'

Note: This linter can be disabled with `set_option linter.unnecessarySimpa false`
⚠ [1280/1404] Replayed ZhangLS.Spec.Lemma44CharacterProduct
warning: ZhangLS/Spec/Lemma44CharacterProduct.lean:55:38: This simp argument is unused:
  mul_comm

Hint: Omit it from the simp argument list.
  simp [̵m̵u̵l̵_̵c̵o̵m̵m̵,̵ ̵m̵u̵l̵_̵l̵e̵f̵t̵_̵c̵o̵m̵m̵,̵[̲m̲u̲l̲_̲l̲e̲f̲t̲_̲c̲o̲m̲m̲,̲ mul_assoc]

Note: This linter can be disabled with `set_option linter.unusedSimpArgs false`
warning: ZhangLS/Spec/Lemma44CharacterProduct.lean:55:48: This simp argument is unused:
  mul_left_comm

Hint: Omit it from the simp argument list.
  simp [mul_comm, mul_l̵e̵f̵t̵_̵c̵o̵m̵m̵,̵ ̵m̵u̵l̵_̵assoc]

Note: This linter can be disabled with `set_option linter.unusedSimpArgs false`
⚠ [2474/2692] Replayed ZhangLS.Spec.Lemma23AnalyticLogBranch
warning: ZhangLS/Spec/Lemma23AnalyticLogBranch.lean:42:53: try 'simp' instead of 'simpa'

Note: This linter can be disabled with `set_option linter.unnecessarySimpa false`
warning: ZhangLS/Spec/Lemma23AnalyticLogBranch.lean:67:44: try 'simp' instead of 'simpa'

Note: This linter can be disabled with `set_option linter.unnecessarySimpa false`
⚠ [3462/3707] Replayed ZhangLS.Spec.RealAxisAtOne
warning: ZhangLS/Spec/RealAxisAtOne.lean:56:4: try 'simp' instead of 'simpa'

Note: This linter can be disabled with `set_option linter.unnecessarySimpa false`
⚠ [3464/3707] Replayed ZhangLS.Spec.Lemma57
warning: ZhangLS/Spec/Lemma57.lean:101:58: unused variable `hD`

Note: This linter can be disabled with `set_option linter.unusedVariables false`
warning: ZhangLS/Spec/Lemma57.lean:102:7: unused variable `hA`

Note: This linter can be disabled with `set_option linter.unusedVariables false`
⚠ [3465/3707] Replayed ZhangLS.Spec.Lemma57Arithmetic
warning: ZhangLS/Spec/Lemma57Arithmetic.lean:55:15: unused variable `hc_g`

Note: This linter can be disabled with `set_option linter.unusedVariables false`
⚠ [3470/3707] Replayed ZhangLS.Spec.Lemma57SmoothedSum
warning: ZhangLS/Spec/Lemma57SmoothedSum.lean:42:46: unused variable `hD`

Note: This linter can be disabled with `set_option linter.unusedVariables false`
⚠ [3479/3707] Replayed ZhangLS.Spec.Lemma57GaussianGlobal
warning: ZhangLS/Spec/Lemma57GaussianGlobal.lean:55:58: unused variable `ha`

Note: This linter can be disabled with `set_option linter.unusedVariables false`
warning: ZhangLS/Spec/Lemma57GaussianGlobal.lean:241:13: unused variable `hD`

Note: This linter can be disabled with `set_option linter.unusedVariables false`
warning: ZhangLS/Spec/Lemma57GaussianGlobal.lean:241:34: unused variable `hx`

Note: This linter can be disabled with `set_option linter.unusedVariables false`
⚠ [3480/3707] Replayed ZhangLS.Spec.Lemma57SmoothedSummability
warning: ZhangLS/Spec/Lemma57SmoothedSummability.lean:20:52: unused variable `hn`

Note: This linter can be disabled with `set_option linter.unusedVariables false`
⚠ [3485/3707] Replayed ZhangLS.Spec.Lemma57GaussianMellinTransform
warning: ZhangLS/Spec/Lemma57GaussianMellinTransform.lean:67:63: Used `tac1 <;> tac2` where `(tac1; tac2)` would suffice

Note: This linter can be disabled with `set_option linter.unnecessarySeqFocus false`
warning: ZhangLS/Spec/Lemma57GaussianMellinTransform.lean:145:54: Used `tac1 <;> tac2` where `(tac1; tac2)` would suffice

Note: This linter can be disabled with `set_option linter.unnecessarySeqFocus false`
warning: ZhangLS/Spec/Lemma57GaussianMellinTransform.lean:326:4: Try `simp at hs` instead of `simpa using hs`

Note: This linter can be disabled with `set_option linter.unnecessarySimpa false`
⚠ [3499/3707] Replayed ZhangLS.Spec.RiemannZetaCriticalLineBound
warning: ZhangLS/Spec/RiemannZetaCriticalLineBound.lean:99:2: Used `tac1 <;> tac2` where `(tac1; tac2)` would suffice

Note: This linter can be disabled with `set_option linter.unnecessarySeqFocus false`
warning: ZhangLS/Spec/RiemannZetaCriticalLineBound.lean:124:13: unused variable `hs`

Note: This linter can be disabled with `set_option linter.unusedVariables false`
warning: ZhangLS/Spec/RiemannZetaCriticalLineBound.lean:152:6: unused variable `n`

Note: This linter can be disabled with `set_option linter.unusedVariables false`
warning: ZhangLS/Spec/RiemannZetaCriticalLineBound.lean:156:20: unused variable `k`

Note: This linter can be disabled with `set_option linter.unusedVariables false`
warning: ZhangLS/Spec/RiemannZetaCriticalLineBound.lean:161:8: This simp argument is unused:
  sum_one_Icc

Hint: Omit it from the simp argument list.
  simp ̵[̵s̵u̵m̵_̵o̵n̵e̵_̵I̵c̵c̵]̵

Note: This linter can be disabled with `set_option linter.unusedSimpArgs false`
warning: ZhangLS/Spec/RiemannZetaCriticalLineBound.lean:242:12: 'ring' tactic does nothing

Note: This linter can be disabled with `set_option linter.unusedTactic false`
warning: ZhangLS/Spec/RiemannZetaCriticalLineBound.lean:242:12: this tactic is never executed

Note: This linter can be disabled with `set_option linter.unreachableTactic false`
warning: ZhangLS/Spec/RiemannZetaCriticalLineBound.lean:219:41: Used `tac1 <;> tac2` where `(tac1; tac2)` would suffice

Note: This linter can be disabled with `set_option linter.unnecessarySeqFocus false`
warning: ZhangLS/Spec/RiemannZetaCriticalLineBound.lean:303:8: 'ring' tactic does nothing

Note: This linter can be disabled with `set_option linter.unusedTactic false`
warning: ZhangLS/Spec/RiemannZetaCriticalLineBound.lean:303:8: this tactic is never executed

Note: This linter can be disabled with `set_option linter.unreachableTactic false`
warning: ZhangLS/Spec/RiemannZetaCriticalLineBound.lean:394:12: This simp argument is unused:
  norm_div

Hint: Omit it from the simp argument list.
  simp ̵[̵n̵o̵r̵m̵_̵d̵i̵v̵]̵

Note: This linter can be disabled with `set_option linter.unusedSimpArgs false`
warning: ZhangLS/Spec/RiemannZetaCriticalLineBound.lean:475:75: This simp argument is unused:
  norm_div

Hint: Omit it from the simp argument list.
  simp ̵[̵n̵o̵r̵m̵_̵d̵i̵v̵]̵

Note: This linter can be disabled with `set_option linter.unusedSimpArgs false`
⚠ [3500/3707] Replayed ZhangLS.Spec.Lemma57CriticalStripGrowth
warning: ZhangLS/Spec/Lemma57CriticalStripGrowth.lean:270:14: This simp argument is unused:
  norm_div

Hint: Omit it from the simp argument list.
  simp ̵[̵n̵o̵r̵m̵_̵d̵i̵v̵]̵

Note: This linter can be disabled with `set_option linter.unusedSimpArgs false`
⚠ [3507/3707] Replayed ZhangLS.Spec.Lemma23DirichletConjugation
warning: ZhangLS/Spec/Lemma23DirichletConjugation.lean:23:0: automatically included section variable(s) unused in theorem `ZhangLS.Spec.dirichletLSeries_inv_eq_conj_at_conj`:
  [NeZero N]
consider restructuring your `variable` declarations so that the variables are not in scope or explicitly omit them:
  omit [NeZero N] in theorem ...

Note: This linter can be disabled with `set_option linter.unusedSectionVars false`
⚠ [3509/3707] Replayed ZhangLS.Spec.Lemma23PrimitiveGaussSum
warning: ZhangLS/Spec/Lemma23PrimitiveGaussSum.lean:42:19: Used `tac1 <;> tac2` where `(tac1; tac2)` would suffice

Note: This linter can be disabled with `set_option linter.unnecessarySeqFocus false`
⚠ [3510/3707] Replayed ZhangLS.Spec.Lemma23DirichletUnitModulus
warning: ZhangLS/Spec/Lemma23DirichletUnitModulus.lean:112:48: Used `tac1 <;> tac2` where `(tac1; tac2)` would suffice

Note: This linter can be disabled with `set_option linter.unnecessarySeqFocus false`
⚠ [3647/3707] Replayed ZhangLS.Spec.Lemma44ProductMellin
warning: ZhangLS/Spec/Lemma44ProductMellin.lean:144:4: try 'simp' instead of 'simpa'

Note: This linter can be disabled with `set_option linter.unnecessarySimpa false`
⚠ [3651/3707] Replayed ZhangLS.Spec.Lemma44RightMellinApproximation
warning: ZhangLS/Spec/Lemma44RightMellinApproximation.lean:37:4: try 'simp' instead of 'simpa'

Note: This linter can be disabled with `set_option linter.unnecessarySimpa false`
⚠ [3655/3707] Replayed ZhangLS.Spec.Lemma44ReflectedLongSum
warning: ZhangLS/Spec/Lemma44ReflectedLongSum.lean:81:64: Used `tac1 <;> tac2` where `(tac1; tac2)` would suffice

Note: This linter can be disabled with `set_option linter.unnecessarySeqFocus false`
⚠ [3658/3707] Replayed ZhangLS.Spec.Lemma44InitialLeftEstimates
warning: ZhangLS/Spec/Lemma44InitialLeftEstimates.lean:68:23: Used `tac1 <;> tac2` where `(tac1; tac2)` would suffice

Note: This linter can be disabled with `set_option linter.unnecessarySeqFocus false`
⚠ [3661/3707] Replayed ZhangLS.Spec.Lemma44ComplexCharacterAbel
warning: ZhangLS/Spec/Lemma44ComplexCharacterAbel.lean:73:56: unused variable `hD`

Note: This linter can be disabled with `set_option linter.unusedVariables false`
⚠ [3662/3707] Replayed ZhangLS.Spec.Lemma44HorizontalGrowth
warning: ZhangLS/Spec/Lemma44HorizontalGrowth.lean:147:6: 'push_cast' tactic does nothing

Note: This linter can be disabled with `set_option linter.unusedTactic false`
⚠ [3664/3707] Replayed ZhangLS.Spec.Lemma44GaussianVerticalTail
info: ZhangLS/Spec/Lemma44GaussianVerticalTail.lean:41:4: Try this:
  [apply] ring_nf
  
  The `ring` tactic failed to close the goal. Use `ring_nf` to obtain a normal form.
    
  Note that `ring` works primarily in *commutative* rings. If you have a noncommutative ring, abelian group or module, consider using `noncomm_ring`, `abel` or `module` instead.
info: ZhangLS/Spec/Lemma44GaussianVerticalTail.lean:57:16: Try this:
  [apply] ring_nf
  
  The `ring` tactic failed to close the goal. Use `ring_nf` to obtain a normal form.
    
  Note that `ring` works primarily in *commutative* rings. If you have a noncommutative ring, abelian group or module, consider using `noncomm_ring`, `abel` or `module` instead.
warning: ZhangLS/Spec/Lemma44GaussianVerticalTail.lean:57:12: Used `tac1 <;> tac2` where `(tac1; tac2)` would suffice

Note: This linter can be disabled with `set_option linter.unnecessarySeqFocus false`
warning: ZhangLS/Spec/Lemma44GaussianVerticalTail.lean:68:22: Used `tac1 <;> tac2` where `(tac1; tac2)` would suffice

Note: This linter can be disabled with `set_option linter.unnecessarySeqFocus false`
info: ZhangLS/Spec/Lemma44GaussianVerticalTail.lean:153:35: Try this:
  [apply] ring_nf
  
  The `ring` tactic failed to close the goal. Use `ring_nf` to obtain a normal form.
    
  Note that `ring` works primarily in *commutative* rings. If you have a noncommutative ring, abelian group or module, consider using `noncomm_ring`, `abel` or `module` instead.
⚠ [3665/3707] Replayed ZhangLS.Spec.Lemma44LocalRectangle
warning: ZhangLS/Spec/Lemma44LocalRectangle.lean:115:46: This simp argument is unused:
  zero_mul

Hint: Omit it from the simp argument list.
  simp only [mem_reProdIm, mem_Icc, sub_re, sub_im, ofReal_re, ofReal_im, mul_re, mul_im, I_re,
  ̲  ̲ ̲ ̲ ̲ ̲ ̲ ̲I_im, mul_zero, z̵e̵r̵o̵_̵m̵u̵l̵,̵ ̵mul_one, zero_add, sub_zero]

Note: This linter can be disabled with `set_option linter.unusedSimpArgs false`
warning: ZhangLS/Spec/Lemma44LocalRectangle.lean:115:65: This simp argument is unused:
  zero_add

Hint: Omit it from the simp argument list.
  simp only [mem_reProdIm, mem_Icc, sub_re, sub_im, ofReal_re, ofReal_im, mul_re, mul_im, I_re,
  ̲  ̲ ̲ ̲ ̲ ̲ ̲ ̲I_im, mul_zero, zero_mul, mul_one, z̵e̵r̵o̵_̵a̵d̵d̵,̵ ̵sub_zero]

Note: This linter can be disabled with `set_option linter.unusedSimpArgs false`
⚠ [3668/3707] Replayed ZhangLS.Spec.Lemma44HorizontalIntegrals
warning: ZhangLS/Spec/Lemma44HorizontalIntegrals.lean:18:5: unused variable `hK`

Note: This linter can be disabled with `set_option linter.unusedVariables false`
⚠ [3669/3707] Replayed ZhangLS.Spec.Lemma44ReflectedPolynomialContours
warning: ZhangLS/Spec/Lemma44ReflectedPolynomialContours.lean:152:64: This simp argument is unused:
  mul_left_comm

Hint: Omit it from the simp argument list.
  simp only [sub_eq_add_neg, add_comm, add_left_comm, mul_comm, mul_l̵e̵f̵t̵_̵c̵o̵m̵m̵,̵ ̵m̵u̵l̵_̵assoc] at hc ⊢

Note: This linter can be disabled with `set_option linter.unusedSimpArgs false`
warning: ZhangLS/Spec/Lemma44ReflectedPolynomialContours.lean:152:79: This simp argument is unused:
  mul_assoc

Hint: Omit it from the simp argument list.
  simp only [sub_eq_add_neg, add_comm, add_left_comm, mul_comm, mul_left_comm,̵ ̵m̵u̵l̵_̵a̵s̵s̵o̵c̵] at hc ⊢

Note: This linter can be disabled with `set_option linter.unusedSimpArgs false`
⚠ [3673/3707] Replayed ZhangLS.Spec.Lemma45Normalization
warning: ZhangLS/Spec/Lemma45Normalization.lean:90:8: 'ring' tactic does nothing

Note: This linter can be disabled with `set_option linter.unusedTactic false`
warning: ZhangLS/Spec/Lemma45Normalization.lean:90:8: this tactic is never executed

Note: This linter can be disabled with `set_option linter.unreachableTactic false`
⚠ [3696/3707] Replayed ZhangLS.Spec.Lemma46SingleZero
warning: ZhangLS/Spec/Lemma46SingleZero.lean:33:10: This simp argument is unused:
  mem_sphere

Hint: Omit it from the simp argument list.
  simp [m̵e̵m̵_̵s̵p̵h̵e̵r̵e̵,̵ ̵dist_zero_right, abs_of_pos hR]

Note: This linter can be disabled with `set_option linter.unusedSimpArgs false`
warning: ZhangLS/Spec/Lemma46SingleZero.lean:33:22: This simp argument is unused:
  dist_zero_right

Hint: Omit it from the simp argument list.
  simp [mem_sphere, d̵i̵s̵t̵_̵z̵e̵r̵o̵_̵r̵i̵g̵h̵t̵,̵ ̵abs_of_pos hR]

Note: This linter can be disabled with `set_option linter.unusedSimpArgs false`
⚠ [3697/3707] Replayed ZhangLS.Spec.Lemma46RoucheLocal
warning: ZhangLS/Spec/Lemma46RoucheLocal.lean:30:5: unused variable `hm`

Note: This linter can be disabled with `set_option linter.unusedVariables false`
⚠ [3698/3707] Replayed ZhangLS.Spec.Lemma46ZeroAnalysis
warning: ZhangLS/Spec/Lemma46ZeroAnalysis.lean:108:39: Used `tac1 <;> tac2` where `(tac1; tac2)` would suffice

Note: This linter can be disabled with `set_option linter.unnecessarySeqFocus false`
warning: ZhangLS/Spec/Lemma46ZeroAnalysis.lean:151:54: unused variable `hc`

Note: This linter can be disabled with `set_option linter.unusedVariables false`
Build completed successfully (3707 jobs).
== kernel-check ZhangLS/Spec/Lemma23X1Expansion.lean ==
⚠ [1279/1430] Replayed ZhangLS.Spec.RealDirichletCharacter
warning: ZhangLS/Spec/RealDirichletCharacter.lean:48:4: try 'simp' instead of 'simpa'

Note: This linter can be disabled with `set_option linter.unnecessarySimpa false`
Build completed successfully (3515 jobs).
== kernel-check ZhangLS/Spec/Lemma23ZeroData.lean ==
⚠ [1279/1772] Replayed ZhangLS.Spec.RealDirichletCharacter
warning: ZhangLS/Spec/RealDirichletCharacter.lean:48:4: try 'simp' instead of 'simpa'

Note: This linter can be disabled with `set_option linter.unnecessarySimpa false`
⚠ [1280/1772] Replayed ZhangLS.Spec.Lemma44CharacterProduct
warning: ZhangLS/Spec/Lemma44CharacterProduct.lean:55:38: This simp argument is unused:
  mul_comm

Hint: Omit it from the simp argument list.
  simp [̵m̵u̵l̵_̵c̵o̵m̵m̵,̵ ̵m̵u̵l̵_̵l̵e̵f̵t̵_̵c̵o̵m̵m̵,̵[̲m̲u̲l̲_̲l̲e̲f̲t̲_̲c̲o̲m̲m̲,̲ mul_assoc]

Note: This linter can be disabled with `set_option linter.unusedSimpArgs false`
warning: ZhangLS/Spec/Lemma44CharacterProduct.lean:55:48: This simp argument is unused:
  mul_left_comm

Hint: Omit it from the simp argument list.
  simp [mul_comm, mul_l̵e̵f̵t̵_̵c̵o̵m̵m̵,̵ ̵m̵u̵l̵_̵assoc]

Note: This linter can be disabled with `set_option linter.unusedSimpArgs false`
⚠ [2474/2925] Replayed ZhangLS.Spec.Lemma23AnalyticLogBranch
warning: ZhangLS/Spec/Lemma23AnalyticLogBranch.lean:42:53: try 'simp' instead of 'simpa'

Note: This linter can be disabled with `set_option linter.unnecessarySimpa false`
warning: ZhangLS/Spec/Lemma23AnalyticLogBranch.lean:67:44: try 'simp' instead of 'simpa'

Note: This linter can be disabled with `set_option linter.unnecessarySimpa false`
⚠ [3462/3710] Replayed ZhangLS.Spec.RealAxisAtOne
warning: ZhangLS/Spec/RealAxisAtOne.lean:56:4: try 'simp' instead of 'simpa'

Note: This linter can be disabled with `set_option linter.unnecessarySimpa false`
⚠ [3464/3710] Replayed ZhangLS.Spec.Lemma57
warning: ZhangLS/Spec/Lemma57.lean:101:58: unused variable `hD`

Note: This linter can be disabled with `set_option linter.unusedVariables false`
warning: ZhangLS/Spec/Lemma57.lean:102:7: unused variable `hA`

Note: This linter can be disabled with `set_option linter.unusedVariables false`
⚠ [3465/3710] Replayed ZhangLS.Spec.Lemma57Arithmetic
warning: ZhangLS/Spec/Lemma57Arithmetic.lean:55:15: unused variable `hc_g`

Note: This linter can be disabled with `set_option linter.unusedVariables false`
⚠ [3470/3710] Replayed ZhangLS.Spec.Lemma57SmoothedSum
warning: ZhangLS/Spec/Lemma57SmoothedSum.lean:42:46: unused variable `hD`

Note: This linter can be disabled with `set_option linter.unusedVariables false`
⚠ [3479/3710] Replayed ZhangLS.Spec.Lemma57GaussianGlobal
warning: ZhangLS/Spec/Lemma57GaussianGlobal.lean:55:58: unused variable `ha`

Note: This linter can be disabled with `set_option linter.unusedVariables false`
warning: ZhangLS/Spec/Lemma57GaussianGlobal.lean:241:13: unused variable `hD`

Note: This linter can be disabled with `set_option linter.unusedVariables false`
warning: ZhangLS/Spec/Lemma57GaussianGlobal.lean:241:34: unused variable `hx`

Note: This linter can be disabled with `set_option linter.unusedVariables false`
⚠ [3480/3710] Replayed ZhangLS.Spec.Lemma57SmoothedSummability
warning: ZhangLS/Spec/Lemma57SmoothedSummability.lean:20:52: unused variable `hn`

Note: This linter can be disabled with `set_option linter.unusedVariables false`
⚠ [3485/3710] Replayed ZhangLS.Spec.Lemma57GaussianMellinTransform
warning: ZhangLS/Spec/Lemma57GaussianMellinTransform.lean:67:63: Used `tac1 <;> tac2` where `(tac1; tac2)` would suffice

Note: This linter can be disabled with `set_option linter.unnecessarySeqFocus false`
warning: ZhangLS/Spec/Lemma57GaussianMellinTransform.lean:145:54: Used `tac1 <;> tac2` where `(tac1; tac2)` would suffice

Note: This linter can be disabled with `set_option linter.unnecessarySeqFocus false`
warning: ZhangLS/Spec/Lemma57GaussianMellinTransform.lean:326:4: Try `simp at hs` instead of `simpa using hs`

Note: This linter can be disabled with `set_option linter.unnecessarySimpa false`
⚠ [3499/3710] Replayed ZhangLS.Spec.RiemannZetaCriticalLineBound
warning: ZhangLS/Spec/RiemannZetaCriticalLineBound.lean:99:2: Used `tac1 <;> tac2` where `(tac1; tac2)` would suffice

Note: This linter can be disabled with `set_option linter.unnecessarySeqFocus false`
warning: ZhangLS/Spec/RiemannZetaCriticalLineBound.lean:124:13: unused variable `hs`

Note: This linter can be disabled with `set_option linter.unusedVariables false`
warning: ZhangLS/Spec/RiemannZetaCriticalLineBound.lean:152:6: unused variable `n`

Note: This linter can be disabled with `set_option linter.unusedVariables false`
warning: ZhangLS/Spec/RiemannZetaCriticalLineBound.lean:156:20: unused variable `k`

Note: This linter can be disabled with `set_option linter.unusedVariables false`
warning: ZhangLS/Spec/RiemannZetaCriticalLineBound.lean:161:8: This simp argument is unused:
  sum_one_Icc

Hint: Omit it from the simp argument list.
  simp ̵[̵s̵u̵m̵_̵o̵n̵e̵_̵I̵c̵c̵]̵

Note: This linter can be disabled with `set_option linter.unusedSimpArgs false`
warning: ZhangLS/Spec/RiemannZetaCriticalLineBound.lean:242:12: 'ring' tactic does nothing

Note: This linter can be disabled with `set_option linter.unusedTactic false`
warning: ZhangLS/Spec/RiemannZetaCriticalLineBound.lean:242:12: this tactic is never executed

Note: This linter can be disabled with `set_option linter.unreachableTactic false`
warning: ZhangLS/Spec/RiemannZetaCriticalLineBound.lean:219:41: Used `tac1 <;> tac2` where `(tac1; tac2)` would suffice

Note: This linter can be disabled with `set_option linter.unnecessarySeqFocus false`
warning: ZhangLS/Spec/RiemannZetaCriticalLineBound.lean:303:8: 'ring' tactic does nothing

Note: This linter can be disabled with `set_option linter.unusedTactic false`
warning: ZhangLS/Spec/RiemannZetaCriticalLineBound.lean:303:8: this tactic is never executed

Note: This linter can be disabled with `set_option linter.unreachableTactic false`
warning: ZhangLS/Spec/RiemannZetaCriticalLineBound.lean:394:12: This simp argument is unused:
  norm_div

Hint: Omit it from the simp argument list.
  simp ̵[̵n̵o̵r̵m̵_̵d̵i̵v̵]̵

Note: This linter can be disabled with `set_option linter.unusedSimpArgs false`
warning: ZhangLS/Spec/RiemannZetaCriticalLineBound.lean:475:75: This simp argument is unused:
  norm_div

Hint: Omit it from the simp argument list.
  simp ̵[̵n̵o̵r̵m̵_̵d̵i̵v̵]̵

Note: This linter can be disabled with `set_option linter.unusedSimpArgs false`
⚠ [3500/3710] Replayed ZhangLS.Spec.Lemma57CriticalStripGrowth
warning: ZhangLS/Spec/Lemma57CriticalStripGrowth.lean:270:14: This simp argument is unused:
  norm_div

Hint: Omit it from the simp argument list.
  simp ̵[̵n̵o̵r̵m̵_̵d̵i̵v̵]̵

Note: This linter can be disabled with `set_option linter.unusedSimpArgs false`
⚠ [3507/3710] Replayed ZhangLS.Spec.Lemma23DirichletConjugation
warning: ZhangLS/Spec/Lemma23DirichletConjugation.lean:23:0: automatically included section variable(s) unused in theorem `ZhangLS.Spec.dirichletLSeries_inv_eq_conj_at_conj`:
  [NeZero N]
consider restructuring your `variable` declarations so that the variables are not in scope or explicitly omit them:
  omit [NeZero N] in theorem ...

Note: This linter can be disabled with `set_option linter.unusedSectionVars false`
⚠ [3509/3710] Replayed ZhangLS.Spec.Lemma23PrimitiveGaussSum
warning: ZhangLS/Spec/Lemma23PrimitiveGaussSum.lean:42:19: Used `tac1 <;> tac2` where `(tac1; tac2)` would suffice

Note: This linter can be disabled with `set_option linter.unnecessarySeqFocus false`
⚠ [3510/3710] Replayed ZhangLS.Spec.Lemma23DirichletUnitModulus
warning: ZhangLS/Spec/Lemma23DirichletUnitModulus.lean:112:48: Used `tac1 <;> tac2` where `(tac1; tac2)` would suffice

Note: This linter can be disabled with `set_option linter.unnecessarySeqFocus false`
⚠ [3647/3710] Replayed ZhangLS.Spec.Lemma44ProductMellin
warning: ZhangLS/Spec/Lemma44ProductMellin.lean:144:4: try 'simp' instead of 'simpa'

Note: This linter can be disabled with `set_option linter.unnecessarySimpa false`
⚠ [3651/3710] Replayed ZhangLS.Spec.Lemma44RightMellinApproximation
warning: ZhangLS/Spec/Lemma44RightMellinApproximation.lean:37:4: try 'simp' instead of 'simpa'

Note: This linter can be disabled with `set_option linter.unnecessarySimpa false`
⚠ [3655/3710] Replayed ZhangLS.Spec.Lemma44ReflectedLongSum
warning: ZhangLS/Spec/Lemma44ReflectedLongSum.lean:81:64: Used `tac1 <;> tac2` where `(tac1; tac2)` would suffice

Note: This linter can be disabled with `set_option linter.unnecessarySeqFocus false`
⚠ [3658/3710] Replayed ZhangLS.Spec.Lemma44InitialLeftEstimates
warning: ZhangLS/Spec/Lemma44InitialLeftEstimates.lean:68:23: Used `tac1 <;> tac2` where `(tac1; tac2)` would suffice

Note: This linter can be disabled with `set_option linter.unnecessarySeqFocus false`
⚠ [3661/3710] Replayed ZhangLS.Spec.Lemma44ComplexCharacterAbel
warning: ZhangLS/Spec/Lemma44ComplexCharacterAbel.lean:73:56: unused variable `hD`

Note: This linter can be disabled with `set_option linter.unusedVariables false`
⚠ [3662/3710] Replayed ZhangLS.Spec.Lemma44HorizontalGrowth
warning: ZhangLS/Spec/Lemma44HorizontalGrowth.lean:147:6: 'push_cast' tactic does nothing

Note: This linter can be disabled with `set_option linter.unusedTactic false`
⚠ [3664/3710] Replayed ZhangLS.Spec.Lemma44GaussianVerticalTail
info: ZhangLS/Spec/Lemma44GaussianVerticalTail.lean:41:4: Try this:
  [apply] ring_nf
  
  The `ring` tactic failed to close the goal. Use `ring_nf` to obtain a normal form.
    
  Note that `ring` works primarily in *commutative* rings. If you have a noncommutative ring, abelian group or module, consider using `noncomm_ring`, `abel` or `module` instead.
info: ZhangLS/Spec/Lemma44GaussianVerticalTail.lean:57:16: Try this:
  [apply] ring_nf
  
  The `ring` tactic failed to close the goal. Use `ring_nf` to obtain a normal form.
    
  Note that `ring` works primarily in *commutative* rings. If you have a noncommutative ring, abelian group or module, consider using `noncomm_ring`, `abel` or `module` instead.
warning: ZhangLS/Spec/Lemma44GaussianVerticalTail.lean:57:12: Used `tac1 <;> tac2` where `(tac1; tac2)` would suffice

Note: This linter can be disabled with `set_option linter.unnecessarySeqFocus false`
warning: ZhangLS/Spec/Lemma44GaussianVerticalTail.lean:68:22: Used `tac1 <;> tac2` where `(tac1; tac2)` would suffice

Note: This linter can be disabled with `set_option linter.unnecessarySeqFocus false`
info: ZhangLS/Spec/Lemma44GaussianVerticalTail.lean:153:35: Try this:
  [apply] ring_nf
  
  The `ring` tactic failed to close the goal. Use `ring_nf` to obtain a normal form.
    
  Note that `ring` works primarily in *commutative* rings. If you have a noncommutative ring, abelian group or module, consider using `noncomm_ring`, `abel` or `module` instead.
⚠ [3665/3710] Replayed ZhangLS.Spec.Lemma44LocalRectangle
warning: ZhangLS/Spec/Lemma44LocalRectangle.lean:115:46: This simp argument is unused:
  zero_mul

Hint: Omit it from the simp argument list.
  simp only [mem_reProdIm, mem_Icc, sub_re, sub_im, ofReal_re, ofReal_im, mul_re, mul_im, I_re,
  ̲  ̲ ̲ ̲ ̲ ̲ ̲ ̲I_im, mul_zero, z̵e̵r̵o̵_̵m̵u̵l̵,̵ ̵mul_one, zero_add, sub_zero]

Note: This linter can be disabled with `set_option linter.unusedSimpArgs false`
warning: ZhangLS/Spec/Lemma44LocalRectangle.lean:115:65: This simp argument is unused:
  zero_add

Hint: Omit it from the simp argument list.
  simp only [mem_reProdIm, mem_Icc, sub_re, sub_im, ofReal_re, ofReal_im, mul_re, mul_im, I_re,
  ̲  ̲ ̲ ̲ ̲ ̲ ̲ ̲I_im, mul_zero, zero_mul, mul_one, z̵e̵r̵o̵_̵a̵d̵d̵,̵ ̵sub_zero]

Note: This linter can be disabled with `set_option linter.unusedSimpArgs false`
⚠ [3668/3710] Replayed ZhangLS.Spec.Lemma44HorizontalIntegrals
warning: ZhangLS/Spec/Lemma44HorizontalIntegrals.lean:18:5: unused variable `hK`

Note: This linter can be disabled with `set_option linter.unusedVariables false`
⚠ [3669/3710] Replayed ZhangLS.Spec.Lemma44ReflectedPolynomialContours
warning: ZhangLS/Spec/Lemma44ReflectedPolynomialContours.lean:152:64: This simp argument is unused:
  mul_left_comm

Hint: Omit it from the simp argument list.
  simp only [sub_eq_add_neg, add_comm, add_left_comm, mul_comm, mul_l̵e̵f̵t̵_̵c̵o̵m̵m̵,̵ ̵m̵u̵l̵_̵assoc] at hc ⊢

Note: This linter can be disabled with `set_option linter.unusedSimpArgs false`
warning: ZhangLS/Spec/Lemma44ReflectedPolynomialContours.lean:152:79: This simp argument is unused:
  mul_assoc

Hint: Omit it from the simp argument list.
  simp only [sub_eq_add_neg, add_comm, add_left_comm, mul_comm, mul_left_comm,̵ ̵m̵u̵l̵_̵a̵s̵s̵o̵c̵] at hc ⊢

Note: This linter can be disabled with `set_option linter.unusedSimpArgs false`
⚠ [3673/3710] Replayed ZhangLS.Spec.Lemma45Normalization
warning: ZhangLS/Spec/Lemma45Normalization.lean:90:8: 'ring' tactic does nothing

Note: This linter can be disabled with `set_option linter.unusedTactic false`
warning: ZhangLS/Spec/Lemma45Normalization.lean:90:8: this tactic is never executed

Note: This linter can be disabled with `set_option linter.unreachableTactic false`
⚠ [3696/3710] Replayed ZhangLS.Spec.Lemma46SingleZero
warning: ZhangLS/Spec/Lemma46SingleZero.lean:33:10: This simp argument is unused:
  mem_sphere

Hint: Omit it from the simp argument list.
  simp [m̵e̵m̵_̵s̵p̵h̵e̵r̵e̵,̵ ̵dist_zero_right, abs_of_pos hR]

Note: This linter can be disabled with `set_option linter.unusedSimpArgs false`
warning: ZhangLS/Spec/Lemma46SingleZero.lean:33:22: This simp argument is unused:
  dist_zero_right

Hint: Omit it from the simp argument list.
  simp [mem_sphere, d̵i̵s̵t̵_̵z̵e̵r̵o̵_̵r̵i̵g̵h̵t̵,̵ ̵abs_of_pos hR]

Note: This linter can be disabled with `set_option linter.unusedSimpArgs false`
⚠ [3697/3710] Replayed ZhangLS.Spec.Lemma46RoucheLocal
warning: ZhangLS/Spec/Lemma46RoucheLocal.lean:30:5: unused variable `hm`

Note: This linter can be disabled with `set_option linter.unusedVariables false`
⚠ [3698/3710] Replayed ZhangLS.Spec.Lemma46ZeroAnalysis
warning: ZhangLS/Spec/Lemma46ZeroAnalysis.lean:108:39: Used `tac1 <;> tac2` where `(tac1; tac2)` would suffice

Note: This linter can be disabled with `set_option linter.unnecessarySeqFocus false`
warning: ZhangLS/Spec/Lemma46ZeroAnalysis.lean:151:54: unused variable `hc`

Note: This linter can be disabled with `set_option linter.unusedVariables false`
Build completed successfully (3710 jobs).
== kernel-check ZhangLS/Spec/Lemma23ZeroGapArithmetic.lean ==
Build completed successfully (846 jobs).
== kernel-check ZhangLS/Spec/Lemma23ZeroGapDirichlet.lean ==
⚠ [1279/1364] Replayed ZhangLS.Spec.RealDirichletCharacter
warning: ZhangLS/Spec/RealDirichletCharacter.lean:48:4: try 'simp' instead of 'simpa'

Note: This linter can be disabled with `set_option linter.unnecessarySimpa false`
⚠ [3452/3463] Replayed ZhangLS.Spec.Lemma23DirichletConjugation
warning: ZhangLS/Spec/Lemma23DirichletConjugation.lean:23:0: automatically included section variable(s) unused in theorem `ZhangLS.Spec.dirichletLSeries_inv_eq_conj_at_conj`:
  [NeZero N]
consider restructuring your `variable` declarations so that the variables are not in scope or explicitly omit them:
  omit [NeZero N] in theorem ...

Note: This linter can be disabled with `set_option linter.unusedSectionVars false`
⚠ [3454/3463] Replayed ZhangLS.Spec.Lemma23PrimitiveGaussSum
warning: ZhangLS/Spec/Lemma23PrimitiveGaussSum.lean:42:19: Used `tac1 <;> tac2` where `(tac1; tac2)` would suffice

Note: This linter can be disabled with `set_option linter.unnecessarySeqFocus false`
⚠ [3455/3463] Replayed ZhangLS.Spec.Lemma23DirichletUnitModulus
warning: ZhangLS/Spec/Lemma23DirichletUnitModulus.lean:112:48: Used `tac1 <;> tac2` where `(tac1; tac2)` would suffice

Note: This linter can be disabled with `set_option linter.unnecessarySeqFocus false`
Build completed successfully (3463 jobs).
== kernel-check ZhangLS/Spec/Lemma23ZeroIntervals.lean ==
⚠ [1279/1331] Replayed ZhangLS.Spec.RealDirichletCharacter
warning: ZhangLS/Spec/RealDirichletCharacter.lean:48:4: try 'simp' instead of 'simpa'

Note: This linter can be disabled with `set_option linter.unnecessarySimpa false`
⚠ [1280/1331] Replayed ZhangLS.Spec.Lemma44CharacterProduct
warning: ZhangLS/Spec/Lemma44CharacterProduct.lean:55:38: This simp argument is unused:
  mul_comm

Hint: Omit it from the simp argument list.
  simp [̵m̵u̵l̵_̵c̵o̵m̵m̵,̵ ̵m̵u̵l̵_̵l̵e̵f̵t̵_̵c̵o̵m̵m̵,̵[̲m̲u̲l̲_̲l̲e̲f̲t̲_̲c̲o̲m̲m̲,̲ mul_assoc]

Note: This linter can be disabled with `set_option linter.unusedSimpArgs false`
warning: ZhangLS/Spec/Lemma44CharacterProduct.lean:55:48: This simp argument is unused:
  mul_left_comm

Hint: Omit it from the simp argument list.
  simp [mul_comm, mul_l̵e̵f̵t̵_̵c̵o̵m̵m̵,̵ ̵m̵u̵l̵_̵assoc]

Note: This linter can be disabled with `set_option linter.unusedSimpArgs false`
⚠ [2474/2527] Replayed ZhangLS.Spec.Lemma23AnalyticLogBranch
warning: ZhangLS/Spec/Lemma23AnalyticLogBranch.lean:42:53: try 'simp' instead of 'simpa'

Note: This linter can be disabled with `set_option linter.unnecessarySimpa false`
warning: ZhangLS/Spec/Lemma23AnalyticLogBranch.lean:67:44: try 'simp' instead of 'simpa'

Note: This linter can be disabled with `set_option linter.unnecessarySimpa false`
⚠ [3462/3709] Replayed ZhangLS.Spec.RealAxisAtOne
warning: ZhangLS/Spec/RealAxisAtOne.lean:56:4: try 'simp' instead of 'simpa'

Note: This linter can be disabled with `set_option linter.unnecessarySimpa false`
⚠ [3464/3709] Replayed ZhangLS.Spec.Lemma57
warning: ZhangLS/Spec/Lemma57.lean:101:58: unused variable `hD`

Note: This linter can be disabled with `set_option linter.unusedVariables false`
warning: ZhangLS/Spec/Lemma57.lean:102:7: unused variable `hA`

Note: This linter can be disabled with `set_option linter.unusedVariables false`
⚠ [3465/3709] Replayed ZhangLS.Spec.Lemma57Arithmetic
warning: ZhangLS/Spec/Lemma57Arithmetic.lean:55:15: unused variable `hc_g`

Note: This linter can be disabled with `set_option linter.unusedVariables false`
⚠ [3470/3709] Replayed ZhangLS.Spec.Lemma57SmoothedSum
warning: ZhangLS/Spec/Lemma57SmoothedSum.lean:42:46: unused variable `hD`

Note: This linter can be disabled with `set_option linter.unusedVariables false`
⚠ [3479/3709] Replayed ZhangLS.Spec.Lemma57GaussianGlobal
warning: ZhangLS/Spec/Lemma57GaussianGlobal.lean:55:58: unused variable `ha`

Note: This linter can be disabled with `set_option linter.unusedVariables false`
warning: ZhangLS/Spec/Lemma57GaussianGlobal.lean:241:13: unused variable `hD`

Note: This linter can be disabled with `set_option linter.unusedVariables false`
warning: ZhangLS/Spec/Lemma57GaussianGlobal.lean:241:34: unused variable `hx`

Note: This linter can be disabled with `set_option linter.unusedVariables false`
⚠ [3480/3709] Replayed ZhangLS.Spec.Lemma57SmoothedSummability
warning: ZhangLS/Spec/Lemma57SmoothedSummability.lean:20:52: unused variable `hn`

Note: This linter can be disabled with `set_option linter.unusedVariables false`
⚠ [3485/3709] Replayed ZhangLS.Spec.Lemma57GaussianMellinTransform
warning: ZhangLS/Spec/Lemma57GaussianMellinTransform.lean:67:63: Used `tac1 <;> tac2` where `(tac1; tac2)` would suffice

Note: This linter can be disabled with `set_option linter.unnecessarySeqFocus false`
warning: ZhangLS/Spec/Lemma57GaussianMellinTransform.lean:145:54: Used `tac1 <;> tac2` where `(tac1; tac2)` would suffice

Note: This linter can be disabled with `set_option linter.unnecessarySeqFocus false`
warning: ZhangLS/Spec/Lemma57GaussianMellinTransform.lean:326:4: Try `simp at hs` instead of `simpa using hs`

Note: This linter can be disabled with `set_option linter.unnecessarySimpa false`
⚠ [3499/3709] Replayed ZhangLS.Spec.RiemannZetaCriticalLineBound
warning: ZhangLS/Spec/RiemannZetaCriticalLineBound.lean:99:2: Used `tac1 <;> tac2` where `(tac1; tac2)` would suffice

Note: This linter can be disabled with `set_option linter.unnecessarySeqFocus false`
warning: ZhangLS/Spec/RiemannZetaCriticalLineBound.lean:124:13: unused variable `hs`

Note: This linter can be disabled with `set_option linter.unusedVariables false`
warning: ZhangLS/Spec/RiemannZetaCriticalLineBound.lean:152:6: unused variable `n`

Note: This linter can be disabled with `set_option linter.unusedVariables false`
warning: ZhangLS/Spec/RiemannZetaCriticalLineBound.lean:156:20: unused variable `k`

Note: This linter can be disabled with `set_option linter.unusedVariables false`
warning: ZhangLS/Spec/RiemannZetaCriticalLineBound.lean:161:8: This simp argument is unused:
  sum_one_Icc

Hint: Omit it from the simp argument list.
  simp ̵[̵s̵u̵m̵_̵o̵n̵e̵_̵I̵c̵c̵]̵

Note: This linter can be disabled with `set_option linter.unusedSimpArgs false`
warning: ZhangLS/Spec/RiemannZetaCriticalLineBound.lean:242:12: 'ring' tactic does nothing

Note: This linter can be disabled with `set_option linter.unusedTactic false`
warning: ZhangLS/Spec/RiemannZetaCriticalLineBound.lean:242:12: this tactic is never executed

Note: This linter can be disabled with `set_option linter.unreachableTactic false`
warning: ZhangLS/Spec/RiemannZetaCriticalLineBound.lean:219:41: Used `tac1 <;> tac2` where `(tac1; tac2)` would suffice

Note: This linter can be disabled with `set_option linter.unnecessarySeqFocus false`
warning: ZhangLS/Spec/RiemannZetaCriticalLineBound.lean:303:8: 'ring' tactic does nothing

Note: This linter can be disabled with `set_option linter.unusedTactic false`
warning: ZhangLS/Spec/RiemannZetaCriticalLineBound.lean:303:8: this tactic is never executed

Note: This linter can be disabled with `set_option linter.unreachableTactic false`
warning: ZhangLS/Spec/RiemannZetaCriticalLineBound.lean:394:12: This simp argument is unused:
  norm_div

Hint: Omit it from the simp argument list.
  simp ̵[̵n̵o̵r̵m̵_̵d̵i̵v̵]̵

Note: This linter can be disabled with `set_option linter.unusedSimpArgs false`
warning: ZhangLS/Spec/RiemannZetaCriticalLineBound.lean:475:75: This simp argument is unused:
  norm_div

Hint: Omit it from the simp argument list.
  simp ̵[̵n̵o̵r̵m̵_̵d̵i̵v̵]̵

Note: This linter can be disabled with `set_option linter.unusedSimpArgs false`
⚠ [3500/3709] Replayed ZhangLS.Spec.Lemma57CriticalStripGrowth
warning: ZhangLS/Spec/Lemma57CriticalStripGrowth.lean:270:14: This simp argument is unused:
  norm_div

Hint: Omit it from the simp argument list.
  simp ̵[̵n̵o̵r̵m̵_̵d̵i̵v̵]̵

Note: This linter can be disabled with `set_option linter.unusedSimpArgs false`
⚠ [3507/3709] Replayed ZhangLS.Spec.Lemma23DirichletConjugation
warning: ZhangLS/Spec/Lemma23DirichletConjugation.lean:23:0: automatically included section variable(s) unused in theorem `ZhangLS.Spec.dirichletLSeries_inv_eq_conj_at_conj`:
  [NeZero N]
consider restructuring your `variable` declarations so that the variables are not in scope or explicitly omit them:
  omit [NeZero N] in theorem ...

Note: This linter can be disabled with `set_option linter.unusedSectionVars false`
⚠ [3509/3709] Replayed ZhangLS.Spec.Lemma23PrimitiveGaussSum
warning: ZhangLS/Spec/Lemma23PrimitiveGaussSum.lean:42:19: Used `tac1 <;> tac2` where `(tac1; tac2)` would suffice

Note: This linter can be disabled with `set_option linter.unnecessarySeqFocus false`
⚠ [3510/3709] Replayed ZhangLS.Spec.Lemma23DirichletUnitModulus
warning: ZhangLS/Spec/Lemma23DirichletUnitModulus.lean:112:48: Used `tac1 <;> tac2` where `(tac1; tac2)` would suffice

Note: This linter can be disabled with `set_option linter.unnecessarySeqFocus false`
⚠ [3647/3709] Replayed ZhangLS.Spec.Lemma44ProductMellin
warning: ZhangLS/Spec/Lemma44ProductMellin.lean:144:4: try 'simp' instead of 'simpa'

Note: This linter can be disabled with `set_option linter.unnecessarySimpa false`
⚠ [3651/3709] Replayed ZhangLS.Spec.Lemma44RightMellinApproximation
warning: ZhangLS/Spec/Lemma44RightMellinApproximation.lean:37:4: try 'simp' instead of 'simpa'

Note: This linter can be disabled with `set_option linter.unnecessarySimpa false`
⚠ [3655/3709] Replayed ZhangLS.Spec.Lemma44ReflectedLongSum
warning: ZhangLS/Spec/Lemma44ReflectedLongSum.lean:81:64: Used `tac1 <;> tac2` where `(tac1; tac2)` would suffice

Note: This linter can be disabled with `set_option linter.unnecessarySeqFocus false`
⚠ [3658/3709] Replayed ZhangLS.Spec.Lemma44InitialLeftEstimates
warning: ZhangLS/Spec/Lemma44InitialLeftEstimates.lean:68:23: Used `tac1 <;> tac2` where `(tac1; tac2)` would suffice

Note: This linter can be disabled with `set_option linter.unnecessarySeqFocus false`
⚠ [3661/3709] Replayed ZhangLS.Spec.Lemma44ComplexCharacterAbel
warning: ZhangLS/Spec/Lemma44ComplexCharacterAbel.lean:73:56: unused variable `hD`

Note: This linter can be disabled with `set_option linter.unusedVariables false`
⚠ [3662/3709] Replayed ZhangLS.Spec.Lemma44HorizontalGrowth
warning: ZhangLS/Spec/Lemma44HorizontalGrowth.lean:147:6: 'push_cast' tactic does nothing

Note: This linter can be disabled with `set_option linter.unusedTactic false`
⚠ [3664/3709] Replayed ZhangLS.Spec.Lemma44GaussianVerticalTail
info: ZhangLS/Spec/Lemma44GaussianVerticalTail.lean:41:4: Try this:
  [apply] ring_nf
  
  The `ring` tactic failed to close the goal. Use `ring_nf` to obtain a normal form.
    
  Note that `ring` works primarily in *commutative* rings. If you have a noncommutative ring, abelian group or module, consider using `noncomm_ring`, `abel` or `module` instead.
info: ZhangLS/Spec/Lemma44GaussianVerticalTail.lean:57:16: Try this:
  [apply] ring_nf
  
  The `ring` tactic failed to close the goal. Use `ring_nf` to obtain a normal form.
    
  Note that `ring` works primarily in *commutative* rings. If you have a noncommutative ring, abelian group or module, consider using `noncomm_ring`, `abel` or `module` instead.
warning: ZhangLS/Spec/Lemma44GaussianVerticalTail.lean:57:12: Used `tac1 <;> tac2` where `(tac1; tac2)` would suffice

Note: This linter can be disabled with `set_option linter.unnecessarySeqFocus false`
warning: ZhangLS/Spec/Lemma44GaussianVerticalTail.lean:68:22: Used `tac1 <;> tac2` where `(tac1; tac2)` would suffice

Note: This linter can be disabled with `set_option linter.unnecessarySeqFocus false`
info: ZhangLS/Spec/Lemma44GaussianVerticalTail.lean:153:35: Try this:
  [apply] ring_nf
  
  The `ring` tactic failed to close the goal. Use `ring_nf` to obtain a normal form.
    
  Note that `ring` works primarily in *commutative* rings. If you have a noncommutative ring, abelian group or module, consider using `noncomm_ring`, `abel` or `module` instead.
⚠ [3665/3709] Replayed ZhangLS.Spec.Lemma44LocalRectangle
warning: ZhangLS/Spec/Lemma44LocalRectangle.lean:115:46: This simp argument is unused:
  zero_mul

Hint: Omit it from the simp argument list.
  simp only [mem_reProdIm, mem_Icc, sub_re, sub_im, ofReal_re, ofReal_im, mul_re, mul_im, I_re,
  ̲  ̲ ̲ ̲ ̲ ̲ ̲ ̲I_im, mul_zero, z̵e̵r̵o̵_̵m̵u̵l̵,̵ ̵mul_one, zero_add, sub_zero]

Note: This linter can be disabled with `set_option linter.unusedSimpArgs false`
warning: ZhangLS/Spec/Lemma44LocalRectangle.lean:115:65: This simp argument is unused:
  zero_add

Hint: Omit it from the simp argument list.
  simp only [mem_reProdIm, mem_Icc, sub_re, sub_im, ofReal_re, ofReal_im, mul_re, mul_im, I_re,
  ̲  ̲ ̲ ̲ ̲ ̲ ̲ ̲I_im, mul_zero, zero_mul, mul_one, z̵e̵r̵o̵_̵a̵d̵d̵,̵ ̵sub_zero]

Note: This linter can be disabled with `set_option linter.unusedSimpArgs false`
⚠ [3668/3709] Replayed ZhangLS.Spec.Lemma44HorizontalIntegrals
warning: ZhangLS/Spec/Lemma44HorizontalIntegrals.lean:18:5: unused variable `hK`

Note: This linter can be disabled with `set_option linter.unusedVariables false`
⚠ [3669/3709] Replayed ZhangLS.Spec.Lemma44ReflectedPolynomialContours
warning: ZhangLS/Spec/Lemma44ReflectedPolynomialContours.lean:152:64: This simp argument is unused:
  mul_left_comm

Hint: Omit it from the simp argument list.
  simp only [sub_eq_add_neg, add_comm, add_left_comm, mul_comm, mul_l̵e̵f̵t̵_̵c̵o̵m̵m̵,̵ ̵m̵u̵l̵_̵assoc] at hc ⊢

Note: This linter can be disabled with `set_option linter.unusedSimpArgs false`
warning: ZhangLS/Spec/Lemma44ReflectedPolynomialContours.lean:152:79: This simp argument is unused:
  mul_assoc

Hint: Omit it from the simp argument list.
  simp only [sub_eq_add_neg, add_comm, add_left_comm, mul_comm, mul_left_comm,̵ ̵m̵u̵l̵_̵a̵s̵s̵o̵c̵] at hc ⊢

Note: This linter can be disabled with `set_option linter.unusedSimpArgs false`
⚠ [3673/3709] Replayed ZhangLS.Spec.Lemma45Normalization
warning: ZhangLS/Spec/Lemma45Normalization.lean:90:8: 'ring' tactic does nothing

Note: This linter can be disabled with `set_option linter.unusedTactic false`
warning: ZhangLS/Spec/Lemma45Normalization.lean:90:8: this tactic is never executed

Note: This linter can be disabled with `set_option linter.unreachableTactic false`
⚠ [3696/3709] Replayed ZhangLS.Spec.Lemma46SingleZero
warning: ZhangLS/Spec/Lemma46SingleZero.lean:33:10: This simp argument is unused:
  mem_sphere

Hint: Omit it from the simp argument list.
  simp [m̵e̵m̵_̵s̵p̵h̵e̵r̵e̵,̵ ̵dist_zero_right, abs_of_pos hR]

Note: This linter can be disabled with `set_option linter.unusedSimpArgs false`
warning: ZhangLS/Spec/Lemma46SingleZero.lean:33:22: This simp argument is unused:
  dist_zero_right

Hint: Omit it from the simp argument list.
  simp [mem_sphere, d̵i̵s̵t̵_̵z̵e̵r̵o̵_̵r̵i̵g̵h̵t̵,̵ ̵abs_of_pos hR]

Note: This linter can be disabled with `set_option linter.unusedSimpArgs false`
⚠ [3697/3709] Replayed ZhangLS.Spec.Lemma46RoucheLocal
warning: ZhangLS/Spec/Lemma46RoucheLocal.lean:30:5: unused variable `hm`

Note: This linter can be disabled with `set_option linter.unusedVariables false`
⚠ [3698/3709] Replayed ZhangLS.Spec.Lemma46ZeroAnalysis
warning: ZhangLS/Spec/Lemma46ZeroAnalysis.lean:108:39: Used `tac1 <;> tac2` where `(tac1; tac2)` would suffice

Note: This linter can be disabled with `set_option linter.unnecessarySeqFocus false`
warning: ZhangLS/Spec/Lemma46ZeroAnalysis.lean:151:54: unused variable `hc`

Note: This linter can be disabled with `set_option linter.unusedVariables false`
Build completed successfully (3709 jobs).
== kernel-check ZhangLS/Spec/Lemma44ApproximateFunctionalEquation.lean ==
⚠ [1279/1422] Replayed ZhangLS.Spec.RealDirichletCharacter
warning: ZhangLS/Spec/RealDirichletCharacter.lean:48:4: try 'simp' instead of 'simpa'

Note: This linter can be disabled with `set_option linter.unnecessarySimpa false`
⚠ [1280/1422] Replayed ZhangLS.Spec.Lemma44CharacterProduct
warning: ZhangLS/Spec/Lemma44CharacterProduct.lean:55:38: This simp argument is unused:
  mul_comm

Hint: Omit it from the simp argument list.
  simp [̵m̵u̵l̵_̵c̵o̵m̵m̵,̵ ̵m̵u̵l̵_̵l̵e̵f̵t̵_̵c̵o̵m̵m̵,̵[̲m̲u̲l̲_̲l̲e̲f̲t̲_̲c̲o̲m̲m̲,̲ mul_assoc]

Note: This linter can be disabled with `set_option linter.unusedSimpArgs false`
warning: ZhangLS/Spec/Lemma44CharacterProduct.lean:55:48: This simp argument is unused:
  mul_left_comm

Hint: Omit it from the simp argument list.
  simp [mul_comm, mul_l̵e̵f̵t̵_̵c̵o̵m̵m̵,̵ ̵m̵u̵l̵_̵assoc]

Note: This linter can be disabled with `set_option linter.unusedSimpArgs false`
⚠ [2474/2747] Replayed ZhangLS.Spec.Lemma23AnalyticLogBranch
warning: ZhangLS/Spec/Lemma23AnalyticLogBranch.lean:42:53: try 'simp' instead of 'simpa'

Note: This linter can be disabled with `set_option linter.unnecessarySimpa false`
warning: ZhangLS/Spec/Lemma23AnalyticLogBranch.lean:67:44: try 'simp' instead of 'simpa'

Note: This linter can be disabled with `set_option linter.unnecessarySimpa false`
⚠ [3462/3672] Replayed ZhangLS.Spec.RealAxisAtOne
warning: ZhangLS/Spec/RealAxisAtOne.lean:56:4: try 'simp' instead of 'simpa'

Note: This linter can be disabled with `set_option linter.unnecessarySimpa false`
⚠ [3464/3672] Replayed ZhangLS.Spec.Lemma57
warning: ZhangLS/Spec/Lemma57.lean:101:58: unused variable `hD`

Note: This linter can be disabled with `set_option linter.unusedVariables false`
warning: ZhangLS/Spec/Lemma57.lean:102:7: unused variable `hA`

Note: This linter can be disabled with `set_option linter.unusedVariables false`
⚠ [3465/3672] Replayed ZhangLS.Spec.Lemma57Arithmetic
warning: ZhangLS/Spec/Lemma57Arithmetic.lean:55:15: unused variable `hc_g`

Note: This linter can be disabled with `set_option linter.unusedVariables false`
⚠ [3470/3672] Replayed ZhangLS.Spec.Lemma57SmoothedSum
warning: ZhangLS/Spec/Lemma57SmoothedSum.lean:42:46: unused variable `hD`

Note: This linter can be disabled with `set_option linter.unusedVariables false`
⚠ [3479/3672] Replayed ZhangLS.Spec.Lemma57GaussianGlobal
warning: ZhangLS/Spec/Lemma57GaussianGlobal.lean:55:58: unused variable `ha`

Note: This linter can be disabled with `set_option linter.unusedVariables false`
warning: ZhangLS/Spec/Lemma57GaussianGlobal.lean:241:13: unused variable `hD`

Note: This linter can be disabled with `set_option linter.unusedVariables false`
warning: ZhangLS/Spec/Lemma57GaussianGlobal.lean:241:34: unused variable `hx`

Note: This linter can be disabled with `set_option linter.unusedVariables false`
⚠ [3480/3672] Replayed ZhangLS.Spec.Lemma57SmoothedSummability
warning: ZhangLS/Spec/Lemma57SmoothedSummability.lean:20:52: unused variable `hn`

Note: This linter can be disabled with `set_option linter.unusedVariables false`
⚠ [3485/3672] Replayed ZhangLS.Spec.Lemma57GaussianMellinTransform
warning: ZhangLS/Spec/Lemma57GaussianMellinTransform.lean:67:63: Used `tac1 <;> tac2` where `(tac1; tac2)` would suffice

Note: This linter can be disabled with `set_option linter.unnecessarySeqFocus false`
warning: ZhangLS/Spec/Lemma57GaussianMellinTransform.lean:145:54: Used `tac1 <;> tac2` where `(tac1; tac2)` would suffice

Note: This linter can be disabled with `set_option linter.unnecessarySeqFocus false`
warning: ZhangLS/Spec/Lemma57GaussianMellinTransform.lean:326:4: Try `simp at hs` instead of `simpa using hs`

Note: This linter can be disabled with `set_option linter.unnecessarySimpa false`
⚠ [3499/3672] Replayed ZhangLS.Spec.RiemannZetaCriticalLineBound
warning: ZhangLS/Spec/RiemannZetaCriticalLineBound.lean:99:2: Used `tac1 <;> tac2` where `(tac1; tac2)` would suffice

Note: This linter can be disabled with `set_option linter.unnecessarySeqFocus false`
warning: ZhangLS/Spec/RiemannZetaCriticalLineBound.lean:124:13: unused variable `hs`

Note: This linter can be disabled with `set_option linter.unusedVariables false`
warning: ZhangLS/Spec/RiemannZetaCriticalLineBound.lean:152:6: unused variable `n`

Note: This linter can be disabled with `set_option linter.unusedVariables false`
warning: ZhangLS/Spec/RiemannZetaCriticalLineBound.lean:156:20: unused variable `k`

Note: This linter can be disabled with `set_option linter.unusedVariables false`
warning: ZhangLS/Spec/RiemannZetaCriticalLineBound.lean:161:8: This simp argument is unused:
  sum_one_Icc

Hint: Omit it from the simp argument list.
  simp ̵[̵s̵u̵m̵_̵o̵n̵e̵_̵I̵c̵c̵]̵

Note: This linter can be disabled with `set_option linter.unusedSimpArgs false`
warning: ZhangLS/Spec/RiemannZetaCriticalLineBound.lean:242:12: 'ring' tactic does nothing

Note: This linter can be disabled with `set_option linter.unusedTactic false`
warning: ZhangLS/Spec/RiemannZetaCriticalLineBound.lean:242:12: this tactic is never executed

Note: This linter can be disabled with `set_option linter.unreachableTactic false`
warning: ZhangLS/Spec/RiemannZetaCriticalLineBound.lean:219:41: Used `tac1 <;> tac2` where `(tac1; tac2)` would suffice

Note: This linter can be disabled with `set_option linter.unnecessarySeqFocus false`
warning: ZhangLS/Spec/RiemannZetaCriticalLineBound.lean:303:8: 'ring' tactic does nothing

Note: This linter can be disabled with `set_option linter.unusedTactic false`
warning: ZhangLS/Spec/RiemannZetaCriticalLineBound.lean:303:8: this tactic is never executed

Note: This linter can be disabled with `set_option linter.unreachableTactic false`
warning: ZhangLS/Spec/RiemannZetaCriticalLineBound.lean:394:12: This simp argument is unused:
  norm_div

Hint: Omit it from the simp argument list.
  simp ̵[̵n̵o̵r̵m̵_̵d̵i̵v̵]̵

Note: This linter can be disabled with `set_option linter.unusedSimpArgs false`
warning: ZhangLS/Spec/RiemannZetaCriticalLineBound.lean:475:75: This simp argument is unused:
  norm_div

Hint: Omit it from the simp argument list.
  simp ̵[̵n̵o̵r̵m̵_̵d̵i̵v̵]̵

Note: This linter can be disabled with `set_option linter.unusedSimpArgs false`
⚠ [3500/3672] Replayed ZhangLS.Spec.Lemma57CriticalStripGrowth
warning: ZhangLS/Spec/Lemma57CriticalStripGrowth.lean:270:14: This simp argument is unused:
  norm_div

Hint: Omit it from the simp argument list.
  simp ̵[̵n̵o̵r̵m̵_̵d̵i̵v̵]̵

Note: This linter can be disabled with `set_option linter.unusedSimpArgs false`
⚠ [3507/3672] Replayed ZhangLS.Spec.Lemma23DirichletConjugation
warning: ZhangLS/Spec/Lemma23DirichletConjugation.lean:23:0: automatically included section variable(s) unused in theorem `ZhangLS.Spec.dirichletLSeries_inv_eq_conj_at_conj`:
  [NeZero N]
consider restructuring your `variable` declarations so that the variables are not in scope or explicitly omit them:
  omit [NeZero N] in theorem ...

Note: This linter can be disabled with `set_option linter.unusedSectionVars false`
⚠ [3509/3672] Replayed ZhangLS.Spec.Lemma23PrimitiveGaussSum
warning: ZhangLS/Spec/Lemma23PrimitiveGaussSum.lean:42:19: Used `tac1 <;> tac2` where `(tac1; tac2)` would suffice

Note: This linter can be disabled with `set_option linter.unnecessarySeqFocus false`
⚠ [3510/3672] Replayed ZhangLS.Spec.Lemma23DirichletUnitModulus
warning: ZhangLS/Spec/Lemma23DirichletUnitModulus.lean:112:48: Used `tac1 <;> tac2` where `(tac1; tac2)` would suffice

Note: This linter can be disabled with `set_option linter.unnecessarySeqFocus false`
⚠ [3647/3672] Replayed ZhangLS.Spec.Lemma44ProductMellin
warning: ZhangLS/Spec/Lemma44ProductMellin.lean:144:4: try 'simp' instead of 'simpa'

Note: This linter can be disabled with `set_option linter.unnecessarySimpa false`
⚠ [3651/3672] Replayed ZhangLS.Spec.Lemma44RightMellinApproximation
warning: ZhangLS/Spec/Lemma44RightMellinApproximation.lean:37:4: try 'simp' instead of 'simpa'

Note: This linter can be disabled with `set_option linter.unnecessarySimpa false`
⚠ [3655/3672] Replayed ZhangLS.Spec.Lemma44ReflectedLongSum
warning: ZhangLS/Spec/Lemma44ReflectedLongSum.lean:81:64: Used `tac1 <;> tac2` where `(tac1; tac2)` would suffice

Note: This linter can be disabled with `set_option linter.unnecessarySeqFocus false`
⚠ [3658/3672] Replayed ZhangLS.Spec.Lemma44InitialLeftEstimates
warning: ZhangLS/Spec/Lemma44InitialLeftEstimates.lean:68:23: Used `tac1 <;> tac2` where `(tac1; tac2)` would suffice

Note: This linter can be disabled with `set_option linter.unnecessarySeqFocus false`
⚠ [3661/3672] Replayed ZhangLS.Spec.Lemma44ComplexCharacterAbel
warning: ZhangLS/Spec/Lemma44ComplexCharacterAbel.lean:73:56: unused variable `hD`

Note: This linter can be disabled with `set_option linter.unusedVariables false`
⚠ [3662/3672] Replayed ZhangLS.Spec.Lemma44HorizontalGrowth
warning: ZhangLS/Spec/Lemma44HorizontalGrowth.lean:147:6: 'push_cast' tactic does nothing

Note: This linter can be disabled with `set_option linter.unusedTactic false`
⚠ [3664/3672] Replayed ZhangLS.Spec.Lemma44GaussianVerticalTail
info: ZhangLS/Spec/Lemma44GaussianVerticalTail.lean:41:4: Try this:
  [apply] ring_nf
  
  The `ring` tactic failed to close the goal. Use `ring_nf` to obtain a normal form.
    
  Note that `ring` works primarily in *commutative* rings. If you have a noncommutative ring, abelian group or module, consider using `noncomm_ring`, `abel` or `module` instead.
info: ZhangLS/Spec/Lemma44GaussianVerticalTail.lean:57:16: Try this:
  [apply] ring_nf
  
  The `ring` tactic failed to close the goal. Use `ring_nf` to obtain a normal form.
    
  Note that `ring` works primarily in *commutative* rings. If you have a noncommutative ring, abelian group or module, consider using `noncomm_ring`, `abel` or `module` instead.
warning: ZhangLS/Spec/Lemma44GaussianVerticalTail.lean:57:12: Used `tac1 <;> tac2` where `(tac1; tac2)` would suffice

Note: This linter can be disabled with `set_option linter.unnecessarySeqFocus false`
warning: ZhangLS/Spec/Lemma44GaussianVerticalTail.lean:68:22: Used `tac1 <;> tac2` where `(tac1; tac2)` would suffice

Note: This linter can be disabled with `set_option linter.unnecessarySeqFocus false`
info: ZhangLS/Spec/Lemma44GaussianVerticalTail.lean:153:35: Try this:
  [apply] ring_nf
  
  The `ring` tactic failed to close the goal. Use `ring_nf` to obtain a normal form.
    
  Note that `ring` works primarily in *commutative* rings. If you have a noncommutative ring, abelian group or module, consider using `noncomm_ring`, `abel` or `module` instead.
⚠ [3665/3672] Replayed ZhangLS.Spec.Lemma44LocalRectangle
warning: ZhangLS/Spec/Lemma44LocalRectangle.lean:115:46: This simp argument is unused:
  zero_mul

Hint: Omit it from the simp argument list.
  simp only [mem_reProdIm, mem_Icc, sub_re, sub_im, ofReal_re, ofReal_im, mul_re, mul_im, I_re,
  ̲  ̲ ̲ ̲ ̲ ̲ ̲ ̲I_im, mul_zero, z̵e̵r̵o̵_̵m̵u̵l̵,̵ ̵mul_one, zero_add, sub_zero]

Note: This linter can be disabled with `set_option linter.unusedSimpArgs false`
warning: ZhangLS/Spec/Lemma44LocalRectangle.lean:115:65: This simp argument is unused:
  zero_add

Hint: Omit it from the simp argument list.
  simp only [mem_reProdIm, mem_Icc, sub_re, sub_im, ofReal_re, ofReal_im, mul_re, mul_im, I_re,
  ̲  ̲ ̲ ̲ ̲ ̲ ̲ ̲I_im, mul_zero, zero_mul, mul_one, z̵e̵r̵o̵_̵a̵d̵d̵,̵ ̵sub_zero]

Note: This linter can be disabled with `set_option linter.unusedSimpArgs false`
⚠ [3668/3672] Replayed ZhangLS.Spec.Lemma44HorizontalIntegrals
warning: ZhangLS/Spec/Lemma44HorizontalIntegrals.lean:18:5: unused variable `hK`

Note: This linter can be disabled with `set_option linter.unusedVariables false`
⚠ [3669/3672] Replayed ZhangLS.Spec.Lemma44ReflectedPolynomialContours
warning: ZhangLS/Spec/Lemma44ReflectedPolynomialContours.lean:152:64: This simp argument is unused:
  mul_left_comm

Hint: Omit it from the simp argument list.
  simp only [sub_eq_add_neg, add_comm, add_left_comm, mul_comm, mul_l̵e̵f̵t̵_̵c̵o̵m̵m̵,̵ ̵m̵u̵l̵_̵assoc] at hc ⊢

Note: This linter can be disabled with `set_option linter.unusedSimpArgs false`
warning: ZhangLS/Spec/Lemma44ReflectedPolynomialContours.lean:152:79: This simp argument is unused:
  mul_assoc

Hint: Omit it from the simp argument list.
  simp only [sub_eq_add_neg, add_comm, add_left_comm, mul_comm, mul_left_comm,̵ ̵m̵u̵l̵_̵a̵s̵s̵o̵c̵] at hc ⊢

Note: This linter can be disabled with `set_option linter.unusedSimpArgs false`
Build completed successfully (3672 jobs).
== kernel-check ZhangLS/Spec/Lemma44CharacterProduct.lean ==
⚠ [1280/1281] Replayed ZhangLS.Spec.RealDirichletCharacter
warning: ZhangLS/Spec/RealDirichletCharacter.lean:48:4: try 'simp' instead of 'simpa'

Note: This linter can be disabled with `set_option linter.unnecessarySimpa false`
⚠ [1281/1281] Replayed ZhangLS.Spec.Lemma44CharacterProduct
warning: ZhangLS/Spec/Lemma44CharacterProduct.lean:55:38: This simp argument is unused:
  mul_comm

Hint: Omit it from the simp argument list.
  simp [̵m̵u̵l̵_̵c̵o̵m̵m̵,̵ ̵m̵u̵l̵_̵l̵e̵f̵t̵_̵c̵o̵m̵m̵,̵[̲m̲u̲l̲_̲l̲e̲f̲t̲_̲c̲o̲m̲m̲,̲ mul_assoc]

Note: This linter can be disabled with `set_option linter.unusedSimpArgs false`
warning: ZhangLS/Spec/Lemma44CharacterProduct.lean:55:48: This simp argument is unused:
  mul_left_comm

Hint: Omit it from the simp argument list.
  simp [mul_comm, mul_l̵e̵f̵t̵_̵c̵o̵m̵m̵,̵ ̵m̵u̵l̵_̵assoc]

Note: This linter can be disabled with `set_option linter.unusedSimpArgs false`
Build completed successfully (1281 jobs).
ZhangLS/Spec/Lemma44CharacterProduct.lean:55:38: warning: This simp argument is unused:
  mul_comm

Hint: Omit it from the simp argument list.
  simp [̵m̵u̵l̵_̵c̵o̵m̵m̵,̵ ̵m̵u̵l̵_̵l̵e̵f̵t̵_̵c̵o̵m̵m̵,̵[̲m̲u̲l̲_̲l̲e̲f̲t̲_̲c̲o̲m̲m̲,̲ mul_assoc]

Note: This linter can be disabled with `set_option linter.unusedSimpArgs false`
ZhangLS/Spec/Lemma44CharacterProduct.lean:55:48: warning: This simp argument is unused:
  mul_left_comm

Hint: Omit it from the simp argument list.
  simp [mul_comm, mul_l̵e̵f̵t̵_̵c̵o̵m̵m̵,̵ ̵m̵u̵l̵_̵assoc]

Note: This linter can be disabled with `set_option linter.unusedSimpArgs false`
== kernel-check ZhangLS/Spec/Lemma44ComplexCharacterAbel.lean ==
⚠ [1279/1409] Replayed ZhangLS.Spec.RealDirichletCharacter
warning: ZhangLS/Spec/RealDirichletCharacter.lean:48:4: try 'simp' instead of 'simpa'

Note: This linter can be disabled with `set_option linter.unnecessarySimpa false`
⚠ [3433/3433] Replayed ZhangLS.Spec.Lemma44ComplexCharacterAbel
warning: ZhangLS/Spec/Lemma44ComplexCharacterAbel.lean:73:56: unused variable `hD`

Note: This linter can be disabled with `set_option linter.unusedVariables false`
Build completed successfully (3433 jobs).
ZhangLS/Spec/Lemma44ComplexCharacterAbel.lean:73:56: warning: unused variable `hD`

Note: This linter can be disabled with `set_option linter.unusedVariables false`
== kernel-check ZhangLS/Spec/Lemma44DirichletFactorEstimates.lean ==
⚠ [2469/2663] Replayed ZhangLS.Spec.Lemma23AnalyticLogBranch
warning: ZhangLS/Spec/Lemma23AnalyticLogBranch.lean:42:53: try 'simp' instead of 'simpa'

Note: This linter can be disabled with `set_option linter.unnecessarySimpa false`
warning: ZhangLS/Spec/Lemma23AnalyticLogBranch.lean:67:44: try 'simp' instead of 'simpa'

Note: This linter can be disabled with `set_option linter.unnecessarySimpa false`
⚠ [2473/2663] Replayed ZhangLS.Spec.RealDirichletCharacter
warning: ZhangLS/Spec/RealDirichletCharacter.lean:48:4: try 'simp' instead of 'simpa'

Note: This linter can be disabled with `set_option linter.unnecessarySimpa false`
⚠ [3461/3516] Replayed ZhangLS.Spec.RealAxisAtOne
warning: ZhangLS/Spec/RealAxisAtOne.lean:56:4: try 'simp' instead of 'simpa'

Note: This linter can be disabled with `set_option linter.unnecessarySimpa false`
⚠ [3463/3516] Replayed ZhangLS.Spec.Lemma57
warning: ZhangLS/Spec/Lemma57.lean:101:58: unused variable `hD`

Note: This linter can be disabled with `set_option linter.unusedVariables false`
warning: ZhangLS/Spec/Lemma57.lean:102:7: unused variable `hA`

Note: This linter can be disabled with `set_option linter.unusedVariables false`
⚠ [3464/3516] Replayed ZhangLS.Spec.Lemma57Arithmetic
warning: ZhangLS/Spec/Lemma57Arithmetic.lean:55:15: unused variable `hc_g`

Note: This linter can be disabled with `set_option linter.unusedVariables false`
⚠ [3469/3516] Replayed ZhangLS.Spec.Lemma57SmoothedSum
warning: ZhangLS/Spec/Lemma57SmoothedSum.lean:42:46: unused variable `hD`

Note: This linter can be disabled with `set_option linter.unusedVariables false`
⚠ [3478/3516] Replayed ZhangLS.Spec.Lemma57GaussianGlobal
warning: ZhangLS/Spec/Lemma57GaussianGlobal.lean:55:58: unused variable `ha`

Note: This linter can be disabled with `set_option linter.unusedVariables false`
warning: ZhangLS/Spec/Lemma57GaussianGlobal.lean:241:13: unused variable `hD`

Note: This linter can be disabled with `set_option linter.unusedVariables false`
warning: ZhangLS/Spec/Lemma57GaussianGlobal.lean:241:34: unused variable `hx`

Note: This linter can be disabled with `set_option linter.unusedVariables false`
⚠ [3479/3516] Replayed ZhangLS.Spec.Lemma57SmoothedSummability
warning: ZhangLS/Spec/Lemma57SmoothedSummability.lean:20:52: unused variable `hn`

Note: This linter can be disabled with `set_option linter.unusedVariables false`
⚠ [3484/3516] Replayed ZhangLS.Spec.Lemma57GaussianMellinTransform
warning: ZhangLS/Spec/Lemma57GaussianMellinTransform.lean:67:63: Used `tac1 <;> tac2` where `(tac1; tac2)` would suffice

Note: This linter can be disabled with `set_option linter.unnecessarySeqFocus false`
warning: ZhangLS/Spec/Lemma57GaussianMellinTransform.lean:145:54: Used `tac1 <;> tac2` where `(tac1; tac2)` would suffice

Note: This linter can be disabled with `set_option linter.unnecessarySeqFocus false`
warning: ZhangLS/Spec/Lemma57GaussianMellinTransform.lean:326:4: Try `simp at hs` instead of `simpa using hs`

Note: This linter can be disabled with `set_option linter.unnecessarySimpa false`
⚠ [3498/3516] Replayed ZhangLS.Spec.RiemannZetaCriticalLineBound
warning: ZhangLS/Spec/RiemannZetaCriticalLineBound.lean:99:2: Used `tac1 <;> tac2` where `(tac1; tac2)` would suffice

Note: This linter can be disabled with `set_option linter.unnecessarySeqFocus false`
warning: ZhangLS/Spec/RiemannZetaCriticalLineBound.lean:124:13: unused variable `hs`

Note: This linter can be disabled with `set_option linter.unusedVariables false`
warning: ZhangLS/Spec/RiemannZetaCriticalLineBound.lean:152:6: unused variable `n`

Note: This linter can be disabled with `set_option linter.unusedVariables false`
warning: ZhangLS/Spec/RiemannZetaCriticalLineBound.lean:156:20: unused variable `k`

Note: This linter can be disabled with `set_option linter.unusedVariables false`
warning: ZhangLS/Spec/RiemannZetaCriticalLineBound.lean:161:8: This simp argument is unused:
  sum_one_Icc

Hint: Omit it from the simp argument list.
  simp ̵[̵s̵u̵m̵_̵o̵n̵e̵_̵I̵c̵c̵]̵

Note: This linter can be disabled with `set_option linter.unusedSimpArgs false`
warning: ZhangLS/Spec/RiemannZetaCriticalLineBound.lean:242:12: 'ring' tactic does nothing

Note: This linter can be disabled with `set_option linter.unusedTactic false`
warning: ZhangLS/Spec/RiemannZetaCriticalLineBound.lean:242:12: this tactic is never executed

Note: This linter can be disabled with `set_option linter.unreachableTactic false`
warning: ZhangLS/Spec/RiemannZetaCriticalLineBound.lean:219:41: Used `tac1 <;> tac2` where `(tac1; tac2)` would suffice

Note: This linter can be disabled with `set_option linter.unnecessarySeqFocus false`
warning: ZhangLS/Spec/RiemannZetaCriticalLineBound.lean:303:8: 'ring' tactic does nothing

Note: This linter can be disabled with `set_option linter.unusedTactic false`
warning: ZhangLS/Spec/RiemannZetaCriticalLineBound.lean:303:8: this tactic is never executed

Note: This linter can be disabled with `set_option linter.unreachableTactic false`
warning: ZhangLS/Spec/RiemannZetaCriticalLineBound.lean:394:12: This simp argument is unused:
  norm_div

Hint: Omit it from the simp argument list.
  simp ̵[̵n̵o̵r̵m̵_̵d̵i̵v̵]̵

Note: This linter can be disabled with `set_option linter.unusedSimpArgs false`
warning: ZhangLS/Spec/RiemannZetaCriticalLineBound.lean:475:75: This simp argument is unused:
  norm_div

Hint: Omit it from the simp argument list.
  simp ̵[̵n̵o̵r̵m̵_̵d̵i̵v̵]̵

Note: This linter can be disabled with `set_option linter.unusedSimpArgs false`
⚠ [3499/3516] Replayed ZhangLS.Spec.Lemma57CriticalStripGrowth
warning: ZhangLS/Spec/Lemma57CriticalStripGrowth.lean:270:14: This simp argument is unused:
  norm_div

Hint: Omit it from the simp argument list.
  simp ̵[̵n̵o̵r̵m̵_̵d̵i̵v̵]̵

Note: This linter can be disabled with `set_option linter.unusedSimpArgs false`
⚠ [3506/3516] Replayed ZhangLS.Spec.Lemma23DirichletConjugation
warning: ZhangLS/Spec/Lemma23DirichletConjugation.lean:23:0: automatically included section variable(s) unused in theorem `ZhangLS.Spec.dirichletLSeries_inv_eq_conj_at_conj`:
  [NeZero N]
consider restructuring your `variable` declarations so that the variables are not in scope or explicitly omit them:
  omit [NeZero N] in theorem ...

Note: This linter can be disabled with `set_option linter.unusedSectionVars false`
⚠ [3508/3516] Replayed ZhangLS.Spec.Lemma23PrimitiveGaussSum
warning: ZhangLS/Spec/Lemma23PrimitiveGaussSum.lean:42:19: Used `tac1 <;> tac2` where `(tac1; tac2)` would suffice

Note: This linter can be disabled with `set_option linter.unnecessarySeqFocus false`
⚠ [3509/3516] Replayed ZhangLS.Spec.Lemma23DirichletUnitModulus
warning: ZhangLS/Spec/Lemma23DirichletUnitModulus.lean:112:48: Used `tac1 <;> tac2` where `(tac1; tac2)` would suffice

Note: This linter can be disabled with `set_option linter.unnecessarySeqFocus false`
Build completed successfully (3516 jobs).
== kernel-check ZhangLS/Spec/Lemma44FiniteGaussianMellin.lean ==
⚠ [1279/1390] Replayed ZhangLS.Spec.RealDirichletCharacter
warning: ZhangLS/Spec/RealDirichletCharacter.lean:48:4: try 'simp' instead of 'simpa'

Note: This linter can be disabled with `set_option linter.unnecessarySimpa false`
⚠ [3561/3584] Replayed ZhangLS.Spec.RealAxisAtOne
warning: ZhangLS/Spec/RealAxisAtOne.lean:56:4: try 'simp' instead of 'simpa'

Note: This linter can be disabled with `set_option linter.unnecessarySimpa false`
⚠ [3563/3584] Replayed ZhangLS.Spec.Lemma57
warning: ZhangLS/Spec/Lemma57.lean:101:58: unused variable `hD`

Note: This linter can be disabled with `set_option linter.unusedVariables false`
warning: ZhangLS/Spec/Lemma57.lean:102:7: unused variable `hA`

Note: This linter can be disabled with `set_option linter.unusedVariables false`
⚠ [3564/3584] Replayed ZhangLS.Spec.Lemma57Arithmetic
warning: ZhangLS/Spec/Lemma57Arithmetic.lean:55:15: unused variable `hc_g`

Note: This linter can be disabled with `set_option linter.unusedVariables false`
⚠ [3569/3584] Replayed ZhangLS.Spec.Lemma57SmoothedSum
warning: ZhangLS/Spec/Lemma57SmoothedSum.lean:42:46: unused variable `hD`

Note: This linter can be disabled with `set_option linter.unusedVariables false`
⚠ [3577/3584] Replayed ZhangLS.Spec.Lemma57GaussianGlobal
warning: ZhangLS/Spec/Lemma57GaussianGlobal.lean:55:58: unused variable `ha`

Note: This linter can be disabled with `set_option linter.unusedVariables false`
warning: ZhangLS/Spec/Lemma57GaussianGlobal.lean:241:13: unused variable `hD`

Note: This linter can be disabled with `set_option linter.unusedVariables false`
warning: ZhangLS/Spec/Lemma57GaussianGlobal.lean:241:34: unused variable `hx`

Note: This linter can be disabled with `set_option linter.unusedVariables false`
⚠ [3578/3584] Replayed ZhangLS.Spec.Lemma57SmoothedSummability
warning: ZhangLS/Spec/Lemma57SmoothedSummability.lean:20:52: unused variable `hn`

Note: This linter can be disabled with `set_option linter.unusedVariables false`
⚠ [3582/3584] Replayed ZhangLS.Spec.Lemma57GaussianMellinTransform
warning: ZhangLS/Spec/Lemma57GaussianMellinTransform.lean:67:63: Used `tac1 <;> tac2` where `(tac1; tac2)` would suffice

Note: This linter can be disabled with `set_option linter.unnecessarySeqFocus false`
warning: ZhangLS/Spec/Lemma57GaussianMellinTransform.lean:145:54: Used `tac1 <;> tac2` where `(tac1; tac2)` would suffice

Note: This linter can be disabled with `set_option linter.unnecessarySeqFocus false`
warning: ZhangLS/Spec/Lemma57GaussianMellinTransform.lean:326:4: Try `simp at hs` instead of `simpa using hs`

Note: This linter can be disabled with `set_option linter.unnecessarySimpa false`
Build completed successfully (3584 jobs).
== kernel-check ZhangLS/Spec/Lemma44FiniteProductShift.lean ==
⚠ [1279/1391] Replayed ZhangLS.Spec.RealDirichletCharacter
warning: ZhangLS/Spec/RealDirichletCharacter.lean:48:4: try 'simp' instead of 'simpa'

Note: This linter can be disabled with `set_option linter.unnecessarySimpa false`
⚠ [1280/1391] Replayed ZhangLS.Spec.Lemma44CharacterProduct
warning: ZhangLS/Spec/Lemma44CharacterProduct.lean:55:38: This simp argument is unused:
  mul_comm

Hint: Omit it from the simp argument list.
  simp [̵m̵u̵l̵_̵c̵o̵m̵m̵,̵ ̵m̵u̵l̵_̵l̵e̵f̵t̵_̵c̵o̵m̵m̵,̵[̲m̲u̲l̲_̲l̲e̲f̲t̲_̲c̲o̲m̲m̲,̲ mul_assoc]

Note: This linter can be disabled with `set_option linter.unusedSimpArgs false`
warning: ZhangLS/Spec/Lemma44CharacterProduct.lean:55:48: This simp argument is unused:
  mul_left_comm

Hint: Omit it from the simp argument list.
  simp [mul_comm, mul_l̵e̵f̵t̵_̵c̵o̵m̵m̵,̵ ̵m̵u̵l̵_̵assoc]

Note: This linter can be disabled with `set_option linter.unusedSimpArgs false`
⚠ [2474/2671] Replayed ZhangLS.Spec.Lemma23AnalyticLogBranch
warning: ZhangLS/Spec/Lemma23AnalyticLogBranch.lean:42:53: try 'simp' instead of 'simpa'

Note: This linter can be disabled with `set_option linter.unnecessarySimpa false`
warning: ZhangLS/Spec/Lemma23AnalyticLogBranch.lean:67:44: try 'simp' instead of 'simpa'

Note: This linter can be disabled with `set_option linter.unnecessarySimpa false`
⚠ [3462/3654] Replayed ZhangLS.Spec.RealAxisAtOne
warning: ZhangLS/Spec/RealAxisAtOne.lean:56:4: try 'simp' instead of 'simpa'

Note: This linter can be disabled with `set_option linter.unnecessarySimpa false`
⚠ [3464/3654] Replayed ZhangLS.Spec.Lemma57
warning: ZhangLS/Spec/Lemma57.lean:101:58: unused variable `hD`

Note: This linter can be disabled with `set_option linter.unusedVariables false`
warning: ZhangLS/Spec/Lemma57.lean:102:7: unused variable `hA`

Note: This linter can be disabled with `set_option linter.unusedVariables false`
⚠ [3465/3654] Replayed ZhangLS.Spec.Lemma57Arithmetic
warning: ZhangLS/Spec/Lemma57Arithmetic.lean:55:15: unused variable `hc_g`

Note: This linter can be disabled with `set_option linter.unusedVariables false`
⚠ [3470/3654] Replayed ZhangLS.Spec.Lemma57SmoothedSum
warning: ZhangLS/Spec/Lemma57SmoothedSum.lean:42:46: unused variable `hD`

Note: This linter can be disabled with `set_option linter.unusedVariables false`
⚠ [3479/3654] Replayed ZhangLS.Spec.Lemma57GaussianGlobal
warning: ZhangLS/Spec/Lemma57GaussianGlobal.lean:55:58: unused variable `ha`

Note: This linter can be disabled with `set_option linter.unusedVariables false`
warning: ZhangLS/Spec/Lemma57GaussianGlobal.lean:241:13: unused variable `hD`

Note: This linter can be disabled with `set_option linter.unusedVariables false`
warning: ZhangLS/Spec/Lemma57GaussianGlobal.lean:241:34: unused variable `hx`

Note: This linter can be disabled with `set_option linter.unusedVariables false`
⚠ [3480/3654] Replayed ZhangLS.Spec.Lemma57SmoothedSummability
warning: ZhangLS/Spec/Lemma57SmoothedSummability.lean:20:52: unused variable `hn`

Note: This linter can be disabled with `set_option linter.unusedVariables false`
⚠ [3485/3654] Replayed ZhangLS.Spec.Lemma57GaussianMellinTransform
warning: ZhangLS/Spec/Lemma57GaussianMellinTransform.lean:67:63: Used `tac1 <;> tac2` where `(tac1; tac2)` would suffice

Note: This linter can be disabled with `set_option linter.unnecessarySeqFocus false`
warning: ZhangLS/Spec/Lemma57GaussianMellinTransform.lean:145:54: Used `tac1 <;> tac2` where `(tac1; tac2)` would suffice

Note: This linter can be disabled with `set_option linter.unnecessarySeqFocus false`
warning: ZhangLS/Spec/Lemma57GaussianMellinTransform.lean:326:4: Try `simp at hs` instead of `simpa using hs`

Note: This linter can be disabled with `set_option linter.unnecessarySimpa false`
⚠ [3499/3654] Replayed ZhangLS.Spec.RiemannZetaCriticalLineBound
warning: ZhangLS/Spec/RiemannZetaCriticalLineBound.lean:99:2: Used `tac1 <;> tac2` where `(tac1; tac2)` would suffice

Note: This linter can be disabled with `set_option linter.unnecessarySeqFocus false`
warning: ZhangLS/Spec/RiemannZetaCriticalLineBound.lean:124:13: unused variable `hs`

Note: This linter can be disabled with `set_option linter.unusedVariables false`
warning: ZhangLS/Spec/RiemannZetaCriticalLineBound.lean:152:6: unused variable `n`

Note: This linter can be disabled with `set_option linter.unusedVariables false`
warning: ZhangLS/Spec/RiemannZetaCriticalLineBound.lean:156:20: unused variable `k`

Note: This linter can be disabled with `set_option linter.unusedVariables false`
warning: ZhangLS/Spec/RiemannZetaCriticalLineBound.lean:161:8: This simp argument is unused:
  sum_one_Icc

Hint: Omit it from the simp argument list.
  simp ̵[̵s̵u̵m̵_̵o̵n̵e̵_̵I̵c̵c̵]̵

Note: This linter can be disabled with `set_option linter.unusedSimpArgs false`
warning: ZhangLS/Spec/RiemannZetaCriticalLineBound.lean:242:12: 'ring' tactic does nothing

Note: This linter can be disabled with `set_option linter.unusedTactic false`
warning: ZhangLS/Spec/RiemannZetaCriticalLineBound.lean:242:12: this tactic is never executed

Note: This linter can be disabled with `set_option linter.unreachableTactic false`
warning: ZhangLS/Spec/RiemannZetaCriticalLineBound.lean:219:41: Used `tac1 <;> tac2` where `(tac1; tac2)` would suffice

Note: This linter can be disabled with `set_option linter.unnecessarySeqFocus false`
warning: ZhangLS/Spec/RiemannZetaCriticalLineBound.lean:303:8: 'ring' tactic does nothing

Note: This linter can be disabled with `set_option linter.unusedTactic false`
warning: ZhangLS/Spec/RiemannZetaCriticalLineBound.lean:303:8: this tactic is never executed

Note: This linter can be disabled with `set_option linter.unreachableTactic false`
warning: ZhangLS/Spec/RiemannZetaCriticalLineBound.lean:394:12: This simp argument is unused:
  norm_div

Hint: Omit it from the simp argument list.
  simp ̵[̵n̵o̵r̵m̵_̵d̵i̵v̵]̵

Note: This linter can be disabled with `set_option linter.unusedSimpArgs false`
warning: ZhangLS/Spec/RiemannZetaCriticalLineBound.lean:475:75: This simp argument is unused:
  norm_div

Hint: Omit it from the simp argument list.
  simp ̵[̵n̵o̵r̵m̵_̵d̵i̵v̵]̵

Note: This linter can be disabled with `set_option linter.unusedSimpArgs false`
⚠ [3500/3654] Replayed ZhangLS.Spec.Lemma57CriticalStripGrowth
warning: ZhangLS/Spec/Lemma57CriticalStripGrowth.lean:270:14: This simp argument is unused:
  norm_div

Hint: Omit it from the simp argument list.
  simp ̵[̵n̵o̵r̵m̵_̵d̵i̵v̵]̵

Note: This linter can be disabled with `set_option linter.unusedSimpArgs false`
⚠ [3507/3654] Replayed ZhangLS.Spec.Lemma23DirichletConjugation
warning: ZhangLS/Spec/Lemma23DirichletConjugation.lean:23:0: automatically included section variable(s) unused in theorem `ZhangLS.Spec.dirichletLSeries_inv_eq_conj_at_conj`:
  [NeZero N]
consider restructuring your `variable` declarations so that the variables are not in scope or explicitly omit them:
  omit [NeZero N] in theorem ...

Note: This linter can be disabled with `set_option linter.unusedSectionVars false`
⚠ [3509/3654] Replayed ZhangLS.Spec.Lemma23PrimitiveGaussSum
warning: ZhangLS/Spec/Lemma23PrimitiveGaussSum.lean:42:19: Used `tac1 <;> tac2` where `(tac1; tac2)` would suffice

Note: This linter can be disabled with `set_option linter.unnecessarySeqFocus false`
⚠ [3510/3654] Replayed ZhangLS.Spec.Lemma23DirichletUnitModulus
warning: ZhangLS/Spec/Lemma23DirichletUnitModulus.lean:112:48: Used `tac1 <;> tac2` where `(tac1; tac2)` would suffice

Note: This linter can be disabled with `set_option linter.unnecessarySeqFocus false`
⚠ [3647/3654] Replayed ZhangLS.Spec.Lemma44ProductMellin
warning: ZhangLS/Spec/Lemma44ProductMellin.lean:144:4: try 'simp' instead of 'simpa'

Note: This linter can be disabled with `set_option linter.unnecessarySimpa false`
⚠ [3651/3654] Replayed ZhangLS.Spec.Lemma44RightMellinApproximation
warning: ZhangLS/Spec/Lemma44RightMellinApproximation.lean:37:4: try 'simp' instead of 'simpa'

Note: This linter can be disabled with `set_option linter.unnecessarySimpa false`
Build completed successfully (3654 jobs).
== kernel-check ZhangLS/Spec/Lemma44GammaLogDerivative.lean ==
⚠ [2469/2711] Replayed ZhangLS.Spec.Lemma23AnalyticLogBranch
warning: ZhangLS/Spec/Lemma23AnalyticLogBranch.lean:42:53: try 'simp' instead of 'simpa'

Note: This linter can be disabled with `set_option linter.unnecessarySimpa false`
warning: ZhangLS/Spec/Lemma23AnalyticLogBranch.lean:67:44: try 'simp' instead of 'simpa'

Note: This linter can be disabled with `set_option linter.unnecessarySimpa false`
⚠ [2473/2711] Replayed ZhangLS.Spec.RealDirichletCharacter
warning: ZhangLS/Spec/RealDirichletCharacter.lean:48:4: try 'simp' instead of 'simpa'

Note: This linter can be disabled with `set_option linter.unnecessarySimpa false`
⚠ [3461/3502] Replayed ZhangLS.Spec.RealAxisAtOne
warning: ZhangLS/Spec/RealAxisAtOne.lean:56:4: try 'simp' instead of 'simpa'

Note: This linter can be disabled with `set_option linter.unnecessarySimpa false`
⚠ [3463/3502] Replayed ZhangLS.Spec.Lemma57
warning: ZhangLS/Spec/Lemma57.lean:101:58: unused variable `hD`

Note: This linter can be disabled with `set_option linter.unusedVariables false`
warning: ZhangLS/Spec/Lemma57.lean:102:7: unused variable `hA`

Note: This linter can be disabled with `set_option linter.unusedVariables false`
⚠ [3464/3502] Replayed ZhangLS.Spec.Lemma57Arithmetic
warning: ZhangLS/Spec/Lemma57Arithmetic.lean:55:15: unused variable `hc_g`

Note: This linter can be disabled with `set_option linter.unusedVariables false`
⚠ [3469/3502] Replayed ZhangLS.Spec.Lemma57SmoothedSum
warning: ZhangLS/Spec/Lemma57SmoothedSum.lean:42:46: unused variable `hD`

Note: This linter can be disabled with `set_option linter.unusedVariables false`
⚠ [3478/3502] Replayed ZhangLS.Spec.Lemma57GaussianGlobal
warning: ZhangLS/Spec/Lemma57GaussianGlobal.lean:55:58: unused variable `ha`

Note: This linter can be disabled with `set_option linter.unusedVariables false`
warning: ZhangLS/Spec/Lemma57GaussianGlobal.lean:241:13: unused variable `hD`

Note: This linter can be disabled with `set_option linter.unusedVariables false`
warning: ZhangLS/Spec/Lemma57GaussianGlobal.lean:241:34: unused variable `hx`

Note: This linter can be disabled with `set_option linter.unusedVariables false`
⚠ [3479/3502] Replayed ZhangLS.Spec.Lemma57SmoothedSummability
warning: ZhangLS/Spec/Lemma57SmoothedSummability.lean:20:52: unused variable `hn`

Note: This linter can be disabled with `set_option linter.unusedVariables false`
⚠ [3484/3502] Replayed ZhangLS.Spec.Lemma57GaussianMellinTransform
warning: ZhangLS/Spec/Lemma57GaussianMellinTransform.lean:67:63: Used `tac1 <;> tac2` where `(tac1; tac2)` would suffice

Note: This linter can be disabled with `set_option linter.unnecessarySeqFocus false`
warning: ZhangLS/Spec/Lemma57GaussianMellinTransform.lean:145:54: Used `tac1 <;> tac2` where `(tac1; tac2)` would suffice

Note: This linter can be disabled with `set_option linter.unnecessarySeqFocus false`
warning: ZhangLS/Spec/Lemma57GaussianMellinTransform.lean:326:4: Try `simp at hs` instead of `simpa using hs`

Note: This linter can be disabled with `set_option linter.unnecessarySimpa false`
⚠ [3498/3502] Replayed ZhangLS.Spec.RiemannZetaCriticalLineBound
warning: ZhangLS/Spec/RiemannZetaCriticalLineBound.lean:99:2: Used `tac1 <;> tac2` where `(tac1; tac2)` would suffice

Note: This linter can be disabled with `set_option linter.unnecessarySeqFocus false`
warning: ZhangLS/Spec/RiemannZetaCriticalLineBound.lean:124:13: unused variable `hs`

Note: This linter can be disabled with `set_option linter.unusedVariables false`
warning: ZhangLS/Spec/RiemannZetaCriticalLineBound.lean:152:6: unused variable `n`

Note: This linter can be disabled with `set_option linter.unusedVariables false`
warning: ZhangLS/Spec/RiemannZetaCriticalLineBound.lean:156:20: unused variable `k`

Note: This linter can be disabled with `set_option linter.unusedVariables false`
warning: ZhangLS/Spec/RiemannZetaCriticalLineBound.lean:161:8: This simp argument is unused:
  sum_one_Icc

Hint: Omit it from the simp argument list.
  simp ̵[̵s̵u̵m̵_̵o̵n̵e̵_̵I̵c̵c̵]̵

Note: This linter can be disabled with `set_option linter.unusedSimpArgs false`
warning: ZhangLS/Spec/RiemannZetaCriticalLineBound.lean:242:12: 'ring' tactic does nothing

Note: This linter can be disabled with `set_option linter.unusedTactic false`
warning: ZhangLS/Spec/RiemannZetaCriticalLineBound.lean:242:12: this tactic is never executed

Note: This linter can be disabled with `set_option linter.unreachableTactic false`
warning: ZhangLS/Spec/RiemannZetaCriticalLineBound.lean:219:41: Used `tac1 <;> tac2` where `(tac1; tac2)` would suffice

Note: This linter can be disabled with `set_option linter.unnecessarySeqFocus false`
warning: ZhangLS/Spec/RiemannZetaCriticalLineBound.lean:303:8: 'ring' tactic does nothing

Note: This linter can be disabled with `set_option linter.unusedTactic false`
warning: ZhangLS/Spec/RiemannZetaCriticalLineBound.lean:303:8: this tactic is never executed

Note: This linter can be disabled with `set_option linter.unreachableTactic false`
warning: ZhangLS/Spec/RiemannZetaCriticalLineBound.lean:394:12: This simp argument is unused:
  norm_div

Hint: Omit it from the simp argument list.
  simp ̵[̵n̵o̵r̵m̵_̵d̵i̵v̵]̵

Note: This linter can be disabled with `set_option linter.unusedSimpArgs false`
warning: ZhangLS/Spec/RiemannZetaCriticalLineBound.lean:475:75: This simp argument is unused:
  norm_div

Hint: Omit it from the simp argument list.
  simp ̵[̵n̵o̵r̵m̵_̵d̵i̵v̵]̵

Note: This linter can be disabled with `set_option linter.unusedSimpArgs false`
⚠ [3499/3502] Replayed ZhangLS.Spec.Lemma57CriticalStripGrowth
warning: ZhangLS/Spec/Lemma57CriticalStripGrowth.lean:270:14: This simp argument is unused:
  norm_div

Hint: Omit it from the simp argument list.
  simp ̵[̵n̵o̵r̵m̵_̵d̵i̵v̵]̵

Note: This linter can be disabled with `set_option linter.unusedSimpArgs false`
Build completed successfully (3502 jobs).
== kernel-check ZhangLS/Spec/Lemma44GaussianLongSum.lean ==
⚠ [1279/1421] Replayed ZhangLS.Spec.RealDirichletCharacter
warning: ZhangLS/Spec/RealDirichletCharacter.lean:48:4: try 'simp' instead of 'simpa'

Note: This linter can be disabled with `set_option linter.unnecessarySimpa false`
⚠ [3561/3583] Replayed ZhangLS.Spec.RealAxisAtOne
warning: ZhangLS/Spec/RealAxisAtOne.lean:56:4: try 'simp' instead of 'simpa'

Note: This linter can be disabled with `set_option linter.unnecessarySimpa false`
⚠ [3563/3583] Replayed ZhangLS.Spec.Lemma57
warning: ZhangLS/Spec/Lemma57.lean:101:58: unused variable `hD`

Note: This linter can be disabled with `set_option linter.unusedVariables false`
warning: ZhangLS/Spec/Lemma57.lean:102:7: unused variable `hA`

Note: This linter can be disabled with `set_option linter.unusedVariables false`
⚠ [3564/3583] Replayed ZhangLS.Spec.Lemma57Arithmetic
warning: ZhangLS/Spec/Lemma57Arithmetic.lean:55:15: unused variable `hc_g`

Note: This linter can be disabled with `set_option linter.unusedVariables false`
⚠ [3569/3583] Replayed ZhangLS.Spec.Lemma57SmoothedSum
warning: ZhangLS/Spec/Lemma57SmoothedSum.lean:42:46: unused variable `hD`

Note: This linter can be disabled with `set_option linter.unusedVariables false`
⚠ [3577/3583] Replayed ZhangLS.Spec.Lemma57GaussianGlobal
warning: ZhangLS/Spec/Lemma57GaussianGlobal.lean:55:58: unused variable `ha`

Note: This linter can be disabled with `set_option linter.unusedVariables false`
warning: ZhangLS/Spec/Lemma57GaussianGlobal.lean:241:13: unused variable `hD`

Note: This linter can be disabled with `set_option linter.unusedVariables false`
warning: ZhangLS/Spec/Lemma57GaussianGlobal.lean:241:34: unused variable `hx`

Note: This linter can be disabled with `set_option linter.unusedVariables false`
⚠ [3578/3583] Replayed ZhangLS.Spec.Lemma57SmoothedSummability
warning: ZhangLS/Spec/Lemma57SmoothedSummability.lean:20:52: unused variable `hn`

Note: This linter can be disabled with `set_option linter.unusedVariables false`
⚠ [3582/3583] Replayed ZhangLS.Spec.Lemma57GaussianMellinTransform
warning: ZhangLS/Spec/Lemma57GaussianMellinTransform.lean:67:63: Used `tac1 <;> tac2` where `(tac1; tac2)` would suffice

Note: This linter can be disabled with `set_option linter.unnecessarySeqFocus false`
warning: ZhangLS/Spec/Lemma57GaussianMellinTransform.lean:145:54: Used `tac1 <;> tac2` where `(tac1; tac2)` would suffice

Note: This linter can be disabled with `set_option linter.unnecessarySeqFocus false`
warning: ZhangLS/Spec/Lemma57GaussianMellinTransform.lean:326:4: Try `simp at hs` instead of `simpa using hs`

Note: This linter can be disabled with `set_option linter.unnecessarySimpa false`
Build completed successfully (3583 jobs).
== kernel-check ZhangLS/Spec/Lemma44GaussianVerticalTail.lean ==
⚠ [1279/1416] Replayed ZhangLS.Spec.RealDirichletCharacter
warning: ZhangLS/Spec/RealDirichletCharacter.lean:48:4: try 'simp' instead of 'simpa'

Note: This linter can be disabled with `set_option linter.unnecessarySimpa false`
⚠ [3433/3661] Replayed ZhangLS.Spec.Lemma44ComplexCharacterAbel
warning: ZhangLS/Spec/Lemma44ComplexCharacterAbel.lean:73:56: unused variable `hD`

Note: This linter can be disabled with `set_option linter.unusedVariables false`
⚠ [3434/3661] Replayed ZhangLS.Spec.Lemma44CharacterProduct
warning: ZhangLS/Spec/Lemma44CharacterProduct.lean:55:38: This simp argument is unused:
  mul_comm

Hint: Omit it from the simp argument list.
  simp [̵m̵u̵l̵_̵c̵o̵m̵m̵,̵ ̵m̵u̵l̵_̵l̵e̵f̵t̵_̵c̵o̵m̵m̵,̵[̲m̲u̲l̲_̲l̲e̲f̲t̲_̲c̲o̲m̲m̲,̲ mul_assoc]

Note: This linter can be disabled with `set_option linter.unusedSimpArgs false`
warning: ZhangLS/Spec/Lemma44CharacterProduct.lean:55:48: This simp argument is unused:
  mul_left_comm

Hint: Omit it from the simp argument list.
  simp [mul_comm, mul_l̵e̵f̵t̵_̵c̵o̵m̵m̵,̵ ̵m̵u̵l̵_̵assoc]

Note: This linter can be disabled with `set_option linter.unusedSimpArgs false`
⚠ [3459/3661] Replayed ZhangLS.Spec.Lemma23AnalyticLogBranch
warning: ZhangLS/Spec/Lemma23AnalyticLogBranch.lean:42:53: try 'simp' instead of 'simpa'

Note: This linter can be disabled with `set_option linter.unnecessarySimpa false`
warning: ZhangLS/Spec/Lemma23AnalyticLogBranch.lean:67:44: try 'simp' instead of 'simpa'

Note: This linter can be disabled with `set_option linter.unnecessarySimpa false`
⚠ [3471/3661] Replayed ZhangLS.Spec.RealAxisAtOne
warning: ZhangLS/Spec/RealAxisAtOne.lean:56:4: try 'simp' instead of 'simpa'

Note: This linter can be disabled with `set_option linter.unnecessarySimpa false`
⚠ [3473/3661] Replayed ZhangLS.Spec.Lemma57
warning: ZhangLS/Spec/Lemma57.lean:101:58: unused variable `hD`

Note: This linter can be disabled with `set_option linter.unusedVariables false`
warning: ZhangLS/Spec/Lemma57.lean:102:7: unused variable `hA`

Note: This linter can be disabled with `set_option linter.unusedVariables false`
⚠ [3474/3661] Replayed ZhangLS.Spec.Lemma57Arithmetic
warning: ZhangLS/Spec/Lemma57Arithmetic.lean:55:15: unused variable `hc_g`

Note: This linter can be disabled with `set_option linter.unusedVariables false`
⚠ [3479/3661] Replayed ZhangLS.Spec.Lemma57SmoothedSum
warning: ZhangLS/Spec/Lemma57SmoothedSum.lean:42:46: unused variable `hD`

Note: This linter can be disabled with `set_option linter.unusedVariables false`
⚠ [3488/3661] Replayed ZhangLS.Spec.Lemma57GaussianGlobal
warning: ZhangLS/Spec/Lemma57GaussianGlobal.lean:55:58: unused variable `ha`

Note: This linter can be disabled with `set_option linter.unusedVariables false`
warning: ZhangLS/Spec/Lemma57GaussianGlobal.lean:241:13: unused variable `hD`

Note: This linter can be disabled with `set_option linter.unusedVariables false`
warning: ZhangLS/Spec/Lemma57GaussianGlobal.lean:241:34: unused variable `hx`

Note: This linter can be disabled with `set_option linter.unusedVariables false`
⚠ [3489/3661] Replayed ZhangLS.Spec.Lemma57SmoothedSummability
warning: ZhangLS/Spec/Lemma57SmoothedSummability.lean:20:52: unused variable `hn`

Note: This linter can be disabled with `set_option linter.unusedVariables false`
⚠ [3494/3661] Replayed ZhangLS.Spec.Lemma57GaussianMellinTransform
warning: ZhangLS/Spec/Lemma57GaussianMellinTransform.lean:67:63: Used `tac1 <;> tac2` where `(tac1; tac2)` would suffice

Note: This linter can be disabled with `set_option linter.unnecessarySeqFocus false`
warning: ZhangLS/Spec/Lemma57GaussianMellinTransform.lean:145:54: Used `tac1 <;> tac2` where `(tac1; tac2)` would suffice

Note: This linter can be disabled with `set_option linter.unnecessarySeqFocus false`
warning: ZhangLS/Spec/Lemma57GaussianMellinTransform.lean:326:4: Try `simp at hs` instead of `simpa using hs`

Note: This linter can be disabled with `set_option linter.unnecessarySimpa false`
⚠ [3500/3661] Replayed ZhangLS.Spec.RiemannZetaCriticalLineBound
warning: ZhangLS/Spec/RiemannZetaCriticalLineBound.lean:99:2: Used `tac1 <;> tac2` where `(tac1; tac2)` would suffice

Note: This linter can be disabled with `set_option linter.unnecessarySeqFocus false`
warning: ZhangLS/Spec/RiemannZetaCriticalLineBound.lean:124:13: unused variable `hs`

Note: This linter can be disabled with `set_option linter.unusedVariables false`
warning: ZhangLS/Spec/RiemannZetaCriticalLineBound.lean:152:6: unused variable `n`

Note: This linter can be disabled with `set_option linter.unusedVariables false`
warning: ZhangLS/Spec/RiemannZetaCriticalLineBound.lean:156:20: unused variable `k`

Note: This linter can be disabled with `set_option linter.unusedVariables false`
warning: ZhangLS/Spec/RiemannZetaCriticalLineBound.lean:161:8: This simp argument is unused:
  sum_one_Icc

Hint: Omit it from the simp argument list.
  simp ̵[̵s̵u̵m̵_̵o̵n̵e̵_̵I̵c̵c̵]̵

Note: This linter can be disabled with `set_option linter.unusedSimpArgs false`
warning: ZhangLS/Spec/RiemannZetaCriticalLineBound.lean:242:12: 'ring' tactic does nothing

Note: This linter can be disabled with `set_option linter.unusedTactic false`
warning: ZhangLS/Spec/RiemannZetaCriticalLineBound.lean:242:12: this tactic is never executed

Note: This linter can be disabled with `set_option linter.unreachableTactic false`
warning: ZhangLS/Spec/RiemannZetaCriticalLineBound.lean:219:41: Used `tac1 <;> tac2` where `(tac1; tac2)` would suffice

Note: This linter can be disabled with `set_option linter.unnecessarySeqFocus false`
warning: ZhangLS/Spec/RiemannZetaCriticalLineBound.lean:303:8: 'ring' tactic does nothing

Note: This linter can be disabled with `set_option linter.unusedTactic false`
warning: ZhangLS/Spec/RiemannZetaCriticalLineBound.lean:303:8: this tactic is never executed

Note: This linter can be disabled with `set_option linter.unreachableTactic false`
warning: ZhangLS/Spec/RiemannZetaCriticalLineBound.lean:394:12: This simp argument is unused:
  norm_div

Hint: Omit it from the simp argument list.
  simp ̵[̵n̵o̵r̵m̵_̵d̵i̵v̵]̵

Note: This linter can be disabled with `set_option linter.unusedSimpArgs false`
warning: ZhangLS/Spec/RiemannZetaCriticalLineBound.lean:475:75: This simp argument is unused:
  norm_div

Hint: Omit it from the simp argument list.
  simp ̵[̵n̵o̵r̵m̵_̵d̵i̵v̵]̵

Note: This linter can be disabled with `set_option linter.unusedSimpArgs false`
⚠ [3501/3661] Replayed ZhangLS.Spec.Lemma57CriticalStripGrowth
warning: ZhangLS/Spec/Lemma57CriticalStripGrowth.lean:270:14: This simp argument is unused:
  norm_div

Hint: Omit it from the simp argument list.
  simp ̵[̵n̵o̵r̵m̵_̵d̵i̵v̵]̵

Note: This linter can be disabled with `set_option linter.unusedSimpArgs false`
⚠ [3508/3661] Replayed ZhangLS.Spec.Lemma23DirichletConjugation
warning: ZhangLS/Spec/Lemma23DirichletConjugation.lean:23:0: automatically included section variable(s) unused in theorem `ZhangLS.Spec.dirichletLSeries_inv_eq_conj_at_conj`:
  [NeZero N]
consider restructuring your `variable` declarations so that the variables are not in scope or explicitly omit them:
  omit [NeZero N] in theorem ...

Note: This linter can be disabled with `set_option linter.unusedSectionVars false`
⚠ [3510/3661] Replayed ZhangLS.Spec.Lemma23PrimitiveGaussSum
warning: ZhangLS/Spec/Lemma23PrimitiveGaussSum.lean:42:19: Used `tac1 <;> tac2` where `(tac1; tac2)` would suffice

Note: This linter can be disabled with `set_option linter.unnecessarySeqFocus false`
⚠ [3511/3661] Replayed ZhangLS.Spec.Lemma23DirichletUnitModulus
warning: ZhangLS/Spec/Lemma23DirichletUnitModulus.lean:112:48: Used `tac1 <;> tac2` where `(tac1; tac2)` would suffice

Note: This linter can be disabled with `set_option linter.unnecessarySeqFocus false`
⚠ [3648/3661] Replayed ZhangLS.Spec.Lemma44ProductMellin
warning: ZhangLS/Spec/Lemma44ProductMellin.lean:144:4: try 'simp' instead of 'simpa'

Note: This linter can be disabled with `set_option linter.unnecessarySimpa false`
⚠ [3652/3661] Replayed ZhangLS.Spec.Lemma44RightMellinApproximation
warning: ZhangLS/Spec/Lemma44RightMellinApproximation.lean:37:4: try 'simp' instead of 'simpa'

Note: This linter can be disabled with `set_option linter.unnecessarySimpa false`
⚠ [3656/3661] Replayed ZhangLS.Spec.Lemma44ReflectedLongSum
warning: ZhangLS/Spec/Lemma44ReflectedLongSum.lean:81:64: Used `tac1 <;> tac2` where `(tac1; tac2)` would suffice

Note: This linter can be disabled with `set_option linter.unnecessarySeqFocus false`
⚠ [3658/3661] Replayed ZhangLS.Spec.Lemma44InitialLeftEstimates
warning: ZhangLS/Spec/Lemma44InitialLeftEstimates.lean:68:23: Used `tac1 <;> tac2` where `(tac1; tac2)` would suffice

Note: This linter can be disabled with `set_option linter.unnecessarySeqFocus false`
⚠ [3659/3661] Replayed ZhangLS.Spec.Lemma44HorizontalGrowth
warning: ZhangLS/Spec/Lemma44HorizontalGrowth.lean:147:6: 'push_cast' tactic does nothing

Note: This linter can be disabled with `set_option linter.unusedTactic false`
⚠ [3661/3661] Replayed ZhangLS.Spec.Lemma44GaussianVerticalTail
info: ZhangLS/Spec/Lemma44GaussianVerticalTail.lean:41:4: Try this:
  [apply] ring_nf
  
  The `ring` tactic failed to close the goal. Use `ring_nf` to obtain a normal form.
    
  Note that `ring` works primarily in *commutative* rings. If you have a noncommutative ring, abelian group or module, consider using `noncomm_ring`, `abel` or `module` instead.
info: ZhangLS/Spec/Lemma44GaussianVerticalTail.lean:57:16: Try this:
  [apply] ring_nf
  
  The `ring` tactic failed to close the goal. Use `ring_nf` to obtain a normal form.
    
  Note that `ring` works primarily in *commutative* rings. If you have a noncommutative ring, abelian group or module, consider using `noncomm_ring`, `abel` or `module` instead.
warning: ZhangLS/Spec/Lemma44GaussianVerticalTail.lean:57:12: Used `tac1 <;> tac2` where `(tac1; tac2)` would suffice

Note: This linter can be disabled with `set_option linter.unnecessarySeqFocus false`
warning: ZhangLS/Spec/Lemma44GaussianVerticalTail.lean:68:22: Used `tac1 <;> tac2` where `(tac1; tac2)` would suffice

Note: This linter can be disabled with `set_option linter.unnecessarySeqFocus false`
info: ZhangLS/Spec/Lemma44GaussianVerticalTail.lean:153:35: Try this:
  [apply] ring_nf
  
  The `ring` tactic failed to close the goal. Use `ring_nf` to obtain a normal form.
    
  Note that `ring` works primarily in *commutative* rings. If you have a noncommutative ring, abelian group or module, consider using `noncomm_ring`, `abel` or `module` instead.
Build completed successfully (3661 jobs).
Try this:
  [apply] ring_nf
  
  The `ring` tactic failed to close the goal. Use `ring_nf` to obtain a normal form.
    
  Note that `ring` works primarily in *commutative* rings. If you have a noncommutative ring, abelian group or module, consider using `noncomm_ring`, `abel` or `module` instead.
Try this:
  [apply] ring_nf
  
  The `ring` tactic failed to close the goal. Use `ring_nf` to obtain a normal form.
    
  Note that `ring` works primarily in *commutative* rings. If you have a noncommutative ring, abelian group or module, consider using `noncomm_ring`, `abel` or `module` instead.
ZhangLS/Spec/Lemma44GaussianVerticalTail.lean:57:12: warning: Used `tac1 <;> tac2` where `(tac1; tac2)` would suffice

Note: This linter can be disabled with `set_option linter.unnecessarySeqFocus false`
ZhangLS/Spec/Lemma44GaussianVerticalTail.lean:68:22: warning: Used `tac1 <;> tac2` where `(tac1; tac2)` would suffice

Note: This linter can be disabled with `set_option linter.unnecessarySeqFocus false`
Try this:
  [apply] ring_nf
  
  The `ring` tactic failed to close the goal. Use `ring_nf` to obtain a normal form.
    
  Note that `ring` works primarily in *commutative* rings. If you have a noncommutative ring, abelian group or module, consider using `noncomm_ring`, `abel` or `module` instead.
== kernel-check ZhangLS/Spec/Lemma44HorizontalGrowth.lean ==
⚠ [1279/1463] Replayed ZhangLS.Spec.RealDirichletCharacter
warning: ZhangLS/Spec/RealDirichletCharacter.lean:48:4: try 'simp' instead of 'simpa'

Note: This linter can be disabled with `set_option linter.unnecessarySimpa false`
⚠ [3433/3659] Replayed ZhangLS.Spec.Lemma44ComplexCharacterAbel
warning: ZhangLS/Spec/Lemma44ComplexCharacterAbel.lean:73:56: unused variable `hD`

Note: This linter can be disabled with `set_option linter.unusedVariables false`
⚠ [3434/3659] Replayed ZhangLS.Spec.Lemma44CharacterProduct
warning: ZhangLS/Spec/Lemma44CharacterProduct.lean:55:38: This simp argument is unused:
  mul_comm

Hint: Omit it from the simp argument list.
  simp [̵m̵u̵l̵_̵c̵o̵m̵m̵,̵ ̵m̵u̵l̵_̵l̵e̵f̵t̵_̵c̵o̵m̵m̵,̵[̲m̲u̲l̲_̲l̲e̲f̲t̲_̲c̲o̲m̲m̲,̲ mul_assoc]

Note: This linter can be disabled with `set_option linter.unusedSimpArgs false`
warning: ZhangLS/Spec/Lemma44CharacterProduct.lean:55:48: This simp argument is unused:
  mul_left_comm

Hint: Omit it from the simp argument list.
  simp [mul_comm, mul_l̵e̵f̵t̵_̵c̵o̵m̵m̵,̵ ̵m̵u̵l̵_̵assoc]

Note: This linter can be disabled with `set_option linter.unusedSimpArgs false`
⚠ [3459/3659] Replayed ZhangLS.Spec.Lemma23AnalyticLogBranch
warning: ZhangLS/Spec/Lemma23AnalyticLogBranch.lean:42:53: try 'simp' instead of 'simpa'

Note: This linter can be disabled with `set_option linter.unnecessarySimpa false`
warning: ZhangLS/Spec/Lemma23AnalyticLogBranch.lean:67:44: try 'simp' instead of 'simpa'

Note: This linter can be disabled with `set_option linter.unnecessarySimpa false`
⚠ [3471/3659] Replayed ZhangLS.Spec.RealAxisAtOne
warning: ZhangLS/Spec/RealAxisAtOne.lean:56:4: try 'simp' instead of 'simpa'

Note: This linter can be disabled with `set_option linter.unnecessarySimpa false`
⚠ [3473/3659] Replayed ZhangLS.Spec.Lemma57
warning: ZhangLS/Spec/Lemma57.lean:101:58: unused variable `hD`

Note: This linter can be disabled with `set_option linter.unusedVariables false`
warning: ZhangLS/Spec/Lemma57.lean:102:7: unused variable `hA`

Note: This linter can be disabled with `set_option linter.unusedVariables false`
⚠ [3474/3659] Replayed ZhangLS.Spec.Lemma57Arithmetic
warning: ZhangLS/Spec/Lemma57Arithmetic.lean:55:15: unused variable `hc_g`

Note: This linter can be disabled with `set_option linter.unusedVariables false`
⚠ [3479/3659] Replayed ZhangLS.Spec.Lemma57SmoothedSum
warning: ZhangLS/Spec/Lemma57SmoothedSum.lean:42:46: unused variable `hD`

Note: This linter can be disabled with `set_option linter.unusedVariables false`
⚠ [3488/3659] Replayed ZhangLS.Spec.Lemma57GaussianGlobal
warning: ZhangLS/Spec/Lemma57GaussianGlobal.lean:55:58: unused variable `ha`

Note: This linter can be disabled with `set_option linter.unusedVariables false`
warning: ZhangLS/Spec/Lemma57GaussianGlobal.lean:241:13: unused variable `hD`

Note: This linter can be disabled with `set_option linter.unusedVariables false`
warning: ZhangLS/Spec/Lemma57GaussianGlobal.lean:241:34: unused variable `hx`

Note: This linter can be disabled with `set_option linter.unusedVariables false`
⚠ [3489/3659] Replayed ZhangLS.Spec.Lemma57SmoothedSummability
warning: ZhangLS/Spec/Lemma57SmoothedSummability.lean:20:52: unused variable `hn`

Note: This linter can be disabled with `set_option linter.unusedVariables false`
⚠ [3494/3659] Replayed ZhangLS.Spec.Lemma57GaussianMellinTransform
warning: ZhangLS/Spec/Lemma57GaussianMellinTransform.lean:67:63: Used `tac1 <;> tac2` where `(tac1; tac2)` would suffice

Note: This linter can be disabled with `set_option linter.unnecessarySeqFocus false`
warning: ZhangLS/Spec/Lemma57GaussianMellinTransform.lean:145:54: Used `tac1 <;> tac2` where `(tac1; tac2)` would suffice

Note: This linter can be disabled with `set_option linter.unnecessarySeqFocus false`
warning: ZhangLS/Spec/Lemma57GaussianMellinTransform.lean:326:4: Try `simp at hs` instead of `simpa using hs`

Note: This linter can be disabled with `set_option linter.unnecessarySimpa false`
⚠ [3500/3659] Replayed ZhangLS.Spec.RiemannZetaCriticalLineBound
warning: ZhangLS/Spec/RiemannZetaCriticalLineBound.lean:99:2: Used `tac1 <;> tac2` where `(tac1; tac2)` would suffice

Note: This linter can be disabled with `set_option linter.unnecessarySeqFocus false`
warning: ZhangLS/Spec/RiemannZetaCriticalLineBound.lean:124:13: unused variable `hs`

Note: This linter can be disabled with `set_option linter.unusedVariables false`
warning: ZhangLS/Spec/RiemannZetaCriticalLineBound.lean:152:6: unused variable `n`

Note: This linter can be disabled with `set_option linter.unusedVariables false`
warning: ZhangLS/Spec/RiemannZetaCriticalLineBound.lean:156:20: unused variable `k`

Note: This linter can be disabled with `set_option linter.unusedVariables false`
warning: ZhangLS/Spec/RiemannZetaCriticalLineBound.lean:161:8: This simp argument is unused:
  sum_one_Icc

Hint: Omit it from the simp argument list.
  simp ̵[̵s̵u̵m̵_̵o̵n̵e̵_̵I̵c̵c̵]̵

Note: This linter can be disabled with `set_option linter.unusedSimpArgs false`
warning: ZhangLS/Spec/RiemannZetaCriticalLineBound.lean:242:12: 'ring' tactic does nothing

Note: This linter can be disabled with `set_option linter.unusedTactic false`
warning: ZhangLS/Spec/RiemannZetaCriticalLineBound.lean:242:12: this tactic is never executed

Note: This linter can be disabled with `set_option linter.unreachableTactic false`
warning: ZhangLS/Spec/RiemannZetaCriticalLineBound.lean:219:41: Used `tac1 <;> tac2` where `(tac1; tac2)` would suffice

Note: This linter can be disabled with `set_option linter.unnecessarySeqFocus false`
warning: ZhangLS/Spec/RiemannZetaCriticalLineBound.lean:303:8: 'ring' tactic does nothing

Note: This linter can be disabled with `set_option linter.unusedTactic false`
warning: ZhangLS/Spec/RiemannZetaCriticalLineBound.lean:303:8: this tactic is never executed

Note: This linter can be disabled with `set_option linter.unreachableTactic false`
warning: ZhangLS/Spec/RiemannZetaCriticalLineBound.lean:394:12: This simp argument is unused:
  norm_div

Hint: Omit it from the simp argument list.
  simp ̵[̵n̵o̵r̵m̵_̵d̵i̵v̵]̵

Note: This linter can be disabled with `set_option linter.unusedSimpArgs false`
warning: ZhangLS/Spec/RiemannZetaCriticalLineBound.lean:475:75: This simp argument is unused:
  norm_div

Hint: Omit it from the simp argument list.
  simp ̵[̵n̵o̵r̵m̵_̵d̵i̵v̵]̵

Note: This linter can be disabled with `set_option linter.unusedSimpArgs false`
⚠ [3501/3659] Replayed ZhangLS.Spec.Lemma57CriticalStripGrowth
warning: ZhangLS/Spec/Lemma57CriticalStripGrowth.lean:270:14: This simp argument is unused:
  norm_div

Hint: Omit it from the simp argument list.
  simp ̵[̵n̵o̵r̵m̵_̵d̵i̵v̵]̵

Note: This linter can be disabled with `set_option linter.unusedSimpArgs false`
⚠ [3508/3659] Replayed ZhangLS.Spec.Lemma23DirichletConjugation
warning: ZhangLS/Spec/Lemma23DirichletConjugation.lean:23:0: automatically included section variable(s) unused in theorem `ZhangLS.Spec.dirichletLSeries_inv_eq_conj_at_conj`:
  [NeZero N]
consider restructuring your `variable` declarations so that the variables are not in scope or explicitly omit them:
  omit [NeZero N] in theorem ...

Note: This linter can be disabled with `set_option linter.unusedSectionVars false`
⚠ [3510/3659] Replayed ZhangLS.Spec.Lemma23PrimitiveGaussSum
warning: ZhangLS/Spec/Lemma23PrimitiveGaussSum.lean:42:19: Used `tac1 <;> tac2` where `(tac1; tac2)` would suffice

Note: This linter can be disabled with `set_option linter.unnecessarySeqFocus false`
⚠ [3511/3659] Replayed ZhangLS.Spec.Lemma23DirichletUnitModulus
warning: ZhangLS/Spec/Lemma23DirichletUnitModulus.lean:112:48: Used `tac1 <;> tac2` where `(tac1; tac2)` would suffice

Note: This linter can be disabled with `set_option linter.unnecessarySeqFocus false`
⚠ [3648/3659] Replayed ZhangLS.Spec.Lemma44ProductMellin
warning: ZhangLS/Spec/Lemma44ProductMellin.lean:144:4: try 'simp' instead of 'simpa'

Note: This linter can be disabled with `set_option linter.unnecessarySimpa false`
⚠ [3652/3659] Replayed ZhangLS.Spec.Lemma44RightMellinApproximation
warning: ZhangLS/Spec/Lemma44RightMellinApproximation.lean:37:4: try 'simp' instead of 'simpa'

Note: This linter can be disabled with `set_option linter.unnecessarySimpa false`
⚠ [3656/3659] Replayed ZhangLS.Spec.Lemma44ReflectedLongSum
warning: ZhangLS/Spec/Lemma44ReflectedLongSum.lean:81:64: Used `tac1 <;> tac2` where `(tac1; tac2)` would suffice

Note: This linter can be disabled with `set_option linter.unnecessarySeqFocus false`
⚠ [3658/3659] Replayed ZhangLS.Spec.Lemma44InitialLeftEstimates
warning: ZhangLS/Spec/Lemma44InitialLeftEstimates.lean:68:23: Used `tac1 <;> tac2` where `(tac1; tac2)` would suffice

Note: This linter can be disabled with `set_option linter.unnecessarySeqFocus false`
⚠ [3659/3659] Replayed ZhangLS.Spec.Lemma44HorizontalGrowth
warning: ZhangLS/Spec/Lemma44HorizontalGrowth.lean:147:6: 'push_cast' tactic does nothing

Note: This linter can be disabled with `set_option linter.unusedTactic false`
Build completed successfully (3659 jobs).
ZhangLS/Spec/Lemma44HorizontalGrowth.lean:147:6: warning: 'push_cast' tactic does nothing

Note: This linter can be disabled with `set_option linter.unusedTactic false`
== kernel-check ZhangLS/Spec/Lemma44HorizontalIntegrals.lean ==
⚠ [1279/1698] Replayed ZhangLS.Spec.RealDirichletCharacter
warning: ZhangLS/Spec/RealDirichletCharacter.lean:48:4: try 'simp' instead of 'simpa'

Note: This linter can be disabled with `set_option linter.unnecessarySimpa false`
⚠ [3432/3549] Replayed ZhangLS.Spec.Lemma44ComplexCharacterAbel
warning: ZhangLS/Spec/Lemma44ComplexCharacterAbel.lean:73:56: unused variable `hD`

Note: This linter can be disabled with `set_option linter.unusedVariables false`
⚠ [3433/3549] Replayed ZhangLS.Spec.Lemma44CharacterProduct
warning: ZhangLS/Spec/Lemma44CharacterProduct.lean:55:38: This simp argument is unused:
  mul_comm

Hint: Omit it from the simp argument list.
  simp [̵m̵u̵l̵_̵c̵o̵m̵m̵,̵ ̵m̵u̵l̵_̵l̵e̵f̵t̵_̵c̵o̵m̵m̵,̵[̲m̲u̲l̲_̲l̲e̲f̲t̲_̲c̲o̲m̲m̲,̲ mul_assoc]

Note: This linter can be disabled with `set_option linter.unusedSimpArgs false`
warning: ZhangLS/Spec/Lemma44CharacterProduct.lean:55:48: This simp argument is unused:
  mul_left_comm

Hint: Omit it from the simp argument list.
  simp [mul_comm, mul_l̵e̵f̵t̵_̵c̵o̵m̵m̵,̵ ̵m̵u̵l̵_̵assoc]

Note: This linter can be disabled with `set_option linter.unusedSimpArgs false`
⚠ [3458/3549] Replayed ZhangLS.Spec.Lemma23AnalyticLogBranch
warning: ZhangLS/Spec/Lemma23AnalyticLogBranch.lean:42:53: try 'simp' instead of 'simpa'

Note: This linter can be disabled with `set_option linter.unnecessarySimpa false`
warning: ZhangLS/Spec/Lemma23AnalyticLogBranch.lean:67:44: try 'simp' instead of 'simpa'

Note: This linter can be disabled with `set_option linter.unnecessarySimpa false`
⚠ [3470/3549] Replayed ZhangLS.Spec.RealAxisAtOne
warning: ZhangLS/Spec/RealAxisAtOne.lean:56:4: try 'simp' instead of 'simpa'

Note: This linter can be disabled with `set_option linter.unnecessarySimpa false`
⚠ [3472/3549] Replayed ZhangLS.Spec.Lemma57
warning: ZhangLS/Spec/Lemma57.lean:101:58: unused variable `hD`

Note: This linter can be disabled with `set_option linter.unusedVariables false`
warning: ZhangLS/Spec/Lemma57.lean:102:7: unused variable `hA`

Note: This linter can be disabled with `set_option linter.unusedVariables false`
⚠ [3473/3549] Replayed ZhangLS.Spec.Lemma57Arithmetic
warning: ZhangLS/Spec/Lemma57Arithmetic.lean:55:15: unused variable `hc_g`

Note: This linter can be disabled with `set_option linter.unusedVariables false`
⚠ [3478/3549] Replayed ZhangLS.Spec.Lemma57SmoothedSum
warning: ZhangLS/Spec/Lemma57SmoothedSum.lean:42:46: unused variable `hD`

Note: This linter can be disabled with `set_option linter.unusedVariables false`
⚠ [3487/3549] Replayed ZhangLS.Spec.Lemma57GaussianGlobal
warning: ZhangLS/Spec/Lemma57GaussianGlobal.lean:55:58: unused variable `ha`

Note: This linter can be disabled with `set_option linter.unusedVariables false`
warning: ZhangLS/Spec/Lemma57GaussianGlobal.lean:241:13: unused variable `hD`

Note: This linter can be disabled with `set_option linter.unusedVariables false`
warning: ZhangLS/Spec/Lemma57GaussianGlobal.lean:241:34: unused variable `hx`

Note: This linter can be disabled with `set_option linter.unusedVariables false`
⚠ [3488/3549] Replayed ZhangLS.Spec.Lemma57SmoothedSummability
warning: ZhangLS/Spec/Lemma57SmoothedSummability.lean:20:52: unused variable `hn`

Note: This linter can be disabled with `set_option linter.unusedVariables false`
⚠ [3493/3549] Replayed ZhangLS.Spec.Lemma57GaussianMellinTransform
warning: ZhangLS/Spec/Lemma57GaussianMellinTransform.lean:67:63: Used `tac1 <;> tac2` where `(tac1; tac2)` would suffice

Note: This linter can be disabled with `set_option linter.unnecessarySeqFocus false`
warning: ZhangLS/Spec/Lemma57GaussianMellinTransform.lean:145:54: Used `tac1 <;> tac2` where `(tac1; tac2)` would suffice

Note: This linter can be disabled with `set_option linter.unnecessarySeqFocus false`
warning: ZhangLS/Spec/Lemma57GaussianMellinTransform.lean:326:4: Try `simp at hs` instead of `simpa using hs`

Note: This linter can be disabled with `set_option linter.unnecessarySimpa false`
⚠ [3499/3549] Replayed ZhangLS.Spec.RiemannZetaCriticalLineBound
warning: ZhangLS/Spec/RiemannZetaCriticalLineBound.lean:99:2: Used `tac1 <;> tac2` where `(tac1; tac2)` would suffice

Note: This linter can be disabled with `set_option linter.unnecessarySeqFocus false`
warning: ZhangLS/Spec/RiemannZetaCriticalLineBound.lean:124:13: unused variable `hs`

Note: This linter can be disabled with `set_option linter.unusedVariables false`
warning: ZhangLS/Spec/RiemannZetaCriticalLineBound.lean:152:6: unused variable `n`

Note: This linter can be disabled with `set_option linter.unusedVariables false`
warning: ZhangLS/Spec/RiemannZetaCriticalLineBound.lean:156:20: unused variable `k`

Note: This linter can be disabled with `set_option linter.unusedVariables false`
warning: ZhangLS/Spec/RiemannZetaCriticalLineBound.lean:161:8: This simp argument is unused:
  sum_one_Icc

Hint: Omit it from the simp argument list.
  simp ̵[̵s̵u̵m̵_̵o̵n̵e̵_̵I̵c̵c̵]̵

Note: This linter can be disabled with `set_option linter.unusedSimpArgs false`
warning: ZhangLS/Spec/RiemannZetaCriticalLineBound.lean:242:12: 'ring' tactic does nothing

Note: This linter can be disabled with `set_option linter.unusedTactic false`
warning: ZhangLS/Spec/RiemannZetaCriticalLineBound.lean:242:12: this tactic is never executed

Note: This linter can be disabled with `set_option linter.unreachableTactic false`
warning: ZhangLS/Spec/RiemannZetaCriticalLineBound.lean:219:41: Used `tac1 <;> tac2` where `(tac1; tac2)` would suffice

Note: This linter can be disabled with `set_option linter.unnecessarySeqFocus false`
warning: ZhangLS/Spec/RiemannZetaCriticalLineBound.lean:303:8: 'ring' tactic does nothing

Note: This linter can be disabled with `set_option linter.unusedTactic false`
warning: ZhangLS/Spec/RiemannZetaCriticalLineBound.lean:303:8: this tactic is never executed

Note: This linter can be disabled with `set_option linter.unreachableTactic false`
warning: ZhangLS/Spec/RiemannZetaCriticalLineBound.lean:394:12: This simp argument is unused:
  norm_div

Hint: Omit it from the simp argument list.
  simp ̵[̵n̵o̵r̵m̵_̵d̵i̵v̵]̵

Note: This linter can be disabled with `set_option linter.unusedSimpArgs false`
warning: ZhangLS/Spec/RiemannZetaCriticalLineBound.lean:475:75: This simp argument is unused:
  norm_div

Hint: Omit it from the simp argument list.
  simp ̵[̵n̵o̵r̵m̵_̵d̵i̵v̵]̵

Note: This linter can be disabled with `set_option linter.unusedSimpArgs false`
⚠ [3500/3549] Replayed ZhangLS.Spec.Lemma57CriticalStripGrowth
warning: ZhangLS/Spec/Lemma57CriticalStripGrowth.lean:270:14: This simp argument is unused:
  norm_div

Hint: Omit it from the simp argument list.
  simp ̵[̵n̵o̵r̵m̵_̵d̵i̵v̵]̵

Note: This linter can be disabled with `set_option linter.unusedSimpArgs false`
⚠ [3507/3549] Replayed ZhangLS.Spec.Lemma23DirichletConjugation
warning: ZhangLS/Spec/Lemma23DirichletConjugation.lean:23:0: automatically included section variable(s) unused in theorem `ZhangLS.Spec.dirichletLSeries_inv_eq_conj_at_conj`:
  [NeZero N]
consider restructuring your `variable` declarations so that the variables are not in scope or explicitly omit them:
  omit [NeZero N] in theorem ...

Note: This linter can be disabled with `set_option linter.unusedSectionVars false`
⚠ [3509/3549] Replayed ZhangLS.Spec.Lemma23PrimitiveGaussSum
warning: ZhangLS/Spec/Lemma23PrimitiveGaussSum.lean:42:19: Used `tac1 <;> tac2` where `(tac1; tac2)` would suffice

Note: This linter can be disabled with `set_option linter.unnecessarySeqFocus false`
⚠ [3510/3549] Replayed ZhangLS.Spec.Lemma23DirichletUnitModulus
warning: ZhangLS/Spec/Lemma23DirichletUnitModulus.lean:112:48: Used `tac1 <;> tac2` where `(tac1; tac2)` would suffice

Note: This linter can be disabled with `set_option linter.unnecessarySeqFocus false`
⚠ [3648/3665] Replayed ZhangLS.Spec.Lemma44ProductMellin
warning: ZhangLS/Spec/Lemma44ProductMellin.lean:144:4: try 'simp' instead of 'simpa'

Note: This linter can be disabled with `set_option linter.unnecessarySimpa false`
⚠ [3652/3665] Replayed ZhangLS.Spec.Lemma44RightMellinApproximation
warning: ZhangLS/Spec/Lemma44RightMellinApproximation.lean:37:4: try 'simp' instead of 'simpa'

Note: This linter can be disabled with `set_option linter.unnecessarySimpa false`
⚠ [3656/3665] Replayed ZhangLS.Spec.Lemma44ReflectedLongSum
warning: ZhangLS/Spec/Lemma44ReflectedLongSum.lean:81:64: Used `tac1 <;> tac2` where `(tac1; tac2)` would suffice

Note: This linter can be disabled with `set_option linter.unnecessarySeqFocus false`
⚠ [3658/3665] Replayed ZhangLS.Spec.Lemma44InitialLeftEstimates
warning: ZhangLS/Spec/Lemma44InitialLeftEstimates.lean:68:23: Used `tac1 <;> tac2` where `(tac1; tac2)` would suffice

Note: This linter can be disabled with `set_option linter.unnecessarySeqFocus false`
⚠ [3659/3665] Replayed ZhangLS.Spec.Lemma44HorizontalGrowth
warning: ZhangLS/Spec/Lemma44HorizontalGrowth.lean:147:6: 'push_cast' tactic does nothing

Note: This linter can be disabled with `set_option linter.unusedTactic false`
⚠ [3661/3665] Replayed ZhangLS.Spec.Lemma44GaussianVerticalTail
info: ZhangLS/Spec/Lemma44GaussianVerticalTail.lean:41:4: Try this:
  [apply] ring_nf
  
  The `ring` tactic failed to close the goal. Use `ring_nf` to obtain a normal form.
    
  Note that `ring` works primarily in *commutative* rings. If you have a noncommutative ring, abelian group or module, consider using `noncomm_ring`, `abel` or `module` instead.
info: ZhangLS/Spec/Lemma44GaussianVerticalTail.lean:57:16: Try this:
  [apply] ring_nf
  
  The `ring` tactic failed to close the goal. Use `ring_nf` to obtain a normal form.
    
  Note that `ring` works primarily in *commutative* rings. If you have a noncommutative ring, abelian group or module, consider using `noncomm_ring`, `abel` or `module` instead.
warning: ZhangLS/Spec/Lemma44GaussianVerticalTail.lean:57:12: Used `tac1 <;> tac2` where `(tac1; tac2)` would suffice

Note: This linter can be disabled with `set_option linter.unnecessarySeqFocus false`
warning: ZhangLS/Spec/Lemma44GaussianVerticalTail.lean:68:22: Used `tac1 <;> tac2` where `(tac1; tac2)` would suffice

Note: This linter can be disabled with `set_option linter.unnecessarySeqFocus false`
info: ZhangLS/Spec/Lemma44GaussianVerticalTail.lean:153:35: Try this:
  [apply] ring_nf
  
  The `ring` tactic failed to close the goal. Use `ring_nf` to obtain a normal form.
    
  Note that `ring` works primarily in *commutative* rings. If you have a noncommutative ring, abelian group or module, consider using `noncomm_ring`, `abel` or `module` instead.
⚠ [3662/3665] Replayed ZhangLS.Spec.Lemma44LocalRectangle
warning: ZhangLS/Spec/Lemma44LocalRectangle.lean:115:46: This simp argument is unused:
  zero_mul

Hint: Omit it from the simp argument list.
  simp only [mem_reProdIm, mem_Icc, sub_re, sub_im, ofReal_re, ofReal_im, mul_re, mul_im, I_re,
  ̲  ̲ ̲ ̲ ̲ ̲ ̲ ̲I_im, mul_zero, z̵e̵r̵o̵_̵m̵u̵l̵,̵ ̵mul_one, zero_add, sub_zero]

Note: This linter can be disabled with `set_option linter.unusedSimpArgs false`
warning: ZhangLS/Spec/Lemma44LocalRectangle.lean:115:65: This simp argument is unused:
  zero_add

Hint: Omit it from the simp argument list.
  simp only [mem_reProdIm, mem_Icc, sub_re, sub_im, ofReal_re, ofReal_im, mul_re, mul_im, I_re,
  ̲  ̲ ̲ ̲ ̲ ̲ ̲ ̲I_im, mul_zero, zero_mul, mul_one, z̵e̵r̵o̵_̵a̵d̵d̵,̵ ̵sub_zero]

Note: This linter can be disabled with `set_option linter.unusedSimpArgs false`
⚠ [3665/3665] Replayed ZhangLS.Spec.Lemma44HorizontalIntegrals
warning: ZhangLS/Spec/Lemma44HorizontalIntegrals.lean:18:5: unused variable `hK`

Note: This linter can be disabled with `set_option linter.unusedVariables false`
Build completed successfully (3665 jobs).
ZhangLS/Spec/Lemma44HorizontalIntegrals.lean:18:5: warning: unused variable `hK`

Note: This linter can be disabled with `set_option linter.unusedVariables false`
== kernel-check ZhangLS/Spec/Lemma44HorizontalKernel.lean ==
⚠ [1279/1445] Replayed ZhangLS.Spec.RealDirichletCharacter
warning: ZhangLS/Spec/RealDirichletCharacter.lean:48:4: try 'simp' instead of 'simpa'

Note: This linter can be disabled with `set_option linter.unnecessarySimpa false`
⚠ [3433/3663] Replayed ZhangLS.Spec.Lemma44ComplexCharacterAbel
warning: ZhangLS/Spec/Lemma44ComplexCharacterAbel.lean:73:56: unused variable `hD`

Note: This linter can be disabled with `set_option linter.unusedVariables false`
⚠ [3434/3663] Replayed ZhangLS.Spec.Lemma44CharacterProduct
warning: ZhangLS/Spec/Lemma44CharacterProduct.lean:55:38: This simp argument is unused:
  mul_comm

Hint: Omit it from the simp argument list.
  simp [̵m̵u̵l̵_̵c̵o̵m̵m̵,̵ ̵m̵u̵l̵_̵l̵e̵f̵t̵_̵c̵o̵m̵m̵,̵[̲m̲u̲l̲_̲l̲e̲f̲t̲_̲c̲o̲m̲m̲,̲ mul_assoc]

Note: This linter can be disabled with `set_option linter.unusedSimpArgs false`
warning: ZhangLS/Spec/Lemma44CharacterProduct.lean:55:48: This simp argument is unused:
  mul_left_comm

Hint: Omit it from the simp argument list.
  simp [mul_comm, mul_l̵e̵f̵t̵_̵c̵o̵m̵m̵,̵ ̵m̵u̵l̵_̵assoc]

Note: This linter can be disabled with `set_option linter.unusedSimpArgs false`
⚠ [3459/3663] Replayed ZhangLS.Spec.Lemma23AnalyticLogBranch
warning: ZhangLS/Spec/Lemma23AnalyticLogBranch.lean:42:53: try 'simp' instead of 'simpa'

Note: This linter can be disabled with `set_option linter.unnecessarySimpa false`
warning: ZhangLS/Spec/Lemma23AnalyticLogBranch.lean:67:44: try 'simp' instead of 'simpa'

Note: This linter can be disabled with `set_option linter.unnecessarySimpa false`
⚠ [3471/3663] Replayed ZhangLS.Spec.RealAxisAtOne
warning: ZhangLS/Spec/RealAxisAtOne.lean:56:4: try 'simp' instead of 'simpa'

Note: This linter can be disabled with `set_option linter.unnecessarySimpa false`
⚠ [3473/3663] Replayed ZhangLS.Spec.Lemma57
warning: ZhangLS/Spec/Lemma57.lean:101:58: unused variable `hD`

Note: This linter can be disabled with `set_option linter.unusedVariables false`
warning: ZhangLS/Spec/Lemma57.lean:102:7: unused variable `hA`

Note: This linter can be disabled with `set_option linter.unusedVariables false`
⚠ [3474/3663] Replayed ZhangLS.Spec.Lemma57Arithmetic
warning: ZhangLS/Spec/Lemma57Arithmetic.lean:55:15: unused variable `hc_g`

Note: This linter can be disabled with `set_option linter.unusedVariables false`
⚠ [3479/3663] Replayed ZhangLS.Spec.Lemma57SmoothedSum
warning: ZhangLS/Spec/Lemma57SmoothedSum.lean:42:46: unused variable `hD`

Note: This linter can be disabled with `set_option linter.unusedVariables false`
⚠ [3488/3663] Replayed ZhangLS.Spec.Lemma57GaussianGlobal
warning: ZhangLS/Spec/Lemma57GaussianGlobal.lean:55:58: unused variable `ha`

Note: This linter can be disabled with `set_option linter.unusedVariables false`
warning: ZhangLS/Spec/Lemma57GaussianGlobal.lean:241:13: unused variable `hD`

Note: This linter can be disabled with `set_option linter.unusedVariables false`
warning: ZhangLS/Spec/Lemma57GaussianGlobal.lean:241:34: unused variable `hx`

Note: This linter can be disabled with `set_option linter.unusedVariables false`
⚠ [3489/3663] Replayed ZhangLS.Spec.Lemma57SmoothedSummability
warning: ZhangLS/Spec/Lemma57SmoothedSummability.lean:20:52: unused variable `hn`

Note: This linter can be disabled with `set_option linter.unusedVariables false`
⚠ [3494/3663] Replayed ZhangLS.Spec.Lemma57GaussianMellinTransform
warning: ZhangLS/Spec/Lemma57GaussianMellinTransform.lean:67:63: Used `tac1 <;> tac2` where `(tac1; tac2)` would suffice

Note: This linter can be disabled with `set_option linter.unnecessarySeqFocus false`
warning: ZhangLS/Spec/Lemma57GaussianMellinTransform.lean:145:54: Used `tac1 <;> tac2` where `(tac1; tac2)` would suffice

Note: This linter can be disabled with `set_option linter.unnecessarySeqFocus false`
warning: ZhangLS/Spec/Lemma57GaussianMellinTransform.lean:326:4: Try `simp at hs` instead of `simpa using hs`

Note: This linter can be disabled with `set_option linter.unnecessarySimpa false`
⚠ [3500/3663] Replayed ZhangLS.Spec.RiemannZetaCriticalLineBound
warning: ZhangLS/Spec/RiemannZetaCriticalLineBound.lean:99:2: Used `tac1 <;> tac2` where `(tac1; tac2)` would suffice

Note: This linter can be disabled with `set_option linter.unnecessarySeqFocus false`
warning: ZhangLS/Spec/RiemannZetaCriticalLineBound.lean:124:13: unused variable `hs`

Note: This linter can be disabled with `set_option linter.unusedVariables false`
warning: ZhangLS/Spec/RiemannZetaCriticalLineBound.lean:152:6: unused variable `n`

Note: This linter can be disabled with `set_option linter.unusedVariables false`
warning: ZhangLS/Spec/RiemannZetaCriticalLineBound.lean:156:20: unused variable `k`

Note: This linter can be disabled with `set_option linter.unusedVariables false`
warning: ZhangLS/Spec/RiemannZetaCriticalLineBound.lean:161:8: This simp argument is unused:
  sum_one_Icc

Hint: Omit it from the simp argument list.
  simp ̵[̵s̵u̵m̵_̵o̵n̵e̵_̵I̵c̵c̵]̵

Note: This linter can be disabled with `set_option linter.unusedSimpArgs false`
warning: ZhangLS/Spec/RiemannZetaCriticalLineBound.lean:242:12: 'ring' tactic does nothing

Note: This linter can be disabled with `set_option linter.unusedTactic false`
warning: ZhangLS/Spec/RiemannZetaCriticalLineBound.lean:242:12: this tactic is never executed

Note: This linter can be disabled with `set_option linter.unreachableTactic false`
warning: ZhangLS/Spec/RiemannZetaCriticalLineBound.lean:219:41: Used `tac1 <;> tac2` where `(tac1; tac2)` would suffice

Note: This linter can be disabled with `set_option linter.unnecessarySeqFocus false`
warning: ZhangLS/Spec/RiemannZetaCriticalLineBound.lean:303:8: 'ring' tactic does nothing

Note: This linter can be disabled with `set_option linter.unusedTactic false`
warning: ZhangLS/Spec/RiemannZetaCriticalLineBound.lean:303:8: this tactic is never executed

Note: This linter can be disabled with `set_option linter.unreachableTactic false`
warning: ZhangLS/Spec/RiemannZetaCriticalLineBound.lean:394:12: This simp argument is unused:
  norm_div

Hint: Omit it from the simp argument list.
  simp ̵[̵n̵o̵r̵m̵_̵d̵i̵v̵]̵

Note: This linter can be disabled with `set_option linter.unusedSimpArgs false`
warning: ZhangLS/Spec/RiemannZetaCriticalLineBound.lean:475:75: This simp argument is unused:
  norm_div

Hint: Omit it from the simp argument list.
  simp ̵[̵n̵o̵r̵m̵_̵d̵i̵v̵]̵

Note: This linter can be disabled with `set_option linter.unusedSimpArgs false`
⚠ [3501/3663] Replayed ZhangLS.Spec.Lemma57CriticalStripGrowth
warning: ZhangLS/Spec/Lemma57CriticalStripGrowth.lean:270:14: This simp argument is unused:
  norm_div

Hint: Omit it from the simp argument list.
  simp ̵[̵n̵o̵r̵m̵_̵d̵i̵v̵]̵

Note: This linter can be disabled with `set_option linter.unusedSimpArgs false`
⚠ [3508/3663] Replayed ZhangLS.Spec.Lemma23DirichletConjugation
warning: ZhangLS/Spec/Lemma23DirichletConjugation.lean:23:0: automatically included section variable(s) unused in theorem `ZhangLS.Spec.dirichletLSeries_inv_eq_conj_at_conj`:
  [NeZero N]
consider restructuring your `variable` declarations so that the variables are not in scope or explicitly omit them:
  omit [NeZero N] in theorem ...

Note: This linter can be disabled with `set_option linter.unusedSectionVars false`
⚠ [3510/3663] Replayed ZhangLS.Spec.Lemma23PrimitiveGaussSum
warning: ZhangLS/Spec/Lemma23PrimitiveGaussSum.lean:42:19: Used `tac1 <;> tac2` where `(tac1; tac2)` would suffice

Note: This linter can be disabled with `set_option linter.unnecessarySeqFocus false`
⚠ [3511/3663] Replayed ZhangLS.Spec.Lemma23DirichletUnitModulus
warning: ZhangLS/Spec/Lemma23DirichletUnitModulus.lean:112:48: Used `tac1 <;> tac2` where `(tac1; tac2)` would suffice

Note: This linter can be disabled with `set_option linter.unnecessarySeqFocus false`
⚠ [3648/3663] Replayed ZhangLS.Spec.Lemma44ProductMellin
warning: ZhangLS/Spec/Lemma44ProductMellin.lean:144:4: try 'simp' instead of 'simpa'

Note: This linter can be disabled with `set_option linter.unnecessarySimpa false`
⚠ [3652/3663] Replayed ZhangLS.Spec.Lemma44RightMellinApproximation
warning: ZhangLS/Spec/Lemma44RightMellinApproximation.lean:37:4: try 'simp' instead of 'simpa'

Note: This linter can be disabled with `set_option linter.unnecessarySimpa false`
⚠ [3656/3663] Replayed ZhangLS.Spec.Lemma44ReflectedLongSum
warning: ZhangLS/Spec/Lemma44ReflectedLongSum.lean:81:64: Used `tac1 <;> tac2` where `(tac1; tac2)` would suffice

Note: This linter can be disabled with `set_option linter.unnecessarySeqFocus false`
⚠ [3658/3663] Replayed ZhangLS.Spec.Lemma44InitialLeftEstimates
warning: ZhangLS/Spec/Lemma44InitialLeftEstimates.lean:68:23: Used `tac1 <;> tac2` where `(tac1; tac2)` would suffice

Note: This linter can be disabled with `set_option linter.unnecessarySeqFocus false`
⚠ [3659/3663] Replayed ZhangLS.Spec.Lemma44HorizontalGrowth
warning: ZhangLS/Spec/Lemma44HorizontalGrowth.lean:147:6: 'push_cast' tactic does nothing

Note: This linter can be disabled with `set_option linter.unusedTactic false`
⚠ [3661/3663] Replayed ZhangLS.Spec.Lemma44GaussianVerticalTail
info: ZhangLS/Spec/Lemma44GaussianVerticalTail.lean:41:4: Try this:
  [apply] ring_nf
  
  The `ring` tactic failed to close the goal. Use `ring_nf` to obtain a normal form.
    
  Note that `ring` works primarily in *commutative* rings. If you have a noncommutative ring, abelian group or module, consider using `noncomm_ring`, `abel` or `module` instead.
info: ZhangLS/Spec/Lemma44GaussianVerticalTail.lean:57:16: Try this:
  [apply] ring_nf
  
  The `ring` tactic failed to close the goal. Use `ring_nf` to obtain a normal form.
    
  Note that `ring` works primarily in *commutative* rings. If you have a noncommutative ring, abelian group or module, consider using `noncomm_ring`, `abel` or `module` instead.
warning: ZhangLS/Spec/Lemma44GaussianVerticalTail.lean:57:12: Used `tac1 <;> tac2` where `(tac1; tac2)` would suffice

Note: This linter can be disabled with `set_option linter.unnecessarySeqFocus false`
warning: ZhangLS/Spec/Lemma44GaussianVerticalTail.lean:68:22: Used `tac1 <;> tac2` where `(tac1; tac2)` would suffice

Note: This linter can be disabled with `set_option linter.unnecessarySeqFocus false`
info: ZhangLS/Spec/Lemma44GaussianVerticalTail.lean:153:35: Try this:
  [apply] ring_nf
  
  The `ring` tactic failed to close the goal. Use `ring_nf` to obtain a normal form.
    
  Note that `ring` works primarily in *commutative* rings. If you have a noncommutative ring, abelian group or module, consider using `noncomm_ring`, `abel` or `module` instead.
⚠ [3662/3663] Replayed ZhangLS.Spec.Lemma44LocalRectangle
warning: ZhangLS/Spec/Lemma44LocalRectangle.lean:115:46: This simp argument is unused:
  zero_mul

Hint: Omit it from the simp argument list.
  simp only [mem_reProdIm, mem_Icc, sub_re, sub_im, ofReal_re, ofReal_im, mul_re, mul_im, I_re,
  ̲  ̲ ̲ ̲ ̲ ̲ ̲ ̲I_im, mul_zero, z̵e̵r̵o̵_̵m̵u̵l̵,̵ ̵mul_one, zero_add, sub_zero]

Note: This linter can be disabled with `set_option linter.unusedSimpArgs false`
warning: ZhangLS/Spec/Lemma44LocalRectangle.lean:115:65: This simp argument is unused:
  zero_add

Hint: Omit it from the simp argument list.
  simp only [mem_reProdIm, mem_Icc, sub_re, sub_im, ofReal_re, ofReal_im, mul_re, mul_im, I_re,
  ̲  ̲ ̲ ̲ ̲ ̲ ̲ ̲I_im, mul_zero, zero_mul, mul_one, z̵e̵r̵o̵_̵a̵d̵d̵,̵ ̵sub_zero]

Note: This linter can be disabled with `set_option linter.unusedSimpArgs false`
Build completed successfully (3663 jobs).
== kernel-check ZhangLS/Spec/Lemma44InitialLeftEstimates.lean ==
⚠ [1279/1460] Replayed ZhangLS.Spec.RealDirichletCharacter
warning: ZhangLS/Spec/RealDirichletCharacter.lean:48:4: try 'simp' instead of 'simpa'

Note: This linter can be disabled with `set_option linter.unnecessarySimpa false`
⚠ [1280/1460] Replayed ZhangLS.Spec.Lemma44CharacterProduct
warning: ZhangLS/Spec/Lemma44CharacterProduct.lean:55:38: This simp argument is unused:
  mul_comm

Hint: Omit it from the simp argument list.
  simp [̵m̵u̵l̵_̵c̵o̵m̵m̵,̵ ̵m̵u̵l̵_̵l̵e̵f̵t̵_̵c̵o̵m̵m̵,̵[̲m̲u̲l̲_̲l̲e̲f̲t̲_̲c̲o̲m̲m̲,̲ mul_assoc]

Note: This linter can be disabled with `set_option linter.unusedSimpArgs false`
warning: ZhangLS/Spec/Lemma44CharacterProduct.lean:55:48: This simp argument is unused:
  mul_left_comm

Hint: Omit it from the simp argument list.
  simp [mul_comm, mul_l̵e̵f̵t̵_̵c̵o̵m̵m̵,̵ ̵m̵u̵l̵_̵assoc]

Note: This linter can be disabled with `set_option linter.unusedSimpArgs false`
⚠ [2474/2726] Replayed ZhangLS.Spec.Lemma23AnalyticLogBranch
warning: ZhangLS/Spec/Lemma23AnalyticLogBranch.lean:42:53: try 'simp' instead of 'simpa'

Note: This linter can be disabled with `set_option linter.unnecessarySimpa false`
warning: ZhangLS/Spec/Lemma23AnalyticLogBranch.lean:67:44: try 'simp' instead of 'simpa'

Note: This linter can be disabled with `set_option linter.unnecessarySimpa false`
⚠ [3462/3657] Replayed ZhangLS.Spec.RealAxisAtOne
warning: ZhangLS/Spec/RealAxisAtOne.lean:56:4: try 'simp' instead of 'simpa'

Note: This linter can be disabled with `set_option linter.unnecessarySimpa false`
⚠ [3464/3657] Replayed ZhangLS.Spec.Lemma57
warning: ZhangLS/Spec/Lemma57.lean:101:58: unused variable `hD`

Note: This linter can be disabled with `set_option linter.unusedVariables false`
warning: ZhangLS/Spec/Lemma57.lean:102:7: unused variable `hA`

Note: This linter can be disabled with `set_option linter.unusedVariables false`
⚠ [3465/3657] Replayed ZhangLS.Spec.Lemma57Arithmetic
warning: ZhangLS/Spec/Lemma57Arithmetic.lean:55:15: unused variable `hc_g`

Note: This linter can be disabled with `set_option linter.unusedVariables false`
⚠ [3470/3657] Replayed ZhangLS.Spec.Lemma57SmoothedSum
warning: ZhangLS/Spec/Lemma57SmoothedSum.lean:42:46: unused variable `hD`

Note: This linter can be disabled with `set_option linter.unusedVariables false`
⚠ [3479/3657] Replayed ZhangLS.Spec.Lemma57GaussianGlobal
warning: ZhangLS/Spec/Lemma57GaussianGlobal.lean:55:58: unused variable `ha`

Note: This linter can be disabled with `set_option linter.unusedVariables false`
warning: ZhangLS/Spec/Lemma57GaussianGlobal.lean:241:13: unused variable `hD`

Note: This linter can be disabled with `set_option linter.unusedVariables false`
warning: ZhangLS/Spec/Lemma57GaussianGlobal.lean:241:34: unused variable `hx`

Note: This linter can be disabled with `set_option linter.unusedVariables false`
⚠ [3480/3657] Replayed ZhangLS.Spec.Lemma57SmoothedSummability
warning: ZhangLS/Spec/Lemma57SmoothedSummability.lean:20:52: unused variable `hn`

Note: This linter can be disabled with `set_option linter.unusedVariables false`
⚠ [3485/3657] Replayed ZhangLS.Spec.Lemma57GaussianMellinTransform
warning: ZhangLS/Spec/Lemma57GaussianMellinTransform.lean:67:63: Used `tac1 <;> tac2` where `(tac1; tac2)` would suffice

Note: This linter can be disabled with `set_option linter.unnecessarySeqFocus false`
warning: ZhangLS/Spec/Lemma57GaussianMellinTransform.lean:145:54: Used `tac1 <;> tac2` where `(tac1; tac2)` would suffice

Note: This linter can be disabled with `set_option linter.unnecessarySeqFocus false`
warning: ZhangLS/Spec/Lemma57GaussianMellinTransform.lean:326:4: Try `simp at hs` instead of `simpa using hs`

Note: This linter can be disabled with `set_option linter.unnecessarySimpa false`
⚠ [3499/3657] Replayed ZhangLS.Spec.RiemannZetaCriticalLineBound
warning: ZhangLS/Spec/RiemannZetaCriticalLineBound.lean:99:2: Used `tac1 <;> tac2` where `(tac1; tac2)` would suffice

Note: This linter can be disabled with `set_option linter.unnecessarySeqFocus false`
warning: ZhangLS/Spec/RiemannZetaCriticalLineBound.lean:124:13: unused variable `hs`

Note: This linter can be disabled with `set_option linter.unusedVariables false`
warning: ZhangLS/Spec/RiemannZetaCriticalLineBound.lean:152:6: unused variable `n`

Note: This linter can be disabled with `set_option linter.unusedVariables false`
warning: ZhangLS/Spec/RiemannZetaCriticalLineBound.lean:156:20: unused variable `k`

Note: This linter can be disabled with `set_option linter.unusedVariables false`
warning: ZhangLS/Spec/RiemannZetaCriticalLineBound.lean:161:8: This simp argument is unused:
  sum_one_Icc

Hint: Omit it from the simp argument list.
  simp ̵[̵s̵u̵m̵_̵o̵n̵e̵_̵I̵c̵c̵]̵

Note: This linter can be disabled with `set_option linter.unusedSimpArgs false`
warning: ZhangLS/Spec/RiemannZetaCriticalLineBound.lean:242:12: 'ring' tactic does nothing

Note: This linter can be disabled with `set_option linter.unusedTactic false`
warning: ZhangLS/Spec/RiemannZetaCriticalLineBound.lean:242:12: this tactic is never executed

Note: This linter can be disabled with `set_option linter.unreachableTactic false`
warning: ZhangLS/Spec/RiemannZetaCriticalLineBound.lean:219:41: Used `tac1 <;> tac2` where `(tac1; tac2)` would suffice

Note: This linter can be disabled with `set_option linter.unnecessarySeqFocus false`
warning: ZhangLS/Spec/RiemannZetaCriticalLineBound.lean:303:8: 'ring' tactic does nothing

Note: This linter can be disabled with `set_option linter.unusedTactic false`
warning: ZhangLS/Spec/RiemannZetaCriticalLineBound.lean:303:8: this tactic is never executed

Note: This linter can be disabled with `set_option linter.unreachableTactic false`
warning: ZhangLS/Spec/RiemannZetaCriticalLineBound.lean:394:12: This simp argument is unused:
  norm_div

Hint: Omit it from the simp argument list.
  simp ̵[̵n̵o̵r̵m̵_̵d̵i̵v̵]̵

Note: This linter can be disabled with `set_option linter.unusedSimpArgs false`
warning: ZhangLS/Spec/RiemannZetaCriticalLineBound.lean:475:75: This simp argument is unused:
  norm_div

Hint: Omit it from the simp argument list.
  simp ̵[̵n̵o̵r̵m̵_̵d̵i̵v̵]̵

Note: This linter can be disabled with `set_option linter.unusedSimpArgs false`
⚠ [3500/3657] Replayed ZhangLS.Spec.Lemma57CriticalStripGrowth
warning: ZhangLS/Spec/Lemma57CriticalStripGrowth.lean:270:14: This simp argument is unused:
  norm_div

Hint: Omit it from the simp argument list.
  simp ̵[̵n̵o̵r̵m̵_̵d̵i̵v̵]̵

Note: This linter can be disabled with `set_option linter.unusedSimpArgs false`
⚠ [3507/3657] Replayed ZhangLS.Spec.Lemma23DirichletConjugation
warning: ZhangLS/Spec/Lemma23DirichletConjugation.lean:23:0: automatically included section variable(s) unused in theorem `ZhangLS.Spec.dirichletLSeries_inv_eq_conj_at_conj`:
  [NeZero N]
consider restructuring your `variable` declarations so that the variables are not in scope or explicitly omit them:
  omit [NeZero N] in theorem ...

Note: This linter can be disabled with `set_option linter.unusedSectionVars false`
⚠ [3509/3657] Replayed ZhangLS.Spec.Lemma23PrimitiveGaussSum
warning: ZhangLS/Spec/Lemma23PrimitiveGaussSum.lean:42:19: Used `tac1 <;> tac2` where `(tac1; tac2)` would suffice

Note: This linter can be disabled with `set_option linter.unnecessarySeqFocus false`
⚠ [3510/3657] Replayed ZhangLS.Spec.Lemma23DirichletUnitModulus
warning: ZhangLS/Spec/Lemma23DirichletUnitModulus.lean:112:48: Used `tac1 <;> tac2` where `(tac1; tac2)` would suffice

Note: This linter can be disabled with `set_option linter.unnecessarySeqFocus false`
⚠ [3647/3657] Replayed ZhangLS.Spec.Lemma44ProductMellin
warning: ZhangLS/Spec/Lemma44ProductMellin.lean:144:4: try 'simp' instead of 'simpa'

Note: This linter can be disabled with `set_option linter.unnecessarySimpa false`
⚠ [3651/3657] Replayed ZhangLS.Spec.Lemma44RightMellinApproximation
warning: ZhangLS/Spec/Lemma44RightMellinApproximation.lean:37:4: try 'simp' instead of 'simpa'

Note: This linter can be disabled with `set_option linter.unnecessarySimpa false`
⚠ [3655/3657] Replayed ZhangLS.Spec.Lemma44ReflectedLongSum
warning: ZhangLS/Spec/Lemma44ReflectedLongSum.lean:81:64: Used `tac1 <;> tac2` where `(tac1; tac2)` would suffice

Note: This linter can be disabled with `set_option linter.unnecessarySeqFocus false`
⚠ [3657/3657] Replayed ZhangLS.Spec.Lemma44InitialLeftEstimates
warning: ZhangLS/Spec/Lemma44InitialLeftEstimates.lean:68:23: Used `tac1 <;> tac2` where `(tac1; tac2)` would suffice

Note: This linter can be disabled with `set_option linter.unnecessarySeqFocus false`
Build completed successfully (3657 jobs).
ZhangLS/Spec/Lemma44InitialLeftEstimates.lean:68:23: warning: Used `tac1 <;> tac2` where `(tac1; tac2)` would suffice

Note: This linter can be disabled with `set_option linter.unnecessarySeqFocus false`
== kernel-check ZhangLS/Spec/Lemma44LeftContourSplit.lean ==
⚠ [1279/1384] Replayed ZhangLS.Spec.RealDirichletCharacter
warning: ZhangLS/Spec/RealDirichletCharacter.lean:48:4: try 'simp' instead of 'simpa'

Note: This linter can be disabled with `set_option linter.unnecessarySimpa false`
⚠ [1280/1384] Replayed ZhangLS.Spec.Lemma44CharacterProduct
warning: ZhangLS/Spec/Lemma44CharacterProduct.lean:55:38: This simp argument is unused:
  mul_comm

Hint: Omit it from the simp argument list.
  simp [̵m̵u̵l̵_̵c̵o̵m̵m̵,̵ ̵m̵u̵l̵_̵l̵e̵f̵t̵_̵c̵o̵m̵m̵,̵[̲m̲u̲l̲_̲l̲e̲f̲t̲_̲c̲o̲m̲m̲,̲ mul_assoc]

Note: This linter can be disabled with `set_option linter.unusedSimpArgs false`
warning: ZhangLS/Spec/Lemma44CharacterProduct.lean:55:48: This simp argument is unused:
  mul_left_comm

Hint: Omit it from the simp argument list.
  simp [mul_comm, mul_l̵e̵f̵t̵_̵c̵o̵m̵m̵,̵ ̵m̵u̵l̵_̵assoc]

Note: This linter can be disabled with `set_option linter.unusedSimpArgs false`
⚠ [2474/2626] Replayed ZhangLS.Spec.Lemma23AnalyticLogBranch
warning: ZhangLS/Spec/Lemma23AnalyticLogBranch.lean:42:53: try 'simp' instead of 'simpa'

Note: This linter can be disabled with `set_option linter.unnecessarySimpa false`
warning: ZhangLS/Spec/Lemma23AnalyticLogBranch.lean:67:44: try 'simp' instead of 'simpa'

Note: This linter can be disabled with `set_option linter.unnecessarySimpa false`
⚠ [3462/3670] Replayed ZhangLS.Spec.RealAxisAtOne
warning: ZhangLS/Spec/RealAxisAtOne.lean:56:4: try 'simp' instead of 'simpa'

Note: This linter can be disabled with `set_option linter.unnecessarySimpa false`
⚠ [3464/3670] Replayed ZhangLS.Spec.Lemma57
warning: ZhangLS/Spec/Lemma57.lean:101:58: unused variable `hD`

Note: This linter can be disabled with `set_option linter.unusedVariables false`
warning: ZhangLS/Spec/Lemma57.lean:102:7: unused variable `hA`

Note: This linter can be disabled with `set_option linter.unusedVariables false`
⚠ [3465/3670] Replayed ZhangLS.Spec.Lemma57Arithmetic
warning: ZhangLS/Spec/Lemma57Arithmetic.lean:55:15: unused variable `hc_g`

Note: This linter can be disabled with `set_option linter.unusedVariables false`
⚠ [3470/3670] Replayed ZhangLS.Spec.Lemma57SmoothedSum
warning: ZhangLS/Spec/Lemma57SmoothedSum.lean:42:46: unused variable `hD`

Note: This linter can be disabled with `set_option linter.unusedVariables false`
⚠ [3479/3670] Replayed ZhangLS.Spec.Lemma57GaussianGlobal
warning: ZhangLS/Spec/Lemma57GaussianGlobal.lean:55:58: unused variable `ha`

Note: This linter can be disabled with `set_option linter.unusedVariables false`
warning: ZhangLS/Spec/Lemma57GaussianGlobal.lean:241:13: unused variable `hD`

Note: This linter can be disabled with `set_option linter.unusedVariables false`
warning: ZhangLS/Spec/Lemma57GaussianGlobal.lean:241:34: unused variable `hx`

Note: This linter can be disabled with `set_option linter.unusedVariables false`
⚠ [3480/3670] Replayed ZhangLS.Spec.Lemma57SmoothedSummability
warning: ZhangLS/Spec/Lemma57SmoothedSummability.lean:20:52: unused variable `hn`

Note: This linter can be disabled with `set_option linter.unusedVariables false`
⚠ [3485/3670] Replayed ZhangLS.Spec.Lemma57GaussianMellinTransform
warning: ZhangLS/Spec/Lemma57GaussianMellinTransform.lean:67:63: Used `tac1 <;> tac2` where `(tac1; tac2)` would suffice

Note: This linter can be disabled with `set_option linter.unnecessarySeqFocus false`
warning: ZhangLS/Spec/Lemma57GaussianMellinTransform.lean:145:54: Used `tac1 <;> tac2` where `(tac1; tac2)` would suffice

Note: This linter can be disabled with `set_option linter.unnecessarySeqFocus false`
warning: ZhangLS/Spec/Lemma57GaussianMellinTransform.lean:326:4: Try `simp at hs` instead of `simpa using hs`

Note: This linter can be disabled with `set_option linter.unnecessarySimpa false`
⚠ [3499/3670] Replayed ZhangLS.Spec.RiemannZetaCriticalLineBound
warning: ZhangLS/Spec/RiemannZetaCriticalLineBound.lean:99:2: Used `tac1 <;> tac2` where `(tac1; tac2)` would suffice

Note: This linter can be disabled with `set_option linter.unnecessarySeqFocus false`
warning: ZhangLS/Spec/RiemannZetaCriticalLineBound.lean:124:13: unused variable `hs`

Note: This linter can be disabled with `set_option linter.unusedVariables false`
warning: ZhangLS/Spec/RiemannZetaCriticalLineBound.lean:152:6: unused variable `n`

Note: This linter can be disabled with `set_option linter.unusedVariables false`
warning: ZhangLS/Spec/RiemannZetaCriticalLineBound.lean:156:20: unused variable `k`

Note: This linter can be disabled with `set_option linter.unusedVariables false`
warning: ZhangLS/Spec/RiemannZetaCriticalLineBound.lean:161:8: This simp argument is unused:
  sum_one_Icc

Hint: Omit it from the simp argument list.
  simp ̵[̵s̵u̵m̵_̵o̵n̵e̵_̵I̵c̵c̵]̵

Note: This linter can be disabled with `set_option linter.unusedSimpArgs false`
warning: ZhangLS/Spec/RiemannZetaCriticalLineBound.lean:242:12: 'ring' tactic does nothing

Note: This linter can be disabled with `set_option linter.unusedTactic false`
warning: ZhangLS/Spec/RiemannZetaCriticalLineBound.lean:242:12: this tactic is never executed

Note: This linter can be disabled with `set_option linter.unreachableTactic false`
warning: ZhangLS/Spec/RiemannZetaCriticalLineBound.lean:219:41: Used `tac1 <;> tac2` where `(tac1; tac2)` would suffice

Note: This linter can be disabled with `set_option linter.unnecessarySeqFocus false`
warning: ZhangLS/Spec/RiemannZetaCriticalLineBound.lean:303:8: 'ring' tactic does nothing

Note: This linter can be disabled with `set_option linter.unusedTactic false`
warning: ZhangLS/Spec/RiemannZetaCriticalLineBound.lean:303:8: this tactic is never executed

Note: This linter can be disabled with `set_option linter.unreachableTactic false`
warning: ZhangLS/Spec/RiemannZetaCriticalLineBound.lean:394:12: This simp argument is unused:
  norm_div

Hint: Omit it from the simp argument list.
  simp ̵[̵n̵o̵r̵m̵_̵d̵i̵v̵]̵

Note: This linter can be disabled with `set_option linter.unusedSimpArgs false`
warning: ZhangLS/Spec/RiemannZetaCriticalLineBound.lean:475:75: This simp argument is unused:
  norm_div

Hint: Omit it from the simp argument list.
  simp ̵[̵n̵o̵r̵m̵_̵d̵i̵v̵]̵

Note: This linter can be disabled with `set_option linter.unusedSimpArgs false`
⚠ [3500/3670] Replayed ZhangLS.Spec.Lemma57CriticalStripGrowth
warning: ZhangLS/Spec/Lemma57CriticalStripGrowth.lean:270:14: This simp argument is unused:
  norm_div

Hint: Omit it from the simp argument list.
  simp ̵[̵n̵o̵r̵m̵_̵d̵i̵v̵]̵

Note: This linter can be disabled with `set_option linter.unusedSimpArgs false`
⚠ [3507/3670] Replayed ZhangLS.Spec.Lemma23DirichletConjugation
warning: ZhangLS/Spec/Lemma23DirichletConjugation.lean:23:0: automatically included section variable(s) unused in theorem `ZhangLS.Spec.dirichletLSeries_inv_eq_conj_at_conj`:
  [NeZero N]
consider restructuring your `variable` declarations so that the variables are not in scope or explicitly omit them:
  omit [NeZero N] in theorem ...

Note: This linter can be disabled with `set_option linter.unusedSectionVars false`
⚠ [3509/3670] Replayed ZhangLS.Spec.Lemma23PrimitiveGaussSum
warning: ZhangLS/Spec/Lemma23PrimitiveGaussSum.lean:42:19: Used `tac1 <;> tac2` where `(tac1; tac2)` would suffice

Note: This linter can be disabled with `set_option linter.unnecessarySeqFocus false`
⚠ [3510/3670] Replayed ZhangLS.Spec.Lemma23DirichletUnitModulus
warning: ZhangLS/Spec/Lemma23DirichletUnitModulus.lean:112:48: Used `tac1 <;> tac2` where `(tac1; tac2)` would suffice

Note: This linter can be disabled with `set_option linter.unnecessarySeqFocus false`
⚠ [3647/3670] Replayed ZhangLS.Spec.Lemma44ProductMellin
warning: ZhangLS/Spec/Lemma44ProductMellin.lean:144:4: try 'simp' instead of 'simpa'

Note: This linter can be disabled with `set_option linter.unnecessarySimpa false`
⚠ [3651/3670] Replayed ZhangLS.Spec.Lemma44RightMellinApproximation
warning: ZhangLS/Spec/Lemma44RightMellinApproximation.lean:37:4: try 'simp' instead of 'simpa'

Note: This linter can be disabled with `set_option linter.unnecessarySimpa false`
⚠ [3655/3670] Replayed ZhangLS.Spec.Lemma44ReflectedLongSum
warning: ZhangLS/Spec/Lemma44ReflectedLongSum.lean:81:64: Used `tac1 <;> tac2` where `(tac1; tac2)` would suffice

Note: This linter can be disabled with `set_option linter.unnecessarySeqFocus false`
⚠ [3658/3670] Replayed ZhangLS.Spec.Lemma44InitialLeftEstimates
warning: ZhangLS/Spec/Lemma44InitialLeftEstimates.lean:68:23: Used `tac1 <;> tac2` where `(tac1; tac2)` would suffice

Note: This linter can be disabled with `set_option linter.unnecessarySeqFocus false`
⚠ [3661/3670] Replayed ZhangLS.Spec.Lemma44ComplexCharacterAbel
warning: ZhangLS/Spec/Lemma44ComplexCharacterAbel.lean:73:56: unused variable `hD`

Note: This linter can be disabled with `set_option linter.unusedVariables false`
⚠ [3662/3670] Replayed ZhangLS.Spec.Lemma44HorizontalGrowth
warning: ZhangLS/Spec/Lemma44HorizontalGrowth.lean:147:6: 'push_cast' tactic does nothing

Note: This linter can be disabled with `set_option linter.unusedTactic false`
⚠ [3664/3670] Replayed ZhangLS.Spec.Lemma44GaussianVerticalTail
info: ZhangLS/Spec/Lemma44GaussianVerticalTail.lean:41:4: Try this:
  [apply] ring_nf
  
  The `ring` tactic failed to close the goal. Use `ring_nf` to obtain a normal form.
    
  Note that `ring` works primarily in *commutative* rings. If you have a noncommutative ring, abelian group or module, consider using `noncomm_ring`, `abel` or `module` instead.
info: ZhangLS/Spec/Lemma44GaussianVerticalTail.lean:57:16: Try this:
  [apply] ring_nf
  
  The `ring` tactic failed to close the goal. Use `ring_nf` to obtain a normal form.
    
  Note that `ring` works primarily in *commutative* rings. If you have a noncommutative ring, abelian group or module, consider using `noncomm_ring`, `abel` or `module` instead.
warning: ZhangLS/Spec/Lemma44GaussianVerticalTail.lean:57:12: Used `tac1 <;> tac2` where `(tac1; tac2)` would suffice

Note: This linter can be disabled with `set_option linter.unnecessarySeqFocus false`
warning: ZhangLS/Spec/Lemma44GaussianVerticalTail.lean:68:22: Used `tac1 <;> tac2` where `(tac1; tac2)` would suffice

Note: This linter can be disabled with `set_option linter.unnecessarySeqFocus false`
info: ZhangLS/Spec/Lemma44GaussianVerticalTail.lean:153:35: Try this:
  [apply] ring_nf
  
  The `ring` tactic failed to close the goal. Use `ring_nf` to obtain a normal form.
    
  Note that `ring` works primarily in *commutative* rings. If you have a noncommutative ring, abelian group or module, consider using `noncomm_ring`, `abel` or `module` instead.
⚠ [3665/3670] Replayed ZhangLS.Spec.Lemma44LocalRectangle
warning: ZhangLS/Spec/Lemma44LocalRectangle.lean:115:46: This simp argument is unused:
  zero_mul

Hint: Omit it from the simp argument list.
  simp only [mem_reProdIm, mem_Icc, sub_re, sub_im, ofReal_re, ofReal_im, mul_re, mul_im, I_re,
  ̲  ̲ ̲ ̲ ̲ ̲ ̲ ̲I_im, mul_zero, z̵e̵r̵o̵_̵m̵u̵l̵,̵ ̵mul_one, zero_add, sub_zero]

Note: This linter can be disabled with `set_option linter.unusedSimpArgs false`
warning: ZhangLS/Spec/Lemma44LocalRectangle.lean:115:65: This simp argument is unused:
  zero_add

Hint: Omit it from the simp argument list.
  simp only [mem_reProdIm, mem_Icc, sub_re, sub_im, ofReal_re, ofReal_im, mul_re, mul_im, I_re,
  ̲  ̲ ̲ ̲ ̲ ̲ ̲ ̲I_im, mul_zero, zero_mul, mul_one, z̵e̵r̵o̵_̵a̵d̵d̵,̵ ̵sub_zero]

Note: This linter can be disabled with `set_option linter.unusedSimpArgs false`
⚠ [3668/3670] Replayed ZhangLS.Spec.Lemma44HorizontalIntegrals
warning: ZhangLS/Spec/Lemma44HorizontalIntegrals.lean:18:5: unused variable `hK`

Note: This linter can be disabled with `set_option linter.unusedVariables false`
⚠ [3669/3670] Replayed ZhangLS.Spec.Lemma44ReflectedPolynomialContours
warning: ZhangLS/Spec/Lemma44ReflectedPolynomialContours.lean:152:64: This simp argument is unused:
  mul_left_comm

Hint: Omit it from the simp argument list.
  simp only [sub_eq_add_neg, add_comm, add_left_comm, mul_comm, mul_l̵e̵f̵t̵_̵c̵o̵m̵m̵,̵ ̵m̵u̵l̵_̵assoc] at hc ⊢

Note: This linter can be disabled with `set_option linter.unusedSimpArgs false`
warning: ZhangLS/Spec/Lemma44ReflectedPolynomialContours.lean:152:79: This simp argument is unused:
  mul_assoc

Hint: Omit it from the simp argument list.
  simp only [sub_eq_add_neg, add_comm, add_left_comm, mul_comm, mul_left_comm,̵ ̵m̵u̵l̵_̵a̵s̵s̵o̵c̵] at hc ⊢

Note: This linter can be disabled with `set_option linter.unusedSimpArgs false`
Build completed successfully (3670 jobs).
== kernel-check ZhangLS/Spec/Lemma44LocalRectangle.lean ==
⚠ [1279/1409] Replayed ZhangLS.Spec.RealDirichletCharacter
warning: ZhangLS/Spec/RealDirichletCharacter.lean:48:4: try 'simp' instead of 'simpa'

Note: This linter can be disabled with `set_option linter.unnecessarySimpa false`
⚠ [1280/1409] Replayed ZhangLS.Spec.Lemma44CharacterProduct
warning: ZhangLS/Spec/Lemma44CharacterProduct.lean:55:38: This simp argument is unused:
  mul_comm

Hint: Omit it from the simp argument list.
  simp [̵m̵u̵l̵_̵c̵o̵m̵m̵,̵ ̵m̵u̵l̵_̵l̵e̵f̵t̵_̵c̵o̵m̵m̵,̵[̲m̲u̲l̲_̲l̲e̲f̲t̲_̲c̲o̲m̲m̲,̲ mul_assoc]

Note: This linter can be disabled with `set_option linter.unusedSimpArgs false`
warning: ZhangLS/Spec/Lemma44CharacterProduct.lean:55:48: This simp argument is unused:
  mul_left_comm

Hint: Omit it from the simp argument list.
  simp [mul_comm, mul_l̵e̵f̵t̵_̵c̵o̵m̵m̵,̵ ̵m̵u̵l̵_̵assoc]

Note: This linter can be disabled with `set_option linter.unusedSimpArgs false`
⚠ [2474/2695] Replayed ZhangLS.Spec.Lemma23AnalyticLogBranch
warning: ZhangLS/Spec/Lemma23AnalyticLogBranch.lean:42:53: try 'simp' instead of 'simpa'

Note: This linter can be disabled with `set_option linter.unnecessarySimpa false`
warning: ZhangLS/Spec/Lemma23AnalyticLogBranch.lean:67:44: try 'simp' instead of 'simpa'

Note: This linter can be disabled with `set_option linter.unnecessarySimpa false`
⚠ [3462/3655] Replayed ZhangLS.Spec.RealAxisAtOne
warning: ZhangLS/Spec/RealAxisAtOne.lean:56:4: try 'simp' instead of 'simpa'

Note: This linter can be disabled with `set_option linter.unnecessarySimpa false`
⚠ [3464/3655] Replayed ZhangLS.Spec.Lemma57
warning: ZhangLS/Spec/Lemma57.lean:101:58: unused variable `hD`

Note: This linter can be disabled with `set_option linter.unusedVariables false`
warning: ZhangLS/Spec/Lemma57.lean:102:7: unused variable `hA`

Note: This linter can be disabled with `set_option linter.unusedVariables false`
⚠ [3465/3655] Replayed ZhangLS.Spec.Lemma57Arithmetic
warning: ZhangLS/Spec/Lemma57Arithmetic.lean:55:15: unused variable `hc_g`

Note: This linter can be disabled with `set_option linter.unusedVariables false`
⚠ [3470/3655] Replayed ZhangLS.Spec.Lemma57SmoothedSum
warning: ZhangLS/Spec/Lemma57SmoothedSum.lean:42:46: unused variable `hD`

Note: This linter can be disabled with `set_option linter.unusedVariables false`
⚠ [3479/3655] Replayed ZhangLS.Spec.Lemma57GaussianGlobal
warning: ZhangLS/Spec/Lemma57GaussianGlobal.lean:55:58: unused variable `ha`

Note: This linter can be disabled with `set_option linter.unusedVariables false`
warning: ZhangLS/Spec/Lemma57GaussianGlobal.lean:241:13: unused variable `hD`

Note: This linter can be disabled with `set_option linter.unusedVariables false`
warning: ZhangLS/Spec/Lemma57GaussianGlobal.lean:241:34: unused variable `hx`

Note: This linter can be disabled with `set_option linter.unusedVariables false`
⚠ [3480/3655] Replayed ZhangLS.Spec.Lemma57SmoothedSummability
warning: ZhangLS/Spec/Lemma57SmoothedSummability.lean:20:52: unused variable `hn`

Note: This linter can be disabled with `set_option linter.unusedVariables false`
⚠ [3485/3655] Replayed ZhangLS.Spec.Lemma57GaussianMellinTransform
warning: ZhangLS/Spec/Lemma57GaussianMellinTransform.lean:67:63: Used `tac1 <;> tac2` where `(tac1; tac2)` would suffice

Note: This linter can be disabled with `set_option linter.unnecessarySeqFocus false`
warning: ZhangLS/Spec/Lemma57GaussianMellinTransform.lean:145:54: Used `tac1 <;> tac2` where `(tac1; tac2)` would suffice

Note: This linter can be disabled with `set_option linter.unnecessarySeqFocus false`
warning: ZhangLS/Spec/Lemma57GaussianMellinTransform.lean:326:4: Try `simp at hs` instead of `simpa using hs`

Note: This linter can be disabled with `set_option linter.unnecessarySimpa false`
⚠ [3499/3655] Replayed ZhangLS.Spec.RiemannZetaCriticalLineBound
warning: ZhangLS/Spec/RiemannZetaCriticalLineBound.lean:99:2: Used `tac1 <;> tac2` where `(tac1; tac2)` would suffice

Note: This linter can be disabled with `set_option linter.unnecessarySeqFocus false`
warning: ZhangLS/Spec/RiemannZetaCriticalLineBound.lean:124:13: unused variable `hs`

Note: This linter can be disabled with `set_option linter.unusedVariables false`
warning: ZhangLS/Spec/RiemannZetaCriticalLineBound.lean:152:6: unused variable `n`

Note: This linter can be disabled with `set_option linter.unusedVariables false`
warning: ZhangLS/Spec/RiemannZetaCriticalLineBound.lean:156:20: unused variable `k`

Note: This linter can be disabled with `set_option linter.unusedVariables false`
warning: ZhangLS/Spec/RiemannZetaCriticalLineBound.lean:161:8: This simp argument is unused:
  sum_one_Icc

Hint: Omit it from the simp argument list.
  simp ̵[̵s̵u̵m̵_̵o̵n̵e̵_̵I̵c̵c̵]̵

Note: This linter can be disabled with `set_option linter.unusedSimpArgs false`
warning: ZhangLS/Spec/RiemannZetaCriticalLineBound.lean:242:12: 'ring' tactic does nothing

Note: This linter can be disabled with `set_option linter.unusedTactic false`
warning: ZhangLS/Spec/RiemannZetaCriticalLineBound.lean:242:12: this tactic is never executed

Note: This linter can be disabled with `set_option linter.unreachableTactic false`
warning: ZhangLS/Spec/RiemannZetaCriticalLineBound.lean:219:41: Used `tac1 <;> tac2` where `(tac1; tac2)` would suffice

Note: This linter can be disabled with `set_option linter.unnecessarySeqFocus false`
warning: ZhangLS/Spec/RiemannZetaCriticalLineBound.lean:303:8: 'ring' tactic does nothing

Note: This linter can be disabled with `set_option linter.unusedTactic false`
warning: ZhangLS/Spec/RiemannZetaCriticalLineBound.lean:303:8: this tactic is never executed

Note: This linter can be disabled with `set_option linter.unreachableTactic false`
warning: ZhangLS/Spec/RiemannZetaCriticalLineBound.lean:394:12: This simp argument is unused:
  norm_div

Hint: Omit it from the simp argument list.
  simp ̵[̵n̵o̵r̵m̵_̵d̵i̵v̵]̵

Note: This linter can be disabled with `set_option linter.unusedSimpArgs false`
warning: ZhangLS/Spec/RiemannZetaCriticalLineBound.lean:475:75: This simp argument is unused:
  norm_div

Hint: Omit it from the simp argument list.
  simp ̵[̵n̵o̵r̵m̵_̵d̵i̵v̵]̵

Note: This linter can be disabled with `set_option linter.unusedSimpArgs false`
⚠ [3500/3655] Replayed ZhangLS.Spec.Lemma57CriticalStripGrowth
warning: ZhangLS/Spec/Lemma57CriticalStripGrowth.lean:270:14: This simp argument is unused:
  norm_div

Hint: Omit it from the simp argument list.
  simp ̵[̵n̵o̵r̵m̵_̵d̵i̵v̵]̵

Note: This linter can be disabled with `set_option linter.unusedSimpArgs false`
⚠ [3507/3655] Replayed ZhangLS.Spec.Lemma23DirichletConjugation
warning: ZhangLS/Spec/Lemma23DirichletConjugation.lean:23:0: automatically included section variable(s) unused in theorem `ZhangLS.Spec.dirichletLSeries_inv_eq_conj_at_conj`:
  [NeZero N]
consider restructuring your `variable` declarations so that the variables are not in scope or explicitly omit them:
  omit [NeZero N] in theorem ...

Note: This linter can be disabled with `set_option linter.unusedSectionVars false`
⚠ [3509/3655] Replayed ZhangLS.Spec.Lemma23PrimitiveGaussSum
warning: ZhangLS/Spec/Lemma23PrimitiveGaussSum.lean:42:19: Used `tac1 <;> tac2` where `(tac1; tac2)` would suffice

Note: This linter can be disabled with `set_option linter.unnecessarySeqFocus false`
⚠ [3510/3655] Replayed ZhangLS.Spec.Lemma23DirichletUnitModulus
warning: ZhangLS/Spec/Lemma23DirichletUnitModulus.lean:112:48: Used `tac1 <;> tac2` where `(tac1; tac2)` would suffice

Note: This linter can be disabled with `set_option linter.unnecessarySeqFocus false`
⚠ [3647/3655] Replayed ZhangLS.Spec.Lemma44ProductMellin
warning: ZhangLS/Spec/Lemma44ProductMellin.lean:144:4: try 'simp' instead of 'simpa'

Note: This linter can be disabled with `set_option linter.unnecessarySimpa false`
⚠ [3651/3655] Replayed ZhangLS.Spec.Lemma44RightMellinApproximation
warning: ZhangLS/Spec/Lemma44RightMellinApproximation.lean:37:4: try 'simp' instead of 'simpa'

Note: This linter can be disabled with `set_option linter.unnecessarySimpa false`
⚠ [3655/3655] Replayed ZhangLS.Spec.Lemma44LocalRectangle
warning: ZhangLS/Spec/Lemma44LocalRectangle.lean:115:46: This simp argument is unused:
  zero_mul

Hint: Omit it from the simp argument list.
  simp only [mem_reProdIm, mem_Icc, sub_re, sub_im, ofReal_re, ofReal_im, mul_re, mul_im, I_re,
  ̲  ̲ ̲ ̲ ̲ ̲ ̲ ̲I_im, mul_zero, z̵e̵r̵o̵_̵m̵u̵l̵,̵ ̵mul_one, zero_add, sub_zero]

Note: This linter can be disabled with `set_option linter.unusedSimpArgs false`
warning: ZhangLS/Spec/Lemma44LocalRectangle.lean:115:65: This simp argument is unused:
  zero_add

Hint: Omit it from the simp argument list.
  simp only [mem_reProdIm, mem_Icc, sub_re, sub_im, ofReal_re, ofReal_im, mul_re, mul_im, I_re,
  ̲  ̲ ̲ ̲ ̲ ̲ ̲ ̲I_im, mul_zero, zero_mul, mul_one, z̵e̵r̵o̵_̵a̵d̵d̵,̵ ̵sub_zero]

Note: This linter can be disabled with `set_option linter.unusedSimpArgs false`
Build completed successfully (3655 jobs).
ZhangLS/Spec/Lemma44LocalRectangle.lean:115:46: warning: This simp argument is unused:
  zero_mul

Hint: Omit it from the simp argument list.
  simp only [mem_reProdIm, mem_Icc, sub_re, sub_im, ofReal_re, ofReal_im, mul_re, mul_im, I_re,
  ̲  ̲ ̲ ̲ ̲ ̲ ̲ ̲I_im, mul_zero, z̵e̵r̵o̵_̵m̵u̵l̵,̵ ̵mul_one, zero_add, sub_zero]

Note: This linter can be disabled with `set_option linter.unusedSimpArgs false`
ZhangLS/Spec/Lemma44LocalRectangle.lean:115:65: warning: This simp argument is unused:
  zero_add

Hint: Omit it from the simp argument list.
  simp only [mem_reProdIm, mem_Icc, sub_re, sub_im, ofReal_re, ofReal_im, mul_re, mul_im, I_re,
  ̲  ̲ ̲ ̲ ̲ ̲ ̲ ̲I_im, mul_zero, zero_mul, mul_one, z̵e̵r̵o̵_̵a̵d̵d̵,̵ ̵sub_zero]

Note: This linter can be disabled with `set_option linter.unusedSimpArgs false`
== kernel-check ZhangLS/Spec/Lemma44LongSum.lean ==
⚠ [1279/1462] Replayed ZhangLS.Spec.RealDirichletCharacter
warning: ZhangLS/Spec/RealDirichletCharacter.lean:48:4: try 'simp' instead of 'simpa'

Note: This linter can be disabled with `set_option linter.unnecessarySimpa false`
Build completed successfully (3518 jobs).
== kernel-check ZhangLS/Spec/Lemma44MiddleContour.lean ==
⚠ [1279/1464] Replayed ZhangLS.Spec.RealDirichletCharacter
warning: ZhangLS/Spec/RealDirichletCharacter.lean:48:4: try 'simp' instead of 'simpa'

Note: This linter can be disabled with `set_option linter.unnecessarySimpa false`
⚠ [1280/1464] Replayed ZhangLS.Spec.Lemma44CharacterProduct
warning: ZhangLS/Spec/Lemma44CharacterProduct.lean:55:38: This simp argument is unused:
  mul_comm

Hint: Omit it from the simp argument list.
  simp [̵m̵u̵l̵_̵c̵o̵m̵m̵,̵ ̵m̵u̵l̵_̵l̵e̵f̵t̵_̵c̵o̵m̵m̵,̵[̲m̲u̲l̲_̲l̲e̲f̲t̲_̲c̲o̲m̲m̲,̲ mul_assoc]

Note: This linter can be disabled with `set_option linter.unusedSimpArgs false`
warning: ZhangLS/Spec/Lemma44CharacterProduct.lean:55:48: This simp argument is unused:
  mul_left_comm

Hint: Omit it from the simp argument list.
  simp [mul_comm, mul_l̵e̵f̵t̵_̵c̵o̵m̵m̵,̵ ̵m̵u̵l̵_̵assoc]

Note: This linter can be disabled with `set_option linter.unusedSimpArgs false`
⚠ [2474/2810] Replayed ZhangLS.Spec.Lemma23AnalyticLogBranch
warning: ZhangLS/Spec/Lemma23AnalyticLogBranch.lean:42:53: try 'simp' instead of 'simpa'

Note: This linter can be disabled with `set_option linter.unnecessarySimpa false`
warning: ZhangLS/Spec/Lemma23AnalyticLogBranch.lean:67:44: try 'simp' instead of 'simpa'

Note: This linter can be disabled with `set_option linter.unnecessarySimpa false`
⚠ [3462/3648] Replayed ZhangLS.Spec.RealAxisAtOne
warning: ZhangLS/Spec/RealAxisAtOne.lean:56:4: try 'simp' instead of 'simpa'

Note: This linter can be disabled with `set_option linter.unnecessarySimpa false`
⚠ [3464/3648] Replayed ZhangLS.Spec.Lemma57
warning: ZhangLS/Spec/Lemma57.lean:101:58: unused variable `hD`

Note: This linter can be disabled with `set_option linter.unusedVariables false`
warning: ZhangLS/Spec/Lemma57.lean:102:7: unused variable `hA`

Note: This linter can be disabled with `set_option linter.unusedVariables false`
⚠ [3465/3648] Replayed ZhangLS.Spec.Lemma57Arithmetic
warning: ZhangLS/Spec/Lemma57Arithmetic.lean:55:15: unused variable `hc_g`

Note: This linter can be disabled with `set_option linter.unusedVariables false`
⚠ [3470/3648] Replayed ZhangLS.Spec.Lemma57SmoothedSum
warning: ZhangLS/Spec/Lemma57SmoothedSum.lean:42:46: unused variable `hD`

Note: This linter can be disabled with `set_option linter.unusedVariables false`
⚠ [3479/3648] Replayed ZhangLS.Spec.Lemma57GaussianGlobal
warning: ZhangLS/Spec/Lemma57GaussianGlobal.lean:55:58: unused variable `ha`

Note: This linter can be disabled with `set_option linter.unusedVariables false`
warning: ZhangLS/Spec/Lemma57GaussianGlobal.lean:241:13: unused variable `hD`

Note: This linter can be disabled with `set_option linter.unusedVariables false`
warning: ZhangLS/Spec/Lemma57GaussianGlobal.lean:241:34: unused variable `hx`

Note: This linter can be disabled with `set_option linter.unusedVariables false`
⚠ [3480/3648] Replayed ZhangLS.Spec.Lemma57SmoothedSummability
warning: ZhangLS/Spec/Lemma57SmoothedSummability.lean:20:52: unused variable `hn`

Note: This linter can be disabled with `set_option linter.unusedVariables false`
⚠ [3485/3648] Replayed ZhangLS.Spec.Lemma57GaussianMellinTransform
warning: ZhangLS/Spec/Lemma57GaussianMellinTransform.lean:67:63: Used `tac1 <;> tac2` where `(tac1; tac2)` would suffice

Note: This linter can be disabled with `set_option linter.unnecessarySeqFocus false`
warning: ZhangLS/Spec/Lemma57GaussianMellinTransform.lean:145:54: Used `tac1 <;> tac2` where `(tac1; tac2)` would suffice

Note: This linter can be disabled with `set_option linter.unnecessarySeqFocus false`
warning: ZhangLS/Spec/Lemma57GaussianMellinTransform.lean:326:4: Try `simp at hs` instead of `simpa using hs`

Note: This linter can be disabled with `set_option linter.unnecessarySimpa false`
⚠ [3499/3648] Replayed ZhangLS.Spec.RiemannZetaCriticalLineBound
warning: ZhangLS/Spec/RiemannZetaCriticalLineBound.lean:99:2: Used `tac1 <;> tac2` where `(tac1; tac2)` would suffice

Note: This linter can be disabled with `set_option linter.unnecessarySeqFocus false`
warning: ZhangLS/Spec/RiemannZetaCriticalLineBound.lean:124:13: unused variable `hs`

Note: This linter can be disabled with `set_option linter.unusedVariables false`
warning: ZhangLS/Spec/RiemannZetaCriticalLineBound.lean:152:6: unused variable `n`

Note: This linter can be disabled with `set_option linter.unusedVariables false`
warning: ZhangLS/Spec/RiemannZetaCriticalLineBound.lean:156:20: unused variable `k`

Note: This linter can be disabled with `set_option linter.unusedVariables false`
warning: ZhangLS/Spec/RiemannZetaCriticalLineBound.lean:161:8: This simp argument is unused:
  sum_one_Icc

Hint: Omit it from the simp argument list.
  simp ̵[̵s̵u̵m̵_̵o̵n̵e̵_̵I̵c̵c̵]̵

Note: This linter can be disabled with `set_option linter.unusedSimpArgs false`
warning: ZhangLS/Spec/RiemannZetaCriticalLineBound.lean:242:12: 'ring' tactic does nothing

Note: This linter can be disabled with `set_option linter.unusedTactic false`
warning: ZhangLS/Spec/RiemannZetaCriticalLineBound.lean:242:12: this tactic is never executed

Note: This linter can be disabled with `set_option linter.unreachableTactic false`
warning: ZhangLS/Spec/RiemannZetaCriticalLineBound.lean:219:41: Used `tac1 <;> tac2` where `(tac1; tac2)` would suffice

Note: This linter can be disabled with `set_option linter.unnecessarySeqFocus false`
warning: ZhangLS/Spec/RiemannZetaCriticalLineBound.lean:303:8: 'ring' tactic does nothing

Note: This linter can be disabled with `set_option linter.unusedTactic false`
warning: ZhangLS/Spec/RiemannZetaCriticalLineBound.lean:303:8: this tactic is never executed

Note: This linter can be disabled with `set_option linter.unreachableTactic false`
warning: ZhangLS/Spec/RiemannZetaCriticalLineBound.lean:394:12: This simp argument is unused:
  norm_div

Hint: Omit it from the simp argument list.
  simp ̵[̵n̵o̵r̵m̵_̵d̵i̵v̵]̵

Note: This linter can be disabled with `set_option linter.unusedSimpArgs false`
warning: ZhangLS/Spec/RiemannZetaCriticalLineBound.lean:475:75: This simp argument is unused:
  norm_div

Hint: Omit it from the simp argument list.
  simp ̵[̵n̵o̵r̵m̵_̵d̵i̵v̵]̵

Note: This linter can be disabled with `set_option linter.unusedSimpArgs false`
⚠ [3500/3648] Replayed ZhangLS.Spec.Lemma57CriticalStripGrowth
warning: ZhangLS/Spec/Lemma57CriticalStripGrowth.lean:270:14: This simp argument is unused:
  norm_div

Hint: Omit it from the simp argument list.
  simp ̵[̵n̵o̵r̵m̵_̵d̵i̵v̵]̵

Note: This linter can be disabled with `set_option linter.unusedSimpArgs false`
⚠ [3507/3648] Replayed ZhangLS.Spec.Lemma23DirichletConjugation
warning: ZhangLS/Spec/Lemma23DirichletConjugation.lean:23:0: automatically included section variable(s) unused in theorem `ZhangLS.Spec.dirichletLSeries_inv_eq_conj_at_conj`:
  [NeZero N]
consider restructuring your `variable` declarations so that the variables are not in scope or explicitly omit them:
  omit [NeZero N] in theorem ...

Note: This linter can be disabled with `set_option linter.unusedSectionVars false`
⚠ [3509/3648] Replayed ZhangLS.Spec.Lemma23PrimitiveGaussSum
warning: ZhangLS/Spec/Lemma23PrimitiveGaussSum.lean:42:19: Used `tac1 <;> tac2` where `(tac1; tac2)` would suffice

Note: This linter can be disabled with `set_option linter.unnecessarySeqFocus false`
⚠ [3510/3648] Replayed ZhangLS.Spec.Lemma23DirichletUnitModulus
warning: ZhangLS/Spec/Lemma23DirichletUnitModulus.lean:112:48: Used `tac1 <;> tac2` where `(tac1; tac2)` would suffice

Note: This linter can be disabled with `set_option linter.unnecessarySeqFocus false`
⚠ [3646/3648] Replayed ZhangLS.Spec.Lemma44ReflectedLongSum
warning: ZhangLS/Spec/Lemma44ReflectedLongSum.lean:81:64: Used `tac1 <;> tac2` where `(tac1; tac2)` would suffice

Note: This linter can be disabled with `set_option linter.unnecessarySeqFocus false`
Build completed successfully (3648 jobs).
== kernel-check ZhangLS/Spec/Lemma44ModulusControl.lean ==
⚠ [1279/1351] Replayed ZhangLS.Spec.RealDirichletCharacter
warning: ZhangLS/Spec/RealDirichletCharacter.lean:48:4: try 'simp' instead of 'simpa'

Note: This linter can be disabled with `set_option linter.unnecessarySimpa false`
⚠ [1280/1351] Replayed ZhangLS.Spec.Lemma44CharacterProduct
warning: ZhangLS/Spec/Lemma44CharacterProduct.lean:55:38: This simp argument is unused:
  mul_comm

Hint: Omit it from the simp argument list.
  simp [̵m̵u̵l̵_̵c̵o̵m̵m̵,̵ ̵m̵u̵l̵_̵l̵e̵f̵t̵_̵c̵o̵m̵m̵,̵[̲m̲u̲l̲_̲l̲e̲f̲t̲_̲c̲o̲m̲m̲,̲ mul_assoc]

Note: This linter can be disabled with `set_option linter.unusedSimpArgs false`
warning: ZhangLS/Spec/Lemma44CharacterProduct.lean:55:48: This simp argument is unused:
  mul_left_comm

Hint: Omit it from the simp argument list.
  simp [mul_comm, mul_l̵e̵f̵t̵_̵c̵o̵m̵m̵,̵ ̵m̵u̵l̵_̵assoc]

Note: This linter can be disabled with `set_option linter.unusedSimpArgs false`
⚠ [2474/2572] Replayed ZhangLS.Spec.Lemma23AnalyticLogBranch
warning: ZhangLS/Spec/Lemma23AnalyticLogBranch.lean:42:53: try 'simp' instead of 'simpa'

Note: This linter can be disabled with `set_option linter.unnecessarySimpa false`
warning: ZhangLS/Spec/Lemma23AnalyticLogBranch.lean:67:44: try 'simp' instead of 'simpa'

Note: This linter can be disabled with `set_option linter.unnecessarySimpa false`
⚠ [3462/3645] Replayed ZhangLS.Spec.RealAxisAtOne
warning: ZhangLS/Spec/RealAxisAtOne.lean:56:4: try 'simp' instead of 'simpa'

Note: This linter can be disabled with `set_option linter.unnecessarySimpa false`
⚠ [3464/3645] Replayed ZhangLS.Spec.Lemma57
warning: ZhangLS/Spec/Lemma57.lean:101:58: unused variable `hD`

Note: This linter can be disabled with `set_option linter.unusedVariables false`
warning: ZhangLS/Spec/Lemma57.lean:102:7: unused variable `hA`

Note: This linter can be disabled with `set_option linter.unusedVariables false`
⚠ [3465/3645] Replayed ZhangLS.Spec.Lemma57Arithmetic
warning: ZhangLS/Spec/Lemma57Arithmetic.lean:55:15: unused variable `hc_g`

Note: This linter can be disabled with `set_option linter.unusedVariables false`
⚠ [3470/3645] Replayed ZhangLS.Spec.Lemma57SmoothedSum
warning: ZhangLS/Spec/Lemma57SmoothedSum.lean:42:46: unused variable `hD`

Note: This linter can be disabled with `set_option linter.unusedVariables false`
⚠ [3479/3645] Replayed ZhangLS.Spec.Lemma57GaussianGlobal
warning: ZhangLS/Spec/Lemma57GaussianGlobal.lean:55:58: unused variable `ha`

Note: This linter can be disabled with `set_option linter.unusedVariables false`
warning: ZhangLS/Spec/Lemma57GaussianGlobal.lean:241:13: unused variable `hD`

Note: This linter can be disabled with `set_option linter.unusedVariables false`
warning: ZhangLS/Spec/Lemma57GaussianGlobal.lean:241:34: unused variable `hx`

Note: This linter can be disabled with `set_option linter.unusedVariables false`
⚠ [3480/3645] Replayed ZhangLS.Spec.Lemma57SmoothedSummability
warning: ZhangLS/Spec/Lemma57SmoothedSummability.lean:20:52: unused variable `hn`

Note: This linter can be disabled with `set_option linter.unusedVariables false`
⚠ [3485/3645] Replayed ZhangLS.Spec.Lemma57GaussianMellinTransform
warning: ZhangLS/Spec/Lemma57GaussianMellinTransform.lean:67:63: Used `tac1 <;> tac2` where `(tac1; tac2)` would suffice

Note: This linter can be disabled with `set_option linter.unnecessarySeqFocus false`
warning: ZhangLS/Spec/Lemma57GaussianMellinTransform.lean:145:54: Used `tac1 <;> tac2` where `(tac1; tac2)` would suffice

Note: This linter can be disabled with `set_option linter.unnecessarySeqFocus false`
warning: ZhangLS/Spec/Lemma57GaussianMellinTransform.lean:326:4: Try `simp at hs` instead of `simpa using hs`

Note: This linter can be disabled with `set_option linter.unnecessarySimpa false`
⚠ [3499/3645] Replayed ZhangLS.Spec.RiemannZetaCriticalLineBound
warning: ZhangLS/Spec/RiemannZetaCriticalLineBound.lean:99:2: Used `tac1 <;> tac2` where `(tac1; tac2)` would suffice

Note: This linter can be disabled with `set_option linter.unnecessarySeqFocus false`
warning: ZhangLS/Spec/RiemannZetaCriticalLineBound.lean:124:13: unused variable `hs`

Note: This linter can be disabled with `set_option linter.unusedVariables false`
warning: ZhangLS/Spec/RiemannZetaCriticalLineBound.lean:152:6: unused variable `n`

Note: This linter can be disabled with `set_option linter.unusedVariables false`
warning: ZhangLS/Spec/RiemannZetaCriticalLineBound.lean:156:20: unused variable `k`

Note: This linter can be disabled with `set_option linter.unusedVariables false`
warning: ZhangLS/Spec/RiemannZetaCriticalLineBound.lean:161:8: This simp argument is unused:
  sum_one_Icc

Hint: Omit it from the simp argument list.
  simp ̵[̵s̵u̵m̵_̵o̵n̵e̵_̵I̵c̵c̵]̵

Note: This linter can be disabled with `set_option linter.unusedSimpArgs false`
warning: ZhangLS/Spec/RiemannZetaCriticalLineBound.lean:242:12: 'ring' tactic does nothing

Note: This linter can be disabled with `set_option linter.unusedTactic false`
warning: ZhangLS/Spec/RiemannZetaCriticalLineBound.lean:242:12: this tactic is never executed

Note: This linter can be disabled with `set_option linter.unreachableTactic false`
warning: ZhangLS/Spec/RiemannZetaCriticalLineBound.lean:219:41: Used `tac1 <;> tac2` where `(tac1; tac2)` would suffice

Note: This linter can be disabled with `set_option linter.unnecessarySeqFocus false`
warning: ZhangLS/Spec/RiemannZetaCriticalLineBound.lean:303:8: 'ring' tactic does nothing

Note: This linter can be disabled with `set_option linter.unusedTactic false`
warning: ZhangLS/Spec/RiemannZetaCriticalLineBound.lean:303:8: this tactic is never executed

Note: This linter can be disabled with `set_option linter.unreachableTactic false`
warning: ZhangLS/Spec/RiemannZetaCriticalLineBound.lean:394:12: This simp argument is unused:
  norm_div

Hint: Omit it from the simp argument list.
  simp ̵[̵n̵o̵r̵m̵_̵d̵i̵v̵]̵

Note: This linter can be disabled with `set_option linter.unusedSimpArgs false`
warning: ZhangLS/Spec/RiemannZetaCriticalLineBound.lean:475:75: This simp argument is unused:
  norm_div

Hint: Omit it from the simp argument list.
  simp ̵[̵n̵o̵r̵m̵_̵d̵i̵v̵]̵

Note: This linter can be disabled with `set_option linter.unusedSimpArgs false`
⚠ [3500/3645] Replayed ZhangLS.Spec.Lemma57CriticalStripGrowth
warning: ZhangLS/Spec/Lemma57CriticalStripGrowth.lean:270:14: This simp argument is unused:
  norm_div

Hint: Omit it from the simp argument list.
  simp ̵[̵n̵o̵r̵m̵_̵d̵i̵v̵]̵

Note: This linter can be disabled with `set_option linter.unusedSimpArgs false`
⚠ [3507/3645] Replayed ZhangLS.Spec.Lemma23DirichletConjugation
warning: ZhangLS/Spec/Lemma23DirichletConjugation.lean:23:0: automatically included section variable(s) unused in theorem `ZhangLS.Spec.dirichletLSeries_inv_eq_conj_at_conj`:
  [NeZero N]
consider restructuring your `variable` declarations so that the variables are not in scope or explicitly omit them:
  omit [NeZero N] in theorem ...

Note: This linter can be disabled with `set_option linter.unusedSectionVars false`
⚠ [3509/3645] Replayed ZhangLS.Spec.Lemma23PrimitiveGaussSum
warning: ZhangLS/Spec/Lemma23PrimitiveGaussSum.lean:42:19: Used `tac1 <;> tac2` where `(tac1; tac2)` would suffice

Note: This linter can be disabled with `set_option linter.unnecessarySeqFocus false`
⚠ [3510/3645] Replayed ZhangLS.Spec.Lemma23DirichletUnitModulus
warning: ZhangLS/Spec/Lemma23DirichletUnitModulus.lean:112:48: Used `tac1 <;> tac2` where `(tac1; tac2)` would suffice

Note: This linter can be disabled with `set_option linter.unnecessarySeqFocus false`
Build completed successfully (3645 jobs).
== kernel-check ZhangLS/Spec/Lemma44PolynomialGrowth.lean ==
⚠ [1279/1399] Replayed ZhangLS.Spec.RealDirichletCharacter
warning: ZhangLS/Spec/RealDirichletCharacter.lean:48:4: try 'simp' instead of 'simpa'

Note: This linter can be disabled with `set_option linter.unnecessarySimpa false`
⚠ [3433/3660] Replayed ZhangLS.Spec.Lemma44ComplexCharacterAbel
warning: ZhangLS/Spec/Lemma44ComplexCharacterAbel.lean:73:56: unused variable `hD`

Note: This linter can be disabled with `set_option linter.unusedVariables false`
⚠ [3434/3660] Replayed ZhangLS.Spec.Lemma44CharacterProduct
warning: ZhangLS/Spec/Lemma44CharacterProduct.lean:55:38: This simp argument is unused:
  mul_comm

Hint: Omit it from the simp argument list.
  simp [̵m̵u̵l̵_̵c̵o̵m̵m̵,̵ ̵m̵u̵l̵_̵l̵e̵f̵t̵_̵c̵o̵m̵m̵,̵[̲m̲u̲l̲_̲l̲e̲f̲t̲_̲c̲o̲m̲m̲,̲ mul_assoc]

Note: This linter can be disabled with `set_option linter.unusedSimpArgs false`
warning: ZhangLS/Spec/Lemma44CharacterProduct.lean:55:48: This simp argument is unused:
  mul_left_comm

Hint: Omit it from the simp argument list.
  simp [mul_comm, mul_l̵e̵f̵t̵_̵c̵o̵m̵m̵,̵ ̵m̵u̵l̵_̵assoc]

Note: This linter can be disabled with `set_option linter.unusedSimpArgs false`
⚠ [3459/3660] Replayed ZhangLS.Spec.Lemma23AnalyticLogBranch
warning: ZhangLS/Spec/Lemma23AnalyticLogBranch.lean:42:53: try 'simp' instead of 'simpa'

Note: This linter can be disabled with `set_option linter.unnecessarySimpa false`
warning: ZhangLS/Spec/Lemma23AnalyticLogBranch.lean:67:44: try 'simp' instead of 'simpa'

Note: This linter can be disabled with `set_option linter.unnecessarySimpa false`
⚠ [3471/3660] Replayed ZhangLS.Spec.RealAxisAtOne
warning: ZhangLS/Spec/RealAxisAtOne.lean:56:4: try 'simp' instead of 'simpa'

Note: This linter can be disabled with `set_option linter.unnecessarySimpa false`
⚠ [3473/3660] Replayed ZhangLS.Spec.Lemma57
warning: ZhangLS/Spec/Lemma57.lean:101:58: unused variable `hD`

Note: This linter can be disabled with `set_option linter.unusedVariables false`
warning: ZhangLS/Spec/Lemma57.lean:102:7: unused variable `hA`

Note: This linter can be disabled with `set_option linter.unusedVariables false`
⚠ [3474/3660] Replayed ZhangLS.Spec.Lemma57Arithmetic
warning: ZhangLS/Spec/Lemma57Arithmetic.lean:55:15: unused variable `hc_g`

Note: This linter can be disabled with `set_option linter.unusedVariables false`
⚠ [3479/3660] Replayed ZhangLS.Spec.Lemma57SmoothedSum
warning: ZhangLS/Spec/Lemma57SmoothedSum.lean:42:46: unused variable `hD`

Note: This linter can be disabled with `set_option linter.unusedVariables false`
⚠ [3488/3660] Replayed ZhangLS.Spec.Lemma57GaussianGlobal
warning: ZhangLS/Spec/Lemma57GaussianGlobal.lean:55:58: unused variable `ha`

Note: This linter can be disabled with `set_option linter.unusedVariables false`
warning: ZhangLS/Spec/Lemma57GaussianGlobal.lean:241:13: unused variable `hD`

Note: This linter can be disabled with `set_option linter.unusedVariables false`
warning: ZhangLS/Spec/Lemma57GaussianGlobal.lean:241:34: unused variable `hx`

Note: This linter can be disabled with `set_option linter.unusedVariables false`
⚠ [3489/3660] Replayed ZhangLS.Spec.Lemma57SmoothedSummability
warning: ZhangLS/Spec/Lemma57SmoothedSummability.lean:20:52: unused variable `hn`

Note: This linter can be disabled with `set_option linter.unusedVariables false`
⚠ [3494/3660] Replayed ZhangLS.Spec.Lemma57GaussianMellinTransform
warning: ZhangLS/Spec/Lemma57GaussianMellinTransform.lean:67:63: Used `tac1 <;> tac2` where `(tac1; tac2)` would suffice

Note: This linter can be disabled with `set_option linter.unnecessarySeqFocus false`
warning: ZhangLS/Spec/Lemma57GaussianMellinTransform.lean:145:54: Used `tac1 <;> tac2` where `(tac1; tac2)` would suffice

Note: This linter can be disabled with `set_option linter.unnecessarySeqFocus false`
warning: ZhangLS/Spec/Lemma57GaussianMellinTransform.lean:326:4: Try `simp at hs` instead of `simpa using hs`

Note: This linter can be disabled with `set_option linter.unnecessarySimpa false`
⚠ [3500/3660] Replayed ZhangLS.Spec.RiemannZetaCriticalLineBound
warning: ZhangLS/Spec/RiemannZetaCriticalLineBound.lean:99:2: Used `tac1 <;> tac2` where `(tac1; tac2)` would suffice

Note: This linter can be disabled with `set_option linter.unnecessarySeqFocus false`
warning: ZhangLS/Spec/RiemannZetaCriticalLineBound.lean:124:13: unused variable `hs`

Note: This linter can be disabled with `set_option linter.unusedVariables false`
warning: ZhangLS/Spec/RiemannZetaCriticalLineBound.lean:152:6: unused variable `n`

Note: This linter can be disabled with `set_option linter.unusedVariables false`
warning: ZhangLS/Spec/RiemannZetaCriticalLineBound.lean:156:20: unused variable `k`

Note: This linter can be disabled with `set_option linter.unusedVariables false`
warning: ZhangLS/Spec/RiemannZetaCriticalLineBound.lean:161:8: This simp argument is unused:
  sum_one_Icc

Hint: Omit it from the simp argument list.
  simp ̵[̵s̵u̵m̵_̵o̵n̵e̵_̵I̵c̵c̵]̵

Note: This linter can be disabled with `set_option linter.unusedSimpArgs false`
warning: ZhangLS/Spec/RiemannZetaCriticalLineBound.lean:242:12: 'ring' tactic does nothing

Note: This linter can be disabled with `set_option linter.unusedTactic false`
warning: ZhangLS/Spec/RiemannZetaCriticalLineBound.lean:242:12: this tactic is never executed

Note: This linter can be disabled with `set_option linter.unreachableTactic false`
warning: ZhangLS/Spec/RiemannZetaCriticalLineBound.lean:219:41: Used `tac1 <;> tac2` where `(tac1; tac2)` would suffice

Note: This linter can be disabled with `set_option linter.unnecessarySeqFocus false`
warning: ZhangLS/Spec/RiemannZetaCriticalLineBound.lean:303:8: 'ring' tactic does nothing

Note: This linter can be disabled with `set_option linter.unusedTactic false`
warning: ZhangLS/Spec/RiemannZetaCriticalLineBound.lean:303:8: this tactic is never executed

Note: This linter can be disabled with `set_option linter.unreachableTactic false`
warning: ZhangLS/Spec/RiemannZetaCriticalLineBound.lean:394:12: This simp argument is unused:
  norm_div

Hint: Omit it from the simp argument list.
  simp ̵[̵n̵o̵r̵m̵_̵d̵i̵v̵]̵

Note: This linter can be disabled with `set_option linter.unusedSimpArgs false`
warning: ZhangLS/Spec/RiemannZetaCriticalLineBound.lean:475:75: This simp argument is unused:
  norm_div

Hint: Omit it from the simp argument list.
  simp ̵[̵n̵o̵r̵m̵_̵d̵i̵v̵]̵

Note: This linter can be disabled with `set_option linter.unusedSimpArgs false`
⚠ [3501/3660] Replayed ZhangLS.Spec.Lemma57CriticalStripGrowth
warning: ZhangLS/Spec/Lemma57CriticalStripGrowth.lean:270:14: This simp argument is unused:
  norm_div

Hint: Omit it from the simp argument list.
  simp ̵[̵n̵o̵r̵m̵_̵d̵i̵v̵]̵

Note: This linter can be disabled with `set_option linter.unusedSimpArgs false`
⚠ [3508/3660] Replayed ZhangLS.Spec.Lemma23DirichletConjugation
warning: ZhangLS/Spec/Lemma23DirichletConjugation.lean:23:0: automatically included section variable(s) unused in theorem `ZhangLS.Spec.dirichletLSeries_inv_eq_conj_at_conj`:
  [NeZero N]
consider restructuring your `variable` declarations so that the variables are not in scope or explicitly omit them:
  omit [NeZero N] in theorem ...

Note: This linter can be disabled with `set_option linter.unusedSectionVars false`
⚠ [3510/3660] Replayed ZhangLS.Spec.Lemma23PrimitiveGaussSum
warning: ZhangLS/Spec/Lemma23PrimitiveGaussSum.lean:42:19: Used `tac1 <;> tac2` where `(tac1; tac2)` would suffice

Note: This linter can be disabled with `set_option linter.unnecessarySeqFocus false`
⚠ [3511/3660] Replayed ZhangLS.Spec.Lemma23DirichletUnitModulus
warning: ZhangLS/Spec/Lemma23DirichletUnitModulus.lean:112:48: Used `tac1 <;> tac2` where `(tac1; tac2)` would suffice

Note: This linter can be disabled with `set_option linter.unnecessarySeqFocus false`
⚠ [3648/3660] Replayed ZhangLS.Spec.Lemma44ProductMellin
warning: ZhangLS/Spec/Lemma44ProductMellin.lean:144:4: try 'simp' instead of 'simpa'

Note: This linter can be disabled with `set_option linter.unnecessarySimpa false`
⚠ [3652/3660] Replayed ZhangLS.Spec.Lemma44RightMellinApproximation
warning: ZhangLS/Spec/Lemma44RightMellinApproximation.lean:37:4: try 'simp' instead of 'simpa'

Note: This linter can be disabled with `set_option linter.unnecessarySimpa false`
⚠ [3656/3660] Replayed ZhangLS.Spec.Lemma44ReflectedLongSum
warning: ZhangLS/Spec/Lemma44ReflectedLongSum.lean:81:64: Used `tac1 <;> tac2` where `(tac1; tac2)` would suffice

Note: This linter can be disabled with `set_option linter.unnecessarySeqFocus false`
⚠ [3658/3660] Replayed ZhangLS.Spec.Lemma44InitialLeftEstimates
warning: ZhangLS/Spec/Lemma44InitialLeftEstimates.lean:68:23: Used `tac1 <;> tac2` where `(tac1; tac2)` would suffice

Note: This linter can be disabled with `set_option linter.unnecessarySeqFocus false`
⚠ [3659/3660] Replayed ZhangLS.Spec.Lemma44HorizontalGrowth
warning: ZhangLS/Spec/Lemma44HorizontalGrowth.lean:147:6: 'push_cast' tactic does nothing

Note: This linter can be disabled with `set_option linter.unusedTactic false`
Build completed successfully (3660 jobs).
== kernel-check ZhangLS/Spec/Lemma44ProductDirichletSeries.lean ==
⚠ [1279/1422] Replayed ZhangLS.Spec.RealDirichletCharacter
warning: ZhangLS/Spec/RealDirichletCharacter.lean:48:4: try 'simp' instead of 'simpa'

Note: This linter can be disabled with `set_option linter.unnecessarySimpa false`
⚠ [1280/1422] Replayed ZhangLS.Spec.Lemma44CharacterProduct
warning: ZhangLS/Spec/Lemma44CharacterProduct.lean:55:38: This simp argument is unused:
  mul_comm

Hint: Omit it from the simp argument list.
  simp [̵m̵u̵l̵_̵c̵o̵m̵m̵,̵ ̵m̵u̵l̵_̵l̵e̵f̵t̵_̵c̵o̵m̵m̵,̵[̲m̲u̲l̲_̲l̲e̲f̲t̲_̲c̲o̲m̲m̲,̲ mul_assoc]

Note: This linter can be disabled with `set_option linter.unusedSimpArgs false`
warning: ZhangLS/Spec/Lemma44CharacterProduct.lean:55:48: This simp argument is unused:
  mul_left_comm

Hint: Omit it from the simp argument list.
  simp [mul_comm, mul_l̵e̵f̵t̵_̵c̵o̵m̵m̵,̵ ̵m̵u̵l̵_̵assoc]

Note: This linter can be disabled with `set_option linter.unusedSimpArgs false`
⚠ [2474/2721] Replayed ZhangLS.Spec.Lemma23AnalyticLogBranch
warning: ZhangLS/Spec/Lemma23AnalyticLogBranch.lean:42:53: try 'simp' instead of 'simpa'

Note: This linter can be disabled with `set_option linter.unnecessarySimpa false`
warning: ZhangLS/Spec/Lemma23AnalyticLogBranch.lean:67:44: try 'simp' instead of 'simpa'

Note: This linter can be disabled with `set_option linter.unnecessarySimpa false`
⚠ [3462/3642] Replayed ZhangLS.Spec.RealAxisAtOne
warning: ZhangLS/Spec/RealAxisAtOne.lean:56:4: try 'simp' instead of 'simpa'

Note: This linter can be disabled with `set_option linter.unnecessarySimpa false`
⚠ [3464/3642] Replayed ZhangLS.Spec.Lemma57
warning: ZhangLS/Spec/Lemma57.lean:101:58: unused variable `hD`

Note: This linter can be disabled with `set_option linter.unusedVariables false`
warning: ZhangLS/Spec/Lemma57.lean:102:7: unused variable `hA`

Note: This linter can be disabled with `set_option linter.unusedVariables false`
⚠ [3465/3642] Replayed ZhangLS.Spec.Lemma57Arithmetic
warning: ZhangLS/Spec/Lemma57Arithmetic.lean:55:15: unused variable `hc_g`

Note: This linter can be disabled with `set_option linter.unusedVariables false`
⚠ [3470/3642] Replayed ZhangLS.Spec.Lemma57SmoothedSum
warning: ZhangLS/Spec/Lemma57SmoothedSum.lean:42:46: unused variable `hD`

Note: This linter can be disabled with `set_option linter.unusedVariables false`
⚠ [3479/3642] Replayed ZhangLS.Spec.Lemma57GaussianGlobal
warning: ZhangLS/Spec/Lemma57GaussianGlobal.lean:55:58: unused variable `ha`

Note: This linter can be disabled with `set_option linter.unusedVariables false`
warning: ZhangLS/Spec/Lemma57GaussianGlobal.lean:241:13: unused variable `hD`

Note: This linter can be disabled with `set_option linter.unusedVariables false`
warning: ZhangLS/Spec/Lemma57GaussianGlobal.lean:241:34: unused variable `hx`

Note: This linter can be disabled with `set_option linter.unusedVariables false`
⚠ [3480/3642] Replayed ZhangLS.Spec.Lemma57SmoothedSummability
warning: ZhangLS/Spec/Lemma57SmoothedSummability.lean:20:52: unused variable `hn`

Note: This linter can be disabled with `set_option linter.unusedVariables false`
⚠ [3485/3642] Replayed ZhangLS.Spec.Lemma57GaussianMellinTransform
warning: ZhangLS/Spec/Lemma57GaussianMellinTransform.lean:67:63: Used `tac1 <;> tac2` where `(tac1; tac2)` would suffice

Note: This linter can be disabled with `set_option linter.unnecessarySeqFocus false`
warning: ZhangLS/Spec/Lemma57GaussianMellinTransform.lean:145:54: Used `tac1 <;> tac2` where `(tac1; tac2)` would suffice

Note: This linter can be disabled with `set_option linter.unnecessarySeqFocus false`
warning: ZhangLS/Spec/Lemma57GaussianMellinTransform.lean:326:4: Try `simp at hs` instead of `simpa using hs`

Note: This linter can be disabled with `set_option linter.unnecessarySimpa false`
⚠ [3499/3642] Replayed ZhangLS.Spec.RiemannZetaCriticalLineBound
warning: ZhangLS/Spec/RiemannZetaCriticalLineBound.lean:99:2: Used `tac1 <;> tac2` where `(tac1; tac2)` would suffice

Note: This linter can be disabled with `set_option linter.unnecessarySeqFocus false`
warning: ZhangLS/Spec/RiemannZetaCriticalLineBound.lean:124:13: unused variable `hs`

Note: This linter can be disabled with `set_option linter.unusedVariables false`
warning: ZhangLS/Spec/RiemannZetaCriticalLineBound.lean:152:6: unused variable `n`

Note: This linter can be disabled with `set_option linter.unusedVariables false`
warning: ZhangLS/Spec/RiemannZetaCriticalLineBound.lean:156:20: unused variable `k`

Note: This linter can be disabled with `set_option linter.unusedVariables false`
warning: ZhangLS/Spec/RiemannZetaCriticalLineBound.lean:161:8: This simp argument is unused:
  sum_one_Icc

Hint: Omit it from the simp argument list.
  simp ̵[̵s̵u̵m̵_̵o̵n̵e̵_̵I̵c̵c̵]̵

Note: This linter can be disabled with `set_option linter.unusedSimpArgs false`
warning: ZhangLS/Spec/RiemannZetaCriticalLineBound.lean:242:12: 'ring' tactic does nothing

Note: This linter can be disabled with `set_option linter.unusedTactic false`
warning: ZhangLS/Spec/RiemannZetaCriticalLineBound.lean:242:12: this tactic is never executed

Note: This linter can be disabled with `set_option linter.unreachableTactic false`
warning: ZhangLS/Spec/RiemannZetaCriticalLineBound.lean:219:41: Used `tac1 <;> tac2` where `(tac1; tac2)` would suffice

Note: This linter can be disabled with `set_option linter.unnecessarySeqFocus false`
warning: ZhangLS/Spec/RiemannZetaCriticalLineBound.lean:303:8: 'ring' tactic does nothing

Note: This linter can be disabled with `set_option linter.unusedTactic false`
warning: ZhangLS/Spec/RiemannZetaCriticalLineBound.lean:303:8: this tactic is never executed

Note: This linter can be disabled with `set_option linter.unreachableTactic false`
warning: ZhangLS/Spec/RiemannZetaCriticalLineBound.lean:394:12: This simp argument is unused:
  norm_div

Hint: Omit it from the simp argument list.
  simp ̵[̵n̵o̵r̵m̵_̵d̵i̵v̵]̵

Note: This linter can be disabled with `set_option linter.unusedSimpArgs false`
warning: ZhangLS/Spec/RiemannZetaCriticalLineBound.lean:475:75: This simp argument is unused:
  norm_div

Hint: Omit it from the simp argument list.
  simp ̵[̵n̵o̵r̵m̵_̵d̵i̵v̵]̵

Note: This linter can be disabled with `set_option linter.unusedSimpArgs false`
⚠ [3500/3642] Replayed ZhangLS.Spec.Lemma57CriticalStripGrowth
warning: ZhangLS/Spec/Lemma57CriticalStripGrowth.lean:270:14: This simp argument is unused:
  norm_div

Hint: Omit it from the simp argument list.
  simp ̵[̵n̵o̵r̵m̵_̵d̵i̵v̵]̵

Note: This linter can be disabled with `set_option linter.unusedSimpArgs false`
⚠ [3507/3642] Replayed ZhangLS.Spec.Lemma23DirichletConjugation
warning: ZhangLS/Spec/Lemma23DirichletConjugation.lean:23:0: automatically included section variable(s) unused in theorem `ZhangLS.Spec.dirichletLSeries_inv_eq_conj_at_conj`:
  [NeZero N]
consider restructuring your `variable` declarations so that the variables are not in scope or explicitly omit them:
  omit [NeZero N] in theorem ...

Note: This linter can be disabled with `set_option linter.unusedSectionVars false`
⚠ [3509/3642] Replayed ZhangLS.Spec.Lemma23PrimitiveGaussSum
warning: ZhangLS/Spec/Lemma23PrimitiveGaussSum.lean:42:19: Used `tac1 <;> tac2` where `(tac1; tac2)` would suffice

Note: This linter can be disabled with `set_option linter.unnecessarySeqFocus false`
⚠ [3510/3642] Replayed ZhangLS.Spec.Lemma23DirichletUnitModulus
warning: ZhangLS/Spec/Lemma23DirichletUnitModulus.lean:112:48: Used `tac1 <;> tac2` where `(tac1; tac2)` would suffice

Note: This linter can be disabled with `set_option linter.unnecessarySeqFocus false`
Build completed successfully (3642 jobs).
== kernel-check ZhangLS/Spec/Lemma44ProductMellin.lean ==
⚠ [1279/1360] Replayed ZhangLS.Spec.RealDirichletCharacter
warning: ZhangLS/Spec/RealDirichletCharacter.lean:48:4: try 'simp' instead of 'simpa'

Note: This linter can be disabled with `set_option linter.unnecessarySimpa false`
⚠ [1280/1360] Replayed ZhangLS.Spec.Lemma44CharacterProduct
warning: ZhangLS/Spec/Lemma44CharacterProduct.lean:55:38: This simp argument is unused:
  mul_comm

Hint: Omit it from the simp argument list.
  simp [̵m̵u̵l̵_̵c̵o̵m̵m̵,̵ ̵m̵u̵l̵_̵l̵e̵f̵t̵_̵c̵o̵m̵m̵,̵[̲m̲u̲l̲_̲l̲e̲f̲t̲_̲c̲o̲m̲m̲,̲ mul_assoc]

Note: This linter can be disabled with `set_option linter.unusedSimpArgs false`
warning: ZhangLS/Spec/Lemma44CharacterProduct.lean:55:48: This simp argument is unused:
  mul_left_comm

Hint: Omit it from the simp argument list.
  simp [mul_comm, mul_l̵e̵f̵t̵_̵c̵o̵m̵m̵,̵ ̵m̵u̵l̵_̵assoc]

Note: This linter can be disabled with `set_option linter.unusedSimpArgs false`
⚠ [2474/2567] Replayed ZhangLS.Spec.Lemma23AnalyticLogBranch
warning: ZhangLS/Spec/Lemma23AnalyticLogBranch.lean:42:53: try 'simp' instead of 'simpa'

Note: This linter can be disabled with `set_option linter.unnecessarySimpa false`
warning: ZhangLS/Spec/Lemma23AnalyticLogBranch.lean:67:44: try 'simp' instead of 'simpa'

Note: This linter can be disabled with `set_option linter.unnecessarySimpa false`
⚠ [3462/3647] Replayed ZhangLS.Spec.RealAxisAtOne
warning: ZhangLS/Spec/RealAxisAtOne.lean:56:4: try 'simp' instead of 'simpa'

Note: This linter can be disabled with `set_option linter.unnecessarySimpa false`
⚠ [3464/3647] Replayed ZhangLS.Spec.Lemma57
warning: ZhangLS/Spec/Lemma57.lean:101:58: unused variable `hD`

Note: This linter can be disabled with `set_option linter.unusedVariables false`
warning: ZhangLS/Spec/Lemma57.lean:102:7: unused variable `hA`

Note: This linter can be disabled with `set_option linter.unusedVariables false`
⚠ [3465/3647] Replayed ZhangLS.Spec.Lemma57Arithmetic
warning: ZhangLS/Spec/Lemma57Arithmetic.lean:55:15: unused variable `hc_g`

Note: This linter can be disabled with `set_option linter.unusedVariables false`
⚠ [3470/3647] Replayed ZhangLS.Spec.Lemma57SmoothedSum
warning: ZhangLS/Spec/Lemma57SmoothedSum.lean:42:46: unused variable `hD`

Note: This linter can be disabled with `set_option linter.unusedVariables false`
⚠ [3479/3647] Replayed ZhangLS.Spec.Lemma57GaussianGlobal
warning: ZhangLS/Spec/Lemma57GaussianGlobal.lean:55:58: unused variable `ha`

Note: This linter can be disabled with `set_option linter.unusedVariables false`
warning: ZhangLS/Spec/Lemma57GaussianGlobal.lean:241:13: unused variable `hD`

Note: This linter can be disabled with `set_option linter.unusedVariables false`
warning: ZhangLS/Spec/Lemma57GaussianGlobal.lean:241:34: unused variable `hx`

Note: This linter can be disabled with `set_option linter.unusedVariables false`
⚠ [3480/3647] Replayed ZhangLS.Spec.Lemma57SmoothedSummability
warning: ZhangLS/Spec/Lemma57SmoothedSummability.lean:20:52: unused variable `hn`

Note: This linter can be disabled with `set_option linter.unusedVariables false`
⚠ [3485/3647] Replayed ZhangLS.Spec.Lemma57GaussianMellinTransform
warning: ZhangLS/Spec/Lemma57GaussianMellinTransform.lean:67:63: Used `tac1 <;> tac2` where `(tac1; tac2)` would suffice

Note: This linter can be disabled with `set_option linter.unnecessarySeqFocus false`
warning: ZhangLS/Spec/Lemma57GaussianMellinTransform.lean:145:54: Used `tac1 <;> tac2` where `(tac1; tac2)` would suffice

Note: This linter can be disabled with `set_option linter.unnecessarySeqFocus false`
warning: ZhangLS/Spec/Lemma57GaussianMellinTransform.lean:326:4: Try `simp at hs` instead of `simpa using hs`

Note: This linter can be disabled with `set_option linter.unnecessarySimpa false`
⚠ [3499/3647] Replayed ZhangLS.Spec.RiemannZetaCriticalLineBound
warning: ZhangLS/Spec/RiemannZetaCriticalLineBound.lean:99:2: Used `tac1 <;> tac2` where `(tac1; tac2)` would suffice

Note: This linter can be disabled with `set_option linter.unnecessarySeqFocus false`
warning: ZhangLS/Spec/RiemannZetaCriticalLineBound.lean:124:13: unused variable `hs`

Note: This linter can be disabled with `set_option linter.unusedVariables false`
warning: ZhangLS/Spec/RiemannZetaCriticalLineBound.lean:152:6: unused variable `n`

Note: This linter can be disabled with `set_option linter.unusedVariables false`
warning: ZhangLS/Spec/RiemannZetaCriticalLineBound.lean:156:20: unused variable `k`

Note: This linter can be disabled with `set_option linter.unusedVariables false`
warning: ZhangLS/Spec/RiemannZetaCriticalLineBound.lean:161:8: This simp argument is unused:
  sum_one_Icc

Hint: Omit it from the simp argument list.
  simp ̵[̵s̵u̵m̵_̵o̵n̵e̵_̵I̵c̵c̵]̵

Note: This linter can be disabled with `set_option linter.unusedSimpArgs false`
warning: ZhangLS/Spec/RiemannZetaCriticalLineBound.lean:242:12: 'ring' tactic does nothing

Note: This linter can be disabled with `set_option linter.unusedTactic false`
warning: ZhangLS/Spec/RiemannZetaCriticalLineBound.lean:242:12: this tactic is never executed

Note: This linter can be disabled with `set_option linter.unreachableTactic false`
warning: ZhangLS/Spec/RiemannZetaCriticalLineBound.lean:219:41: Used `tac1 <;> tac2` where `(tac1; tac2)` would suffice

Note: This linter can be disabled with `set_option linter.unnecessarySeqFocus false`
warning: ZhangLS/Spec/RiemannZetaCriticalLineBound.lean:303:8: 'ring' tactic does nothing

Note: This linter can be disabled with `set_option linter.unusedTactic false`
warning: ZhangLS/Spec/RiemannZetaCriticalLineBound.lean:303:8: this tactic is never executed

Note: This linter can be disabled with `set_option linter.unreachableTactic false`
warning: ZhangLS/Spec/RiemannZetaCriticalLineBound.lean:394:12: This simp argument is unused:
  norm_div

Hint: Omit it from the simp argument list.
  simp ̵[̵n̵o̵r̵m̵_̵d̵i̵v̵]̵

Note: This linter can be disabled with `set_option linter.unusedSimpArgs false`
warning: ZhangLS/Spec/RiemannZetaCriticalLineBound.lean:475:75: This simp argument is unused:
  norm_div

Hint: Omit it from the simp argument list.
  simp ̵[̵n̵o̵r̵m̵_̵d̵i̵v̵]̵

Note: This linter can be disabled with `set_option linter.unusedSimpArgs false`
⚠ [3500/3647] Replayed ZhangLS.Spec.Lemma57CriticalStripGrowth
warning: ZhangLS/Spec/Lemma57CriticalStripGrowth.lean:270:14: This simp argument is unused:
  norm_div

Hint: Omit it from the simp argument list.
  simp ̵[̵n̵o̵r̵m̵_̵d̵i̵v̵]̵

Note: This linter can be disabled with `set_option linter.unusedSimpArgs false`
⚠ [3507/3647] Replayed ZhangLS.Spec.Lemma23DirichletConjugation
warning: ZhangLS/Spec/Lemma23DirichletConjugation.lean:23:0: automatically included section variable(s) unused in theorem `ZhangLS.Spec.dirichletLSeries_inv_eq_conj_at_conj`:
  [NeZero N]
consider restructuring your `variable` declarations so that the variables are not in scope or explicitly omit them:
  omit [NeZero N] in theorem ...

Note: This linter can be disabled with `set_option linter.unusedSectionVars false`
⚠ [3509/3647] Replayed ZhangLS.Spec.Lemma23PrimitiveGaussSum
warning: ZhangLS/Spec/Lemma23PrimitiveGaussSum.lean:42:19: Used `tac1 <;> tac2` where `(tac1; tac2)` would suffice

Note: This linter can be disabled with `set_option linter.unnecessarySeqFocus false`
⚠ [3510/3647] Replayed ZhangLS.Spec.Lemma23DirichletUnitModulus
warning: ZhangLS/Spec/Lemma23DirichletUnitModulus.lean:112:48: Used `tac1 <;> tac2` where `(tac1; tac2)` would suffice

Note: This linter can be disabled with `set_option linter.unnecessarySeqFocus false`
⚠ [3647/3647] Replayed ZhangLS.Spec.Lemma44ProductMellin
warning: ZhangLS/Spec/Lemma44ProductMellin.lean:144:4: try 'simp' instead of 'simpa'

Note: This linter can be disabled with `set_option linter.unnecessarySimpa false`
Build completed successfully (3647 jobs).
ZhangLS/Spec/Lemma44ProductMellin.lean:144:4: warning: try 'simp' instead of 'simpa'

Note: This linter can be disabled with `set_option linter.unnecessarySimpa false`
== kernel-check ZhangLS/Spec/Lemma44ProductResidue.lean ==
⚠ [1279/1352] Replayed ZhangLS.Spec.RealDirichletCharacter
warning: ZhangLS/Spec/RealDirichletCharacter.lean:48:4: try 'simp' instead of 'simpa'

Note: This linter can be disabled with `set_option linter.unnecessarySimpa false`
⚠ [1280/1352] Replayed ZhangLS.Spec.Lemma44CharacterProduct
warning: ZhangLS/Spec/Lemma44CharacterProduct.lean:55:38: This simp argument is unused:
  mul_comm

Hint: Omit it from the simp argument list.
  simp [̵m̵u̵l̵_̵c̵o̵m̵m̵,̵ ̵m̵u̵l̵_̵l̵e̵f̵t̵_̵c̵o̵m̵m̵,̵[̲m̲u̲l̲_̲l̲e̲f̲t̲_̲c̲o̲m̲m̲,̲ mul_assoc]

Note: This linter can be disabled with `set_option linter.unusedSimpArgs false`
warning: ZhangLS/Spec/Lemma44CharacterProduct.lean:55:48: This simp argument is unused:
  mul_left_comm

Hint: Omit it from the simp argument list.
  simp [mul_comm, mul_l̵e̵f̵t̵_̵c̵o̵m̵m̵,̵ ̵m̵u̵l̵_̵assoc]

Note: This linter can be disabled with `set_option linter.unusedSimpArgs false`
⚠ [2474/2620] Replayed ZhangLS.Spec.Lemma23AnalyticLogBranch
warning: ZhangLS/Spec/Lemma23AnalyticLogBranch.lean:42:53: try 'simp' instead of 'simpa'

Note: This linter can be disabled with `set_option linter.unnecessarySimpa false`
warning: ZhangLS/Spec/Lemma23AnalyticLogBranch.lean:67:44: try 'simp' instead of 'simpa'

Note: This linter can be disabled with `set_option linter.unnecessarySimpa false`
⚠ [3462/3648] Replayed ZhangLS.Spec.RealAxisAtOne
warning: ZhangLS/Spec/RealAxisAtOne.lean:56:4: try 'simp' instead of 'simpa'

Note: This linter can be disabled with `set_option linter.unnecessarySimpa false`
⚠ [3464/3648] Replayed ZhangLS.Spec.Lemma57
warning: ZhangLS/Spec/Lemma57.lean:101:58: unused variable `hD`

Note: This linter can be disabled with `set_option linter.unusedVariables false`
warning: ZhangLS/Spec/Lemma57.lean:102:7: unused variable `hA`

Note: This linter can be disabled with `set_option linter.unusedVariables false`
⚠ [3465/3648] Replayed ZhangLS.Spec.Lemma57Arithmetic
warning: ZhangLS/Spec/Lemma57Arithmetic.lean:55:15: unused variable `hc_g`

Note: This linter can be disabled with `set_option linter.unusedVariables false`
⚠ [3470/3648] Replayed ZhangLS.Spec.Lemma57SmoothedSum
warning: ZhangLS/Spec/Lemma57SmoothedSum.lean:42:46: unused variable `hD`

Note: This linter can be disabled with `set_option linter.unusedVariables false`
⚠ [3479/3648] Replayed ZhangLS.Spec.Lemma57GaussianGlobal
warning: ZhangLS/Spec/Lemma57GaussianGlobal.lean:55:58: unused variable `ha`

Note: This linter can be disabled with `set_option linter.unusedVariables false`
warning: ZhangLS/Spec/Lemma57GaussianGlobal.lean:241:13: unused variable `hD`

Note: This linter can be disabled with `set_option linter.unusedVariables false`
warning: ZhangLS/Spec/Lemma57GaussianGlobal.lean:241:34: unused variable `hx`

Note: This linter can be disabled with `set_option linter.unusedVariables false`
⚠ [3480/3648] Replayed ZhangLS.Spec.Lemma57SmoothedSummability
warning: ZhangLS/Spec/Lemma57SmoothedSummability.lean:20:52: unused variable `hn`

Note: This linter can be disabled with `set_option linter.unusedVariables false`
⚠ [3485/3648] Replayed ZhangLS.Spec.Lemma57GaussianMellinTransform
warning: ZhangLS/Spec/Lemma57GaussianMellinTransform.lean:67:63: Used `tac1 <;> tac2` where `(tac1; tac2)` would suffice

Note: This linter can be disabled with `set_option linter.unnecessarySeqFocus false`
warning: ZhangLS/Spec/Lemma57GaussianMellinTransform.lean:145:54: Used `tac1 <;> tac2` where `(tac1; tac2)` would suffice

Note: This linter can be disabled with `set_option linter.unnecessarySeqFocus false`
warning: ZhangLS/Spec/Lemma57GaussianMellinTransform.lean:326:4: Try `simp at hs` instead of `simpa using hs`

Note: This linter can be disabled with `set_option linter.unnecessarySimpa false`
⚠ [3499/3648] Replayed ZhangLS.Spec.RiemannZetaCriticalLineBound
warning: ZhangLS/Spec/RiemannZetaCriticalLineBound.lean:99:2: Used `tac1 <;> tac2` where `(tac1; tac2)` would suffice

Note: This linter can be disabled with `set_option linter.unnecessarySeqFocus false`
warning: ZhangLS/Spec/RiemannZetaCriticalLineBound.lean:124:13: unused variable `hs`

Note: This linter can be disabled with `set_option linter.unusedVariables false`
warning: ZhangLS/Spec/RiemannZetaCriticalLineBound.lean:152:6: unused variable `n`

Note: This linter can be disabled with `set_option linter.unusedVariables false`
warning: ZhangLS/Spec/RiemannZetaCriticalLineBound.lean:156:20: unused variable `k`

Note: This linter can be disabled with `set_option linter.unusedVariables false`
warning: ZhangLS/Spec/RiemannZetaCriticalLineBound.lean:161:8: This simp argument is unused:
  sum_one_Icc

Hint: Omit it from the simp argument list.
  simp ̵[̵s̵u̵m̵_̵o̵n̵e̵_̵I̵c̵c̵]̵

Note: This linter can be disabled with `set_option linter.unusedSimpArgs false`
warning: ZhangLS/Spec/RiemannZetaCriticalLineBound.lean:242:12: 'ring' tactic does nothing

Note: This linter can be disabled with `set_option linter.unusedTactic false`
warning: ZhangLS/Spec/RiemannZetaCriticalLineBound.lean:242:12: this tactic is never executed

Note: This linter can be disabled with `set_option linter.unreachableTactic false`
warning: ZhangLS/Spec/RiemannZetaCriticalLineBound.lean:219:41: Used `tac1 <;> tac2` where `(tac1; tac2)` would suffice

Note: This linter can be disabled with `set_option linter.unnecessarySeqFocus false`
warning: ZhangLS/Spec/RiemannZetaCriticalLineBound.lean:303:8: 'ring' tactic does nothing

Note: This linter can be disabled with `set_option linter.unusedTactic false`
warning: ZhangLS/Spec/RiemannZetaCriticalLineBound.lean:303:8: this tactic is never executed

Note: This linter can be disabled with `set_option linter.unreachableTactic false`
warning: ZhangLS/Spec/RiemannZetaCriticalLineBound.lean:394:12: This simp argument is unused:
  norm_div

Hint: Omit it from the simp argument list.
  simp ̵[̵n̵o̵r̵m̵_̵d̵i̵v̵]̵

Note: This linter can be disabled with `set_option linter.unusedSimpArgs false`
warning: ZhangLS/Spec/RiemannZetaCriticalLineBound.lean:475:75: This simp argument is unused:
  norm_div

Hint: Omit it from the simp argument list.
  simp ̵[̵n̵o̵r̵m̵_̵d̵i̵v̵]̵

Note: This linter can be disabled with `set_option linter.unusedSimpArgs false`
⚠ [3500/3648] Replayed ZhangLS.Spec.Lemma57CriticalStripGrowth
warning: ZhangLS/Spec/Lemma57CriticalStripGrowth.lean:270:14: This simp argument is unused:
  norm_div

Hint: Omit it from the simp argument list.
  simp ̵[̵n̵o̵r̵m̵_̵d̵i̵v̵]̵

Note: This linter can be disabled with `set_option linter.unusedSimpArgs false`
⚠ [3507/3648] Replayed ZhangLS.Spec.Lemma23DirichletConjugation
warning: ZhangLS/Spec/Lemma23DirichletConjugation.lean:23:0: automatically included section variable(s) unused in theorem `ZhangLS.Spec.dirichletLSeries_inv_eq_conj_at_conj`:
  [NeZero N]
consider restructuring your `variable` declarations so that the variables are not in scope or explicitly omit them:
  omit [NeZero N] in theorem ...

Note: This linter can be disabled with `set_option linter.unusedSectionVars false`
⚠ [3509/3648] Replayed ZhangLS.Spec.Lemma23PrimitiveGaussSum
warning: ZhangLS/Spec/Lemma23PrimitiveGaussSum.lean:42:19: Used `tac1 <;> tac2` where `(tac1; tac2)` would suffice

Note: This linter can be disabled with `set_option linter.unnecessarySeqFocus false`
⚠ [3510/3648] Replayed ZhangLS.Spec.Lemma23DirichletUnitModulus
warning: ZhangLS/Spec/Lemma23DirichletUnitModulus.lean:112:48: Used `tac1 <;> tac2` where `(tac1; tac2)` would suffice

Note: This linter can be disabled with `set_option linter.unnecessarySeqFocus false`
⚠ [3647/3648] Replayed ZhangLS.Spec.Lemma44ProductMellin
warning: ZhangLS/Spec/Lemma44ProductMellin.lean:144:4: try 'simp' instead of 'simpa'

Note: This linter can be disabled with `set_option linter.unnecessarySimpa false`
Build completed successfully (3648 jobs).
== kernel-check ZhangLS/Spec/Lemma44ReflectedLongSum.lean ==
⚠ [1279/1303] Replayed ZhangLS.Spec.RealDirichletCharacter
warning: ZhangLS/Spec/RealDirichletCharacter.lean:48:4: try 'simp' instead of 'simpa'

Note: This linter can be disabled with `set_option linter.unnecessarySimpa false`
⚠ [1280/1303] Replayed ZhangLS.Spec.Lemma44CharacterProduct
warning: ZhangLS/Spec/Lemma44CharacterProduct.lean:55:38: This simp argument is unused:
  mul_comm

Hint: Omit it from the simp argument list.
  simp [̵m̵u̵l̵_̵c̵o̵m̵m̵,̵ ̵m̵u̵l̵_̵l̵e̵f̵t̵_̵c̵o̵m̵m̵,̵[̲m̲u̲l̲_̲l̲e̲f̲t̲_̲c̲o̲m̲m̲,̲ mul_assoc]

Note: This linter can be disabled with `set_option linter.unusedSimpArgs false`
warning: ZhangLS/Spec/Lemma44CharacterProduct.lean:55:48: This simp argument is unused:
  mul_left_comm

Hint: Omit it from the simp argument list.
  simp [mul_comm, mul_l̵e̵f̵t̵_̵c̵o̵m̵m̵,̵ ̵m̵u̵l̵_̵assoc]

Note: This linter can be disabled with `set_option linter.unusedSimpArgs false`
⚠ [2474/2590] Replayed ZhangLS.Spec.Lemma23AnalyticLogBranch
warning: ZhangLS/Spec/Lemma23AnalyticLogBranch.lean:42:53: try 'simp' instead of 'simpa'

Note: This linter can be disabled with `set_option linter.unnecessarySimpa false`
warning: ZhangLS/Spec/Lemma23AnalyticLogBranch.lean:67:44: try 'simp' instead of 'simpa'

Note: This linter can be disabled with `set_option linter.unnecessarySimpa false`
⚠ [3462/3646] Replayed ZhangLS.Spec.RealAxisAtOne
warning: ZhangLS/Spec/RealAxisAtOne.lean:56:4: try 'simp' instead of 'simpa'

Note: This linter can be disabled with `set_option linter.unnecessarySimpa false`
⚠ [3464/3646] Replayed ZhangLS.Spec.Lemma57
warning: ZhangLS/Spec/Lemma57.lean:101:58: unused variable `hD`

Note: This linter can be disabled with `set_option linter.unusedVariables false`
warning: ZhangLS/Spec/Lemma57.lean:102:7: unused variable `hA`

Note: This linter can be disabled with `set_option linter.unusedVariables false`
⚠ [3465/3646] Replayed ZhangLS.Spec.Lemma57Arithmetic
warning: ZhangLS/Spec/Lemma57Arithmetic.lean:55:15: unused variable `hc_g`

Note: This linter can be disabled with `set_option linter.unusedVariables false`
⚠ [3470/3646] Replayed ZhangLS.Spec.Lemma57SmoothedSum
warning: ZhangLS/Spec/Lemma57SmoothedSum.lean:42:46: unused variable `hD`

Note: This linter can be disabled with `set_option linter.unusedVariables false`
⚠ [3479/3646] Replayed ZhangLS.Spec.Lemma57GaussianGlobal
warning: ZhangLS/Spec/Lemma57GaussianGlobal.lean:55:58: unused variable `ha`

Note: This linter can be disabled with `set_option linter.unusedVariables false`
warning: ZhangLS/Spec/Lemma57GaussianGlobal.lean:241:13: unused variable `hD`

Note: This linter can be disabled with `set_option linter.unusedVariables false`
warning: ZhangLS/Spec/Lemma57GaussianGlobal.lean:241:34: unused variable `hx`

Note: This linter can be disabled with `set_option linter.unusedVariables false`
⚠ [3480/3646] Replayed ZhangLS.Spec.Lemma57SmoothedSummability
warning: ZhangLS/Spec/Lemma57SmoothedSummability.lean:20:52: unused variable `hn`

Note: This linter can be disabled with `set_option linter.unusedVariables false`
⚠ [3485/3646] Replayed ZhangLS.Spec.Lemma57GaussianMellinTransform
warning: ZhangLS/Spec/Lemma57GaussianMellinTransform.lean:67:63: Used `tac1 <;> tac2` where `(tac1; tac2)` would suffice

Note: This linter can be disabled with `set_option linter.unnecessarySeqFocus false`
warning: ZhangLS/Spec/Lemma57GaussianMellinTransform.lean:145:54: Used `tac1 <;> tac2` where `(tac1; tac2)` would suffice

Note: This linter can be disabled with `set_option linter.unnecessarySeqFocus false`
warning: ZhangLS/Spec/Lemma57GaussianMellinTransform.lean:326:4: Try `simp at hs` instead of `simpa using hs`

Note: This linter can be disabled with `set_option linter.unnecessarySimpa false`
⚠ [3499/3646] Replayed ZhangLS.Spec.RiemannZetaCriticalLineBound
warning: ZhangLS/Spec/RiemannZetaCriticalLineBound.lean:99:2: Used `tac1 <;> tac2` where `(tac1; tac2)` would suffice

Note: This linter can be disabled with `set_option linter.unnecessarySeqFocus false`
warning: ZhangLS/Spec/RiemannZetaCriticalLineBound.lean:124:13: unused variable `hs`

Note: This linter can be disabled with `set_option linter.unusedVariables false`
warning: ZhangLS/Spec/RiemannZetaCriticalLineBound.lean:152:6: unused variable `n`

Note: This linter can be disabled with `set_option linter.unusedVariables false`
warning: ZhangLS/Spec/RiemannZetaCriticalLineBound.lean:156:20: unused variable `k`

Note: This linter can be disabled with `set_option linter.unusedVariables false`
warning: ZhangLS/Spec/RiemannZetaCriticalLineBound.lean:161:8: This simp argument is unused:
  sum_one_Icc

Hint: Omit it from the simp argument list.
  simp ̵[̵s̵u̵m̵_̵o̵n̵e̵_̵I̵c̵c̵]̵

Note: This linter can be disabled with `set_option linter.unusedSimpArgs false`
warning: ZhangLS/Spec/RiemannZetaCriticalLineBound.lean:242:12: 'ring' tactic does nothing

Note: This linter can be disabled with `set_option linter.unusedTactic false`
warning: ZhangLS/Spec/RiemannZetaCriticalLineBound.lean:242:12: this tactic is never executed

Note: This linter can be disabled with `set_option linter.unreachableTactic false`
warning: ZhangLS/Spec/RiemannZetaCriticalLineBound.lean:219:41: Used `tac1 <;> tac2` where `(tac1; tac2)` would suffice

Note: This linter can be disabled with `set_option linter.unnecessarySeqFocus false`
warning: ZhangLS/Spec/RiemannZetaCriticalLineBound.lean:303:8: 'ring' tactic does nothing

Note: This linter can be disabled with `set_option linter.unusedTactic false`
warning: ZhangLS/Spec/RiemannZetaCriticalLineBound.lean:303:8: this tactic is never executed

Note: This linter can be disabled with `set_option linter.unreachableTactic false`
warning: ZhangLS/Spec/RiemannZetaCriticalLineBound.lean:394:12: This simp argument is unused:
  norm_div

Hint: Omit it from the simp argument list.
  simp ̵[̵n̵o̵r̵m̵_̵d̵i̵v̵]̵

Note: This linter can be disabled with `set_option linter.unusedSimpArgs false`
warning: ZhangLS/Spec/RiemannZetaCriticalLineBound.lean:475:75: This simp argument is unused:
  norm_div

Hint: Omit it from the simp argument list.
  simp ̵[̵n̵o̵r̵m̵_̵d̵i̵v̵]̵

Note: This linter can be disabled with `set_option linter.unusedSimpArgs false`
⚠ [3500/3646] Replayed ZhangLS.Spec.Lemma57CriticalStripGrowth
warning: ZhangLS/Spec/Lemma57CriticalStripGrowth.lean:270:14: This simp argument is unused:
  norm_div

Hint: Omit it from the simp argument list.
  simp ̵[̵n̵o̵r̵m̵_̵d̵i̵v̵]̵

Note: This linter can be disabled with `set_option linter.unusedSimpArgs false`
⚠ [3507/3646] Replayed ZhangLS.Spec.Lemma23DirichletConjugation
warning: ZhangLS/Spec/Lemma23DirichletConjugation.lean:23:0: automatically included section variable(s) unused in theorem `ZhangLS.Spec.dirichletLSeries_inv_eq_conj_at_conj`:
  [NeZero N]
consider restructuring your `variable` declarations so that the variables are not in scope or explicitly omit them:
  omit [NeZero N] in theorem ...

Note: This linter can be disabled with `set_option linter.unusedSectionVars false`
⚠ [3509/3646] Replayed ZhangLS.Spec.Lemma23PrimitiveGaussSum
warning: ZhangLS/Spec/Lemma23PrimitiveGaussSum.lean:42:19: Used `tac1 <;> tac2` where `(tac1; tac2)` would suffice

Note: This linter can be disabled with `set_option linter.unnecessarySeqFocus false`
⚠ [3510/3646] Replayed ZhangLS.Spec.Lemma23DirichletUnitModulus
warning: ZhangLS/Spec/Lemma23DirichletUnitModulus.lean:112:48: Used `tac1 <;> tac2` where `(tac1; tac2)` would suffice

Note: This linter can be disabled with `set_option linter.unnecessarySeqFocus false`
⚠ [3646/3646] Replayed ZhangLS.Spec.Lemma44ReflectedLongSum
warning: ZhangLS/Spec/Lemma44ReflectedLongSum.lean:81:64: Used `tac1 <;> tac2` where `(tac1; tac2)` would suffice

Note: This linter can be disabled with `set_option linter.unnecessarySeqFocus false`
Build completed successfully (3646 jobs).
ZhangLS/Spec/Lemma44ReflectedLongSum.lean:81:64: warning: Used `tac1 <;> tac2` where `(tac1; tac2)` would suffice

Note: This linter can be disabled with `set_option linter.unnecessarySeqFocus false`
== kernel-check ZhangLS/Spec/Lemma44ReflectedPolynomialBounds.lean ==
⚠ [1279/1456] Replayed ZhangLS.Spec.RealDirichletCharacter
warning: ZhangLS/Spec/RealDirichletCharacter.lean:48:4: try 'simp' instead of 'simpa'

Note: This linter can be disabled with `set_option linter.unnecessarySimpa false`
⚠ [3433/3668] Replayed ZhangLS.Spec.Lemma44ComplexCharacterAbel
warning: ZhangLS/Spec/Lemma44ComplexCharacterAbel.lean:73:56: unused variable `hD`

Note: This linter can be disabled with `set_option linter.unusedVariables false`
⚠ [3434/3668] Replayed ZhangLS.Spec.Lemma44CharacterProduct
warning: ZhangLS/Spec/Lemma44CharacterProduct.lean:55:38: This simp argument is unused:
  mul_comm

Hint: Omit it from the simp argument list.
  simp [̵m̵u̵l̵_̵c̵o̵m̵m̵,̵ ̵m̵u̵l̵_̵l̵e̵f̵t̵_̵c̵o̵m̵m̵,̵[̲m̲u̲l̲_̲l̲e̲f̲t̲_̲c̲o̲m̲m̲,̲ mul_assoc]

Note: This linter can be disabled with `set_option linter.unusedSimpArgs false`
warning: ZhangLS/Spec/Lemma44CharacterProduct.lean:55:48: This simp argument is unused:
  mul_left_comm

Hint: Omit it from the simp argument list.
  simp [mul_comm, mul_l̵e̵f̵t̵_̵c̵o̵m̵m̵,̵ ̵m̵u̵l̵_̵assoc]

Note: This linter can be disabled with `set_option linter.unusedSimpArgs false`
⚠ [3459/3668] Replayed ZhangLS.Spec.Lemma23AnalyticLogBranch
warning: ZhangLS/Spec/Lemma23AnalyticLogBranch.lean:42:53: try 'simp' instead of 'simpa'

Note: This linter can be disabled with `set_option linter.unnecessarySimpa false`
warning: ZhangLS/Spec/Lemma23AnalyticLogBranch.lean:67:44: try 'simp' instead of 'simpa'

Note: This linter can be disabled with `set_option linter.unnecessarySimpa false`
⚠ [3471/3668] Replayed ZhangLS.Spec.RealAxisAtOne
warning: ZhangLS/Spec/RealAxisAtOne.lean:56:4: try 'simp' instead of 'simpa'

Note: This linter can be disabled with `set_option linter.unnecessarySimpa false`
⚠ [3473/3668] Replayed ZhangLS.Spec.Lemma57
warning: ZhangLS/Spec/Lemma57.lean:101:58: unused variable `hD`

Note: This linter can be disabled with `set_option linter.unusedVariables false`
warning: ZhangLS/Spec/Lemma57.lean:102:7: unused variable `hA`

Note: This linter can be disabled with `set_option linter.unusedVariables false`
⚠ [3474/3668] Replayed ZhangLS.Spec.Lemma57Arithmetic
warning: ZhangLS/Spec/Lemma57Arithmetic.lean:55:15: unused variable `hc_g`

Note: This linter can be disabled with `set_option linter.unusedVariables false`
⚠ [3479/3668] Replayed ZhangLS.Spec.Lemma57SmoothedSum
warning: ZhangLS/Spec/Lemma57SmoothedSum.lean:42:46: unused variable `hD`

Note: This linter can be disabled with `set_option linter.unusedVariables false`
⚠ [3488/3668] Replayed ZhangLS.Spec.Lemma57GaussianGlobal
warning: ZhangLS/Spec/Lemma57GaussianGlobal.lean:55:58: unused variable `ha`

Note: This linter can be disabled with `set_option linter.unusedVariables false`
warning: ZhangLS/Spec/Lemma57GaussianGlobal.lean:241:13: unused variable `hD`

Note: This linter can be disabled with `set_option linter.unusedVariables false`
warning: ZhangLS/Spec/Lemma57GaussianGlobal.lean:241:34: unused variable `hx`

Note: This linter can be disabled with `set_option linter.unusedVariables false`
⚠ [3489/3668] Replayed ZhangLS.Spec.Lemma57SmoothedSummability
warning: ZhangLS/Spec/Lemma57SmoothedSummability.lean:20:52: unused variable `hn`

Note: This linter can be disabled with `set_option linter.unusedVariables false`
⚠ [3494/3668] Replayed ZhangLS.Spec.Lemma57GaussianMellinTransform
warning: ZhangLS/Spec/Lemma57GaussianMellinTransform.lean:67:63: Used `tac1 <;> tac2` where `(tac1; tac2)` would suffice

Note: This linter can be disabled with `set_option linter.unnecessarySeqFocus false`
warning: ZhangLS/Spec/Lemma57GaussianMellinTransform.lean:145:54: Used `tac1 <;> tac2` where `(tac1; tac2)` would suffice

Note: This linter can be disabled with `set_option linter.unnecessarySeqFocus false`
warning: ZhangLS/Spec/Lemma57GaussianMellinTransform.lean:326:4: Try `simp at hs` instead of `simpa using hs`

Note: This linter can be disabled with `set_option linter.unnecessarySimpa false`
⚠ [3500/3668] Replayed ZhangLS.Spec.RiemannZetaCriticalLineBound
warning: ZhangLS/Spec/RiemannZetaCriticalLineBound.lean:99:2: Used `tac1 <;> tac2` where `(tac1; tac2)` would suffice

Note: This linter can be disabled with `set_option linter.unnecessarySeqFocus false`
warning: ZhangLS/Spec/RiemannZetaCriticalLineBound.lean:124:13: unused variable `hs`

Note: This linter can be disabled with `set_option linter.unusedVariables false`
warning: ZhangLS/Spec/RiemannZetaCriticalLineBound.lean:152:6: unused variable `n`

Note: This linter can be disabled with `set_option linter.unusedVariables false`
warning: ZhangLS/Spec/RiemannZetaCriticalLineBound.lean:156:20: unused variable `k`

Note: This linter can be disabled with `set_option linter.unusedVariables false`
warning: ZhangLS/Spec/RiemannZetaCriticalLineBound.lean:161:8: This simp argument is unused:
  sum_one_Icc

Hint: Omit it from the simp argument list.
  simp ̵[̵s̵u̵m̵_̵o̵n̵e̵_̵I̵c̵c̵]̵

Note: This linter can be disabled with `set_option linter.unusedSimpArgs false`
warning: ZhangLS/Spec/RiemannZetaCriticalLineBound.lean:242:12: 'ring' tactic does nothing

Note: This linter can be disabled with `set_option linter.unusedTactic false`
warning: ZhangLS/Spec/RiemannZetaCriticalLineBound.lean:242:12: this tactic is never executed

Note: This linter can be disabled with `set_option linter.unreachableTactic false`
warning: ZhangLS/Spec/RiemannZetaCriticalLineBound.lean:219:41: Used `tac1 <;> tac2` where `(tac1; tac2)` would suffice

Note: This linter can be disabled with `set_option linter.unnecessarySeqFocus false`
warning: ZhangLS/Spec/RiemannZetaCriticalLineBound.lean:303:8: 'ring' tactic does nothing

Note: This linter can be disabled with `set_option linter.unusedTactic false`
warning: ZhangLS/Spec/RiemannZetaCriticalLineBound.lean:303:8: this tactic is never executed

Note: This linter can be disabled with `set_option linter.unreachableTactic false`
warning: ZhangLS/Spec/RiemannZetaCriticalLineBound.lean:394:12: This simp argument is unused:
  norm_div

Hint: Omit it from the simp argument list.
  simp ̵[̵n̵o̵r̵m̵_̵d̵i̵v̵]̵

Note: This linter can be disabled with `set_option linter.unusedSimpArgs false`
warning: ZhangLS/Spec/RiemannZetaCriticalLineBound.lean:475:75: This simp argument is unused:
  norm_div

Hint: Omit it from the simp argument list.
  simp ̵[̵n̵o̵r̵m̵_̵d̵i̵v̵]̵

Note: This linter can be disabled with `set_option linter.unusedSimpArgs false`
⚠ [3501/3668] Replayed ZhangLS.Spec.Lemma57CriticalStripGrowth
warning: ZhangLS/Spec/Lemma57CriticalStripGrowth.lean:270:14: This simp argument is unused:
  norm_div

Hint: Omit it from the simp argument list.
  simp ̵[̵n̵o̵r̵m̵_̵d̵i̵v̵]̵

Note: This linter can be disabled with `set_option linter.unusedSimpArgs false`
⚠ [3508/3668] Replayed ZhangLS.Spec.Lemma23DirichletConjugation
warning: ZhangLS/Spec/Lemma23DirichletConjugation.lean:23:0: automatically included section variable(s) unused in theorem `ZhangLS.Spec.dirichletLSeries_inv_eq_conj_at_conj`:
  [NeZero N]
consider restructuring your `variable` declarations so that the variables are not in scope or explicitly omit them:
  omit [NeZero N] in theorem ...

Note: This linter can be disabled with `set_option linter.unusedSectionVars false`
⚠ [3510/3668] Replayed ZhangLS.Spec.Lemma23PrimitiveGaussSum
warning: ZhangLS/Spec/Lemma23PrimitiveGaussSum.lean:42:19: Used `tac1 <;> tac2` where `(tac1; tac2)` would suffice

Note: This linter can be disabled with `set_option linter.unnecessarySeqFocus false`
⚠ [3511/3668] Replayed ZhangLS.Spec.Lemma23DirichletUnitModulus
warning: ZhangLS/Spec/Lemma23DirichletUnitModulus.lean:112:48: Used `tac1 <;> tac2` where `(tac1; tac2)` would suffice

Note: This linter can be disabled with `set_option linter.unnecessarySeqFocus false`
⚠ [3648/3668] Replayed ZhangLS.Spec.Lemma44ProductMellin
warning: ZhangLS/Spec/Lemma44ProductMellin.lean:144:4: try 'simp' instead of 'simpa'

Note: This linter can be disabled with `set_option linter.unnecessarySimpa false`
⚠ [3652/3668] Replayed ZhangLS.Spec.Lemma44RightMellinApproximation
warning: ZhangLS/Spec/Lemma44RightMellinApproximation.lean:37:4: try 'simp' instead of 'simpa'

Note: This linter can be disabled with `set_option linter.unnecessarySimpa false`
⚠ [3656/3668] Replayed ZhangLS.Spec.Lemma44ReflectedLongSum
warning: ZhangLS/Spec/Lemma44ReflectedLongSum.lean:81:64: Used `tac1 <;> tac2` where `(tac1; tac2)` would suffice

Note: This linter can be disabled with `set_option linter.unnecessarySeqFocus false`
⚠ [3658/3668] Replayed ZhangLS.Spec.Lemma44InitialLeftEstimates
warning: ZhangLS/Spec/Lemma44InitialLeftEstimates.lean:68:23: Used `tac1 <;> tac2` where `(tac1; tac2)` would suffice

Note: This linter can be disabled with `set_option linter.unnecessarySeqFocus false`
⚠ [3659/3668] Replayed ZhangLS.Spec.Lemma44HorizontalGrowth
warning: ZhangLS/Spec/Lemma44HorizontalGrowth.lean:147:6: 'push_cast' tactic does nothing

Note: This linter can be disabled with `set_option linter.unusedTactic false`
⚠ [3662/3668] Replayed ZhangLS.Spec.Lemma44GaussianVerticalTail
info: ZhangLS/Spec/Lemma44GaussianVerticalTail.lean:41:4: Try this:
  [apply] ring_nf
  
  The `ring` tactic failed to close the goal. Use `ring_nf` to obtain a normal form.
    
  Note that `ring` works primarily in *commutative* rings. If you have a noncommutative ring, abelian group or module, consider using `noncomm_ring`, `abel` or `module` instead.
info: ZhangLS/Spec/Lemma44GaussianVerticalTail.lean:57:16: Try this:
  [apply] ring_nf
  
  The `ring` tactic failed to close the goal. Use `ring_nf` to obtain a normal form.
    
  Note that `ring` works primarily in *commutative* rings. If you have a noncommutative ring, abelian group or module, consider using `noncomm_ring`, `abel` or `module` instead.
warning: ZhangLS/Spec/Lemma44GaussianVerticalTail.lean:57:12: Used `tac1 <;> tac2` where `(tac1; tac2)` would suffice

Note: This linter can be disabled with `set_option linter.unnecessarySeqFocus false`
warning: ZhangLS/Spec/Lemma44GaussianVerticalTail.lean:68:22: Used `tac1 <;> tac2` where `(tac1; tac2)` would suffice

Note: This linter can be disabled with `set_option linter.unnecessarySeqFocus false`
info: ZhangLS/Spec/Lemma44GaussianVerticalTail.lean:153:35: Try this:
  [apply] ring_nf
  
  The `ring` tactic failed to close the goal. Use `ring_nf` to obtain a normal form.
    
  Note that `ring` works primarily in *commutative* rings. If you have a noncommutative ring, abelian group or module, consider using `noncomm_ring`, `abel` or `module` instead.
⚠ [3663/3668] Replayed ZhangLS.Spec.Lemma44LocalRectangle
warning: ZhangLS/Spec/Lemma44LocalRectangle.lean:115:46: This simp argument is unused:
  zero_mul

Hint: Omit it from the simp argument list.
  simp only [mem_reProdIm, mem_Icc, sub_re, sub_im, ofReal_re, ofReal_im, mul_re, mul_im, I_re,
  ̲  ̲ ̲ ̲ ̲ ̲ ̲ ̲I_im, mul_zero, z̵e̵r̵o̵_̵m̵u̵l̵,̵ ̵mul_one, zero_add, sub_zero]

Note: This linter can be disabled with `set_option linter.unusedSimpArgs false`
warning: ZhangLS/Spec/Lemma44LocalRectangle.lean:115:65: This simp argument is unused:
  zero_add

Hint: Omit it from the simp argument list.
  simp only [mem_reProdIm, mem_Icc, sub_re, sub_im, ofReal_re, ofReal_im, mul_re, mul_im, I_re,
  ̲  ̲ ̲ ̲ ̲ ̲ ̲ ̲I_im, mul_zero, zero_mul, mul_one, z̵e̵r̵o̵_̵a̵d̵d̵,̵ ̵sub_zero]

Note: This linter can be disabled with `set_option linter.unusedSimpArgs false`
⚠ [3666/3668] Replayed ZhangLS.Spec.Lemma44HorizontalIntegrals
warning: ZhangLS/Spec/Lemma44HorizontalIntegrals.lean:18:5: unused variable `hK`

Note: This linter can be disabled with `set_option linter.unusedVariables false`
⚠ [3667/3668] Replayed ZhangLS.Spec.Lemma44ReflectedPolynomialContours
warning: ZhangLS/Spec/Lemma44ReflectedPolynomialContours.lean:152:64: This simp argument is unused:
  mul_left_comm

Hint: Omit it from the simp argument list.
  simp only [sub_eq_add_neg, add_comm, add_left_comm, mul_comm, mul_l̵e̵f̵t̵_̵c̵o̵m̵m̵,̵ ̵m̵u̵l̵_̵assoc] at hc ⊢

Note: This linter can be disabled with `set_option linter.unusedSimpArgs false`
warning: ZhangLS/Spec/Lemma44ReflectedPolynomialContours.lean:152:79: This simp argument is unused:
  mul_assoc

Hint: Omit it from the simp argument list.
  simp only [sub_eq_add_neg, add_comm, add_left_comm, mul_comm, mul_left_comm,̵ ̵m̵u̵l̵_̵a̵s̵s̵o̵c̵] at hc ⊢

Note: This linter can be disabled with `set_option linter.unusedSimpArgs false`
Build completed successfully (3668 jobs).
== kernel-check ZhangLS/Spec/Lemma44ReflectedPolynomialContours.lean ==
⚠ [1279/1439] Replayed ZhangLS.Spec.RealDirichletCharacter
warning: ZhangLS/Spec/RealDirichletCharacter.lean:48:4: try 'simp' instead of 'simpa'

Note: This linter can be disabled with `set_option linter.unnecessarySimpa false`
⚠ [3433/3667] Replayed ZhangLS.Spec.Lemma44ComplexCharacterAbel
warning: ZhangLS/Spec/Lemma44ComplexCharacterAbel.lean:73:56: unused variable `hD`

Note: This linter can be disabled with `set_option linter.unusedVariables false`
⚠ [3434/3667] Replayed ZhangLS.Spec.Lemma44CharacterProduct
warning: ZhangLS/Spec/Lemma44CharacterProduct.lean:55:38: This simp argument is unused:
  mul_comm

Hint: Omit it from the simp argument list.
  simp [̵m̵u̵l̵_̵c̵o̵m̵m̵,̵ ̵m̵u̵l̵_̵l̵e̵f̵t̵_̵c̵o̵m̵m̵,̵[̲m̲u̲l̲_̲l̲e̲f̲t̲_̲c̲o̲m̲m̲,̲ mul_assoc]

Note: This linter can be disabled with `set_option linter.unusedSimpArgs false`
warning: ZhangLS/Spec/Lemma44CharacterProduct.lean:55:48: This simp argument is unused:
  mul_left_comm

Hint: Omit it from the simp argument list.
  simp [mul_comm, mul_l̵e̵f̵t̵_̵c̵o̵m̵m̵,̵ ̵m̵u̵l̵_̵assoc]

Note: This linter can be disabled with `set_option linter.unusedSimpArgs false`
⚠ [3459/3667] Replayed ZhangLS.Spec.Lemma23AnalyticLogBranch
warning: ZhangLS/Spec/Lemma23AnalyticLogBranch.lean:42:53: try 'simp' instead of 'simpa'

Note: This linter can be disabled with `set_option linter.unnecessarySimpa false`
warning: ZhangLS/Spec/Lemma23AnalyticLogBranch.lean:67:44: try 'simp' instead of 'simpa'

Note: This linter can be disabled with `set_option linter.unnecessarySimpa false`
⚠ [3471/3667] Replayed ZhangLS.Spec.RealAxisAtOne
warning: ZhangLS/Spec/RealAxisAtOne.lean:56:4: try 'simp' instead of 'simpa'

Note: This linter can be disabled with `set_option linter.unnecessarySimpa false`
⚠ [3473/3667] Replayed ZhangLS.Spec.Lemma57
warning: ZhangLS/Spec/Lemma57.lean:101:58: unused variable `hD`

Note: This linter can be disabled with `set_option linter.unusedVariables false`
warning: ZhangLS/Spec/Lemma57.lean:102:7: unused variable `hA`

Note: This linter can be disabled with `set_option linter.unusedVariables false`
⚠ [3474/3667] Replayed ZhangLS.Spec.Lemma57Arithmetic
warning: ZhangLS/Spec/Lemma57Arithmetic.lean:55:15: unused variable `hc_g`

Note: This linter can be disabled with `set_option linter.unusedVariables false`
⚠ [3479/3667] Replayed ZhangLS.Spec.Lemma57SmoothedSum
warning: ZhangLS/Spec/Lemma57SmoothedSum.lean:42:46: unused variable `hD`

Note: This linter can be disabled with `set_option linter.unusedVariables false`
⚠ [3488/3667] Replayed ZhangLS.Spec.Lemma57GaussianGlobal
warning: ZhangLS/Spec/Lemma57GaussianGlobal.lean:55:58: unused variable `ha`

Note: This linter can be disabled with `set_option linter.unusedVariables false`
warning: ZhangLS/Spec/Lemma57GaussianGlobal.lean:241:13: unused variable `hD`

Note: This linter can be disabled with `set_option linter.unusedVariables false`
warning: ZhangLS/Spec/Lemma57GaussianGlobal.lean:241:34: unused variable `hx`

Note: This linter can be disabled with `set_option linter.unusedVariables false`
⚠ [3489/3667] Replayed ZhangLS.Spec.Lemma57SmoothedSummability
warning: ZhangLS/Spec/Lemma57SmoothedSummability.lean:20:52: unused variable `hn`

Note: This linter can be disabled with `set_option linter.unusedVariables false`
⚠ [3494/3667] Replayed ZhangLS.Spec.Lemma57GaussianMellinTransform
warning: ZhangLS/Spec/Lemma57GaussianMellinTransform.lean:67:63: Used `tac1 <;> tac2` where `(tac1; tac2)` would suffice

Note: This linter can be disabled with `set_option linter.unnecessarySeqFocus false`
warning: ZhangLS/Spec/Lemma57GaussianMellinTransform.lean:145:54: Used `tac1 <;> tac2` where `(tac1; tac2)` would suffice

Note: This linter can be disabled with `set_option linter.unnecessarySeqFocus false`
warning: ZhangLS/Spec/Lemma57GaussianMellinTransform.lean:326:4: Try `simp at hs` instead of `simpa using hs`

Note: This linter can be disabled with `set_option linter.unnecessarySimpa false`
⚠ [3500/3667] Replayed ZhangLS.Spec.RiemannZetaCriticalLineBound
warning: ZhangLS/Spec/RiemannZetaCriticalLineBound.lean:99:2: Used `tac1 <;> tac2` where `(tac1; tac2)` would suffice

Note: This linter can be disabled with `set_option linter.unnecessarySeqFocus false`
warning: ZhangLS/Spec/RiemannZetaCriticalLineBound.lean:124:13: unused variable `hs`

Note: This linter can be disabled with `set_option linter.unusedVariables false`
warning: ZhangLS/Spec/RiemannZetaCriticalLineBound.lean:152:6: unused variable `n`

Note: This linter can be disabled with `set_option linter.unusedVariables false`
warning: ZhangLS/Spec/RiemannZetaCriticalLineBound.lean:156:20: unused variable `k`

Note: This linter can be disabled with `set_option linter.unusedVariables false`
warning: ZhangLS/Spec/RiemannZetaCriticalLineBound.lean:161:8: This simp argument is unused:
  sum_one_Icc

Hint: Omit it from the simp argument list.
  simp ̵[̵s̵u̵m̵_̵o̵n̵e̵_̵I̵c̵c̵]̵

Note: This linter can be disabled with `set_option linter.unusedSimpArgs false`
warning: ZhangLS/Spec/RiemannZetaCriticalLineBound.lean:242:12: 'ring' tactic does nothing

Note: This linter can be disabled with `set_option linter.unusedTactic false`
warning: ZhangLS/Spec/RiemannZetaCriticalLineBound.lean:242:12: this tactic is never executed

Note: This linter can be disabled with `set_option linter.unreachableTactic false`
warning: ZhangLS/Spec/RiemannZetaCriticalLineBound.lean:219:41: Used `tac1 <;> tac2` where `(tac1; tac2)` would suffice

Note: This linter can be disabled with `set_option linter.unnecessarySeqFocus false`
warning: ZhangLS/Spec/RiemannZetaCriticalLineBound.lean:303:8: 'ring' tactic does nothing

Note: This linter can be disabled with `set_option linter.unusedTactic false`
warning: ZhangLS/Spec/RiemannZetaCriticalLineBound.lean:303:8: this tactic is never executed

Note: This linter can be disabled with `set_option linter.unreachableTactic false`
warning: ZhangLS/Spec/RiemannZetaCriticalLineBound.lean:394:12: This simp argument is unused:
  norm_div

Hint: Omit it from the simp argument list.
  simp ̵[̵n̵o̵r̵m̵_̵d̵i̵v̵]̵

Note: This linter can be disabled with `set_option linter.unusedSimpArgs false`
warning: ZhangLS/Spec/RiemannZetaCriticalLineBound.lean:475:75: This simp argument is unused:
  norm_div

Hint: Omit it from the simp argument list.
  simp ̵[̵n̵o̵r̵m̵_̵d̵i̵v̵]̵

Note: This linter can be disabled with `set_option linter.unusedSimpArgs false`
⚠ [3501/3667] Replayed ZhangLS.Spec.Lemma57CriticalStripGrowth
warning: ZhangLS/Spec/Lemma57CriticalStripGrowth.lean:270:14: This simp argument is unused:
  norm_div

Hint: Omit it from the simp argument list.
  simp ̵[̵n̵o̵r̵m̵_̵d̵i̵v̵]̵

Note: This linter can be disabled with `set_option linter.unusedSimpArgs false`
⚠ [3508/3667] Replayed ZhangLS.Spec.Lemma23DirichletConjugation
warning: ZhangLS/Spec/Lemma23DirichletConjugation.lean:23:0: automatically included section variable(s) unused in theorem `ZhangLS.Spec.dirichletLSeries_inv_eq_conj_at_conj`:
  [NeZero N]
consider restructuring your `variable` declarations so that the variables are not in scope or explicitly omit them:
  omit [NeZero N] in theorem ...

Note: This linter can be disabled with `set_option linter.unusedSectionVars false`
⚠ [3510/3667] Replayed ZhangLS.Spec.Lemma23PrimitiveGaussSum
warning: ZhangLS/Spec/Lemma23PrimitiveGaussSum.lean:42:19: Used `tac1 <;> tac2` where `(tac1; tac2)` would suffice

Note: This linter can be disabled with `set_option linter.unnecessarySeqFocus false`
⚠ [3511/3667] Replayed ZhangLS.Spec.Lemma23DirichletUnitModulus
warning: ZhangLS/Spec/Lemma23DirichletUnitModulus.lean:112:48: Used `tac1 <;> tac2` where `(tac1; tac2)` would suffice

Note: This linter can be disabled with `set_option linter.unnecessarySeqFocus false`
⚠ [3648/3667] Replayed ZhangLS.Spec.Lemma44ProductMellin
warning: ZhangLS/Spec/Lemma44ProductMellin.lean:144:4: try 'simp' instead of 'simpa'

Note: This linter can be disabled with `set_option linter.unnecessarySimpa false`
⚠ [3652/3667] Replayed ZhangLS.Spec.Lemma44RightMellinApproximation
warning: ZhangLS/Spec/Lemma44RightMellinApproximation.lean:37:4: try 'simp' instead of 'simpa'

Note: This linter can be disabled with `set_option linter.unnecessarySimpa false`
⚠ [3656/3667] Replayed ZhangLS.Spec.Lemma44ReflectedLongSum
warning: ZhangLS/Spec/Lemma44ReflectedLongSum.lean:81:64: Used `tac1 <;> tac2` where `(tac1; tac2)` would suffice

Note: This linter can be disabled with `set_option linter.unnecessarySeqFocus false`
⚠ [3658/3667] Replayed ZhangLS.Spec.Lemma44InitialLeftEstimates
warning: ZhangLS/Spec/Lemma44InitialLeftEstimates.lean:68:23: Used `tac1 <;> tac2` where `(tac1; tac2)` would suffice

Note: This linter can be disabled with `set_option linter.unnecessarySeqFocus false`
⚠ [3659/3667] Replayed ZhangLS.Spec.Lemma44HorizontalGrowth
warning: ZhangLS/Spec/Lemma44HorizontalGrowth.lean:147:6: 'push_cast' tactic does nothing

Note: This linter can be disabled with `set_option linter.unusedTactic false`
⚠ [3662/3667] Replayed ZhangLS.Spec.Lemma44GaussianVerticalTail
info: ZhangLS/Spec/Lemma44GaussianVerticalTail.lean:41:4: Try this:
  [apply] ring_nf
  
  The `ring` tactic failed to close the goal. Use `ring_nf` to obtain a normal form.
    
  Note that `ring` works primarily in *commutative* rings. If you have a noncommutative ring, abelian group or module, consider using `noncomm_ring`, `abel` or `module` instead.
info: ZhangLS/Spec/Lemma44GaussianVerticalTail.lean:57:16: Try this:
  [apply] ring_nf
  
  The `ring` tactic failed to close the goal. Use `ring_nf` to obtain a normal form.
    
  Note that `ring` works primarily in *commutative* rings. If you have a noncommutative ring, abelian group or module, consider using `noncomm_ring`, `abel` or `module` instead.
warning: ZhangLS/Spec/Lemma44GaussianVerticalTail.lean:57:12: Used `tac1 <;> tac2` where `(tac1; tac2)` would suffice

Note: This linter can be disabled with `set_option linter.unnecessarySeqFocus false`
warning: ZhangLS/Spec/Lemma44GaussianVerticalTail.lean:68:22: Used `tac1 <;> tac2` where `(tac1; tac2)` would suffice

Note: This linter can be disabled with `set_option linter.unnecessarySeqFocus false`
info: ZhangLS/Spec/Lemma44GaussianVerticalTail.lean:153:35: Try this:
  [apply] ring_nf
  
  The `ring` tactic failed to close the goal. Use `ring_nf` to obtain a normal form.
    
  Note that `ring` works primarily in *commutative* rings. If you have a noncommutative ring, abelian group or module, consider using `noncomm_ring`, `abel` or `module` instead.
⚠ [3663/3667] Replayed ZhangLS.Spec.Lemma44LocalRectangle
warning: ZhangLS/Spec/Lemma44LocalRectangle.lean:115:46: This simp argument is unused:
  zero_mul

Hint: Omit it from the simp argument list.
  simp only [mem_reProdIm, mem_Icc, sub_re, sub_im, ofReal_re, ofReal_im, mul_re, mul_im, I_re,
  ̲  ̲ ̲ ̲ ̲ ̲ ̲ ̲I_im, mul_zero, z̵e̵r̵o̵_̵m̵u̵l̵,̵ ̵mul_one, zero_add, sub_zero]

Note: This linter can be disabled with `set_option linter.unusedSimpArgs false`
warning: ZhangLS/Spec/Lemma44LocalRectangle.lean:115:65: This simp argument is unused:
  zero_add

Hint: Omit it from the simp argument list.
  simp only [mem_reProdIm, mem_Icc, sub_re, sub_im, ofReal_re, ofReal_im, mul_re, mul_im, I_re,
  ̲  ̲ ̲ ̲ ̲ ̲ ̲ ̲I_im, mul_zero, zero_mul, mul_one, z̵e̵r̵o̵_̵a̵d̵d̵,̵ ̵sub_zero]

Note: This linter can be disabled with `set_option linter.unusedSimpArgs false`
⚠ [3666/3667] Replayed ZhangLS.Spec.Lemma44HorizontalIntegrals
warning: ZhangLS/Spec/Lemma44HorizontalIntegrals.lean:18:5: unused variable `hK`

Note: This linter can be disabled with `set_option linter.unusedVariables false`
⚠ [3667/3667] Replayed ZhangLS.Spec.Lemma44ReflectedPolynomialContours
warning: ZhangLS/Spec/Lemma44ReflectedPolynomialContours.lean:152:64: This simp argument is unused:
  mul_left_comm

Hint: Omit it from the simp argument list.
  simp only [sub_eq_add_neg, add_comm, add_left_comm, mul_comm, mul_l̵e̵f̵t̵_̵c̵o̵m̵m̵,̵ ̵m̵u̵l̵_̵assoc] at hc ⊢

Note: This linter can be disabled with `set_option linter.unusedSimpArgs false`
warning: ZhangLS/Spec/Lemma44ReflectedPolynomialContours.lean:152:79: This simp argument is unused:
  mul_assoc

Hint: Omit it from the simp argument list.
  simp only [sub_eq_add_neg, add_comm, add_left_comm, mul_comm, mul_left_comm,̵ ̵m̵u̵l̵_̵a̵s̵s̵o̵c̵] at hc ⊢

Note: This linter can be disabled with `set_option linter.unusedSimpArgs false`
Build completed successfully (3667 jobs).
ZhangLS/Spec/Lemma44ReflectedPolynomialContours.lean:152:64: warning: This simp argument is unused:
  mul_left_comm

Hint: Omit it from the simp argument list.
  simp only [sub_eq_add_neg, add_comm, add_left_comm, mul_comm, mul_l̵e̵f̵t̵_̵c̵o̵m̵m̵,̵ ̵m̵u̵l̵_̵assoc] at hc ⊢

Note: This linter can be disabled with `set_option linter.unusedSimpArgs false`
ZhangLS/Spec/Lemma44ReflectedPolynomialContours.lean:152:79: warning: This simp argument is unused:
  mul_assoc

Hint: Omit it from the simp argument list.
  simp only [sub_eq_add_neg, add_comm, add_left_comm, mul_comm, mul_left_comm,̵ ̵m̵u̵l̵_̵a̵s̵s̵o̵c̵] at hc ⊢

Note: This linter can be disabled with `set_option linter.unusedSimpArgs false`
== kernel-check ZhangLS/Spec/Lemma44ReflectedSeriesSplit.lean ==
⚠ [1279/1448] Replayed ZhangLS.Spec.RealDirichletCharacter
warning: ZhangLS/Spec/RealDirichletCharacter.lean:48:4: try 'simp' instead of 'simpa'

Note: This linter can be disabled with `set_option linter.unnecessarySimpa false`
⚠ [1280/1448] Replayed ZhangLS.Spec.Lemma44CharacterProduct
warning: ZhangLS/Spec/Lemma44CharacterProduct.lean:55:38: This simp argument is unused:
  mul_comm

Hint: Omit it from the simp argument list.
  simp [̵m̵u̵l̵_̵c̵o̵m̵m̵,̵ ̵m̵u̵l̵_̵l̵e̵f̵t̵_̵c̵o̵m̵m̵,̵[̲m̲u̲l̲_̲l̲e̲f̲t̲_̲c̲o̲m̲m̲,̲ mul_assoc]

Note: This linter can be disabled with `set_option linter.unusedSimpArgs false`
warning: ZhangLS/Spec/Lemma44CharacterProduct.lean:55:48: This simp argument is unused:
  mul_left_comm

Hint: Omit it from the simp argument list.
  simp [mul_comm, mul_l̵e̵f̵t̵_̵c̵o̵m̵m̵,̵ ̵m̵u̵l̵_̵assoc]

Note: This linter can be disabled with `set_option linter.unusedSimpArgs false`
⚠ [2474/2738] Replayed ZhangLS.Spec.Lemma23AnalyticLogBranch
warning: ZhangLS/Spec/Lemma23AnalyticLogBranch.lean:42:53: try 'simp' instead of 'simpa'

Note: This linter can be disabled with `set_option linter.unnecessarySimpa false`
warning: ZhangLS/Spec/Lemma23AnalyticLogBranch.lean:67:44: try 'simp' instead of 'simpa'

Note: This linter can be disabled with `set_option linter.unnecessarySimpa false`
⚠ [3462/3660] Replayed ZhangLS.Spec.RealAxisAtOne
warning: ZhangLS/Spec/RealAxisAtOne.lean:56:4: try 'simp' instead of 'simpa'

Note: This linter can be disabled with `set_option linter.unnecessarySimpa false`
⚠ [3464/3660] Replayed ZhangLS.Spec.Lemma57
warning: ZhangLS/Spec/Lemma57.lean:101:58: unused variable `hD`

Note: This linter can be disabled with `set_option linter.unusedVariables false`
warning: ZhangLS/Spec/Lemma57.lean:102:7: unused variable `hA`

Note: This linter can be disabled with `set_option linter.unusedVariables false`
⚠ [3465/3660] Replayed ZhangLS.Spec.Lemma57Arithmetic
warning: ZhangLS/Spec/Lemma57Arithmetic.lean:55:15: unused variable `hc_g`

Note: This linter can be disabled with `set_option linter.unusedVariables false`
⚠ [3470/3660] Replayed ZhangLS.Spec.Lemma57SmoothedSum
warning: ZhangLS/Spec/Lemma57SmoothedSum.lean:42:46: unused variable `hD`

Note: This linter can be disabled with `set_option linter.unusedVariables false`
⚠ [3479/3660] Replayed ZhangLS.Spec.Lemma57GaussianGlobal
warning: ZhangLS/Spec/Lemma57GaussianGlobal.lean:55:58: unused variable `ha`

Note: This linter can be disabled with `set_option linter.unusedVariables false`
warning: ZhangLS/Spec/Lemma57GaussianGlobal.lean:241:13: unused variable `hD`

Note: This linter can be disabled with `set_option linter.unusedVariables false`
warning: ZhangLS/Spec/Lemma57GaussianGlobal.lean:241:34: unused variable `hx`

Note: This linter can be disabled with `set_option linter.unusedVariables false`
⚠ [3480/3660] Replayed ZhangLS.Spec.Lemma57SmoothedSummability
warning: ZhangLS/Spec/Lemma57SmoothedSummability.lean:20:52: unused variable `hn`

Note: This linter can be disabled with `set_option linter.unusedVariables false`
⚠ [3485/3660] Replayed ZhangLS.Spec.Lemma57GaussianMellinTransform
warning: ZhangLS/Spec/Lemma57GaussianMellinTransform.lean:67:63: Used `tac1 <;> tac2` where `(tac1; tac2)` would suffice

Note: This linter can be disabled with `set_option linter.unnecessarySeqFocus false`
warning: ZhangLS/Spec/Lemma57GaussianMellinTransform.lean:145:54: Used `tac1 <;> tac2` where `(tac1; tac2)` would suffice

Note: This linter can be disabled with `set_option linter.unnecessarySeqFocus false`
warning: ZhangLS/Spec/Lemma57GaussianMellinTransform.lean:326:4: Try `simp at hs` instead of `simpa using hs`

Note: This linter can be disabled with `set_option linter.unnecessarySimpa false`
⚠ [3499/3660] Replayed ZhangLS.Spec.RiemannZetaCriticalLineBound
warning: ZhangLS/Spec/RiemannZetaCriticalLineBound.lean:99:2: Used `tac1 <;> tac2` where `(tac1; tac2)` would suffice

Note: This linter can be disabled with `set_option linter.unnecessarySeqFocus false`
warning: ZhangLS/Spec/RiemannZetaCriticalLineBound.lean:124:13: unused variable `hs`

Note: This linter can be disabled with `set_option linter.unusedVariables false`
warning: ZhangLS/Spec/RiemannZetaCriticalLineBound.lean:152:6: unused variable `n`

Note: This linter can be disabled with `set_option linter.unusedVariables false`
warning: ZhangLS/Spec/RiemannZetaCriticalLineBound.lean:156:20: unused variable `k`

Note: This linter can be disabled with `set_option linter.unusedVariables false`
warning: ZhangLS/Spec/RiemannZetaCriticalLineBound.lean:161:8: This simp argument is unused:
  sum_one_Icc

Hint: Omit it from the simp argument list.
  simp ̵[̵s̵u̵m̵_̵o̵n̵e̵_̵I̵c̵c̵]̵

Note: This linter can be disabled with `set_option linter.unusedSimpArgs false`
warning: ZhangLS/Spec/RiemannZetaCriticalLineBound.lean:242:12: 'ring' tactic does nothing

Note: This linter can be disabled with `set_option linter.unusedTactic false`
warning: ZhangLS/Spec/RiemannZetaCriticalLineBound.lean:242:12: this tactic is never executed

Note: This linter can be disabled with `set_option linter.unreachableTactic false`
warning: ZhangLS/Spec/RiemannZetaCriticalLineBound.lean:219:41: Used `tac1 <;> tac2` where `(tac1; tac2)` would suffice

Note: This linter can be disabled with `set_option linter.unnecessarySeqFocus false`
warning: ZhangLS/Spec/RiemannZetaCriticalLineBound.lean:303:8: 'ring' tactic does nothing

Note: This linter can be disabled with `set_option linter.unusedTactic false`
warning: ZhangLS/Spec/RiemannZetaCriticalLineBound.lean:303:8: this tactic is never executed

Note: This linter can be disabled with `set_option linter.unreachableTactic false`
warning: ZhangLS/Spec/RiemannZetaCriticalLineBound.lean:394:12: This simp argument is unused:
  norm_div

Hint: Omit it from the simp argument list.
  simp ̵[̵n̵o̵r̵m̵_̵d̵i̵v̵]̵

Note: This linter can be disabled with `set_option linter.unusedSimpArgs false`
warning: ZhangLS/Spec/RiemannZetaCriticalLineBound.lean:475:75: This simp argument is unused:
  norm_div

Hint: Omit it from the simp argument list.
  simp ̵[̵n̵o̵r̵m̵_̵d̵i̵v̵]̵

Note: This linter can be disabled with `set_option linter.unusedSimpArgs false`
⚠ [3500/3660] Replayed ZhangLS.Spec.Lemma57CriticalStripGrowth
warning: ZhangLS/Spec/Lemma57CriticalStripGrowth.lean:270:14: This simp argument is unused:
  norm_div

Hint: Omit it from the simp argument list.
  simp ̵[̵n̵o̵r̵m̵_̵d̵i̵v̵]̵

Note: This linter can be disabled with `set_option linter.unusedSimpArgs false`
⚠ [3507/3660] Replayed ZhangLS.Spec.Lemma23DirichletConjugation
warning: ZhangLS/Spec/Lemma23DirichletConjugation.lean:23:0: automatically included section variable(s) unused in theorem `ZhangLS.Spec.dirichletLSeries_inv_eq_conj_at_conj`:
  [NeZero N]
consider restructuring your `variable` declarations so that the variables are not in scope or explicitly omit them:
  omit [NeZero N] in theorem ...

Note: This linter can be disabled with `set_option linter.unusedSectionVars false`
⚠ [3509/3660] Replayed ZhangLS.Spec.Lemma23PrimitiveGaussSum
warning: ZhangLS/Spec/Lemma23PrimitiveGaussSum.lean:42:19: Used `tac1 <;> tac2` where `(tac1; tac2)` would suffice

Note: This linter can be disabled with `set_option linter.unnecessarySeqFocus false`
⚠ [3510/3660] Replayed ZhangLS.Spec.Lemma23DirichletUnitModulus
warning: ZhangLS/Spec/Lemma23DirichletUnitModulus.lean:112:48: Used `tac1 <;> tac2` where `(tac1; tac2)` would suffice

Note: This linter can be disabled with `set_option linter.unnecessarySeqFocus false`
⚠ [3647/3660] Replayed ZhangLS.Spec.Lemma44ProductMellin
warning: ZhangLS/Spec/Lemma44ProductMellin.lean:144:4: try 'simp' instead of 'simpa'

Note: This linter can be disabled with `set_option linter.unnecessarySimpa false`
⚠ [3651/3660] Replayed ZhangLS.Spec.Lemma44RightMellinApproximation
warning: ZhangLS/Spec/Lemma44RightMellinApproximation.lean:37:4: try 'simp' instead of 'simpa'

Note: This linter can be disabled with `set_option linter.unnecessarySimpa false`
⚠ [3655/3660] Replayed ZhangLS.Spec.Lemma44ReflectedLongSum
warning: ZhangLS/Spec/Lemma44ReflectedLongSum.lean:81:64: Used `tac1 <;> tac2` where `(tac1; tac2)` would suffice

Note: This linter can be disabled with `set_option linter.unnecessarySeqFocus false`
⚠ [3658/3660] Replayed ZhangLS.Spec.Lemma44InitialLeftEstimates
warning: ZhangLS/Spec/Lemma44InitialLeftEstimates.lean:68:23: Used `tac1 <;> tac2` where `(tac1; tac2)` would suffice

Note: This linter can be disabled with `set_option linter.unnecessarySeqFocus false`
Build completed successfully (3660 jobs).
== kernel-check ZhangLS/Spec/Lemma44ReflectedTail.lean ==
⚠ [1279/1442] Replayed ZhangLS.Spec.RealDirichletCharacter
warning: ZhangLS/Spec/RealDirichletCharacter.lean:48:4: try 'simp' instead of 'simpa'

Note: This linter can be disabled with `set_option linter.unnecessarySimpa false`
⚠ [1280/1442] Replayed ZhangLS.Spec.Lemma44CharacterProduct
warning: ZhangLS/Spec/Lemma44CharacterProduct.lean:55:38: This simp argument is unused:
  mul_comm

Hint: Omit it from the simp argument list.
  simp [̵m̵u̵l̵_̵c̵o̵m̵m̵,̵ ̵m̵u̵l̵_̵l̵e̵f̵t̵_̵c̵o̵m̵m̵,̵[̲m̲u̲l̲_̲l̲e̲f̲t̲_̲c̲o̲m̲m̲,̲ mul_assoc]

Note: This linter can be disabled with `set_option linter.unusedSimpArgs false`
warning: ZhangLS/Spec/Lemma44CharacterProduct.lean:55:48: This simp argument is unused:
  mul_left_comm

Hint: Omit it from the simp argument list.
  simp [mul_comm, mul_l̵e̵f̵t̵_̵c̵o̵m̵m̵,̵ ̵m̵u̵l̵_̵assoc]

Note: This linter can be disabled with `set_option linter.unusedSimpArgs false`
⚠ [2474/2733] Replayed ZhangLS.Spec.Lemma23AnalyticLogBranch
warning: ZhangLS/Spec/Lemma23AnalyticLogBranch.lean:42:53: try 'simp' instead of 'simpa'

Note: This linter can be disabled with `set_option linter.unnecessarySimpa false`
warning: ZhangLS/Spec/Lemma23AnalyticLogBranch.lean:67:44: try 'simp' instead of 'simpa'

Note: This linter can be disabled with `set_option linter.unnecessarySimpa false`
⚠ [3462/3657] Replayed ZhangLS.Spec.RealAxisAtOne
warning: ZhangLS/Spec/RealAxisAtOne.lean:56:4: try 'simp' instead of 'simpa'

Note: This linter can be disabled with `set_option linter.unnecessarySimpa false`
⚠ [3464/3657] Replayed ZhangLS.Spec.Lemma57
warning: ZhangLS/Spec/Lemma57.lean:101:58: unused variable `hD`

Note: This linter can be disabled with `set_option linter.unusedVariables false`
warning: ZhangLS/Spec/Lemma57.lean:102:7: unused variable `hA`

Note: This linter can be disabled with `set_option linter.unusedVariables false`
⚠ [3465/3657] Replayed ZhangLS.Spec.Lemma57Arithmetic
warning: ZhangLS/Spec/Lemma57Arithmetic.lean:55:15: unused variable `hc_g`

Note: This linter can be disabled with `set_option linter.unusedVariables false`
⚠ [3470/3657] Replayed ZhangLS.Spec.Lemma57SmoothedSum
warning: ZhangLS/Spec/Lemma57SmoothedSum.lean:42:46: unused variable `hD`

Note: This linter can be disabled with `set_option linter.unusedVariables false`
⚠ [3479/3657] Replayed ZhangLS.Spec.Lemma57GaussianGlobal
warning: ZhangLS/Spec/Lemma57GaussianGlobal.lean:55:58: unused variable `ha`

Note: This linter can be disabled with `set_option linter.unusedVariables false`
warning: ZhangLS/Spec/Lemma57GaussianGlobal.lean:241:13: unused variable `hD`

Note: This linter can be disabled with `set_option linter.unusedVariables false`
warning: ZhangLS/Spec/Lemma57GaussianGlobal.lean:241:34: unused variable `hx`

Note: This linter can be disabled with `set_option linter.unusedVariables false`
⚠ [3480/3657] Replayed ZhangLS.Spec.Lemma57SmoothedSummability
warning: ZhangLS/Spec/Lemma57SmoothedSummability.lean:20:52: unused variable `hn`

Note: This linter can be disabled with `set_option linter.unusedVariables false`
⚠ [3485/3657] Replayed ZhangLS.Spec.Lemma57GaussianMellinTransform
warning: ZhangLS/Spec/Lemma57GaussianMellinTransform.lean:67:63: Used `tac1 <;> tac2` where `(tac1; tac2)` would suffice

Note: This linter can be disabled with `set_option linter.unnecessarySeqFocus false`
warning: ZhangLS/Spec/Lemma57GaussianMellinTransform.lean:145:54: Used `tac1 <;> tac2` where `(tac1; tac2)` would suffice

Note: This linter can be disabled with `set_option linter.unnecessarySeqFocus false`
warning: ZhangLS/Spec/Lemma57GaussianMellinTransform.lean:326:4: Try `simp at hs` instead of `simpa using hs`

Note: This linter can be disabled with `set_option linter.unnecessarySimpa false`
⚠ [3499/3657] Replayed ZhangLS.Spec.RiemannZetaCriticalLineBound
warning: ZhangLS/Spec/RiemannZetaCriticalLineBound.lean:99:2: Used `tac1 <;> tac2` where `(tac1; tac2)` would suffice

Note: This linter can be disabled with `set_option linter.unnecessarySeqFocus false`
warning: ZhangLS/Spec/RiemannZetaCriticalLineBound.lean:124:13: unused variable `hs`

Note: This linter can be disabled with `set_option linter.unusedVariables false`
warning: ZhangLS/Spec/RiemannZetaCriticalLineBound.lean:152:6: unused variable `n`

Note: This linter can be disabled with `set_option linter.unusedVariables false`
warning: ZhangLS/Spec/RiemannZetaCriticalLineBound.lean:156:20: unused variable `k`

Note: This linter can be disabled with `set_option linter.unusedVariables false`
warning: ZhangLS/Spec/RiemannZetaCriticalLineBound.lean:161:8: This simp argument is unused:
  sum_one_Icc

Hint: Omit it from the simp argument list.
  simp ̵[̵s̵u̵m̵_̵o̵n̵e̵_̵I̵c̵c̵]̵

Note: This linter can be disabled with `set_option linter.unusedSimpArgs false`
warning: ZhangLS/Spec/RiemannZetaCriticalLineBound.lean:242:12: 'ring' tactic does nothing

Note: This linter can be disabled with `set_option linter.unusedTactic false`
warning: ZhangLS/Spec/RiemannZetaCriticalLineBound.lean:242:12: this tactic is never executed

Note: This linter can be disabled with `set_option linter.unreachableTactic false`
warning: ZhangLS/Spec/RiemannZetaCriticalLineBound.lean:219:41: Used `tac1 <;> tac2` where `(tac1; tac2)` would suffice

Note: This linter can be disabled with `set_option linter.unnecessarySeqFocus false`
warning: ZhangLS/Spec/RiemannZetaCriticalLineBound.lean:303:8: 'ring' tactic does nothing

Note: This linter can be disabled with `set_option linter.unusedTactic false`
warning: ZhangLS/Spec/RiemannZetaCriticalLineBound.lean:303:8: this tactic is never executed

Note: This linter can be disabled with `set_option linter.unreachableTactic false`
warning: ZhangLS/Spec/RiemannZetaCriticalLineBound.lean:394:12: This simp argument is unused:
  norm_div

Hint: Omit it from the simp argument list.
  simp ̵[̵n̵o̵r̵m̵_̵d̵i̵v̵]̵

Note: This linter can be disabled with `set_option linter.unusedSimpArgs false`
warning: ZhangLS/Spec/RiemannZetaCriticalLineBound.lean:475:75: This simp argument is unused:
  norm_div

Hint: Omit it from the simp argument list.
  simp ̵[̵n̵o̵r̵m̵_̵d̵i̵v̵]̵

Note: This linter can be disabled with `set_option linter.unusedSimpArgs false`
⚠ [3500/3657] Replayed ZhangLS.Spec.Lemma57CriticalStripGrowth
warning: ZhangLS/Spec/Lemma57CriticalStripGrowth.lean:270:14: This simp argument is unused:
  norm_div

Hint: Omit it from the simp argument list.
  simp ̵[̵n̵o̵r̵m̵_̵d̵i̵v̵]̵

Note: This linter can be disabled with `set_option linter.unusedSimpArgs false`
⚠ [3507/3657] Replayed ZhangLS.Spec.Lemma23DirichletConjugation
warning: ZhangLS/Spec/Lemma23DirichletConjugation.lean:23:0: automatically included section variable(s) unused in theorem `ZhangLS.Spec.dirichletLSeries_inv_eq_conj_at_conj`:
  [NeZero N]
consider restructuring your `variable` declarations so that the variables are not in scope or explicitly omit them:
  omit [NeZero N] in theorem ...

Note: This linter can be disabled with `set_option linter.unusedSectionVars false`
⚠ [3509/3657] Replayed ZhangLS.Spec.Lemma23PrimitiveGaussSum
warning: ZhangLS/Spec/Lemma23PrimitiveGaussSum.lean:42:19: Used `tac1 <;> tac2` where `(tac1; tac2)` would suffice

Note: This linter can be disabled with `set_option linter.unnecessarySeqFocus false`
⚠ [3510/3657] Replayed ZhangLS.Spec.Lemma23DirichletUnitModulus
warning: ZhangLS/Spec/Lemma23DirichletUnitModulus.lean:112:48: Used `tac1 <;> tac2` where `(tac1; tac2)` would suffice

Note: This linter can be disabled with `set_option linter.unnecessarySeqFocus false`
⚠ [3647/3657] Replayed ZhangLS.Spec.Lemma44ProductMellin
warning: ZhangLS/Spec/Lemma44ProductMellin.lean:144:4: try 'simp' instead of 'simpa'

Note: This linter can be disabled with `set_option linter.unnecessarySimpa false`
⚠ [3651/3657] Replayed ZhangLS.Spec.Lemma44RightMellinApproximation
warning: ZhangLS/Spec/Lemma44RightMellinApproximation.lean:37:4: try 'simp' instead of 'simpa'

Note: This linter can be disabled with `set_option linter.unnecessarySimpa false`
⚠ [3655/3657] Replayed ZhangLS.Spec.Lemma44ReflectedLongSum
warning: ZhangLS/Spec/Lemma44ReflectedLongSum.lean:81:64: Used `tac1 <;> tac2` where `(tac1; tac2)` would suffice

Note: This linter can be disabled with `set_option linter.unnecessarySeqFocus false`
Build completed successfully (3657 jobs).
== kernel-check ZhangLS/Spec/Lemma44ReflectedTailContour.lean ==
⚠ [1279/1473] Replayed ZhangLS.Spec.RealDirichletCharacter
warning: ZhangLS/Spec/RealDirichletCharacter.lean:48:4: try 'simp' instead of 'simpa'

Note: This linter can be disabled with `set_option linter.unnecessarySimpa false`
⚠ [1280/1473] Replayed ZhangLS.Spec.Lemma44CharacterProduct
warning: ZhangLS/Spec/Lemma44CharacterProduct.lean:55:38: This simp argument is unused:
  mul_comm

Hint: Omit it from the simp argument list.
  simp [̵m̵u̵l̵_̵c̵o̵m̵m̵,̵ ̵m̵u̵l̵_̵l̵e̵f̵t̵_̵c̵o̵m̵m̵,̵[̲m̲u̲l̲_̲l̲e̲f̲t̲_̲c̲o̲m̲m̲,̲ mul_assoc]

Note: This linter can be disabled with `set_option linter.unusedSimpArgs false`
warning: ZhangLS/Spec/Lemma44CharacterProduct.lean:55:48: This simp argument is unused:
  mul_left_comm

Hint: Omit it from the simp argument list.
  simp [mul_comm, mul_l̵e̵f̵t̵_̵c̵o̵m̵m̵,̵ ̵m̵u̵l̵_̵assoc]

Note: This linter can be disabled with `set_option linter.unusedSimpArgs false`
⚠ [2474/2803] Replayed ZhangLS.Spec.Lemma23AnalyticLogBranch
warning: ZhangLS/Spec/Lemma23AnalyticLogBranch.lean:42:53: try 'simp' instead of 'simpa'

Note: This linter can be disabled with `set_option linter.unnecessarySimpa false`
warning: ZhangLS/Spec/Lemma23AnalyticLogBranch.lean:67:44: try 'simp' instead of 'simpa'

Note: This linter can be disabled with `set_option linter.unnecessarySimpa false`
⚠ [3462/3659] Replayed ZhangLS.Spec.RealAxisAtOne
warning: ZhangLS/Spec/RealAxisAtOne.lean:56:4: try 'simp' instead of 'simpa'

Note: This linter can be disabled with `set_option linter.unnecessarySimpa false`
⚠ [3464/3659] Replayed ZhangLS.Spec.Lemma57
warning: ZhangLS/Spec/Lemma57.lean:101:58: unused variable `hD`

Note: This linter can be disabled with `set_option linter.unusedVariables false`
warning: ZhangLS/Spec/Lemma57.lean:102:7: unused variable `hA`

Note: This linter can be disabled with `set_option linter.unusedVariables false`
⚠ [3465/3659] Replayed ZhangLS.Spec.Lemma57Arithmetic
warning: ZhangLS/Spec/Lemma57Arithmetic.lean:55:15: unused variable `hc_g`

Note: This linter can be disabled with `set_option linter.unusedVariables false`
⚠ [3470/3659] Replayed ZhangLS.Spec.Lemma57SmoothedSum
warning: ZhangLS/Spec/Lemma57SmoothedSum.lean:42:46: unused variable `hD`

Note: This linter can be disabled with `set_option linter.unusedVariables false`
⚠ [3479/3659] Replayed ZhangLS.Spec.Lemma57GaussianGlobal
warning: ZhangLS/Spec/Lemma57GaussianGlobal.lean:55:58: unused variable `ha`

Note: This linter can be disabled with `set_option linter.unusedVariables false`
warning: ZhangLS/Spec/Lemma57GaussianGlobal.lean:241:13: unused variable `hD`

Note: This linter can be disabled with `set_option linter.unusedVariables false`
warning: ZhangLS/Spec/Lemma57GaussianGlobal.lean:241:34: unused variable `hx`

Note: This linter can be disabled with `set_option linter.unusedVariables false`
⚠ [3480/3659] Replayed ZhangLS.Spec.Lemma57SmoothedSummability
warning: ZhangLS/Spec/Lemma57SmoothedSummability.lean:20:52: unused variable `hn`

Note: This linter can be disabled with `set_option linter.unusedVariables false`
⚠ [3485/3659] Replayed ZhangLS.Spec.Lemma57GaussianMellinTransform
warning: ZhangLS/Spec/Lemma57GaussianMellinTransform.lean:67:63: Used `tac1 <;> tac2` where `(tac1; tac2)` would suffice

Note: This linter can be disabled with `set_option linter.unnecessarySeqFocus false`
warning: ZhangLS/Spec/Lemma57GaussianMellinTransform.lean:145:54: Used `tac1 <;> tac2` where `(tac1; tac2)` would suffice

Note: This linter can be disabled with `set_option linter.unnecessarySeqFocus false`
warning: ZhangLS/Spec/Lemma57GaussianMellinTransform.lean:326:4: Try `simp at hs` instead of `simpa using hs`

Note: This linter can be disabled with `set_option linter.unnecessarySimpa false`
⚠ [3499/3659] Replayed ZhangLS.Spec.RiemannZetaCriticalLineBound
warning: ZhangLS/Spec/RiemannZetaCriticalLineBound.lean:99:2: Used `tac1 <;> tac2` where `(tac1; tac2)` would suffice

Note: This linter can be disabled with `set_option linter.unnecessarySeqFocus false`
warning: ZhangLS/Spec/RiemannZetaCriticalLineBound.lean:124:13: unused variable `hs`

Note: This linter can be disabled with `set_option linter.unusedVariables false`
warning: ZhangLS/Spec/RiemannZetaCriticalLineBound.lean:152:6: unused variable `n`

Note: This linter can be disabled with `set_option linter.unusedVariables false`
warning: ZhangLS/Spec/RiemannZetaCriticalLineBound.lean:156:20: unused variable `k`

Note: This linter can be disabled with `set_option linter.unusedVariables false`
warning: ZhangLS/Spec/RiemannZetaCriticalLineBound.lean:161:8: This simp argument is unused:
  sum_one_Icc

Hint: Omit it from the simp argument list.
  simp ̵[̵s̵u̵m̵_̵o̵n̵e̵_̵I̵c̵c̵]̵

Note: This linter can be disabled with `set_option linter.unusedSimpArgs false`
warning: ZhangLS/Spec/RiemannZetaCriticalLineBound.lean:242:12: 'ring' tactic does nothing

Note: This linter can be disabled with `set_option linter.unusedTactic false`
warning: ZhangLS/Spec/RiemannZetaCriticalLineBound.lean:242:12: this tactic is never executed

Note: This linter can be disabled with `set_option linter.unreachableTactic false`
warning: ZhangLS/Spec/RiemannZetaCriticalLineBound.lean:219:41: Used `tac1 <;> tac2` where `(tac1; tac2)` would suffice

Note: This linter can be disabled with `set_option linter.unnecessarySeqFocus false`
warning: ZhangLS/Spec/RiemannZetaCriticalLineBound.lean:303:8: 'ring' tactic does nothing

Note: This linter can be disabled with `set_option linter.unusedTactic false`
warning: ZhangLS/Spec/RiemannZetaCriticalLineBound.lean:303:8: this tactic is never executed

Note: This linter can be disabled with `set_option linter.unreachableTactic false`
warning: ZhangLS/Spec/RiemannZetaCriticalLineBound.lean:394:12: This simp argument is unused:
  norm_div

Hint: Omit it from the simp argument list.
  simp ̵[̵n̵o̵r̵m̵_̵d̵i̵v̵]̵

Note: This linter can be disabled with `set_option linter.unusedSimpArgs false`
warning: ZhangLS/Spec/RiemannZetaCriticalLineBound.lean:475:75: This simp argument is unused:
  norm_div

Hint: Omit it from the simp argument list.
  simp ̵[̵n̵o̵r̵m̵_̵d̵i̵v̵]̵

Note: This linter can be disabled with `set_option linter.unusedSimpArgs false`
⚠ [3500/3659] Replayed ZhangLS.Spec.Lemma57CriticalStripGrowth
warning: ZhangLS/Spec/Lemma57CriticalStripGrowth.lean:270:14: This simp argument is unused:
  norm_div

Hint: Omit it from the simp argument list.
  simp ̵[̵n̵o̵r̵m̵_̵d̵i̵v̵]̵

Note: This linter can be disabled with `set_option linter.unusedSimpArgs false`
⚠ [3507/3659] Replayed ZhangLS.Spec.Lemma23DirichletConjugation
warning: ZhangLS/Spec/Lemma23DirichletConjugation.lean:23:0: automatically included section variable(s) unused in theorem `ZhangLS.Spec.dirichletLSeries_inv_eq_conj_at_conj`:
  [NeZero N]
consider restructuring your `variable` declarations so that the variables are not in scope or explicitly omit them:
  omit [NeZero N] in theorem ...

Note: This linter can be disabled with `set_option linter.unusedSectionVars false`
⚠ [3509/3659] Replayed ZhangLS.Spec.Lemma23PrimitiveGaussSum
warning: ZhangLS/Spec/Lemma23PrimitiveGaussSum.lean:42:19: Used `tac1 <;> tac2` where `(tac1; tac2)` would suffice

Note: This linter can be disabled with `set_option linter.unnecessarySeqFocus false`
⚠ [3510/3659] Replayed ZhangLS.Spec.Lemma23DirichletUnitModulus
warning: ZhangLS/Spec/Lemma23DirichletUnitModulus.lean:112:48: Used `tac1 <;> tac2` where `(tac1; tac2)` would suffice

Note: This linter can be disabled with `set_option linter.unnecessarySeqFocus false`
⚠ [3647/3659] Replayed ZhangLS.Spec.Lemma44ProductMellin
warning: ZhangLS/Spec/Lemma44ProductMellin.lean:144:4: try 'simp' instead of 'simpa'

Note: This linter can be disabled with `set_option linter.unnecessarySimpa false`
⚠ [3651/3659] Replayed ZhangLS.Spec.Lemma44RightMellinApproximation
warning: ZhangLS/Spec/Lemma44RightMellinApproximation.lean:37:4: try 'simp' instead of 'simpa'

Note: This linter can be disabled with `set_option linter.unnecessarySimpa false`
⚠ [3655/3659] Replayed ZhangLS.Spec.Lemma44ReflectedLongSum
warning: ZhangLS/Spec/Lemma44ReflectedLongSum.lean:81:64: Used `tac1 <;> tac2` where `(tac1; tac2)` would suffice

Note: This linter can be disabled with `set_option linter.unnecessarySeqFocus false`
⚠ [3658/3659] Replayed ZhangLS.Spec.Lemma44InitialLeftEstimates
warning: ZhangLS/Spec/Lemma44InitialLeftEstimates.lean:68:23: Used `tac1 <;> tac2` where `(tac1; tac2)` would suffice

Note: This linter can be disabled with `set_option linter.unnecessarySeqFocus false`
Build completed successfully (3659 jobs).
== kernel-check ZhangLS/Spec/Lemma44RightMellinApproximation.lean ==
⚠ [1279/1363] Replayed ZhangLS.Spec.RealDirichletCharacter
warning: ZhangLS/Spec/RealDirichletCharacter.lean:48:4: try 'simp' instead of 'simpa'

Note: This linter can be disabled with `set_option linter.unnecessarySimpa false`
⚠ [1280/1363] Replayed ZhangLS.Spec.Lemma44CharacterProduct
warning: ZhangLS/Spec/Lemma44CharacterProduct.lean:55:38: This simp argument is unused:
  mul_comm

Hint: Omit it from the simp argument list.
  simp [̵m̵u̵l̵_̵c̵o̵m̵m̵,̵ ̵m̵u̵l̵_̵l̵e̵f̵t̵_̵c̵o̵m̵m̵,̵[̲m̲u̲l̲_̲l̲e̲f̲t̲_̲c̲o̲m̲m̲,̲ mul_assoc]

Note: This linter can be disabled with `set_option linter.unusedSimpArgs false`
warning: ZhangLS/Spec/Lemma44CharacterProduct.lean:55:48: This simp argument is unused:
  mul_left_comm

Hint: Omit it from the simp argument list.
  simp [mul_comm, mul_l̵e̵f̵t̵_̵c̵o̵m̵m̵,̵ ̵m̵u̵l̵_̵assoc]

Note: This linter can be disabled with `set_option linter.unusedSimpArgs false`
⚠ [2474/2659] Replayed ZhangLS.Spec.Lemma23AnalyticLogBranch
warning: ZhangLS/Spec/Lemma23AnalyticLogBranch.lean:42:53: try 'simp' instead of 'simpa'

Note: This linter can be disabled with `set_option linter.unnecessarySimpa false`
warning: ZhangLS/Spec/Lemma23AnalyticLogBranch.lean:67:44: try 'simp' instead of 'simpa'

Note: This linter can be disabled with `set_option linter.unnecessarySimpa false`
⚠ [3462/3650] Replayed ZhangLS.Spec.RealAxisAtOne
warning: ZhangLS/Spec/RealAxisAtOne.lean:56:4: try 'simp' instead of 'simpa'

Note: This linter can be disabled with `set_option linter.unnecessarySimpa false`
⚠ [3464/3650] Replayed ZhangLS.Spec.Lemma57
warning: ZhangLS/Spec/Lemma57.lean:101:58: unused variable `hD`

Note: This linter can be disabled with `set_option linter.unusedVariables false`
warning: ZhangLS/Spec/Lemma57.lean:102:7: unused variable `hA`

Note: This linter can be disabled with `set_option linter.unusedVariables false`
⚠ [3465/3650] Replayed ZhangLS.Spec.Lemma57Arithmetic
warning: ZhangLS/Spec/Lemma57Arithmetic.lean:55:15: unused variable `hc_g`

Note: This linter can be disabled with `set_option linter.unusedVariables false`
⚠ [3470/3650] Replayed ZhangLS.Spec.Lemma57SmoothedSum
warning: ZhangLS/Spec/Lemma57SmoothedSum.lean:42:46: unused variable `hD`

Note: This linter can be disabled with `set_option linter.unusedVariables false`
⚠ [3479/3650] Replayed ZhangLS.Spec.Lemma57GaussianGlobal
warning: ZhangLS/Spec/Lemma57GaussianGlobal.lean:55:58: unused variable `ha`

Note: This linter can be disabled with `set_option linter.unusedVariables false`
warning: ZhangLS/Spec/Lemma57GaussianGlobal.lean:241:13: unused variable `hD`

Note: This linter can be disabled with `set_option linter.unusedVariables false`
warning: ZhangLS/Spec/Lemma57GaussianGlobal.lean:241:34: unused variable `hx`

Note: This linter can be disabled with `set_option linter.unusedVariables false`
⚠ [3480/3650] Replayed ZhangLS.Spec.Lemma57SmoothedSummability
warning: ZhangLS/Spec/Lemma57SmoothedSummability.lean:20:52: unused variable `hn`

Note: This linter can be disabled with `set_option linter.unusedVariables false`
⚠ [3485/3650] Replayed ZhangLS.Spec.Lemma57GaussianMellinTransform
warning: ZhangLS/Spec/Lemma57GaussianMellinTransform.lean:67:63: Used `tac1 <;> tac2` where `(tac1; tac2)` would suffice

Note: This linter can be disabled with `set_option linter.unnecessarySeqFocus false`
warning: ZhangLS/Spec/Lemma57GaussianMellinTransform.lean:145:54: Used `tac1 <;> tac2` where `(tac1; tac2)` would suffice

Note: This linter can be disabled with `set_option linter.unnecessarySeqFocus false`
warning: ZhangLS/Spec/Lemma57GaussianMellinTransform.lean:326:4: Try `simp at hs` instead of `simpa using hs`

Note: This linter can be disabled with `set_option linter.unnecessarySimpa false`
⚠ [3499/3650] Replayed ZhangLS.Spec.RiemannZetaCriticalLineBound
warning: ZhangLS/Spec/RiemannZetaCriticalLineBound.lean:99:2: Used `tac1 <;> tac2` where `(tac1; tac2)` would suffice

Note: This linter can be disabled with `set_option linter.unnecessarySeqFocus false`
warning: ZhangLS/Spec/RiemannZetaCriticalLineBound.lean:124:13: unused variable `hs`

Note: This linter can be disabled with `set_option linter.unusedVariables false`
warning: ZhangLS/Spec/RiemannZetaCriticalLineBound.lean:152:6: unused variable `n`

Note: This linter can be disabled with `set_option linter.unusedVariables false`
warning: ZhangLS/Spec/RiemannZetaCriticalLineBound.lean:156:20: unused variable `k`

Note: This linter can be disabled with `set_option linter.unusedVariables false`
warning: ZhangLS/Spec/RiemannZetaCriticalLineBound.lean:161:8: This simp argument is unused:
  sum_one_Icc

Hint: Omit it from the simp argument list.
  simp ̵[̵s̵u̵m̵_̵o̵n̵e̵_̵I̵c̵c̵]̵

Note: This linter can be disabled with `set_option linter.unusedSimpArgs false`
warning: ZhangLS/Spec/RiemannZetaCriticalLineBound.lean:242:12: 'ring' tactic does nothing

Note: This linter can be disabled with `set_option linter.unusedTactic false`
warning: ZhangLS/Spec/RiemannZetaCriticalLineBound.lean:242:12: this tactic is never executed

Note: This linter can be disabled with `set_option linter.unreachableTactic false`
warning: ZhangLS/Spec/RiemannZetaCriticalLineBound.lean:219:41: Used `tac1 <;> tac2` where `(tac1; tac2)` would suffice

Note: This linter can be disabled with `set_option linter.unnecessarySeqFocus false`
warning: ZhangLS/Spec/RiemannZetaCriticalLineBound.lean:303:8: 'ring' tactic does nothing

Note: This linter can be disabled with `set_option linter.unusedTactic false`
warning: ZhangLS/Spec/RiemannZetaCriticalLineBound.lean:303:8: this tactic is never executed

Note: This linter can be disabled with `set_option linter.unreachableTactic false`
warning: ZhangLS/Spec/RiemannZetaCriticalLineBound.lean:394:12: This simp argument is unused:
  norm_div

Hint: Omit it from the simp argument list.
  simp ̵[̵n̵o̵r̵m̵_̵d̵i̵v̵]̵

Note: This linter can be disabled with `set_option linter.unusedSimpArgs false`
warning: ZhangLS/Spec/RiemannZetaCriticalLineBound.lean:475:75: This simp argument is unused:
  norm_div

Hint: Omit it from the simp argument list.
  simp ̵[̵n̵o̵r̵m̵_̵d̵i̵v̵]̵

Note: This linter can be disabled with `set_option linter.unusedSimpArgs false`
⚠ [3500/3650] Replayed ZhangLS.Spec.Lemma57CriticalStripGrowth
warning: ZhangLS/Spec/Lemma57CriticalStripGrowth.lean:270:14: This simp argument is unused:
  norm_div

Hint: Omit it from the simp argument list.
  simp ̵[̵n̵o̵r̵m̵_̵d̵i̵v̵]̵

Note: This linter can be disabled with `set_option linter.unusedSimpArgs false`
⚠ [3507/3650] Replayed ZhangLS.Spec.Lemma23DirichletConjugation
warning: ZhangLS/Spec/Lemma23DirichletConjugation.lean:23:0: automatically included section variable(s) unused in theorem `ZhangLS.Spec.dirichletLSeries_inv_eq_conj_at_conj`:
  [NeZero N]
consider restructuring your `variable` declarations so that the variables are not in scope or explicitly omit them:
  omit [NeZero N] in theorem ...

Note: This linter can be disabled with `set_option linter.unusedSectionVars false`
⚠ [3509/3650] Replayed ZhangLS.Spec.Lemma23PrimitiveGaussSum
warning: ZhangLS/Spec/Lemma23PrimitiveGaussSum.lean:42:19: Used `tac1 <;> tac2` where `(tac1; tac2)` would suffice

Note: This linter can be disabled with `set_option linter.unnecessarySeqFocus false`
⚠ [3510/3650] Replayed ZhangLS.Spec.Lemma23DirichletUnitModulus
warning: ZhangLS/Spec/Lemma23DirichletUnitModulus.lean:112:48: Used `tac1 <;> tac2` where `(tac1; tac2)` would suffice

Note: This linter can be disabled with `set_option linter.unnecessarySeqFocus false`
⚠ [3647/3650] Replayed ZhangLS.Spec.Lemma44ProductMellin
warning: ZhangLS/Spec/Lemma44ProductMellin.lean:144:4: try 'simp' instead of 'simpa'

Note: This linter can be disabled with `set_option linter.unnecessarySimpa false`
⚠ [3650/3650] Replayed ZhangLS.Spec.Lemma44RightMellinApproximation
warning: ZhangLS/Spec/Lemma44RightMellinApproximation.lean:37:4: try 'simp' instead of 'simpa'

Note: This linter can be disabled with `set_option linter.unnecessarySimpa false`
Build completed successfully (3650 jobs).
ZhangLS/Spec/Lemma44RightMellinApproximation.lean:37:4: warning: try 'simp' instead of 'simpa'

Note: This linter can be disabled with `set_option linter.unnecessarySimpa false`
== kernel-check ZhangLS/Spec/Lemma44RightVerticalTruncation.lean ==
⚠ [1279/1456] Replayed ZhangLS.Spec.RealDirichletCharacter
warning: ZhangLS/Spec/RealDirichletCharacter.lean:48:4: try 'simp' instead of 'simpa'

Note: This linter can be disabled with `set_option linter.unnecessarySimpa false`
⚠ [3433/3662] Replayed ZhangLS.Spec.Lemma44ComplexCharacterAbel
warning: ZhangLS/Spec/Lemma44ComplexCharacterAbel.lean:73:56: unused variable `hD`

Note: This linter can be disabled with `set_option linter.unusedVariables false`
⚠ [3434/3662] Replayed ZhangLS.Spec.Lemma44CharacterProduct
warning: ZhangLS/Spec/Lemma44CharacterProduct.lean:55:38: This simp argument is unused:
  mul_comm

Hint: Omit it from the simp argument list.
  simp [̵m̵u̵l̵_̵c̵o̵m̵m̵,̵ ̵m̵u̵l̵_̵l̵e̵f̵t̵_̵c̵o̵m̵m̵,̵[̲m̲u̲l̲_̲l̲e̲f̲t̲_̲c̲o̲m̲m̲,̲ mul_assoc]

Note: This linter can be disabled with `set_option linter.unusedSimpArgs false`
warning: ZhangLS/Spec/Lemma44CharacterProduct.lean:55:48: This simp argument is unused:
  mul_left_comm

Hint: Omit it from the simp argument list.
  simp [mul_comm, mul_l̵e̵f̵t̵_̵c̵o̵m̵m̵,̵ ̵m̵u̵l̵_̵assoc]

Note: This linter can be disabled with `set_option linter.unusedSimpArgs false`
⚠ [3459/3662] Replayed ZhangLS.Spec.Lemma23AnalyticLogBranch
warning: ZhangLS/Spec/Lemma23AnalyticLogBranch.lean:42:53: try 'simp' instead of 'simpa'

Note: This linter can be disabled with `set_option linter.unnecessarySimpa false`
warning: ZhangLS/Spec/Lemma23AnalyticLogBranch.lean:67:44: try 'simp' instead of 'simpa'

Note: This linter can be disabled with `set_option linter.unnecessarySimpa false`
⚠ [3471/3662] Replayed ZhangLS.Spec.RealAxisAtOne
warning: ZhangLS/Spec/RealAxisAtOne.lean:56:4: try 'simp' instead of 'simpa'

Note: This linter can be disabled with `set_option linter.unnecessarySimpa false`
⚠ [3473/3662] Replayed ZhangLS.Spec.Lemma57
warning: ZhangLS/Spec/Lemma57.lean:101:58: unused variable `hD`

Note: This linter can be disabled with `set_option linter.unusedVariables false`
warning: ZhangLS/Spec/Lemma57.lean:102:7: unused variable `hA`

Note: This linter can be disabled with `set_option linter.unusedVariables false`
⚠ [3474/3662] Replayed ZhangLS.Spec.Lemma57Arithmetic
warning: ZhangLS/Spec/Lemma57Arithmetic.lean:55:15: unused variable `hc_g`

Note: This linter can be disabled with `set_option linter.unusedVariables false`
⚠ [3479/3662] Replayed ZhangLS.Spec.Lemma57SmoothedSum
warning: ZhangLS/Spec/Lemma57SmoothedSum.lean:42:46: unused variable `hD`

Note: This linter can be disabled with `set_option linter.unusedVariables false`
⚠ [3488/3662] Replayed ZhangLS.Spec.Lemma57GaussianGlobal
warning: ZhangLS/Spec/Lemma57GaussianGlobal.lean:55:58: unused variable `ha`

Note: This linter can be disabled with `set_option linter.unusedVariables false`
warning: ZhangLS/Spec/Lemma57GaussianGlobal.lean:241:13: unused variable `hD`

Note: This linter can be disabled with `set_option linter.unusedVariables false`
warning: ZhangLS/Spec/Lemma57GaussianGlobal.lean:241:34: unused variable `hx`

Note: This linter can be disabled with `set_option linter.unusedVariables false`
⚠ [3489/3662] Replayed ZhangLS.Spec.Lemma57SmoothedSummability
warning: ZhangLS/Spec/Lemma57SmoothedSummability.lean:20:52: unused variable `hn`

Note: This linter can be disabled with `set_option linter.unusedVariables false`
⚠ [3494/3662] Replayed ZhangLS.Spec.Lemma57GaussianMellinTransform
warning: ZhangLS/Spec/Lemma57GaussianMellinTransform.lean:67:63: Used `tac1 <;> tac2` where `(tac1; tac2)` would suffice

Note: This linter can be disabled with `set_option linter.unnecessarySeqFocus false`
warning: ZhangLS/Spec/Lemma57GaussianMellinTransform.lean:145:54: Used `tac1 <;> tac2` where `(tac1; tac2)` would suffice

Note: This linter can be disabled with `set_option linter.unnecessarySeqFocus false`
warning: ZhangLS/Spec/Lemma57GaussianMellinTransform.lean:326:4: Try `simp at hs` instead of `simpa using hs`

Note: This linter can be disabled with `set_option linter.unnecessarySimpa false`
⚠ [3500/3662] Replayed ZhangLS.Spec.RiemannZetaCriticalLineBound
warning: ZhangLS/Spec/RiemannZetaCriticalLineBound.lean:99:2: Used `tac1 <;> tac2` where `(tac1; tac2)` would suffice

Note: This linter can be disabled with `set_option linter.unnecessarySeqFocus false`
warning: ZhangLS/Spec/RiemannZetaCriticalLineBound.lean:124:13: unused variable `hs`

Note: This linter can be disabled with `set_option linter.unusedVariables false`
warning: ZhangLS/Spec/RiemannZetaCriticalLineBound.lean:152:6: unused variable `n`

Note: This linter can be disabled with `set_option linter.unusedVariables false`
warning: ZhangLS/Spec/RiemannZetaCriticalLineBound.lean:156:20: unused variable `k`

Note: This linter can be disabled with `set_option linter.unusedVariables false`
warning: ZhangLS/Spec/RiemannZetaCriticalLineBound.lean:161:8: This simp argument is unused:
  sum_one_Icc

Hint: Omit it from the simp argument list.
  simp ̵[̵s̵u̵m̵_̵o̵n̵e̵_̵I̵c̵c̵]̵

Note: This linter can be disabled with `set_option linter.unusedSimpArgs false`
warning: ZhangLS/Spec/RiemannZetaCriticalLineBound.lean:242:12: 'ring' tactic does nothing

Note: This linter can be disabled with `set_option linter.unusedTactic false`
warning: ZhangLS/Spec/RiemannZetaCriticalLineBound.lean:242:12: this tactic is never executed

Note: This linter can be disabled with `set_option linter.unreachableTactic false`
warning: ZhangLS/Spec/RiemannZetaCriticalLineBound.lean:219:41: Used `tac1 <;> tac2` where `(tac1; tac2)` would suffice

Note: This linter can be disabled with `set_option linter.unnecessarySeqFocus false`
warning: ZhangLS/Spec/RiemannZetaCriticalLineBound.lean:303:8: 'ring' tactic does nothing

Note: This linter can be disabled with `set_option linter.unusedTactic false`
warning: ZhangLS/Spec/RiemannZetaCriticalLineBound.lean:303:8: this tactic is never executed

Note: This linter can be disabled with `set_option linter.unreachableTactic false`
warning: ZhangLS/Spec/RiemannZetaCriticalLineBound.lean:394:12: This simp argument is unused:
  norm_div

Hint: Omit it from the simp argument list.
  simp ̵[̵n̵o̵r̵m̵_̵d̵i̵v̵]̵

Note: This linter can be disabled with `set_option linter.unusedSimpArgs false`
warning: ZhangLS/Spec/RiemannZetaCriticalLineBound.lean:475:75: This simp argument is unused:
  norm_div

Hint: Omit it from the simp argument list.
  simp ̵[̵n̵o̵r̵m̵_̵d̵i̵v̵]̵

Note: This linter can be disabled with `set_option linter.unusedSimpArgs false`
⚠ [3501/3662] Replayed ZhangLS.Spec.Lemma57CriticalStripGrowth
warning: ZhangLS/Spec/Lemma57CriticalStripGrowth.lean:270:14: This simp argument is unused:
  norm_div

Hint: Omit it from the simp argument list.
  simp ̵[̵n̵o̵r̵m̵_̵d̵i̵v̵]̵

Note: This linter can be disabled with `set_option linter.unusedSimpArgs false`
⚠ [3508/3662] Replayed ZhangLS.Spec.Lemma23DirichletConjugation
warning: ZhangLS/Spec/Lemma23DirichletConjugation.lean:23:0: automatically included section variable(s) unused in theorem `ZhangLS.Spec.dirichletLSeries_inv_eq_conj_at_conj`:
  [NeZero N]
consider restructuring your `variable` declarations so that the variables are not in scope or explicitly omit them:
  omit [NeZero N] in theorem ...

Note: This linter can be disabled with `set_option linter.unusedSectionVars false`
⚠ [3510/3662] Replayed ZhangLS.Spec.Lemma23PrimitiveGaussSum
warning: ZhangLS/Spec/Lemma23PrimitiveGaussSum.lean:42:19: Used `tac1 <;> tac2` where `(tac1; tac2)` would suffice

Note: This linter can be disabled with `set_option linter.unnecessarySeqFocus false`
⚠ [3511/3662] Replayed ZhangLS.Spec.Lemma23DirichletUnitModulus
warning: ZhangLS/Spec/Lemma23DirichletUnitModulus.lean:112:48: Used `tac1 <;> tac2` where `(tac1; tac2)` would suffice

Note: This linter can be disabled with `set_option linter.unnecessarySeqFocus false`
⚠ [3648/3662] Replayed ZhangLS.Spec.Lemma44ProductMellin
warning: ZhangLS/Spec/Lemma44ProductMellin.lean:144:4: try 'simp' instead of 'simpa'

Note: This linter can be disabled with `set_option linter.unnecessarySimpa false`
⚠ [3652/3662] Replayed ZhangLS.Spec.Lemma44RightMellinApproximation
warning: ZhangLS/Spec/Lemma44RightMellinApproximation.lean:37:4: try 'simp' instead of 'simpa'

Note: This linter can be disabled with `set_option linter.unnecessarySimpa false`
⚠ [3656/3662] Replayed ZhangLS.Spec.Lemma44ReflectedLongSum
warning: ZhangLS/Spec/Lemma44ReflectedLongSum.lean:81:64: Used `tac1 <;> tac2` where `(tac1; tac2)` would suffice

Note: This linter can be disabled with `set_option linter.unnecessarySeqFocus false`
⚠ [3658/3662] Replayed ZhangLS.Spec.Lemma44InitialLeftEstimates
warning: ZhangLS/Spec/Lemma44InitialLeftEstimates.lean:68:23: Used `tac1 <;> tac2` where `(tac1; tac2)` would suffice

Note: This linter can be disabled with `set_option linter.unnecessarySeqFocus false`
⚠ [3659/3662] Replayed ZhangLS.Spec.Lemma44HorizontalGrowth
warning: ZhangLS/Spec/Lemma44HorizontalGrowth.lean:147:6: 'push_cast' tactic does nothing

Note: This linter can be disabled with `set_option linter.unusedTactic false`
⚠ [3661/3662] Replayed ZhangLS.Spec.Lemma44GaussianVerticalTail
info: ZhangLS/Spec/Lemma44GaussianVerticalTail.lean:41:4: Try this:
  [apply] ring_nf
  
  The `ring` tactic failed to close the goal. Use `ring_nf` to obtain a normal form.
    
  Note that `ring` works primarily in *commutative* rings. If you have a noncommutative ring, abelian group or module, consider using `noncomm_ring`, `abel` or `module` instead.
info: ZhangLS/Spec/Lemma44GaussianVerticalTail.lean:57:16: Try this:
  [apply] ring_nf
  
  The `ring` tactic failed to close the goal. Use `ring_nf` to obtain a normal form.
    
  Note that `ring` works primarily in *commutative* rings. If you have a noncommutative ring, abelian group or module, consider using `noncomm_ring`, `abel` or `module` instead.
warning: ZhangLS/Spec/Lemma44GaussianVerticalTail.lean:57:12: Used `tac1 <;> tac2` where `(tac1; tac2)` would suffice

Note: This linter can be disabled with `set_option linter.unnecessarySeqFocus false`
warning: ZhangLS/Spec/Lemma44GaussianVerticalTail.lean:68:22: Used `tac1 <;> tac2` where `(tac1; tac2)` would suffice

Note: This linter can be disabled with `set_option linter.unnecessarySeqFocus false`
info: ZhangLS/Spec/Lemma44GaussianVerticalTail.lean:153:35: Try this:
  [apply] ring_nf
  
  The `ring` tactic failed to close the goal. Use `ring_nf` to obtain a normal form.
    
  Note that `ring` works primarily in *commutative* rings. If you have a noncommutative ring, abelian group or module, consider using `noncomm_ring`, `abel` or `module` instead.
Build completed successfully (3662 jobs).
== kernel-check ZhangLS/Spec/Lemma44SectionFourGamma.lean ==
⚠ [1279/1445] Replayed ZhangLS.Spec.RealDirichletCharacter
warning: ZhangLS/Spec/RealDirichletCharacter.lean:48:4: try 'simp' instead of 'simpa'

Note: This linter can be disabled with `set_option linter.unnecessarySimpa false`
⚠ [1280/1445] Replayed ZhangLS.Spec.Lemma44CharacterProduct
warning: ZhangLS/Spec/Lemma44CharacterProduct.lean:55:38: This simp argument is unused:
  mul_comm

Hint: Omit it from the simp argument list.
  simp [̵m̵u̵l̵_̵c̵o̵m̵m̵,̵ ̵m̵u̵l̵_̵l̵e̵f̵t̵_̵c̵o̵m̵m̵,̵[̲m̲u̲l̲_̲l̲e̲f̲t̲_̲c̲o̲m̲m̲,̲ mul_assoc]

Note: This linter can be disabled with `set_option linter.unusedSimpArgs false`
warning: ZhangLS/Spec/Lemma44CharacterProduct.lean:55:48: This simp argument is unused:
  mul_left_comm

Hint: Omit it from the simp argument list.
  simp [mul_comm, mul_l̵e̵f̵t̵_̵c̵o̵m̵m̵,̵ ̵m̵u̵l̵_̵assoc]

Note: This linter can be disabled with `set_option linter.unusedSimpArgs false`
⚠ [2474/2810] Replayed ZhangLS.Spec.Lemma23AnalyticLogBranch
warning: ZhangLS/Spec/Lemma23AnalyticLogBranch.lean:42:53: try 'simp' instead of 'simpa'

Note: This linter can be disabled with `set_option linter.unnecessarySimpa false`
warning: ZhangLS/Spec/Lemma23AnalyticLogBranch.lean:67:44: try 'simp' instead of 'simpa'

Note: This linter can be disabled with `set_option linter.unnecessarySimpa false`
⚠ [3461/3482] Replayed ZhangLS.Spec.RealAxisAtOne
warning: ZhangLS/Spec/RealAxisAtOne.lean:56:4: try 'simp' instead of 'simpa'

Note: This linter can be disabled with `set_option linter.unnecessarySimpa false`
⚠ [3466/3641] Replayed ZhangLS.Spec.Lemma57
warning: ZhangLS/Spec/Lemma57.lean:101:58: unused variable `hD`

Note: This linter can be disabled with `set_option linter.unusedVariables false`
warning: ZhangLS/Spec/Lemma57.lean:102:7: unused variable `hA`

Note: This linter can be disabled with `set_option linter.unusedVariables false`
⚠ [3467/3641] Replayed ZhangLS.Spec.Lemma57Arithmetic
warning: ZhangLS/Spec/Lemma57Arithmetic.lean:55:15: unused variable `hc_g`

Note: This linter can be disabled with `set_option linter.unusedVariables false`
⚠ [3472/3641] Replayed ZhangLS.Spec.Lemma57SmoothedSum
warning: ZhangLS/Spec/Lemma57SmoothedSum.lean:42:46: unused variable `hD`

Note: This linter can be disabled with `set_option linter.unusedVariables false`
⚠ [3479/3641] Replayed ZhangLS.Spec.Lemma57GaussianGlobal
warning: ZhangLS/Spec/Lemma57GaussianGlobal.lean:55:58: unused variable `ha`

Note: This linter can be disabled with `set_option linter.unusedVariables false`
warning: ZhangLS/Spec/Lemma57GaussianGlobal.lean:241:13: unused variable `hD`

Note: This linter can be disabled with `set_option linter.unusedVariables false`
warning: ZhangLS/Spec/Lemma57GaussianGlobal.lean:241:34: unused variable `hx`

Note: This linter can be disabled with `set_option linter.unusedVariables false`
⚠ [3480/3641] Replayed ZhangLS.Spec.Lemma57SmoothedSummability
warning: ZhangLS/Spec/Lemma57SmoothedSummability.lean:20:52: unused variable `hn`

Note: This linter can be disabled with `set_option linter.unusedVariables false`
⚠ [3485/3641] Replayed ZhangLS.Spec.Lemma57GaussianMellinTransform
warning: ZhangLS/Spec/Lemma57GaussianMellinTransform.lean:67:63: Used `tac1 <;> tac2` where `(tac1; tac2)` would suffice

Note: This linter can be disabled with `set_option linter.unnecessarySeqFocus false`
warning: ZhangLS/Spec/Lemma57GaussianMellinTransform.lean:145:54: Used `tac1 <;> tac2` where `(tac1; tac2)` would suffice

Note: This linter can be disabled with `set_option linter.unnecessarySeqFocus false`
warning: ZhangLS/Spec/Lemma57GaussianMellinTransform.lean:326:4: Try `simp at hs` instead of `simpa using hs`

Note: This linter can be disabled with `set_option linter.unnecessarySimpa false`
⚠ [3499/3641] Replayed ZhangLS.Spec.RiemannZetaCriticalLineBound
warning: ZhangLS/Spec/RiemannZetaCriticalLineBound.lean:99:2: Used `tac1 <;> tac2` where `(tac1; tac2)` would suffice

Note: This linter can be disabled with `set_option linter.unnecessarySeqFocus false`
warning: ZhangLS/Spec/RiemannZetaCriticalLineBound.lean:124:13: unused variable `hs`

Note: This linter can be disabled with `set_option linter.unusedVariables false`
warning: ZhangLS/Spec/RiemannZetaCriticalLineBound.lean:152:6: unused variable `n`

Note: This linter can be disabled with `set_option linter.unusedVariables false`
warning: ZhangLS/Spec/RiemannZetaCriticalLineBound.lean:156:20: unused variable `k`

Note: This linter can be disabled with `set_option linter.unusedVariables false`
warning: ZhangLS/Spec/RiemannZetaCriticalLineBound.lean:161:8: This simp argument is unused:
  sum_one_Icc

Hint: Omit it from the simp argument list.
  simp ̵[̵s̵u̵m̵_̵o̵n̵e̵_̵I̵c̵c̵]̵

Note: This linter can be disabled with `set_option linter.unusedSimpArgs false`
warning: ZhangLS/Spec/RiemannZetaCriticalLineBound.lean:242:12: 'ring' tactic does nothing

Note: This linter can be disabled with `set_option linter.unusedTactic false`
warning: ZhangLS/Spec/RiemannZetaCriticalLineBound.lean:242:12: this tactic is never executed

Note: This linter can be disabled with `set_option linter.unreachableTactic false`
warning: ZhangLS/Spec/RiemannZetaCriticalLineBound.lean:219:41: Used `tac1 <;> tac2` where `(tac1; tac2)` would suffice

Note: This linter can be disabled with `set_option linter.unnecessarySeqFocus false`
warning: ZhangLS/Spec/RiemannZetaCriticalLineBound.lean:303:8: 'ring' tactic does nothing

Note: This linter can be disabled with `set_option linter.unusedTactic false`
warning: ZhangLS/Spec/RiemannZetaCriticalLineBound.lean:303:8: this tactic is never executed

Note: This linter can be disabled with `set_option linter.unreachableTactic false`
warning: ZhangLS/Spec/RiemannZetaCriticalLineBound.lean:394:12: This simp argument is unused:
  norm_div

Hint: Omit it from the simp argument list.
  simp ̵[̵n̵o̵r̵m̵_̵d̵i̵v̵]̵

Note: This linter can be disabled with `set_option linter.unusedSimpArgs false`
warning: ZhangLS/Spec/RiemannZetaCriticalLineBound.lean:475:75: This simp argument is unused:
  norm_div

Hint: Omit it from the simp argument list.
  simp ̵[̵n̵o̵r̵m̵_̵d̵i̵v̵]̵

Note: This linter can be disabled with `set_option linter.unusedSimpArgs false`
⚠ [3500/3641] Replayed ZhangLS.Spec.Lemma57CriticalStripGrowth
warning: ZhangLS/Spec/Lemma57CriticalStripGrowth.lean:270:14: This simp argument is unused:
  norm_div

Hint: Omit it from the simp argument list.
  simp ̵[̵n̵o̵r̵m̵_̵d̵i̵v̵]̵

Note: This linter can be disabled with `set_option linter.unusedSimpArgs false`
⚠ [3507/3641] Replayed ZhangLS.Spec.Lemma23DirichletConjugation
warning: ZhangLS/Spec/Lemma23DirichletConjugation.lean:23:0: automatically included section variable(s) unused in theorem `ZhangLS.Spec.dirichletLSeries_inv_eq_conj_at_conj`:
  [NeZero N]
consider restructuring your `variable` declarations so that the variables are not in scope or explicitly omit them:
  omit [NeZero N] in theorem ...

Note: This linter can be disabled with `set_option linter.unusedSectionVars false`
⚠ [3509/3641] Replayed ZhangLS.Spec.Lemma23PrimitiveGaussSum
warning: ZhangLS/Spec/Lemma23PrimitiveGaussSum.lean:42:19: Used `tac1 <;> tac2` where `(tac1; tac2)` would suffice

Note: This linter can be disabled with `set_option linter.unnecessarySeqFocus false`
⚠ [3510/3641] Replayed ZhangLS.Spec.Lemma23DirichletUnitModulus
warning: ZhangLS/Spec/Lemma23DirichletUnitModulus.lean:112:48: Used `tac1 <;> tac2` where `(tac1; tac2)` would suffice

Note: This linter can be disabled with `set_option linter.unnecessarySeqFocus false`
Build completed successfully (3641 jobs).
== kernel-check ZhangLS/Spec/Lemma44SmoothedTail.lean ==
⚠ [1279/1408] Replayed ZhangLS.Spec.RealDirichletCharacter
warning: ZhangLS/Spec/RealDirichletCharacter.lean:48:4: try 'simp' instead of 'simpa'

Note: This linter can be disabled with `set_option linter.unnecessarySimpa false`
⚠ [1280/1408] Replayed ZhangLS.Spec.Lemma44CharacterProduct
warning: ZhangLS/Spec/Lemma44CharacterProduct.lean:55:38: This simp argument is unused:
  mul_comm

Hint: Omit it from the simp argument list.
  simp [̵m̵u̵l̵_̵c̵o̵m̵m̵,̵ ̵m̵u̵l̵_̵l̵e̵f̵t̵_̵c̵o̵m̵m̵,̵[̲m̲u̲l̲_̲l̲e̲f̲t̲_̲c̲o̲m̲m̲,̲ mul_assoc]

Note: This linter can be disabled with `set_option linter.unusedSimpArgs false`
warning: ZhangLS/Spec/Lemma44CharacterProduct.lean:55:48: This simp argument is unused:
  mul_left_comm

Hint: Omit it from the simp argument list.
  simp [mul_comm, mul_l̵e̵f̵t̵_̵c̵o̵m̵m̵,̵ ̵m̵u̵l̵_̵assoc]

Note: This linter can be disabled with `set_option linter.unusedSimpArgs false`
⚠ [2474/2727] Replayed ZhangLS.Spec.Lemma23AnalyticLogBranch
warning: ZhangLS/Spec/Lemma23AnalyticLogBranch.lean:42:53: try 'simp' instead of 'simpa'

Note: This linter can be disabled with `set_option linter.unnecessarySimpa false`
warning: ZhangLS/Spec/Lemma23AnalyticLogBranch.lean:67:44: try 'simp' instead of 'simpa'

Note: This linter can be disabled with `set_option linter.unnecessarySimpa false`
⚠ [3462/3649] Replayed ZhangLS.Spec.RealAxisAtOne
warning: ZhangLS/Spec/RealAxisAtOne.lean:56:4: try 'simp' instead of 'simpa'

Note: This linter can be disabled with `set_option linter.unnecessarySimpa false`
⚠ [3464/3649] Replayed ZhangLS.Spec.Lemma57
warning: ZhangLS/Spec/Lemma57.lean:101:58: unused variable `hD`

Note: This linter can be disabled with `set_option linter.unusedVariables false`
warning: ZhangLS/Spec/Lemma57.lean:102:7: unused variable `hA`

Note: This linter can be disabled with `set_option linter.unusedVariables false`
⚠ [3465/3649] Replayed ZhangLS.Spec.Lemma57Arithmetic
warning: ZhangLS/Spec/Lemma57Arithmetic.lean:55:15: unused variable `hc_g`

Note: This linter can be disabled with `set_option linter.unusedVariables false`
⚠ [3470/3649] Replayed ZhangLS.Spec.Lemma57SmoothedSum
warning: ZhangLS/Spec/Lemma57SmoothedSum.lean:42:46: unused variable `hD`

Note: This linter can be disabled with `set_option linter.unusedVariables false`
⚠ [3479/3649] Replayed ZhangLS.Spec.Lemma57GaussianGlobal
warning: ZhangLS/Spec/Lemma57GaussianGlobal.lean:55:58: unused variable `ha`

Note: This linter can be disabled with `set_option linter.unusedVariables false`
warning: ZhangLS/Spec/Lemma57GaussianGlobal.lean:241:13: unused variable `hD`

Note: This linter can be disabled with `set_option linter.unusedVariables false`
warning: ZhangLS/Spec/Lemma57GaussianGlobal.lean:241:34: unused variable `hx`

Note: This linter can be disabled with `set_option linter.unusedVariables false`
⚠ [3480/3649] Replayed ZhangLS.Spec.Lemma57SmoothedSummability
warning: ZhangLS/Spec/Lemma57SmoothedSummability.lean:20:52: unused variable `hn`

Note: This linter can be disabled with `set_option linter.unusedVariables false`
⚠ [3485/3649] Replayed ZhangLS.Spec.Lemma57GaussianMellinTransform
warning: ZhangLS/Spec/Lemma57GaussianMellinTransform.lean:67:63: Used `tac1 <;> tac2` where `(tac1; tac2)` would suffice

Note: This linter can be disabled with `set_option linter.unnecessarySeqFocus false`
warning: ZhangLS/Spec/Lemma57GaussianMellinTransform.lean:145:54: Used `tac1 <;> tac2` where `(tac1; tac2)` would suffice

Note: This linter can be disabled with `set_option linter.unnecessarySeqFocus false`
warning: ZhangLS/Spec/Lemma57GaussianMellinTransform.lean:326:4: Try `simp at hs` instead of `simpa using hs`

Note: This linter can be disabled with `set_option linter.unnecessarySimpa false`
⚠ [3499/3649] Replayed ZhangLS.Spec.RiemannZetaCriticalLineBound
warning: ZhangLS/Spec/RiemannZetaCriticalLineBound.lean:99:2: Used `tac1 <;> tac2` where `(tac1; tac2)` would suffice

Note: This linter can be disabled with `set_option linter.unnecessarySeqFocus false`
warning: ZhangLS/Spec/RiemannZetaCriticalLineBound.lean:124:13: unused variable `hs`

Note: This linter can be disabled with `set_option linter.unusedVariables false`
warning: ZhangLS/Spec/RiemannZetaCriticalLineBound.lean:152:6: unused variable `n`

Note: This linter can be disabled with `set_option linter.unusedVariables false`
warning: ZhangLS/Spec/RiemannZetaCriticalLineBound.lean:156:20: unused variable `k`

Note: This linter can be disabled with `set_option linter.unusedVariables false`
warning: ZhangLS/Spec/RiemannZetaCriticalLineBound.lean:161:8: This simp argument is unused:
  sum_one_Icc

Hint: Omit it from the simp argument list.
  simp ̵[̵s̵u̵m̵_̵o̵n̵e̵_̵I̵c̵c̵]̵

Note: This linter can be disabled with `set_option linter.unusedSimpArgs false`
warning: ZhangLS/Spec/RiemannZetaCriticalLineBound.lean:242:12: 'ring' tactic does nothing

Note: This linter can be disabled with `set_option linter.unusedTactic false`
warning: ZhangLS/Spec/RiemannZetaCriticalLineBound.lean:242:12: this tactic is never executed

Note: This linter can be disabled with `set_option linter.unreachableTactic false`
warning: ZhangLS/Spec/RiemannZetaCriticalLineBound.lean:219:41: Used `tac1 <;> tac2` where `(tac1; tac2)` would suffice

Note: This linter can be disabled with `set_option linter.unnecessarySeqFocus false`
warning: ZhangLS/Spec/RiemannZetaCriticalLineBound.lean:303:8: 'ring' tactic does nothing

Note: This linter can be disabled with `set_option linter.unusedTactic false`
warning: ZhangLS/Spec/RiemannZetaCriticalLineBound.lean:303:8: this tactic is never executed

Note: This linter can be disabled with `set_option linter.unreachableTactic false`
warning: ZhangLS/Spec/RiemannZetaCriticalLineBound.lean:394:12: This simp argument is unused:
  norm_div

Hint: Omit it from the simp argument list.
  simp ̵[̵n̵o̵r̵m̵_̵d̵i̵v̵]̵

Note: This linter can be disabled with `set_option linter.unusedSimpArgs false`
warning: ZhangLS/Spec/RiemannZetaCriticalLineBound.lean:475:75: This simp argument is unused:
  norm_div

Hint: Omit it from the simp argument list.
  simp ̵[̵n̵o̵r̵m̵_̵d̵i̵v̵]̵

Note: This linter can be disabled with `set_option linter.unusedSimpArgs false`
⚠ [3500/3649] Replayed ZhangLS.Spec.Lemma57CriticalStripGrowth
warning: ZhangLS/Spec/Lemma57CriticalStripGrowth.lean:270:14: This simp argument is unused:
  norm_div

Hint: Omit it from the simp argument list.
  simp ̵[̵n̵o̵r̵m̵_̵d̵i̵v̵]̵

Note: This linter can be disabled with `set_option linter.unusedSimpArgs false`
⚠ [3507/3649] Replayed ZhangLS.Spec.Lemma23DirichletConjugation
warning: ZhangLS/Spec/Lemma23DirichletConjugation.lean:23:0: automatically included section variable(s) unused in theorem `ZhangLS.Spec.dirichletLSeries_inv_eq_conj_at_conj`:
  [NeZero N]
consider restructuring your `variable` declarations so that the variables are not in scope or explicitly omit them:
  omit [NeZero N] in theorem ...

Note: This linter can be disabled with `set_option linter.unusedSectionVars false`
⚠ [3509/3649] Replayed ZhangLS.Spec.Lemma23PrimitiveGaussSum
warning: ZhangLS/Spec/Lemma23PrimitiveGaussSum.lean:42:19: Used `tac1 <;> tac2` where `(tac1; tac2)` would suffice

Note: This linter can be disabled with `set_option linter.unnecessarySeqFocus false`
⚠ [3510/3649] Replayed ZhangLS.Spec.Lemma23DirichletUnitModulus
warning: ZhangLS/Spec/Lemma23DirichletUnitModulus.lean:112:48: Used `tac1 <;> tac2` where `(tac1; tac2)` would suffice

Note: This linter can be disabled with `set_option linter.unnecessarySeqFocus false`
⚠ [3647/3649] Replayed ZhangLS.Spec.Lemma44ProductMellin
warning: ZhangLS/Spec/Lemma44ProductMellin.lean:144:4: try 'simp' instead of 'simpa'

Note: This linter can be disabled with `set_option linter.unnecessarySimpa false`
Build completed successfully (3649 jobs).
== kernel-check ZhangLS/Spec/Lemma44SmoothedTruncation.lean ==
⚠ [1279/1386] Replayed ZhangLS.Spec.RealDirichletCharacter
warning: ZhangLS/Spec/RealDirichletCharacter.lean:48:4: try 'simp' instead of 'simpa'

Note: This linter can be disabled with `set_option linter.unnecessarySimpa false`
⚠ [1280/1386] Replayed ZhangLS.Spec.Lemma44CharacterProduct
warning: ZhangLS/Spec/Lemma44CharacterProduct.lean:55:38: This simp argument is unused:
  mul_comm

Hint: Omit it from the simp argument list.
  simp [̵m̵u̵l̵_̵c̵o̵m̵m̵,̵ ̵m̵u̵l̵_̵l̵e̵f̵t̵_̵c̵o̵m̵m̵,̵[̲m̲u̲l̲_̲l̲e̲f̲t̲_̲c̲o̲m̲m̲,̲ mul_assoc]

Note: This linter can be disabled with `set_option linter.unusedSimpArgs false`
warning: ZhangLS/Spec/Lemma44CharacterProduct.lean:55:48: This simp argument is unused:
  mul_left_comm

Hint: Omit it from the simp argument list.
  simp [mul_comm, mul_l̵e̵f̵t̵_̵c̵o̵m̵m̵,̵ ̵m̵u̵l̵_̵assoc]

Note: This linter can be disabled with `set_option linter.unusedSimpArgs false`
⚠ [2474/2548] Replayed ZhangLS.Spec.Lemma23AnalyticLogBranch
warning: ZhangLS/Spec/Lemma23AnalyticLogBranch.lean:42:53: try 'simp' instead of 'simpa'

Note: This linter can be disabled with `set_option linter.unnecessarySimpa false`
warning: ZhangLS/Spec/Lemma23AnalyticLogBranch.lean:67:44: try 'simp' instead of 'simpa'

Note: This linter can be disabled with `set_option linter.unnecessarySimpa false`
⚠ [3462/3648] Replayed ZhangLS.Spec.RealAxisAtOne
warning: ZhangLS/Spec/RealAxisAtOne.lean:56:4: try 'simp' instead of 'simpa'

Note: This linter can be disabled with `set_option linter.unnecessarySimpa false`
⚠ [3464/3648] Replayed ZhangLS.Spec.Lemma57
warning: ZhangLS/Spec/Lemma57.lean:101:58: unused variable `hD`

Note: This linter can be disabled with `set_option linter.unusedVariables false`
warning: ZhangLS/Spec/Lemma57.lean:102:7: unused variable `hA`

Note: This linter can be disabled with `set_option linter.unusedVariables false`
⚠ [3465/3648] Replayed ZhangLS.Spec.Lemma57Arithmetic
warning: ZhangLS/Spec/Lemma57Arithmetic.lean:55:15: unused variable `hc_g`

Note: This linter can be disabled with `set_option linter.unusedVariables false`
⚠ [3470/3648] Replayed ZhangLS.Spec.Lemma57SmoothedSum
warning: ZhangLS/Spec/Lemma57SmoothedSum.lean:42:46: unused variable `hD`

Note: This linter can be disabled with `set_option linter.unusedVariables false`
⚠ [3479/3648] Replayed ZhangLS.Spec.Lemma57GaussianGlobal
warning: ZhangLS/Spec/Lemma57GaussianGlobal.lean:55:58: unused variable `ha`

Note: This linter can be disabled with `set_option linter.unusedVariables false`
warning: ZhangLS/Spec/Lemma57GaussianGlobal.lean:241:13: unused variable `hD`

Note: This linter can be disabled with `set_option linter.unusedVariables false`
warning: ZhangLS/Spec/Lemma57GaussianGlobal.lean:241:34: unused variable `hx`

Note: This linter can be disabled with `set_option linter.unusedVariables false`
⚠ [3480/3648] Replayed ZhangLS.Spec.Lemma57SmoothedSummability
warning: ZhangLS/Spec/Lemma57SmoothedSummability.lean:20:52: unused variable `hn`

Note: This linter can be disabled with `set_option linter.unusedVariables false`
⚠ [3485/3648] Replayed ZhangLS.Spec.Lemma57GaussianMellinTransform
warning: ZhangLS/Spec/Lemma57GaussianMellinTransform.lean:67:63: Used `tac1 <;> tac2` where `(tac1; tac2)` would suffice

Note: This linter can be disabled with `set_option linter.unnecessarySeqFocus false`
warning: ZhangLS/Spec/Lemma57GaussianMellinTransform.lean:145:54: Used `tac1 <;> tac2` where `(tac1; tac2)` would suffice

Note: This linter can be disabled with `set_option linter.unnecessarySeqFocus false`
warning: ZhangLS/Spec/Lemma57GaussianMellinTransform.lean:326:4: Try `simp at hs` instead of `simpa using hs`

Note: This linter can be disabled with `set_option linter.unnecessarySimpa false`
⚠ [3499/3648] Replayed ZhangLS.Spec.RiemannZetaCriticalLineBound
warning: ZhangLS/Spec/RiemannZetaCriticalLineBound.lean:99:2: Used `tac1 <;> tac2` where `(tac1; tac2)` would suffice

Note: This linter can be disabled with `set_option linter.unnecessarySeqFocus false`
warning: ZhangLS/Spec/RiemannZetaCriticalLineBound.lean:124:13: unused variable `hs`

Note: This linter can be disabled with `set_option linter.unusedVariables false`
warning: ZhangLS/Spec/RiemannZetaCriticalLineBound.lean:152:6: unused variable `n`

Note: This linter can be disabled with `set_option linter.unusedVariables false`
warning: ZhangLS/Spec/RiemannZetaCriticalLineBound.lean:156:20: unused variable `k`

Note: This linter can be disabled with `set_option linter.unusedVariables false`
warning: ZhangLS/Spec/RiemannZetaCriticalLineBound.lean:161:8: This simp argument is unused:
  sum_one_Icc

Hint: Omit it from the simp argument list.
  simp ̵[̵s̵u̵m̵_̵o̵n̵e̵_̵I̵c̵c̵]̵

Note: This linter can be disabled with `set_option linter.unusedSimpArgs false`
warning: ZhangLS/Spec/RiemannZetaCriticalLineBound.lean:242:12: 'ring' tactic does nothing

Note: This linter can be disabled with `set_option linter.unusedTactic false`
warning: ZhangLS/Spec/RiemannZetaCriticalLineBound.lean:242:12: this tactic is never executed

Note: This linter can be disabled with `set_option linter.unreachableTactic false`
warning: ZhangLS/Spec/RiemannZetaCriticalLineBound.lean:219:41: Used `tac1 <;> tac2` where `(tac1; tac2)` would suffice

Note: This linter can be disabled with `set_option linter.unnecessarySeqFocus false`
warning: ZhangLS/Spec/RiemannZetaCriticalLineBound.lean:303:8: 'ring' tactic does nothing

Note: This linter can be disabled with `set_option linter.unusedTactic false`
warning: ZhangLS/Spec/RiemannZetaCriticalLineBound.lean:303:8: this tactic is never executed

Note: This linter can be disabled with `set_option linter.unreachableTactic false`
warning: ZhangLS/Spec/RiemannZetaCriticalLineBound.lean:394:12: This simp argument is unused:
  norm_div

Hint: Omit it from the simp argument list.
  simp ̵[̵n̵o̵r̵m̵_̵d̵i̵v̵]̵

Note: This linter can be disabled with `set_option linter.unusedSimpArgs false`
warning: ZhangLS/Spec/RiemannZetaCriticalLineBound.lean:475:75: This simp argument is unused:
  norm_div

Hint: Omit it from the simp argument list.
  simp ̵[̵n̵o̵r̵m̵_̵d̵i̵v̵]̵

Note: This linter can be disabled with `set_option linter.unusedSimpArgs false`
⚠ [3500/3648] Replayed ZhangLS.Spec.Lemma57CriticalStripGrowth
warning: ZhangLS/Spec/Lemma57CriticalStripGrowth.lean:270:14: This simp argument is unused:
  norm_div

Hint: Omit it from the simp argument list.
  simp ̵[̵n̵o̵r̵m̵_̵d̵i̵v̵]̵

Note: This linter can be disabled with `set_option linter.unusedSimpArgs false`
⚠ [3507/3648] Replayed ZhangLS.Spec.Lemma23DirichletConjugation
warning: ZhangLS/Spec/Lemma23DirichletConjugation.lean:23:0: automatically included section variable(s) unused in theorem `ZhangLS.Spec.dirichletLSeries_inv_eq_conj_at_conj`:
  [NeZero N]
consider restructuring your `variable` declarations so that the variables are not in scope or explicitly omit them:
  omit [NeZero N] in theorem ...

Note: This linter can be disabled with `set_option linter.unusedSectionVars false`
⚠ [3509/3648] Replayed ZhangLS.Spec.Lemma23PrimitiveGaussSum
warning: ZhangLS/Spec/Lemma23PrimitiveGaussSum.lean:42:19: Used `tac1 <;> tac2` where `(tac1; tac2)` would suffice

Note: This linter can be disabled with `set_option linter.unnecessarySeqFocus false`
⚠ [3510/3648] Replayed ZhangLS.Spec.Lemma23DirichletUnitModulus
warning: ZhangLS/Spec/Lemma23DirichletUnitModulus.lean:112:48: Used `tac1 <;> tac2` where `(tac1; tac2)` would suffice

Note: This linter can be disabled with `set_option linter.unnecessarySeqFocus false`
⚠ [3647/3648] Replayed ZhangLS.Spec.Lemma44ProductMellin
warning: ZhangLS/Spec/Lemma44ProductMellin.lean:144:4: try 'simp' instead of 'simpa'

Note: This linter can be disabled with `set_option linter.unnecessarySimpa false`
Build completed successfully (3648 jobs).
== kernel-check ZhangLS/Spec/Lemma45ErrorBudget.lean ==
⚠ [1279/1449] Replayed ZhangLS.Spec.RealDirichletCharacter
warning: ZhangLS/Spec/RealDirichletCharacter.lean:48:4: try 'simp' instead of 'simpa'

Note: This linter can be disabled with `set_option linter.unnecessarySimpa false`
⚠ [1280/1449] Replayed ZhangLS.Spec.Lemma44CharacterProduct
warning: ZhangLS/Spec/Lemma44CharacterProduct.lean:55:38: This simp argument is unused:
  mul_comm

Hint: Omit it from the simp argument list.
  simp [̵m̵u̵l̵_̵c̵o̵m̵m̵,̵ ̵m̵u̵l̵_̵l̵e̵f̵t̵_̵c̵o̵m̵m̵,̵[̲m̲u̲l̲_̲l̲e̲f̲t̲_̲c̲o̲m̲m̲,̲ mul_assoc]

Note: This linter can be disabled with `set_option linter.unusedSimpArgs false`
warning: ZhangLS/Spec/Lemma44CharacterProduct.lean:55:48: This simp argument is unused:
  mul_left_comm

Hint: Omit it from the simp argument list.
  simp [mul_comm, mul_l̵e̵f̵t̵_̵c̵o̵m̵m̵,̵ ̵m̵u̵l̵_̵assoc]

Note: This linter can be disabled with `set_option linter.unusedSimpArgs false`
⚠ [2474/2579] Replayed ZhangLS.Spec.Lemma23AnalyticLogBranch
warning: ZhangLS/Spec/Lemma23AnalyticLogBranch.lean:42:53: try 'simp' instead of 'simpa'

Note: This linter can be disabled with `set_option linter.unnecessarySimpa false`
warning: ZhangLS/Spec/Lemma23AnalyticLogBranch.lean:67:44: try 'simp' instead of 'simpa'

Note: This linter can be disabled with `set_option linter.unnecessarySimpa false`
⚠ [3462/3674] Replayed ZhangLS.Spec.RealAxisAtOne
warning: ZhangLS/Spec/RealAxisAtOne.lean:56:4: try 'simp' instead of 'simpa'

Note: This linter can be disabled with `set_option linter.unnecessarySimpa false`
⚠ [3464/3674] Replayed ZhangLS.Spec.Lemma57
warning: ZhangLS/Spec/Lemma57.lean:101:58: unused variable `hD`

Note: This linter can be disabled with `set_option linter.unusedVariables false`
warning: ZhangLS/Spec/Lemma57.lean:102:7: unused variable `hA`

Note: This linter can be disabled with `set_option linter.unusedVariables false`
⚠ [3465/3674] Replayed ZhangLS.Spec.Lemma57Arithmetic
warning: ZhangLS/Spec/Lemma57Arithmetic.lean:55:15: unused variable `hc_g`

Note: This linter can be disabled with `set_option linter.unusedVariables false`
⚠ [3470/3674] Replayed ZhangLS.Spec.Lemma57SmoothedSum
warning: ZhangLS/Spec/Lemma57SmoothedSum.lean:42:46: unused variable `hD`

Note: This linter can be disabled with `set_option linter.unusedVariables false`
⚠ [3479/3674] Replayed ZhangLS.Spec.Lemma57GaussianGlobal
warning: ZhangLS/Spec/Lemma57GaussianGlobal.lean:55:58: unused variable `ha`

Note: This linter can be disabled with `set_option linter.unusedVariables false`
warning: ZhangLS/Spec/Lemma57GaussianGlobal.lean:241:13: unused variable `hD`

Note: This linter can be disabled with `set_option linter.unusedVariables false`
warning: ZhangLS/Spec/Lemma57GaussianGlobal.lean:241:34: unused variable `hx`

Note: This linter can be disabled with `set_option linter.unusedVariables false`
⚠ [3480/3674] Replayed ZhangLS.Spec.Lemma57SmoothedSummability
warning: ZhangLS/Spec/Lemma57SmoothedSummability.lean:20:52: unused variable `hn`

Note: This linter can be disabled with `set_option linter.unusedVariables false`
⚠ [3485/3674] Replayed ZhangLS.Spec.Lemma57GaussianMellinTransform
warning: ZhangLS/Spec/Lemma57GaussianMellinTransform.lean:67:63: Used `tac1 <;> tac2` where `(tac1; tac2)` would suffice

Note: This linter can be disabled with `set_option linter.unnecessarySeqFocus false`
warning: ZhangLS/Spec/Lemma57GaussianMellinTransform.lean:145:54: Used `tac1 <;> tac2` where `(tac1; tac2)` would suffice

Note: This linter can be disabled with `set_option linter.unnecessarySeqFocus false`
warning: ZhangLS/Spec/Lemma57GaussianMellinTransform.lean:326:4: Try `simp at hs` instead of `simpa using hs`

Note: This linter can be disabled with `set_option linter.unnecessarySimpa false`
⚠ [3499/3674] Replayed ZhangLS.Spec.RiemannZetaCriticalLineBound
warning: ZhangLS/Spec/RiemannZetaCriticalLineBound.lean:99:2: Used `tac1 <;> tac2` where `(tac1; tac2)` would suffice

Note: This linter can be disabled with `set_option linter.unnecessarySeqFocus false`
warning: ZhangLS/Spec/RiemannZetaCriticalLineBound.lean:124:13: unused variable `hs`

Note: This linter can be disabled with `set_option linter.unusedVariables false`
warning: ZhangLS/Spec/RiemannZetaCriticalLineBound.lean:152:6: unused variable `n`

Note: This linter can be disabled with `set_option linter.unusedVariables false`
warning: ZhangLS/Spec/RiemannZetaCriticalLineBound.lean:156:20: unused variable `k`

Note: This linter can be disabled with `set_option linter.unusedVariables false`
warning: ZhangLS/Spec/RiemannZetaCriticalLineBound.lean:161:8: This simp argument is unused:
  sum_one_Icc

Hint: Omit it from the simp argument list.
  simp ̵[̵s̵u̵m̵_̵o̵n̵e̵_̵I̵c̵c̵]̵

Note: This linter can be disabled with `set_option linter.unusedSimpArgs false`
warning: ZhangLS/Spec/RiemannZetaCriticalLineBound.lean:242:12: 'ring' tactic does nothing

Note: This linter can be disabled with `set_option linter.unusedTactic false`
warning: ZhangLS/Spec/RiemannZetaCriticalLineBound.lean:242:12: this tactic is never executed

Note: This linter can be disabled with `set_option linter.unreachableTactic false`
warning: ZhangLS/Spec/RiemannZetaCriticalLineBound.lean:219:41: Used `tac1 <;> tac2` where `(tac1; tac2)` would suffice

Note: This linter can be disabled with `set_option linter.unnecessarySeqFocus false`
warning: ZhangLS/Spec/RiemannZetaCriticalLineBound.lean:303:8: 'ring' tactic does nothing

Note: This linter can be disabled with `set_option linter.unusedTactic false`
warning: ZhangLS/Spec/RiemannZetaCriticalLineBound.lean:303:8: this tactic is never executed

Note: This linter can be disabled with `set_option linter.unreachableTactic false`
warning: ZhangLS/Spec/RiemannZetaCriticalLineBound.lean:394:12: This simp argument is unused:
  norm_div

Hint: Omit it from the simp argument list.
  simp ̵[̵n̵o̵r̵m̵_̵d̵i̵v̵]̵

Note: This linter can be disabled with `set_option linter.unusedSimpArgs false`
warning: ZhangLS/Spec/RiemannZetaCriticalLineBound.lean:475:75: This simp argument is unused:
  norm_div

Hint: Omit it from the simp argument list.
  simp ̵[̵n̵o̵r̵m̵_̵d̵i̵v̵]̵

Note: This linter can be disabled with `set_option linter.unusedSimpArgs false`
⚠ [3500/3674] Replayed ZhangLS.Spec.Lemma57CriticalStripGrowth
warning: ZhangLS/Spec/Lemma57CriticalStripGrowth.lean:270:14: This simp argument is unused:
  norm_div

Hint: Omit it from the simp argument list.
  simp ̵[̵n̵o̵r̵m̵_̵d̵i̵v̵]̵

Note: This linter can be disabled with `set_option linter.unusedSimpArgs false`
⚠ [3507/3674] Replayed ZhangLS.Spec.Lemma23DirichletConjugation
warning: ZhangLS/Spec/Lemma23DirichletConjugation.lean:23:0: automatically included section variable(s) unused in theorem `ZhangLS.Spec.dirichletLSeries_inv_eq_conj_at_conj`:
  [NeZero N]
consider restructuring your `variable` declarations so that the variables are not in scope or explicitly omit them:
  omit [NeZero N] in theorem ...

Note: This linter can be disabled with `set_option linter.unusedSectionVars false`
⚠ [3509/3674] Replayed ZhangLS.Spec.Lemma23PrimitiveGaussSum
warning: ZhangLS/Spec/Lemma23PrimitiveGaussSum.lean:42:19: Used `tac1 <;> tac2` where `(tac1; tac2)` would suffice

Note: This linter can be disabled with `set_option linter.unnecessarySeqFocus false`
⚠ [3510/3674] Replayed ZhangLS.Spec.Lemma23DirichletUnitModulus
warning: ZhangLS/Spec/Lemma23DirichletUnitModulus.lean:112:48: Used `tac1 <;> tac2` where `(tac1; tac2)` would suffice

Note: This linter can be disabled with `set_option linter.unnecessarySeqFocus false`
⚠ [3647/3674] Replayed ZhangLS.Spec.Lemma44ProductMellin
warning: ZhangLS/Spec/Lemma44ProductMellin.lean:144:4: try 'simp' instead of 'simpa'

Note: This linter can be disabled with `set_option linter.unnecessarySimpa false`
⚠ [3651/3674] Replayed ZhangLS.Spec.Lemma44RightMellinApproximation
warning: ZhangLS/Spec/Lemma44RightMellinApproximation.lean:37:4: try 'simp' instead of 'simpa'

Note: This linter can be disabled with `set_option linter.unnecessarySimpa false`
⚠ [3655/3674] Replayed ZhangLS.Spec.Lemma44ReflectedLongSum
warning: ZhangLS/Spec/Lemma44ReflectedLongSum.lean:81:64: Used `tac1 <;> tac2` where `(tac1; tac2)` would suffice

Note: This linter can be disabled with `set_option linter.unnecessarySeqFocus false`
⚠ [3658/3674] Replayed ZhangLS.Spec.Lemma44InitialLeftEstimates
warning: ZhangLS/Spec/Lemma44InitialLeftEstimates.lean:68:23: Used `tac1 <;> tac2` where `(tac1; tac2)` would suffice

Note: This linter can be disabled with `set_option linter.unnecessarySeqFocus false`
⚠ [3661/3674] Replayed ZhangLS.Spec.Lemma44ComplexCharacterAbel
warning: ZhangLS/Spec/Lemma44ComplexCharacterAbel.lean:73:56: unused variable `hD`

Note: This linter can be disabled with `set_option linter.unusedVariables false`
⚠ [3662/3674] Replayed ZhangLS.Spec.Lemma44HorizontalGrowth
warning: ZhangLS/Spec/Lemma44HorizontalGrowth.lean:147:6: 'push_cast' tactic does nothing

Note: This linter can be disabled with `set_option linter.unusedTactic false`
⚠ [3664/3674] Replayed ZhangLS.Spec.Lemma44GaussianVerticalTail
info: ZhangLS/Spec/Lemma44GaussianVerticalTail.lean:41:4: Try this:
  [apply] ring_nf
  
  The `ring` tactic failed to close the goal. Use `ring_nf` to obtain a normal form.
    
  Note that `ring` works primarily in *commutative* rings. If you have a noncommutative ring, abelian group or module, consider using `noncomm_ring`, `abel` or `module` instead.
info: ZhangLS/Spec/Lemma44GaussianVerticalTail.lean:57:16: Try this:
  [apply] ring_nf
  
  The `ring` tactic failed to close the goal. Use `ring_nf` to obtain a normal form.
    
  Note that `ring` works primarily in *commutative* rings. If you have a noncommutative ring, abelian group or module, consider using `noncomm_ring`, `abel` or `module` instead.
warning: ZhangLS/Spec/Lemma44GaussianVerticalTail.lean:57:12: Used `tac1 <;> tac2` where `(tac1; tac2)` would suffice

Note: This linter can be disabled with `set_option linter.unnecessarySeqFocus false`
warning: ZhangLS/Spec/Lemma44GaussianVerticalTail.lean:68:22: Used `tac1 <;> tac2` where `(tac1; tac2)` would suffice

Note: This linter can be disabled with `set_option linter.unnecessarySeqFocus false`
info: ZhangLS/Spec/Lemma44GaussianVerticalTail.lean:153:35: Try this:
  [apply] ring_nf
  
  The `ring` tactic failed to close the goal. Use `ring_nf` to obtain a normal form.
    
  Note that `ring` works primarily in *commutative* rings. If you have a noncommutative ring, abelian group or module, consider using `noncomm_ring`, `abel` or `module` instead.
⚠ [3665/3674] Replayed ZhangLS.Spec.Lemma44LocalRectangle
warning: ZhangLS/Spec/Lemma44LocalRectangle.lean:115:46: This simp argument is unused:
  zero_mul

Hint: Omit it from the simp argument list.
  simp only [mem_reProdIm, mem_Icc, sub_re, sub_im, ofReal_re, ofReal_im, mul_re, mul_im, I_re,
  ̲  ̲ ̲ ̲ ̲ ̲ ̲ ̲I_im, mul_zero, z̵e̵r̵o̵_̵m̵u̵l̵,̵ ̵mul_one, zero_add, sub_zero]

Note: This linter can be disabled with `set_option linter.unusedSimpArgs false`
warning: ZhangLS/Spec/Lemma44LocalRectangle.lean:115:65: This simp argument is unused:
  zero_add

Hint: Omit it from the simp argument list.
  simp only [mem_reProdIm, mem_Icc, sub_re, sub_im, ofReal_re, ofReal_im, mul_re, mul_im, I_re,
  ̲  ̲ ̲ ̲ ̲ ̲ ̲ ̲I_im, mul_zero, zero_mul, mul_one, z̵e̵r̵o̵_̵a̵d̵d̵,̵ ̵sub_zero]

Note: This linter can be disabled with `set_option linter.unusedSimpArgs false`
⚠ [3668/3674] Replayed ZhangLS.Spec.Lemma44HorizontalIntegrals
warning: ZhangLS/Spec/Lemma44HorizontalIntegrals.lean:18:5: unused variable `hK`

Note: This linter can be disabled with `set_option linter.unusedVariables false`
⚠ [3669/3674] Replayed ZhangLS.Spec.Lemma44ReflectedPolynomialContours
warning: ZhangLS/Spec/Lemma44ReflectedPolynomialContours.lean:152:64: This simp argument is unused:
  mul_left_comm

Hint: Omit it from the simp argument list.
  simp only [sub_eq_add_neg, add_comm, add_left_comm, mul_comm, mul_l̵e̵f̵t̵_̵c̵o̵m̵m̵,̵ ̵m̵u̵l̵_̵assoc] at hc ⊢

Note: This linter can be disabled with `set_option linter.unusedSimpArgs false`
warning: ZhangLS/Spec/Lemma44ReflectedPolynomialContours.lean:152:79: This simp argument is unused:
  mul_assoc

Hint: Omit it from the simp argument list.
  simp only [sub_eq_add_neg, add_comm, add_left_comm, mul_comm, mul_left_comm,̵ ̵m̵u̵l̵_̵a̵s̵s̵o̵c̵] at hc ⊢

Note: This linter can be disabled with `set_option linter.unusedSimpArgs false`
⚠ [3673/3674] Replayed ZhangLS.Spec.Lemma45Normalization
warning: ZhangLS/Spec/Lemma45Normalization.lean:90:8: 'ring' tactic does nothing

Note: This linter can be disabled with `set_option linter.unusedTactic false`
warning: ZhangLS/Spec/Lemma45Normalization.lean:90:8: this tactic is never executed

Note: This linter can be disabled with `set_option linter.unreachableTactic false`
Build completed successfully (3674 jobs).
== kernel-check ZhangLS/Spec/Lemma45HorizontalQuotient.lean ==
⚠ [1279/1833] Replayed ZhangLS.Spec.RealDirichletCharacter
warning: ZhangLS/Spec/RealDirichletCharacter.lean:48:4: try 'simp' instead of 'simpa'

Note: This linter can be disabled with `set_option linter.unnecessarySimpa false`
⚠ [1280/1833] Replayed ZhangLS.Spec.Lemma44CharacterProduct
warning: ZhangLS/Spec/Lemma44CharacterProduct.lean:55:38: This simp argument is unused:
  mul_comm

Hint: Omit it from the simp argument list.
  simp [̵m̵u̵l̵_̵c̵o̵m̵m̵,̵ ̵m̵u̵l̵_̵l̵e̵f̵t̵_̵c̵o̵m̵m̵,̵[̲m̲u̲l̲_̲l̲e̲f̲t̲_̲c̲o̲m̲m̲,̲ mul_assoc]

Note: This linter can be disabled with `set_option linter.unusedSimpArgs false`
warning: ZhangLS/Spec/Lemma44CharacterProduct.lean:55:48: This simp argument is unused:
  mul_left_comm

Hint: Omit it from the simp argument list.
  simp [mul_comm, mul_l̵e̵f̵t̵_̵c̵o̵m̵m̵,̵ ̵m̵u̵l̵_̵assoc]

Note: This linter can be disabled with `set_option linter.unusedSimpArgs false`
⚠ [2474/2489] Replayed ZhangLS.Spec.Lemma23AnalyticLogBranch
warning: ZhangLS/Spec/Lemma23AnalyticLogBranch.lean:42:53: try 'simp' instead of 'simpa'

Note: This linter can be disabled with `set_option linter.unnecessarySimpa false`
warning: ZhangLS/Spec/Lemma23AnalyticLogBranch.lean:67:44: try 'simp' instead of 'simpa'

Note: This linter can be disabled with `set_option linter.unnecessarySimpa false`
⚠ [3462/3674] Replayed ZhangLS.Spec.RealAxisAtOne
warning: ZhangLS/Spec/RealAxisAtOne.lean:56:4: try 'simp' instead of 'simpa'

Note: This linter can be disabled with `set_option linter.unnecessarySimpa false`
⚠ [3464/3674] Replayed ZhangLS.Spec.Lemma57
warning: ZhangLS/Spec/Lemma57.lean:101:58: unused variable `hD`

Note: This linter can be disabled with `set_option linter.unusedVariables false`
warning: ZhangLS/Spec/Lemma57.lean:102:7: unused variable `hA`

Note: This linter can be disabled with `set_option linter.unusedVariables false`
⚠ [3465/3674] Replayed ZhangLS.Spec.Lemma57Arithmetic
warning: ZhangLS/Spec/Lemma57Arithmetic.lean:55:15: unused variable `hc_g`

Note: This linter can be disabled with `set_option linter.unusedVariables false`
⚠ [3470/3674] Replayed ZhangLS.Spec.Lemma57SmoothedSum
warning: ZhangLS/Spec/Lemma57SmoothedSum.lean:42:46: unused variable `hD`

Note: This linter can be disabled with `set_option linter.unusedVariables false`
⚠ [3479/3674] Replayed ZhangLS.Spec.Lemma57GaussianGlobal
warning: ZhangLS/Spec/Lemma57GaussianGlobal.lean:55:58: unused variable `ha`

Note: This linter can be disabled with `set_option linter.unusedVariables false`
warning: ZhangLS/Spec/Lemma57GaussianGlobal.lean:241:13: unused variable `hD`

Note: This linter can be disabled with `set_option linter.unusedVariables false`
warning: ZhangLS/Spec/Lemma57GaussianGlobal.lean:241:34: unused variable `hx`

Note: This linter can be disabled with `set_option linter.unusedVariables false`
⚠ [3480/3674] Replayed ZhangLS.Spec.Lemma57SmoothedSummability
warning: ZhangLS/Spec/Lemma57SmoothedSummability.lean:20:52: unused variable `hn`

Note: This linter can be disabled with `set_option linter.unusedVariables false`
⚠ [3485/3674] Replayed ZhangLS.Spec.Lemma57GaussianMellinTransform
warning: ZhangLS/Spec/Lemma57GaussianMellinTransform.lean:67:63: Used `tac1 <;> tac2` where `(tac1; tac2)` would suffice

Note: This linter can be disabled with `set_option linter.unnecessarySeqFocus false`
warning: ZhangLS/Spec/Lemma57GaussianMellinTransform.lean:145:54: Used `tac1 <;> tac2` where `(tac1; tac2)` would suffice

Note: This linter can be disabled with `set_option linter.unnecessarySeqFocus false`
warning: ZhangLS/Spec/Lemma57GaussianMellinTransform.lean:326:4: Try `simp at hs` instead of `simpa using hs`

Note: This linter can be disabled with `set_option linter.unnecessarySimpa false`
⚠ [3499/3674] Replayed ZhangLS.Spec.RiemannZetaCriticalLineBound
warning: ZhangLS/Spec/RiemannZetaCriticalLineBound.lean:99:2: Used `tac1 <;> tac2` where `(tac1; tac2)` would suffice

Note: This linter can be disabled with `set_option linter.unnecessarySeqFocus false`
warning: ZhangLS/Spec/RiemannZetaCriticalLineBound.lean:124:13: unused variable `hs`

Note: This linter can be disabled with `set_option linter.unusedVariables false`
warning: ZhangLS/Spec/RiemannZetaCriticalLineBound.lean:152:6: unused variable `n`

Note: This linter can be disabled with `set_option linter.unusedVariables false`
warning: ZhangLS/Spec/RiemannZetaCriticalLineBound.lean:156:20: unused variable `k`

Note: This linter can be disabled with `set_option linter.unusedVariables false`
warning: ZhangLS/Spec/RiemannZetaCriticalLineBound.lean:161:8: This simp argument is unused:
  sum_one_Icc

Hint: Omit it from the simp argument list.
  simp ̵[̵s̵u̵m̵_̵o̵n̵e̵_̵I̵c̵c̵]̵

Note: This linter can be disabled with `set_option linter.unusedSimpArgs false`
warning: ZhangLS/Spec/RiemannZetaCriticalLineBound.lean:242:12: 'ring' tactic does nothing

Note: This linter can be disabled with `set_option linter.unusedTactic false`
warning: ZhangLS/Spec/RiemannZetaCriticalLineBound.lean:242:12: this tactic is never executed

Note: This linter can be disabled with `set_option linter.unreachableTactic false`
warning: ZhangLS/Spec/RiemannZetaCriticalLineBound.lean:219:41: Used `tac1 <;> tac2` where `(tac1; tac2)` would suffice

Note: This linter can be disabled with `set_option linter.unnecessarySeqFocus false`
warning: ZhangLS/Spec/RiemannZetaCriticalLineBound.lean:303:8: 'ring' tactic does nothing

Note: This linter can be disabled with `set_option linter.unusedTactic false`
warning: ZhangLS/Spec/RiemannZetaCriticalLineBound.lean:303:8: this tactic is never executed

Note: This linter can be disabled with `set_option linter.unreachableTactic false`
warning: ZhangLS/Spec/RiemannZetaCriticalLineBound.lean:394:12: This simp argument is unused:
  norm_div

Hint: Omit it from the simp argument list.
  simp ̵[̵n̵o̵r̵m̵_̵d̵i̵v̵]̵

Note: This linter can be disabled with `set_option linter.unusedSimpArgs false`
warning: ZhangLS/Spec/RiemannZetaCriticalLineBound.lean:475:75: This simp argument is unused:
  norm_div

Hint: Omit it from the simp argument list.
  simp ̵[̵n̵o̵r̵m̵_̵d̵i̵v̵]̵

Note: This linter can be disabled with `set_option linter.unusedSimpArgs false`
⚠ [3500/3674] Replayed ZhangLS.Spec.Lemma57CriticalStripGrowth
warning: ZhangLS/Spec/Lemma57CriticalStripGrowth.lean:270:14: This simp argument is unused:
  norm_div

Hint: Omit it from the simp argument list.
  simp ̵[̵n̵o̵r̵m̵_̵d̵i̵v̵]̵

Note: This linter can be disabled with `set_option linter.unusedSimpArgs false`
⚠ [3507/3674] Replayed ZhangLS.Spec.Lemma23DirichletConjugation
warning: ZhangLS/Spec/Lemma23DirichletConjugation.lean:23:0: automatically included section variable(s) unused in theorem `ZhangLS.Spec.dirichletLSeries_inv_eq_conj_at_conj`:
  [NeZero N]
consider restructuring your `variable` declarations so that the variables are not in scope or explicitly omit them:
  omit [NeZero N] in theorem ...

Note: This linter can be disabled with `set_option linter.unusedSectionVars false`
⚠ [3509/3674] Replayed ZhangLS.Spec.Lemma23PrimitiveGaussSum
warning: ZhangLS/Spec/Lemma23PrimitiveGaussSum.lean:42:19: Used `tac1 <;> tac2` where `(tac1; tac2)` would suffice

Note: This linter can be disabled with `set_option linter.unnecessarySeqFocus false`
⚠ [3510/3674] Replayed ZhangLS.Spec.Lemma23DirichletUnitModulus
warning: ZhangLS/Spec/Lemma23DirichletUnitModulus.lean:112:48: Used `tac1 <;> tac2` where `(tac1; tac2)` would suffice

Note: This linter can be disabled with `set_option linter.unnecessarySeqFocus false`
⚠ [3647/3674] Replayed ZhangLS.Spec.Lemma44ProductMellin
warning: ZhangLS/Spec/Lemma44ProductMellin.lean:144:4: try 'simp' instead of 'simpa'

Note: This linter can be disabled with `set_option linter.unnecessarySimpa false`
⚠ [3651/3674] Replayed ZhangLS.Spec.Lemma44RightMellinApproximation
warning: ZhangLS/Spec/Lemma44RightMellinApproximation.lean:37:4: try 'simp' instead of 'simpa'

Note: This linter can be disabled with `set_option linter.unnecessarySimpa false`
⚠ [3655/3674] Replayed ZhangLS.Spec.Lemma44ReflectedLongSum
warning: ZhangLS/Spec/Lemma44ReflectedLongSum.lean:81:64: Used `tac1 <;> tac2` where `(tac1; tac2)` would suffice

Note: This linter can be disabled with `set_option linter.unnecessarySeqFocus false`
⚠ [3658/3674] Replayed ZhangLS.Spec.Lemma44InitialLeftEstimates
warning: ZhangLS/Spec/Lemma44InitialLeftEstimates.lean:68:23: Used `tac1 <;> tac2` where `(tac1; tac2)` would suffice

Note: This linter can be disabled with `set_option linter.unnecessarySeqFocus false`
⚠ [3661/3674] Replayed ZhangLS.Spec.Lemma44ComplexCharacterAbel
warning: ZhangLS/Spec/Lemma44ComplexCharacterAbel.lean:73:56: unused variable `hD`

Note: This linter can be disabled with `set_option linter.unusedVariables false`
⚠ [3662/3674] Replayed ZhangLS.Spec.Lemma44HorizontalGrowth
warning: ZhangLS/Spec/Lemma44HorizontalGrowth.lean:147:6: 'push_cast' tactic does nothing

Note: This linter can be disabled with `set_option linter.unusedTactic false`
⚠ [3664/3674] Replayed ZhangLS.Spec.Lemma44GaussianVerticalTail
info: ZhangLS/Spec/Lemma44GaussianVerticalTail.lean:41:4: Try this:
  [apply] ring_nf
  
  The `ring` tactic failed to close the goal. Use `ring_nf` to obtain a normal form.
    
  Note that `ring` works primarily in *commutative* rings. If you have a noncommutative ring, abelian group or module, consider using `noncomm_ring`, `abel` or `module` instead.
info: ZhangLS/Spec/Lemma44GaussianVerticalTail.lean:57:16: Try this:
  [apply] ring_nf
  
  The `ring` tactic failed to close the goal. Use `ring_nf` to obtain a normal form.
    
  Note that `ring` works primarily in *commutative* rings. If you have a noncommutative ring, abelian group or module, consider using `noncomm_ring`, `abel` or `module` instead.
warning: ZhangLS/Spec/Lemma44GaussianVerticalTail.lean:57:12: Used `tac1 <;> tac2` where `(tac1; tac2)` would suffice

Note: This linter can be disabled with `set_option linter.unnecessarySeqFocus false`
warning: ZhangLS/Spec/Lemma44GaussianVerticalTail.lean:68:22: Used `tac1 <;> tac2` where `(tac1; tac2)` would suffice

Note: This linter can be disabled with `set_option linter.unnecessarySeqFocus false`
info: ZhangLS/Spec/Lemma44GaussianVerticalTail.lean:153:35: Try this:
  [apply] ring_nf
  
  The `ring` tactic failed to close the goal. Use `ring_nf` to obtain a normal form.
    
  Note that `ring` works primarily in *commutative* rings. If you have a noncommutative ring, abelian group or module, consider using `noncomm_ring`, `abel` or `module` instead.
⚠ [3665/3674] Replayed ZhangLS.Spec.Lemma44LocalRectangle
warning: ZhangLS/Spec/Lemma44LocalRectangle.lean:115:46: This simp argument is unused:
  zero_mul

Hint: Omit it from the simp argument list.
  simp only [mem_reProdIm, mem_Icc, sub_re, sub_im, ofReal_re, ofReal_im, mul_re, mul_im, I_re,
  ̲  ̲ ̲ ̲ ̲ ̲ ̲ ̲I_im, mul_zero, z̵e̵r̵o̵_̵m̵u̵l̵,̵ ̵mul_one, zero_add, sub_zero]

Note: This linter can be disabled with `set_option linter.unusedSimpArgs false`
warning: ZhangLS/Spec/Lemma44LocalRectangle.lean:115:65: This simp argument is unused:
  zero_add

Hint: Omit it from the simp argument list.
  simp only [mem_reProdIm, mem_Icc, sub_re, sub_im, ofReal_re, ofReal_im, mul_re, mul_im, I_re,
  ̲  ̲ ̲ ̲ ̲ ̲ ̲ ̲I_im, mul_zero, zero_mul, mul_one, z̵e̵r̵o̵_̵a̵d̵d̵,̵ ̵sub_zero]

Note: This linter can be disabled with `set_option linter.unusedSimpArgs false`
⚠ [3668/3674] Replayed ZhangLS.Spec.Lemma44HorizontalIntegrals
warning: ZhangLS/Spec/Lemma44HorizontalIntegrals.lean:18:5: unused variable `hK`

Note: This linter can be disabled with `set_option linter.unusedVariables false`
⚠ [3669/3674] Replayed ZhangLS.Spec.Lemma44ReflectedPolynomialContours
warning: ZhangLS/Spec/Lemma44ReflectedPolynomialContours.lean:152:64: This simp argument is unused:
  mul_left_comm

Hint: Omit it from the simp argument list.
  simp only [sub_eq_add_neg, add_comm, add_left_comm, mul_comm, mul_l̵e̵f̵t̵_̵c̵o̵m̵m̵,̵ ̵m̵u̵l̵_̵assoc] at hc ⊢

Note: This linter can be disabled with `set_option linter.unusedSimpArgs false`
warning: ZhangLS/Spec/Lemma44ReflectedPolynomialContours.lean:152:79: This simp argument is unused:
  mul_assoc

Hint: Omit it from the simp argument list.
  simp only [sub_eq_add_neg, add_comm, add_left_comm, mul_comm, mul_left_comm,̵ ̵m̵u̵l̵_̵a̵s̵s̵o̵c̵] at hc ⊢

Note: This linter can be disabled with `set_option linter.unusedSimpArgs false`
⚠ [3673/3674] Replayed ZhangLS.Spec.Lemma45Normalization
warning: ZhangLS/Spec/Lemma45Normalization.lean:90:8: 'ring' tactic does nothing

Note: This linter can be disabled with `set_option linter.unusedTactic false`
warning: ZhangLS/Spec/Lemma45Normalization.lean:90:8: this tactic is never executed

Note: This linter can be disabled with `set_option linter.unreachableTactic false`
Build completed successfully (3674 jobs).
== kernel-check ZhangLS/Spec/Lemma45Normalization.lean ==
⚠ [1279/1410] Replayed ZhangLS.Spec.RealDirichletCharacter
warning: ZhangLS/Spec/RealDirichletCharacter.lean:48:4: try 'simp' instead of 'simpa'

Note: This linter can be disabled with `set_option linter.unnecessarySimpa false`
⚠ [1280/1410] Replayed ZhangLS.Spec.Lemma44CharacterProduct
warning: ZhangLS/Spec/Lemma44CharacterProduct.lean:55:38: This simp argument is unused:
  mul_comm

Hint: Omit it from the simp argument list.
  simp [̵m̵u̵l̵_̵c̵o̵m̵m̵,̵ ̵m̵u̵l̵_̵l̵e̵f̵t̵_̵c̵o̵m̵m̵,̵[̲m̲u̲l̲_̲l̲e̲f̲t̲_̲c̲o̲m̲m̲,̲ mul_assoc]

Note: This linter can be disabled with `set_option linter.unusedSimpArgs false`
warning: ZhangLS/Spec/Lemma44CharacterProduct.lean:55:48: This simp argument is unused:
  mul_left_comm

Hint: Omit it from the simp argument list.
  simp [mul_comm, mul_l̵e̵f̵t̵_̵c̵o̵m̵m̵,̵ ̵m̵u̵l̵_̵assoc]

Note: This linter can be disabled with `set_option linter.unusedSimpArgs false`
⚠ [2474/2709] Replayed ZhangLS.Spec.Lemma23AnalyticLogBranch
warning: ZhangLS/Spec/Lemma23AnalyticLogBranch.lean:42:53: try 'simp' instead of 'simpa'

Note: This linter can be disabled with `set_option linter.unnecessarySimpa false`
warning: ZhangLS/Spec/Lemma23AnalyticLogBranch.lean:67:44: try 'simp' instead of 'simpa'

Note: This linter can be disabled with `set_option linter.unnecessarySimpa false`
⚠ [3462/3673] Replayed ZhangLS.Spec.RealAxisAtOne
warning: ZhangLS/Spec/RealAxisAtOne.lean:56:4: try 'simp' instead of 'simpa'

Note: This linter can be disabled with `set_option linter.unnecessarySimpa false`
⚠ [3464/3673] Replayed ZhangLS.Spec.Lemma57
warning: ZhangLS/Spec/Lemma57.lean:101:58: unused variable `hD`

Note: This linter can be disabled with `set_option linter.unusedVariables false`
warning: ZhangLS/Spec/Lemma57.lean:102:7: unused variable `hA`

Note: This linter can be disabled with `set_option linter.unusedVariables false`
⚠ [3465/3673] Replayed ZhangLS.Spec.Lemma57Arithmetic
warning: ZhangLS/Spec/Lemma57Arithmetic.lean:55:15: unused variable `hc_g`

Note: This linter can be disabled with `set_option linter.unusedVariables false`
⚠ [3470/3673] Replayed ZhangLS.Spec.Lemma57SmoothedSum
warning: ZhangLS/Spec/Lemma57SmoothedSum.lean:42:46: unused variable `hD`

Note: This linter can be disabled with `set_option linter.unusedVariables false`
⚠ [3479/3673] Replayed ZhangLS.Spec.Lemma57GaussianGlobal
warning: ZhangLS/Spec/Lemma57GaussianGlobal.lean:55:58: unused variable `ha`

Note: This linter can be disabled with `set_option linter.unusedVariables false`
warning: ZhangLS/Spec/Lemma57GaussianGlobal.lean:241:13: unused variable `hD`

Note: This linter can be disabled with `set_option linter.unusedVariables false`
warning: ZhangLS/Spec/Lemma57GaussianGlobal.lean:241:34: unused variable `hx`

Note: This linter can be disabled with `set_option linter.unusedVariables false`
⚠ [3480/3673] Replayed ZhangLS.Spec.Lemma57SmoothedSummability
warning: ZhangLS/Spec/Lemma57SmoothedSummability.lean:20:52: unused variable `hn`

Note: This linter can be disabled with `set_option linter.unusedVariables false`
⚠ [3485/3673] Replayed ZhangLS.Spec.Lemma57GaussianMellinTransform
warning: ZhangLS/Spec/Lemma57GaussianMellinTransform.lean:67:63: Used `tac1 <;> tac2` where `(tac1; tac2)` would suffice

Note: This linter can be disabled with `set_option linter.unnecessarySeqFocus false`
warning: ZhangLS/Spec/Lemma57GaussianMellinTransform.lean:145:54: Used `tac1 <;> tac2` where `(tac1; tac2)` would suffice

Note: This linter can be disabled with `set_option linter.unnecessarySeqFocus false`
warning: ZhangLS/Spec/Lemma57GaussianMellinTransform.lean:326:4: Try `simp at hs` instead of `simpa using hs`

Note: This linter can be disabled with `set_option linter.unnecessarySimpa false`
⚠ [3499/3673] Replayed ZhangLS.Spec.RiemannZetaCriticalLineBound
warning: ZhangLS/Spec/RiemannZetaCriticalLineBound.lean:99:2: Used `tac1 <;> tac2` where `(tac1; tac2)` would suffice

Note: This linter can be disabled with `set_option linter.unnecessarySeqFocus false`
warning: ZhangLS/Spec/RiemannZetaCriticalLineBound.lean:124:13: unused variable `hs`

Note: This linter can be disabled with `set_option linter.unusedVariables false`
warning: ZhangLS/Spec/RiemannZetaCriticalLineBound.lean:152:6: unused variable `n`

Note: This linter can be disabled with `set_option linter.unusedVariables false`
warning: ZhangLS/Spec/RiemannZetaCriticalLineBound.lean:156:20: unused variable `k`

Note: This linter can be disabled with `set_option linter.unusedVariables false`
warning: ZhangLS/Spec/RiemannZetaCriticalLineBound.lean:161:8: This simp argument is unused:
  sum_one_Icc

Hint: Omit it from the simp argument list.
  simp ̵[̵s̵u̵m̵_̵o̵n̵e̵_̵I̵c̵c̵]̵

Note: This linter can be disabled with `set_option linter.unusedSimpArgs false`
warning: ZhangLS/Spec/RiemannZetaCriticalLineBound.lean:242:12: 'ring' tactic does nothing

Note: This linter can be disabled with `set_option linter.unusedTactic false`
warning: ZhangLS/Spec/RiemannZetaCriticalLineBound.lean:242:12: this tactic is never executed

Note: This linter can be disabled with `set_option linter.unreachableTactic false`
warning: ZhangLS/Spec/RiemannZetaCriticalLineBound.lean:219:41: Used `tac1 <;> tac2` where `(tac1; tac2)` would suffice

Note: This linter can be disabled with `set_option linter.unnecessarySeqFocus false`
warning: ZhangLS/Spec/RiemannZetaCriticalLineBound.lean:303:8: 'ring' tactic does nothing

Note: This linter can be disabled with `set_option linter.unusedTactic false`
warning: ZhangLS/Spec/RiemannZetaCriticalLineBound.lean:303:8: this tactic is never executed

Note: This linter can be disabled with `set_option linter.unreachableTactic false`
warning: ZhangLS/Spec/RiemannZetaCriticalLineBound.lean:394:12: This simp argument is unused:
  norm_div

Hint: Omit it from the simp argument list.
  simp ̵[̵n̵o̵r̵m̵_̵d̵i̵v̵]̵

Note: This linter can be disabled with `set_option linter.unusedSimpArgs false`
warning: ZhangLS/Spec/RiemannZetaCriticalLineBound.lean:475:75: This simp argument is unused:
  norm_div

Hint: Omit it from the simp argument list.
  simp ̵[̵n̵o̵r̵m̵_̵d̵i̵v̵]̵

Note: This linter can be disabled with `set_option linter.unusedSimpArgs false`
⚠ [3500/3673] Replayed ZhangLS.Spec.Lemma57CriticalStripGrowth
warning: ZhangLS/Spec/Lemma57CriticalStripGrowth.lean:270:14: This simp argument is unused:
  norm_div

Hint: Omit it from the simp argument list.
  simp ̵[̵n̵o̵r̵m̵_̵d̵i̵v̵]̵

Note: This linter can be disabled with `set_option linter.unusedSimpArgs false`
⚠ [3507/3673] Replayed ZhangLS.Spec.Lemma23DirichletConjugation
warning: ZhangLS/Spec/Lemma23DirichletConjugation.lean:23:0: automatically included section variable(s) unused in theorem `ZhangLS.Spec.dirichletLSeries_inv_eq_conj_at_conj`:
  [NeZero N]
consider restructuring your `variable` declarations so that the variables are not in scope or explicitly omit them:
  omit [NeZero N] in theorem ...

Note: This linter can be disabled with `set_option linter.unusedSectionVars false`
⚠ [3509/3673] Replayed ZhangLS.Spec.Lemma23PrimitiveGaussSum
warning: ZhangLS/Spec/Lemma23PrimitiveGaussSum.lean:42:19: Used `tac1 <;> tac2` where `(tac1; tac2)` would suffice

Note: This linter can be disabled with `set_option linter.unnecessarySeqFocus false`
⚠ [3510/3673] Replayed ZhangLS.Spec.Lemma23DirichletUnitModulus
warning: ZhangLS/Spec/Lemma23DirichletUnitModulus.lean:112:48: Used `tac1 <;> tac2` where `(tac1; tac2)` would suffice

Note: This linter can be disabled with `set_option linter.unnecessarySeqFocus false`
⚠ [3647/3673] Replayed ZhangLS.Spec.Lemma44ProductMellin
warning: ZhangLS/Spec/Lemma44ProductMellin.lean:144:4: try 'simp' instead of 'simpa'

Note: This linter can be disabled with `set_option linter.unnecessarySimpa false`
⚠ [3651/3673] Replayed ZhangLS.Spec.Lemma44RightMellinApproximation
warning: ZhangLS/Spec/Lemma44RightMellinApproximation.lean:37:4: try 'simp' instead of 'simpa'

Note: This linter can be disabled with `set_option linter.unnecessarySimpa false`
⚠ [3655/3673] Replayed ZhangLS.Spec.Lemma44ReflectedLongSum
warning: ZhangLS/Spec/Lemma44ReflectedLongSum.lean:81:64: Used `tac1 <;> tac2` where `(tac1; tac2)` would suffice

Note: This linter can be disabled with `set_option linter.unnecessarySeqFocus false`
⚠ [3658/3673] Replayed ZhangLS.Spec.Lemma44InitialLeftEstimates
warning: ZhangLS/Spec/Lemma44InitialLeftEstimates.lean:68:23: Used `tac1 <;> tac2` where `(tac1; tac2)` would suffice

Note: This linter can be disabled with `set_option linter.unnecessarySeqFocus false`
⚠ [3661/3673] Replayed ZhangLS.Spec.Lemma44ComplexCharacterAbel
warning: ZhangLS/Spec/Lemma44ComplexCharacterAbel.lean:73:56: unused variable `hD`

Note: This linter can be disabled with `set_option linter.unusedVariables false`
⚠ [3662/3673] Replayed ZhangLS.Spec.Lemma44HorizontalGrowth
warning: ZhangLS/Spec/Lemma44HorizontalGrowth.lean:147:6: 'push_cast' tactic does nothing

Note: This linter can be disabled with `set_option linter.unusedTactic false`
⚠ [3664/3673] Replayed ZhangLS.Spec.Lemma44GaussianVerticalTail
info: ZhangLS/Spec/Lemma44GaussianVerticalTail.lean:41:4: Try this:
  [apply] ring_nf
  
  The `ring` tactic failed to close the goal. Use `ring_nf` to obtain a normal form.
    
  Note that `ring` works primarily in *commutative* rings. If you have a noncommutative ring, abelian group or module, consider using `noncomm_ring`, `abel` or `module` instead.
info: ZhangLS/Spec/Lemma44GaussianVerticalTail.lean:57:16: Try this:
  [apply] ring_nf
  
  The `ring` tactic failed to close the goal. Use `ring_nf` to obtain a normal form.
    
  Note that `ring` works primarily in *commutative* rings. If you have a noncommutative ring, abelian group or module, consider using `noncomm_ring`, `abel` or `module` instead.
warning: ZhangLS/Spec/Lemma44GaussianVerticalTail.lean:57:12: Used `tac1 <;> tac2` where `(tac1; tac2)` would suffice

Note: This linter can be disabled with `set_option linter.unnecessarySeqFocus false`
warning: ZhangLS/Spec/Lemma44GaussianVerticalTail.lean:68:22: Used `tac1 <;> tac2` where `(tac1; tac2)` would suffice

Note: This linter can be disabled with `set_option linter.unnecessarySeqFocus false`
info: ZhangLS/Spec/Lemma44GaussianVerticalTail.lean:153:35: Try this:
  [apply] ring_nf
  
  The `ring` tactic failed to close the goal. Use `ring_nf` to obtain a normal form.
    
  Note that `ring` works primarily in *commutative* rings. If you have a noncommutative ring, abelian group or module, consider using `noncomm_ring`, `abel` or `module` instead.
⚠ [3665/3673] Replayed ZhangLS.Spec.Lemma44LocalRectangle
warning: ZhangLS/Spec/Lemma44LocalRectangle.lean:115:46: This simp argument is unused:
  zero_mul

Hint: Omit it from the simp argument list.
  simp only [mem_reProdIm, mem_Icc, sub_re, sub_im, ofReal_re, ofReal_im, mul_re, mul_im, I_re,
  ̲  ̲ ̲ ̲ ̲ ̲ ̲ ̲I_im, mul_zero, z̵e̵r̵o̵_̵m̵u̵l̵,̵ ̵mul_one, zero_add, sub_zero]

Note: This linter can be disabled with `set_option linter.unusedSimpArgs false`
warning: ZhangLS/Spec/Lemma44LocalRectangle.lean:115:65: This simp argument is unused:
  zero_add

Hint: Omit it from the simp argument list.
  simp only [mem_reProdIm, mem_Icc, sub_re, sub_im, ofReal_re, ofReal_im, mul_re, mul_im, I_re,
  ̲  ̲ ̲ ̲ ̲ ̲ ̲ ̲I_im, mul_zero, zero_mul, mul_one, z̵e̵r̵o̵_̵a̵d̵d̵,̵ ̵sub_zero]

Note: This linter can be disabled with `set_option linter.unusedSimpArgs false`
⚠ [3668/3673] Replayed ZhangLS.Spec.Lemma44HorizontalIntegrals
warning: ZhangLS/Spec/Lemma44HorizontalIntegrals.lean:18:5: unused variable `hK`

Note: This linter can be disabled with `set_option linter.unusedVariables false`
⚠ [3669/3673] Replayed ZhangLS.Spec.Lemma44ReflectedPolynomialContours
warning: ZhangLS/Spec/Lemma44ReflectedPolynomialContours.lean:152:64: This simp argument is unused:
  mul_left_comm

Hint: Omit it from the simp argument list.
  simp only [sub_eq_add_neg, add_comm, add_left_comm, mul_comm, mul_l̵e̵f̵t̵_̵c̵o̵m̵m̵,̵ ̵m̵u̵l̵_̵assoc] at hc ⊢

Note: This linter can be disabled with `set_option linter.unusedSimpArgs false`
warning: ZhangLS/Spec/Lemma44ReflectedPolynomialContours.lean:152:79: This simp argument is unused:
  mul_assoc

Hint: Omit it from the simp argument list.
  simp only [sub_eq_add_neg, add_comm, add_left_comm, mul_comm, mul_left_comm,̵ ̵m̵u̵l̵_̵a̵s̵s̵o̵c̵] at hc ⊢

Note: This linter can be disabled with `set_option linter.unusedSimpArgs false`
⚠ [3673/3673] Replayed ZhangLS.Spec.Lemma45Normalization
warning: ZhangLS/Spec/Lemma45Normalization.lean:90:8: 'ring' tactic does nothing

Note: This linter can be disabled with `set_option linter.unusedTactic false`
warning: ZhangLS/Spec/Lemma45Normalization.lean:90:8: this tactic is never executed

Note: This linter can be disabled with `set_option linter.unreachableTactic false`
Build completed successfully (3673 jobs).
ZhangLS/Spec/Lemma45Normalization.lean:90:8: warning: 'ring' tactic does nothing

Note: This linter can be disabled with `set_option linter.unusedTactic false`
ZhangLS/Spec/Lemma45Normalization.lean:90:8: warning: this tactic is never executed

Note: This linter can be disabled with `set_option linter.unreachableTactic false`
== kernel-check ZhangLS/Spec/Lemma45ZeroFree.lean ==
⚠ [1279/1422] Replayed ZhangLS.Spec.RealDirichletCharacter
warning: ZhangLS/Spec/RealDirichletCharacter.lean:48:4: try 'simp' instead of 'simpa'

Note: This linter can be disabled with `set_option linter.unnecessarySimpa false`
⚠ [1280/1422] Replayed ZhangLS.Spec.Lemma44CharacterProduct
warning: ZhangLS/Spec/Lemma44CharacterProduct.lean:55:38: This simp argument is unused:
  mul_comm

Hint: Omit it from the simp argument list.
  simp [̵m̵u̵l̵_̵c̵o̵m̵m̵,̵ ̵m̵u̵l̵_̵l̵e̵f̵t̵_̵c̵o̵m̵m̵,̵[̲m̲u̲l̲_̲l̲e̲f̲t̲_̲c̲o̲m̲m̲,̲ mul_assoc]

Note: This linter can be disabled with `set_option linter.unusedSimpArgs false`
warning: ZhangLS/Spec/Lemma44CharacterProduct.lean:55:48: This simp argument is unused:
  mul_left_comm

Hint: Omit it from the simp argument list.
  simp [mul_comm, mul_l̵e̵f̵t̵_̵c̵o̵m̵m̵,̵ ̵m̵u̵l̵_̵assoc]

Note: This linter can be disabled with `set_option linter.unusedSimpArgs false`
⚠ [2474/2761] Replayed ZhangLS.Spec.Lemma23AnalyticLogBranch
warning: ZhangLS/Spec/Lemma23AnalyticLogBranch.lean:42:53: try 'simp' instead of 'simpa'

Note: This linter can be disabled with `set_option linter.unnecessarySimpa false`
warning: ZhangLS/Spec/Lemma23AnalyticLogBranch.lean:67:44: try 'simp' instead of 'simpa'

Note: This linter can be disabled with `set_option linter.unnecessarySimpa false`
⚠ [3462/3676] Replayed ZhangLS.Spec.RealAxisAtOne
warning: ZhangLS/Spec/RealAxisAtOne.lean:56:4: try 'simp' instead of 'simpa'

Note: This linter can be disabled with `set_option linter.unnecessarySimpa false`
⚠ [3464/3676] Replayed ZhangLS.Spec.Lemma57
warning: ZhangLS/Spec/Lemma57.lean:101:58: unused variable `hD`

Note: This linter can be disabled with `set_option linter.unusedVariables false`
warning: ZhangLS/Spec/Lemma57.lean:102:7: unused variable `hA`

Note: This linter can be disabled with `set_option linter.unusedVariables false`
⚠ [3465/3676] Replayed ZhangLS.Spec.Lemma57Arithmetic
warning: ZhangLS/Spec/Lemma57Arithmetic.lean:55:15: unused variable `hc_g`

Note: This linter can be disabled with `set_option linter.unusedVariables false`
⚠ [3470/3676] Replayed ZhangLS.Spec.Lemma57SmoothedSum
warning: ZhangLS/Spec/Lemma57SmoothedSum.lean:42:46: unused variable `hD`

Note: This linter can be disabled with `set_option linter.unusedVariables false`
⚠ [3479/3676] Replayed ZhangLS.Spec.Lemma57GaussianGlobal
warning: ZhangLS/Spec/Lemma57GaussianGlobal.lean:55:58: unused variable `ha`

Note: This linter can be disabled with `set_option linter.unusedVariables false`
warning: ZhangLS/Spec/Lemma57GaussianGlobal.lean:241:13: unused variable `hD`

Note: This linter can be disabled with `set_option linter.unusedVariables false`
warning: ZhangLS/Spec/Lemma57GaussianGlobal.lean:241:34: unused variable `hx`

Note: This linter can be disabled with `set_option linter.unusedVariables false`
⚠ [3480/3676] Replayed ZhangLS.Spec.Lemma57SmoothedSummability
warning: ZhangLS/Spec/Lemma57SmoothedSummability.lean:20:52: unused variable `hn`

Note: This linter can be disabled with `set_option linter.unusedVariables false`
⚠ [3485/3676] Replayed ZhangLS.Spec.Lemma57GaussianMellinTransform
warning: ZhangLS/Spec/Lemma57GaussianMellinTransform.lean:67:63: Used `tac1 <;> tac2` where `(tac1; tac2)` would suffice

Note: This linter can be disabled with `set_option linter.unnecessarySeqFocus false`
warning: ZhangLS/Spec/Lemma57GaussianMellinTransform.lean:145:54: Used `tac1 <;> tac2` where `(tac1; tac2)` would suffice

Note: This linter can be disabled with `set_option linter.unnecessarySeqFocus false`
warning: ZhangLS/Spec/Lemma57GaussianMellinTransform.lean:326:4: Try `simp at hs` instead of `simpa using hs`

Note: This linter can be disabled with `set_option linter.unnecessarySimpa false`
⚠ [3499/3676] Replayed ZhangLS.Spec.RiemannZetaCriticalLineBound
warning: ZhangLS/Spec/RiemannZetaCriticalLineBound.lean:99:2: Used `tac1 <;> tac2` where `(tac1; tac2)` would suffice

Note: This linter can be disabled with `set_option linter.unnecessarySeqFocus false`
warning: ZhangLS/Spec/RiemannZetaCriticalLineBound.lean:124:13: unused variable `hs`

Note: This linter can be disabled with `set_option linter.unusedVariables false`
warning: ZhangLS/Spec/RiemannZetaCriticalLineBound.lean:152:6: unused variable `n`

Note: This linter can be disabled with `set_option linter.unusedVariables false`
warning: ZhangLS/Spec/RiemannZetaCriticalLineBound.lean:156:20: unused variable `k`

Note: This linter can be disabled with `set_option linter.unusedVariables false`
warning: ZhangLS/Spec/RiemannZetaCriticalLineBound.lean:161:8: This simp argument is unused:
  sum_one_Icc

Hint: Omit it from the simp argument list.
  simp ̵[̵s̵u̵m̵_̵o̵n̵e̵_̵I̵c̵c̵]̵

Note: This linter can be disabled with `set_option linter.unusedSimpArgs false`
warning: ZhangLS/Spec/RiemannZetaCriticalLineBound.lean:242:12: 'ring' tactic does nothing

Note: This linter can be disabled with `set_option linter.unusedTactic false`
warning: ZhangLS/Spec/RiemannZetaCriticalLineBound.lean:242:12: this tactic is never executed

Note: This linter can be disabled with `set_option linter.unreachableTactic false`
warning: ZhangLS/Spec/RiemannZetaCriticalLineBound.lean:219:41: Used `tac1 <;> tac2` where `(tac1; tac2)` would suffice

Note: This linter can be disabled with `set_option linter.unnecessarySeqFocus false`
warning: ZhangLS/Spec/RiemannZetaCriticalLineBound.lean:303:8: 'ring' tactic does nothing

Note: This linter can be disabled with `set_option linter.unusedTactic false`
warning: ZhangLS/Spec/RiemannZetaCriticalLineBound.lean:303:8: this tactic is never executed

Note: This linter can be disabled with `set_option linter.unreachableTactic false`
warning: ZhangLS/Spec/RiemannZetaCriticalLineBound.lean:394:12: This simp argument is unused:
  norm_div

Hint: Omit it from the simp argument list.
  simp ̵[̵n̵o̵r̵m̵_̵d̵i̵v̵]̵

Note: This linter can be disabled with `set_option linter.unusedSimpArgs false`
warning: ZhangLS/Spec/RiemannZetaCriticalLineBound.lean:475:75: This simp argument is unused:
  norm_div

Hint: Omit it from the simp argument list.
  simp ̵[̵n̵o̵r̵m̵_̵d̵i̵v̵]̵

Note: This linter can be disabled with `set_option linter.unusedSimpArgs false`
⚠ [3500/3676] Replayed ZhangLS.Spec.Lemma57CriticalStripGrowth
warning: ZhangLS/Spec/Lemma57CriticalStripGrowth.lean:270:14: This simp argument is unused:
  norm_div

Hint: Omit it from the simp argument list.
  simp ̵[̵n̵o̵r̵m̵_̵d̵i̵v̵]̵

Note: This linter can be disabled with `set_option linter.unusedSimpArgs false`
⚠ [3507/3676] Replayed ZhangLS.Spec.Lemma23DirichletConjugation
warning: ZhangLS/Spec/Lemma23DirichletConjugation.lean:23:0: automatically included section variable(s) unused in theorem `ZhangLS.Spec.dirichletLSeries_inv_eq_conj_at_conj`:
  [NeZero N]
consider restructuring your `variable` declarations so that the variables are not in scope or explicitly omit them:
  omit [NeZero N] in theorem ...

Note: This linter can be disabled with `set_option linter.unusedSectionVars false`
⚠ [3509/3676] Replayed ZhangLS.Spec.Lemma23PrimitiveGaussSum
warning: ZhangLS/Spec/Lemma23PrimitiveGaussSum.lean:42:19: Used `tac1 <;> tac2` where `(tac1; tac2)` would suffice

Note: This linter can be disabled with `set_option linter.unnecessarySeqFocus false`
⚠ [3510/3676] Replayed ZhangLS.Spec.Lemma23DirichletUnitModulus
warning: ZhangLS/Spec/Lemma23DirichletUnitModulus.lean:112:48: Used `tac1 <;> tac2` where `(tac1; tac2)` would suffice

Note: This linter can be disabled with `set_option linter.unnecessarySeqFocus false`
⚠ [3647/3676] Replayed ZhangLS.Spec.Lemma44ProductMellin
warning: ZhangLS/Spec/Lemma44ProductMellin.lean:144:4: try 'simp' instead of 'simpa'

Note: This linter can be disabled with `set_option linter.unnecessarySimpa false`
⚠ [3651/3676] Replayed ZhangLS.Spec.Lemma44RightMellinApproximation
warning: ZhangLS/Spec/Lemma44RightMellinApproximation.lean:37:4: try 'simp' instead of 'simpa'

Note: This linter can be disabled with `set_option linter.unnecessarySimpa false`
⚠ [3655/3676] Replayed ZhangLS.Spec.Lemma44ReflectedLongSum
warning: ZhangLS/Spec/Lemma44ReflectedLongSum.lean:81:64: Used `tac1 <;> tac2` where `(tac1; tac2)` would suffice

Note: This linter can be disabled with `set_option linter.unnecessarySeqFocus false`
⚠ [3658/3676] Replayed ZhangLS.Spec.Lemma44InitialLeftEstimates
warning: ZhangLS/Spec/Lemma44InitialLeftEstimates.lean:68:23: Used `tac1 <;> tac2` where `(tac1; tac2)` would suffice

Note: This linter can be disabled with `set_option linter.unnecessarySeqFocus false`
⚠ [3661/3676] Replayed ZhangLS.Spec.Lemma44ComplexCharacterAbel
warning: ZhangLS/Spec/Lemma44ComplexCharacterAbel.lean:73:56: unused variable `hD`

Note: This linter can be disabled with `set_option linter.unusedVariables false`
⚠ [3662/3676] Replayed ZhangLS.Spec.Lemma44HorizontalGrowth
warning: ZhangLS/Spec/Lemma44HorizontalGrowth.lean:147:6: 'push_cast' tactic does nothing

Note: This linter can be disabled with `set_option linter.unusedTactic false`
⚠ [3664/3676] Replayed ZhangLS.Spec.Lemma44GaussianVerticalTail
info: ZhangLS/Spec/Lemma44GaussianVerticalTail.lean:41:4: Try this:
  [apply] ring_nf
  
  The `ring` tactic failed to close the goal. Use `ring_nf` to obtain a normal form.
    
  Note that `ring` works primarily in *commutative* rings. If you have a noncommutative ring, abelian group or module, consider using `noncomm_ring`, `abel` or `module` instead.
info: ZhangLS/Spec/Lemma44GaussianVerticalTail.lean:57:16: Try this:
  [apply] ring_nf
  
  The `ring` tactic failed to close the goal. Use `ring_nf` to obtain a normal form.
    
  Note that `ring` works primarily in *commutative* rings. If you have a noncommutative ring, abelian group or module, consider using `noncomm_ring`, `abel` or `module` instead.
warning: ZhangLS/Spec/Lemma44GaussianVerticalTail.lean:57:12: Used `tac1 <;> tac2` where `(tac1; tac2)` would suffice

Note: This linter can be disabled with `set_option linter.unnecessarySeqFocus false`
warning: ZhangLS/Spec/Lemma44GaussianVerticalTail.lean:68:22: Used `tac1 <;> tac2` where `(tac1; tac2)` would suffice

Note: This linter can be disabled with `set_option linter.unnecessarySeqFocus false`
info: ZhangLS/Spec/Lemma44GaussianVerticalTail.lean:153:35: Try this:
  [apply] ring_nf
  
  The `ring` tactic failed to close the goal. Use `ring_nf` to obtain a normal form.
    
  Note that `ring` works primarily in *commutative* rings. If you have a noncommutative ring, abelian group or module, consider using `noncomm_ring`, `abel` or `module` instead.
⚠ [3665/3676] Replayed ZhangLS.Spec.Lemma44LocalRectangle
warning: ZhangLS/Spec/Lemma44LocalRectangle.lean:115:46: This simp argument is unused:
  zero_mul

Hint: Omit it from the simp argument list.
  simp only [mem_reProdIm, mem_Icc, sub_re, sub_im, ofReal_re, ofReal_im, mul_re, mul_im, I_re,
  ̲  ̲ ̲ ̲ ̲ ̲ ̲ ̲I_im, mul_zero, z̵e̵r̵o̵_̵m̵u̵l̵,̵ ̵mul_one, zero_add, sub_zero]

Note: This linter can be disabled with `set_option linter.unusedSimpArgs false`
warning: ZhangLS/Spec/Lemma44LocalRectangle.lean:115:65: This simp argument is unused:
  zero_add

Hint: Omit it from the simp argument list.
  simp only [mem_reProdIm, mem_Icc, sub_re, sub_im, ofReal_re, ofReal_im, mul_re, mul_im, I_re,
  ̲  ̲ ̲ ̲ ̲ ̲ ̲ ̲I_im, mul_zero, zero_mul, mul_one, z̵e̵r̵o̵_̵a̵d̵d̵,̵ ̵sub_zero]

Note: This linter can be disabled with `set_option linter.unusedSimpArgs false`
⚠ [3668/3676] Replayed ZhangLS.Spec.Lemma44HorizontalIntegrals
warning: ZhangLS/Spec/Lemma44HorizontalIntegrals.lean:18:5: unused variable `hK`

Note: This linter can be disabled with `set_option linter.unusedVariables false`
⚠ [3669/3676] Replayed ZhangLS.Spec.Lemma44ReflectedPolynomialContours
warning: ZhangLS/Spec/Lemma44ReflectedPolynomialContours.lean:152:64: This simp argument is unused:
  mul_left_comm

Hint: Omit it from the simp argument list.
  simp only [sub_eq_add_neg, add_comm, add_left_comm, mul_comm, mul_l̵e̵f̵t̵_̵c̵o̵m̵m̵,̵ ̵m̵u̵l̵_̵assoc] at hc ⊢

Note: This linter can be disabled with `set_option linter.unusedSimpArgs false`
warning: ZhangLS/Spec/Lemma44ReflectedPolynomialContours.lean:152:79: This simp argument is unused:
  mul_assoc

Hint: Omit it from the simp argument list.
  simp only [sub_eq_add_neg, add_comm, add_left_comm, mul_comm, mul_left_comm,̵ ̵m̵u̵l̵_̵a̵s̵s̵o̵c̵] at hc ⊢

Note: This linter can be disabled with `set_option linter.unusedSimpArgs false`
⚠ [3673/3676] Replayed ZhangLS.Spec.Lemma45Normalization
warning: ZhangLS/Spec/Lemma45Normalization.lean:90:8: 'ring' tactic does nothing

Note: This linter can be disabled with `set_option linter.unusedTactic false`
warning: ZhangLS/Spec/Lemma45Normalization.lean:90:8: this tactic is never executed

Note: This linter can be disabled with `set_option linter.unreachableTactic false`
Build completed successfully (3676 jobs).
== kernel-check ZhangLS/Spec/Lemma46AnalyticSymmetry.lean ==
⚠ [1279/1408] Replayed ZhangLS.Spec.RealDirichletCharacter
warning: ZhangLS/Spec/RealDirichletCharacter.lean:48:4: try 'simp' instead of 'simpa'

Note: This linter can be disabled with `set_option linter.unnecessarySimpa false`
⚠ [1280/1408] Replayed ZhangLS.Spec.Lemma44CharacterProduct
warning: ZhangLS/Spec/Lemma44CharacterProduct.lean:55:38: This simp argument is unused:
  mul_comm

Hint: Omit it from the simp argument list.
  simp [̵m̵u̵l̵_̵c̵o̵m̵m̵,̵ ̵m̵u̵l̵_̵l̵e̵f̵t̵_̵c̵o̵m̵m̵,̵[̲m̲u̲l̲_̲l̲e̲f̲t̲_̲c̲o̲m̲m̲,̲ mul_assoc]

Note: This linter can be disabled with `set_option linter.unusedSimpArgs false`
warning: ZhangLS/Spec/Lemma44CharacterProduct.lean:55:48: This simp argument is unused:
  mul_left_comm

Hint: Omit it from the simp argument list.
  simp [mul_comm, mul_l̵e̵f̵t̵_̵c̵o̵m̵m̵,̵ ̵m̵u̵l̵_̵assoc]

Note: This linter can be disabled with `set_option linter.unusedSimpArgs false`
⚠ [2474/2693] Replayed ZhangLS.Spec.Lemma23AnalyticLogBranch
warning: ZhangLS/Spec/Lemma23AnalyticLogBranch.lean:42:53: try 'simp' instead of 'simpa'

Note: This linter can be disabled with `set_option linter.unnecessarySimpa false`
warning: ZhangLS/Spec/Lemma23AnalyticLogBranch.lean:67:44: try 'simp' instead of 'simpa'

Note: This linter can be disabled with `set_option linter.unnecessarySimpa false`
⚠ [3462/3680] Replayed ZhangLS.Spec.RealAxisAtOne
warning: ZhangLS/Spec/RealAxisAtOne.lean:56:4: try 'simp' instead of 'simpa'

Note: This linter can be disabled with `set_option linter.unnecessarySimpa false`
⚠ [3464/3680] Replayed ZhangLS.Spec.Lemma57
warning: ZhangLS/Spec/Lemma57.lean:101:58: unused variable `hD`

Note: This linter can be disabled with `set_option linter.unusedVariables false`
warning: ZhangLS/Spec/Lemma57.lean:102:7: unused variable `hA`

Note: This linter can be disabled with `set_option linter.unusedVariables false`
⚠ [3465/3680] Replayed ZhangLS.Spec.Lemma57Arithmetic
warning: ZhangLS/Spec/Lemma57Arithmetic.lean:55:15: unused variable `hc_g`

Note: This linter can be disabled with `set_option linter.unusedVariables false`
⚠ [3470/3680] Replayed ZhangLS.Spec.Lemma57SmoothedSum
warning: ZhangLS/Spec/Lemma57SmoothedSum.lean:42:46: unused variable `hD`

Note: This linter can be disabled with `set_option linter.unusedVariables false`
⚠ [3479/3680] Replayed ZhangLS.Spec.Lemma57GaussianGlobal
warning: ZhangLS/Spec/Lemma57GaussianGlobal.lean:55:58: unused variable `ha`

Note: This linter can be disabled with `set_option linter.unusedVariables false`
warning: ZhangLS/Spec/Lemma57GaussianGlobal.lean:241:13: unused variable `hD`

Note: This linter can be disabled with `set_option linter.unusedVariables false`
warning: ZhangLS/Spec/Lemma57GaussianGlobal.lean:241:34: unused variable `hx`

Note: This linter can be disabled with `set_option linter.unusedVariables false`
⚠ [3480/3680] Replayed ZhangLS.Spec.Lemma57SmoothedSummability
warning: ZhangLS/Spec/Lemma57SmoothedSummability.lean:20:52: unused variable `hn`

Note: This linter can be disabled with `set_option linter.unusedVariables false`
⚠ [3485/3680] Replayed ZhangLS.Spec.Lemma57GaussianMellinTransform
warning: ZhangLS/Spec/Lemma57GaussianMellinTransform.lean:67:63: Used `tac1 <;> tac2` where `(tac1; tac2)` would suffice

Note: This linter can be disabled with `set_option linter.unnecessarySeqFocus false`
warning: ZhangLS/Spec/Lemma57GaussianMellinTransform.lean:145:54: Used `tac1 <;> tac2` where `(tac1; tac2)` would suffice

Note: This linter can be disabled with `set_option linter.unnecessarySeqFocus false`
warning: ZhangLS/Spec/Lemma57GaussianMellinTransform.lean:326:4: Try `simp at hs` instead of `simpa using hs`

Note: This linter can be disabled with `set_option linter.unnecessarySimpa false`
⚠ [3499/3680] Replayed ZhangLS.Spec.RiemannZetaCriticalLineBound
warning: ZhangLS/Spec/RiemannZetaCriticalLineBound.lean:99:2: Used `tac1 <;> tac2` where `(tac1; tac2)` would suffice

Note: This linter can be disabled with `set_option linter.unnecessarySeqFocus false`
warning: ZhangLS/Spec/RiemannZetaCriticalLineBound.lean:124:13: unused variable `hs`

Note: This linter can be disabled with `set_option linter.unusedVariables false`
warning: ZhangLS/Spec/RiemannZetaCriticalLineBound.lean:152:6: unused variable `n`

Note: This linter can be disabled with `set_option linter.unusedVariables false`
warning: ZhangLS/Spec/RiemannZetaCriticalLineBound.lean:156:20: unused variable `k`

Note: This linter can be disabled with `set_option linter.unusedVariables false`
warning: ZhangLS/Spec/RiemannZetaCriticalLineBound.lean:161:8: This simp argument is unused:
  sum_one_Icc

Hint: Omit it from the simp argument list.
  simp ̵[̵s̵u̵m̵_̵o̵n̵e̵_̵I̵c̵c̵]̵

Note: This linter can be disabled with `set_option linter.unusedSimpArgs false`
warning: ZhangLS/Spec/RiemannZetaCriticalLineBound.lean:242:12: 'ring' tactic does nothing

Note: This linter can be disabled with `set_option linter.unusedTactic false`
warning: ZhangLS/Spec/RiemannZetaCriticalLineBound.lean:242:12: this tactic is never executed

Note: This linter can be disabled with `set_option linter.unreachableTactic false`
warning: ZhangLS/Spec/RiemannZetaCriticalLineBound.lean:219:41: Used `tac1 <;> tac2` where `(tac1; tac2)` would suffice

Note: This linter can be disabled with `set_option linter.unnecessarySeqFocus false`
warning: ZhangLS/Spec/RiemannZetaCriticalLineBound.lean:303:8: 'ring' tactic does nothing

Note: This linter can be disabled with `set_option linter.unusedTactic false`
warning: ZhangLS/Spec/RiemannZetaCriticalLineBound.lean:303:8: this tactic is never executed

Note: This linter can be disabled with `set_option linter.unreachableTactic false`
warning: ZhangLS/Spec/RiemannZetaCriticalLineBound.lean:394:12: This simp argument is unused:
  norm_div

Hint: Omit it from the simp argument list.
  simp ̵[̵n̵o̵r̵m̵_̵d̵i̵v̵]̵

Note: This linter can be disabled with `set_option linter.unusedSimpArgs false`
warning: ZhangLS/Spec/RiemannZetaCriticalLineBound.lean:475:75: This simp argument is unused:
  norm_div

Hint: Omit it from the simp argument list.
  simp ̵[̵n̵o̵r̵m̵_̵d̵i̵v̵]̵

Note: This linter can be disabled with `set_option linter.unusedSimpArgs false`
⚠ [3500/3680] Replayed ZhangLS.Spec.Lemma57CriticalStripGrowth
warning: ZhangLS/Spec/Lemma57CriticalStripGrowth.lean:270:14: This simp argument is unused:
  norm_div

Hint: Omit it from the simp argument list.
  simp ̵[̵n̵o̵r̵m̵_̵d̵i̵v̵]̵

Note: This linter can be disabled with `set_option linter.unusedSimpArgs false`
⚠ [3507/3680] Replayed ZhangLS.Spec.Lemma23DirichletConjugation
warning: ZhangLS/Spec/Lemma23DirichletConjugation.lean:23:0: automatically included section variable(s) unused in theorem `ZhangLS.Spec.dirichletLSeries_inv_eq_conj_at_conj`:
  [NeZero N]
consider restructuring your `variable` declarations so that the variables are not in scope or explicitly omit them:
  omit [NeZero N] in theorem ...

Note: This linter can be disabled with `set_option linter.unusedSectionVars false`
⚠ [3509/3680] Replayed ZhangLS.Spec.Lemma23PrimitiveGaussSum
warning: ZhangLS/Spec/Lemma23PrimitiveGaussSum.lean:42:19: Used `tac1 <;> tac2` where `(tac1; tac2)` would suffice

Note: This linter can be disabled with `set_option linter.unnecessarySeqFocus false`
⚠ [3510/3680] Replayed ZhangLS.Spec.Lemma23DirichletUnitModulus
warning: ZhangLS/Spec/Lemma23DirichletUnitModulus.lean:112:48: Used `tac1 <;> tac2` where `(tac1; tac2)` would suffice

Note: This linter can be disabled with `set_option linter.unnecessarySeqFocus false`
⚠ [3647/3680] Replayed ZhangLS.Spec.Lemma44ProductMellin
warning: ZhangLS/Spec/Lemma44ProductMellin.lean:144:4: try 'simp' instead of 'simpa'

Note: This linter can be disabled with `set_option linter.unnecessarySimpa false`
⚠ [3651/3680] Replayed ZhangLS.Spec.Lemma44RightMellinApproximation
warning: ZhangLS/Spec/Lemma44RightMellinApproximation.lean:37:4: try 'simp' instead of 'simpa'

Note: This linter can be disabled with `set_option linter.unnecessarySimpa false`
⚠ [3655/3680] Replayed ZhangLS.Spec.Lemma44ReflectedLongSum
warning: ZhangLS/Spec/Lemma44ReflectedLongSum.lean:81:64: Used `tac1 <;> tac2` where `(tac1; tac2)` would suffice

Note: This linter can be disabled with `set_option linter.unnecessarySeqFocus false`
⚠ [3658/3680] Replayed ZhangLS.Spec.Lemma44InitialLeftEstimates
warning: ZhangLS/Spec/Lemma44InitialLeftEstimates.lean:68:23: Used `tac1 <;> tac2` where `(tac1; tac2)` would suffice

Note: This linter can be disabled with `set_option linter.unnecessarySeqFocus false`
⚠ [3661/3680] Replayed ZhangLS.Spec.Lemma44ComplexCharacterAbel
warning: ZhangLS/Spec/Lemma44ComplexCharacterAbel.lean:73:56: unused variable `hD`

Note: This linter can be disabled with `set_option linter.unusedVariables false`
⚠ [3662/3680] Replayed ZhangLS.Spec.Lemma44HorizontalGrowth
warning: ZhangLS/Spec/Lemma44HorizontalGrowth.lean:147:6: 'push_cast' tactic does nothing

Note: This linter can be disabled with `set_option linter.unusedTactic false`
⚠ [3664/3680] Replayed ZhangLS.Spec.Lemma44GaussianVerticalTail
info: ZhangLS/Spec/Lemma44GaussianVerticalTail.lean:41:4: Try this:
  [apply] ring_nf
  
  The `ring` tactic failed to close the goal. Use `ring_nf` to obtain a normal form.
    
  Note that `ring` works primarily in *commutative* rings. If you have a noncommutative ring, abelian group or module, consider using `noncomm_ring`, `abel` or `module` instead.
info: ZhangLS/Spec/Lemma44GaussianVerticalTail.lean:57:16: Try this:
  [apply] ring_nf
  
  The `ring` tactic failed to close the goal. Use `ring_nf` to obtain a normal form.
    
  Note that `ring` works primarily in *commutative* rings. If you have a noncommutative ring, abelian group or module, consider using `noncomm_ring`, `abel` or `module` instead.
warning: ZhangLS/Spec/Lemma44GaussianVerticalTail.lean:57:12: Used `tac1 <;> tac2` where `(tac1; tac2)` would suffice

Note: This linter can be disabled with `set_option linter.unnecessarySeqFocus false`
warning: ZhangLS/Spec/Lemma44GaussianVerticalTail.lean:68:22: Used `tac1 <;> tac2` where `(tac1; tac2)` would suffice

Note: This linter can be disabled with `set_option linter.unnecessarySeqFocus false`
info: ZhangLS/Spec/Lemma44GaussianVerticalTail.lean:153:35: Try this:
  [apply] ring_nf
  
  The `ring` tactic failed to close the goal. Use `ring_nf` to obtain a normal form.
    
  Note that `ring` works primarily in *commutative* rings. If you have a noncommutative ring, abelian group or module, consider using `noncomm_ring`, `abel` or `module` instead.
⚠ [3665/3680] Replayed ZhangLS.Spec.Lemma44LocalRectangle
warning: ZhangLS/Spec/Lemma44LocalRectangle.lean:115:46: This simp argument is unused:
  zero_mul

Hint: Omit it from the simp argument list.
  simp only [mem_reProdIm, mem_Icc, sub_re, sub_im, ofReal_re, ofReal_im, mul_re, mul_im, I_re,
  ̲  ̲ ̲ ̲ ̲ ̲ ̲ ̲I_im, mul_zero, z̵e̵r̵o̵_̵m̵u̵l̵,̵ ̵mul_one, zero_add, sub_zero]

Note: This linter can be disabled with `set_option linter.unusedSimpArgs false`
warning: ZhangLS/Spec/Lemma44LocalRectangle.lean:115:65: This simp argument is unused:
  zero_add

Hint: Omit it from the simp argument list.
  simp only [mem_reProdIm, mem_Icc, sub_re, sub_im, ofReal_re, ofReal_im, mul_re, mul_im, I_re,
  ̲  ̲ ̲ ̲ ̲ ̲ ̲ ̲I_im, mul_zero, zero_mul, mul_one, z̵e̵r̵o̵_̵a̵d̵d̵,̵ ̵sub_zero]

Note: This linter can be disabled with `set_option linter.unusedSimpArgs false`
⚠ [3668/3680] Replayed ZhangLS.Spec.Lemma44HorizontalIntegrals
warning: ZhangLS/Spec/Lemma44HorizontalIntegrals.lean:18:5: unused variable `hK`

Note: This linter can be disabled with `set_option linter.unusedVariables false`
⚠ [3669/3680] Replayed ZhangLS.Spec.Lemma44ReflectedPolynomialContours
warning: ZhangLS/Spec/Lemma44ReflectedPolynomialContours.lean:152:64: This simp argument is unused:
  mul_left_comm

Hint: Omit it from the simp argument list.
  simp only [sub_eq_add_neg, add_comm, add_left_comm, mul_comm, mul_l̵e̵f̵t̵_̵c̵o̵m̵m̵,̵ ̵m̵u̵l̵_̵assoc] at hc ⊢

Note: This linter can be disabled with `set_option linter.unusedSimpArgs false`
warning: ZhangLS/Spec/Lemma44ReflectedPolynomialContours.lean:152:79: This simp argument is unused:
  mul_assoc

Hint: Omit it from the simp argument list.
  simp only [sub_eq_add_neg, add_comm, add_left_comm, mul_comm, mul_left_comm,̵ ̵m̵u̵l̵_̵a̵s̵s̵o̵c̵] at hc ⊢

Note: This linter can be disabled with `set_option linter.unusedSimpArgs false`
⚠ [3673/3680] Replayed ZhangLS.Spec.Lemma45Normalization
warning: ZhangLS/Spec/Lemma45Normalization.lean:90:8: 'ring' tactic does nothing

Note: This linter can be disabled with `set_option linter.unusedTactic false`
warning: ZhangLS/Spec/Lemma45Normalization.lean:90:8: this tactic is never executed

Note: This linter can be disabled with `set_option linter.unreachableTactic false`
Build completed successfully (3680 jobs).
== kernel-check ZhangLS/Spec/Lemma46ExponentialTransport.lean ==
⚠ [1279/1368] Replayed ZhangLS.Spec.RealDirichletCharacter
warning: ZhangLS/Spec/RealDirichletCharacter.lean:48:4: try 'simp' instead of 'simpa'

Note: This linter can be disabled with `set_option linter.unnecessarySimpa false`
⚠ [1280/1368] Replayed ZhangLS.Spec.Lemma44CharacterProduct
warning: ZhangLS/Spec/Lemma44CharacterProduct.lean:55:38: This simp argument is unused:
  mul_comm

Hint: Omit it from the simp argument list.
  simp [̵m̵u̵l̵_̵c̵o̵m̵m̵,̵ ̵m̵u̵l̵_̵l̵e̵f̵t̵_̵c̵o̵m̵m̵,̵[̲m̲u̲l̲_̲l̲e̲f̲t̲_̲c̲o̲m̲m̲,̲ mul_assoc]

Note: This linter can be disabled with `set_option linter.unusedSimpArgs false`
warning: ZhangLS/Spec/Lemma44CharacterProduct.lean:55:48: This simp argument is unused:
  mul_left_comm

Hint: Omit it from the simp argument list.
  simp [mul_comm, mul_l̵e̵f̵t̵_̵c̵o̵m̵m̵,̵ ̵m̵u̵l̵_̵assoc]

Note: This linter can be disabled with `set_option linter.unusedSimpArgs false`
⚠ [2474/2573] Replayed ZhangLS.Spec.Lemma23AnalyticLogBranch
warning: ZhangLS/Spec/Lemma23AnalyticLogBranch.lean:42:53: try 'simp' instead of 'simpa'

Note: This linter can be disabled with `set_option linter.unnecessarySimpa false`
warning: ZhangLS/Spec/Lemma23AnalyticLogBranch.lean:67:44: try 'simp' instead of 'simpa'

Note: This linter can be disabled with `set_option linter.unnecessarySimpa false`
⚠ [3462/3678] Replayed ZhangLS.Spec.RealAxisAtOne
warning: ZhangLS/Spec/RealAxisAtOne.lean:56:4: try 'simp' instead of 'simpa'

Note: This linter can be disabled with `set_option linter.unnecessarySimpa false`
⚠ [3464/3678] Replayed ZhangLS.Spec.Lemma57
warning: ZhangLS/Spec/Lemma57.lean:101:58: unused variable `hD`

Note: This linter can be disabled with `set_option linter.unusedVariables false`
warning: ZhangLS/Spec/Lemma57.lean:102:7: unused variable `hA`

Note: This linter can be disabled with `set_option linter.unusedVariables false`
⚠ [3465/3678] Replayed ZhangLS.Spec.Lemma57Arithmetic
warning: ZhangLS/Spec/Lemma57Arithmetic.lean:55:15: unused variable `hc_g`

Note: This linter can be disabled with `set_option linter.unusedVariables false`
⚠ [3470/3678] Replayed ZhangLS.Spec.Lemma57SmoothedSum
warning: ZhangLS/Spec/Lemma57SmoothedSum.lean:42:46: unused variable `hD`

Note: This linter can be disabled with `set_option linter.unusedVariables false`
⚠ [3479/3678] Replayed ZhangLS.Spec.Lemma57GaussianGlobal
warning: ZhangLS/Spec/Lemma57GaussianGlobal.lean:55:58: unused variable `ha`

Note: This linter can be disabled with `set_option linter.unusedVariables false`
warning: ZhangLS/Spec/Lemma57GaussianGlobal.lean:241:13: unused variable `hD`

Note: This linter can be disabled with `set_option linter.unusedVariables false`
warning: ZhangLS/Spec/Lemma57GaussianGlobal.lean:241:34: unused variable `hx`

Note: This linter can be disabled with `set_option linter.unusedVariables false`
⚠ [3480/3678] Replayed ZhangLS.Spec.Lemma57SmoothedSummability
warning: ZhangLS/Spec/Lemma57SmoothedSummability.lean:20:52: unused variable `hn`

Note: This linter can be disabled with `set_option linter.unusedVariables false`
⚠ [3485/3678] Replayed ZhangLS.Spec.Lemma57GaussianMellinTransform
warning: ZhangLS/Spec/Lemma57GaussianMellinTransform.lean:67:63: Used `tac1 <;> tac2` where `(tac1; tac2)` would suffice

Note: This linter can be disabled with `set_option linter.unnecessarySeqFocus false`
warning: ZhangLS/Spec/Lemma57GaussianMellinTransform.lean:145:54: Used `tac1 <;> tac2` where `(tac1; tac2)` would suffice

Note: This linter can be disabled with `set_option linter.unnecessarySeqFocus false`
warning: ZhangLS/Spec/Lemma57GaussianMellinTransform.lean:326:4: Try `simp at hs` instead of `simpa using hs`

Note: This linter can be disabled with `set_option linter.unnecessarySimpa false`
⚠ [3499/3678] Replayed ZhangLS.Spec.RiemannZetaCriticalLineBound
warning: ZhangLS/Spec/RiemannZetaCriticalLineBound.lean:99:2: Used `tac1 <;> tac2` where `(tac1; tac2)` would suffice

Note: This linter can be disabled with `set_option linter.unnecessarySeqFocus false`
warning: ZhangLS/Spec/RiemannZetaCriticalLineBound.lean:124:13: unused variable `hs`

Note: This linter can be disabled with `set_option linter.unusedVariables false`
warning: ZhangLS/Spec/RiemannZetaCriticalLineBound.lean:152:6: unused variable `n`

Note: This linter can be disabled with `set_option linter.unusedVariables false`
warning: ZhangLS/Spec/RiemannZetaCriticalLineBound.lean:156:20: unused variable `k`

Note: This linter can be disabled with `set_option linter.unusedVariables false`
warning: ZhangLS/Spec/RiemannZetaCriticalLineBound.lean:161:8: This simp argument is unused:
  sum_one_Icc

Hint: Omit it from the simp argument list.
  simp ̵[̵s̵u̵m̵_̵o̵n̵e̵_̵I̵c̵c̵]̵

Note: This linter can be disabled with `set_option linter.unusedSimpArgs false`
warning: ZhangLS/Spec/RiemannZetaCriticalLineBound.lean:242:12: 'ring' tactic does nothing

Note: This linter can be disabled with `set_option linter.unusedTactic false`
warning: ZhangLS/Spec/RiemannZetaCriticalLineBound.lean:242:12: this tactic is never executed

Note: This linter can be disabled with `set_option linter.unreachableTactic false`
warning: ZhangLS/Spec/RiemannZetaCriticalLineBound.lean:219:41: Used `tac1 <;> tac2` where `(tac1; tac2)` would suffice

Note: This linter can be disabled with `set_option linter.unnecessarySeqFocus false`
warning: ZhangLS/Spec/RiemannZetaCriticalLineBound.lean:303:8: 'ring' tactic does nothing

Note: This linter can be disabled with `set_option linter.unusedTactic false`
warning: ZhangLS/Spec/RiemannZetaCriticalLineBound.lean:303:8: this tactic is never executed

Note: This linter can be disabled with `set_option linter.unreachableTactic false`
warning: ZhangLS/Spec/RiemannZetaCriticalLineBound.lean:394:12: This simp argument is unused:
  norm_div

Hint: Omit it from the simp argument list.
  simp ̵[̵n̵o̵r̵m̵_̵d̵i̵v̵]̵

Note: This linter can be disabled with `set_option linter.unusedSimpArgs false`
warning: ZhangLS/Spec/RiemannZetaCriticalLineBound.lean:475:75: This simp argument is unused:
  norm_div

Hint: Omit it from the simp argument list.
  simp ̵[̵n̵o̵r̵m̵_̵d̵i̵v̵]̵

Note: This linter can be disabled with `set_option linter.unusedSimpArgs false`
⚠ [3500/3678] Replayed ZhangLS.Spec.Lemma57CriticalStripGrowth
warning: ZhangLS/Spec/Lemma57CriticalStripGrowth.lean:270:14: This simp argument is unused:
  norm_div

Hint: Omit it from the simp argument list.
  simp ̵[̵n̵o̵r̵m̵_̵d̵i̵v̵]̵

Note: This linter can be disabled with `set_option linter.unusedSimpArgs false`
⚠ [3507/3678] Replayed ZhangLS.Spec.Lemma23DirichletConjugation
warning: ZhangLS/Spec/Lemma23DirichletConjugation.lean:23:0: automatically included section variable(s) unused in theorem `ZhangLS.Spec.dirichletLSeries_inv_eq_conj_at_conj`:
  [NeZero N]
consider restructuring your `variable` declarations so that the variables are not in scope or explicitly omit them:
  omit [NeZero N] in theorem ...

Note: This linter can be disabled with `set_option linter.unusedSectionVars false`
⚠ [3509/3678] Replayed ZhangLS.Spec.Lemma23PrimitiveGaussSum
warning: ZhangLS/Spec/Lemma23PrimitiveGaussSum.lean:42:19: Used `tac1 <;> tac2` where `(tac1; tac2)` would suffice

Note: This linter can be disabled with `set_option linter.unnecessarySeqFocus false`
⚠ [3510/3678] Replayed ZhangLS.Spec.Lemma23DirichletUnitModulus
warning: ZhangLS/Spec/Lemma23DirichletUnitModulus.lean:112:48: Used `tac1 <;> tac2` where `(tac1; tac2)` would suffice

Note: This linter can be disabled with `set_option linter.unnecessarySeqFocus false`
⚠ [3647/3678] Replayed ZhangLS.Spec.Lemma44ProductMellin
warning: ZhangLS/Spec/Lemma44ProductMellin.lean:144:4: try 'simp' instead of 'simpa'

Note: This linter can be disabled with `set_option linter.unnecessarySimpa false`
⚠ [3651/3678] Replayed ZhangLS.Spec.Lemma44RightMellinApproximation
warning: ZhangLS/Spec/Lemma44RightMellinApproximation.lean:37:4: try 'simp' instead of 'simpa'

Note: This linter can be disabled with `set_option linter.unnecessarySimpa false`
⚠ [3655/3678] Replayed ZhangLS.Spec.Lemma44ReflectedLongSum
warning: ZhangLS/Spec/Lemma44ReflectedLongSum.lean:81:64: Used `tac1 <;> tac2` where `(tac1; tac2)` would suffice

Note: This linter can be disabled with `set_option linter.unnecessarySeqFocus false`
⚠ [3658/3678] Replayed ZhangLS.Spec.Lemma44InitialLeftEstimates
warning: ZhangLS/Spec/Lemma44InitialLeftEstimates.lean:68:23: Used `tac1 <;> tac2` where `(tac1; tac2)` would suffice

Note: This linter can be disabled with `set_option linter.unnecessarySeqFocus false`
⚠ [3661/3678] Replayed ZhangLS.Spec.Lemma44ComplexCharacterAbel
warning: ZhangLS/Spec/Lemma44ComplexCharacterAbel.lean:73:56: unused variable `hD`

Note: This linter can be disabled with `set_option linter.unusedVariables false`
⚠ [3662/3678] Replayed ZhangLS.Spec.Lemma44HorizontalGrowth
warning: ZhangLS/Spec/Lemma44HorizontalGrowth.lean:147:6: 'push_cast' tactic does nothing

Note: This linter can be disabled with `set_option linter.unusedTactic false`
⚠ [3664/3678] Replayed ZhangLS.Spec.Lemma44GaussianVerticalTail
info: ZhangLS/Spec/Lemma44GaussianVerticalTail.lean:41:4: Try this:
  [apply] ring_nf
  
  The `ring` tactic failed to close the goal. Use `ring_nf` to obtain a normal form.
    
  Note that `ring` works primarily in *commutative* rings. If you have a noncommutative ring, abelian group or module, consider using `noncomm_ring`, `abel` or `module` instead.
info: ZhangLS/Spec/Lemma44GaussianVerticalTail.lean:57:16: Try this:
  [apply] ring_nf
  
  The `ring` tactic failed to close the goal. Use `ring_nf` to obtain a normal form.
    
  Note that `ring` works primarily in *commutative* rings. If you have a noncommutative ring, abelian group or module, consider using `noncomm_ring`, `abel` or `module` instead.
warning: ZhangLS/Spec/Lemma44GaussianVerticalTail.lean:57:12: Used `tac1 <;> tac2` where `(tac1; tac2)` would suffice

Note: This linter can be disabled with `set_option linter.unnecessarySeqFocus false`
warning: ZhangLS/Spec/Lemma44GaussianVerticalTail.lean:68:22: Used `tac1 <;> tac2` where `(tac1; tac2)` would suffice

Note: This linter can be disabled with `set_option linter.unnecessarySeqFocus false`
info: ZhangLS/Spec/Lemma44GaussianVerticalTail.lean:153:35: Try this:
  [apply] ring_nf
  
  The `ring` tactic failed to close the goal. Use `ring_nf` to obtain a normal form.
    
  Note that `ring` works primarily in *commutative* rings. If you have a noncommutative ring, abelian group or module, consider using `noncomm_ring`, `abel` or `module` instead.
⚠ [3665/3678] Replayed ZhangLS.Spec.Lemma44LocalRectangle
warning: ZhangLS/Spec/Lemma44LocalRectangle.lean:115:46: This simp argument is unused:
  zero_mul

Hint: Omit it from the simp argument list.
  simp only [mem_reProdIm, mem_Icc, sub_re, sub_im, ofReal_re, ofReal_im, mul_re, mul_im, I_re,
  ̲  ̲ ̲ ̲ ̲ ̲ ̲ ̲I_im, mul_zero, z̵e̵r̵o̵_̵m̵u̵l̵,̵ ̵mul_one, zero_add, sub_zero]

Note: This linter can be disabled with `set_option linter.unusedSimpArgs false`
warning: ZhangLS/Spec/Lemma44LocalRectangle.lean:115:65: This simp argument is unused:
  zero_add

Hint: Omit it from the simp argument list.
  simp only [mem_reProdIm, mem_Icc, sub_re, sub_im, ofReal_re, ofReal_im, mul_re, mul_im, I_re,
  ̲  ̲ ̲ ̲ ̲ ̲ ̲ ̲I_im, mul_zero, zero_mul, mul_one, z̵e̵r̵o̵_̵a̵d̵d̵,̵ ̵sub_zero]

Note: This linter can be disabled with `set_option linter.unusedSimpArgs false`
⚠ [3668/3678] Replayed ZhangLS.Spec.Lemma44HorizontalIntegrals
warning: ZhangLS/Spec/Lemma44HorizontalIntegrals.lean:18:5: unused variable `hK`

Note: This linter can be disabled with `set_option linter.unusedVariables false`
⚠ [3669/3678] Replayed ZhangLS.Spec.Lemma44ReflectedPolynomialContours
warning: ZhangLS/Spec/Lemma44ReflectedPolynomialContours.lean:152:64: This simp argument is unused:
  mul_left_comm

Hint: Omit it from the simp argument list.
  simp only [sub_eq_add_neg, add_comm, add_left_comm, mul_comm, mul_l̵e̵f̵t̵_̵c̵o̵m̵m̵,̵ ̵m̵u̵l̵_̵assoc] at hc ⊢

Note: This linter can be disabled with `set_option linter.unusedSimpArgs false`
warning: ZhangLS/Spec/Lemma44ReflectedPolynomialContours.lean:152:79: This simp argument is unused:
  mul_assoc

Hint: Omit it from the simp argument list.
  simp only [sub_eq_add_neg, add_comm, add_left_comm, mul_comm, mul_left_comm,̵ ̵m̵u̵l̵_̵a̵s̵s̵o̵c̵] at hc ⊢

Note: This linter can be disabled with `set_option linter.unusedSimpArgs false`
⚠ [3673/3678] Replayed ZhangLS.Spec.Lemma45Normalization
warning: ZhangLS/Spec/Lemma45Normalization.lean:90:8: 'ring' tactic does nothing

Note: This linter can be disabled with `set_option linter.unusedTactic false`
warning: ZhangLS/Spec/Lemma45Normalization.lean:90:8: this tactic is never executed

Note: This linter can be disabled with `set_option linter.unreachableTactic false`
Build completed successfully (3678 jobs).
== kernel-check ZhangLS/Spec/Lemma46LocalGeometry.lean ==
⚠ [1279/1365] Replayed ZhangLS.Spec.RealDirichletCharacter
warning: ZhangLS/Spec/RealDirichletCharacter.lean:48:4: try 'simp' instead of 'simpa'

Note: This linter can be disabled with `set_option linter.unnecessarySimpa false`
⚠ [1280/1365] Replayed ZhangLS.Spec.Lemma44CharacterProduct
warning: ZhangLS/Spec/Lemma44CharacterProduct.lean:55:38: This simp argument is unused:
  mul_comm

Hint: Omit it from the simp argument list.
  simp [̵m̵u̵l̵_̵c̵o̵m̵m̵,̵ ̵m̵u̵l̵_̵l̵e̵f̵t̵_̵c̵o̵m̵m̵,̵[̲m̲u̲l̲_̲l̲e̲f̲t̲_̲c̲o̲m̲m̲,̲ mul_assoc]

Note: This linter can be disabled with `set_option linter.unusedSimpArgs false`
warning: ZhangLS/Spec/Lemma44CharacterProduct.lean:55:48: This simp argument is unused:
  mul_left_comm

Hint: Omit it from the simp argument list.
  simp [mul_comm, mul_l̵e̵f̵t̵_̵c̵o̵m̵m̵,̵ ̵m̵u̵l̵_̵assoc]

Note: This linter can be disabled with `set_option linter.unusedSimpArgs false`
⚠ [2474/2577] Replayed ZhangLS.Spec.Lemma23AnalyticLogBranch
warning: ZhangLS/Spec/Lemma23AnalyticLogBranch.lean:42:53: try 'simp' instead of 'simpa'

Note: This linter can be disabled with `set_option linter.unnecessarySimpa false`
warning: ZhangLS/Spec/Lemma23AnalyticLogBranch.lean:67:44: try 'simp' instead of 'simpa'

Note: This linter can be disabled with `set_option linter.unnecessarySimpa false`
⚠ [3462/3679] Replayed ZhangLS.Spec.RealAxisAtOne
warning: ZhangLS/Spec/RealAxisAtOne.lean:56:4: try 'simp' instead of 'simpa'

Note: This linter can be disabled with `set_option linter.unnecessarySimpa false`
⚠ [3464/3679] Replayed ZhangLS.Spec.Lemma57
warning: ZhangLS/Spec/Lemma57.lean:101:58: unused variable `hD`

Note: This linter can be disabled with `set_option linter.unusedVariables false`
warning: ZhangLS/Spec/Lemma57.lean:102:7: unused variable `hA`

Note: This linter can be disabled with `set_option linter.unusedVariables false`
⚠ [3465/3679] Replayed ZhangLS.Spec.Lemma57Arithmetic
warning: ZhangLS/Spec/Lemma57Arithmetic.lean:55:15: unused variable `hc_g`

Note: This linter can be disabled with `set_option linter.unusedVariables false`
⚠ [3470/3679] Replayed ZhangLS.Spec.Lemma57SmoothedSum
warning: ZhangLS/Spec/Lemma57SmoothedSum.lean:42:46: unused variable `hD`

Note: This linter can be disabled with `set_option linter.unusedVariables false`
⚠ [3479/3679] Replayed ZhangLS.Spec.Lemma57GaussianGlobal
warning: ZhangLS/Spec/Lemma57GaussianGlobal.lean:55:58: unused variable `ha`

Note: This linter can be disabled with `set_option linter.unusedVariables false`
warning: ZhangLS/Spec/Lemma57GaussianGlobal.lean:241:13: unused variable `hD`

Note: This linter can be disabled with `set_option linter.unusedVariables false`
warning: ZhangLS/Spec/Lemma57GaussianGlobal.lean:241:34: unused variable `hx`

Note: This linter can be disabled with `set_option linter.unusedVariables false`
⚠ [3480/3679] Replayed ZhangLS.Spec.Lemma57SmoothedSummability
warning: ZhangLS/Spec/Lemma57SmoothedSummability.lean:20:52: unused variable `hn`

Note: This linter can be disabled with `set_option linter.unusedVariables false`
⚠ [3485/3679] Replayed ZhangLS.Spec.Lemma57GaussianMellinTransform
warning: ZhangLS/Spec/Lemma57GaussianMellinTransform.lean:67:63: Used `tac1 <;> tac2` where `(tac1; tac2)` would suffice

Note: This linter can be disabled with `set_option linter.unnecessarySeqFocus false`
warning: ZhangLS/Spec/Lemma57GaussianMellinTransform.lean:145:54: Used `tac1 <;> tac2` where `(tac1; tac2)` would suffice

Note: This linter can be disabled with `set_option linter.unnecessarySeqFocus false`
warning: ZhangLS/Spec/Lemma57GaussianMellinTransform.lean:326:4: Try `simp at hs` instead of `simpa using hs`

Note: This linter can be disabled with `set_option linter.unnecessarySimpa false`
⚠ [3499/3679] Replayed ZhangLS.Spec.RiemannZetaCriticalLineBound
warning: ZhangLS/Spec/RiemannZetaCriticalLineBound.lean:99:2: Used `tac1 <;> tac2` where `(tac1; tac2)` would suffice

Note: This linter can be disabled with `set_option linter.unnecessarySeqFocus false`
warning: ZhangLS/Spec/RiemannZetaCriticalLineBound.lean:124:13: unused variable `hs`

Note: This linter can be disabled with `set_option linter.unusedVariables false`
warning: ZhangLS/Spec/RiemannZetaCriticalLineBound.lean:152:6: unused variable `n`

Note: This linter can be disabled with `set_option linter.unusedVariables false`
warning: ZhangLS/Spec/RiemannZetaCriticalLineBound.lean:156:20: unused variable `k`

Note: This linter can be disabled with `set_option linter.unusedVariables false`
warning: ZhangLS/Spec/RiemannZetaCriticalLineBound.lean:161:8: This simp argument is unused:
  sum_one_Icc

Hint: Omit it from the simp argument list.
  simp ̵[̵s̵u̵m̵_̵o̵n̵e̵_̵I̵c̵c̵]̵

Note: This linter can be disabled with `set_option linter.unusedSimpArgs false`
warning: ZhangLS/Spec/RiemannZetaCriticalLineBound.lean:242:12: 'ring' tactic does nothing

Note: This linter can be disabled with `set_option linter.unusedTactic false`
warning: ZhangLS/Spec/RiemannZetaCriticalLineBound.lean:242:12: this tactic is never executed

Note: This linter can be disabled with `set_option linter.unreachableTactic false`
warning: ZhangLS/Spec/RiemannZetaCriticalLineBound.lean:219:41: Used `tac1 <;> tac2` where `(tac1; tac2)` would suffice

Note: This linter can be disabled with `set_option linter.unnecessarySeqFocus false`
warning: ZhangLS/Spec/RiemannZetaCriticalLineBound.lean:303:8: 'ring' tactic does nothing

Note: This linter can be disabled with `set_option linter.unusedTactic false`
warning: ZhangLS/Spec/RiemannZetaCriticalLineBound.lean:303:8: this tactic is never executed

Note: This linter can be disabled with `set_option linter.unreachableTactic false`
warning: ZhangLS/Spec/RiemannZetaCriticalLineBound.lean:394:12: This simp argument is unused:
  norm_div

Hint: Omit it from the simp argument list.
  simp ̵[̵n̵o̵r̵m̵_̵d̵i̵v̵]̵

Note: This linter can be disabled with `set_option linter.unusedSimpArgs false`
warning: ZhangLS/Spec/RiemannZetaCriticalLineBound.lean:475:75: This simp argument is unused:
  norm_div

Hint: Omit it from the simp argument list.
  simp ̵[̵n̵o̵r̵m̵_̵d̵i̵v̵]̵

Note: This linter can be disabled with `set_option linter.unusedSimpArgs false`
⚠ [3500/3679] Replayed ZhangLS.Spec.Lemma57CriticalStripGrowth
warning: ZhangLS/Spec/Lemma57CriticalStripGrowth.lean:270:14: This simp argument is unused:
  norm_div

Hint: Omit it from the simp argument list.
  simp ̵[̵n̵o̵r̵m̵_̵d̵i̵v̵]̵

Note: This linter can be disabled with `set_option linter.unusedSimpArgs false`
⚠ [3507/3679] Replayed ZhangLS.Spec.Lemma23DirichletConjugation
warning: ZhangLS/Spec/Lemma23DirichletConjugation.lean:23:0: automatically included section variable(s) unused in theorem `ZhangLS.Spec.dirichletLSeries_inv_eq_conj_at_conj`:
  [NeZero N]
consider restructuring your `variable` declarations so that the variables are not in scope or explicitly omit them:
  omit [NeZero N] in theorem ...

Note: This linter can be disabled with `set_option linter.unusedSectionVars false`
⚠ [3509/3679] Replayed ZhangLS.Spec.Lemma23PrimitiveGaussSum
warning: ZhangLS/Spec/Lemma23PrimitiveGaussSum.lean:42:19: Used `tac1 <;> tac2` where `(tac1; tac2)` would suffice

Note: This linter can be disabled with `set_option linter.unnecessarySeqFocus false`
⚠ [3510/3679] Replayed ZhangLS.Spec.Lemma23DirichletUnitModulus
warning: ZhangLS/Spec/Lemma23DirichletUnitModulus.lean:112:48: Used `tac1 <;> tac2` where `(tac1; tac2)` would suffice

Note: This linter can be disabled with `set_option linter.unnecessarySeqFocus false`
⚠ [3647/3679] Replayed ZhangLS.Spec.Lemma44ProductMellin
warning: ZhangLS/Spec/Lemma44ProductMellin.lean:144:4: try 'simp' instead of 'simpa'

Note: This linter can be disabled with `set_option linter.unnecessarySimpa false`
⚠ [3651/3679] Replayed ZhangLS.Spec.Lemma44RightMellinApproximation
warning: ZhangLS/Spec/Lemma44RightMellinApproximation.lean:37:4: try 'simp' instead of 'simpa'

Note: This linter can be disabled with `set_option linter.unnecessarySimpa false`
⚠ [3655/3679] Replayed ZhangLS.Spec.Lemma44ReflectedLongSum
warning: ZhangLS/Spec/Lemma44ReflectedLongSum.lean:81:64: Used `tac1 <;> tac2` where `(tac1; tac2)` would suffice

Note: This linter can be disabled with `set_option linter.unnecessarySeqFocus false`
⚠ [3658/3679] Replayed ZhangLS.Spec.Lemma44InitialLeftEstimates
warning: ZhangLS/Spec/Lemma44InitialLeftEstimates.lean:68:23: Used `tac1 <;> tac2` where `(tac1; tac2)` would suffice

Note: This linter can be disabled with `set_option linter.unnecessarySeqFocus false`
⚠ [3661/3679] Replayed ZhangLS.Spec.Lemma44ComplexCharacterAbel
warning: ZhangLS/Spec/Lemma44ComplexCharacterAbel.lean:73:56: unused variable `hD`

Note: This linter can be disabled with `set_option linter.unusedVariables false`
⚠ [3662/3679] Replayed ZhangLS.Spec.Lemma44HorizontalGrowth
warning: ZhangLS/Spec/Lemma44HorizontalGrowth.lean:147:6: 'push_cast' tactic does nothing

Note: This linter can be disabled with `set_option linter.unusedTactic false`
⚠ [3664/3679] Replayed ZhangLS.Spec.Lemma44GaussianVerticalTail
info: ZhangLS/Spec/Lemma44GaussianVerticalTail.lean:41:4: Try this:
  [apply] ring_nf
  
  The `ring` tactic failed to close the goal. Use `ring_nf` to obtain a normal form.
    
  Note that `ring` works primarily in *commutative* rings. If you have a noncommutative ring, abelian group or module, consider using `noncomm_ring`, `abel` or `module` instead.
info: ZhangLS/Spec/Lemma44GaussianVerticalTail.lean:57:16: Try this:
  [apply] ring_nf
  
  The `ring` tactic failed to close the goal. Use `ring_nf` to obtain a normal form.
    
  Note that `ring` works primarily in *commutative* rings. If you have a noncommutative ring, abelian group or module, consider using `noncomm_ring`, `abel` or `module` instead.
warning: ZhangLS/Spec/Lemma44GaussianVerticalTail.lean:57:12: Used `tac1 <;> tac2` where `(tac1; tac2)` would suffice

Note: This linter can be disabled with `set_option linter.unnecessarySeqFocus false`
warning: ZhangLS/Spec/Lemma44GaussianVerticalTail.lean:68:22: Used `tac1 <;> tac2` where `(tac1; tac2)` would suffice

Note: This linter can be disabled with `set_option linter.unnecessarySeqFocus false`
info: ZhangLS/Spec/Lemma44GaussianVerticalTail.lean:153:35: Try this:
  [apply] ring_nf
  
  The `ring` tactic failed to close the goal. Use `ring_nf` to obtain a normal form.
    
  Note that `ring` works primarily in *commutative* rings. If you have a noncommutative ring, abelian group or module, consider using `noncomm_ring`, `abel` or `module` instead.
⚠ [3665/3679] Replayed ZhangLS.Spec.Lemma44LocalRectangle
warning: ZhangLS/Spec/Lemma44LocalRectangle.lean:115:46: This simp argument is unused:
  zero_mul

Hint: Omit it from the simp argument list.
  simp only [mem_reProdIm, mem_Icc, sub_re, sub_im, ofReal_re, ofReal_im, mul_re, mul_im, I_re,
  ̲  ̲ ̲ ̲ ̲ ̲ ̲ ̲I_im, mul_zero, z̵e̵r̵o̵_̵m̵u̵l̵,̵ ̵mul_one, zero_add, sub_zero]

Note: This linter can be disabled with `set_option linter.unusedSimpArgs false`
warning: ZhangLS/Spec/Lemma44LocalRectangle.lean:115:65: This simp argument is unused:
  zero_add

Hint: Omit it from the simp argument list.
  simp only [mem_reProdIm, mem_Icc, sub_re, sub_im, ofReal_re, ofReal_im, mul_re, mul_im, I_re,
  ̲  ̲ ̲ ̲ ̲ ̲ ̲ ̲I_im, mul_zero, zero_mul, mul_one, z̵e̵r̵o̵_̵a̵d̵d̵,̵ ̵sub_zero]

Note: This linter can be disabled with `set_option linter.unusedSimpArgs false`
⚠ [3668/3679] Replayed ZhangLS.Spec.Lemma44HorizontalIntegrals
warning: ZhangLS/Spec/Lemma44HorizontalIntegrals.lean:18:5: unused variable `hK`

Note: This linter can be disabled with `set_option linter.unusedVariables false`
⚠ [3669/3679] Replayed ZhangLS.Spec.Lemma44ReflectedPolynomialContours
warning: ZhangLS/Spec/Lemma44ReflectedPolynomialContours.lean:152:64: This simp argument is unused:
  mul_left_comm

Hint: Omit it from the simp argument list.
  simp only [sub_eq_add_neg, add_comm, add_left_comm, mul_comm, mul_l̵e̵f̵t̵_̵c̵o̵m̵m̵,̵ ̵m̵u̵l̵_̵assoc] at hc ⊢

Note: This linter can be disabled with `set_option linter.unusedSimpArgs false`
warning: ZhangLS/Spec/Lemma44ReflectedPolynomialContours.lean:152:79: This simp argument is unused:
  mul_assoc

Hint: Omit it from the simp argument list.
  simp only [sub_eq_add_neg, add_comm, add_left_comm, mul_comm, mul_left_comm,̵ ̵m̵u̵l̵_̵a̵s̵s̵o̵c̵] at hc ⊢

Note: This linter can be disabled with `set_option linter.unusedSimpArgs false`
⚠ [3673/3679] Replayed ZhangLS.Spec.Lemma45Normalization
warning: ZhangLS/Spec/Lemma45Normalization.lean:90:8: 'ring' tactic does nothing

Note: This linter can be disabled with `set_option linter.unusedTactic false`
warning: ZhangLS/Spec/Lemma45Normalization.lean:90:8: this tactic is never executed

Note: This linter can be disabled with `set_option linter.unreachableTactic false`
Build completed successfully (3679 jobs).
== kernel-check ZhangLS/Spec/Lemma46LogDerivative.lean ==
⚠ [1279/1409] Replayed ZhangLS.Spec.RealDirichletCharacter
warning: ZhangLS/Spec/RealDirichletCharacter.lean:48:4: try 'simp' instead of 'simpa'

Note: This linter can be disabled with `set_option linter.unnecessarySimpa false`
⚠ [1280/1409] Replayed ZhangLS.Spec.Lemma44CharacterProduct
warning: ZhangLS/Spec/Lemma44CharacterProduct.lean:55:38: This simp argument is unused:
  mul_comm

Hint: Omit it from the simp argument list.
  simp [̵m̵u̵l̵_̵c̵o̵m̵m̵,̵ ̵m̵u̵l̵_̵l̵e̵f̵t̵_̵c̵o̵m̵m̵,̵[̲m̲u̲l̲_̲l̲e̲f̲t̲_̲c̲o̲m̲m̲,̲ mul_assoc]

Note: This linter can be disabled with `set_option linter.unusedSimpArgs false`
warning: ZhangLS/Spec/Lemma44CharacterProduct.lean:55:48: This simp argument is unused:
  mul_left_comm

Hint: Omit it from the simp argument list.
  simp [mul_comm, mul_l̵e̵f̵t̵_̵c̵o̵m̵m̵,̵ ̵m̵u̵l̵_̵assoc]

Note: This linter can be disabled with `set_option linter.unusedSimpArgs false`
⚠ [2474/2689] Replayed ZhangLS.Spec.Lemma23AnalyticLogBranch
warning: ZhangLS/Spec/Lemma23AnalyticLogBranch.lean:42:53: try 'simp' instead of 'simpa'

Note: This linter can be disabled with `set_option linter.unnecessarySimpa false`
warning: ZhangLS/Spec/Lemma23AnalyticLogBranch.lean:67:44: try 'simp' instead of 'simpa'

Note: This linter can be disabled with `set_option linter.unnecessarySimpa false`
⚠ [3462/3677] Replayed ZhangLS.Spec.RealAxisAtOne
warning: ZhangLS/Spec/RealAxisAtOne.lean:56:4: try 'simp' instead of 'simpa'

Note: This linter can be disabled with `set_option linter.unnecessarySimpa false`
⚠ [3464/3677] Replayed ZhangLS.Spec.Lemma57
warning: ZhangLS/Spec/Lemma57.lean:101:58: unused variable `hD`

Note: This linter can be disabled with `set_option linter.unusedVariables false`
warning: ZhangLS/Spec/Lemma57.lean:102:7: unused variable `hA`

Note: This linter can be disabled with `set_option linter.unusedVariables false`
⚠ [3465/3677] Replayed ZhangLS.Spec.Lemma57Arithmetic
warning: ZhangLS/Spec/Lemma57Arithmetic.lean:55:15: unused variable `hc_g`

Note: This linter can be disabled with `set_option linter.unusedVariables false`
⚠ [3470/3677] Replayed ZhangLS.Spec.Lemma57SmoothedSum
warning: ZhangLS/Spec/Lemma57SmoothedSum.lean:42:46: unused variable `hD`

Note: This linter can be disabled with `set_option linter.unusedVariables false`
⚠ [3479/3677] Replayed ZhangLS.Spec.Lemma57GaussianGlobal
warning: ZhangLS/Spec/Lemma57GaussianGlobal.lean:55:58: unused variable `ha`

Note: This linter can be disabled with `set_option linter.unusedVariables false`
warning: ZhangLS/Spec/Lemma57GaussianGlobal.lean:241:13: unused variable `hD`

Note: This linter can be disabled with `set_option linter.unusedVariables false`
warning: ZhangLS/Spec/Lemma57GaussianGlobal.lean:241:34: unused variable `hx`

Note: This linter can be disabled with `set_option linter.unusedVariables false`
⚠ [3480/3677] Replayed ZhangLS.Spec.Lemma57SmoothedSummability
warning: ZhangLS/Spec/Lemma57SmoothedSummability.lean:20:52: unused variable `hn`

Note: This linter can be disabled with `set_option linter.unusedVariables false`
⚠ [3485/3677] Replayed ZhangLS.Spec.Lemma57GaussianMellinTransform
warning: ZhangLS/Spec/Lemma57GaussianMellinTransform.lean:67:63: Used `tac1 <;> tac2` where `(tac1; tac2)` would suffice

Note: This linter can be disabled with `set_option linter.unnecessarySeqFocus false`
warning: ZhangLS/Spec/Lemma57GaussianMellinTransform.lean:145:54: Used `tac1 <;> tac2` where `(tac1; tac2)` would suffice

Note: This linter can be disabled with `set_option linter.unnecessarySeqFocus false`
warning: ZhangLS/Spec/Lemma57GaussianMellinTransform.lean:326:4: Try `simp at hs` instead of `simpa using hs`

Note: This linter can be disabled with `set_option linter.unnecessarySimpa false`
⚠ [3499/3677] Replayed ZhangLS.Spec.RiemannZetaCriticalLineBound
warning: ZhangLS/Spec/RiemannZetaCriticalLineBound.lean:99:2: Used `tac1 <;> tac2` where `(tac1; tac2)` would suffice

Note: This linter can be disabled with `set_option linter.unnecessarySeqFocus false`
warning: ZhangLS/Spec/RiemannZetaCriticalLineBound.lean:124:13: unused variable `hs`

Note: This linter can be disabled with `set_option linter.unusedVariables false`
warning: ZhangLS/Spec/RiemannZetaCriticalLineBound.lean:152:6: unused variable `n`

Note: This linter can be disabled with `set_option linter.unusedVariables false`
warning: ZhangLS/Spec/RiemannZetaCriticalLineBound.lean:156:20: unused variable `k`

Note: This linter can be disabled with `set_option linter.unusedVariables false`
warning: ZhangLS/Spec/RiemannZetaCriticalLineBound.lean:161:8: This simp argument is unused:
  sum_one_Icc

Hint: Omit it from the simp argument list.
  simp ̵[̵s̵u̵m̵_̵o̵n̵e̵_̵I̵c̵c̵]̵

Note: This linter can be disabled with `set_option linter.unusedSimpArgs false`
warning: ZhangLS/Spec/RiemannZetaCriticalLineBound.lean:242:12: 'ring' tactic does nothing

Note: This linter can be disabled with `set_option linter.unusedTactic false`
warning: ZhangLS/Spec/RiemannZetaCriticalLineBound.lean:242:12: this tactic is never executed

Note: This linter can be disabled with `set_option linter.unreachableTactic false`
warning: ZhangLS/Spec/RiemannZetaCriticalLineBound.lean:219:41: Used `tac1 <;> tac2` where `(tac1; tac2)` would suffice

Note: This linter can be disabled with `set_option linter.unnecessarySeqFocus false`
warning: ZhangLS/Spec/RiemannZetaCriticalLineBound.lean:303:8: 'ring' tactic does nothing

Note: This linter can be disabled with `set_option linter.unusedTactic false`
warning: ZhangLS/Spec/RiemannZetaCriticalLineBound.lean:303:8: this tactic is never executed

Note: This linter can be disabled with `set_option linter.unreachableTactic false`
warning: ZhangLS/Spec/RiemannZetaCriticalLineBound.lean:394:12: This simp argument is unused:
  norm_div

Hint: Omit it from the simp argument list.
  simp ̵[̵n̵o̵r̵m̵_̵d̵i̵v̵]̵

Note: This linter can be disabled with `set_option linter.unusedSimpArgs false`
warning: ZhangLS/Spec/RiemannZetaCriticalLineBound.lean:475:75: This simp argument is unused:
  norm_div

Hint: Omit it from the simp argument list.
  simp ̵[̵n̵o̵r̵m̵_̵d̵i̵v̵]̵

Note: This linter can be disabled with `set_option linter.unusedSimpArgs false`
⚠ [3500/3677] Replayed ZhangLS.Spec.Lemma57CriticalStripGrowth
warning: ZhangLS/Spec/Lemma57CriticalStripGrowth.lean:270:14: This simp argument is unused:
  norm_div

Hint: Omit it from the simp argument list.
  simp ̵[̵n̵o̵r̵m̵_̵d̵i̵v̵]̵

Note: This linter can be disabled with `set_option linter.unusedSimpArgs false`
⚠ [3507/3677] Replayed ZhangLS.Spec.Lemma23DirichletConjugation
warning: ZhangLS/Spec/Lemma23DirichletConjugation.lean:23:0: automatically included section variable(s) unused in theorem `ZhangLS.Spec.dirichletLSeries_inv_eq_conj_at_conj`:
  [NeZero N]
consider restructuring your `variable` declarations so that the variables are not in scope or explicitly omit them:
  omit [NeZero N] in theorem ...

Note: This linter can be disabled with `set_option linter.unusedSectionVars false`
⚠ [3509/3677] Replayed ZhangLS.Spec.Lemma23PrimitiveGaussSum
warning: ZhangLS/Spec/Lemma23PrimitiveGaussSum.lean:42:19: Used `tac1 <;> tac2` where `(tac1; tac2)` would suffice

Note: This linter can be disabled with `set_option linter.unnecessarySeqFocus false`
⚠ [3510/3677] Replayed ZhangLS.Spec.Lemma23DirichletUnitModulus
warning: ZhangLS/Spec/Lemma23DirichletUnitModulus.lean:112:48: Used `tac1 <;> tac2` where `(tac1; tac2)` would suffice

Note: This linter can be disabled with `set_option linter.unnecessarySeqFocus false`
⚠ [3647/3677] Replayed ZhangLS.Spec.Lemma44ProductMellin
warning: ZhangLS/Spec/Lemma44ProductMellin.lean:144:4: try 'simp' instead of 'simpa'

Note: This linter can be disabled with `set_option linter.unnecessarySimpa false`
⚠ [3651/3677] Replayed ZhangLS.Spec.Lemma44RightMellinApproximation
warning: ZhangLS/Spec/Lemma44RightMellinApproximation.lean:37:4: try 'simp' instead of 'simpa'

Note: This linter can be disabled with `set_option linter.unnecessarySimpa false`
⚠ [3655/3677] Replayed ZhangLS.Spec.Lemma44ReflectedLongSum
warning: ZhangLS/Spec/Lemma44ReflectedLongSum.lean:81:64: Used `tac1 <;> tac2` where `(tac1; tac2)` would suffice

Note: This linter can be disabled with `set_option linter.unnecessarySeqFocus false`
⚠ [3658/3677] Replayed ZhangLS.Spec.Lemma44InitialLeftEstimates
warning: ZhangLS/Spec/Lemma44InitialLeftEstimates.lean:68:23: Used `tac1 <;> tac2` where `(tac1; tac2)` would suffice

Note: This linter can be disabled with `set_option linter.unnecessarySeqFocus false`
⚠ [3661/3677] Replayed ZhangLS.Spec.Lemma44ComplexCharacterAbel
warning: ZhangLS/Spec/Lemma44ComplexCharacterAbel.lean:73:56: unused variable `hD`

Note: This linter can be disabled with `set_option linter.unusedVariables false`
⚠ [3662/3677] Replayed ZhangLS.Spec.Lemma44HorizontalGrowth
warning: ZhangLS/Spec/Lemma44HorizontalGrowth.lean:147:6: 'push_cast' tactic does nothing

Note: This linter can be disabled with `set_option linter.unusedTactic false`
⚠ [3664/3677] Replayed ZhangLS.Spec.Lemma44GaussianVerticalTail
info: ZhangLS/Spec/Lemma44GaussianVerticalTail.lean:41:4: Try this:
  [apply] ring_nf
  
  The `ring` tactic failed to close the goal. Use `ring_nf` to obtain a normal form.
    
  Note that `ring` works primarily in *commutative* rings. If you have a noncommutative ring, abelian group or module, consider using `noncomm_ring`, `abel` or `module` instead.
info: ZhangLS/Spec/Lemma44GaussianVerticalTail.lean:57:16: Try this:
  [apply] ring_nf
  
  The `ring` tactic failed to close the goal. Use `ring_nf` to obtain a normal form.
    
  Note that `ring` works primarily in *commutative* rings. If you have a noncommutative ring, abelian group or module, consider using `noncomm_ring`, `abel` or `module` instead.
warning: ZhangLS/Spec/Lemma44GaussianVerticalTail.lean:57:12: Used `tac1 <;> tac2` where `(tac1; tac2)` would suffice

Note: This linter can be disabled with `set_option linter.unnecessarySeqFocus false`
warning: ZhangLS/Spec/Lemma44GaussianVerticalTail.lean:68:22: Used `tac1 <;> tac2` where `(tac1; tac2)` would suffice

Note: This linter can be disabled with `set_option linter.unnecessarySeqFocus false`
info: ZhangLS/Spec/Lemma44GaussianVerticalTail.lean:153:35: Try this:
  [apply] ring_nf
  
  The `ring` tactic failed to close the goal. Use `ring_nf` to obtain a normal form.
    
  Note that `ring` works primarily in *commutative* rings. If you have a noncommutative ring, abelian group or module, consider using `noncomm_ring`, `abel` or `module` instead.
⚠ [3665/3677] Replayed ZhangLS.Spec.Lemma44LocalRectangle
warning: ZhangLS/Spec/Lemma44LocalRectangle.lean:115:46: This simp argument is unused:
  zero_mul

Hint: Omit it from the simp argument list.
  simp only [mem_reProdIm, mem_Icc, sub_re, sub_im, ofReal_re, ofReal_im, mul_re, mul_im, I_re,
  ̲  ̲ ̲ ̲ ̲ ̲ ̲ ̲I_im, mul_zero, z̵e̵r̵o̵_̵m̵u̵l̵,̵ ̵mul_one, zero_add, sub_zero]

Note: This linter can be disabled with `set_option linter.unusedSimpArgs false`
warning: ZhangLS/Spec/Lemma44LocalRectangle.lean:115:65: This simp argument is unused:
  zero_add

Hint: Omit it from the simp argument list.
  simp only [mem_reProdIm, mem_Icc, sub_re, sub_im, ofReal_re, ofReal_im, mul_re, mul_im, I_re,
  ̲  ̲ ̲ ̲ ̲ ̲ ̲ ̲I_im, mul_zero, zero_mul, mul_one, z̵e̵r̵o̵_̵a̵d̵d̵,̵ ̵sub_zero]

Note: This linter can be disabled with `set_option linter.unusedSimpArgs false`
⚠ [3668/3677] Replayed ZhangLS.Spec.Lemma44HorizontalIntegrals
warning: ZhangLS/Spec/Lemma44HorizontalIntegrals.lean:18:5: unused variable `hK`

Note: This linter can be disabled with `set_option linter.unusedVariables false`
⚠ [3669/3677] Replayed ZhangLS.Spec.Lemma44ReflectedPolynomialContours
warning: ZhangLS/Spec/Lemma44ReflectedPolynomialContours.lean:152:64: This simp argument is unused:
  mul_left_comm

Hint: Omit it from the simp argument list.
  simp only [sub_eq_add_neg, add_comm, add_left_comm, mul_comm, mul_l̵e̵f̵t̵_̵c̵o̵m̵m̵,̵ ̵m̵u̵l̵_̵assoc] at hc ⊢

Note: This linter can be disabled with `set_option linter.unusedSimpArgs false`
warning: ZhangLS/Spec/Lemma44ReflectedPolynomialContours.lean:152:79: This simp argument is unused:
  mul_assoc

Hint: Omit it from the simp argument list.
  simp only [sub_eq_add_neg, add_comm, add_left_comm, mul_comm, mul_left_comm,̵ ̵m̵u̵l̵_̵a̵s̵s̵o̵c̵] at hc ⊢

Note: This linter can be disabled with `set_option linter.unusedSimpArgs false`
⚠ [3673/3677] Replayed ZhangLS.Spec.Lemma45Normalization
warning: ZhangLS/Spec/Lemma45Normalization.lean:90:8: 'ring' tactic does nothing

Note: This linter can be disabled with `set_option linter.unusedTactic false`
warning: ZhangLS/Spec/Lemma45Normalization.lean:90:8: this tactic is never executed

Note: This linter can be disabled with `set_option linter.unreachableTactic false`
Build completed successfully (3677 jobs).
== kernel-check ZhangLS/Spec/Lemma46ModelApproximation.lean ==
⚠ [1279/1425] Replayed ZhangLS.Spec.RealDirichletCharacter
warning: ZhangLS/Spec/RealDirichletCharacter.lean:48:4: try 'simp' instead of 'simpa'

Note: This linter can be disabled with `set_option linter.unnecessarySimpa false`
⚠ [1280/1425] Replayed ZhangLS.Spec.Lemma44CharacterProduct
warning: ZhangLS/Spec/Lemma44CharacterProduct.lean:55:38: This simp argument is unused:
  mul_comm

Hint: Omit it from the simp argument list.
  simp [̵m̵u̵l̵_̵c̵o̵m̵m̵,̵ ̵m̵u̵l̵_̵l̵e̵f̵t̵_̵c̵o̵m̵m̵,̵[̲m̲u̲l̲_̲l̲e̲f̲t̲_̲c̲o̲m̲m̲,̲ mul_assoc]

Note: This linter can be disabled with `set_option linter.unusedSimpArgs false`
warning: ZhangLS/Spec/Lemma44CharacterProduct.lean:55:48: This simp argument is unused:
  mul_left_comm

Hint: Omit it from the simp argument list.
  simp [mul_comm, mul_l̵e̵f̵t̵_̵c̵o̵m̵m̵,̵ ̵m̵u̵l̵_̵assoc]

Note: This linter can be disabled with `set_option linter.unusedSimpArgs false`
⚠ [2474/2744] Replayed ZhangLS.Spec.Lemma23AnalyticLogBranch
warning: ZhangLS/Spec/Lemma23AnalyticLogBranch.lean:42:53: try 'simp' instead of 'simpa'

Note: This linter can be disabled with `set_option linter.unnecessarySimpa false`
warning: ZhangLS/Spec/Lemma23AnalyticLogBranch.lean:67:44: try 'simp' instead of 'simpa'

Note: This linter can be disabled with `set_option linter.unnecessarySimpa false`
⚠ [3462/3681] Replayed ZhangLS.Spec.RealAxisAtOne
warning: ZhangLS/Spec/RealAxisAtOne.lean:56:4: try 'simp' instead of 'simpa'

Note: This linter can be disabled with `set_option linter.unnecessarySimpa false`
⚠ [3464/3681] Replayed ZhangLS.Spec.Lemma57
warning: ZhangLS/Spec/Lemma57.lean:101:58: unused variable `hD`

Note: This linter can be disabled with `set_option linter.unusedVariables false`
warning: ZhangLS/Spec/Lemma57.lean:102:7: unused variable `hA`

Note: This linter can be disabled with `set_option linter.unusedVariables false`
⚠ [3465/3681] Replayed ZhangLS.Spec.Lemma57Arithmetic
warning: ZhangLS/Spec/Lemma57Arithmetic.lean:55:15: unused variable `hc_g`

Note: This linter can be disabled with `set_option linter.unusedVariables false`
⚠ [3470/3681] Replayed ZhangLS.Spec.Lemma57SmoothedSum
warning: ZhangLS/Spec/Lemma57SmoothedSum.lean:42:46: unused variable `hD`

Note: This linter can be disabled with `set_option linter.unusedVariables false`
⚠ [3479/3681] Replayed ZhangLS.Spec.Lemma57GaussianGlobal
warning: ZhangLS/Spec/Lemma57GaussianGlobal.lean:55:58: unused variable `ha`

Note: This linter can be disabled with `set_option linter.unusedVariables false`
warning: ZhangLS/Spec/Lemma57GaussianGlobal.lean:241:13: unused variable `hD`

Note: This linter can be disabled with `set_option linter.unusedVariables false`
warning: ZhangLS/Spec/Lemma57GaussianGlobal.lean:241:34: unused variable `hx`

Note: This linter can be disabled with `set_option linter.unusedVariables false`
⚠ [3480/3681] Replayed ZhangLS.Spec.Lemma57SmoothedSummability
warning: ZhangLS/Spec/Lemma57SmoothedSummability.lean:20:52: unused variable `hn`

Note: This linter can be disabled with `set_option linter.unusedVariables false`
⚠ [3485/3681] Replayed ZhangLS.Spec.Lemma57GaussianMellinTransform
warning: ZhangLS/Spec/Lemma57GaussianMellinTransform.lean:67:63: Used `tac1 <;> tac2` where `(tac1; tac2)` would suffice

Note: This linter can be disabled with `set_option linter.unnecessarySeqFocus false`
warning: ZhangLS/Spec/Lemma57GaussianMellinTransform.lean:145:54: Used `tac1 <;> tac2` where `(tac1; tac2)` would suffice

Note: This linter can be disabled with `set_option linter.unnecessarySeqFocus false`
warning: ZhangLS/Spec/Lemma57GaussianMellinTransform.lean:326:4: Try `simp at hs` instead of `simpa using hs`

Note: This linter can be disabled with `set_option linter.unnecessarySimpa false`
⚠ [3499/3681] Replayed ZhangLS.Spec.RiemannZetaCriticalLineBound
warning: ZhangLS/Spec/RiemannZetaCriticalLineBound.lean:99:2: Used `tac1 <;> tac2` where `(tac1; tac2)` would suffice

Note: This linter can be disabled with `set_option linter.unnecessarySeqFocus false`
warning: ZhangLS/Spec/RiemannZetaCriticalLineBound.lean:124:13: unused variable `hs`

Note: This linter can be disabled with `set_option linter.unusedVariables false`
warning: ZhangLS/Spec/RiemannZetaCriticalLineBound.lean:152:6: unused variable `n`

Note: This linter can be disabled with `set_option linter.unusedVariables false`
warning: ZhangLS/Spec/RiemannZetaCriticalLineBound.lean:156:20: unused variable `k`

Note: This linter can be disabled with `set_option linter.unusedVariables false`
warning: ZhangLS/Spec/RiemannZetaCriticalLineBound.lean:161:8: This simp argument is unused:
  sum_one_Icc

Hint: Omit it from the simp argument list.
  simp ̵[̵s̵u̵m̵_̵o̵n̵e̵_̵I̵c̵c̵]̵

Note: This linter can be disabled with `set_option linter.unusedSimpArgs false`
warning: ZhangLS/Spec/RiemannZetaCriticalLineBound.lean:242:12: 'ring' tactic does nothing

Note: This linter can be disabled with `set_option linter.unusedTactic false`
warning: ZhangLS/Spec/RiemannZetaCriticalLineBound.lean:242:12: this tactic is never executed

Note: This linter can be disabled with `set_option linter.unreachableTactic false`
warning: ZhangLS/Spec/RiemannZetaCriticalLineBound.lean:219:41: Used `tac1 <;> tac2` where `(tac1; tac2)` would suffice

Note: This linter can be disabled with `set_option linter.unnecessarySeqFocus false`
warning: ZhangLS/Spec/RiemannZetaCriticalLineBound.lean:303:8: 'ring' tactic does nothing

Note: This linter can be disabled with `set_option linter.unusedTactic false`
warning: ZhangLS/Spec/RiemannZetaCriticalLineBound.lean:303:8: this tactic is never executed

Note: This linter can be disabled with `set_option linter.unreachableTactic false`
warning: ZhangLS/Spec/RiemannZetaCriticalLineBound.lean:394:12: This simp argument is unused:
  norm_div

Hint: Omit it from the simp argument list.
  simp ̵[̵n̵o̵r̵m̵_̵d̵i̵v̵]̵

Note: This linter can be disabled with `set_option linter.unusedSimpArgs false`
warning: ZhangLS/Spec/RiemannZetaCriticalLineBound.lean:475:75: This simp argument is unused:
  norm_div

Hint: Omit it from the simp argument list.
  simp ̵[̵n̵o̵r̵m̵_̵d̵i̵v̵]̵

Note: This linter can be disabled with `set_option linter.unusedSimpArgs false`
⚠ [3500/3681] Replayed ZhangLS.Spec.Lemma57CriticalStripGrowth
warning: ZhangLS/Spec/Lemma57CriticalStripGrowth.lean:270:14: This simp argument is unused:
  norm_div

Hint: Omit it from the simp argument list.
  simp ̵[̵n̵o̵r̵m̵_̵d̵i̵v̵]̵

Note: This linter can be disabled with `set_option linter.unusedSimpArgs false`
⚠ [3507/3681] Replayed ZhangLS.Spec.Lemma23DirichletConjugation
warning: ZhangLS/Spec/Lemma23DirichletConjugation.lean:23:0: automatically included section variable(s) unused in theorem `ZhangLS.Spec.dirichletLSeries_inv_eq_conj_at_conj`:
  [NeZero N]
consider restructuring your `variable` declarations so that the variables are not in scope or explicitly omit them:
  omit [NeZero N] in theorem ...

Note: This linter can be disabled with `set_option linter.unusedSectionVars false`
⚠ [3509/3681] Replayed ZhangLS.Spec.Lemma23PrimitiveGaussSum
warning: ZhangLS/Spec/Lemma23PrimitiveGaussSum.lean:42:19: Used `tac1 <;> tac2` where `(tac1; tac2)` would suffice

Note: This linter can be disabled with `set_option linter.unnecessarySeqFocus false`
⚠ [3510/3681] Replayed ZhangLS.Spec.Lemma23DirichletUnitModulus
warning: ZhangLS/Spec/Lemma23DirichletUnitModulus.lean:112:48: Used `tac1 <;> tac2` where `(tac1; tac2)` would suffice

Note: This linter can be disabled with `set_option linter.unnecessarySeqFocus false`
⚠ [3647/3681] Replayed ZhangLS.Spec.Lemma44ProductMellin
warning: ZhangLS/Spec/Lemma44ProductMellin.lean:144:4: try 'simp' instead of 'simpa'

Note: This linter can be disabled with `set_option linter.unnecessarySimpa false`
⚠ [3651/3681] Replayed ZhangLS.Spec.Lemma44RightMellinApproximation
warning: ZhangLS/Spec/Lemma44RightMellinApproximation.lean:37:4: try 'simp' instead of 'simpa'

Note: This linter can be disabled with `set_option linter.unnecessarySimpa false`
⚠ [3655/3681] Replayed ZhangLS.Spec.Lemma44ReflectedLongSum
warning: ZhangLS/Spec/Lemma44ReflectedLongSum.lean:81:64: Used `tac1 <;> tac2` where `(tac1; tac2)` would suffice

Note: This linter can be disabled with `set_option linter.unnecessarySeqFocus false`
⚠ [3658/3681] Replayed ZhangLS.Spec.Lemma44InitialLeftEstimates
warning: ZhangLS/Spec/Lemma44InitialLeftEstimates.lean:68:23: Used `tac1 <;> tac2` where `(tac1; tac2)` would suffice

Note: This linter can be disabled with `set_option linter.unnecessarySeqFocus false`
⚠ [3661/3681] Replayed ZhangLS.Spec.Lemma44ComplexCharacterAbel
warning: ZhangLS/Spec/Lemma44ComplexCharacterAbel.lean:73:56: unused variable `hD`

Note: This linter can be disabled with `set_option linter.unusedVariables false`
⚠ [3662/3681] Replayed ZhangLS.Spec.Lemma44HorizontalGrowth
warning: ZhangLS/Spec/Lemma44HorizontalGrowth.lean:147:6: 'push_cast' tactic does nothing

Note: This linter can be disabled with `set_option linter.unusedTactic false`
⚠ [3664/3681] Replayed ZhangLS.Spec.Lemma44GaussianVerticalTail
info: ZhangLS/Spec/Lemma44GaussianVerticalTail.lean:41:4: Try this:
  [apply] ring_nf
  
  The `ring` tactic failed to close the goal. Use `ring_nf` to obtain a normal form.
    
  Note that `ring` works primarily in *commutative* rings. If you have a noncommutative ring, abelian group or module, consider using `noncomm_ring`, `abel` or `module` instead.
info: ZhangLS/Spec/Lemma44GaussianVerticalTail.lean:57:16: Try this:
  [apply] ring_nf
  
  The `ring` tactic failed to close the goal. Use `ring_nf` to obtain a normal form.
    
  Note that `ring` works primarily in *commutative* rings. If you have a noncommutative ring, abelian group or module, consider using `noncomm_ring`, `abel` or `module` instead.
warning: ZhangLS/Spec/Lemma44GaussianVerticalTail.lean:57:12: Used `tac1 <;> tac2` where `(tac1; tac2)` would suffice

Note: This linter can be disabled with `set_option linter.unnecessarySeqFocus false`
warning: ZhangLS/Spec/Lemma44GaussianVerticalTail.lean:68:22: Used `tac1 <;> tac2` where `(tac1; tac2)` would suffice

Note: This linter can be disabled with `set_option linter.unnecessarySeqFocus false`
info: ZhangLS/Spec/Lemma44GaussianVerticalTail.lean:153:35: Try this:
  [apply] ring_nf
  
  The `ring` tactic failed to close the goal. Use `ring_nf` to obtain a normal form.
    
  Note that `ring` works primarily in *commutative* rings. If you have a noncommutative ring, abelian group or module, consider using `noncomm_ring`, `abel` or `module` instead.
⚠ [3665/3681] Replayed ZhangLS.Spec.Lemma44LocalRectangle
warning: ZhangLS/Spec/Lemma44LocalRectangle.lean:115:46: This simp argument is unused:
  zero_mul

Hint: Omit it from the simp argument list.
  simp only [mem_reProdIm, mem_Icc, sub_re, sub_im, ofReal_re, ofReal_im, mul_re, mul_im, I_re,
  ̲  ̲ ̲ ̲ ̲ ̲ ̲ ̲I_im, mul_zero, z̵e̵r̵o̵_̵m̵u̵l̵,̵ ̵mul_one, zero_add, sub_zero]

Note: This linter can be disabled with `set_option linter.unusedSimpArgs false`
warning: ZhangLS/Spec/Lemma44LocalRectangle.lean:115:65: This simp argument is unused:
  zero_add

Hint: Omit it from the simp argument list.
  simp only [mem_reProdIm, mem_Icc, sub_re, sub_im, ofReal_re, ofReal_im, mul_re, mul_im, I_re,
  ̲  ̲ ̲ ̲ ̲ ̲ ̲ ̲I_im, mul_zero, zero_mul, mul_one, z̵e̵r̵o̵_̵a̵d̵d̵,̵ ̵sub_zero]

Note: This linter can be disabled with `set_option linter.unusedSimpArgs false`
⚠ [3668/3681] Replayed ZhangLS.Spec.Lemma44HorizontalIntegrals
warning: ZhangLS/Spec/Lemma44HorizontalIntegrals.lean:18:5: unused variable `hK`

Note: This linter can be disabled with `set_option linter.unusedVariables false`
⚠ [3669/3681] Replayed ZhangLS.Spec.Lemma44ReflectedPolynomialContours
warning: ZhangLS/Spec/Lemma44ReflectedPolynomialContours.lean:152:64: This simp argument is unused:
  mul_left_comm

Hint: Omit it from the simp argument list.
  simp only [sub_eq_add_neg, add_comm, add_left_comm, mul_comm, mul_l̵e̵f̵t̵_̵c̵o̵m̵m̵,̵ ̵m̵u̵l̵_̵assoc] at hc ⊢

Note: This linter can be disabled with `set_option linter.unusedSimpArgs false`
warning: ZhangLS/Spec/Lemma44ReflectedPolynomialContours.lean:152:79: This simp argument is unused:
  mul_assoc

Hint: Omit it from the simp argument list.
  simp only [sub_eq_add_neg, add_comm, add_left_comm, mul_comm, mul_left_comm,̵ ̵m̵u̵l̵_̵a̵s̵s̵o̵c̵] at hc ⊢

Note: This linter can be disabled with `set_option linter.unusedSimpArgs false`
⚠ [3673/3681] Replayed ZhangLS.Spec.Lemma45Normalization
warning: ZhangLS/Spec/Lemma45Normalization.lean:90:8: 'ring' tactic does nothing

Note: This linter can be disabled with `set_option linter.unusedTactic false`
warning: ZhangLS/Spec/Lemma45Normalization.lean:90:8: this tactic is never executed

Note: This linter can be disabled with `set_option linter.unreachableTactic false`
Build completed successfully (3681 jobs).
== kernel-check ZhangLS/Spec/Lemma46ModelBoundary.lean ==
Build completed successfully (2700 jobs).
== kernel-check ZhangLS/Spec/Lemma46RoucheLocal.lean ==
⚠ [1279/1392] Replayed ZhangLS.Spec.RealDirichletCharacter
warning: ZhangLS/Spec/RealDirichletCharacter.lean:48:4: try 'simp' instead of 'simpa'

Note: This linter can be disabled with `set_option linter.unnecessarySimpa false`
⚠ [1280/1392] Replayed ZhangLS.Spec.Lemma44CharacterProduct
warning: ZhangLS/Spec/Lemma44CharacterProduct.lean:55:38: This simp argument is unused:
  mul_comm

Hint: Omit it from the simp argument list.
  simp [̵m̵u̵l̵_̵c̵o̵m̵m̵,̵ ̵m̵u̵l̵_̵l̵e̵f̵t̵_̵c̵o̵m̵m̵,̵[̲m̲u̲l̲_̲l̲e̲f̲t̲_̲c̲o̲m̲m̲,̲ mul_assoc]

Note: This linter can be disabled with `set_option linter.unusedSimpArgs false`
warning: ZhangLS/Spec/Lemma44CharacterProduct.lean:55:48: This simp argument is unused:
  mul_left_comm

Hint: Omit it from the simp argument list.
  simp [mul_comm, mul_l̵e̵f̵t̵_̵c̵o̵m̵m̵,̵ ̵m̵u̵l̵_̵assoc]

Note: This linter can be disabled with `set_option linter.unusedSimpArgs false`
⚠ [2474/2712] Replayed ZhangLS.Spec.Lemma23AnalyticLogBranch
warning: ZhangLS/Spec/Lemma23AnalyticLogBranch.lean:42:53: try 'simp' instead of 'simpa'

Note: This linter can be disabled with `set_option linter.unnecessarySimpa false`
warning: ZhangLS/Spec/Lemma23AnalyticLogBranch.lean:67:44: try 'simp' instead of 'simpa'

Note: This linter can be disabled with `set_option linter.unnecessarySimpa false`
⚠ [3462/3697] Replayed ZhangLS.Spec.RealAxisAtOne
warning: ZhangLS/Spec/RealAxisAtOne.lean:56:4: try 'simp' instead of 'simpa'

Note: This linter can be disabled with `set_option linter.unnecessarySimpa false`
⚠ [3464/3697] Replayed ZhangLS.Spec.Lemma57
warning: ZhangLS/Spec/Lemma57.lean:101:58: unused variable `hD`

Note: This linter can be disabled with `set_option linter.unusedVariables false`
warning: ZhangLS/Spec/Lemma57.lean:102:7: unused variable `hA`

Note: This linter can be disabled with `set_option linter.unusedVariables false`
⚠ [3465/3697] Replayed ZhangLS.Spec.Lemma57Arithmetic
warning: ZhangLS/Spec/Lemma57Arithmetic.lean:55:15: unused variable `hc_g`

Note: This linter can be disabled with `set_option linter.unusedVariables false`
⚠ [3470/3697] Replayed ZhangLS.Spec.Lemma57SmoothedSum
warning: ZhangLS/Spec/Lemma57SmoothedSum.lean:42:46: unused variable `hD`

Note: This linter can be disabled with `set_option linter.unusedVariables false`
⚠ [3479/3697] Replayed ZhangLS.Spec.Lemma57GaussianGlobal
warning: ZhangLS/Spec/Lemma57GaussianGlobal.lean:55:58: unused variable `ha`

Note: This linter can be disabled with `set_option linter.unusedVariables false`
warning: ZhangLS/Spec/Lemma57GaussianGlobal.lean:241:13: unused variable `hD`

Note: This linter can be disabled with `set_option linter.unusedVariables false`
warning: ZhangLS/Spec/Lemma57GaussianGlobal.lean:241:34: unused variable `hx`

Note: This linter can be disabled with `set_option linter.unusedVariables false`
⚠ [3480/3697] Replayed ZhangLS.Spec.Lemma57SmoothedSummability
warning: ZhangLS/Spec/Lemma57SmoothedSummability.lean:20:52: unused variable `hn`

Note: This linter can be disabled with `set_option linter.unusedVariables false`
⚠ [3485/3697] Replayed ZhangLS.Spec.Lemma57GaussianMellinTransform
warning: ZhangLS/Spec/Lemma57GaussianMellinTransform.lean:67:63: Used `tac1 <;> tac2` where `(tac1; tac2)` would suffice

Note: This linter can be disabled with `set_option linter.unnecessarySeqFocus false`
warning: ZhangLS/Spec/Lemma57GaussianMellinTransform.lean:145:54: Used `tac1 <;> tac2` where `(tac1; tac2)` would suffice

Note: This linter can be disabled with `set_option linter.unnecessarySeqFocus false`
warning: ZhangLS/Spec/Lemma57GaussianMellinTransform.lean:326:4: Try `simp at hs` instead of `simpa using hs`

Note: This linter can be disabled with `set_option linter.unnecessarySimpa false`
⚠ [3499/3697] Replayed ZhangLS.Spec.RiemannZetaCriticalLineBound
warning: ZhangLS/Spec/RiemannZetaCriticalLineBound.lean:99:2: Used `tac1 <;> tac2` where `(tac1; tac2)` would suffice

Note: This linter can be disabled with `set_option linter.unnecessarySeqFocus false`
warning: ZhangLS/Spec/RiemannZetaCriticalLineBound.lean:124:13: unused variable `hs`

Note: This linter can be disabled with `set_option linter.unusedVariables false`
warning: ZhangLS/Spec/RiemannZetaCriticalLineBound.lean:152:6: unused variable `n`

Note: This linter can be disabled with `set_option linter.unusedVariables false`
warning: ZhangLS/Spec/RiemannZetaCriticalLineBound.lean:156:20: unused variable `k`

Note: This linter can be disabled with `set_option linter.unusedVariables false`
warning: ZhangLS/Spec/RiemannZetaCriticalLineBound.lean:161:8: This simp argument is unused:
  sum_one_Icc

Hint: Omit it from the simp argument list.
  simp ̵[̵s̵u̵m̵_̵o̵n̵e̵_̵I̵c̵c̵]̵

Note: This linter can be disabled with `set_option linter.unusedSimpArgs false`
warning: ZhangLS/Spec/RiemannZetaCriticalLineBound.lean:242:12: 'ring' tactic does nothing

Note: This linter can be disabled with `set_option linter.unusedTactic false`
warning: ZhangLS/Spec/RiemannZetaCriticalLineBound.lean:242:12: this tactic is never executed

Note: This linter can be disabled with `set_option linter.unreachableTactic false`
warning: ZhangLS/Spec/RiemannZetaCriticalLineBound.lean:219:41: Used `tac1 <;> tac2` where `(tac1; tac2)` would suffice

Note: This linter can be disabled with `set_option linter.unnecessarySeqFocus false`
warning: ZhangLS/Spec/RiemannZetaCriticalLineBound.lean:303:8: 'ring' tactic does nothing

Note: This linter can be disabled with `set_option linter.unusedTactic false`
warning: ZhangLS/Spec/RiemannZetaCriticalLineBound.lean:303:8: this tactic is never executed

Note: This linter can be disabled with `set_option linter.unreachableTactic false`
warning: ZhangLS/Spec/RiemannZetaCriticalLineBound.lean:394:12: This simp argument is unused:
  norm_div

Hint: Omit it from the simp argument list.
  simp ̵[̵n̵o̵r̵m̵_̵d̵i̵v̵]̵

Note: This linter can be disabled with `set_option linter.unusedSimpArgs false`
warning: ZhangLS/Spec/RiemannZetaCriticalLineBound.lean:475:75: This simp argument is unused:
  norm_div

Hint: Omit it from the simp argument list.
  simp ̵[̵n̵o̵r̵m̵_̵d̵i̵v̵]̵

Note: This linter can be disabled with `set_option linter.unusedSimpArgs false`
⚠ [3500/3697] Replayed ZhangLS.Spec.Lemma57CriticalStripGrowth
warning: ZhangLS/Spec/Lemma57CriticalStripGrowth.lean:270:14: This simp argument is unused:
  norm_div

Hint: Omit it from the simp argument list.
  simp ̵[̵n̵o̵r̵m̵_̵d̵i̵v̵]̵

Note: This linter can be disabled with `set_option linter.unusedSimpArgs false`
⚠ [3507/3697] Replayed ZhangLS.Spec.Lemma23DirichletConjugation
warning: ZhangLS/Spec/Lemma23DirichletConjugation.lean:23:0: automatically included section variable(s) unused in theorem `ZhangLS.Spec.dirichletLSeries_inv_eq_conj_at_conj`:
  [NeZero N]
consider restructuring your `variable` declarations so that the variables are not in scope or explicitly omit them:
  omit [NeZero N] in theorem ...

Note: This linter can be disabled with `set_option linter.unusedSectionVars false`
⚠ [3509/3697] Replayed ZhangLS.Spec.Lemma23PrimitiveGaussSum
warning: ZhangLS/Spec/Lemma23PrimitiveGaussSum.lean:42:19: Used `tac1 <;> tac2` where `(tac1; tac2)` would suffice

Note: This linter can be disabled with `set_option linter.unnecessarySeqFocus false`
⚠ [3510/3697] Replayed ZhangLS.Spec.Lemma23DirichletUnitModulus
warning: ZhangLS/Spec/Lemma23DirichletUnitModulus.lean:112:48: Used `tac1 <;> tac2` where `(tac1; tac2)` would suffice

Note: This linter can be disabled with `set_option linter.unnecessarySeqFocus false`
⚠ [3647/3697] Replayed ZhangLS.Spec.Lemma44ProductMellin
warning: ZhangLS/Spec/Lemma44ProductMellin.lean:144:4: try 'simp' instead of 'simpa'

Note: This linter can be disabled with `set_option linter.unnecessarySimpa false`
⚠ [3651/3697] Replayed ZhangLS.Spec.Lemma44RightMellinApproximation
warning: ZhangLS/Spec/Lemma44RightMellinApproximation.lean:37:4: try 'simp' instead of 'simpa'

Note: This linter can be disabled with `set_option linter.unnecessarySimpa false`
⚠ [3655/3697] Replayed ZhangLS.Spec.Lemma44ReflectedLongSum
warning: ZhangLS/Spec/Lemma44ReflectedLongSum.lean:81:64: Used `tac1 <;> tac2` where `(tac1; tac2)` would suffice

Note: This linter can be disabled with `set_option linter.unnecessarySeqFocus false`
⚠ [3658/3697] Replayed ZhangLS.Spec.Lemma44InitialLeftEstimates
warning: ZhangLS/Spec/Lemma44InitialLeftEstimates.lean:68:23: Used `tac1 <;> tac2` where `(tac1; tac2)` would suffice

Note: This linter can be disabled with `set_option linter.unnecessarySeqFocus false`
⚠ [3661/3697] Replayed ZhangLS.Spec.Lemma44ComplexCharacterAbel
warning: ZhangLS/Spec/Lemma44ComplexCharacterAbel.lean:73:56: unused variable `hD`

Note: This linter can be disabled with `set_option linter.unusedVariables false`
⚠ [3662/3697] Replayed ZhangLS.Spec.Lemma44HorizontalGrowth
warning: ZhangLS/Spec/Lemma44HorizontalGrowth.lean:147:6: 'push_cast' tactic does nothing

Note: This linter can be disabled with `set_option linter.unusedTactic false`
⚠ [3664/3697] Replayed ZhangLS.Spec.Lemma44GaussianVerticalTail
info: ZhangLS/Spec/Lemma44GaussianVerticalTail.lean:41:4: Try this:
  [apply] ring_nf
  
  The `ring` tactic failed to close the goal. Use `ring_nf` to obtain a normal form.
    
  Note that `ring` works primarily in *commutative* rings. If you have a noncommutative ring, abelian group or module, consider using `noncomm_ring`, `abel` or `module` instead.
info: ZhangLS/Spec/Lemma44GaussianVerticalTail.lean:57:16: Try this:
  [apply] ring_nf
  
  The `ring` tactic failed to close the goal. Use `ring_nf` to obtain a normal form.
    
  Note that `ring` works primarily in *commutative* rings. If you have a noncommutative ring, abelian group or module, consider using `noncomm_ring`, `abel` or `module` instead.
warning: ZhangLS/Spec/Lemma44GaussianVerticalTail.lean:57:12: Used `tac1 <;> tac2` where `(tac1; tac2)` would suffice

Note: This linter can be disabled with `set_option linter.unnecessarySeqFocus false`
warning: ZhangLS/Spec/Lemma44GaussianVerticalTail.lean:68:22: Used `tac1 <;> tac2` where `(tac1; tac2)` would suffice

Note: This linter can be disabled with `set_option linter.unnecessarySeqFocus false`
info: ZhangLS/Spec/Lemma44GaussianVerticalTail.lean:153:35: Try this:
  [apply] ring_nf
  
  The `ring` tactic failed to close the goal. Use `ring_nf` to obtain a normal form.
    
  Note that `ring` works primarily in *commutative* rings. If you have a noncommutative ring, abelian group or module, consider using `noncomm_ring`, `abel` or `module` instead.
⚠ [3665/3697] Replayed ZhangLS.Spec.Lemma44LocalRectangle
warning: ZhangLS/Spec/Lemma44LocalRectangle.lean:115:46: This simp argument is unused:
  zero_mul

Hint: Omit it from the simp argument list.
  simp only [mem_reProdIm, mem_Icc, sub_re, sub_im, ofReal_re, ofReal_im, mul_re, mul_im, I_re,
  ̲  ̲ ̲ ̲ ̲ ̲ ̲ ̲I_im, mul_zero, z̵e̵r̵o̵_̵m̵u̵l̵,̵ ̵mul_one, zero_add, sub_zero]

Note: This linter can be disabled with `set_option linter.unusedSimpArgs false`
warning: ZhangLS/Spec/Lemma44LocalRectangle.lean:115:65: This simp argument is unused:
  zero_add

Hint: Omit it from the simp argument list.
  simp only [mem_reProdIm, mem_Icc, sub_re, sub_im, ofReal_re, ofReal_im, mul_re, mul_im, I_re,
  ̲  ̲ ̲ ̲ ̲ ̲ ̲ ̲I_im, mul_zero, zero_mul, mul_one, z̵e̵r̵o̵_̵a̵d̵d̵,̵ ̵sub_zero]

Note: This linter can be disabled with `set_option linter.unusedSimpArgs false`
⚠ [3668/3697] Replayed ZhangLS.Spec.Lemma44HorizontalIntegrals
warning: ZhangLS/Spec/Lemma44HorizontalIntegrals.lean:18:5: unused variable `hK`

Note: This linter can be disabled with `set_option linter.unusedVariables false`
⚠ [3669/3697] Replayed ZhangLS.Spec.Lemma44ReflectedPolynomialContours
warning: ZhangLS/Spec/Lemma44ReflectedPolynomialContours.lean:152:64: This simp argument is unused:
  mul_left_comm

Hint: Omit it from the simp argument list.
  simp only [sub_eq_add_neg, add_comm, add_left_comm, mul_comm, mul_l̵e̵f̵t̵_̵c̵o̵m̵m̵,̵ ̵m̵u̵l̵_̵assoc] at hc ⊢

Note: This linter can be disabled with `set_option linter.unusedSimpArgs false`
warning: ZhangLS/Spec/Lemma44ReflectedPolynomialContours.lean:152:79: This simp argument is unused:
  mul_assoc

Hint: Omit it from the simp argument list.
  simp only [sub_eq_add_neg, add_comm, add_left_comm, mul_comm, mul_left_comm,̵ ̵m̵u̵l̵_̵a̵s̵s̵o̵c̵] at hc ⊢

Note: This linter can be disabled with `set_option linter.unusedSimpArgs false`
⚠ [3673/3697] Replayed ZhangLS.Spec.Lemma45Normalization
warning: ZhangLS/Spec/Lemma45Normalization.lean:90:8: 'ring' tactic does nothing

Note: This linter can be disabled with `set_option linter.unusedTactic false`
warning: ZhangLS/Spec/Lemma45Normalization.lean:90:8: this tactic is never executed

Note: This linter can be disabled with `set_option linter.unreachableTactic false`
⚠ [3696/3697] Replayed ZhangLS.Spec.Lemma46SingleZero
warning: ZhangLS/Spec/Lemma46SingleZero.lean:33:10: This simp argument is unused:
  mem_sphere

Hint: Omit it from the simp argument list.
  simp [m̵e̵m̵_̵s̵p̵h̵e̵r̵e̵,̵ ̵dist_zero_right, abs_of_pos hR]

Note: This linter can be disabled with `set_option linter.unusedSimpArgs false`
warning: ZhangLS/Spec/Lemma46SingleZero.lean:33:22: This simp argument is unused:
  dist_zero_right

Hint: Omit it from the simp argument list.
  simp [mem_sphere, d̵i̵s̵t̵_̵z̵e̵r̵o̵_̵r̵i̵g̵h̵t̵,̵ ̵abs_of_pos hR]

Note: This linter can be disabled with `set_option linter.unusedSimpArgs false`
⚠ [3697/3697] Replayed ZhangLS.Spec.Lemma46RoucheLocal
warning: ZhangLS/Spec/Lemma46RoucheLocal.lean:30:5: unused variable `hm`

Note: This linter can be disabled with `set_option linter.unusedVariables false`
Build completed successfully (3697 jobs).
ZhangLS/Spec/Lemma46RoucheLocal.lean:30:5: warning: unused variable `hm`

Note: This linter can be disabled with `set_option linter.unusedVariables false`
== kernel-check ZhangLS/Spec/Lemma46SingleZero.lean ==
⚠ [2698/2698] Replayed ZhangLS.Spec.Lemma46SingleZero
warning: ZhangLS/Spec/Lemma46SingleZero.lean:33:10: This simp argument is unused:
  mem_sphere

Hint: Omit it from the simp argument list.
  simp [m̵e̵m̵_̵s̵p̵h̵e̵r̵e̵,̵ ̵dist_zero_right, abs_of_pos hR]

Note: This linter can be disabled with `set_option linter.unusedSimpArgs false`
warning: ZhangLS/Spec/Lemma46SingleZero.lean:33:22: This simp argument is unused:
  dist_zero_right

Hint: Omit it from the simp argument list.
  simp [mem_sphere, d̵i̵s̵t̵_̵z̵e̵r̵o̵_̵r̵i̵g̵h̵t̵,̵ ̵abs_of_pos hR]

Note: This linter can be disabled with `set_option linter.unusedSimpArgs false`
Build completed successfully (2698 jobs).
ZhangLS/Spec/Lemma46SingleZero.lean:33:10: warning: This simp argument is unused:
  mem_sphere

Hint: Omit it from the simp argument list.
  simp [m̵e̵m̵_̵s̵p̵h̵e̵r̵e̵,̵ ̵dist_zero_right, abs_of_pos hR]

Note: This linter can be disabled with `set_option linter.unusedSimpArgs false`
ZhangLS/Spec/Lemma46SingleZero.lean:33:22: warning: This simp argument is unused:
  dist_zero_right

Hint: Omit it from the simp argument list.
  simp [mem_sphere, d̵i̵s̵t̵_̵z̵e̵r̵o̵_̵r̵i̵g̵h̵t̵,̵ ̵abs_of_pos hR]

Note: This linter can be disabled with `set_option linter.unusedSimpArgs false`
== kernel-check ZhangLS/Spec/Lemma46ZeroAnalysis.lean ==
⚠ [1279/1408] Replayed ZhangLS.Spec.RealDirichletCharacter
warning: ZhangLS/Spec/RealDirichletCharacter.lean:48:4: try 'simp' instead of 'simpa'

Note: This linter can be disabled with `set_option linter.unnecessarySimpa false`
⚠ [1280/1408] Replayed ZhangLS.Spec.Lemma44CharacterProduct
warning: ZhangLS/Spec/Lemma44CharacterProduct.lean:55:38: This simp argument is unused:
  mul_comm

Hint: Omit it from the simp argument list.
  simp [̵m̵u̵l̵_̵c̵o̵m̵m̵,̵ ̵m̵u̵l̵_̵l̵e̵f̵t̵_̵c̵o̵m̵m̵,̵[̲m̲u̲l̲_̲l̲e̲f̲t̲_̲c̲o̲m̲m̲,̲ mul_assoc]

Note: This linter can be disabled with `set_option linter.unusedSimpArgs false`
warning: ZhangLS/Spec/Lemma44CharacterProduct.lean:55:48: This simp argument is unused:
  mul_left_comm

Hint: Omit it from the simp argument list.
  simp [mul_comm, mul_l̵e̵f̵t̵_̵c̵o̵m̵m̵,̵ ̵m̵u̵l̵_̵assoc]

Note: This linter can be disabled with `set_option linter.unusedSimpArgs false`
⚠ [2474/2676] Replayed ZhangLS.Spec.Lemma23AnalyticLogBranch
warning: ZhangLS/Spec/Lemma23AnalyticLogBranch.lean:42:53: try 'simp' instead of 'simpa'

Note: This linter can be disabled with `set_option linter.unnecessarySimpa false`
warning: ZhangLS/Spec/Lemma23AnalyticLogBranch.lean:67:44: try 'simp' instead of 'simpa'

Note: This linter can be disabled with `set_option linter.unnecessarySimpa false`
⚠ [3462/3698] Replayed ZhangLS.Spec.RealAxisAtOne
warning: ZhangLS/Spec/RealAxisAtOne.lean:56:4: try 'simp' instead of 'simpa'

Note: This linter can be disabled with `set_option linter.unnecessarySimpa false`
⚠ [3464/3698] Replayed ZhangLS.Spec.Lemma57
warning: ZhangLS/Spec/Lemma57.lean:101:58: unused variable `hD`

Note: This linter can be disabled with `set_option linter.unusedVariables false`
warning: ZhangLS/Spec/Lemma57.lean:102:7: unused variable `hA`

Note: This linter can be disabled with `set_option linter.unusedVariables false`
⚠ [3465/3698] Replayed ZhangLS.Spec.Lemma57Arithmetic
warning: ZhangLS/Spec/Lemma57Arithmetic.lean:55:15: unused variable `hc_g`

Note: This linter can be disabled with `set_option linter.unusedVariables false`
⚠ [3470/3698] Replayed ZhangLS.Spec.Lemma57SmoothedSum
warning: ZhangLS/Spec/Lemma57SmoothedSum.lean:42:46: unused variable `hD`

Note: This linter can be disabled with `set_option linter.unusedVariables false`
⚠ [3479/3698] Replayed ZhangLS.Spec.Lemma57GaussianGlobal
warning: ZhangLS/Spec/Lemma57GaussianGlobal.lean:55:58: unused variable `ha`

Note: This linter can be disabled with `set_option linter.unusedVariables false`
warning: ZhangLS/Spec/Lemma57GaussianGlobal.lean:241:13: unused variable `hD`

Note: This linter can be disabled with `set_option linter.unusedVariables false`
warning: ZhangLS/Spec/Lemma57GaussianGlobal.lean:241:34: unused variable `hx`

Note: This linter can be disabled with `set_option linter.unusedVariables false`
⚠ [3480/3698] Replayed ZhangLS.Spec.Lemma57SmoothedSummability
warning: ZhangLS/Spec/Lemma57SmoothedSummability.lean:20:52: unused variable `hn`

Note: This linter can be disabled with `set_option linter.unusedVariables false`
⚠ [3485/3698] Replayed ZhangLS.Spec.Lemma57GaussianMellinTransform
warning: ZhangLS/Spec/Lemma57GaussianMellinTransform.lean:67:63: Used `tac1 <;> tac2` where `(tac1; tac2)` would suffice

Note: This linter can be disabled with `set_option linter.unnecessarySeqFocus false`
warning: ZhangLS/Spec/Lemma57GaussianMellinTransform.lean:145:54: Used `tac1 <;> tac2` where `(tac1; tac2)` would suffice

Note: This linter can be disabled with `set_option linter.unnecessarySeqFocus false`
warning: ZhangLS/Spec/Lemma57GaussianMellinTransform.lean:326:4: Try `simp at hs` instead of `simpa using hs`

Note: This linter can be disabled with `set_option linter.unnecessarySimpa false`
⚠ [3499/3698] Replayed ZhangLS.Spec.RiemannZetaCriticalLineBound
warning: ZhangLS/Spec/RiemannZetaCriticalLineBound.lean:99:2: Used `tac1 <;> tac2` where `(tac1; tac2)` would suffice

Note: This linter can be disabled with `set_option linter.unnecessarySeqFocus false`
warning: ZhangLS/Spec/RiemannZetaCriticalLineBound.lean:124:13: unused variable `hs`

Note: This linter can be disabled with `set_option linter.unusedVariables false`
warning: ZhangLS/Spec/RiemannZetaCriticalLineBound.lean:152:6: unused variable `n`

Note: This linter can be disabled with `set_option linter.unusedVariables false`
warning: ZhangLS/Spec/RiemannZetaCriticalLineBound.lean:156:20: unused variable `k`

Note: This linter can be disabled with `set_option linter.unusedVariables false`
warning: ZhangLS/Spec/RiemannZetaCriticalLineBound.lean:161:8: This simp argument is unused:
  sum_one_Icc

Hint: Omit it from the simp argument list.
  simp ̵[̵s̵u̵m̵_̵o̵n̵e̵_̵I̵c̵c̵]̵

Note: This linter can be disabled with `set_option linter.unusedSimpArgs false`
warning: ZhangLS/Spec/RiemannZetaCriticalLineBound.lean:242:12: 'ring' tactic does nothing

Note: This linter can be disabled with `set_option linter.unusedTactic false`
warning: ZhangLS/Spec/RiemannZetaCriticalLineBound.lean:242:12: this tactic is never executed

Note: This linter can be disabled with `set_option linter.unreachableTactic false`
warning: ZhangLS/Spec/RiemannZetaCriticalLineBound.lean:219:41: Used `tac1 <;> tac2` where `(tac1; tac2)` would suffice

Note: This linter can be disabled with `set_option linter.unnecessarySeqFocus false`
warning: ZhangLS/Spec/RiemannZetaCriticalLineBound.lean:303:8: 'ring' tactic does nothing

Note: This linter can be disabled with `set_option linter.unusedTactic false`
warning: ZhangLS/Spec/RiemannZetaCriticalLineBound.lean:303:8: this tactic is never executed

Note: This linter can be disabled with `set_option linter.unreachableTactic false`
warning: ZhangLS/Spec/RiemannZetaCriticalLineBound.lean:394:12: This simp argument is unused:
  norm_div

Hint: Omit it from the simp argument list.
  simp ̵[̵n̵o̵r̵m̵_̵d̵i̵v̵]̵

Note: This linter can be disabled with `set_option linter.unusedSimpArgs false`
warning: ZhangLS/Spec/RiemannZetaCriticalLineBound.lean:475:75: This simp argument is unused:
  norm_div

Hint: Omit it from the simp argument list.
  simp ̵[̵n̵o̵r̵m̵_̵d̵i̵v̵]̵

Note: This linter can be disabled with `set_option linter.unusedSimpArgs false`
⚠ [3500/3698] Replayed ZhangLS.Spec.Lemma57CriticalStripGrowth
warning: ZhangLS/Spec/Lemma57CriticalStripGrowth.lean:270:14: This simp argument is unused:
  norm_div

Hint: Omit it from the simp argument list.
  simp ̵[̵n̵o̵r̵m̵_̵d̵i̵v̵]̵

Note: This linter can be disabled with `set_option linter.unusedSimpArgs false`
⚠ [3507/3698] Replayed ZhangLS.Spec.Lemma23DirichletConjugation
warning: ZhangLS/Spec/Lemma23DirichletConjugation.lean:23:0: automatically included section variable(s) unused in theorem `ZhangLS.Spec.dirichletLSeries_inv_eq_conj_at_conj`:
  [NeZero N]
consider restructuring your `variable` declarations so that the variables are not in scope or explicitly omit them:
  omit [NeZero N] in theorem ...

Note: This linter can be disabled with `set_option linter.unusedSectionVars false`
⚠ [3509/3698] Replayed ZhangLS.Spec.Lemma23PrimitiveGaussSum
warning: ZhangLS/Spec/Lemma23PrimitiveGaussSum.lean:42:19: Used `tac1 <;> tac2` where `(tac1; tac2)` would suffice

Note: This linter can be disabled with `set_option linter.unnecessarySeqFocus false`
⚠ [3510/3698] Replayed ZhangLS.Spec.Lemma23DirichletUnitModulus
warning: ZhangLS/Spec/Lemma23DirichletUnitModulus.lean:112:48: Used `tac1 <;> tac2` where `(tac1; tac2)` would suffice

Note: This linter can be disabled with `set_option linter.unnecessarySeqFocus false`
⚠ [3647/3698] Replayed ZhangLS.Spec.Lemma44ProductMellin
warning: ZhangLS/Spec/Lemma44ProductMellin.lean:144:4: try 'simp' instead of 'simpa'

Note: This linter can be disabled with `set_option linter.unnecessarySimpa false`
⚠ [3651/3698] Replayed ZhangLS.Spec.Lemma44RightMellinApproximation
warning: ZhangLS/Spec/Lemma44RightMellinApproximation.lean:37:4: try 'simp' instead of 'simpa'

Note: This linter can be disabled with `set_option linter.unnecessarySimpa false`
⚠ [3655/3698] Replayed ZhangLS.Spec.Lemma44ReflectedLongSum
warning: ZhangLS/Spec/Lemma44ReflectedLongSum.lean:81:64: Used `tac1 <;> tac2` where `(tac1; tac2)` would suffice

Note: This linter can be disabled with `set_option linter.unnecessarySeqFocus false`
⚠ [3658/3698] Replayed ZhangLS.Spec.Lemma44InitialLeftEstimates
warning: ZhangLS/Spec/Lemma44InitialLeftEstimates.lean:68:23: Used `tac1 <;> tac2` where `(tac1; tac2)` would suffice

Note: This linter can be disabled with `set_option linter.unnecessarySeqFocus false`
⚠ [3661/3698] Replayed ZhangLS.Spec.Lemma44ComplexCharacterAbel
warning: ZhangLS/Spec/Lemma44ComplexCharacterAbel.lean:73:56: unused variable `hD`

Note: This linter can be disabled with `set_option linter.unusedVariables false`
⚠ [3662/3698] Replayed ZhangLS.Spec.Lemma44HorizontalGrowth
warning: ZhangLS/Spec/Lemma44HorizontalGrowth.lean:147:6: 'push_cast' tactic does nothing

Note: This linter can be disabled with `set_option linter.unusedTactic false`
⚠ [3664/3698] Replayed ZhangLS.Spec.Lemma44GaussianVerticalTail
info: ZhangLS/Spec/Lemma44GaussianVerticalTail.lean:41:4: Try this:
  [apply] ring_nf
  
  The `ring` tactic failed to close the goal. Use `ring_nf` to obtain a normal form.
    
  Note that `ring` works primarily in *commutative* rings. If you have a noncommutative ring, abelian group or module, consider using `noncomm_ring`, `abel` or `module` instead.
info: ZhangLS/Spec/Lemma44GaussianVerticalTail.lean:57:16: Try this:
  [apply] ring_nf
  
  The `ring` tactic failed to close the goal. Use `ring_nf` to obtain a normal form.
    
  Note that `ring` works primarily in *commutative* rings. If you have a noncommutative ring, abelian group or module, consider using `noncomm_ring`, `abel` or `module` instead.
warning: ZhangLS/Spec/Lemma44GaussianVerticalTail.lean:57:12: Used `tac1 <;> tac2` where `(tac1; tac2)` would suffice

Note: This linter can be disabled with `set_option linter.unnecessarySeqFocus false`
warning: ZhangLS/Spec/Lemma44GaussianVerticalTail.lean:68:22: Used `tac1 <;> tac2` where `(tac1; tac2)` would suffice

Note: This linter can be disabled with `set_option linter.unnecessarySeqFocus false`
info: ZhangLS/Spec/Lemma44GaussianVerticalTail.lean:153:35: Try this:
  [apply] ring_nf
  
  The `ring` tactic failed to close the goal. Use `ring_nf` to obtain a normal form.
    
  Note that `ring` works primarily in *commutative* rings. If you have a noncommutative ring, abelian group or module, consider using `noncomm_ring`, `abel` or `module` instead.
⚠ [3665/3698] Replayed ZhangLS.Spec.Lemma44LocalRectangle
warning: ZhangLS/Spec/Lemma44LocalRectangle.lean:115:46: This simp argument is unused:
  zero_mul

Hint: Omit it from the simp argument list.
  simp only [mem_reProdIm, mem_Icc, sub_re, sub_im, ofReal_re, ofReal_im, mul_re, mul_im, I_re,
  ̲  ̲ ̲ ̲ ̲ ̲ ̲ ̲I_im, mul_zero, z̵e̵r̵o̵_̵m̵u̵l̵,̵ ̵mul_one, zero_add, sub_zero]

Note: This linter can be disabled with `set_option linter.unusedSimpArgs false`
warning: ZhangLS/Spec/Lemma44LocalRectangle.lean:115:65: This simp argument is unused:
  zero_add

Hint: Omit it from the simp argument list.
  simp only [mem_reProdIm, mem_Icc, sub_re, sub_im, ofReal_re, ofReal_im, mul_re, mul_im, I_re,
  ̲  ̲ ̲ ̲ ̲ ̲ ̲ ̲I_im, mul_zero, zero_mul, mul_one, z̵e̵r̵o̵_̵a̵d̵d̵,̵ ̵sub_zero]

Note: This linter can be disabled with `set_option linter.unusedSimpArgs false`
⚠ [3668/3698] Replayed ZhangLS.Spec.Lemma44HorizontalIntegrals
warning: ZhangLS/Spec/Lemma44HorizontalIntegrals.lean:18:5: unused variable `hK`

Note: This linter can be disabled with `set_option linter.unusedVariables false`
⚠ [3669/3698] Replayed ZhangLS.Spec.Lemma44ReflectedPolynomialContours
warning: ZhangLS/Spec/Lemma44ReflectedPolynomialContours.lean:152:64: This simp argument is unused:
  mul_left_comm

Hint: Omit it from the simp argument list.
  simp only [sub_eq_add_neg, add_comm, add_left_comm, mul_comm, mul_l̵e̵f̵t̵_̵c̵o̵m̵m̵,̵ ̵m̵u̵l̵_̵assoc] at hc ⊢

Note: This linter can be disabled with `set_option linter.unusedSimpArgs false`
warning: ZhangLS/Spec/Lemma44ReflectedPolynomialContours.lean:152:79: This simp argument is unused:
  mul_assoc

Hint: Omit it from the simp argument list.
  simp only [sub_eq_add_neg, add_comm, add_left_comm, mul_comm, mul_left_comm,̵ ̵m̵u̵l̵_̵a̵s̵s̵o̵c̵] at hc ⊢

Note: This linter can be disabled with `set_option linter.unusedSimpArgs false`
⚠ [3673/3698] Replayed ZhangLS.Spec.Lemma45Normalization
warning: ZhangLS/Spec/Lemma45Normalization.lean:90:8: 'ring' tactic does nothing

Note: This linter can be disabled with `set_option linter.unusedTactic false`
warning: ZhangLS/Spec/Lemma45Normalization.lean:90:8: this tactic is never executed

Note: This linter can be disabled with `set_option linter.unreachableTactic false`
⚠ [3696/3698] Replayed ZhangLS.Spec.Lemma46SingleZero
warning: ZhangLS/Spec/Lemma46SingleZero.lean:33:10: This simp argument is unused:
  mem_sphere

Hint: Omit it from the simp argument list.
  simp [m̵e̵m̵_̵s̵p̵h̵e̵r̵e̵,̵ ̵dist_zero_right, abs_of_pos hR]

Note: This linter can be disabled with `set_option linter.unusedSimpArgs false`
warning: ZhangLS/Spec/Lemma46SingleZero.lean:33:22: This simp argument is unused:
  dist_zero_right

Hint: Omit it from the simp argument list.
  simp [mem_sphere, d̵i̵s̵t̵_̵z̵e̵r̵o̵_̵r̵i̵g̵h̵t̵,̵ ̵abs_of_pos hR]

Note: This linter can be disabled with `set_option linter.unusedSimpArgs false`
⚠ [3697/3698] Replayed ZhangLS.Spec.Lemma46RoucheLocal
warning: ZhangLS/Spec/Lemma46RoucheLocal.lean:30:5: unused variable `hm`

Note: This linter can be disabled with `set_option linter.unusedVariables false`
⚠ [3698/3698] Replayed ZhangLS.Spec.Lemma46ZeroAnalysis
warning: ZhangLS/Spec/Lemma46ZeroAnalysis.lean:108:39: Used `tac1 <;> tac2` where `(tac1; tac2)` would suffice

Note: This linter can be disabled with `set_option linter.unnecessarySeqFocus false`
warning: ZhangLS/Spec/Lemma46ZeroAnalysis.lean:151:54: unused variable `hc`

Note: This linter can be disabled with `set_option linter.unusedVariables false`
Build completed successfully (3698 jobs).
ZhangLS/Spec/Lemma46ZeroAnalysis.lean:108:39: warning: Used `tac1 <;> tac2` where `(tac1; tac2)` would suffice

Note: This linter can be disabled with `set_option linter.unnecessarySeqFocus false`
ZhangLS/Spec/Lemma46ZeroAnalysis.lean:151:54: warning: unused variable `hc`

Note: This linter can be disabled with `set_option linter.unusedVariables false`
== kernel-check ZhangLS/Spec/Lemma47ModelApproximation.lean ==
⚠ [1279/1392] Replayed ZhangLS.Spec.RealDirichletCharacter
warning: ZhangLS/Spec/RealDirichletCharacter.lean:48:4: try 'simp' instead of 'simpa'

Note: This linter can be disabled with `set_option linter.unnecessarySimpa false`
⚠ [1280/1392] Replayed ZhangLS.Spec.Lemma44CharacterProduct
warning: ZhangLS/Spec/Lemma44CharacterProduct.lean:55:38: This simp argument is unused:
  mul_comm

Hint: Omit it from the simp argument list.
  simp [̵m̵u̵l̵_̵c̵o̵m̵m̵,̵ ̵m̵u̵l̵_̵l̵e̵f̵t̵_̵c̵o̵m̵m̵,̵[̲m̲u̲l̲_̲l̲e̲f̲t̲_̲c̲o̲m̲m̲,̲ mul_assoc]

Note: This linter can be disabled with `set_option linter.unusedSimpArgs false`
warning: ZhangLS/Spec/Lemma44CharacterProduct.lean:55:48: This simp argument is unused:
  mul_left_comm

Hint: Omit it from the simp argument list.
  simp [mul_comm, mul_l̵e̵f̵t̵_̵c̵o̵m̵m̵,̵ ̵m̵u̵l̵_̵assoc]

Note: This linter can be disabled with `set_option linter.unusedSimpArgs false`
⚠ [2474/2686] Replayed ZhangLS.Spec.Lemma23AnalyticLogBranch
warning: ZhangLS/Spec/Lemma23AnalyticLogBranch.lean:42:53: try 'simp' instead of 'simpa'

Note: This linter can be disabled with `set_option linter.unnecessarySimpa false`
warning: ZhangLS/Spec/Lemma23AnalyticLogBranch.lean:67:44: try 'simp' instead of 'simpa'

Note: This linter can be disabled with `set_option linter.unnecessarySimpa false`
⚠ [3461/3619] Replayed ZhangLS.Spec.RealAxisAtOne
warning: ZhangLS/Spec/RealAxisAtOne.lean:56:4: try 'simp' instead of 'simpa'

Note: This linter can be disabled with `set_option linter.unnecessarySimpa false`
⚠ [3463/3619] Replayed ZhangLS.Spec.Lemma57
warning: ZhangLS/Spec/Lemma57.lean:101:58: unused variable `hD`

Note: This linter can be disabled with `set_option linter.unusedVariables false`
warning: ZhangLS/Spec/Lemma57.lean:102:7: unused variable `hA`

Note: This linter can be disabled with `set_option linter.unusedVariables false`
⚠ [3464/3619] Replayed ZhangLS.Spec.Lemma57Arithmetic
warning: ZhangLS/Spec/Lemma57Arithmetic.lean:55:15: unused variable `hc_g`

Note: This linter can be disabled with `set_option linter.unusedVariables false`
⚠ [3469/3619] Replayed ZhangLS.Spec.Lemma57SmoothedSum
warning: ZhangLS/Spec/Lemma57SmoothedSum.lean:42:46: unused variable `hD`

Note: This linter can be disabled with `set_option linter.unusedVariables false`
⚠ [3478/3619] Replayed ZhangLS.Spec.Lemma57GaussianGlobal
warning: ZhangLS/Spec/Lemma57GaussianGlobal.lean:55:58: unused variable `ha`

Note: This linter can be disabled with `set_option linter.unusedVariables false`
warning: ZhangLS/Spec/Lemma57GaussianGlobal.lean:241:13: unused variable `hD`

Note: This linter can be disabled with `set_option linter.unusedVariables false`
warning: ZhangLS/Spec/Lemma57GaussianGlobal.lean:241:34: unused variable `hx`

Note: This linter can be disabled with `set_option linter.unusedVariables false`
⚠ [3479/3619] Replayed ZhangLS.Spec.Lemma57SmoothedSummability
warning: ZhangLS/Spec/Lemma57SmoothedSummability.lean:20:52: unused variable `hn`

Note: This linter can be disabled with `set_option linter.unusedVariables false`
⚠ [3484/3619] Replayed ZhangLS.Spec.Lemma57GaussianMellinTransform
warning: ZhangLS/Spec/Lemma57GaussianMellinTransform.lean:67:63: Used `tac1 <;> tac2` where `(tac1; tac2)` would suffice

Note: This linter can be disabled with `set_option linter.unnecessarySeqFocus false`
warning: ZhangLS/Spec/Lemma57GaussianMellinTransform.lean:145:54: Used `tac1 <;> tac2` where `(tac1; tac2)` would suffice

Note: This linter can be disabled with `set_option linter.unnecessarySeqFocus false`
warning: ZhangLS/Spec/Lemma57GaussianMellinTransform.lean:326:4: Try `simp at hs` instead of `simpa using hs`

Note: This linter can be disabled with `set_option linter.unnecessarySimpa false`
⚠ [3498/3619] Replayed ZhangLS.Spec.RiemannZetaCriticalLineBound
warning: ZhangLS/Spec/RiemannZetaCriticalLineBound.lean:99:2: Used `tac1 <;> tac2` where `(tac1; tac2)` would suffice

Note: This linter can be disabled with `set_option linter.unnecessarySeqFocus false`
warning: ZhangLS/Spec/RiemannZetaCriticalLineBound.lean:124:13: unused variable `hs`

Note: This linter can be disabled with `set_option linter.unusedVariables false`
warning: ZhangLS/Spec/RiemannZetaCriticalLineBound.lean:152:6: unused variable `n`

Note: This linter can be disabled with `set_option linter.unusedVariables false`
warning: ZhangLS/Spec/RiemannZetaCriticalLineBound.lean:156:20: unused variable `k`

Note: This linter can be disabled with `set_option linter.unusedVariables false`
warning: ZhangLS/Spec/RiemannZetaCriticalLineBound.lean:161:8: This simp argument is unused:
  sum_one_Icc

Hint: Omit it from the simp argument list.
  simp ̵[̵s̵u̵m̵_̵o̵n̵e̵_̵I̵c̵c̵]̵

Note: This linter can be disabled with `set_option linter.unusedSimpArgs false`
warning: ZhangLS/Spec/RiemannZetaCriticalLineBound.lean:242:12: 'ring' tactic does nothing

Note: This linter can be disabled with `set_option linter.unusedTactic false`
warning: ZhangLS/Spec/RiemannZetaCriticalLineBound.lean:242:12: this tactic is never executed

Note: This linter can be disabled with `set_option linter.unreachableTactic false`
warning: ZhangLS/Spec/RiemannZetaCriticalLineBound.lean:219:41: Used `tac1 <;> tac2` where `(tac1; tac2)` would suffice

Note: This linter can be disabled with `set_option linter.unnecessarySeqFocus false`
warning: ZhangLS/Spec/RiemannZetaCriticalLineBound.lean:303:8: 'ring' tactic does nothing

Note: This linter can be disabled with `set_option linter.unusedTactic false`
warning: ZhangLS/Spec/RiemannZetaCriticalLineBound.lean:303:8: this tactic is never executed

Note: This linter can be disabled with `set_option linter.unreachableTactic false`
warning: ZhangLS/Spec/RiemannZetaCriticalLineBound.lean:394:12: This simp argument is unused:
  norm_div

Hint: Omit it from the simp argument list.
  simp ̵[̵n̵o̵r̵m̵_̵d̵i̵v̵]̵

Note: This linter can be disabled with `set_option linter.unusedSimpArgs false`
warning: ZhangLS/Spec/RiemannZetaCriticalLineBound.lean:475:75: This simp argument is unused:
  norm_div

Hint: Omit it from the simp argument list.
  simp ̵[̵n̵o̵r̵m̵_̵d̵i̵v̵]̵

Note: This linter can be disabled with `set_option linter.unusedSimpArgs false`
⚠ [3499/3619] Replayed ZhangLS.Spec.Lemma57CriticalStripGrowth
warning: ZhangLS/Spec/Lemma57CriticalStripGrowth.lean:270:14: This simp argument is unused:
  norm_div

Hint: Omit it from the simp argument list.
  simp ̵[̵n̵o̵r̵m̵_̵d̵i̵v̵]̵

Note: This linter can be disabled with `set_option linter.unusedSimpArgs false`
⚠ [3506/3619] Replayed ZhangLS.Spec.Lemma23DirichletConjugation
warning: ZhangLS/Spec/Lemma23DirichletConjugation.lean:23:0: automatically included section variable(s) unused in theorem `ZhangLS.Spec.dirichletLSeries_inv_eq_conj_at_conj`:
  [NeZero N]
consider restructuring your `variable` declarations so that the variables are not in scope or explicitly omit them:
  omit [NeZero N] in theorem ...

Note: This linter can be disabled with `set_option linter.unusedSectionVars false`
⚠ [3508/3619] Replayed ZhangLS.Spec.Lemma23PrimitiveGaussSum
warning: ZhangLS/Spec/Lemma23PrimitiveGaussSum.lean:42:19: Used `tac1 <;> tac2` where `(tac1; tac2)` would suffice

Note: This linter can be disabled with `set_option linter.unnecessarySeqFocus false`
⚠ [3509/3619] Replayed ZhangLS.Spec.Lemma23DirichletUnitModulus
warning: ZhangLS/Spec/Lemma23DirichletUnitModulus.lean:112:48: Used `tac1 <;> tac2` where `(tac1; tac2)` would suffice

Note: This linter can be disabled with `set_option linter.unnecessarySeqFocus false`
⚠ [3647/3701] Replayed ZhangLS.Spec.Lemma44ProductMellin
warning: ZhangLS/Spec/Lemma44ProductMellin.lean:144:4: try 'simp' instead of 'simpa'

Note: This linter can be disabled with `set_option linter.unnecessarySimpa false`
⚠ [3651/3701] Replayed ZhangLS.Spec.Lemma44RightMellinApproximation
warning: ZhangLS/Spec/Lemma44RightMellinApproximation.lean:37:4: try 'simp' instead of 'simpa'

Note: This linter can be disabled with `set_option linter.unnecessarySimpa false`
⚠ [3655/3701] Replayed ZhangLS.Spec.Lemma44ReflectedLongSum
warning: ZhangLS/Spec/Lemma44ReflectedLongSum.lean:81:64: Used `tac1 <;> tac2` where `(tac1; tac2)` would suffice

Note: This linter can be disabled with `set_option linter.unnecessarySeqFocus false`
⚠ [3658/3701] Replayed ZhangLS.Spec.Lemma44InitialLeftEstimates
warning: ZhangLS/Spec/Lemma44InitialLeftEstimates.lean:68:23: Used `tac1 <;> tac2` where `(tac1; tac2)` would suffice

Note: This linter can be disabled with `set_option linter.unnecessarySeqFocus false`
⚠ [3661/3701] Replayed ZhangLS.Spec.Lemma44ComplexCharacterAbel
warning: ZhangLS/Spec/Lemma44ComplexCharacterAbel.lean:73:56: unused variable `hD`

Note: This linter can be disabled with `set_option linter.unusedVariables false`
⚠ [3662/3701] Replayed ZhangLS.Spec.Lemma44HorizontalGrowth
warning: ZhangLS/Spec/Lemma44HorizontalGrowth.lean:147:6: 'push_cast' tactic does nothing

Note: This linter can be disabled with `set_option linter.unusedTactic false`
⚠ [3664/3701] Replayed ZhangLS.Spec.Lemma44GaussianVerticalTail
info: ZhangLS/Spec/Lemma44GaussianVerticalTail.lean:41:4: Try this:
  [apply] ring_nf
  
  The `ring` tactic failed to close the goal. Use `ring_nf` to obtain a normal form.
    
  Note that `ring` works primarily in *commutative* rings. If you have a noncommutative ring, abelian group or module, consider using `noncomm_ring`, `abel` or `module` instead.
info: ZhangLS/Spec/Lemma44GaussianVerticalTail.lean:57:16: Try this:
  [apply] ring_nf
  
  The `ring` tactic failed to close the goal. Use `ring_nf` to obtain a normal form.
    
  Note that `ring` works primarily in *commutative* rings. If you have a noncommutative ring, abelian group or module, consider using `noncomm_ring`, `abel` or `module` instead.
warning: ZhangLS/Spec/Lemma44GaussianVerticalTail.lean:57:12: Used `tac1 <;> tac2` where `(tac1; tac2)` would suffice

Note: This linter can be disabled with `set_option linter.unnecessarySeqFocus false`
warning: ZhangLS/Spec/Lemma44GaussianVerticalTail.lean:68:22: Used `tac1 <;> tac2` where `(tac1; tac2)` would suffice

Note: This linter can be disabled with `set_option linter.unnecessarySeqFocus false`
info: ZhangLS/Spec/Lemma44GaussianVerticalTail.lean:153:35: Try this:
  [apply] ring_nf
  
  The `ring` tactic failed to close the goal. Use `ring_nf` to obtain a normal form.
    
  Note that `ring` works primarily in *commutative* rings. If you have a noncommutative ring, abelian group or module, consider using `noncomm_ring`, `abel` or `module` instead.
⚠ [3665/3701] Replayed ZhangLS.Spec.Lemma44LocalRectangle
warning: ZhangLS/Spec/Lemma44LocalRectangle.lean:115:46: This simp argument is unused:
  zero_mul

Hint: Omit it from the simp argument list.
  simp only [mem_reProdIm, mem_Icc, sub_re, sub_im, ofReal_re, ofReal_im, mul_re, mul_im, I_re,
  ̲  ̲ ̲ ̲ ̲ ̲ ̲ ̲I_im, mul_zero, z̵e̵r̵o̵_̵m̵u̵l̵,̵ ̵mul_one, zero_add, sub_zero]

Note: This linter can be disabled with `set_option linter.unusedSimpArgs false`
warning: ZhangLS/Spec/Lemma44LocalRectangle.lean:115:65: This simp argument is unused:
  zero_add

Hint: Omit it from the simp argument list.
  simp only [mem_reProdIm, mem_Icc, sub_re, sub_im, ofReal_re, ofReal_im, mul_re, mul_im, I_re,
  ̲  ̲ ̲ ̲ ̲ ̲ ̲ ̲I_im, mul_zero, zero_mul, mul_one, z̵e̵r̵o̵_̵a̵d̵d̵,̵ ̵sub_zero]

Note: This linter can be disabled with `set_option linter.unusedSimpArgs false`
⚠ [3668/3701] Replayed ZhangLS.Spec.Lemma44HorizontalIntegrals
warning: ZhangLS/Spec/Lemma44HorizontalIntegrals.lean:18:5: unused variable `hK`

Note: This linter can be disabled with `set_option linter.unusedVariables false`
⚠ [3669/3701] Replayed ZhangLS.Spec.Lemma44ReflectedPolynomialContours
warning: ZhangLS/Spec/Lemma44ReflectedPolynomialContours.lean:152:64: This simp argument is unused:
  mul_left_comm

Hint: Omit it from the simp argument list.
  simp only [sub_eq_add_neg, add_comm, add_left_comm, mul_comm, mul_l̵e̵f̵t̵_̵c̵o̵m̵m̵,̵ ̵m̵u̵l̵_̵assoc] at hc ⊢

Note: This linter can be disabled with `set_option linter.unusedSimpArgs false`
warning: ZhangLS/Spec/Lemma44ReflectedPolynomialContours.lean:152:79: This simp argument is unused:
  mul_assoc

Hint: Omit it from the simp argument list.
  simp only [sub_eq_add_neg, add_comm, add_left_comm, mul_comm, mul_left_comm,̵ ̵m̵u̵l̵_̵a̵s̵s̵o̵c̵] at hc ⊢

Note: This linter can be disabled with `set_option linter.unusedSimpArgs false`
⚠ [3673/3701] Replayed ZhangLS.Spec.Lemma45Normalization
warning: ZhangLS/Spec/Lemma45Normalization.lean:90:8: 'ring' tactic does nothing

Note: This linter can be disabled with `set_option linter.unusedTactic false`
warning: ZhangLS/Spec/Lemma45Normalization.lean:90:8: this tactic is never executed

Note: This linter can be disabled with `set_option linter.unreachableTactic false`
⚠ [3696/3701] Replayed ZhangLS.Spec.Lemma46SingleZero
warning: ZhangLS/Spec/Lemma46SingleZero.lean:33:10: This simp argument is unused:
  mem_sphere

Hint: Omit it from the simp argument list.
  simp [m̵e̵m̵_̵s̵p̵h̵e̵r̵e̵,̵ ̵dist_zero_right, abs_of_pos hR]

Note: This linter can be disabled with `set_option linter.unusedSimpArgs false`
warning: ZhangLS/Spec/Lemma46SingleZero.lean:33:22: This simp argument is unused:
  dist_zero_right

Hint: Omit it from the simp argument list.
  simp [mem_sphere, d̵i̵s̵t̵_̵z̵e̵r̵o̵_̵r̵i̵g̵h̵t̵,̵ ̵abs_of_pos hR]

Note: This linter can be disabled with `set_option linter.unusedSimpArgs false`
⚠ [3697/3701] Replayed ZhangLS.Spec.Lemma46RoucheLocal
warning: ZhangLS/Spec/Lemma46RoucheLocal.lean:30:5: unused variable `hm`

Note: This linter can be disabled with `set_option linter.unusedVariables false`
⚠ [3698/3701] Replayed ZhangLS.Spec.Lemma46ZeroAnalysis
warning: ZhangLS/Spec/Lemma46ZeroAnalysis.lean:108:39: Used `tac1 <;> tac2` where `(tac1; tac2)` would suffice

Note: This linter can be disabled with `set_option linter.unnecessarySeqFocus false`
warning: ZhangLS/Spec/Lemma46ZeroAnalysis.lean:151:54: unused variable `hc`

Note: This linter can be disabled with `set_option linter.unusedVariables false`
Build completed successfully (3701 jobs).
== kernel-check ZhangLS/Spec/Lemma47ModelBoundary.lean ==
Build completed successfully (2700 jobs).
== kernel-check ZhangLS/Spec/Lemma47OuterGeometry.lean ==
⚠ [1279/1461] Replayed ZhangLS.Spec.RealDirichletCharacter
warning: ZhangLS/Spec/RealDirichletCharacter.lean:48:4: try 'simp' instead of 'simpa'

Note: This linter can be disabled with `set_option linter.unnecessarySimpa false`
⚠ [1280/1461] Replayed ZhangLS.Spec.Lemma44CharacterProduct
warning: ZhangLS/Spec/Lemma44CharacterProduct.lean:55:38: This simp argument is unused:
  mul_comm

Hint: Omit it from the simp argument list.
  simp [̵m̵u̵l̵_̵c̵o̵m̵m̵,̵ ̵m̵u̵l̵_̵l̵e̵f̵t̵_̵c̵o̵m̵m̵,̵[̲m̲u̲l̲_̲l̲e̲f̲t̲_̲c̲o̲m̲m̲,̲ mul_assoc]

Note: This linter can be disabled with `set_option linter.unusedSimpArgs false`
warning: ZhangLS/Spec/Lemma44CharacterProduct.lean:55:48: This simp argument is unused:
  mul_left_comm

Hint: Omit it from the simp argument list.
  simp [mul_comm, mul_l̵e̵f̵t̵_̵c̵o̵m̵m̵,̵ ̵m̵u̵l̵_̵assoc]

Note: This linter can be disabled with `set_option linter.unusedSimpArgs false`
⚠ [2474/2808] Replayed ZhangLS.Spec.Lemma23AnalyticLogBranch
warning: ZhangLS/Spec/Lemma23AnalyticLogBranch.lean:42:53: try 'simp' instead of 'simpa'

Note: This linter can be disabled with `set_option linter.unnecessarySimpa false`
warning: ZhangLS/Spec/Lemma23AnalyticLogBranch.lean:67:44: try 'simp' instead of 'simpa'

Note: This linter can be disabled with `set_option linter.unnecessarySimpa false`
⚠ [3462/3700] Replayed ZhangLS.Spec.RealAxisAtOne
warning: ZhangLS/Spec/RealAxisAtOne.lean:56:4: try 'simp' instead of 'simpa'

Note: This linter can be disabled with `set_option linter.unnecessarySimpa false`
⚠ [3464/3700] Replayed ZhangLS.Spec.Lemma57
warning: ZhangLS/Spec/Lemma57.lean:101:58: unused variable `hD`

Note: This linter can be disabled with `set_option linter.unusedVariables false`
warning: ZhangLS/Spec/Lemma57.lean:102:7: unused variable `hA`

Note: This linter can be disabled with `set_option linter.unusedVariables false`
⚠ [3465/3700] Replayed ZhangLS.Spec.Lemma57Arithmetic
warning: ZhangLS/Spec/Lemma57Arithmetic.lean:55:15: unused variable `hc_g`

Note: This linter can be disabled with `set_option linter.unusedVariables false`
⚠ [3470/3700] Replayed ZhangLS.Spec.Lemma57SmoothedSum
warning: ZhangLS/Spec/Lemma57SmoothedSum.lean:42:46: unused variable `hD`

Note: This linter can be disabled with `set_option linter.unusedVariables false`
⚠ [3479/3700] Replayed ZhangLS.Spec.Lemma57GaussianGlobal
warning: ZhangLS/Spec/Lemma57GaussianGlobal.lean:55:58: unused variable `ha`

Note: This linter can be disabled with `set_option linter.unusedVariables false`
warning: ZhangLS/Spec/Lemma57GaussianGlobal.lean:241:13: unused variable `hD`

Note: This linter can be disabled with `set_option linter.unusedVariables false`
warning: ZhangLS/Spec/Lemma57GaussianGlobal.lean:241:34: unused variable `hx`

Note: This linter can be disabled with `set_option linter.unusedVariables false`
⚠ [3480/3700] Replayed ZhangLS.Spec.Lemma57SmoothedSummability
warning: ZhangLS/Spec/Lemma57SmoothedSummability.lean:20:52: unused variable `hn`

Note: This linter can be disabled with `set_option linter.unusedVariables false`
⚠ [3485/3700] Replayed ZhangLS.Spec.Lemma57GaussianMellinTransform
warning: ZhangLS/Spec/Lemma57GaussianMellinTransform.lean:67:63: Used `tac1 <;> tac2` where `(tac1; tac2)` would suffice

Note: This linter can be disabled with `set_option linter.unnecessarySeqFocus false`
warning: ZhangLS/Spec/Lemma57GaussianMellinTransform.lean:145:54: Used `tac1 <;> tac2` where `(tac1; tac2)` would suffice

Note: This linter can be disabled with `set_option linter.unnecessarySeqFocus false`
warning: ZhangLS/Spec/Lemma57GaussianMellinTransform.lean:326:4: Try `simp at hs` instead of `simpa using hs`

Note: This linter can be disabled with `set_option linter.unnecessarySimpa false`
⚠ [3499/3700] Replayed ZhangLS.Spec.RiemannZetaCriticalLineBound
warning: ZhangLS/Spec/RiemannZetaCriticalLineBound.lean:99:2: Used `tac1 <;> tac2` where `(tac1; tac2)` would suffice

Note: This linter can be disabled with `set_option linter.unnecessarySeqFocus false`
warning: ZhangLS/Spec/RiemannZetaCriticalLineBound.lean:124:13: unused variable `hs`

Note: This linter can be disabled with `set_option linter.unusedVariables false`
warning: ZhangLS/Spec/RiemannZetaCriticalLineBound.lean:152:6: unused variable `n`

Note: This linter can be disabled with `set_option linter.unusedVariables false`
warning: ZhangLS/Spec/RiemannZetaCriticalLineBound.lean:156:20: unused variable `k`

Note: This linter can be disabled with `set_option linter.unusedVariables false`
warning: ZhangLS/Spec/RiemannZetaCriticalLineBound.lean:161:8: This simp argument is unused:
  sum_one_Icc

Hint: Omit it from the simp argument list.
  simp ̵[̵s̵u̵m̵_̵o̵n̵e̵_̵I̵c̵c̵]̵

Note: This linter can be disabled with `set_option linter.unusedSimpArgs false`
warning: ZhangLS/Spec/RiemannZetaCriticalLineBound.lean:242:12: 'ring' tactic does nothing

Note: This linter can be disabled with `set_option linter.unusedTactic false`
warning: ZhangLS/Spec/RiemannZetaCriticalLineBound.lean:242:12: this tactic is never executed

Note: This linter can be disabled with `set_option linter.unreachableTactic false`
warning: ZhangLS/Spec/RiemannZetaCriticalLineBound.lean:219:41: Used `tac1 <;> tac2` where `(tac1; tac2)` would suffice

Note: This linter can be disabled with `set_option linter.unnecessarySeqFocus false`
warning: ZhangLS/Spec/RiemannZetaCriticalLineBound.lean:303:8: 'ring' tactic does nothing

Note: This linter can be disabled with `set_option linter.unusedTactic false`
warning: ZhangLS/Spec/RiemannZetaCriticalLineBound.lean:303:8: this tactic is never executed

Note: This linter can be disabled with `set_option linter.unreachableTactic false`
warning: ZhangLS/Spec/RiemannZetaCriticalLineBound.lean:394:12: This simp argument is unused:
  norm_div

Hint: Omit it from the simp argument list.
  simp ̵[̵n̵o̵r̵m̵_̵d̵i̵v̵]̵

Note: This linter can be disabled with `set_option linter.unusedSimpArgs false`
warning: ZhangLS/Spec/RiemannZetaCriticalLineBound.lean:475:75: This simp argument is unused:
  norm_div

Hint: Omit it from the simp argument list.
  simp ̵[̵n̵o̵r̵m̵_̵d̵i̵v̵]̵

Note: This linter can be disabled with `set_option linter.unusedSimpArgs false`
⚠ [3500/3700] Replayed ZhangLS.Spec.Lemma57CriticalStripGrowth
warning: ZhangLS/Spec/Lemma57CriticalStripGrowth.lean:270:14: This simp argument is unused:
  norm_div

Hint: Omit it from the simp argument list.
  simp ̵[̵n̵o̵r̵m̵_̵d̵i̵v̵]̵

Note: This linter can be disabled with `set_option linter.unusedSimpArgs false`
⚠ [3507/3700] Replayed ZhangLS.Spec.Lemma23DirichletConjugation
warning: ZhangLS/Spec/Lemma23DirichletConjugation.lean:23:0: automatically included section variable(s) unused in theorem `ZhangLS.Spec.dirichletLSeries_inv_eq_conj_at_conj`:
  [NeZero N]
consider restructuring your `variable` declarations so that the variables are not in scope or explicitly omit them:
  omit [NeZero N] in theorem ...

Note: This linter can be disabled with `set_option linter.unusedSectionVars false`
⚠ [3509/3700] Replayed ZhangLS.Spec.Lemma23PrimitiveGaussSum
warning: ZhangLS/Spec/Lemma23PrimitiveGaussSum.lean:42:19: Used `tac1 <;> tac2` where `(tac1; tac2)` would suffice

Note: This linter can be disabled with `set_option linter.unnecessarySeqFocus false`
⚠ [3510/3700] Replayed ZhangLS.Spec.Lemma23DirichletUnitModulus
warning: ZhangLS/Spec/Lemma23DirichletUnitModulus.lean:112:48: Used `tac1 <;> tac2` where `(tac1; tac2)` would suffice

Note: This linter can be disabled with `set_option linter.unnecessarySeqFocus false`
⚠ [3647/3700] Replayed ZhangLS.Spec.Lemma44ProductMellin
warning: ZhangLS/Spec/Lemma44ProductMellin.lean:144:4: try 'simp' instead of 'simpa'

Note: This linter can be disabled with `set_option linter.unnecessarySimpa false`
⚠ [3651/3700] Replayed ZhangLS.Spec.Lemma44RightMellinApproximation
warning: ZhangLS/Spec/Lemma44RightMellinApproximation.lean:37:4: try 'simp' instead of 'simpa'

Note: This linter can be disabled with `set_option linter.unnecessarySimpa false`
⚠ [3655/3700] Replayed ZhangLS.Spec.Lemma44ReflectedLongSum
warning: ZhangLS/Spec/Lemma44ReflectedLongSum.lean:81:64: Used `tac1 <;> tac2` where `(tac1; tac2)` would suffice

Note: This linter can be disabled with `set_option linter.unnecessarySeqFocus false`
⚠ [3658/3700] Replayed ZhangLS.Spec.Lemma44InitialLeftEstimates
warning: ZhangLS/Spec/Lemma44InitialLeftEstimates.lean:68:23: Used `tac1 <;> tac2` where `(tac1; tac2)` would suffice

Note: This linter can be disabled with `set_option linter.unnecessarySeqFocus false`
⚠ [3661/3700] Replayed ZhangLS.Spec.Lemma44ComplexCharacterAbel
warning: ZhangLS/Spec/Lemma44ComplexCharacterAbel.lean:73:56: unused variable `hD`

Note: This linter can be disabled with `set_option linter.unusedVariables false`
⚠ [3662/3700] Replayed ZhangLS.Spec.Lemma44HorizontalGrowth
warning: ZhangLS/Spec/Lemma44HorizontalGrowth.lean:147:6: 'push_cast' tactic does nothing

Note: This linter can be disabled with `set_option linter.unusedTactic false`
⚠ [3664/3700] Replayed ZhangLS.Spec.Lemma44GaussianVerticalTail
info: ZhangLS/Spec/Lemma44GaussianVerticalTail.lean:41:4: Try this:
  [apply] ring_nf
  
  The `ring` tactic failed to close the goal. Use `ring_nf` to obtain a normal form.
    
  Note that `ring` works primarily in *commutative* rings. If you have a noncommutative ring, abelian group or module, consider using `noncomm_ring`, `abel` or `module` instead.
info: ZhangLS/Spec/Lemma44GaussianVerticalTail.lean:57:16: Try this:
  [apply] ring_nf
  
  The `ring` tactic failed to close the goal. Use `ring_nf` to obtain a normal form.
    
  Note that `ring` works primarily in *commutative* rings. If you have a noncommutative ring, abelian group or module, consider using `noncomm_ring`, `abel` or `module` instead.
warning: ZhangLS/Spec/Lemma44GaussianVerticalTail.lean:57:12: Used `tac1 <;> tac2` where `(tac1; tac2)` would suffice

Note: This linter can be disabled with `set_option linter.unnecessarySeqFocus false`
warning: ZhangLS/Spec/Lemma44GaussianVerticalTail.lean:68:22: Used `tac1 <;> tac2` where `(tac1; tac2)` would suffice

Note: This linter can be disabled with `set_option linter.unnecessarySeqFocus false`
info: ZhangLS/Spec/Lemma44GaussianVerticalTail.lean:153:35: Try this:
  [apply] ring_nf
  
  The `ring` tactic failed to close the goal. Use `ring_nf` to obtain a normal form.
    
  Note that `ring` works primarily in *commutative* rings. If you have a noncommutative ring, abelian group or module, consider using `noncomm_ring`, `abel` or `module` instead.
⚠ [3665/3700] Replayed ZhangLS.Spec.Lemma44LocalRectangle
warning: ZhangLS/Spec/Lemma44LocalRectangle.lean:115:46: This simp argument is unused:
  zero_mul

Hint: Omit it from the simp argument list.
  simp only [mem_reProdIm, mem_Icc, sub_re, sub_im, ofReal_re, ofReal_im, mul_re, mul_im, I_re,
  ̲  ̲ ̲ ̲ ̲ ̲ ̲ ̲I_im, mul_zero, z̵e̵r̵o̵_̵m̵u̵l̵,̵ ̵mul_one, zero_add, sub_zero]

Note: This linter can be disabled with `set_option linter.unusedSimpArgs false`
warning: ZhangLS/Spec/Lemma44LocalRectangle.lean:115:65: This simp argument is unused:
  zero_add

Hint: Omit it from the simp argument list.
  simp only [mem_reProdIm, mem_Icc, sub_re, sub_im, ofReal_re, ofReal_im, mul_re, mul_im, I_re,
  ̲  ̲ ̲ ̲ ̲ ̲ ̲ ̲I_im, mul_zero, zero_mul, mul_one, z̵e̵r̵o̵_̵a̵d̵d̵,̵ ̵sub_zero]

Note: This linter can be disabled with `set_option linter.unusedSimpArgs false`
⚠ [3668/3700] Replayed ZhangLS.Spec.Lemma44HorizontalIntegrals
warning: ZhangLS/Spec/Lemma44HorizontalIntegrals.lean:18:5: unused variable `hK`

Note: This linter can be disabled with `set_option linter.unusedVariables false`
⚠ [3669/3700] Replayed ZhangLS.Spec.Lemma44ReflectedPolynomialContours
warning: ZhangLS/Spec/Lemma44ReflectedPolynomialContours.lean:152:64: This simp argument is unused:
  mul_left_comm

Hint: Omit it from the simp argument list.
  simp only [sub_eq_add_neg, add_comm, add_left_comm, mul_comm, mul_l̵e̵f̵t̵_̵c̵o̵m̵m̵,̵ ̵m̵u̵l̵_̵assoc] at hc ⊢

Note: This linter can be disabled with `set_option linter.unusedSimpArgs false`
warning: ZhangLS/Spec/Lemma44ReflectedPolynomialContours.lean:152:79: This simp argument is unused:
  mul_assoc

Hint: Omit it from the simp argument list.
  simp only [sub_eq_add_neg, add_comm, add_left_comm, mul_comm, mul_left_comm,̵ ̵m̵u̵l̵_̵a̵s̵s̵o̵c̵] at hc ⊢

Note: This linter can be disabled with `set_option linter.unusedSimpArgs false`
⚠ [3673/3700] Replayed ZhangLS.Spec.Lemma45Normalization
warning: ZhangLS/Spec/Lemma45Normalization.lean:90:8: 'ring' tactic does nothing

Note: This linter can be disabled with `set_option linter.unusedTactic false`
warning: ZhangLS/Spec/Lemma45Normalization.lean:90:8: this tactic is never executed

Note: This linter can be disabled with `set_option linter.unreachableTactic false`
⚠ [3696/3700] Replayed ZhangLS.Spec.Lemma46SingleZero
warning: ZhangLS/Spec/Lemma46SingleZero.lean:33:10: This simp argument is unused:
  mem_sphere

Hint: Omit it from the simp argument list.
  simp [m̵e̵m̵_̵s̵p̵h̵e̵r̵e̵,̵ ̵dist_zero_right, abs_of_pos hR]

Note: This linter can be disabled with `set_option linter.unusedSimpArgs false`
warning: ZhangLS/Spec/Lemma46SingleZero.lean:33:22: This simp argument is unused:
  dist_zero_right

Hint: Omit it from the simp argument list.
  simp [mem_sphere, d̵i̵s̵t̵_̵z̵e̵r̵o̵_̵r̵i̵g̵h̵t̵,̵ ̵abs_of_pos hR]

Note: This linter can be disabled with `set_option linter.unusedSimpArgs false`
⚠ [3697/3700] Replayed ZhangLS.Spec.Lemma46RoucheLocal
warning: ZhangLS/Spec/Lemma46RoucheLocal.lean:30:5: unused variable `hm`

Note: This linter can be disabled with `set_option linter.unusedVariables false`
⚠ [3698/3700] Replayed ZhangLS.Spec.Lemma46ZeroAnalysis
warning: ZhangLS/Spec/Lemma46ZeroAnalysis.lean:108:39: Used `tac1 <;> tac2` where `(tac1; tac2)` would suffice

Note: This linter can be disabled with `set_option linter.unnecessarySeqFocus false`
warning: ZhangLS/Spec/Lemma46ZeroAnalysis.lean:151:54: unused variable `hc`

Note: This linter can be disabled with `set_option linter.unusedVariables false`
Build completed successfully (3700 jobs).
== kernel-check ZhangLS/Spec/Lemma47Reflection.lean ==
⚠ [1279/1419] Replayed ZhangLS.Spec.RealDirichletCharacter
warning: ZhangLS/Spec/RealDirichletCharacter.lean:48:4: try 'simp' instead of 'simpa'

Note: This linter can be disabled with `set_option linter.unnecessarySimpa false`
⚠ [1280/1419] Replayed ZhangLS.Spec.Lemma44CharacterProduct
warning: ZhangLS/Spec/Lemma44CharacterProduct.lean:55:38: This simp argument is unused:
  mul_comm

Hint: Omit it from the simp argument list.
  simp [̵m̵u̵l̵_̵c̵o̵m̵m̵,̵ ̵m̵u̵l̵_̵l̵e̵f̵t̵_̵c̵o̵m̵m̵,̵[̲m̲u̲l̲_̲l̲e̲f̲t̲_̲c̲o̲m̲m̲,̲ mul_assoc]

Note: This linter can be disabled with `set_option linter.unusedSimpArgs false`
warning: ZhangLS/Spec/Lemma44CharacterProduct.lean:55:48: This simp argument is unused:
  mul_left_comm

Hint: Omit it from the simp argument list.
  simp [mul_comm, mul_l̵e̵f̵t̵_̵c̵o̵m̵m̵,̵ ̵m̵u̵l̵_̵assoc]

Note: This linter can be disabled with `set_option linter.unusedSimpArgs false`
⚠ [2474/2741] Replayed ZhangLS.Spec.Lemma23AnalyticLogBranch
warning: ZhangLS/Spec/Lemma23AnalyticLogBranch.lean:42:53: try 'simp' instead of 'simpa'

Note: This linter can be disabled with `set_option linter.unnecessarySimpa false`
warning: ZhangLS/Spec/Lemma23AnalyticLogBranch.lean:67:44: try 'simp' instead of 'simpa'

Note: This linter can be disabled with `set_option linter.unnecessarySimpa false`
⚠ [3462/3699] Replayed ZhangLS.Spec.RealAxisAtOne
warning: ZhangLS/Spec/RealAxisAtOne.lean:56:4: try 'simp' instead of 'simpa'

Note: This linter can be disabled with `set_option linter.unnecessarySimpa false`
⚠ [3464/3699] Replayed ZhangLS.Spec.Lemma57
warning: ZhangLS/Spec/Lemma57.lean:101:58: unused variable `hD`

Note: This linter can be disabled with `set_option linter.unusedVariables false`
warning: ZhangLS/Spec/Lemma57.lean:102:7: unused variable `hA`

Note: This linter can be disabled with `set_option linter.unusedVariables false`
⚠ [3465/3699] Replayed ZhangLS.Spec.Lemma57Arithmetic
warning: ZhangLS/Spec/Lemma57Arithmetic.lean:55:15: unused variable `hc_g`

Note: This linter can be disabled with `set_option linter.unusedVariables false`
⚠ [3470/3699] Replayed ZhangLS.Spec.Lemma57SmoothedSum
warning: ZhangLS/Spec/Lemma57SmoothedSum.lean:42:46: unused variable `hD`

Note: This linter can be disabled with `set_option linter.unusedVariables false`
⚠ [3479/3699] Replayed ZhangLS.Spec.Lemma57GaussianGlobal
warning: ZhangLS/Spec/Lemma57GaussianGlobal.lean:55:58: unused variable `ha`

Note: This linter can be disabled with `set_option linter.unusedVariables false`
warning: ZhangLS/Spec/Lemma57GaussianGlobal.lean:241:13: unused variable `hD`

Note: This linter can be disabled with `set_option linter.unusedVariables false`
warning: ZhangLS/Spec/Lemma57GaussianGlobal.lean:241:34: unused variable `hx`

Note: This linter can be disabled with `set_option linter.unusedVariables false`
⚠ [3480/3699] Replayed ZhangLS.Spec.Lemma57SmoothedSummability
warning: ZhangLS/Spec/Lemma57SmoothedSummability.lean:20:52: unused variable `hn`

Note: This linter can be disabled with `set_option linter.unusedVariables false`
⚠ [3485/3699] Replayed ZhangLS.Spec.Lemma57GaussianMellinTransform
warning: ZhangLS/Spec/Lemma57GaussianMellinTransform.lean:67:63: Used `tac1 <;> tac2` where `(tac1; tac2)` would suffice

Note: This linter can be disabled with `set_option linter.unnecessarySeqFocus false`
warning: ZhangLS/Spec/Lemma57GaussianMellinTransform.lean:145:54: Used `tac1 <;> tac2` where `(tac1; tac2)` would suffice

Note: This linter can be disabled with `set_option linter.unnecessarySeqFocus false`
warning: ZhangLS/Spec/Lemma57GaussianMellinTransform.lean:326:4: Try `simp at hs` instead of `simpa using hs`

Note: This linter can be disabled with `set_option linter.unnecessarySimpa false`
⚠ [3499/3699] Replayed ZhangLS.Spec.RiemannZetaCriticalLineBound
warning: ZhangLS/Spec/RiemannZetaCriticalLineBound.lean:99:2: Used `tac1 <;> tac2` where `(tac1; tac2)` would suffice

Note: This linter can be disabled with `set_option linter.unnecessarySeqFocus false`
warning: ZhangLS/Spec/RiemannZetaCriticalLineBound.lean:124:13: unused variable `hs`

Note: This linter can be disabled with `set_option linter.unusedVariables false`
warning: ZhangLS/Spec/RiemannZetaCriticalLineBound.lean:152:6: unused variable `n`

Note: This linter can be disabled with `set_option linter.unusedVariables false`
warning: ZhangLS/Spec/RiemannZetaCriticalLineBound.lean:156:20: unused variable `k`

Note: This linter can be disabled with `set_option linter.unusedVariables false`
warning: ZhangLS/Spec/RiemannZetaCriticalLineBound.lean:161:8: This simp argument is unused:
  sum_one_Icc

Hint: Omit it from the simp argument list.
  simp ̵[̵s̵u̵m̵_̵o̵n̵e̵_̵I̵c̵c̵]̵

Note: This linter can be disabled with `set_option linter.unusedSimpArgs false`
warning: ZhangLS/Spec/RiemannZetaCriticalLineBound.lean:242:12: 'ring' tactic does nothing

Note: This linter can be disabled with `set_option linter.unusedTactic false`
warning: ZhangLS/Spec/RiemannZetaCriticalLineBound.lean:242:12: this tactic is never executed

Note: This linter can be disabled with `set_option linter.unreachableTactic false`
warning: ZhangLS/Spec/RiemannZetaCriticalLineBound.lean:219:41: Used `tac1 <;> tac2` where `(tac1; tac2)` would suffice

Note: This linter can be disabled with `set_option linter.unnecessarySeqFocus false`
warning: ZhangLS/Spec/RiemannZetaCriticalLineBound.lean:303:8: 'ring' tactic does nothing

Note: This linter can be disabled with `set_option linter.unusedTactic false`
warning: ZhangLS/Spec/RiemannZetaCriticalLineBound.lean:303:8: this tactic is never executed

Note: This linter can be disabled with `set_option linter.unreachableTactic false`
warning: ZhangLS/Spec/RiemannZetaCriticalLineBound.lean:394:12: This simp argument is unused:
  norm_div

Hint: Omit it from the simp argument list.
  simp ̵[̵n̵o̵r̵m̵_̵d̵i̵v̵]̵

Note: This linter can be disabled with `set_option linter.unusedSimpArgs false`
warning: ZhangLS/Spec/RiemannZetaCriticalLineBound.lean:475:75: This simp argument is unused:
  norm_div

Hint: Omit it from the simp argument list.
  simp ̵[̵n̵o̵r̵m̵_̵d̵i̵v̵]̵

Note: This linter can be disabled with `set_option linter.unusedSimpArgs false`
⚠ [3500/3699] Replayed ZhangLS.Spec.Lemma57CriticalStripGrowth
warning: ZhangLS/Spec/Lemma57CriticalStripGrowth.lean:270:14: This simp argument is unused:
  norm_div

Hint: Omit it from the simp argument list.
  simp ̵[̵n̵o̵r̵m̵_̵d̵i̵v̵]̵

Note: This linter can be disabled with `set_option linter.unusedSimpArgs false`
⚠ [3507/3699] Replayed ZhangLS.Spec.Lemma23DirichletConjugation
warning: ZhangLS/Spec/Lemma23DirichletConjugation.lean:23:0: automatically included section variable(s) unused in theorem `ZhangLS.Spec.dirichletLSeries_inv_eq_conj_at_conj`:
  [NeZero N]
consider restructuring your `variable` declarations so that the variables are not in scope or explicitly omit them:
  omit [NeZero N] in theorem ...

Note: This linter can be disabled with `set_option linter.unusedSectionVars false`
⚠ [3509/3699] Replayed ZhangLS.Spec.Lemma23PrimitiveGaussSum
warning: ZhangLS/Spec/Lemma23PrimitiveGaussSum.lean:42:19: Used `tac1 <;> tac2` where `(tac1; tac2)` would suffice

Note: This linter can be disabled with `set_option linter.unnecessarySeqFocus false`
⚠ [3510/3699] Replayed ZhangLS.Spec.Lemma23DirichletUnitModulus
warning: ZhangLS/Spec/Lemma23DirichletUnitModulus.lean:112:48: Used `tac1 <;> tac2` where `(tac1; tac2)` would suffice

Note: This linter can be disabled with `set_option linter.unnecessarySeqFocus false`
⚠ [3647/3699] Replayed ZhangLS.Spec.Lemma44ProductMellin
warning: ZhangLS/Spec/Lemma44ProductMellin.lean:144:4: try 'simp' instead of 'simpa'

Note: This linter can be disabled with `set_option linter.unnecessarySimpa false`
⚠ [3651/3699] Replayed ZhangLS.Spec.Lemma44RightMellinApproximation
warning: ZhangLS/Spec/Lemma44RightMellinApproximation.lean:37:4: try 'simp' instead of 'simpa'

Note: This linter can be disabled with `set_option linter.unnecessarySimpa false`
⚠ [3655/3699] Replayed ZhangLS.Spec.Lemma44ReflectedLongSum
warning: ZhangLS/Spec/Lemma44ReflectedLongSum.lean:81:64: Used `tac1 <;> tac2` where `(tac1; tac2)` would suffice

Note: This linter can be disabled with `set_option linter.unnecessarySeqFocus false`
⚠ [3658/3699] Replayed ZhangLS.Spec.Lemma44InitialLeftEstimates
warning: ZhangLS/Spec/Lemma44InitialLeftEstimates.lean:68:23: Used `tac1 <;> tac2` where `(tac1; tac2)` would suffice

Note: This linter can be disabled with `set_option linter.unnecessarySeqFocus false`
⚠ [3661/3699] Replayed ZhangLS.Spec.Lemma44ComplexCharacterAbel
warning: ZhangLS/Spec/Lemma44ComplexCharacterAbel.lean:73:56: unused variable `hD`

Note: This linter can be disabled with `set_option linter.unusedVariables false`
⚠ [3662/3699] Replayed ZhangLS.Spec.Lemma44HorizontalGrowth
warning: ZhangLS/Spec/Lemma44HorizontalGrowth.lean:147:6: 'push_cast' tactic does nothing

Note: This linter can be disabled with `set_option linter.unusedTactic false`
⚠ [3664/3699] Replayed ZhangLS.Spec.Lemma44GaussianVerticalTail
info: ZhangLS/Spec/Lemma44GaussianVerticalTail.lean:41:4: Try this:
  [apply] ring_nf
  
  The `ring` tactic failed to close the goal. Use `ring_nf` to obtain a normal form.
    
  Note that `ring` works primarily in *commutative* rings. If you have a noncommutative ring, abelian group or module, consider using `noncomm_ring`, `abel` or `module` instead.
info: ZhangLS/Spec/Lemma44GaussianVerticalTail.lean:57:16: Try this:
  [apply] ring_nf
  
  The `ring` tactic failed to close the goal. Use `ring_nf` to obtain a normal form.
    
  Note that `ring` works primarily in *commutative* rings. If you have a noncommutative ring, abelian group or module, consider using `noncomm_ring`, `abel` or `module` instead.
warning: ZhangLS/Spec/Lemma44GaussianVerticalTail.lean:57:12: Used `tac1 <;> tac2` where `(tac1; tac2)` would suffice

Note: This linter can be disabled with `set_option linter.unnecessarySeqFocus false`
warning: ZhangLS/Spec/Lemma44GaussianVerticalTail.lean:68:22: Used `tac1 <;> tac2` where `(tac1; tac2)` would suffice

Note: This linter can be disabled with `set_option linter.unnecessarySeqFocus false`
info: ZhangLS/Spec/Lemma44GaussianVerticalTail.lean:153:35: Try this:
  [apply] ring_nf
  
  The `ring` tactic failed to close the goal. Use `ring_nf` to obtain a normal form.
    
  Note that `ring` works primarily in *commutative* rings. If you have a noncommutative ring, abelian group or module, consider using `noncomm_ring`, `abel` or `module` instead.
⚠ [3665/3699] Replayed ZhangLS.Spec.Lemma44LocalRectangle
warning: ZhangLS/Spec/Lemma44LocalRectangle.lean:115:46: This simp argument is unused:
  zero_mul

Hint: Omit it from the simp argument list.
  simp only [mem_reProdIm, mem_Icc, sub_re, sub_im, ofReal_re, ofReal_im, mul_re, mul_im, I_re,
  ̲  ̲ ̲ ̲ ̲ ̲ ̲ ̲I_im, mul_zero, z̵e̵r̵o̵_̵m̵u̵l̵,̵ ̵mul_one, zero_add, sub_zero]

Note: This linter can be disabled with `set_option linter.unusedSimpArgs false`
warning: ZhangLS/Spec/Lemma44LocalRectangle.lean:115:65: This simp argument is unused:
  zero_add

Hint: Omit it from the simp argument list.
  simp only [mem_reProdIm, mem_Icc, sub_re, sub_im, ofReal_re, ofReal_im, mul_re, mul_im, I_re,
  ̲  ̲ ̲ ̲ ̲ ̲ ̲ ̲I_im, mul_zero, zero_mul, mul_one, z̵e̵r̵o̵_̵a̵d̵d̵,̵ ̵sub_zero]

Note: This linter can be disabled with `set_option linter.unusedSimpArgs false`
⚠ [3668/3699] Replayed ZhangLS.Spec.Lemma44HorizontalIntegrals
warning: ZhangLS/Spec/Lemma44HorizontalIntegrals.lean:18:5: unused variable `hK`

Note: This linter can be disabled with `set_option linter.unusedVariables false`
⚠ [3669/3699] Replayed ZhangLS.Spec.Lemma44ReflectedPolynomialContours
warning: ZhangLS/Spec/Lemma44ReflectedPolynomialContours.lean:152:64: This simp argument is unused:
  mul_left_comm

Hint: Omit it from the simp argument list.
  simp only [sub_eq_add_neg, add_comm, add_left_comm, mul_comm, mul_l̵e̵f̵t̵_̵c̵o̵m̵m̵,̵ ̵m̵u̵l̵_̵assoc] at hc ⊢

Note: This linter can be disabled with `set_option linter.unusedSimpArgs false`
warning: ZhangLS/Spec/Lemma44ReflectedPolynomialContours.lean:152:79: This simp argument is unused:
  mul_assoc

Hint: Omit it from the simp argument list.
  simp only [sub_eq_add_neg, add_comm, add_left_comm, mul_comm, mul_left_comm,̵ ̵m̵u̵l̵_̵a̵s̵s̵o̵c̵] at hc ⊢

Note: This linter can be disabled with `set_option linter.unusedSimpArgs false`
⚠ [3673/3699] Replayed ZhangLS.Spec.Lemma45Normalization
warning: ZhangLS/Spec/Lemma45Normalization.lean:90:8: 'ring' tactic does nothing

Note: This linter can be disabled with `set_option linter.unusedTactic false`
warning: ZhangLS/Spec/Lemma45Normalization.lean:90:8: this tactic is never executed

Note: This linter can be disabled with `set_option linter.unreachableTactic false`
⚠ [3696/3699] Replayed ZhangLS.Spec.Lemma46SingleZero
warning: ZhangLS/Spec/Lemma46SingleZero.lean:33:10: This simp argument is unused:
  mem_sphere

Hint: Omit it from the simp argument list.
  simp [m̵e̵m̵_̵s̵p̵h̵e̵r̵e̵,̵ ̵dist_zero_right, abs_of_pos hR]

Note: This linter can be disabled with `set_option linter.unusedSimpArgs false`
warning: ZhangLS/Spec/Lemma46SingleZero.lean:33:22: This simp argument is unused:
  dist_zero_right

Hint: Omit it from the simp argument list.
  simp [mem_sphere, d̵i̵s̵t̵_̵z̵e̵r̵o̵_̵r̵i̵g̵h̵t̵,̵ ̵abs_of_pos hR]

Note: This linter can be disabled with `set_option linter.unusedSimpArgs false`
⚠ [3697/3699] Replayed ZhangLS.Spec.Lemma46RoucheLocal
warning: ZhangLS/Spec/Lemma46RoucheLocal.lean:30:5: unused variable `hm`

Note: This linter can be disabled with `set_option linter.unusedVariables false`
⚠ [3698/3699] Replayed ZhangLS.Spec.Lemma46ZeroAnalysis
warning: ZhangLS/Spec/Lemma46ZeroAnalysis.lean:108:39: Used `tac1 <;> tac2` where `(tac1; tac2)` would suffice

Note: This linter can be disabled with `set_option linter.unnecessarySeqFocus false`
warning: ZhangLS/Spec/Lemma46ZeroAnalysis.lean:151:54: unused variable `hc`

Note: This linter can be disabled with `set_option linter.unusedVariables false`
Build completed successfully (3699 jobs).
== kernel-check ZhangLS/Spec/Lemma47ThreeZeros.lean ==
⚠ [1279/1772] Replayed ZhangLS.Spec.RealDirichletCharacter
warning: ZhangLS/Spec/RealDirichletCharacter.lean:48:4: try 'simp' instead of 'simpa'

Note: This linter can be disabled with `set_option linter.unnecessarySimpa false`
⚠ [1280/1772] Replayed ZhangLS.Spec.Lemma44CharacterProduct
warning: ZhangLS/Spec/Lemma44CharacterProduct.lean:55:38: This simp argument is unused:
  mul_comm

Hint: Omit it from the simp argument list.
  simp [̵m̵u̵l̵_̵c̵o̵m̵m̵,̵ ̵m̵u̵l̵_̵l̵e̵f̵t̵_̵c̵o̵m̵m̵,̵[̲m̲u̲l̲_̲l̲e̲f̲t̲_̲c̲o̲m̲m̲,̲ mul_assoc]

Note: This linter can be disabled with `set_option linter.unusedSimpArgs false`
warning: ZhangLS/Spec/Lemma44CharacterProduct.lean:55:48: This simp argument is unused:
  mul_left_comm

Hint: Omit it from the simp argument list.
  simp [mul_comm, mul_l̵e̵f̵t̵_̵c̵o̵m̵m̵,̵ ̵m̵u̵l̵_̵assoc]

Note: This linter can be disabled with `set_option linter.unusedSimpArgs false`
⚠ [2474/2925] Replayed ZhangLS.Spec.Lemma23AnalyticLogBranch
warning: ZhangLS/Spec/Lemma23AnalyticLogBranch.lean:42:53: try 'simp' instead of 'simpa'

Note: This linter can be disabled with `set_option linter.unnecessarySimpa false`
warning: ZhangLS/Spec/Lemma23AnalyticLogBranch.lean:67:44: try 'simp' instead of 'simpa'

Note: This linter can be disabled with `set_option linter.unnecessarySimpa false`
⚠ [3461/3490] Replayed ZhangLS.Spec.RealAxisAtOne
warning: ZhangLS/Spec/RealAxisAtOne.lean:56:4: try 'simp' instead of 'simpa'

Note: This linter can be disabled with `set_option linter.unnecessarySimpa false`
⚠ [3463/3490] Replayed ZhangLS.Spec.Lemma57
warning: ZhangLS/Spec/Lemma57.lean:101:58: unused variable `hD`

Note: This linter can be disabled with `set_option linter.unusedVariables false`
warning: ZhangLS/Spec/Lemma57.lean:102:7: unused variable `hA`

Note: This linter can be disabled with `set_option linter.unusedVariables false`
⚠ [3464/3490] Replayed ZhangLS.Spec.Lemma57Arithmetic
warning: ZhangLS/Spec/Lemma57Arithmetic.lean:55:15: unused variable `hc_g`

Note: This linter can be disabled with `set_option linter.unusedVariables false`
⚠ [3477/3703] Replayed ZhangLS.Spec.Lemma57SmoothedSum
warning: ZhangLS/Spec/Lemma57SmoothedSum.lean:42:46: unused variable `hD`

Note: This linter can be disabled with `set_option linter.unusedVariables false`
⚠ [3480/3703] Replayed ZhangLS.Spec.Lemma57GaussianGlobal
warning: ZhangLS/Spec/Lemma57GaussianGlobal.lean:55:58: unused variable `ha`

Note: This linter can be disabled with `set_option linter.unusedVariables false`
warning: ZhangLS/Spec/Lemma57GaussianGlobal.lean:241:13: unused variable `hD`

Note: This linter can be disabled with `set_option linter.unusedVariables false`
warning: ZhangLS/Spec/Lemma57GaussianGlobal.lean:241:34: unused variable `hx`

Note: This linter can be disabled with `set_option linter.unusedVariables false`
⚠ [3481/3703] Replayed ZhangLS.Spec.Lemma57SmoothedSummability
warning: ZhangLS/Spec/Lemma57SmoothedSummability.lean:20:52: unused variable `hn`

Note: This linter can be disabled with `set_option linter.unusedVariables false`
⚠ [3485/3703] Replayed ZhangLS.Spec.Lemma57GaussianMellinTransform
warning: ZhangLS/Spec/Lemma57GaussianMellinTransform.lean:67:63: Used `tac1 <;> tac2` where `(tac1; tac2)` would suffice

Note: This linter can be disabled with `set_option linter.unnecessarySeqFocus false`
warning: ZhangLS/Spec/Lemma57GaussianMellinTransform.lean:145:54: Used `tac1 <;> tac2` where `(tac1; tac2)` would suffice

Note: This linter can be disabled with `set_option linter.unnecessarySeqFocus false`
warning: ZhangLS/Spec/Lemma57GaussianMellinTransform.lean:326:4: Try `simp at hs` instead of `simpa using hs`

Note: This linter can be disabled with `set_option linter.unnecessarySimpa false`
⚠ [3499/3703] Replayed ZhangLS.Spec.RiemannZetaCriticalLineBound
warning: ZhangLS/Spec/RiemannZetaCriticalLineBound.lean:99:2: Used `tac1 <;> tac2` where `(tac1; tac2)` would suffice

Note: This linter can be disabled with `set_option linter.unnecessarySeqFocus false`
warning: ZhangLS/Spec/RiemannZetaCriticalLineBound.lean:124:13: unused variable `hs`

Note: This linter can be disabled with `set_option linter.unusedVariables false`
warning: ZhangLS/Spec/RiemannZetaCriticalLineBound.lean:152:6: unused variable `n`

Note: This linter can be disabled with `set_option linter.unusedVariables false`
warning: ZhangLS/Spec/RiemannZetaCriticalLineBound.lean:156:20: unused variable `k`

Note: This linter can be disabled with `set_option linter.unusedVariables false`
warning: ZhangLS/Spec/RiemannZetaCriticalLineBound.lean:161:8: This simp argument is unused:
  sum_one_Icc

Hint: Omit it from the simp argument list.
  simp ̵[̵s̵u̵m̵_̵o̵n̵e̵_̵I̵c̵c̵]̵

Note: This linter can be disabled with `set_option linter.unusedSimpArgs false`
warning: ZhangLS/Spec/RiemannZetaCriticalLineBound.lean:242:12: 'ring' tactic does nothing

Note: This linter can be disabled with `set_option linter.unusedTactic false`
warning: ZhangLS/Spec/RiemannZetaCriticalLineBound.lean:242:12: this tactic is never executed

Note: This linter can be disabled with `set_option linter.unreachableTactic false`
warning: ZhangLS/Spec/RiemannZetaCriticalLineBound.lean:219:41: Used `tac1 <;> tac2` where `(tac1; tac2)` would suffice

Note: This linter can be disabled with `set_option linter.unnecessarySeqFocus false`
warning: ZhangLS/Spec/RiemannZetaCriticalLineBound.lean:303:8: 'ring' tactic does nothing

Note: This linter can be disabled with `set_option linter.unusedTactic false`
warning: ZhangLS/Spec/RiemannZetaCriticalLineBound.lean:303:8: this tactic is never executed

Note: This linter can be disabled with `set_option linter.unreachableTactic false`
warning: ZhangLS/Spec/RiemannZetaCriticalLineBound.lean:394:12: This simp argument is unused:
  norm_div

Hint: Omit it from the simp argument list.
  simp ̵[̵n̵o̵r̵m̵_̵d̵i̵v̵]̵

Note: This linter can be disabled with `set_option linter.unusedSimpArgs false`
warning: ZhangLS/Spec/RiemannZetaCriticalLineBound.lean:475:75: This simp argument is unused:
  norm_div

Hint: Omit it from the simp argument list.
  simp ̵[̵n̵o̵r̵m̵_̵d̵i̵v̵]̵

Note: This linter can be disabled with `set_option linter.unusedSimpArgs false`
⚠ [3500/3703] Replayed ZhangLS.Spec.Lemma57CriticalStripGrowth
warning: ZhangLS/Spec/Lemma57CriticalStripGrowth.lean:270:14: This simp argument is unused:
  norm_div

Hint: Omit it from the simp argument list.
  simp ̵[̵n̵o̵r̵m̵_̵d̵i̵v̵]̵

Note: This linter can be disabled with `set_option linter.unusedSimpArgs false`
⚠ [3507/3703] Replayed ZhangLS.Spec.Lemma23DirichletConjugation
warning: ZhangLS/Spec/Lemma23DirichletConjugation.lean:23:0: automatically included section variable(s) unused in theorem `ZhangLS.Spec.dirichletLSeries_inv_eq_conj_at_conj`:
  [NeZero N]
consider restructuring your `variable` declarations so that the variables are not in scope or explicitly omit them:
  omit [NeZero N] in theorem ...

Note: This linter can be disabled with `set_option linter.unusedSectionVars false`
⚠ [3509/3703] Replayed ZhangLS.Spec.Lemma23PrimitiveGaussSum
warning: ZhangLS/Spec/Lemma23PrimitiveGaussSum.lean:42:19: Used `tac1 <;> tac2` where `(tac1; tac2)` would suffice

Note: This linter can be disabled with `set_option linter.unnecessarySeqFocus false`
⚠ [3510/3703] Replayed ZhangLS.Spec.Lemma23DirichletUnitModulus
warning: ZhangLS/Spec/Lemma23DirichletUnitModulus.lean:112:48: Used `tac1 <;> tac2` where `(tac1; tac2)` would suffice

Note: This linter can be disabled with `set_option linter.unnecessarySeqFocus false`
⚠ [3647/3703] Replayed ZhangLS.Spec.Lemma44ProductMellin
warning: ZhangLS/Spec/Lemma44ProductMellin.lean:144:4: try 'simp' instead of 'simpa'

Note: This linter can be disabled with `set_option linter.unnecessarySimpa false`
⚠ [3651/3703] Replayed ZhangLS.Spec.Lemma44RightMellinApproximation
warning: ZhangLS/Spec/Lemma44RightMellinApproximation.lean:37:4: try 'simp' instead of 'simpa'

Note: This linter can be disabled with `set_option linter.unnecessarySimpa false`
⚠ [3655/3703] Replayed ZhangLS.Spec.Lemma44ReflectedLongSum
warning: ZhangLS/Spec/Lemma44ReflectedLongSum.lean:81:64: Used `tac1 <;> tac2` where `(tac1; tac2)` would suffice

Note: This linter can be disabled with `set_option linter.unnecessarySeqFocus false`
⚠ [3658/3703] Replayed ZhangLS.Spec.Lemma44InitialLeftEstimates
warning: ZhangLS/Spec/Lemma44InitialLeftEstimates.lean:68:23: Used `tac1 <;> tac2` where `(tac1; tac2)` would suffice

Note: This linter can be disabled with `set_option linter.unnecessarySeqFocus false`
⚠ [3661/3703] Replayed ZhangLS.Spec.Lemma44ComplexCharacterAbel
warning: ZhangLS/Spec/Lemma44ComplexCharacterAbel.lean:73:56: unused variable `hD`

Note: This linter can be disabled with `set_option linter.unusedVariables false`
⚠ [3662/3703] Replayed ZhangLS.Spec.Lemma44HorizontalGrowth
warning: ZhangLS/Spec/Lemma44HorizontalGrowth.lean:147:6: 'push_cast' tactic does nothing

Note: This linter can be disabled with `set_option linter.unusedTactic false`
⚠ [3664/3703] Replayed ZhangLS.Spec.Lemma44GaussianVerticalTail
info: ZhangLS/Spec/Lemma44GaussianVerticalTail.lean:41:4: Try this:
  [apply] ring_nf
  
  The `ring` tactic failed to close the goal. Use `ring_nf` to obtain a normal form.
    
  Note that `ring` works primarily in *commutative* rings. If you have a noncommutative ring, abelian group or module, consider using `noncomm_ring`, `abel` or `module` instead.
info: ZhangLS/Spec/Lemma44GaussianVerticalTail.lean:57:16: Try this:
  [apply] ring_nf
  
  The `ring` tactic failed to close the goal. Use `ring_nf` to obtain a normal form.
    
  Note that `ring` works primarily in *commutative* rings. If you have a noncommutative ring, abelian group or module, consider using `noncomm_ring`, `abel` or `module` instead.
warning: ZhangLS/Spec/Lemma44GaussianVerticalTail.lean:57:12: Used `tac1 <;> tac2` where `(tac1; tac2)` would suffice

Note: This linter can be disabled with `set_option linter.unnecessarySeqFocus false`
warning: ZhangLS/Spec/Lemma44GaussianVerticalTail.lean:68:22: Used `tac1 <;> tac2` where `(tac1; tac2)` would suffice

Note: This linter can be disabled with `set_option linter.unnecessarySeqFocus false`
info: ZhangLS/Spec/Lemma44GaussianVerticalTail.lean:153:35: Try this:
  [apply] ring_nf
  
  The `ring` tactic failed to close the goal. Use `ring_nf` to obtain a normal form.
    
  Note that `ring` works primarily in *commutative* rings. If you have a noncommutative ring, abelian group or module, consider using `noncomm_ring`, `abel` or `module` instead.
⚠ [3665/3703] Replayed ZhangLS.Spec.Lemma44LocalRectangle
warning: ZhangLS/Spec/Lemma44LocalRectangle.lean:115:46: This simp argument is unused:
  zero_mul

Hint: Omit it from the simp argument list.
  simp only [mem_reProdIm, mem_Icc, sub_re, sub_im, ofReal_re, ofReal_im, mul_re, mul_im, I_re,
  ̲  ̲ ̲ ̲ ̲ ̲ ̲ ̲I_im, mul_zero, z̵e̵r̵o̵_̵m̵u̵l̵,̵ ̵mul_one, zero_add, sub_zero]

Note: This linter can be disabled with `set_option linter.unusedSimpArgs false`
warning: ZhangLS/Spec/Lemma44LocalRectangle.lean:115:65: This simp argument is unused:
  zero_add

Hint: Omit it from the simp argument list.
  simp only [mem_reProdIm, mem_Icc, sub_re, sub_im, ofReal_re, ofReal_im, mul_re, mul_im, I_re,
  ̲  ̲ ̲ ̲ ̲ ̲ ̲ ̲I_im, mul_zero, zero_mul, mul_one, z̵e̵r̵o̵_̵a̵d̵d̵,̵ ̵sub_zero]

Note: This linter can be disabled with `set_option linter.unusedSimpArgs false`
⚠ [3668/3703] Replayed ZhangLS.Spec.Lemma44HorizontalIntegrals
warning: ZhangLS/Spec/Lemma44HorizontalIntegrals.lean:18:5: unused variable `hK`

Note: This linter can be disabled with `set_option linter.unusedVariables false`
⚠ [3669/3703] Replayed ZhangLS.Spec.Lemma44ReflectedPolynomialContours
warning: ZhangLS/Spec/Lemma44ReflectedPolynomialContours.lean:152:64: This simp argument is unused:
  mul_left_comm

Hint: Omit it from the simp argument list.
  simp only [sub_eq_add_neg, add_comm, add_left_comm, mul_comm, mul_l̵e̵f̵t̵_̵c̵o̵m̵m̵,̵ ̵m̵u̵l̵_̵assoc] at hc ⊢

Note: This linter can be disabled with `set_option linter.unusedSimpArgs false`
warning: ZhangLS/Spec/Lemma44ReflectedPolynomialContours.lean:152:79: This simp argument is unused:
  mul_assoc

Hint: Omit it from the simp argument list.
  simp only [sub_eq_add_neg, add_comm, add_left_comm, mul_comm, mul_left_comm,̵ ̵m̵u̵l̵_̵a̵s̵s̵o̵c̵] at hc ⊢

Note: This linter can be disabled with `set_option linter.unusedSimpArgs false`
⚠ [3673/3703] Replayed ZhangLS.Spec.Lemma45Normalization
warning: ZhangLS/Spec/Lemma45Normalization.lean:90:8: 'ring' tactic does nothing

Note: This linter can be disabled with `set_option linter.unusedTactic false`
warning: ZhangLS/Spec/Lemma45Normalization.lean:90:8: this tactic is never executed

Note: This linter can be disabled with `set_option linter.unreachableTactic false`
⚠ [3696/3703] Replayed ZhangLS.Spec.Lemma46SingleZero
warning: ZhangLS/Spec/Lemma46SingleZero.lean:33:10: This simp argument is unused:
  mem_sphere

Hint: Omit it from the simp argument list.
  simp [m̵e̵m̵_̵s̵p̵h̵e̵r̵e̵,̵ ̵dist_zero_right, abs_of_pos hR]

Note: This linter can be disabled with `set_option linter.unusedSimpArgs false`
warning: ZhangLS/Spec/Lemma46SingleZero.lean:33:22: This simp argument is unused:
  dist_zero_right

Hint: Omit it from the simp argument list.
  simp [mem_sphere, d̵i̵s̵t̵_̵z̵e̵r̵o̵_̵r̵i̵g̵h̵t̵,̵ ̵abs_of_pos hR]

Note: This linter can be disabled with `set_option linter.unusedSimpArgs false`
⚠ [3697/3703] Replayed ZhangLS.Spec.Lemma46RoucheLocal
warning: ZhangLS/Spec/Lemma46RoucheLocal.lean:30:5: unused variable `hm`

Note: This linter can be disabled with `set_option linter.unusedVariables false`
⚠ [3698/3703] Replayed ZhangLS.Spec.Lemma46ZeroAnalysis
warning: ZhangLS/Spec/Lemma46ZeroAnalysis.lean:108:39: Used `tac1 <;> tac2` where `(tac1; tac2)` would suffice

Note: This linter can be disabled with `set_option linter.unnecessarySeqFocus false`
warning: ZhangLS/Spec/Lemma46ZeroAnalysis.lean:151:54: unused variable `hc`

Note: This linter can be disabled with `set_option linter.unusedVariables false`
Build completed successfully (3703 jobs).
== kernel-check ZhangLS/Spec/Lemma48InverseFactor.lean ==
⚠ [1279/1301] Replayed ZhangLS.Spec.RealDirichletCharacter
warning: ZhangLS/Spec/RealDirichletCharacter.lean:48:4: try 'simp' instead of 'simpa'

Note: This linter can be disabled with `set_option linter.unnecessarySimpa false`
⚠ [1280/1301] Replayed ZhangLS.Spec.Lemma44CharacterProduct
warning: ZhangLS/Spec/Lemma44CharacterProduct.lean:55:38: This simp argument is unused:
  mul_comm

Hint: Omit it from the simp argument list.
  simp [̵m̵u̵l̵_̵c̵o̵m̵m̵,̵ ̵m̵u̵l̵_̵l̵e̵f̵t̵_̵c̵o̵m̵m̵,̵[̲m̲u̲l̲_̲l̲e̲f̲t̲_̲c̲o̲m̲m̲,̲ mul_assoc]

Note: This linter can be disabled with `set_option linter.unusedSimpArgs false`
warning: ZhangLS/Spec/Lemma44CharacterProduct.lean:55:48: This simp argument is unused:
  mul_left_comm

Hint: Omit it from the simp argument list.
  simp [mul_comm, mul_l̵e̵f̵t̵_̵c̵o̵m̵m̵,̵ ̵m̵u̵l̵_̵assoc]

Note: This linter can be disabled with `set_option linter.unusedSimpArgs false`
⚠ [2474/2555] Replayed ZhangLS.Spec.Lemma23AnalyticLogBranch
warning: ZhangLS/Spec/Lemma23AnalyticLogBranch.lean:42:53: try 'simp' instead of 'simpa'

Note: This linter can be disabled with `set_option linter.unnecessarySimpa false`
warning: ZhangLS/Spec/Lemma23AnalyticLogBranch.lean:67:44: try 'simp' instead of 'simpa'

Note: This linter can be disabled with `set_option linter.unnecessarySimpa false`
⚠ [3462/3701] Replayed ZhangLS.Spec.RealAxisAtOne
warning: ZhangLS/Spec/RealAxisAtOne.lean:56:4: try 'simp' instead of 'simpa'

Note: This linter can be disabled with `set_option linter.unnecessarySimpa false`
⚠ [3464/3701] Replayed ZhangLS.Spec.Lemma57
warning: ZhangLS/Spec/Lemma57.lean:101:58: unused variable `hD`

Note: This linter can be disabled with `set_option linter.unusedVariables false`
warning: ZhangLS/Spec/Lemma57.lean:102:7: unused variable `hA`

Note: This linter can be disabled with `set_option linter.unusedVariables false`
⚠ [3465/3701] Replayed ZhangLS.Spec.Lemma57Arithmetic
warning: ZhangLS/Spec/Lemma57Arithmetic.lean:55:15: unused variable `hc_g`

Note: This linter can be disabled with `set_option linter.unusedVariables false`
⚠ [3470/3701] Replayed ZhangLS.Spec.Lemma57SmoothedSum
warning: ZhangLS/Spec/Lemma57SmoothedSum.lean:42:46: unused variable `hD`

Note: This linter can be disabled with `set_option linter.unusedVariables false`
⚠ [3479/3701] Replayed ZhangLS.Spec.Lemma57GaussianGlobal
warning: ZhangLS/Spec/Lemma57GaussianGlobal.lean:55:58: unused variable `ha`

Note: This linter can be disabled with `set_option linter.unusedVariables false`
warning: ZhangLS/Spec/Lemma57GaussianGlobal.lean:241:13: unused variable `hD`

Note: This linter can be disabled with `set_option linter.unusedVariables false`
warning: ZhangLS/Spec/Lemma57GaussianGlobal.lean:241:34: unused variable `hx`

Note: This linter can be disabled with `set_option linter.unusedVariables false`
⚠ [3480/3701] Replayed ZhangLS.Spec.Lemma57SmoothedSummability
warning: ZhangLS/Spec/Lemma57SmoothedSummability.lean:20:52: unused variable `hn`

Note: This linter can be disabled with `set_option linter.unusedVariables false`
⚠ [3485/3701] Replayed ZhangLS.Spec.Lemma57GaussianMellinTransform
warning: ZhangLS/Spec/Lemma57GaussianMellinTransform.lean:67:63: Used `tac1 <;> tac2` where `(tac1; tac2)` would suffice

Note: This linter can be disabled with `set_option linter.unnecessarySeqFocus false`
warning: ZhangLS/Spec/Lemma57GaussianMellinTransform.lean:145:54: Used `tac1 <;> tac2` where `(tac1; tac2)` would suffice

Note: This linter can be disabled with `set_option linter.unnecessarySeqFocus false`
warning: ZhangLS/Spec/Lemma57GaussianMellinTransform.lean:326:4: Try `simp at hs` instead of `simpa using hs`

Note: This linter can be disabled with `set_option linter.unnecessarySimpa false`
⚠ [3499/3701] Replayed ZhangLS.Spec.RiemannZetaCriticalLineBound
warning: ZhangLS/Spec/RiemannZetaCriticalLineBound.lean:99:2: Used `tac1 <;> tac2` where `(tac1; tac2)` would suffice

Note: This linter can be disabled with `set_option linter.unnecessarySeqFocus false`
warning: ZhangLS/Spec/RiemannZetaCriticalLineBound.lean:124:13: unused variable `hs`

Note: This linter can be disabled with `set_option linter.unusedVariables false`
warning: ZhangLS/Spec/RiemannZetaCriticalLineBound.lean:152:6: unused variable `n`

Note: This linter can be disabled with `set_option linter.unusedVariables false`
warning: ZhangLS/Spec/RiemannZetaCriticalLineBound.lean:156:20: unused variable `k`

Note: This linter can be disabled with `set_option linter.unusedVariables false`
warning: ZhangLS/Spec/RiemannZetaCriticalLineBound.lean:161:8: This simp argument is unused:
  sum_one_Icc

Hint: Omit it from the simp argument list.
  simp ̵[̵s̵u̵m̵_̵o̵n̵e̵_̵I̵c̵c̵]̵

Note: This linter can be disabled with `set_option linter.unusedSimpArgs false`
warning: ZhangLS/Spec/RiemannZetaCriticalLineBound.lean:242:12: 'ring' tactic does nothing

Note: This linter can be disabled with `set_option linter.unusedTactic false`
warning: ZhangLS/Spec/RiemannZetaCriticalLineBound.lean:242:12: this tactic is never executed

Note: This linter can be disabled with `set_option linter.unreachableTactic false`
warning: ZhangLS/Spec/RiemannZetaCriticalLineBound.lean:219:41: Used `tac1 <;> tac2` where `(tac1; tac2)` would suffice

Note: This linter can be disabled with `set_option linter.unnecessarySeqFocus false`
warning: ZhangLS/Spec/RiemannZetaCriticalLineBound.lean:303:8: 'ring' tactic does nothing

Note: This linter can be disabled with `set_option linter.unusedTactic false`
warning: ZhangLS/Spec/RiemannZetaCriticalLineBound.lean:303:8: this tactic is never executed

Note: This linter can be disabled with `set_option linter.unreachableTactic false`
warning: ZhangLS/Spec/RiemannZetaCriticalLineBound.lean:394:12: This simp argument is unused:
  norm_div

Hint: Omit it from the simp argument list.
  simp ̵[̵n̵o̵r̵m̵_̵d̵i̵v̵]̵

Note: This linter can be disabled with `set_option linter.unusedSimpArgs false`
warning: ZhangLS/Spec/RiemannZetaCriticalLineBound.lean:475:75: This simp argument is unused:
  norm_div

Hint: Omit it from the simp argument list.
  simp ̵[̵n̵o̵r̵m̵_̵d̵i̵v̵]̵

Note: This linter can be disabled with `set_option linter.unusedSimpArgs false`
⚠ [3500/3701] Replayed ZhangLS.Spec.Lemma57CriticalStripGrowth
warning: ZhangLS/Spec/Lemma57CriticalStripGrowth.lean:270:14: This simp argument is unused:
  norm_div

Hint: Omit it from the simp argument list.
  simp ̵[̵n̵o̵r̵m̵_̵d̵i̵v̵]̵

Note: This linter can be disabled with `set_option linter.unusedSimpArgs false`
⚠ [3507/3701] Replayed ZhangLS.Spec.Lemma23DirichletConjugation
warning: ZhangLS/Spec/Lemma23DirichletConjugation.lean:23:0: automatically included section variable(s) unused in theorem `ZhangLS.Spec.dirichletLSeries_inv_eq_conj_at_conj`:
  [NeZero N]
consider restructuring your `variable` declarations so that the variables are not in scope or explicitly omit them:
  omit [NeZero N] in theorem ...

Note: This linter can be disabled with `set_option linter.unusedSectionVars false`
⚠ [3509/3701] Replayed ZhangLS.Spec.Lemma23PrimitiveGaussSum
warning: ZhangLS/Spec/Lemma23PrimitiveGaussSum.lean:42:19: Used `tac1 <;> tac2` where `(tac1; tac2)` would suffice

Note: This linter can be disabled with `set_option linter.unnecessarySeqFocus false`
⚠ [3510/3701] Replayed ZhangLS.Spec.Lemma23DirichletUnitModulus
warning: ZhangLS/Spec/Lemma23DirichletUnitModulus.lean:112:48: Used `tac1 <;> tac2` where `(tac1; tac2)` would suffice

Note: This linter can be disabled with `set_option linter.unnecessarySeqFocus false`
⚠ [3647/3701] Replayed ZhangLS.Spec.Lemma44ProductMellin
warning: ZhangLS/Spec/Lemma44ProductMellin.lean:144:4: try 'simp' instead of 'simpa'

Note: This linter can be disabled with `set_option linter.unnecessarySimpa false`
⚠ [3651/3701] Replayed ZhangLS.Spec.Lemma44RightMellinApproximation
warning: ZhangLS/Spec/Lemma44RightMellinApproximation.lean:37:4: try 'simp' instead of 'simpa'

Note: This linter can be disabled with `set_option linter.unnecessarySimpa false`
⚠ [3655/3701] Replayed ZhangLS.Spec.Lemma44ReflectedLongSum
warning: ZhangLS/Spec/Lemma44ReflectedLongSum.lean:81:64: Used `tac1 <;> tac2` where `(tac1; tac2)` would suffice

Note: This linter can be disabled with `set_option linter.unnecessarySeqFocus false`
⚠ [3658/3701] Replayed ZhangLS.Spec.Lemma44InitialLeftEstimates
warning: ZhangLS/Spec/Lemma44InitialLeftEstimates.lean:68:23: Used `tac1 <;> tac2` where `(tac1; tac2)` would suffice

Note: This linter can be disabled with `set_option linter.unnecessarySeqFocus false`
⚠ [3661/3701] Replayed ZhangLS.Spec.Lemma44ComplexCharacterAbel
warning: ZhangLS/Spec/Lemma44ComplexCharacterAbel.lean:73:56: unused variable `hD`

Note: This linter can be disabled with `set_option linter.unusedVariables false`
⚠ [3662/3701] Replayed ZhangLS.Spec.Lemma44HorizontalGrowth
warning: ZhangLS/Spec/Lemma44HorizontalGrowth.lean:147:6: 'push_cast' tactic does nothing

Note: This linter can be disabled with `set_option linter.unusedTactic false`
⚠ [3664/3701] Replayed ZhangLS.Spec.Lemma44GaussianVerticalTail
info: ZhangLS/Spec/Lemma44GaussianVerticalTail.lean:41:4: Try this:
  [apply] ring_nf
  
  The `ring` tactic failed to close the goal. Use `ring_nf` to obtain a normal form.
    
  Note that `ring` works primarily in *commutative* rings. If you have a noncommutative ring, abelian group or module, consider using `noncomm_ring`, `abel` or `module` instead.
info: ZhangLS/Spec/Lemma44GaussianVerticalTail.lean:57:16: Try this:
  [apply] ring_nf
  
  The `ring` tactic failed to close the goal. Use `ring_nf` to obtain a normal form.
    
  Note that `ring` works primarily in *commutative* rings. If you have a noncommutative ring, abelian group or module, consider using `noncomm_ring`, `abel` or `module` instead.
warning: ZhangLS/Spec/Lemma44GaussianVerticalTail.lean:57:12: Used `tac1 <;> tac2` where `(tac1; tac2)` would suffice

Note: This linter can be disabled with `set_option linter.unnecessarySeqFocus false`
warning: ZhangLS/Spec/Lemma44GaussianVerticalTail.lean:68:22: Used `tac1 <;> tac2` where `(tac1; tac2)` would suffice

Note: This linter can be disabled with `set_option linter.unnecessarySeqFocus false`
info: ZhangLS/Spec/Lemma44GaussianVerticalTail.lean:153:35: Try this:
  [apply] ring_nf
  
  The `ring` tactic failed to close the goal. Use `ring_nf` to obtain a normal form.
    
  Note that `ring` works primarily in *commutative* rings. If you have a noncommutative ring, abelian group or module, consider using `noncomm_ring`, `abel` or `module` instead.
⚠ [3665/3701] Replayed ZhangLS.Spec.Lemma44LocalRectangle
warning: ZhangLS/Spec/Lemma44LocalRectangle.lean:115:46: This simp argument is unused:
  zero_mul

Hint: Omit it from the simp argument list.
  simp only [mem_reProdIm, mem_Icc, sub_re, sub_im, ofReal_re, ofReal_im, mul_re, mul_im, I_re,
  ̲  ̲ ̲ ̲ ̲ ̲ ̲ ̲I_im, mul_zero, z̵e̵r̵o̵_̵m̵u̵l̵,̵ ̵mul_one, zero_add, sub_zero]

Note: This linter can be disabled with `set_option linter.unusedSimpArgs false`
warning: ZhangLS/Spec/Lemma44LocalRectangle.lean:115:65: This simp argument is unused:
  zero_add

Hint: Omit it from the simp argument list.
  simp only [mem_reProdIm, mem_Icc, sub_re, sub_im, ofReal_re, ofReal_im, mul_re, mul_im, I_re,
  ̲  ̲ ̲ ̲ ̲ ̲ ̲ ̲I_im, mul_zero, zero_mul, mul_one, z̵e̵r̵o̵_̵a̵d̵d̵,̵ ̵sub_zero]

Note: This linter can be disabled with `set_option linter.unusedSimpArgs false`
⚠ [3668/3701] Replayed ZhangLS.Spec.Lemma44HorizontalIntegrals
warning: ZhangLS/Spec/Lemma44HorizontalIntegrals.lean:18:5: unused variable `hK`

Note: This linter can be disabled with `set_option linter.unusedVariables false`
⚠ [3669/3701] Replayed ZhangLS.Spec.Lemma44ReflectedPolynomialContours
warning: ZhangLS/Spec/Lemma44ReflectedPolynomialContours.lean:152:64: This simp argument is unused:
  mul_left_comm

Hint: Omit it from the simp argument list.
  simp only [sub_eq_add_neg, add_comm, add_left_comm, mul_comm, mul_l̵e̵f̵t̵_̵c̵o̵m̵m̵,̵ ̵m̵u̵l̵_̵assoc] at hc ⊢

Note: This linter can be disabled with `set_option linter.unusedSimpArgs false`
warning: ZhangLS/Spec/Lemma44ReflectedPolynomialContours.lean:152:79: This simp argument is unused:
  mul_assoc

Hint: Omit it from the simp argument list.
  simp only [sub_eq_add_neg, add_comm, add_left_comm, mul_comm, mul_left_comm,̵ ̵m̵u̵l̵_̵a̵s̵s̵o̵c̵] at hc ⊢

Note: This linter can be disabled with `set_option linter.unusedSimpArgs false`
⚠ [3673/3701] Replayed ZhangLS.Spec.Lemma45Normalization
warning: ZhangLS/Spec/Lemma45Normalization.lean:90:8: 'ring' tactic does nothing

Note: This linter can be disabled with `set_option linter.unusedTactic false`
warning: ZhangLS/Spec/Lemma45Normalization.lean:90:8: this tactic is never executed

Note: This linter can be disabled with `set_option linter.unreachableTactic false`
⚠ [3696/3701] Replayed ZhangLS.Spec.Lemma46SingleZero
warning: ZhangLS/Spec/Lemma46SingleZero.lean:33:10: This simp argument is unused:
  mem_sphere

Hint: Omit it from the simp argument list.
  simp [m̵e̵m̵_̵s̵p̵h̵e̵r̵e̵,̵ ̵dist_zero_right, abs_of_pos hR]

Note: This linter can be disabled with `set_option linter.unusedSimpArgs false`
warning: ZhangLS/Spec/Lemma46SingleZero.lean:33:22: This simp argument is unused:
  dist_zero_right

Hint: Omit it from the simp argument list.
  simp [mem_sphere, d̵i̵s̵t̵_̵z̵e̵r̵o̵_̵r̵i̵g̵h̵t̵,̵ ̵abs_of_pos hR]

Note: This linter can be disabled with `set_option linter.unusedSimpArgs false`
⚠ [3697/3701] Replayed ZhangLS.Spec.Lemma46RoucheLocal
warning: ZhangLS/Spec/Lemma46RoucheLocal.lean:30:5: unused variable `hm`

Note: This linter can be disabled with `set_option linter.unusedVariables false`
⚠ [3698/3701] Replayed ZhangLS.Spec.Lemma46ZeroAnalysis
warning: ZhangLS/Spec/Lemma46ZeroAnalysis.lean:108:39: Used `tac1 <;> tac2` where `(tac1; tac2)` would suffice

Note: This linter can be disabled with `set_option linter.unnecessarySeqFocus false`
warning: ZhangLS/Spec/Lemma46ZeroAnalysis.lean:151:54: unused variable `hc`

Note: This linter can be disabled with `set_option linter.unusedVariables false`
Build completed successfully (3701 jobs).
== kernel-check ZhangLS/Spec/Lemma48ZeroRegion.lean ==
⚠ [1279/1364] Replayed ZhangLS.Spec.RealDirichletCharacter
warning: ZhangLS/Spec/RealDirichletCharacter.lean:48:4: try 'simp' instead of 'simpa'

Note: This linter can be disabled with `set_option linter.unnecessarySimpa false`
⚠ [1280/1364] Replayed ZhangLS.Spec.Lemma44CharacterProduct
warning: ZhangLS/Spec/Lemma44CharacterProduct.lean:55:38: This simp argument is unused:
  mul_comm

Hint: Omit it from the simp argument list.
  simp [̵m̵u̵l̵_̵c̵o̵m̵m̵,̵ ̵m̵u̵l̵_̵l̵e̵f̵t̵_̵c̵o̵m̵m̵,̵[̲m̲u̲l̲_̲l̲e̲f̲t̲_̲c̲o̲m̲m̲,̲ mul_assoc]

Note: This linter can be disabled with `set_option linter.unusedSimpArgs false`
warning: ZhangLS/Spec/Lemma44CharacterProduct.lean:55:48: This simp argument is unused:
  mul_left_comm

Hint: Omit it from the simp argument list.
  simp [mul_comm, mul_l̵e̵f̵t̵_̵c̵o̵m̵m̵,̵ ̵m̵u̵l̵_̵assoc]

Note: This linter can be disabled with `set_option linter.unusedSimpArgs false`
⚠ [2474/2540] Replayed ZhangLS.Spec.Lemma23AnalyticLogBranch
warning: ZhangLS/Spec/Lemma23AnalyticLogBranch.lean:42:53: try 'simp' instead of 'simpa'

Note: This linter can be disabled with `set_option linter.unnecessarySimpa false`
warning: ZhangLS/Spec/Lemma23AnalyticLogBranch.lean:67:44: try 'simp' instead of 'simpa'

Note: This linter can be disabled with `set_option linter.unnecessarySimpa false`
⚠ [3462/3700] Replayed ZhangLS.Spec.RealAxisAtOne
warning: ZhangLS/Spec/RealAxisAtOne.lean:56:4: try 'simp' instead of 'simpa'

Note: This linter can be disabled with `set_option linter.unnecessarySimpa false`
⚠ [3464/3700] Replayed ZhangLS.Spec.Lemma57
warning: ZhangLS/Spec/Lemma57.lean:101:58: unused variable `hD`

Note: This linter can be disabled with `set_option linter.unusedVariables false`
warning: ZhangLS/Spec/Lemma57.lean:102:7: unused variable `hA`

Note: This linter can be disabled with `set_option linter.unusedVariables false`
⚠ [3465/3700] Replayed ZhangLS.Spec.Lemma57Arithmetic
warning: ZhangLS/Spec/Lemma57Arithmetic.lean:55:15: unused variable `hc_g`

Note: This linter can be disabled with `set_option linter.unusedVariables false`
⚠ [3470/3700] Replayed ZhangLS.Spec.Lemma57SmoothedSum
warning: ZhangLS/Spec/Lemma57SmoothedSum.lean:42:46: unused variable `hD`

Note: This linter can be disabled with `set_option linter.unusedVariables false`
⚠ [3479/3700] Replayed ZhangLS.Spec.Lemma57GaussianGlobal
warning: ZhangLS/Spec/Lemma57GaussianGlobal.lean:55:58: unused variable `ha`

Note: This linter can be disabled with `set_option linter.unusedVariables false`
warning: ZhangLS/Spec/Lemma57GaussianGlobal.lean:241:13: unused variable `hD`

Note: This linter can be disabled with `set_option linter.unusedVariables false`
warning: ZhangLS/Spec/Lemma57GaussianGlobal.lean:241:34: unused variable `hx`

Note: This linter can be disabled with `set_option linter.unusedVariables false`
⚠ [3480/3700] Replayed ZhangLS.Spec.Lemma57SmoothedSummability
warning: ZhangLS/Spec/Lemma57SmoothedSummability.lean:20:52: unused variable `hn`

Note: This linter can be disabled with `set_option linter.unusedVariables false`
⚠ [3485/3700] Replayed ZhangLS.Spec.Lemma57GaussianMellinTransform
warning: ZhangLS/Spec/Lemma57GaussianMellinTransform.lean:67:63: Used `tac1 <;> tac2` where `(tac1; tac2)` would suffice

Note: This linter can be disabled with `set_option linter.unnecessarySeqFocus false`
warning: ZhangLS/Spec/Lemma57GaussianMellinTransform.lean:145:54: Used `tac1 <;> tac2` where `(tac1; tac2)` would suffice

Note: This linter can be disabled with `set_option linter.unnecessarySeqFocus false`
warning: ZhangLS/Spec/Lemma57GaussianMellinTransform.lean:326:4: Try `simp at hs` instead of `simpa using hs`

Note: This linter can be disabled with `set_option linter.unnecessarySimpa false`
⚠ [3499/3700] Replayed ZhangLS.Spec.RiemannZetaCriticalLineBound
warning: ZhangLS/Spec/RiemannZetaCriticalLineBound.lean:99:2: Used `tac1 <;> tac2` where `(tac1; tac2)` would suffice

Note: This linter can be disabled with `set_option linter.unnecessarySeqFocus false`
warning: ZhangLS/Spec/RiemannZetaCriticalLineBound.lean:124:13: unused variable `hs`

Note: This linter can be disabled with `set_option linter.unusedVariables false`
warning: ZhangLS/Spec/RiemannZetaCriticalLineBound.lean:152:6: unused variable `n`

Note: This linter can be disabled with `set_option linter.unusedVariables false`
warning: ZhangLS/Spec/RiemannZetaCriticalLineBound.lean:156:20: unused variable `k`

Note: This linter can be disabled with `set_option linter.unusedVariables false`
warning: ZhangLS/Spec/RiemannZetaCriticalLineBound.lean:161:8: This simp argument is unused:
  sum_one_Icc

Hint: Omit it from the simp argument list.
  simp ̵[̵s̵u̵m̵_̵o̵n̵e̵_̵I̵c̵c̵]̵

Note: This linter can be disabled with `set_option linter.unusedSimpArgs false`
warning: ZhangLS/Spec/RiemannZetaCriticalLineBound.lean:242:12: 'ring' tactic does nothing

Note: This linter can be disabled with `set_option linter.unusedTactic false`
warning: ZhangLS/Spec/RiemannZetaCriticalLineBound.lean:242:12: this tactic is never executed

Note: This linter can be disabled with `set_option linter.unreachableTactic false`
warning: ZhangLS/Spec/RiemannZetaCriticalLineBound.lean:219:41: Used `tac1 <;> tac2` where `(tac1; tac2)` would suffice

Note: This linter can be disabled with `set_option linter.unnecessarySeqFocus false`
warning: ZhangLS/Spec/RiemannZetaCriticalLineBound.lean:303:8: 'ring' tactic does nothing

Note: This linter can be disabled with `set_option linter.unusedTactic false`
warning: ZhangLS/Spec/RiemannZetaCriticalLineBound.lean:303:8: this tactic is never executed

Note: This linter can be disabled with `set_option linter.unreachableTactic false`
warning: ZhangLS/Spec/RiemannZetaCriticalLineBound.lean:394:12: This simp argument is unused:
  norm_div

Hint: Omit it from the simp argument list.
  simp ̵[̵n̵o̵r̵m̵_̵d̵i̵v̵]̵

Note: This linter can be disabled with `set_option linter.unusedSimpArgs false`
warning: ZhangLS/Spec/RiemannZetaCriticalLineBound.lean:475:75: This simp argument is unused:
  norm_div

Hint: Omit it from the simp argument list.
  simp ̵[̵n̵o̵r̵m̵_̵d̵i̵v̵]̵

Note: This linter can be disabled with `set_option linter.unusedSimpArgs false`
⚠ [3500/3700] Replayed ZhangLS.Spec.Lemma57CriticalStripGrowth
warning: ZhangLS/Spec/Lemma57CriticalStripGrowth.lean:270:14: This simp argument is unused:
  norm_div

Hint: Omit it from the simp argument list.
  simp ̵[̵n̵o̵r̵m̵_̵d̵i̵v̵]̵

Note: This linter can be disabled with `set_option linter.unusedSimpArgs false`
⚠ [3507/3700] Replayed ZhangLS.Spec.Lemma23DirichletConjugation
warning: ZhangLS/Spec/Lemma23DirichletConjugation.lean:23:0: automatically included section variable(s) unused in theorem `ZhangLS.Spec.dirichletLSeries_inv_eq_conj_at_conj`:
  [NeZero N]
consider restructuring your `variable` declarations so that the variables are not in scope or explicitly omit them:
  omit [NeZero N] in theorem ...

Note: This linter can be disabled with `set_option linter.unusedSectionVars false`
⚠ [3509/3700] Replayed ZhangLS.Spec.Lemma23PrimitiveGaussSum
warning: ZhangLS/Spec/Lemma23PrimitiveGaussSum.lean:42:19: Used `tac1 <;> tac2` where `(tac1; tac2)` would suffice

Note: This linter can be disabled with `set_option linter.unnecessarySeqFocus false`
⚠ [3510/3700] Replayed ZhangLS.Spec.Lemma23DirichletUnitModulus
warning: ZhangLS/Spec/Lemma23DirichletUnitModulus.lean:112:48: Used `tac1 <;> tac2` where `(tac1; tac2)` would suffice

Note: This linter can be disabled with `set_option linter.unnecessarySeqFocus false`
⚠ [3647/3700] Replayed ZhangLS.Spec.Lemma44ProductMellin
warning: ZhangLS/Spec/Lemma44ProductMellin.lean:144:4: try 'simp' instead of 'simpa'

Note: This linter can be disabled with `set_option linter.unnecessarySimpa false`
⚠ [3651/3700] Replayed ZhangLS.Spec.Lemma44RightMellinApproximation
warning: ZhangLS/Spec/Lemma44RightMellinApproximation.lean:37:4: try 'simp' instead of 'simpa'

Note: This linter can be disabled with `set_option linter.unnecessarySimpa false`
⚠ [3655/3700] Replayed ZhangLS.Spec.Lemma44ReflectedLongSum
warning: ZhangLS/Spec/Lemma44ReflectedLongSum.lean:81:64: Used `tac1 <;> tac2` where `(tac1; tac2)` would suffice

Note: This linter can be disabled with `set_option linter.unnecessarySeqFocus false`
⚠ [3658/3700] Replayed ZhangLS.Spec.Lemma44InitialLeftEstimates
warning: ZhangLS/Spec/Lemma44InitialLeftEstimates.lean:68:23: Used `tac1 <;> tac2` where `(tac1; tac2)` would suffice

Note: This linter can be disabled with `set_option linter.unnecessarySeqFocus false`
⚠ [3661/3700] Replayed ZhangLS.Spec.Lemma44ComplexCharacterAbel
warning: ZhangLS/Spec/Lemma44ComplexCharacterAbel.lean:73:56: unused variable `hD`

Note: This linter can be disabled with `set_option linter.unusedVariables false`
⚠ [3662/3700] Replayed ZhangLS.Spec.Lemma44HorizontalGrowth
warning: ZhangLS/Spec/Lemma44HorizontalGrowth.lean:147:6: 'push_cast' tactic does nothing

Note: This linter can be disabled with `set_option linter.unusedTactic false`
⚠ [3664/3700] Replayed ZhangLS.Spec.Lemma44GaussianVerticalTail
info: ZhangLS/Spec/Lemma44GaussianVerticalTail.lean:41:4: Try this:
  [apply] ring_nf
  
  The `ring` tactic failed to close the goal. Use `ring_nf` to obtain a normal form.
    
  Note that `ring` works primarily in *commutative* rings. If you have a noncommutative ring, abelian group or module, consider using `noncomm_ring`, `abel` or `module` instead.
info: ZhangLS/Spec/Lemma44GaussianVerticalTail.lean:57:16: Try this:
  [apply] ring_nf
  
  The `ring` tactic failed to close the goal. Use `ring_nf` to obtain a normal form.
    
  Note that `ring` works primarily in *commutative* rings. If you have a noncommutative ring, abelian group or module, consider using `noncomm_ring`, `abel` or `module` instead.
warning: ZhangLS/Spec/Lemma44GaussianVerticalTail.lean:57:12: Used `tac1 <;> tac2` where `(tac1; tac2)` would suffice

Note: This linter can be disabled with `set_option linter.unnecessarySeqFocus false`
warning: ZhangLS/Spec/Lemma44GaussianVerticalTail.lean:68:22: Used `tac1 <;> tac2` where `(tac1; tac2)` would suffice

Note: This linter can be disabled with `set_option linter.unnecessarySeqFocus false`
info: ZhangLS/Spec/Lemma44GaussianVerticalTail.lean:153:35: Try this:
  [apply] ring_nf
  
  The `ring` tactic failed to close the goal. Use `ring_nf` to obtain a normal form.
    
  Note that `ring` works primarily in *commutative* rings. If you have a noncommutative ring, abelian group or module, consider using `noncomm_ring`, `abel` or `module` instead.
⚠ [3665/3700] Replayed ZhangLS.Spec.Lemma44LocalRectangle
warning: ZhangLS/Spec/Lemma44LocalRectangle.lean:115:46: This simp argument is unused:
  zero_mul

Hint: Omit it from the simp argument list.
  simp only [mem_reProdIm, mem_Icc, sub_re, sub_im, ofReal_re, ofReal_im, mul_re, mul_im, I_re,
  ̲  ̲ ̲ ̲ ̲ ̲ ̲ ̲I_im, mul_zero, z̵e̵r̵o̵_̵m̵u̵l̵,̵ ̵mul_one, zero_add, sub_zero]

Note: This linter can be disabled with `set_option linter.unusedSimpArgs false`
warning: ZhangLS/Spec/Lemma44LocalRectangle.lean:115:65: This simp argument is unused:
  zero_add

Hint: Omit it from the simp argument list.
  simp only [mem_reProdIm, mem_Icc, sub_re, sub_im, ofReal_re, ofReal_im, mul_re, mul_im, I_re,
  ̲  ̲ ̲ ̲ ̲ ̲ ̲ ̲I_im, mul_zero, zero_mul, mul_one, z̵e̵r̵o̵_̵a̵d̵d̵,̵ ̵sub_zero]

Note: This linter can be disabled with `set_option linter.unusedSimpArgs false`
⚠ [3668/3700] Replayed ZhangLS.Spec.Lemma44HorizontalIntegrals
warning: ZhangLS/Spec/Lemma44HorizontalIntegrals.lean:18:5: unused variable `hK`

Note: This linter can be disabled with `set_option linter.unusedVariables false`
⚠ [3669/3700] Replayed ZhangLS.Spec.Lemma44ReflectedPolynomialContours
warning: ZhangLS/Spec/Lemma44ReflectedPolynomialContours.lean:152:64: This simp argument is unused:
  mul_left_comm

Hint: Omit it from the simp argument list.
  simp only [sub_eq_add_neg, add_comm, add_left_comm, mul_comm, mul_l̵e̵f̵t̵_̵c̵o̵m̵m̵,̵ ̵m̵u̵l̵_̵assoc] at hc ⊢

Note: This linter can be disabled with `set_option linter.unusedSimpArgs false`
warning: ZhangLS/Spec/Lemma44ReflectedPolynomialContours.lean:152:79: This simp argument is unused:
  mul_assoc

Hint: Omit it from the simp argument list.
  simp only [sub_eq_add_neg, add_comm, add_left_comm, mul_comm, mul_left_comm,̵ ̵m̵u̵l̵_̵a̵s̵s̵o̵c̵] at hc ⊢

Note: This linter can be disabled with `set_option linter.unusedSimpArgs false`
⚠ [3673/3700] Replayed ZhangLS.Spec.Lemma45Normalization
warning: ZhangLS/Spec/Lemma45Normalization.lean:90:8: 'ring' tactic does nothing

Note: This linter can be disabled with `set_option linter.unusedTactic false`
warning: ZhangLS/Spec/Lemma45Normalization.lean:90:8: this tactic is never executed

Note: This linter can be disabled with `set_option linter.unreachableTactic false`
⚠ [3696/3700] Replayed ZhangLS.Spec.Lemma46SingleZero
warning: ZhangLS/Spec/Lemma46SingleZero.lean:33:10: This simp argument is unused:
  mem_sphere

Hint: Omit it from the simp argument list.
  simp [m̵e̵m̵_̵s̵p̵h̵e̵r̵e̵,̵ ̵dist_zero_right, abs_of_pos hR]

Note: This linter can be disabled with `set_option linter.unusedSimpArgs false`
warning: ZhangLS/Spec/Lemma46SingleZero.lean:33:22: This simp argument is unused:
  dist_zero_right

Hint: Omit it from the simp argument list.
  simp [mem_sphere, d̵i̵s̵t̵_̵z̵e̵r̵o̵_̵r̵i̵g̵h̵t̵,̵ ̵abs_of_pos hR]

Note: This linter can be disabled with `set_option linter.unusedSimpArgs false`
⚠ [3697/3700] Replayed ZhangLS.Spec.Lemma46RoucheLocal
warning: ZhangLS/Spec/Lemma46RoucheLocal.lean:30:5: unused variable `hm`

Note: This linter can be disabled with `set_option linter.unusedVariables false`
⚠ [3698/3700] Replayed ZhangLS.Spec.Lemma46ZeroAnalysis
warning: ZhangLS/Spec/Lemma46ZeroAnalysis.lean:108:39: Used `tac1 <;> tac2` where `(tac1; tac2)` would suffice

Note: This linter can be disabled with `set_option linter.unnecessarySeqFocus false`
warning: ZhangLS/Spec/Lemma46ZeroAnalysis.lean:151:54: unused variable `hc`

Note: This linter can be disabled with `set_option linter.unusedVariables false`
Build completed successfully (3700 jobs).
== kernel-check ZhangLS/Spec/Lemma51.lean ==
⚠ [2469/2761] Replayed ZhangLS.Spec.Lemma23AnalyticLogBranch
warning: ZhangLS/Spec/Lemma23AnalyticLogBranch.lean:42:53: try 'simp' instead of 'simpa'

Note: This linter can be disabled with `set_option linter.unnecessarySimpa false`
warning: ZhangLS/Spec/Lemma23AnalyticLogBranch.lean:67:44: try 'simp' instead of 'simpa'

Note: This linter can be disabled with `set_option linter.unnecessarySimpa false`
⚠ [2473/2761] Replayed ZhangLS.Spec.RealDirichletCharacter
warning: ZhangLS/Spec/RealDirichletCharacter.lean:48:4: try 'simp' instead of 'simpa'

Note: This linter can be disabled with `set_option linter.unnecessarySimpa false`
⚠ [3461/3661] Replayed ZhangLS.Spec.RealAxisAtOne
warning: ZhangLS/Spec/RealAxisAtOne.lean:56:4: try 'simp' instead of 'simpa'

Note: This linter can be disabled with `set_option linter.unnecessarySimpa false`
⚠ [3463/3661] Replayed ZhangLS.Spec.Lemma57
warning: ZhangLS/Spec/Lemma57.lean:101:58: unused variable `hD`

Note: This linter can be disabled with `set_option linter.unusedVariables false`
warning: ZhangLS/Spec/Lemma57.lean:102:7: unused variable `hA`

Note: This linter can be disabled with `set_option linter.unusedVariables false`
⚠ [3464/3661] Replayed ZhangLS.Spec.Lemma57Arithmetic
warning: ZhangLS/Spec/Lemma57Arithmetic.lean:55:15: unused variable `hc_g`

Note: This linter can be disabled with `set_option linter.unusedVariables false`
⚠ [3469/3661] Replayed ZhangLS.Spec.Lemma57SmoothedSum
warning: ZhangLS/Spec/Lemma57SmoothedSum.lean:42:46: unused variable `hD`

Note: This linter can be disabled with `set_option linter.unusedVariables false`
⚠ [3478/3661] Replayed ZhangLS.Spec.Lemma57GaussianGlobal
warning: ZhangLS/Spec/Lemma57GaussianGlobal.lean:55:58: unused variable `ha`

Note: This linter can be disabled with `set_option linter.unusedVariables false`
warning: ZhangLS/Spec/Lemma57GaussianGlobal.lean:241:13: unused variable `hD`

Note: This linter can be disabled with `set_option linter.unusedVariables false`
warning: ZhangLS/Spec/Lemma57GaussianGlobal.lean:241:34: unused variable `hx`

Note: This linter can be disabled with `set_option linter.unusedVariables false`
⚠ [3479/3661] Replayed ZhangLS.Spec.Lemma57SmoothedSummability
warning: ZhangLS/Spec/Lemma57SmoothedSummability.lean:20:52: unused variable `hn`

Note: This linter can be disabled with `set_option linter.unusedVariables false`
⚠ [3484/3661] Replayed ZhangLS.Spec.Lemma57GaussianMellinTransform
warning: ZhangLS/Spec/Lemma57GaussianMellinTransform.lean:67:63: Used `tac1 <;> tac2` where `(tac1; tac2)` would suffice

Note: This linter can be disabled with `set_option linter.unnecessarySeqFocus false`
warning: ZhangLS/Spec/Lemma57GaussianMellinTransform.lean:145:54: Used `tac1 <;> tac2` where `(tac1; tac2)` would suffice

Note: This linter can be disabled with `set_option linter.unnecessarySeqFocus false`
warning: ZhangLS/Spec/Lemma57GaussianMellinTransform.lean:326:4: Try `simp at hs` instead of `simpa using hs`

Note: This linter can be disabled with `set_option linter.unnecessarySimpa false`
⚠ [3498/3661] Replayed ZhangLS.Spec.RiemannZetaCriticalLineBound
warning: ZhangLS/Spec/RiemannZetaCriticalLineBound.lean:99:2: Used `tac1 <;> tac2` where `(tac1; tac2)` would suffice

Note: This linter can be disabled with `set_option linter.unnecessarySeqFocus false`
warning: ZhangLS/Spec/RiemannZetaCriticalLineBound.lean:124:13: unused variable `hs`

Note: This linter can be disabled with `set_option linter.unusedVariables false`
warning: ZhangLS/Spec/RiemannZetaCriticalLineBound.lean:152:6: unused variable `n`

Note: This linter can be disabled with `set_option linter.unusedVariables false`
warning: ZhangLS/Spec/RiemannZetaCriticalLineBound.lean:156:20: unused variable `k`

Note: This linter can be disabled with `set_option linter.unusedVariables false`
warning: ZhangLS/Spec/RiemannZetaCriticalLineBound.lean:161:8: This simp argument is unused:
  sum_one_Icc

Hint: Omit it from the simp argument list.
  simp ̵[̵s̵u̵m̵_̵o̵n̵e̵_̵I̵c̵c̵]̵

Note: This linter can be disabled with `set_option linter.unusedSimpArgs false`
warning: ZhangLS/Spec/RiemannZetaCriticalLineBound.lean:242:12: 'ring' tactic does nothing

Note: This linter can be disabled with `set_option linter.unusedTactic false`
warning: ZhangLS/Spec/RiemannZetaCriticalLineBound.lean:242:12: this tactic is never executed

Note: This linter can be disabled with `set_option linter.unreachableTactic false`
warning: ZhangLS/Spec/RiemannZetaCriticalLineBound.lean:219:41: Used `tac1 <;> tac2` where `(tac1; tac2)` would suffice

Note: This linter can be disabled with `set_option linter.unnecessarySeqFocus false`
warning: ZhangLS/Spec/RiemannZetaCriticalLineBound.lean:303:8: 'ring' tactic does nothing

Note: This linter can be disabled with `set_option linter.unusedTactic false`
warning: ZhangLS/Spec/RiemannZetaCriticalLineBound.lean:303:8: this tactic is never executed

Note: This linter can be disabled with `set_option linter.unreachableTactic false`
warning: ZhangLS/Spec/RiemannZetaCriticalLineBound.lean:394:12: This simp argument is unused:
  norm_div

Hint: Omit it from the simp argument list.
  simp ̵[̵n̵o̵r̵m̵_̵d̵i̵v̵]̵

Note: This linter can be disabled with `set_option linter.unusedSimpArgs false`
warning: ZhangLS/Spec/RiemannZetaCriticalLineBound.lean:475:75: This simp argument is unused:
  norm_div

Hint: Omit it from the simp argument list.
  simp ̵[̵n̵o̵r̵m̵_̵d̵i̵v̵]̵

Note: This linter can be disabled with `set_option linter.unusedSimpArgs false`
⚠ [3499/3661] Replayed ZhangLS.Spec.Lemma57CriticalStripGrowth
warning: ZhangLS/Spec/Lemma57CriticalStripGrowth.lean:270:14: This simp argument is unused:
  norm_div

Hint: Omit it from the simp argument list.
  simp ̵[̵n̵o̵r̵m̵_̵d̵i̵v̵]̵

Note: This linter can be disabled with `set_option linter.unusedSimpArgs false`
⚠ [3506/3661] Replayed ZhangLS.Spec.Lemma23DirichletConjugation
warning: ZhangLS/Spec/Lemma23DirichletConjugation.lean:23:0: automatically included section variable(s) unused in theorem `ZhangLS.Spec.dirichletLSeries_inv_eq_conj_at_conj`:
  [NeZero N]
consider restructuring your `variable` declarations so that the variables are not in scope or explicitly omit them:
  omit [NeZero N] in theorem ...

Note: This linter can be disabled with `set_option linter.unusedSectionVars false`
⚠ [3508/3661] Replayed ZhangLS.Spec.Lemma23PrimitiveGaussSum
warning: ZhangLS/Spec/Lemma23PrimitiveGaussSum.lean:42:19: Used `tac1 <;> tac2` where `(tac1; tac2)` would suffice

Note: This linter can be disabled with `set_option linter.unnecessarySeqFocus false`
⚠ [3509/3661] Replayed ZhangLS.Spec.Lemma23DirichletUnitModulus
warning: ZhangLS/Spec/Lemma23DirichletUnitModulus.lean:112:48: Used `tac1 <;> tac2` where `(tac1; tac2)` would suffice

Note: This linter can be disabled with `set_option linter.unnecessarySeqFocus false`
⚠ [3527/3661] Replayed ZhangLS.Spec.Lemma44CharacterProduct
warning: ZhangLS/Spec/Lemma44CharacterProduct.lean:55:38: This simp argument is unused:
  mul_comm

Hint: Omit it from the simp argument list.
  simp [̵m̵u̵l̵_̵c̵o̵m̵m̵,̵ ̵m̵u̵l̵_̵l̵e̵f̵t̵_̵c̵o̵m̵m̵,̵[̲m̲u̲l̲_̲l̲e̲f̲t̲_̲c̲o̲m̲m̲,̲ mul_assoc]

Note: This linter can be disabled with `set_option linter.unusedSimpArgs false`
warning: ZhangLS/Spec/Lemma44CharacterProduct.lean:55:48: This simp argument is unused:
  mul_left_comm

Hint: Omit it from the simp argument list.
  simp [mul_comm, mul_l̵e̵f̵t̵_̵c̵o̵m̵m̵,̵ ̵m̵u̵l̵_̵assoc]

Note: This linter can be disabled with `set_option linter.unusedSimpArgs false`
Build completed successfully (3661 jobs).
== kernel-check ZhangLS/Spec/Lemma51GammaAsymptotic.lean ==
⚠ [2469/2575] Replayed ZhangLS.Spec.Lemma23AnalyticLogBranch
warning: ZhangLS/Spec/Lemma23AnalyticLogBranch.lean:42:53: try 'simp' instead of 'simpa'

Note: This linter can be disabled with `set_option linter.unnecessarySimpa false`
warning: ZhangLS/Spec/Lemma23AnalyticLogBranch.lean:67:44: try 'simp' instead of 'simpa'

Note: This linter can be disabled with `set_option linter.unnecessarySimpa false`
⚠ [2473/2575] Replayed ZhangLS.Spec.RealDirichletCharacter
warning: ZhangLS/Spec/RealDirichletCharacter.lean:48:4: try 'simp' instead of 'simpa'

Note: This linter can be disabled with `set_option linter.unnecessarySimpa false`
⚠ [3461/3526] Replayed ZhangLS.Spec.RealAxisAtOne
warning: ZhangLS/Spec/RealAxisAtOne.lean:56:4: try 'simp' instead of 'simpa'

Note: This linter can be disabled with `set_option linter.unnecessarySimpa false`
⚠ [3463/3526] Replayed ZhangLS.Spec.Lemma57
warning: ZhangLS/Spec/Lemma57.lean:101:58: unused variable `hD`

Note: This linter can be disabled with `set_option linter.unusedVariables false`
warning: ZhangLS/Spec/Lemma57.lean:102:7: unused variable `hA`

Note: This linter can be disabled with `set_option linter.unusedVariables false`
⚠ [3464/3526] Replayed ZhangLS.Spec.Lemma57Arithmetic
warning: ZhangLS/Spec/Lemma57Arithmetic.lean:55:15: unused variable `hc_g`

Note: This linter can be disabled with `set_option linter.unusedVariables false`
⚠ [3469/3526] Replayed ZhangLS.Spec.Lemma57SmoothedSum
warning: ZhangLS/Spec/Lemma57SmoothedSum.lean:42:46: unused variable `hD`

Note: This linter can be disabled with `set_option linter.unusedVariables false`
⚠ [3478/3526] Replayed ZhangLS.Spec.Lemma57GaussianGlobal
warning: ZhangLS/Spec/Lemma57GaussianGlobal.lean:55:58: unused variable `ha`

Note: This linter can be disabled with `set_option linter.unusedVariables false`
warning: ZhangLS/Spec/Lemma57GaussianGlobal.lean:241:13: unused variable `hD`

Note: This linter can be disabled with `set_option linter.unusedVariables false`
warning: ZhangLS/Spec/Lemma57GaussianGlobal.lean:241:34: unused variable `hx`

Note: This linter can be disabled with `set_option linter.unusedVariables false`
⚠ [3479/3526] Replayed ZhangLS.Spec.Lemma57SmoothedSummability
warning: ZhangLS/Spec/Lemma57SmoothedSummability.lean:20:52: unused variable `hn`

Note: This linter can be disabled with `set_option linter.unusedVariables false`
⚠ [3484/3526] Replayed ZhangLS.Spec.Lemma57GaussianMellinTransform
warning: ZhangLS/Spec/Lemma57GaussianMellinTransform.lean:67:63: Used `tac1 <;> tac2` where `(tac1; tac2)` would suffice

Note: This linter can be disabled with `set_option linter.unnecessarySeqFocus false`
warning: ZhangLS/Spec/Lemma57GaussianMellinTransform.lean:145:54: Used `tac1 <;> tac2` where `(tac1; tac2)` would suffice

Note: This linter can be disabled with `set_option linter.unnecessarySeqFocus false`
warning: ZhangLS/Spec/Lemma57GaussianMellinTransform.lean:326:4: Try `simp at hs` instead of `simpa using hs`

Note: This linter can be disabled with `set_option linter.unnecessarySimpa false`
⚠ [3498/3526] Replayed ZhangLS.Spec.RiemannZetaCriticalLineBound
warning: ZhangLS/Spec/RiemannZetaCriticalLineBound.lean:99:2: Used `tac1 <;> tac2` where `(tac1; tac2)` would suffice

Note: This linter can be disabled with `set_option linter.unnecessarySeqFocus false`
warning: ZhangLS/Spec/RiemannZetaCriticalLineBound.lean:124:13: unused variable `hs`

Note: This linter can be disabled with `set_option linter.unusedVariables false`
warning: ZhangLS/Spec/RiemannZetaCriticalLineBound.lean:152:6: unused variable `n`

Note: This linter can be disabled with `set_option linter.unusedVariables false`
warning: ZhangLS/Spec/RiemannZetaCriticalLineBound.lean:156:20: unused variable `k`

Note: This linter can be disabled with `set_option linter.unusedVariables false`
warning: ZhangLS/Spec/RiemannZetaCriticalLineBound.lean:161:8: This simp argument is unused:
  sum_one_Icc

Hint: Omit it from the simp argument list.
  simp ̵[̵s̵u̵m̵_̵o̵n̵e̵_̵I̵c̵c̵]̵

Note: This linter can be disabled with `set_option linter.unusedSimpArgs false`
warning: ZhangLS/Spec/RiemannZetaCriticalLineBound.lean:242:12: 'ring' tactic does nothing

Note: This linter can be disabled with `set_option linter.unusedTactic false`
warning: ZhangLS/Spec/RiemannZetaCriticalLineBound.lean:242:12: this tactic is never executed

Note: This linter can be disabled with `set_option linter.unreachableTactic false`
warning: ZhangLS/Spec/RiemannZetaCriticalLineBound.lean:219:41: Used `tac1 <;> tac2` where `(tac1; tac2)` would suffice

Note: This linter can be disabled with `set_option linter.unnecessarySeqFocus false`
warning: ZhangLS/Spec/RiemannZetaCriticalLineBound.lean:303:8: 'ring' tactic does nothing

Note: This linter can be disabled with `set_option linter.unusedTactic false`
warning: ZhangLS/Spec/RiemannZetaCriticalLineBound.lean:303:8: this tactic is never executed

Note: This linter can be disabled with `set_option linter.unreachableTactic false`
warning: ZhangLS/Spec/RiemannZetaCriticalLineBound.lean:394:12: This simp argument is unused:
  norm_div

Hint: Omit it from the simp argument list.
  simp ̵[̵n̵o̵r̵m̵_̵d̵i̵v̵]̵

Note: This linter can be disabled with `set_option linter.unusedSimpArgs false`
warning: ZhangLS/Spec/RiemannZetaCriticalLineBound.lean:475:75: This simp argument is unused:
  norm_div

Hint: Omit it from the simp argument list.
  simp ̵[̵n̵o̵r̵m̵_̵d̵i̵v̵]̵

Note: This linter can be disabled with `set_option linter.unusedSimpArgs false`
⚠ [3499/3526] Replayed ZhangLS.Spec.Lemma57CriticalStripGrowth
warning: ZhangLS/Spec/Lemma57CriticalStripGrowth.lean:270:14: This simp argument is unused:
  norm_div

Hint: Omit it from the simp argument list.
  simp ̵[̵n̵o̵r̵m̵_̵d̵i̵v̵]̵

Note: This linter can be disabled with `set_option linter.unusedSimpArgs false`
⚠ [3506/3526] Replayed ZhangLS.Spec.Lemma23DirichletConjugation
warning: ZhangLS/Spec/Lemma23DirichletConjugation.lean:23:0: automatically included section variable(s) unused in theorem `ZhangLS.Spec.dirichletLSeries_inv_eq_conj_at_conj`:
  [NeZero N]
consider restructuring your `variable` declarations so that the variables are not in scope or explicitly omit them:
  omit [NeZero N] in theorem ...

Note: This linter can be disabled with `set_option linter.unusedSectionVars false`
⚠ [3508/3526] Replayed ZhangLS.Spec.Lemma23PrimitiveGaussSum
warning: ZhangLS/Spec/Lemma23PrimitiveGaussSum.lean:42:19: Used `tac1 <;> tac2` where `(tac1; tac2)` would suffice

Note: This linter can be disabled with `set_option linter.unnecessarySeqFocus false`
⚠ [3509/3526] Replayed ZhangLS.Spec.Lemma23DirichletUnitModulus
warning: ZhangLS/Spec/Lemma23DirichletUnitModulus.lean:112:48: Used `tac1 <;> tac2` where `(tac1; tac2)` would suffice

Note: This linter can be disabled with `set_option linter.unnecessarySeqFocus false`
Build completed successfully (3526 jobs).
== kernel-check ZhangLS/Spec/Lemma51GammaEuler.lean ==
⚠ [2469/2713] Replayed ZhangLS.Spec.Lemma23AnalyticLogBranch
warning: ZhangLS/Spec/Lemma23AnalyticLogBranch.lean:42:53: try 'simp' instead of 'simpa'

Note: This linter can be disabled with `set_option linter.unnecessarySimpa false`
warning: ZhangLS/Spec/Lemma23AnalyticLogBranch.lean:67:44: try 'simp' instead of 'simpa'

Note: This linter can be disabled with `set_option linter.unnecessarySimpa false`
⚠ [2473/2713] Replayed ZhangLS.Spec.RealDirichletCharacter
warning: ZhangLS/Spec/RealDirichletCharacter.lean:48:4: try 'simp' instead of 'simpa'

Note: This linter can be disabled with `set_option linter.unnecessarySimpa false`
⚠ [3461/3525] Replayed ZhangLS.Spec.RealAxisAtOne
warning: ZhangLS/Spec/RealAxisAtOne.lean:56:4: try 'simp' instead of 'simpa'

Note: This linter can be disabled with `set_option linter.unnecessarySimpa false`
⚠ [3463/3525] Replayed ZhangLS.Spec.Lemma57
warning: ZhangLS/Spec/Lemma57.lean:101:58: unused variable `hD`

Note: This linter can be disabled with `set_option linter.unusedVariables false`
warning: ZhangLS/Spec/Lemma57.lean:102:7: unused variable `hA`

Note: This linter can be disabled with `set_option linter.unusedVariables false`
⚠ [3464/3525] Replayed ZhangLS.Spec.Lemma57Arithmetic
warning: ZhangLS/Spec/Lemma57Arithmetic.lean:55:15: unused variable `hc_g`

Note: This linter can be disabled with `set_option linter.unusedVariables false`
⚠ [3469/3525] Replayed ZhangLS.Spec.Lemma57SmoothedSum
warning: ZhangLS/Spec/Lemma57SmoothedSum.lean:42:46: unused variable `hD`

Note: This linter can be disabled with `set_option linter.unusedVariables false`
⚠ [3478/3525] Replayed ZhangLS.Spec.Lemma57GaussianGlobal
warning: ZhangLS/Spec/Lemma57GaussianGlobal.lean:55:58: unused variable `ha`

Note: This linter can be disabled with `set_option linter.unusedVariables false`
warning: ZhangLS/Spec/Lemma57GaussianGlobal.lean:241:13: unused variable `hD`

Note: This linter can be disabled with `set_option linter.unusedVariables false`
warning: ZhangLS/Spec/Lemma57GaussianGlobal.lean:241:34: unused variable `hx`

Note: This linter can be disabled with `set_option linter.unusedVariables false`
⚠ [3479/3525] Replayed ZhangLS.Spec.Lemma57SmoothedSummability
warning: ZhangLS/Spec/Lemma57SmoothedSummability.lean:20:52: unused variable `hn`

Note: This linter can be disabled with `set_option linter.unusedVariables false`
⚠ [3484/3525] Replayed ZhangLS.Spec.Lemma57GaussianMellinTransform
warning: ZhangLS/Spec/Lemma57GaussianMellinTransform.lean:67:63: Used `tac1 <;> tac2` where `(tac1; tac2)` would suffice

Note: This linter can be disabled with `set_option linter.unnecessarySeqFocus false`
warning: ZhangLS/Spec/Lemma57GaussianMellinTransform.lean:145:54: Used `tac1 <;> tac2` where `(tac1; tac2)` would suffice

Note: This linter can be disabled with `set_option linter.unnecessarySeqFocus false`
warning: ZhangLS/Spec/Lemma57GaussianMellinTransform.lean:326:4: Try `simp at hs` instead of `simpa using hs`

Note: This linter can be disabled with `set_option linter.unnecessarySimpa false`
⚠ [3498/3525] Replayed ZhangLS.Spec.RiemannZetaCriticalLineBound
warning: ZhangLS/Spec/RiemannZetaCriticalLineBound.lean:99:2: Used `tac1 <;> tac2` where `(tac1; tac2)` would suffice

Note: This linter can be disabled with `set_option linter.unnecessarySeqFocus false`
warning: ZhangLS/Spec/RiemannZetaCriticalLineBound.lean:124:13: unused variable `hs`

Note: This linter can be disabled with `set_option linter.unusedVariables false`
warning: ZhangLS/Spec/RiemannZetaCriticalLineBound.lean:152:6: unused variable `n`

Note: This linter can be disabled with `set_option linter.unusedVariables false`
warning: ZhangLS/Spec/RiemannZetaCriticalLineBound.lean:156:20: unused variable `k`

Note: This linter can be disabled with `set_option linter.unusedVariables false`
warning: ZhangLS/Spec/RiemannZetaCriticalLineBound.lean:161:8: This simp argument is unused:
  sum_one_Icc

Hint: Omit it from the simp argument list.
  simp ̵[̵s̵u̵m̵_̵o̵n̵e̵_̵I̵c̵c̵]̵

Note: This linter can be disabled with `set_option linter.unusedSimpArgs false`
warning: ZhangLS/Spec/RiemannZetaCriticalLineBound.lean:242:12: 'ring' tactic does nothing

Note: This linter can be disabled with `set_option linter.unusedTactic false`
warning: ZhangLS/Spec/RiemannZetaCriticalLineBound.lean:242:12: this tactic is never executed

Note: This linter can be disabled with `set_option linter.unreachableTactic false`
warning: ZhangLS/Spec/RiemannZetaCriticalLineBound.lean:219:41: Used `tac1 <;> tac2` where `(tac1; tac2)` would suffice

Note: This linter can be disabled with `set_option linter.unnecessarySeqFocus false`
warning: ZhangLS/Spec/RiemannZetaCriticalLineBound.lean:303:8: 'ring' tactic does nothing

Note: This linter can be disabled with `set_option linter.unusedTactic false`
warning: ZhangLS/Spec/RiemannZetaCriticalLineBound.lean:303:8: this tactic is never executed

Note: This linter can be disabled with `set_option linter.unreachableTactic false`
warning: ZhangLS/Spec/RiemannZetaCriticalLineBound.lean:394:12: This simp argument is unused:
  norm_div

Hint: Omit it from the simp argument list.
  simp ̵[̵n̵o̵r̵m̵_̵d̵i̵v̵]̵

Note: This linter can be disabled with `set_option linter.unusedSimpArgs false`
warning: ZhangLS/Spec/RiemannZetaCriticalLineBound.lean:475:75: This simp argument is unused:
  norm_div

Hint: Omit it from the simp argument list.
  simp ̵[̵n̵o̵r̵m̵_̵d̵i̵v̵]̵

Note: This linter can be disabled with `set_option linter.unusedSimpArgs false`
⚠ [3499/3525] Replayed ZhangLS.Spec.Lemma57CriticalStripGrowth
warning: ZhangLS/Spec/Lemma57CriticalStripGrowth.lean:270:14: This simp argument is unused:
  norm_div

Hint: Omit it from the simp argument list.
  simp ̵[̵n̵o̵r̵m̵_̵d̵i̵v̵]̵

Note: This linter can be disabled with `set_option linter.unusedSimpArgs false`
⚠ [3506/3525] Replayed ZhangLS.Spec.Lemma23DirichletConjugation
warning: ZhangLS/Spec/Lemma23DirichletConjugation.lean:23:0: automatically included section variable(s) unused in theorem `ZhangLS.Spec.dirichletLSeries_inv_eq_conj_at_conj`:
  [NeZero N]
consider restructuring your `variable` declarations so that the variables are not in scope or explicitly omit them:
  omit [NeZero N] in theorem ...

Note: This linter can be disabled with `set_option linter.unusedSectionVars false`
⚠ [3508/3525] Replayed ZhangLS.Spec.Lemma23PrimitiveGaussSum
warning: ZhangLS/Spec/Lemma23PrimitiveGaussSum.lean:42:19: Used `tac1 <;> tac2` where `(tac1; tac2)` would suffice

Note: This linter can be disabled with `set_option linter.unnecessarySeqFocus false`
⚠ [3509/3525] Replayed ZhangLS.Spec.Lemma23DirichletUnitModulus
warning: ZhangLS/Spec/Lemma23DirichletUnitModulus.lean:112:48: Used `tac1 <;> tac2` where `(tac1; tac2)` would suffice

Note: This linter can be disabled with `set_option linter.unnecessarySeqFocus false`
Build completed successfully (3525 jobs).
== kernel-check ZhangLS/Spec/Lemma51GammaFactors.lean ==
⚠ [2469/2796] Replayed ZhangLS.Spec.Lemma23AnalyticLogBranch
warning: ZhangLS/Spec/Lemma23AnalyticLogBranch.lean:42:53: try 'simp' instead of 'simpa'

Note: This linter can be disabled with `set_option linter.unnecessarySimpa false`
warning: ZhangLS/Spec/Lemma23AnalyticLogBranch.lean:67:44: try 'simp' instead of 'simpa'

Note: This linter can be disabled with `set_option linter.unnecessarySimpa false`
⚠ [2473/2796] Replayed ZhangLS.Spec.RealDirichletCharacter
warning: ZhangLS/Spec/RealDirichletCharacter.lean:48:4: try 'simp' instead of 'simpa'

Note: This linter can be disabled with `set_option linter.unnecessarySimpa false`
⚠ [3461/3656] Replayed ZhangLS.Spec.RealAxisAtOne
warning: ZhangLS/Spec/RealAxisAtOne.lean:56:4: try 'simp' instead of 'simpa'

Note: This linter can be disabled with `set_option linter.unnecessarySimpa false`
⚠ [3463/3656] Replayed ZhangLS.Spec.Lemma57
warning: ZhangLS/Spec/Lemma57.lean:101:58: unused variable `hD`

Note: This linter can be disabled with `set_option linter.unusedVariables false`
warning: ZhangLS/Spec/Lemma57.lean:102:7: unused variable `hA`

Note: This linter can be disabled with `set_option linter.unusedVariables false`
⚠ [3464/3656] Replayed ZhangLS.Spec.Lemma57Arithmetic
warning: ZhangLS/Spec/Lemma57Arithmetic.lean:55:15: unused variable `hc_g`

Note: This linter can be disabled with `set_option linter.unusedVariables false`
⚠ [3469/3656] Replayed ZhangLS.Spec.Lemma57SmoothedSum
warning: ZhangLS/Spec/Lemma57SmoothedSum.lean:42:46: unused variable `hD`

Note: This linter can be disabled with `set_option linter.unusedVariables false`
⚠ [3478/3656] Replayed ZhangLS.Spec.Lemma57GaussianGlobal
warning: ZhangLS/Spec/Lemma57GaussianGlobal.lean:55:58: unused variable `ha`

Note: This linter can be disabled with `set_option linter.unusedVariables false`
warning: ZhangLS/Spec/Lemma57GaussianGlobal.lean:241:13: unused variable `hD`

Note: This linter can be disabled with `set_option linter.unusedVariables false`
warning: ZhangLS/Spec/Lemma57GaussianGlobal.lean:241:34: unused variable `hx`

Note: This linter can be disabled with `set_option linter.unusedVariables false`
⚠ [3479/3656] Replayed ZhangLS.Spec.Lemma57SmoothedSummability
warning: ZhangLS/Spec/Lemma57SmoothedSummability.lean:20:52: unused variable `hn`

Note: This linter can be disabled with `set_option linter.unusedVariables false`
⚠ [3484/3656] Replayed ZhangLS.Spec.Lemma57GaussianMellinTransform
warning: ZhangLS/Spec/Lemma57GaussianMellinTransform.lean:67:63: Used `tac1 <;> tac2` where `(tac1; tac2)` would suffice

Note: This linter can be disabled with `set_option linter.unnecessarySeqFocus false`
warning: ZhangLS/Spec/Lemma57GaussianMellinTransform.lean:145:54: Used `tac1 <;> tac2` where `(tac1; tac2)` would suffice

Note: This linter can be disabled with `set_option linter.unnecessarySeqFocus false`
warning: ZhangLS/Spec/Lemma57GaussianMellinTransform.lean:326:4: Try `simp at hs` instead of `simpa using hs`

Note: This linter can be disabled with `set_option linter.unnecessarySimpa false`
⚠ [3498/3656] Replayed ZhangLS.Spec.RiemannZetaCriticalLineBound
warning: ZhangLS/Spec/RiemannZetaCriticalLineBound.lean:99:2: Used `tac1 <;> tac2` where `(tac1; tac2)` would suffice

Note: This linter can be disabled with `set_option linter.unnecessarySeqFocus false`
warning: ZhangLS/Spec/RiemannZetaCriticalLineBound.lean:124:13: unused variable `hs`

Note: This linter can be disabled with `set_option linter.unusedVariables false`
warning: ZhangLS/Spec/RiemannZetaCriticalLineBound.lean:152:6: unused variable `n`

Note: This linter can be disabled with `set_option linter.unusedVariables false`
warning: ZhangLS/Spec/RiemannZetaCriticalLineBound.lean:156:20: unused variable `k`

Note: This linter can be disabled with `set_option linter.unusedVariables false`
warning: ZhangLS/Spec/RiemannZetaCriticalLineBound.lean:161:8: This simp argument is unused:
  sum_one_Icc

Hint: Omit it from the simp argument list.
  simp ̵[̵s̵u̵m̵_̵o̵n̵e̵_̵I̵c̵c̵]̵

Note: This linter can be disabled with `set_option linter.unusedSimpArgs false`
warning: ZhangLS/Spec/RiemannZetaCriticalLineBound.lean:242:12: 'ring' tactic does nothing

Note: This linter can be disabled with `set_option linter.unusedTactic false`
warning: ZhangLS/Spec/RiemannZetaCriticalLineBound.lean:242:12: this tactic is never executed

Note: This linter can be disabled with `set_option linter.unreachableTactic false`
warning: ZhangLS/Spec/RiemannZetaCriticalLineBound.lean:219:41: Used `tac1 <;> tac2` where `(tac1; tac2)` would suffice

Note: This linter can be disabled with `set_option linter.unnecessarySeqFocus false`
warning: ZhangLS/Spec/RiemannZetaCriticalLineBound.lean:303:8: 'ring' tactic does nothing

Note: This linter can be disabled with `set_option linter.unusedTactic false`
warning: ZhangLS/Spec/RiemannZetaCriticalLineBound.lean:303:8: this tactic is never executed

Note: This linter can be disabled with `set_option linter.unreachableTactic false`
warning: ZhangLS/Spec/RiemannZetaCriticalLineBound.lean:394:12: This simp argument is unused:
  norm_div

Hint: Omit it from the simp argument list.
  simp ̵[̵n̵o̵r̵m̵_̵d̵i̵v̵]̵

Note: This linter can be disabled with `set_option linter.unusedSimpArgs false`
warning: ZhangLS/Spec/RiemannZetaCriticalLineBound.lean:475:75: This simp argument is unused:
  norm_div

Hint: Omit it from the simp argument list.
  simp ̵[̵n̵o̵r̵m̵_̵d̵i̵v̵]̵

Note: This linter can be disabled with `set_option linter.unusedSimpArgs false`
⚠ [3499/3656] Replayed ZhangLS.Spec.Lemma57CriticalStripGrowth
warning: ZhangLS/Spec/Lemma57CriticalStripGrowth.lean:270:14: This simp argument is unused:
  norm_div

Hint: Omit it from the simp argument list.
  simp ̵[̵n̵o̵r̵m̵_̵d̵i̵v̵]̵

Note: This linter can be disabled with `set_option linter.unusedSimpArgs false`
⚠ [3506/3656] Replayed ZhangLS.Spec.Lemma23DirichletConjugation
warning: ZhangLS/Spec/Lemma23DirichletConjugation.lean:23:0: automatically included section variable(s) unused in theorem `ZhangLS.Spec.dirichletLSeries_inv_eq_conj_at_conj`:
  [NeZero N]
consider restructuring your `variable` declarations so that the variables are not in scope or explicitly omit them:
  omit [NeZero N] in theorem ...

Note: This linter can be disabled with `set_option linter.unusedSectionVars false`
⚠ [3508/3656] Replayed ZhangLS.Spec.Lemma23PrimitiveGaussSum
warning: ZhangLS/Spec/Lemma23PrimitiveGaussSum.lean:42:19: Used `tac1 <;> tac2` where `(tac1; tac2)` would suffice

Note: This linter can be disabled with `set_option linter.unnecessarySeqFocus false`
⚠ [3509/3656] Replayed ZhangLS.Spec.Lemma23DirichletUnitModulus
warning: ZhangLS/Spec/Lemma23DirichletUnitModulus.lean:112:48: Used `tac1 <;> tac2` where `(tac1; tac2)` would suffice

Note: This linter can be disabled with `set_option linter.unnecessarySeqFocus false`
⚠ [3527/3656] Replayed ZhangLS.Spec.Lemma44CharacterProduct
warning: ZhangLS/Spec/Lemma44CharacterProduct.lean:55:38: This simp argument is unused:
  mul_comm

Hint: Omit it from the simp argument list.
  simp [̵m̵u̵l̵_̵c̵o̵m̵m̵,̵ ̵m̵u̵l̵_̵l̵e̵f̵t̵_̵c̵o̵m̵m̵,̵[̲m̲u̲l̲_̲l̲e̲f̲t̲_̲c̲o̲m̲m̲,̲ mul_assoc]

Note: This linter can be disabled with `set_option linter.unusedSimpArgs false`
warning: ZhangLS/Spec/Lemma44CharacterProduct.lean:55:48: This simp argument is unused:
  mul_left_comm

Hint: Omit it from the simp argument list.
  simp [mul_comm, mul_l̵e̵f̵t̵_̵c̵o̵m̵m̵,̵ ̵m̵u̵l̵_̵assoc]

Note: This linter can be disabled with `set_option linter.unusedSimpArgs false`
Build completed successfully (3656 jobs).
== kernel-check ZhangLS/Spec/Lemma51Modulus.lean ==
⚠ [2469/2675] Replayed ZhangLS.Spec.Lemma23AnalyticLogBranch
warning: ZhangLS/Spec/Lemma23AnalyticLogBranch.lean:42:53: try 'simp' instead of 'simpa'

Note: This linter can be disabled with `set_option linter.unnecessarySimpa false`
warning: ZhangLS/Spec/Lemma23AnalyticLogBranch.lean:67:44: try 'simp' instead of 'simpa'

Note: This linter can be disabled with `set_option linter.unnecessarySimpa false`
⚠ [2473/2675] Replayed ZhangLS.Spec.RealDirichletCharacter
warning: ZhangLS/Spec/RealDirichletCharacter.lean:48:4: try 'simp' instead of 'simpa'

Note: This linter can be disabled with `set_option linter.unnecessarySimpa false`
⚠ [3461/3658] Replayed ZhangLS.Spec.RealAxisAtOne
warning: ZhangLS/Spec/RealAxisAtOne.lean:56:4: try 'simp' instead of 'simpa'

Note: This linter can be disabled with `set_option linter.unnecessarySimpa false`
⚠ [3463/3658] Replayed ZhangLS.Spec.Lemma57
warning: ZhangLS/Spec/Lemma57.lean:101:58: unused variable `hD`

Note: This linter can be disabled with `set_option linter.unusedVariables false`
warning: ZhangLS/Spec/Lemma57.lean:102:7: unused variable `hA`

Note: This linter can be disabled with `set_option linter.unusedVariables false`
⚠ [3464/3658] Replayed ZhangLS.Spec.Lemma57Arithmetic
warning: ZhangLS/Spec/Lemma57Arithmetic.lean:55:15: unused variable `hc_g`

Note: This linter can be disabled with `set_option linter.unusedVariables false`
⚠ [3469/3658] Replayed ZhangLS.Spec.Lemma57SmoothedSum
warning: ZhangLS/Spec/Lemma57SmoothedSum.lean:42:46: unused variable `hD`

Note: This linter can be disabled with `set_option linter.unusedVariables false`
⚠ [3478/3658] Replayed ZhangLS.Spec.Lemma57GaussianGlobal
warning: ZhangLS/Spec/Lemma57GaussianGlobal.lean:55:58: unused variable `ha`

Note: This linter can be disabled with `set_option linter.unusedVariables false`
warning: ZhangLS/Spec/Lemma57GaussianGlobal.lean:241:13: unused variable `hD`

Note: This linter can be disabled with `set_option linter.unusedVariables false`
warning: ZhangLS/Spec/Lemma57GaussianGlobal.lean:241:34: unused variable `hx`

Note: This linter can be disabled with `set_option linter.unusedVariables false`
⚠ [3479/3658] Replayed ZhangLS.Spec.Lemma57SmoothedSummability
warning: ZhangLS/Spec/Lemma57SmoothedSummability.lean:20:52: unused variable `hn`

Note: This linter can be disabled with `set_option linter.unusedVariables false`
⚠ [3484/3658] Replayed ZhangLS.Spec.Lemma57GaussianMellinTransform
warning: ZhangLS/Spec/Lemma57GaussianMellinTransform.lean:67:63: Used `tac1 <;> tac2` where `(tac1; tac2)` would suffice

Note: This linter can be disabled with `set_option linter.unnecessarySeqFocus false`
warning: ZhangLS/Spec/Lemma57GaussianMellinTransform.lean:145:54: Used `tac1 <;> tac2` where `(tac1; tac2)` would suffice

Note: This linter can be disabled with `set_option linter.unnecessarySeqFocus false`
warning: ZhangLS/Spec/Lemma57GaussianMellinTransform.lean:326:4: Try `simp at hs` instead of `simpa using hs`

Note: This linter can be disabled with `set_option linter.unnecessarySimpa false`
⚠ [3498/3658] Replayed ZhangLS.Spec.RiemannZetaCriticalLineBound
warning: ZhangLS/Spec/RiemannZetaCriticalLineBound.lean:99:2: Used `tac1 <;> tac2` where `(tac1; tac2)` would suffice

Note: This linter can be disabled with `set_option linter.unnecessarySeqFocus false`
warning: ZhangLS/Spec/RiemannZetaCriticalLineBound.lean:124:13: unused variable `hs`

Note: This linter can be disabled with `set_option linter.unusedVariables false`
warning: ZhangLS/Spec/RiemannZetaCriticalLineBound.lean:152:6: unused variable `n`

Note: This linter can be disabled with `set_option linter.unusedVariables false`
warning: ZhangLS/Spec/RiemannZetaCriticalLineBound.lean:156:20: unused variable `k`

Note: This linter can be disabled with `set_option linter.unusedVariables false`
warning: ZhangLS/Spec/RiemannZetaCriticalLineBound.lean:161:8: This simp argument is unused:
  sum_one_Icc

Hint: Omit it from the simp argument list.
  simp ̵[̵s̵u̵m̵_̵o̵n̵e̵_̵I̵c̵c̵]̵

Note: This linter can be disabled with `set_option linter.unusedSimpArgs false`
warning: ZhangLS/Spec/RiemannZetaCriticalLineBound.lean:242:12: 'ring' tactic does nothing

Note: This linter can be disabled with `set_option linter.unusedTactic false`
warning: ZhangLS/Spec/RiemannZetaCriticalLineBound.lean:242:12: this tactic is never executed

Note: This linter can be disabled with `set_option linter.unreachableTactic false`
warning: ZhangLS/Spec/RiemannZetaCriticalLineBound.lean:219:41: Used `tac1 <;> tac2` where `(tac1; tac2)` would suffice

Note: This linter can be disabled with `set_option linter.unnecessarySeqFocus false`
warning: ZhangLS/Spec/RiemannZetaCriticalLineBound.lean:303:8: 'ring' tactic does nothing

Note: This linter can be disabled with `set_option linter.unusedTactic false`
warning: ZhangLS/Spec/RiemannZetaCriticalLineBound.lean:303:8: this tactic is never executed

Note: This linter can be disabled with `set_option linter.unreachableTactic false`
warning: ZhangLS/Spec/RiemannZetaCriticalLineBound.lean:394:12: This simp argument is unused:
  norm_div

Hint: Omit it from the simp argument list.
  simp ̵[̵n̵o̵r̵m̵_̵d̵i̵v̵]̵

Note: This linter can be disabled with `set_option linter.unusedSimpArgs false`
warning: ZhangLS/Spec/RiemannZetaCriticalLineBound.lean:475:75: This simp argument is unused:
  norm_div

Hint: Omit it from the simp argument list.
  simp ̵[̵n̵o̵r̵m̵_̵d̵i̵v̵]̵

Note: This linter can be disabled with `set_option linter.unusedSimpArgs false`
⚠ [3499/3658] Replayed ZhangLS.Spec.Lemma57CriticalStripGrowth
warning: ZhangLS/Spec/Lemma57CriticalStripGrowth.lean:270:14: This simp argument is unused:
  norm_div

Hint: Omit it from the simp argument list.
  simp ̵[̵n̵o̵r̵m̵_̵d̵i̵v̵]̵

Note: This linter can be disabled with `set_option linter.unusedSimpArgs false`
⚠ [3506/3658] Replayed ZhangLS.Spec.Lemma23DirichletConjugation
warning: ZhangLS/Spec/Lemma23DirichletConjugation.lean:23:0: automatically included section variable(s) unused in theorem `ZhangLS.Spec.dirichletLSeries_inv_eq_conj_at_conj`:
  [NeZero N]
consider restructuring your `variable` declarations so that the variables are not in scope or explicitly omit them:
  omit [NeZero N] in theorem ...

Note: This linter can be disabled with `set_option linter.unusedSectionVars false`
⚠ [3508/3658] Replayed ZhangLS.Spec.Lemma23PrimitiveGaussSum
warning: ZhangLS/Spec/Lemma23PrimitiveGaussSum.lean:42:19: Used `tac1 <;> tac2` where `(tac1; tac2)` would suffice

Note: This linter can be disabled with `set_option linter.unnecessarySeqFocus false`
⚠ [3509/3658] Replayed ZhangLS.Spec.Lemma23DirichletUnitModulus
warning: ZhangLS/Spec/Lemma23DirichletUnitModulus.lean:112:48: Used `tac1 <;> tac2` where `(tac1; tac2)` would suffice

Note: This linter can be disabled with `set_option linter.unnecessarySeqFocus false`
⚠ [3527/3658] Replayed ZhangLS.Spec.Lemma44CharacterProduct
warning: ZhangLS/Spec/Lemma44CharacterProduct.lean:55:38: This simp argument is unused:
  mul_comm

Hint: Omit it from the simp argument list.
  simp [̵m̵u̵l̵_̵c̵o̵m̵m̵,̵ ̵m̵u̵l̵_̵l̵e̵f̵t̵_̵c̵o̵m̵m̵,̵[̲m̲u̲l̲_̲l̲e̲f̲t̲_̲c̲o̲m̲m̲,̲ mul_assoc]

Note: This linter can be disabled with `set_option linter.unusedSimpArgs false`
warning: ZhangLS/Spec/Lemma44CharacterProduct.lean:55:48: This simp argument is unused:
  mul_left_comm

Hint: Omit it from the simp argument list.
  simp [mul_comm, mul_l̵e̵f̵t̵_̵c̵o̵m̵m̵,̵ ̵m̵u̵l̵_̵assoc]

Note: This linter can be disabled with `set_option linter.unusedSimpArgs false`
Build completed successfully (3658 jobs).
== kernel-check ZhangLS/Spec/Lemma51Parameters.lean ==
⚠ [2469/2501] Replayed ZhangLS.Spec.Lemma23AnalyticLogBranch
warning: ZhangLS/Spec/Lemma23AnalyticLogBranch.lean:42:53: try 'simp' instead of 'simpa'

Note: This linter can be disabled with `set_option linter.unnecessarySimpa false`
warning: ZhangLS/Spec/Lemma23AnalyticLogBranch.lean:67:44: try 'simp' instead of 'simpa'

Note: This linter can be disabled with `set_option linter.unnecessarySimpa false`
⚠ [2473/2501] Replayed ZhangLS.Spec.RealDirichletCharacter
warning: ZhangLS/Spec/RealDirichletCharacter.lean:48:4: try 'simp' instead of 'simpa'

Note: This linter can be disabled with `set_option linter.unnecessarySimpa false`
⚠ [3461/3657] Replayed ZhangLS.Spec.RealAxisAtOne
warning: ZhangLS/Spec/RealAxisAtOne.lean:56:4: try 'simp' instead of 'simpa'

Note: This linter can be disabled with `set_option linter.unnecessarySimpa false`
⚠ [3463/3657] Replayed ZhangLS.Spec.Lemma57
warning: ZhangLS/Spec/Lemma57.lean:101:58: unused variable `hD`

Note: This linter can be disabled with `set_option linter.unusedVariables false`
warning: ZhangLS/Spec/Lemma57.lean:102:7: unused variable `hA`

Note: This linter can be disabled with `set_option linter.unusedVariables false`
⚠ [3464/3657] Replayed ZhangLS.Spec.Lemma57Arithmetic
warning: ZhangLS/Spec/Lemma57Arithmetic.lean:55:15: unused variable `hc_g`

Note: This linter can be disabled with `set_option linter.unusedVariables false`
⚠ [3469/3657] Replayed ZhangLS.Spec.Lemma57SmoothedSum
warning: ZhangLS/Spec/Lemma57SmoothedSum.lean:42:46: unused variable `hD`

Note: This linter can be disabled with `set_option linter.unusedVariables false`
⚠ [3478/3657] Replayed ZhangLS.Spec.Lemma57GaussianGlobal
warning: ZhangLS/Spec/Lemma57GaussianGlobal.lean:55:58: unused variable `ha`

Note: This linter can be disabled with `set_option linter.unusedVariables false`
warning: ZhangLS/Spec/Lemma57GaussianGlobal.lean:241:13: unused variable `hD`

Note: This linter can be disabled with `set_option linter.unusedVariables false`
warning: ZhangLS/Spec/Lemma57GaussianGlobal.lean:241:34: unused variable `hx`

Note: This linter can be disabled with `set_option linter.unusedVariables false`
⚠ [3479/3657] Replayed ZhangLS.Spec.Lemma57SmoothedSummability
warning: ZhangLS/Spec/Lemma57SmoothedSummability.lean:20:52: unused variable `hn`

Note: This linter can be disabled with `set_option linter.unusedVariables false`
⚠ [3484/3657] Replayed ZhangLS.Spec.Lemma57GaussianMellinTransform
warning: ZhangLS/Spec/Lemma57GaussianMellinTransform.lean:67:63: Used `tac1 <;> tac2` where `(tac1; tac2)` would suffice

Note: This linter can be disabled with `set_option linter.unnecessarySeqFocus false`
warning: ZhangLS/Spec/Lemma57GaussianMellinTransform.lean:145:54: Used `tac1 <;> tac2` where `(tac1; tac2)` would suffice

Note: This linter can be disabled with `set_option linter.unnecessarySeqFocus false`
warning: ZhangLS/Spec/Lemma57GaussianMellinTransform.lean:326:4: Try `simp at hs` instead of `simpa using hs`

Note: This linter can be disabled with `set_option linter.unnecessarySimpa false`
⚠ [3498/3657] Replayed ZhangLS.Spec.RiemannZetaCriticalLineBound
warning: ZhangLS/Spec/RiemannZetaCriticalLineBound.lean:99:2: Used `tac1 <;> tac2` where `(tac1; tac2)` would suffice

Note: This linter can be disabled with `set_option linter.unnecessarySeqFocus false`
warning: ZhangLS/Spec/RiemannZetaCriticalLineBound.lean:124:13: unused variable `hs`

Note: This linter can be disabled with `set_option linter.unusedVariables false`
warning: ZhangLS/Spec/RiemannZetaCriticalLineBound.lean:152:6: unused variable `n`

Note: This linter can be disabled with `set_option linter.unusedVariables false`
warning: ZhangLS/Spec/RiemannZetaCriticalLineBound.lean:156:20: unused variable `k`

Note: This linter can be disabled with `set_option linter.unusedVariables false`
warning: ZhangLS/Spec/RiemannZetaCriticalLineBound.lean:161:8: This simp argument is unused:
  sum_one_Icc

Hint: Omit it from the simp argument list.
  simp ̵[̵s̵u̵m̵_̵o̵n̵e̵_̵I̵c̵c̵]̵

Note: This linter can be disabled with `set_option linter.unusedSimpArgs false`
warning: ZhangLS/Spec/RiemannZetaCriticalLineBound.lean:242:12: 'ring' tactic does nothing

Note: This linter can be disabled with `set_option linter.unusedTactic false`
warning: ZhangLS/Spec/RiemannZetaCriticalLineBound.lean:242:12: this tactic is never executed

Note: This linter can be disabled with `set_option linter.unreachableTactic false`
warning: ZhangLS/Spec/RiemannZetaCriticalLineBound.lean:219:41: Used `tac1 <;> tac2` where `(tac1; tac2)` would suffice

Note: This linter can be disabled with `set_option linter.unnecessarySeqFocus false`
warning: ZhangLS/Spec/RiemannZetaCriticalLineBound.lean:303:8: 'ring' tactic does nothing

Note: This linter can be disabled with `set_option linter.unusedTactic false`
warning: ZhangLS/Spec/RiemannZetaCriticalLineBound.lean:303:8: this tactic is never executed

Note: This linter can be disabled with `set_option linter.unreachableTactic false`
warning: ZhangLS/Spec/RiemannZetaCriticalLineBound.lean:394:12: This simp argument is unused:
  norm_div

Hint: Omit it from the simp argument list.
  simp ̵[̵n̵o̵r̵m̵_̵d̵i̵v̵]̵

Note: This linter can be disabled with `set_option linter.unusedSimpArgs false`
warning: ZhangLS/Spec/RiemannZetaCriticalLineBound.lean:475:75: This simp argument is unused:
  norm_div

Hint: Omit it from the simp argument list.
  simp ̵[̵n̵o̵r̵m̵_̵d̵i̵v̵]̵

Note: This linter can be disabled with `set_option linter.unusedSimpArgs false`
⚠ [3499/3657] Replayed ZhangLS.Spec.Lemma57CriticalStripGrowth
warning: ZhangLS/Spec/Lemma57CriticalStripGrowth.lean:270:14: This simp argument is unused:
  norm_div

Hint: Omit it from the simp argument list.
  simp ̵[̵n̵o̵r̵m̵_̵d̵i̵v̵]̵

Note: This linter can be disabled with `set_option linter.unusedSimpArgs false`
⚠ [3506/3657] Replayed ZhangLS.Spec.Lemma23DirichletConjugation
warning: ZhangLS/Spec/Lemma23DirichletConjugation.lean:23:0: automatically included section variable(s) unused in theorem `ZhangLS.Spec.dirichletLSeries_inv_eq_conj_at_conj`:
  [NeZero N]
consider restructuring your `variable` declarations so that the variables are not in scope or explicitly omit them:
  omit [NeZero N] in theorem ...

Note: This linter can be disabled with `set_option linter.unusedSectionVars false`
⚠ [3508/3657] Replayed ZhangLS.Spec.Lemma23PrimitiveGaussSum
warning: ZhangLS/Spec/Lemma23PrimitiveGaussSum.lean:42:19: Used `tac1 <;> tac2` where `(tac1; tac2)` would suffice

Note: This linter can be disabled with `set_option linter.unnecessarySeqFocus false`
⚠ [3509/3657] Replayed ZhangLS.Spec.Lemma23DirichletUnitModulus
warning: ZhangLS/Spec/Lemma23DirichletUnitModulus.lean:112:48: Used `tac1 <;> tac2` where `(tac1; tac2)` would suffice

Note: This linter can be disabled with `set_option linter.unnecessarySeqFocus false`
⚠ [3527/3657] Replayed ZhangLS.Spec.Lemma44CharacterProduct
warning: ZhangLS/Spec/Lemma44CharacterProduct.lean:55:38: This simp argument is unused:
  mul_comm

Hint: Omit it from the simp argument list.
  simp [̵m̵u̵l̵_̵c̵o̵m̵m̵,̵ ̵m̵u̵l̵_̵l̵e̵f̵t̵_̵c̵o̵m̵m̵,̵[̲m̲u̲l̲_̲l̲e̲f̲t̲_̲c̲o̲m̲m̲,̲ mul_assoc]

Note: This linter can be disabled with `set_option linter.unusedSimpArgs false`
warning: ZhangLS/Spec/Lemma44CharacterProduct.lean:55:48: This simp argument is unused:
  mul_left_comm

Hint: Omit it from the simp argument list.
  simp [mul_comm, mul_l̵e̵f̵t̵_̵c̵o̵m̵m̵,̵ ̵m̵u̵l̵_̵assoc]

Note: This linter can be disabled with `set_option linter.unusedSimpArgs false`
Build completed successfully (3657 jobs).
== kernel-check ZhangLS/Spec/Lemma51ShiftEstimates.lean ==
⚠ [2469/2918] Replayed ZhangLS.Spec.Lemma23AnalyticLogBranch
warning: ZhangLS/Spec/Lemma23AnalyticLogBranch.lean:42:53: try 'simp' instead of 'simpa'

Note: This linter can be disabled with `set_option linter.unnecessarySimpa false`
warning: ZhangLS/Spec/Lemma23AnalyticLogBranch.lean:67:44: try 'simp' instead of 'simpa'

Note: This linter can be disabled with `set_option linter.unnecessarySimpa false`
⚠ [2473/2918] Replayed ZhangLS.Spec.RealDirichletCharacter
warning: ZhangLS/Spec/RealDirichletCharacter.lean:48:4: try 'simp' instead of 'simpa'

Note: This linter can be disabled with `set_option linter.unnecessarySimpa false`
⚠ [3461/3660] Replayed ZhangLS.Spec.RealAxisAtOne
warning: ZhangLS/Spec/RealAxisAtOne.lean:56:4: try 'simp' instead of 'simpa'

Note: This linter can be disabled with `set_option linter.unnecessarySimpa false`
⚠ [3463/3660] Replayed ZhangLS.Spec.Lemma57
warning: ZhangLS/Spec/Lemma57.lean:101:58: unused variable `hD`

Note: This linter can be disabled with `set_option linter.unusedVariables false`
warning: ZhangLS/Spec/Lemma57.lean:102:7: unused variable `hA`

Note: This linter can be disabled with `set_option linter.unusedVariables false`
⚠ [3464/3660] Replayed ZhangLS.Spec.Lemma57Arithmetic
warning: ZhangLS/Spec/Lemma57Arithmetic.lean:55:15: unused variable `hc_g`

Note: This linter can be disabled with `set_option linter.unusedVariables false`
⚠ [3469/3660] Replayed ZhangLS.Spec.Lemma57SmoothedSum
warning: ZhangLS/Spec/Lemma57SmoothedSum.lean:42:46: unused variable `hD`

Note: This linter can be disabled with `set_option linter.unusedVariables false`
⚠ [3478/3660] Replayed ZhangLS.Spec.Lemma57GaussianGlobal
warning: ZhangLS/Spec/Lemma57GaussianGlobal.lean:55:58: unused variable `ha`

Note: This linter can be disabled with `set_option linter.unusedVariables false`
warning: ZhangLS/Spec/Lemma57GaussianGlobal.lean:241:13: unused variable `hD`

Note: This linter can be disabled with `set_option linter.unusedVariables false`
warning: ZhangLS/Spec/Lemma57GaussianGlobal.lean:241:34: unused variable `hx`

Note: This linter can be disabled with `set_option linter.unusedVariables false`
⚠ [3479/3660] Replayed ZhangLS.Spec.Lemma57SmoothedSummability
warning: ZhangLS/Spec/Lemma57SmoothedSummability.lean:20:52: unused variable `hn`

Note: This linter can be disabled with `set_option linter.unusedVariables false`
⚠ [3484/3660] Replayed ZhangLS.Spec.Lemma57GaussianMellinTransform
warning: ZhangLS/Spec/Lemma57GaussianMellinTransform.lean:67:63: Used `tac1 <;> tac2` where `(tac1; tac2)` would suffice

Note: This linter can be disabled with `set_option linter.unnecessarySeqFocus false`
warning: ZhangLS/Spec/Lemma57GaussianMellinTransform.lean:145:54: Used `tac1 <;> tac2` where `(tac1; tac2)` would suffice

Note: This linter can be disabled with `set_option linter.unnecessarySeqFocus false`
warning: ZhangLS/Spec/Lemma57GaussianMellinTransform.lean:326:4: Try `simp at hs` instead of `simpa using hs`

Note: This linter can be disabled with `set_option linter.unnecessarySimpa false`
⚠ [3498/3660] Replayed ZhangLS.Spec.RiemannZetaCriticalLineBound
warning: ZhangLS/Spec/RiemannZetaCriticalLineBound.lean:99:2: Used `tac1 <;> tac2` where `(tac1; tac2)` would suffice

Note: This linter can be disabled with `set_option linter.unnecessarySeqFocus false`
warning: ZhangLS/Spec/RiemannZetaCriticalLineBound.lean:124:13: unused variable `hs`

Note: This linter can be disabled with `set_option linter.unusedVariables false`
warning: ZhangLS/Spec/RiemannZetaCriticalLineBound.lean:152:6: unused variable `n`

Note: This linter can be disabled with `set_option linter.unusedVariables false`
warning: ZhangLS/Spec/RiemannZetaCriticalLineBound.lean:156:20: unused variable `k`

Note: This linter can be disabled with `set_option linter.unusedVariables false`
warning: ZhangLS/Spec/RiemannZetaCriticalLineBound.lean:161:8: This simp argument is unused:
  sum_one_Icc

Hint: Omit it from the simp argument list.
  simp ̵[̵s̵u̵m̵_̵o̵n̵e̵_̵I̵c̵c̵]̵

Note: This linter can be disabled with `set_option linter.unusedSimpArgs false`
warning: ZhangLS/Spec/RiemannZetaCriticalLineBound.lean:242:12: 'ring' tactic does nothing

Note: This linter can be disabled with `set_option linter.unusedTactic false`
warning: ZhangLS/Spec/RiemannZetaCriticalLineBound.lean:242:12: this tactic is never executed

Note: This linter can be disabled with `set_option linter.unreachableTactic false`
warning: ZhangLS/Spec/RiemannZetaCriticalLineBound.lean:219:41: Used `tac1 <;> tac2` where `(tac1; tac2)` would suffice

Note: This linter can be disabled with `set_option linter.unnecessarySeqFocus false`
warning: ZhangLS/Spec/RiemannZetaCriticalLineBound.lean:303:8: 'ring' tactic does nothing

Note: This linter can be disabled with `set_option linter.unusedTactic false`
warning: ZhangLS/Spec/RiemannZetaCriticalLineBound.lean:303:8: this tactic is never executed

Note: This linter can be disabled with `set_option linter.unreachableTactic false`
warning: ZhangLS/Spec/RiemannZetaCriticalLineBound.lean:394:12: This simp argument is unused:
  norm_div

Hint: Omit it from the simp argument list.
  simp ̵[̵n̵o̵r̵m̵_̵d̵i̵v̵]̵

Note: This linter can be disabled with `set_option linter.unusedSimpArgs false`
warning: ZhangLS/Spec/RiemannZetaCriticalLineBound.lean:475:75: This simp argument is unused:
  norm_div

Hint: Omit it from the simp argument list.
  simp ̵[̵n̵o̵r̵m̵_̵d̵i̵v̵]̵

Note: This linter can be disabled with `set_option linter.unusedSimpArgs false`
⚠ [3499/3660] Replayed ZhangLS.Spec.Lemma57CriticalStripGrowth
warning: ZhangLS/Spec/Lemma57CriticalStripGrowth.lean:270:14: This simp argument is unused:
  norm_div

Hint: Omit it from the simp argument list.
  simp ̵[̵n̵o̵r̵m̵_̵d̵i̵v̵]̵

Note: This linter can be disabled with `set_option linter.unusedSimpArgs false`
⚠ [3506/3660] Replayed ZhangLS.Spec.Lemma23DirichletConjugation
warning: ZhangLS/Spec/Lemma23DirichletConjugation.lean:23:0: automatically included section variable(s) unused in theorem `ZhangLS.Spec.dirichletLSeries_inv_eq_conj_at_conj`:
  [NeZero N]
consider restructuring your `variable` declarations so that the variables are not in scope or explicitly omit them:
  omit [NeZero N] in theorem ...

Note: This linter can be disabled with `set_option linter.unusedSectionVars false`
⚠ [3508/3660] Replayed ZhangLS.Spec.Lemma23PrimitiveGaussSum
warning: ZhangLS/Spec/Lemma23PrimitiveGaussSum.lean:42:19: Used `tac1 <;> tac2` where `(tac1; tac2)` would suffice

Note: This linter can be disabled with `set_option linter.unnecessarySeqFocus false`
⚠ [3509/3660] Replayed ZhangLS.Spec.Lemma23DirichletUnitModulus
warning: ZhangLS/Spec/Lemma23DirichletUnitModulus.lean:112:48: Used `tac1 <;> tac2` where `(tac1; tac2)` would suffice

Note: This linter can be disabled with `set_option linter.unnecessarySeqFocus false`
⚠ [3527/3660] Replayed ZhangLS.Spec.Lemma44CharacterProduct
warning: ZhangLS/Spec/Lemma44CharacterProduct.lean:55:38: This simp argument is unused:
  mul_comm

Hint: Omit it from the simp argument list.
  simp [̵m̵u̵l̵_̵c̵o̵m̵m̵,̵ ̵m̵u̵l̵_̵l̵e̵f̵t̵_̵c̵o̵m̵m̵,̵[̲m̲u̲l̲_̲l̲e̲f̲t̲_̲c̲o̲m̲m̲,̲ mul_assoc]

Note: This linter can be disabled with `set_option linter.unusedSimpArgs false`
warning: ZhangLS/Spec/Lemma44CharacterProduct.lean:55:48: This simp argument is unused:
  mul_left_comm

Hint: Omit it from the simp argument list.
  simp [mul_comm, mul_l̵e̵f̵t̵_̵c̵o̵m̵m̵,̵ ̵m̵u̵l̵_̵assoc]

Note: This linter can be disabled with `set_option linter.unusedSimpArgs false`
Build completed successfully (3660 jobs).
== kernel-check ZhangLS/Spec/Lemma51VerticalTransport.lean ==
⚠ [2469/2732] Replayed ZhangLS.Spec.Lemma23AnalyticLogBranch
warning: ZhangLS/Spec/Lemma23AnalyticLogBranch.lean:42:53: try 'simp' instead of 'simpa'

Note: This linter can be disabled with `set_option linter.unnecessarySimpa false`
warning: ZhangLS/Spec/Lemma23AnalyticLogBranch.lean:67:44: try 'simp' instead of 'simpa'

Note: This linter can be disabled with `set_option linter.unnecessarySimpa false`
⚠ [2473/2732] Replayed ZhangLS.Spec.RealDirichletCharacter
warning: ZhangLS/Spec/RealDirichletCharacter.lean:48:4: try 'simp' instead of 'simpa'

Note: This linter can be disabled with `set_option linter.unnecessarySimpa false`
⚠ [3461/3659] Replayed ZhangLS.Spec.RealAxisAtOne
warning: ZhangLS/Spec/RealAxisAtOne.lean:56:4: try 'simp' instead of 'simpa'

Note: This linter can be disabled with `set_option linter.unnecessarySimpa false`
⚠ [3463/3659] Replayed ZhangLS.Spec.Lemma57
warning: ZhangLS/Spec/Lemma57.lean:101:58: unused variable `hD`

Note: This linter can be disabled with `set_option linter.unusedVariables false`
warning: ZhangLS/Spec/Lemma57.lean:102:7: unused variable `hA`

Note: This linter can be disabled with `set_option linter.unusedVariables false`
⚠ [3464/3659] Replayed ZhangLS.Spec.Lemma57Arithmetic
warning: ZhangLS/Spec/Lemma57Arithmetic.lean:55:15: unused variable `hc_g`

Note: This linter can be disabled with `set_option linter.unusedVariables false`
⚠ [3469/3659] Replayed ZhangLS.Spec.Lemma57SmoothedSum
warning: ZhangLS/Spec/Lemma57SmoothedSum.lean:42:46: unused variable `hD`

Note: This linter can be disabled with `set_option linter.unusedVariables false`
⚠ [3478/3659] Replayed ZhangLS.Spec.Lemma57GaussianGlobal
warning: ZhangLS/Spec/Lemma57GaussianGlobal.lean:55:58: unused variable `ha`

Note: This linter can be disabled with `set_option linter.unusedVariables false`
warning: ZhangLS/Spec/Lemma57GaussianGlobal.lean:241:13: unused variable `hD`

Note: This linter can be disabled with `set_option linter.unusedVariables false`
warning: ZhangLS/Spec/Lemma57GaussianGlobal.lean:241:34: unused variable `hx`

Note: This linter can be disabled with `set_option linter.unusedVariables false`
⚠ [3479/3659] Replayed ZhangLS.Spec.Lemma57SmoothedSummability
warning: ZhangLS/Spec/Lemma57SmoothedSummability.lean:20:52: unused variable `hn`

Note: This linter can be disabled with `set_option linter.unusedVariables false`
⚠ [3484/3659] Replayed ZhangLS.Spec.Lemma57GaussianMellinTransform
warning: ZhangLS/Spec/Lemma57GaussianMellinTransform.lean:67:63: Used `tac1 <;> tac2` where `(tac1; tac2)` would suffice

Note: This linter can be disabled with `set_option linter.unnecessarySeqFocus false`
warning: ZhangLS/Spec/Lemma57GaussianMellinTransform.lean:145:54: Used `tac1 <;> tac2` where `(tac1; tac2)` would suffice

Note: This linter can be disabled with `set_option linter.unnecessarySeqFocus false`
warning: ZhangLS/Spec/Lemma57GaussianMellinTransform.lean:326:4: Try `simp at hs` instead of `simpa using hs`

Note: This linter can be disabled with `set_option linter.unnecessarySimpa false`
⚠ [3498/3659] Replayed ZhangLS.Spec.RiemannZetaCriticalLineBound
warning: ZhangLS/Spec/RiemannZetaCriticalLineBound.lean:99:2: Used `tac1 <;> tac2` where `(tac1; tac2)` would suffice

Note: This linter can be disabled with `set_option linter.unnecessarySeqFocus false`
warning: ZhangLS/Spec/RiemannZetaCriticalLineBound.lean:124:13: unused variable `hs`

Note: This linter can be disabled with `set_option linter.unusedVariables false`
warning: ZhangLS/Spec/RiemannZetaCriticalLineBound.lean:152:6: unused variable `n`

Note: This linter can be disabled with `set_option linter.unusedVariables false`
warning: ZhangLS/Spec/RiemannZetaCriticalLineBound.lean:156:20: unused variable `k`

Note: This linter can be disabled with `set_option linter.unusedVariables false`
warning: ZhangLS/Spec/RiemannZetaCriticalLineBound.lean:161:8: This simp argument is unused:
  sum_one_Icc

Hint: Omit it from the simp argument list.
  simp ̵[̵s̵u̵m̵_̵o̵n̵e̵_̵I̵c̵c̵]̵

Note: This linter can be disabled with `set_option linter.unusedSimpArgs false`
warning: ZhangLS/Spec/RiemannZetaCriticalLineBound.lean:242:12: 'ring' tactic does nothing

Note: This linter can be disabled with `set_option linter.unusedTactic false`
warning: ZhangLS/Spec/RiemannZetaCriticalLineBound.lean:242:12: this tactic is never executed

Note: This linter can be disabled with `set_option linter.unreachableTactic false`
warning: ZhangLS/Spec/RiemannZetaCriticalLineBound.lean:219:41: Used `tac1 <;> tac2` where `(tac1; tac2)` would suffice

Note: This linter can be disabled with `set_option linter.unnecessarySeqFocus false`
warning: ZhangLS/Spec/RiemannZetaCriticalLineBound.lean:303:8: 'ring' tactic does nothing

Note: This linter can be disabled with `set_option linter.unusedTactic false`
warning: ZhangLS/Spec/RiemannZetaCriticalLineBound.lean:303:8: this tactic is never executed

Note: This linter can be disabled with `set_option linter.unreachableTactic false`
warning: ZhangLS/Spec/RiemannZetaCriticalLineBound.lean:394:12: This simp argument is unused:
  norm_div

Hint: Omit it from the simp argument list.
  simp ̵[̵n̵o̵r̵m̵_̵d̵i̵v̵]̵

Note: This linter can be disabled with `set_option linter.unusedSimpArgs false`
warning: ZhangLS/Spec/RiemannZetaCriticalLineBound.lean:475:75: This simp argument is unused:
  norm_div

Hint: Omit it from the simp argument list.
  simp ̵[̵n̵o̵r̵m̵_̵d̵i̵v̵]̵

Note: This linter can be disabled with `set_option linter.unusedSimpArgs false`
⚠ [3499/3659] Replayed ZhangLS.Spec.Lemma57CriticalStripGrowth
warning: ZhangLS/Spec/Lemma57CriticalStripGrowth.lean:270:14: This simp argument is unused:
  norm_div

Hint: Omit it from the simp argument list.
  simp ̵[̵n̵o̵r̵m̵_̵d̵i̵v̵]̵

Note: This linter can be disabled with `set_option linter.unusedSimpArgs false`
⚠ [3506/3659] Replayed ZhangLS.Spec.Lemma23DirichletConjugation
warning: ZhangLS/Spec/Lemma23DirichletConjugation.lean:23:0: automatically included section variable(s) unused in theorem `ZhangLS.Spec.dirichletLSeries_inv_eq_conj_at_conj`:
  [NeZero N]
consider restructuring your `variable` declarations so that the variables are not in scope or explicitly omit them:
  omit [NeZero N] in theorem ...

Note: This linter can be disabled with `set_option linter.unusedSectionVars false`
⚠ [3508/3659] Replayed ZhangLS.Spec.Lemma23PrimitiveGaussSum
warning: ZhangLS/Spec/Lemma23PrimitiveGaussSum.lean:42:19: Used `tac1 <;> tac2` where `(tac1; tac2)` would suffice

Note: This linter can be disabled with `set_option linter.unnecessarySeqFocus false`
⚠ [3509/3659] Replayed ZhangLS.Spec.Lemma23DirichletUnitModulus
warning: ZhangLS/Spec/Lemma23DirichletUnitModulus.lean:112:48: Used `tac1 <;> tac2` where `(tac1; tac2)` would suffice

Note: This linter can be disabled with `set_option linter.unnecessarySeqFocus false`
⚠ [3527/3659] Replayed ZhangLS.Spec.Lemma44CharacterProduct
warning: ZhangLS/Spec/Lemma44CharacterProduct.lean:55:38: This simp argument is unused:
  mul_comm

Hint: Omit it from the simp argument list.
  simp [̵m̵u̵l̵_̵c̵o̵m̵m̵,̵ ̵m̵u̵l̵_̵l̵e̵f̵t̵_̵c̵o̵m̵m̵,̵[̲m̲u̲l̲_̲l̲e̲f̲t̲_̲c̲o̲m̲m̲,̲ mul_assoc]

Note: This linter can be disabled with `set_option linter.unusedSimpArgs false`
warning: ZhangLS/Spec/Lemma44CharacterProduct.lean:55:48: This simp argument is unused:
  mul_left_comm

Hint: Omit it from the simp argument list.
  simp [mul_comm, mul_l̵e̵f̵t̵_̵c̵o̵m̵m̵,̵ ̵m̵u̵l̵_̵assoc]

Note: This linter can be disabled with `set_option linter.unusedSimpArgs false`
Build completed successfully (3659 jobs).
== kernel-check ZhangLS/Spec/Lemma52.lean ==
⚠ [2469/2744] Replayed ZhangLS.Spec.Lemma23AnalyticLogBranch
warning: ZhangLS/Spec/Lemma23AnalyticLogBranch.lean:42:53: try 'simp' instead of 'simpa'

Note: This linter can be disabled with `set_option linter.unnecessarySimpa false`
warning: ZhangLS/Spec/Lemma23AnalyticLogBranch.lean:67:44: try 'simp' instead of 'simpa'

Note: This linter can be disabled with `set_option linter.unnecessarySimpa false`
⚠ [2473/2744] Replayed ZhangLS.Spec.RealDirichletCharacter
warning: ZhangLS/Spec/RealDirichletCharacter.lean:48:4: try 'simp' instead of 'simpa'

Note: This linter can be disabled with `set_option linter.unnecessarySimpa false`
⚠ [3461/3725] Replayed ZhangLS.Spec.RealAxisAtOne
warning: ZhangLS/Spec/RealAxisAtOne.lean:56:4: try 'simp' instead of 'simpa'

Note: This linter can be disabled with `set_option linter.unnecessarySimpa false`
⚠ [3463/3725] Replayed ZhangLS.Spec.Lemma57
warning: ZhangLS/Spec/Lemma57.lean:101:58: unused variable `hD`

Note: This linter can be disabled with `set_option linter.unusedVariables false`
warning: ZhangLS/Spec/Lemma57.lean:102:7: unused variable `hA`

Note: This linter can be disabled with `set_option linter.unusedVariables false`
⚠ [3464/3725] Replayed ZhangLS.Spec.Lemma57Arithmetic
warning: ZhangLS/Spec/Lemma57Arithmetic.lean:55:15: unused variable `hc_g`

Note: This linter can be disabled with `set_option linter.unusedVariables false`
⚠ [3469/3725] Replayed ZhangLS.Spec.Lemma57SmoothedSum
warning: ZhangLS/Spec/Lemma57SmoothedSum.lean:42:46: unused variable `hD`

Note: This linter can be disabled with `set_option linter.unusedVariables false`
⚠ [3478/3725] Replayed ZhangLS.Spec.Lemma57GaussianGlobal
warning: ZhangLS/Spec/Lemma57GaussianGlobal.lean:55:58: unused variable `ha`

Note: This linter can be disabled with `set_option linter.unusedVariables false`
warning: ZhangLS/Spec/Lemma57GaussianGlobal.lean:241:13: unused variable `hD`

Note: This linter can be disabled with `set_option linter.unusedVariables false`
warning: ZhangLS/Spec/Lemma57GaussianGlobal.lean:241:34: unused variable `hx`

Note: This linter can be disabled with `set_option linter.unusedVariables false`
⚠ [3479/3725] Replayed ZhangLS.Spec.Lemma57SmoothedSummability
warning: ZhangLS/Spec/Lemma57SmoothedSummability.lean:20:52: unused variable `hn`

Note: This linter can be disabled with `set_option linter.unusedVariables false`
⚠ [3484/3725] Replayed ZhangLS.Spec.Lemma57GaussianMellinTransform
warning: ZhangLS/Spec/Lemma57GaussianMellinTransform.lean:67:63: Used `tac1 <;> tac2` where `(tac1; tac2)` would suffice

Note: This linter can be disabled with `set_option linter.unnecessarySeqFocus false`
warning: ZhangLS/Spec/Lemma57GaussianMellinTransform.lean:145:54: Used `tac1 <;> tac2` where `(tac1; tac2)` would suffice

Note: This linter can be disabled with `set_option linter.unnecessarySeqFocus false`
warning: ZhangLS/Spec/Lemma57GaussianMellinTransform.lean:326:4: Try `simp at hs` instead of `simpa using hs`

Note: This linter can be disabled with `set_option linter.unnecessarySimpa false`
⚠ [3498/3725] Replayed ZhangLS.Spec.RiemannZetaCriticalLineBound
warning: ZhangLS/Spec/RiemannZetaCriticalLineBound.lean:99:2: Used `tac1 <;> tac2` where `(tac1; tac2)` would suffice

Note: This linter can be disabled with `set_option linter.unnecessarySeqFocus false`
warning: ZhangLS/Spec/RiemannZetaCriticalLineBound.lean:124:13: unused variable `hs`

Note: This linter can be disabled with `set_option linter.unusedVariables false`
warning: ZhangLS/Spec/RiemannZetaCriticalLineBound.lean:152:6: unused variable `n`

Note: This linter can be disabled with `set_option linter.unusedVariables false`
warning: ZhangLS/Spec/RiemannZetaCriticalLineBound.lean:156:20: unused variable `k`

Note: This linter can be disabled with `set_option linter.unusedVariables false`
warning: ZhangLS/Spec/RiemannZetaCriticalLineBound.lean:161:8: This simp argument is unused:
  sum_one_Icc

Hint: Omit it from the simp argument list.
  simp ̵[̵s̵u̵m̵_̵o̵n̵e̵_̵I̵c̵c̵]̵

Note: This linter can be disabled with `set_option linter.unusedSimpArgs false`
warning: ZhangLS/Spec/RiemannZetaCriticalLineBound.lean:242:12: 'ring' tactic does nothing

Note: This linter can be disabled with `set_option linter.unusedTactic false`
warning: ZhangLS/Spec/RiemannZetaCriticalLineBound.lean:242:12: this tactic is never executed

Note: This linter can be disabled with `set_option linter.unreachableTactic false`
warning: ZhangLS/Spec/RiemannZetaCriticalLineBound.lean:219:41: Used `tac1 <;> tac2` where `(tac1; tac2)` would suffice

Note: This linter can be disabled with `set_option linter.unnecessarySeqFocus false`
warning: ZhangLS/Spec/RiemannZetaCriticalLineBound.lean:303:8: 'ring' tactic does nothing

Note: This linter can be disabled with `set_option linter.unusedTactic false`
warning: ZhangLS/Spec/RiemannZetaCriticalLineBound.lean:303:8: this tactic is never executed

Note: This linter can be disabled with `set_option linter.unreachableTactic false`
warning: ZhangLS/Spec/RiemannZetaCriticalLineBound.lean:394:12: This simp argument is unused:
  norm_div

Hint: Omit it from the simp argument list.
  simp ̵[̵n̵o̵r̵m̵_̵d̵i̵v̵]̵

Note: This linter can be disabled with `set_option linter.unusedSimpArgs false`
warning: ZhangLS/Spec/RiemannZetaCriticalLineBound.lean:475:75: This simp argument is unused:
  norm_div

Hint: Omit it from the simp argument list.
  simp ̵[̵n̵o̵r̵m̵_̵d̵i̵v̵]̵

Note: This linter can be disabled with `set_option linter.unusedSimpArgs false`
⚠ [3499/3725] Replayed ZhangLS.Spec.Lemma57CriticalStripGrowth
warning: ZhangLS/Spec/Lemma57CriticalStripGrowth.lean:270:14: This simp argument is unused:
  norm_div

Hint: Omit it from the simp argument list.
  simp ̵[̵n̵o̵r̵m̵_̵d̵i̵v̵]̵

Note: This linter can be disabled with `set_option linter.unusedSimpArgs false`
⚠ [3506/3725] Replayed ZhangLS.Spec.Lemma23DirichletConjugation
warning: ZhangLS/Spec/Lemma23DirichletConjugation.lean:23:0: automatically included section variable(s) unused in theorem `ZhangLS.Spec.dirichletLSeries_inv_eq_conj_at_conj`:
  [NeZero N]
consider restructuring your `variable` declarations so that the variables are not in scope or explicitly omit them:
  omit [NeZero N] in theorem ...

Note: This linter can be disabled with `set_option linter.unusedSectionVars false`
⚠ [3508/3725] Replayed ZhangLS.Spec.Lemma23PrimitiveGaussSum
warning: ZhangLS/Spec/Lemma23PrimitiveGaussSum.lean:42:19: Used `tac1 <;> tac2` where `(tac1; tac2)` would suffice

Note: This linter can be disabled with `set_option linter.unnecessarySeqFocus false`
⚠ [3509/3725] Replayed ZhangLS.Spec.Lemma23DirichletUnitModulus
warning: ZhangLS/Spec/Lemma23DirichletUnitModulus.lean:112:48: Used `tac1 <;> tac2` where `(tac1; tac2)` would suffice

Note: This linter can be disabled with `set_option linter.unnecessarySeqFocus false`
⚠ [3527/3725] Replayed ZhangLS.Spec.Lemma44CharacterProduct
warning: ZhangLS/Spec/Lemma44CharacterProduct.lean:55:38: This simp argument is unused:
  mul_comm

Hint: Omit it from the simp argument list.
  simp [̵m̵u̵l̵_̵c̵o̵m̵m̵,̵ ̵m̵u̵l̵_̵l̵e̵f̵t̵_̵c̵o̵m̵m̵,̵[̲m̲u̲l̲_̲l̲e̲f̲t̲_̲c̲o̲m̲m̲,̲ mul_assoc]

Note: This linter can be disabled with `set_option linter.unusedSimpArgs false`
warning: ZhangLS/Spec/Lemma44CharacterProduct.lean:55:48: This simp argument is unused:
  mul_left_comm

Hint: Omit it from the simp argument list.
  simp [mul_comm, mul_l̵e̵f̵t̵_̵c̵o̵m̵m̵,̵ ̵m̵u̵l̵_̵assoc]

Note: This linter can be disabled with `set_option linter.unusedSimpArgs false`
⚠ [3664/3725] Replayed ZhangLS.Spec.Lemma44ProductMellin
warning: ZhangLS/Spec/Lemma44ProductMellin.lean:144:4: try 'simp' instead of 'simpa'

Note: This linter can be disabled with `set_option linter.unnecessarySimpa false`
⚠ [3668/3725] Replayed ZhangLS.Spec.Lemma44RightMellinApproximation
warning: ZhangLS/Spec/Lemma44RightMellinApproximation.lean:37:4: try 'simp' instead of 'simpa'

Note: This linter can be disabled with `set_option linter.unnecessarySimpa false`
⚠ [3670/3725] Replayed ZhangLS.Spec.Lemma44ReflectedLongSum
warning: ZhangLS/Spec/Lemma44ReflectedLongSum.lean:81:64: Used `tac1 <;> tac2` where `(tac1; tac2)` would suffice

Note: This linter can be disabled with `set_option linter.unnecessarySeqFocus false`
⚠ [3673/3725] Replayed ZhangLS.Spec.Lemma44InitialLeftEstimates
warning: ZhangLS/Spec/Lemma44InitialLeftEstimates.lean:68:23: Used `tac1 <;> tac2` where `(tac1; tac2)` would suffice

Note: This linter can be disabled with `set_option linter.unnecessarySeqFocus false`
⚠ [3676/3725] Replayed ZhangLS.Spec.Lemma44ComplexCharacterAbel
warning: ZhangLS/Spec/Lemma44ComplexCharacterAbel.lean:73:56: unused variable `hD`

Note: This linter can be disabled with `set_option linter.unusedVariables false`
⚠ [3677/3725] Replayed ZhangLS.Spec.Lemma44HorizontalGrowth
warning: ZhangLS/Spec/Lemma44HorizontalGrowth.lean:147:6: 'push_cast' tactic does nothing

Note: This linter can be disabled with `set_option linter.unusedTactic false`
⚠ [3679/3725] Replayed ZhangLS.Spec.Lemma44GaussianVerticalTail
info: ZhangLS/Spec/Lemma44GaussianVerticalTail.lean:41:4: Try this:
  [apply] ring_nf
  
  The `ring` tactic failed to close the goal. Use `ring_nf` to obtain a normal form.
    
  Note that `ring` works primarily in *commutative* rings. If you have a noncommutative ring, abelian group or module, consider using `noncomm_ring`, `abel` or `module` instead.
info: ZhangLS/Spec/Lemma44GaussianVerticalTail.lean:57:16: Try this:
  [apply] ring_nf
  
  The `ring` tactic failed to close the goal. Use `ring_nf` to obtain a normal form.
    
  Note that `ring` works primarily in *commutative* rings. If you have a noncommutative ring, abelian group or module, consider using `noncomm_ring`, `abel` or `module` instead.
warning: ZhangLS/Spec/Lemma44GaussianVerticalTail.lean:57:12: Used `tac1 <;> tac2` where `(tac1; tac2)` would suffice

Note: This linter can be disabled with `set_option linter.unnecessarySeqFocus false`
warning: ZhangLS/Spec/Lemma44GaussianVerticalTail.lean:68:22: Used `tac1 <;> tac2` where `(tac1; tac2)` would suffice

Note: This linter can be disabled with `set_option linter.unnecessarySeqFocus false`
info: ZhangLS/Spec/Lemma44GaussianVerticalTail.lean:153:35: Try this:
  [apply] ring_nf
  
  The `ring` tactic failed to close the goal. Use `ring_nf` to obtain a normal form.
    
  Note that `ring` works primarily in *commutative* rings. If you have a noncommutative ring, abelian group or module, consider using `noncomm_ring`, `abel` or `module` instead.
⚠ [3680/3725] Replayed ZhangLS.Spec.Lemma44LocalRectangle
warning: ZhangLS/Spec/Lemma44LocalRectangle.lean:115:46: This simp argument is unused:
  zero_mul

Hint: Omit it from the simp argument list.
  simp only [mem_reProdIm, mem_Icc, sub_re, sub_im, ofReal_re, ofReal_im, mul_re, mul_im, I_re,
  ̲  ̲ ̲ ̲ ̲ ̲ ̲ ̲I_im, mul_zero, z̵e̵r̵o̵_̵m̵u̵l̵,̵ ̵mul_one, zero_add, sub_zero]

Note: This linter can be disabled with `set_option linter.unusedSimpArgs false`
warning: ZhangLS/Spec/Lemma44LocalRectangle.lean:115:65: This simp argument is unused:
  zero_add

Hint: Omit it from the simp argument list.
  simp only [mem_reProdIm, mem_Icc, sub_re, sub_im, ofReal_re, ofReal_im, mul_re, mul_im, I_re,
  ̲  ̲ ̲ ̲ ̲ ̲ ̲ ̲I_im, mul_zero, zero_mul, mul_one, z̵e̵r̵o̵_̵a̵d̵d̵,̵ ̵sub_zero]

Note: This linter can be disabled with `set_option linter.unusedSimpArgs false`
⚠ [3683/3725] Replayed ZhangLS.Spec.Lemma44HorizontalIntegrals
warning: ZhangLS/Spec/Lemma44HorizontalIntegrals.lean:18:5: unused variable `hK`

Note: This linter can be disabled with `set_option linter.unusedVariables false`
⚠ [3684/3725] Replayed ZhangLS.Spec.Lemma44ReflectedPolynomialContours
warning: ZhangLS/Spec/Lemma44ReflectedPolynomialContours.lean:152:64: This simp argument is unused:
  mul_left_comm

Hint: Omit it from the simp argument list.
  simp only [sub_eq_add_neg, add_comm, add_left_comm, mul_comm, mul_l̵e̵f̵t̵_̵c̵o̵m̵m̵,̵ ̵m̵u̵l̵_̵assoc] at hc ⊢

Note: This linter can be disabled with `set_option linter.unusedSimpArgs false`
warning: ZhangLS/Spec/Lemma44ReflectedPolynomialContours.lean:152:79: This simp argument is unused:
  mul_assoc

Hint: Omit it from the simp argument list.
  simp only [sub_eq_add_neg, add_comm, add_left_comm, mul_comm, mul_left_comm,̵ ̵m̵u̵l̵_̵a̵s̵s̵o̵c̵] at hc ⊢

Note: This linter can be disabled with `set_option linter.unusedSimpArgs false`
⚠ [3688/3725] Replayed ZhangLS.Spec.Lemma45Normalization
warning: ZhangLS/Spec/Lemma45Normalization.lean:90:8: 'ring' tactic does nothing

Note: This linter can be disabled with `set_option linter.unusedTactic false`
warning: ZhangLS/Spec/Lemma45Normalization.lean:90:8: this tactic is never executed

Note: This linter can be disabled with `set_option linter.unreachableTactic false`
⚠ [3705/3725] Replayed ZhangLS.Spec.Lemma46SingleZero
warning: ZhangLS/Spec/Lemma46SingleZero.lean:33:10: This simp argument is unused:
  mem_sphere

Hint: Omit it from the simp argument list.
  simp [m̵e̵m̵_̵s̵p̵h̵e̵r̵e̵,̵ ̵dist_zero_right, abs_of_pos hR]

Note: This linter can be disabled with `set_option linter.unusedSimpArgs false`
warning: ZhangLS/Spec/Lemma46SingleZero.lean:33:22: This simp argument is unused:
  dist_zero_right

Hint: Omit it from the simp argument list.
  simp [mem_sphere, d̵i̵s̵t̵_̵z̵e̵r̵o̵_̵r̵i̵g̵h̵t̵,̵ ̵abs_of_pos hR]

Note: This linter can be disabled with `set_option linter.unusedSimpArgs false`
⚠ [3706/3725] Replayed ZhangLS.Spec.Lemma46RoucheLocal
warning: ZhangLS/Spec/Lemma46RoucheLocal.lean:30:5: unused variable `hm`

Note: This linter can be disabled with `set_option linter.unusedVariables false`
⚠ [3707/3725] Replayed ZhangLS.Spec.Lemma46ZeroAnalysis
warning: ZhangLS/Spec/Lemma46ZeroAnalysis.lean:108:39: Used `tac1 <;> tac2` where `(tac1; tac2)` would suffice

Note: This linter can be disabled with `set_option linter.unnecessarySeqFocus false`
warning: ZhangLS/Spec/Lemma46ZeroAnalysis.lean:151:54: unused variable `hc`

Note: This linter can be disabled with `set_option linter.unusedVariables false`
Build completed successfully (3725 jobs).
== kernel-check ZhangLS/Spec/Lemma52BranchTransport.lean ==
⚠ [2469/2758] Replayed ZhangLS.Spec.Lemma23AnalyticLogBranch
warning: ZhangLS/Spec/Lemma23AnalyticLogBranch.lean:42:53: try 'simp' instead of 'simpa'

Note: This linter can be disabled with `set_option linter.unnecessarySimpa false`
warning: ZhangLS/Spec/Lemma23AnalyticLogBranch.lean:67:44: try 'simp' instead of 'simpa'

Note: This linter can be disabled with `set_option linter.unnecessarySimpa false`
⚠ [2473/2758] Replayed ZhangLS.Spec.RealDirichletCharacter
warning: ZhangLS/Spec/RealDirichletCharacter.lean:48:4: try 'simp' instead of 'simpa'

Note: This linter can be disabled with `set_option linter.unnecessarySimpa false`
⚠ [3461/3721] Replayed ZhangLS.Spec.RealAxisAtOne
warning: ZhangLS/Spec/RealAxisAtOne.lean:56:4: try 'simp' instead of 'simpa'

Note: This linter can be disabled with `set_option linter.unnecessarySimpa false`
⚠ [3463/3721] Replayed ZhangLS.Spec.Lemma57
warning: ZhangLS/Spec/Lemma57.lean:101:58: unused variable `hD`

Note: This linter can be disabled with `set_option linter.unusedVariables false`
warning: ZhangLS/Spec/Lemma57.lean:102:7: unused variable `hA`

Note: This linter can be disabled with `set_option linter.unusedVariables false`
⚠ [3464/3721] Replayed ZhangLS.Spec.Lemma57Arithmetic
warning: ZhangLS/Spec/Lemma57Arithmetic.lean:55:15: unused variable `hc_g`

Note: This linter can be disabled with `set_option linter.unusedVariables false`
⚠ [3469/3721] Replayed ZhangLS.Spec.Lemma57SmoothedSum
warning: ZhangLS/Spec/Lemma57SmoothedSum.lean:42:46: unused variable `hD`

Note: This linter can be disabled with `set_option linter.unusedVariables false`
⚠ [3478/3721] Replayed ZhangLS.Spec.Lemma57GaussianGlobal
warning: ZhangLS/Spec/Lemma57GaussianGlobal.lean:55:58: unused variable `ha`

Note: This linter can be disabled with `set_option linter.unusedVariables false`
warning: ZhangLS/Spec/Lemma57GaussianGlobal.lean:241:13: unused variable `hD`

Note: This linter can be disabled with `set_option linter.unusedVariables false`
warning: ZhangLS/Spec/Lemma57GaussianGlobal.lean:241:34: unused variable `hx`

Note: This linter can be disabled with `set_option linter.unusedVariables false`
⚠ [3479/3721] Replayed ZhangLS.Spec.Lemma57SmoothedSummability
warning: ZhangLS/Spec/Lemma57SmoothedSummability.lean:20:52: unused variable `hn`

Note: This linter can be disabled with `set_option linter.unusedVariables false`
⚠ [3484/3721] Replayed ZhangLS.Spec.Lemma57GaussianMellinTransform
warning: ZhangLS/Spec/Lemma57GaussianMellinTransform.lean:67:63: Used `tac1 <;> tac2` where `(tac1; tac2)` would suffice

Note: This linter can be disabled with `set_option linter.unnecessarySeqFocus false`
warning: ZhangLS/Spec/Lemma57GaussianMellinTransform.lean:145:54: Used `tac1 <;> tac2` where `(tac1; tac2)` would suffice

Note: This linter can be disabled with `set_option linter.unnecessarySeqFocus false`
warning: ZhangLS/Spec/Lemma57GaussianMellinTransform.lean:326:4: Try `simp at hs` instead of `simpa using hs`

Note: This linter can be disabled with `set_option linter.unnecessarySimpa false`
⚠ [3498/3721] Replayed ZhangLS.Spec.RiemannZetaCriticalLineBound
warning: ZhangLS/Spec/RiemannZetaCriticalLineBound.lean:99:2: Used `tac1 <;> tac2` where `(tac1; tac2)` would suffice

Note: This linter can be disabled with `set_option linter.unnecessarySeqFocus false`
warning: ZhangLS/Spec/RiemannZetaCriticalLineBound.lean:124:13: unused variable `hs`

Note: This linter can be disabled with `set_option linter.unusedVariables false`
warning: ZhangLS/Spec/RiemannZetaCriticalLineBound.lean:152:6: unused variable `n`

Note: This linter can be disabled with `set_option linter.unusedVariables false`
warning: ZhangLS/Spec/RiemannZetaCriticalLineBound.lean:156:20: unused variable `k`

Note: This linter can be disabled with `set_option linter.unusedVariables false`
warning: ZhangLS/Spec/RiemannZetaCriticalLineBound.lean:161:8: This simp argument is unused:
  sum_one_Icc

Hint: Omit it from the simp argument list.
  simp ̵[̵s̵u̵m̵_̵o̵n̵e̵_̵I̵c̵c̵]̵

Note: This linter can be disabled with `set_option linter.unusedSimpArgs false`
warning: ZhangLS/Spec/RiemannZetaCriticalLineBound.lean:242:12: 'ring' tactic does nothing

Note: This linter can be disabled with `set_option linter.unusedTactic false`
warning: ZhangLS/Spec/RiemannZetaCriticalLineBound.lean:242:12: this tactic is never executed

Note: This linter can be disabled with `set_option linter.unreachableTactic false`
warning: ZhangLS/Spec/RiemannZetaCriticalLineBound.lean:219:41: Used `tac1 <;> tac2` where `(tac1; tac2)` would suffice

Note: This linter can be disabled with `set_option linter.unnecessarySeqFocus false`
warning: ZhangLS/Spec/RiemannZetaCriticalLineBound.lean:303:8: 'ring' tactic does nothing

Note: This linter can be disabled with `set_option linter.unusedTactic false`
warning: ZhangLS/Spec/RiemannZetaCriticalLineBound.lean:303:8: this tactic is never executed

Note: This linter can be disabled with `set_option linter.unreachableTactic false`
warning: ZhangLS/Spec/RiemannZetaCriticalLineBound.lean:394:12: This simp argument is unused:
  norm_div

Hint: Omit it from the simp argument list.
  simp ̵[̵n̵o̵r̵m̵_̵d̵i̵v̵]̵

Note: This linter can be disabled with `set_option linter.unusedSimpArgs false`
warning: ZhangLS/Spec/RiemannZetaCriticalLineBound.lean:475:75: This simp argument is unused:
  norm_div

Hint: Omit it from the simp argument list.
  simp ̵[̵n̵o̵r̵m̵_̵d̵i̵v̵]̵

Note: This linter can be disabled with `set_option linter.unusedSimpArgs false`
⚠ [3499/3721] Replayed ZhangLS.Spec.Lemma57CriticalStripGrowth
warning: ZhangLS/Spec/Lemma57CriticalStripGrowth.lean:270:14: This simp argument is unused:
  norm_div

Hint: Omit it from the simp argument list.
  simp ̵[̵n̵o̵r̵m̵_̵d̵i̵v̵]̵

Note: This linter can be disabled with `set_option linter.unusedSimpArgs false`
⚠ [3506/3721] Replayed ZhangLS.Spec.Lemma23DirichletConjugation
warning: ZhangLS/Spec/Lemma23DirichletConjugation.lean:23:0: automatically included section variable(s) unused in theorem `ZhangLS.Spec.dirichletLSeries_inv_eq_conj_at_conj`:
  [NeZero N]
consider restructuring your `variable` declarations so that the variables are not in scope or explicitly omit them:
  omit [NeZero N] in theorem ...

Note: This linter can be disabled with `set_option linter.unusedSectionVars false`
⚠ [3508/3721] Replayed ZhangLS.Spec.Lemma23PrimitiveGaussSum
warning: ZhangLS/Spec/Lemma23PrimitiveGaussSum.lean:42:19: Used `tac1 <;> tac2` where `(tac1; tac2)` would suffice

Note: This linter can be disabled with `set_option linter.unnecessarySeqFocus false`
⚠ [3509/3721] Replayed ZhangLS.Spec.Lemma23DirichletUnitModulus
warning: ZhangLS/Spec/Lemma23DirichletUnitModulus.lean:112:48: Used `tac1 <;> tac2` where `(tac1; tac2)` would suffice

Note: This linter can be disabled with `set_option linter.unnecessarySeqFocus false`
⚠ [3527/3721] Replayed ZhangLS.Spec.Lemma44CharacterProduct
warning: ZhangLS/Spec/Lemma44CharacterProduct.lean:55:38: This simp argument is unused:
  mul_comm

Hint: Omit it from the simp argument list.
  simp [̵m̵u̵l̵_̵c̵o̵m̵m̵,̵ ̵m̵u̵l̵_̵l̵e̵f̵t̵_̵c̵o̵m̵m̵,̵[̲m̲u̲l̲_̲l̲e̲f̲t̲_̲c̲o̲m̲m̲,̲ mul_assoc]

Note: This linter can be disabled with `set_option linter.unusedSimpArgs false`
warning: ZhangLS/Spec/Lemma44CharacterProduct.lean:55:48: This simp argument is unused:
  mul_left_comm

Hint: Omit it from the simp argument list.
  simp [mul_comm, mul_l̵e̵f̵t̵_̵c̵o̵m̵m̵,̵ ̵m̵u̵l̵_̵assoc]

Note: This linter can be disabled with `set_option linter.unusedSimpArgs false`
⚠ [3664/3721] Replayed ZhangLS.Spec.Lemma44ProductMellin
warning: ZhangLS/Spec/Lemma44ProductMellin.lean:144:4: try 'simp' instead of 'simpa'

Note: This linter can be disabled with `set_option linter.unnecessarySimpa false`
⚠ [3668/3721] Replayed ZhangLS.Spec.Lemma44RightMellinApproximation
warning: ZhangLS/Spec/Lemma44RightMellinApproximation.lean:37:4: try 'simp' instead of 'simpa'

Note: This linter can be disabled with `set_option linter.unnecessarySimpa false`
⚠ [3670/3721] Replayed ZhangLS.Spec.Lemma44ReflectedLongSum
warning: ZhangLS/Spec/Lemma44ReflectedLongSum.lean:81:64: Used `tac1 <;> tac2` where `(tac1; tac2)` would suffice

Note: This linter can be disabled with `set_option linter.unnecessarySeqFocus false`
⚠ [3673/3721] Replayed ZhangLS.Spec.Lemma44InitialLeftEstimates
warning: ZhangLS/Spec/Lemma44InitialLeftEstimates.lean:68:23: Used `tac1 <;> tac2` where `(tac1; tac2)` would suffice

Note: This linter can be disabled with `set_option linter.unnecessarySeqFocus false`
⚠ [3676/3721] Replayed ZhangLS.Spec.Lemma44ComplexCharacterAbel
warning: ZhangLS/Spec/Lemma44ComplexCharacterAbel.lean:73:56: unused variable `hD`

Note: This linter can be disabled with `set_option linter.unusedVariables false`
⚠ [3677/3721] Replayed ZhangLS.Spec.Lemma44HorizontalGrowth
warning: ZhangLS/Spec/Lemma44HorizontalGrowth.lean:147:6: 'push_cast' tactic does nothing

Note: This linter can be disabled with `set_option linter.unusedTactic false`
⚠ [3679/3721] Replayed ZhangLS.Spec.Lemma44GaussianVerticalTail
info: ZhangLS/Spec/Lemma44GaussianVerticalTail.lean:41:4: Try this:
  [apply] ring_nf
  
  The `ring` tactic failed to close the goal. Use `ring_nf` to obtain a normal form.
    
  Note that `ring` works primarily in *commutative* rings. If you have a noncommutative ring, abelian group or module, consider using `noncomm_ring`, `abel` or `module` instead.
info: ZhangLS/Spec/Lemma44GaussianVerticalTail.lean:57:16: Try this:
  [apply] ring_nf
  
  The `ring` tactic failed to close the goal. Use `ring_nf` to obtain a normal form.
    
  Note that `ring` works primarily in *commutative* rings. If you have a noncommutative ring, abelian group or module, consider using `noncomm_ring`, `abel` or `module` instead.
warning: ZhangLS/Spec/Lemma44GaussianVerticalTail.lean:57:12: Used `tac1 <;> tac2` where `(tac1; tac2)` would suffice

Note: This linter can be disabled with `set_option linter.unnecessarySeqFocus false`
warning: ZhangLS/Spec/Lemma44GaussianVerticalTail.lean:68:22: Used `tac1 <;> tac2` where `(tac1; tac2)` would suffice

Note: This linter can be disabled with `set_option linter.unnecessarySeqFocus false`
info: ZhangLS/Spec/Lemma44GaussianVerticalTail.lean:153:35: Try this:
  [apply] ring_nf
  
  The `ring` tactic failed to close the goal. Use `ring_nf` to obtain a normal form.
    
  Note that `ring` works primarily in *commutative* rings. If you have a noncommutative ring, abelian group or module, consider using `noncomm_ring`, `abel` or `module` instead.
⚠ [3680/3721] Replayed ZhangLS.Spec.Lemma44LocalRectangle
warning: ZhangLS/Spec/Lemma44LocalRectangle.lean:115:46: This simp argument is unused:
  zero_mul

Hint: Omit it from the simp argument list.
  simp only [mem_reProdIm, mem_Icc, sub_re, sub_im, ofReal_re, ofReal_im, mul_re, mul_im, I_re,
  ̲  ̲ ̲ ̲ ̲ ̲ ̲ ̲I_im, mul_zero, z̵e̵r̵o̵_̵m̵u̵l̵,̵ ̵mul_one, zero_add, sub_zero]

Note: This linter can be disabled with `set_option linter.unusedSimpArgs false`
warning: ZhangLS/Spec/Lemma44LocalRectangle.lean:115:65: This simp argument is unused:
  zero_add

Hint: Omit it from the simp argument list.
  simp only [mem_reProdIm, mem_Icc, sub_re, sub_im, ofReal_re, ofReal_im, mul_re, mul_im, I_re,
  ̲  ̲ ̲ ̲ ̲ ̲ ̲ ̲I_im, mul_zero, zero_mul, mul_one, z̵e̵r̵o̵_̵a̵d̵d̵,̵ ̵sub_zero]

Note: This linter can be disabled with `set_option linter.unusedSimpArgs false`
⚠ [3683/3721] Replayed ZhangLS.Spec.Lemma44HorizontalIntegrals
warning: ZhangLS/Spec/Lemma44HorizontalIntegrals.lean:18:5: unused variable `hK`

Note: This linter can be disabled with `set_option linter.unusedVariables false`
⚠ [3684/3721] Replayed ZhangLS.Spec.Lemma44ReflectedPolynomialContours
warning: ZhangLS/Spec/Lemma44ReflectedPolynomialContours.lean:152:64: This simp argument is unused:
  mul_left_comm

Hint: Omit it from the simp argument list.
  simp only [sub_eq_add_neg, add_comm, add_left_comm, mul_comm, mul_l̵e̵f̵t̵_̵c̵o̵m̵m̵,̵ ̵m̵u̵l̵_̵assoc] at hc ⊢

Note: This linter can be disabled with `set_option linter.unusedSimpArgs false`
warning: ZhangLS/Spec/Lemma44ReflectedPolynomialContours.lean:152:79: This simp argument is unused:
  mul_assoc

Hint: Omit it from the simp argument list.
  simp only [sub_eq_add_neg, add_comm, add_left_comm, mul_comm, mul_left_comm,̵ ̵m̵u̵l̵_̵a̵s̵s̵o̵c̵] at hc ⊢

Note: This linter can be disabled with `set_option linter.unusedSimpArgs false`
⚠ [3688/3721] Replayed ZhangLS.Spec.Lemma45Normalization
warning: ZhangLS/Spec/Lemma45Normalization.lean:90:8: 'ring' tactic does nothing

Note: This linter can be disabled with `set_option linter.unusedTactic false`
warning: ZhangLS/Spec/Lemma45Normalization.lean:90:8: this tactic is never executed

Note: This linter can be disabled with `set_option linter.unreachableTactic false`
⚠ [3705/3721] Replayed ZhangLS.Spec.Lemma46SingleZero
warning: ZhangLS/Spec/Lemma46SingleZero.lean:33:10: This simp argument is unused:
  mem_sphere

Hint: Omit it from the simp argument list.
  simp [m̵e̵m̵_̵s̵p̵h̵e̵r̵e̵,̵ ̵dist_zero_right, abs_of_pos hR]

Note: This linter can be disabled with `set_option linter.unusedSimpArgs false`
warning: ZhangLS/Spec/Lemma46SingleZero.lean:33:22: This simp argument is unused:
  dist_zero_right

Hint: Omit it from the simp argument list.
  simp [mem_sphere, d̵i̵s̵t̵_̵z̵e̵r̵o̵_̵r̵i̵g̵h̵t̵,̵ ̵abs_of_pos hR]

Note: This linter can be disabled with `set_option linter.unusedSimpArgs false`
⚠ [3706/3721] Replayed ZhangLS.Spec.Lemma46RoucheLocal
warning: ZhangLS/Spec/Lemma46RoucheLocal.lean:30:5: unused variable `hm`

Note: This linter can be disabled with `set_option linter.unusedVariables false`
⚠ [3707/3721] Replayed ZhangLS.Spec.Lemma46ZeroAnalysis
warning: ZhangLS/Spec/Lemma46ZeroAnalysis.lean:108:39: Used `tac1 <;> tac2` where `(tac1; tac2)` would suffice

Note: This linter can be disabled with `set_option linter.unnecessarySeqFocus false`
warning: ZhangLS/Spec/Lemma46ZeroAnalysis.lean:151:54: unused variable `hc`

Note: This linter can be disabled with `set_option linter.unusedVariables false`
Build completed successfully (3721 jobs).
== kernel-check ZhangLS/Spec/Lemma52Offsets.lean ==
⚠ [2469/2735] Replayed ZhangLS.Spec.Lemma23AnalyticLogBranch
warning: ZhangLS/Spec/Lemma23AnalyticLogBranch.lean:42:53: try 'simp' instead of 'simpa'

Note: This linter can be disabled with `set_option linter.unnecessarySimpa false`
warning: ZhangLS/Spec/Lemma23AnalyticLogBranch.lean:67:44: try 'simp' instead of 'simpa'

Note: This linter can be disabled with `set_option linter.unnecessarySimpa false`
⚠ [2473/2735] Replayed ZhangLS.Spec.RealDirichletCharacter
warning: ZhangLS/Spec/RealDirichletCharacter.lean:48:4: try 'simp' instead of 'simpa'

Note: This linter can be disabled with `set_option linter.unnecessarySimpa false`
⚠ [3461/3717] Replayed ZhangLS.Spec.RealAxisAtOne
warning: ZhangLS/Spec/RealAxisAtOne.lean:56:4: try 'simp' instead of 'simpa'

Note: This linter can be disabled with `set_option linter.unnecessarySimpa false`
⚠ [3463/3717] Replayed ZhangLS.Spec.Lemma57
warning: ZhangLS/Spec/Lemma57.lean:101:58: unused variable `hD`

Note: This linter can be disabled with `set_option linter.unusedVariables false`
warning: ZhangLS/Spec/Lemma57.lean:102:7: unused variable `hA`

Note: This linter can be disabled with `set_option linter.unusedVariables false`
⚠ [3464/3717] Replayed ZhangLS.Spec.Lemma57Arithmetic
warning: ZhangLS/Spec/Lemma57Arithmetic.lean:55:15: unused variable `hc_g`

Note: This linter can be disabled with `set_option linter.unusedVariables false`
⚠ [3469/3717] Replayed ZhangLS.Spec.Lemma57SmoothedSum
warning: ZhangLS/Spec/Lemma57SmoothedSum.lean:42:46: unused variable `hD`

Note: This linter can be disabled with `set_option linter.unusedVariables false`
⚠ [3478/3717] Replayed ZhangLS.Spec.Lemma57GaussianGlobal
warning: ZhangLS/Spec/Lemma57GaussianGlobal.lean:55:58: unused variable `ha`

Note: This linter can be disabled with `set_option linter.unusedVariables false`
warning: ZhangLS/Spec/Lemma57GaussianGlobal.lean:241:13: unused variable `hD`

Note: This linter can be disabled with `set_option linter.unusedVariables false`
warning: ZhangLS/Spec/Lemma57GaussianGlobal.lean:241:34: unused variable `hx`

Note: This linter can be disabled with `set_option linter.unusedVariables false`
⚠ [3479/3717] Replayed ZhangLS.Spec.Lemma57SmoothedSummability
warning: ZhangLS/Spec/Lemma57SmoothedSummability.lean:20:52: unused variable `hn`

Note: This linter can be disabled with `set_option linter.unusedVariables false`
⚠ [3484/3717] Replayed ZhangLS.Spec.Lemma57GaussianMellinTransform
warning: ZhangLS/Spec/Lemma57GaussianMellinTransform.lean:67:63: Used `tac1 <;> tac2` where `(tac1; tac2)` would suffice

Note: This linter can be disabled with `set_option linter.unnecessarySeqFocus false`
warning: ZhangLS/Spec/Lemma57GaussianMellinTransform.lean:145:54: Used `tac1 <;> tac2` where `(tac1; tac2)` would suffice

Note: This linter can be disabled with `set_option linter.unnecessarySeqFocus false`
warning: ZhangLS/Spec/Lemma57GaussianMellinTransform.lean:326:4: Try `simp at hs` instead of `simpa using hs`

Note: This linter can be disabled with `set_option linter.unnecessarySimpa false`
⚠ [3498/3717] Replayed ZhangLS.Spec.RiemannZetaCriticalLineBound
warning: ZhangLS/Spec/RiemannZetaCriticalLineBound.lean:99:2: Used `tac1 <;> tac2` where `(tac1; tac2)` would suffice

Note: This linter can be disabled with `set_option linter.unnecessarySeqFocus false`
warning: ZhangLS/Spec/RiemannZetaCriticalLineBound.lean:124:13: unused variable `hs`

Note: This linter can be disabled with `set_option linter.unusedVariables false`
warning: ZhangLS/Spec/RiemannZetaCriticalLineBound.lean:152:6: unused variable `n`

Note: This linter can be disabled with `set_option linter.unusedVariables false`
warning: ZhangLS/Spec/RiemannZetaCriticalLineBound.lean:156:20: unused variable `k`

Note: This linter can be disabled with `set_option linter.unusedVariables false`
warning: ZhangLS/Spec/RiemannZetaCriticalLineBound.lean:161:8: This simp argument is unused:
  sum_one_Icc

Hint: Omit it from the simp argument list.
  simp ̵[̵s̵u̵m̵_̵o̵n̵e̵_̵I̵c̵c̵]̵

Note: This linter can be disabled with `set_option linter.unusedSimpArgs false`
warning: ZhangLS/Spec/RiemannZetaCriticalLineBound.lean:242:12: 'ring' tactic does nothing

Note: This linter can be disabled with `set_option linter.unusedTactic false`
warning: ZhangLS/Spec/RiemannZetaCriticalLineBound.lean:242:12: this tactic is never executed

Note: This linter can be disabled with `set_option linter.unreachableTactic false`
warning: ZhangLS/Spec/RiemannZetaCriticalLineBound.lean:219:41: Used `tac1 <;> tac2` where `(tac1; tac2)` would suffice

Note: This linter can be disabled with `set_option linter.unnecessarySeqFocus false`
warning: ZhangLS/Spec/RiemannZetaCriticalLineBound.lean:303:8: 'ring' tactic does nothing

Note: This linter can be disabled with `set_option linter.unusedTactic false`
warning: ZhangLS/Spec/RiemannZetaCriticalLineBound.lean:303:8: this tactic is never executed

Note: This linter can be disabled with `set_option linter.unreachableTactic false`
warning: ZhangLS/Spec/RiemannZetaCriticalLineBound.lean:394:12: This simp argument is unused:
  norm_div

Hint: Omit it from the simp argument list.
  simp ̵[̵n̵o̵r̵m̵_̵d̵i̵v̵]̵

Note: This linter can be disabled with `set_option linter.unusedSimpArgs false`
warning: ZhangLS/Spec/RiemannZetaCriticalLineBound.lean:475:75: This simp argument is unused:
  norm_div

Hint: Omit it from the simp argument list.
  simp ̵[̵n̵o̵r̵m̵_̵d̵i̵v̵]̵

Note: This linter can be disabled with `set_option linter.unusedSimpArgs false`
⚠ [3499/3717] Replayed ZhangLS.Spec.Lemma57CriticalStripGrowth
warning: ZhangLS/Spec/Lemma57CriticalStripGrowth.lean:270:14: This simp argument is unused:
  norm_div

Hint: Omit it from the simp argument list.
  simp ̵[̵n̵o̵r̵m̵_̵d̵i̵v̵]̵

Note: This linter can be disabled with `set_option linter.unusedSimpArgs false`
⚠ [3506/3717] Replayed ZhangLS.Spec.Lemma23DirichletConjugation
warning: ZhangLS/Spec/Lemma23DirichletConjugation.lean:23:0: automatically included section variable(s) unused in theorem `ZhangLS.Spec.dirichletLSeries_inv_eq_conj_at_conj`:
  [NeZero N]
consider restructuring your `variable` declarations so that the variables are not in scope or explicitly omit them:
  omit [NeZero N] in theorem ...

Note: This linter can be disabled with `set_option linter.unusedSectionVars false`
⚠ [3508/3717] Replayed ZhangLS.Spec.Lemma23PrimitiveGaussSum
warning: ZhangLS/Spec/Lemma23PrimitiveGaussSum.lean:42:19: Used `tac1 <;> tac2` where `(tac1; tac2)` would suffice

Note: This linter can be disabled with `set_option linter.unnecessarySeqFocus false`
⚠ [3509/3717] Replayed ZhangLS.Spec.Lemma23DirichletUnitModulus
warning: ZhangLS/Spec/Lemma23DirichletUnitModulus.lean:112:48: Used `tac1 <;> tac2` where `(tac1; tac2)` would suffice

Note: This linter can be disabled with `set_option linter.unnecessarySeqFocus false`
⚠ [3527/3717] Replayed ZhangLS.Spec.Lemma44CharacterProduct
warning: ZhangLS/Spec/Lemma44CharacterProduct.lean:55:38: This simp argument is unused:
  mul_comm

Hint: Omit it from the simp argument list.
  simp [̵m̵u̵l̵_̵c̵o̵m̵m̵,̵ ̵m̵u̵l̵_̵l̵e̵f̵t̵_̵c̵o̵m̵m̵,̵[̲m̲u̲l̲_̲l̲e̲f̲t̲_̲c̲o̲m̲m̲,̲ mul_assoc]

Note: This linter can be disabled with `set_option linter.unusedSimpArgs false`
warning: ZhangLS/Spec/Lemma44CharacterProduct.lean:55:48: This simp argument is unused:
  mul_left_comm

Hint: Omit it from the simp argument list.
  simp [mul_comm, mul_l̵e̵f̵t̵_̵c̵o̵m̵m̵,̵ ̵m̵u̵l̵_̵assoc]

Note: This linter can be disabled with `set_option linter.unusedSimpArgs false`
⚠ [3661/3717] Replayed ZhangLS.Spec.Lemma44ProductMellin
warning: ZhangLS/Spec/Lemma44ProductMellin.lean:144:4: try 'simp' instead of 'simpa'

Note: This linter can be disabled with `set_option linter.unnecessarySimpa false`
⚠ [3665/3717] Replayed ZhangLS.Spec.Lemma44RightMellinApproximation
warning: ZhangLS/Spec/Lemma44RightMellinApproximation.lean:37:4: try 'simp' instead of 'simpa'

Note: This linter can be disabled with `set_option linter.unnecessarySimpa false`
⚠ [3667/3717] Replayed ZhangLS.Spec.Lemma44ReflectedLongSum
warning: ZhangLS/Spec/Lemma44ReflectedLongSum.lean:81:64: Used `tac1 <;> tac2` where `(tac1; tac2)` would suffice

Note: This linter can be disabled with `set_option linter.unnecessarySeqFocus false`
⚠ [3670/3717] Replayed ZhangLS.Spec.Lemma44InitialLeftEstimates
warning: ZhangLS/Spec/Lemma44InitialLeftEstimates.lean:68:23: Used `tac1 <;> tac2` where `(tac1; tac2)` would suffice

Note: This linter can be disabled with `set_option linter.unnecessarySeqFocus false`
⚠ [3673/3717] Replayed ZhangLS.Spec.Lemma44ComplexCharacterAbel
warning: ZhangLS/Spec/Lemma44ComplexCharacterAbel.lean:73:56: unused variable `hD`

Note: This linter can be disabled with `set_option linter.unusedVariables false`
⚠ [3674/3717] Replayed ZhangLS.Spec.Lemma44HorizontalGrowth
warning: ZhangLS/Spec/Lemma44HorizontalGrowth.lean:147:6: 'push_cast' tactic does nothing

Note: This linter can be disabled with `set_option linter.unusedTactic false`
⚠ [3676/3717] Replayed ZhangLS.Spec.Lemma44GaussianVerticalTail
info: ZhangLS/Spec/Lemma44GaussianVerticalTail.lean:41:4: Try this:
  [apply] ring_nf
  
  The `ring` tactic failed to close the goal. Use `ring_nf` to obtain a normal form.
    
  Note that `ring` works primarily in *commutative* rings. If you have a noncommutative ring, abelian group or module, consider using `noncomm_ring`, `abel` or `module` instead.
info: ZhangLS/Spec/Lemma44GaussianVerticalTail.lean:57:16: Try this:
  [apply] ring_nf
  
  The `ring` tactic failed to close the goal. Use `ring_nf` to obtain a normal form.
    
  Note that `ring` works primarily in *commutative* rings. If you have a noncommutative ring, abelian group or module, consider using `noncomm_ring`, `abel` or `module` instead.
warning: ZhangLS/Spec/Lemma44GaussianVerticalTail.lean:57:12: Used `tac1 <;> tac2` where `(tac1; tac2)` would suffice

Note: This linter can be disabled with `set_option linter.unnecessarySeqFocus false`
warning: ZhangLS/Spec/Lemma44GaussianVerticalTail.lean:68:22: Used `tac1 <;> tac2` where `(tac1; tac2)` would suffice

Note: This linter can be disabled with `set_option linter.unnecessarySeqFocus false`
info: ZhangLS/Spec/Lemma44GaussianVerticalTail.lean:153:35: Try this:
  [apply] ring_nf
  
  The `ring` tactic failed to close the goal. Use `ring_nf` to obtain a normal form.
    
  Note that `ring` works primarily in *commutative* rings. If you have a noncommutative ring, abelian group or module, consider using `noncomm_ring`, `abel` or `module` instead.
⚠ [3677/3717] Replayed ZhangLS.Spec.Lemma44LocalRectangle
warning: ZhangLS/Spec/Lemma44LocalRectangle.lean:115:46: This simp argument is unused:
  zero_mul

Hint: Omit it from the simp argument list.
  simp only [mem_reProdIm, mem_Icc, sub_re, sub_im, ofReal_re, ofReal_im, mul_re, mul_im, I_re,
  ̲  ̲ ̲ ̲ ̲ ̲ ̲ ̲I_im, mul_zero, z̵e̵r̵o̵_̵m̵u̵l̵,̵ ̵mul_one, zero_add, sub_zero]

Note: This linter can be disabled with `set_option linter.unusedSimpArgs false`
warning: ZhangLS/Spec/Lemma44LocalRectangle.lean:115:65: This simp argument is unused:
  zero_add

Hint: Omit it from the simp argument list.
  simp only [mem_reProdIm, mem_Icc, sub_re, sub_im, ofReal_re, ofReal_im, mul_re, mul_im, I_re,
  ̲  ̲ ̲ ̲ ̲ ̲ ̲ ̲I_im, mul_zero, zero_mul, mul_one, z̵e̵r̵o̵_̵a̵d̵d̵,̵ ̵sub_zero]

Note: This linter can be disabled with `set_option linter.unusedSimpArgs false`
⚠ [3680/3717] Replayed ZhangLS.Spec.Lemma44HorizontalIntegrals
warning: ZhangLS/Spec/Lemma44HorizontalIntegrals.lean:18:5: unused variable `hK`

Note: This linter can be disabled with `set_option linter.unusedVariables false`
⚠ [3681/3717] Replayed ZhangLS.Spec.Lemma44ReflectedPolynomialContours
warning: ZhangLS/Spec/Lemma44ReflectedPolynomialContours.lean:152:64: This simp argument is unused:
  mul_left_comm

Hint: Omit it from the simp argument list.
  simp only [sub_eq_add_neg, add_comm, add_left_comm, mul_comm, mul_l̵e̵f̵t̵_̵c̵o̵m̵m̵,̵ ̵m̵u̵l̵_̵assoc] at hc ⊢

Note: This linter can be disabled with `set_option linter.unusedSimpArgs false`
warning: ZhangLS/Spec/Lemma44ReflectedPolynomialContours.lean:152:79: This simp argument is unused:
  mul_assoc

Hint: Omit it from the simp argument list.
  simp only [sub_eq_add_neg, add_comm, add_left_comm, mul_comm, mul_left_comm,̵ ̵m̵u̵l̵_̵a̵s̵s̵o̵c̵] at hc ⊢

Note: This linter can be disabled with `set_option linter.unusedSimpArgs false`
⚠ [3685/3717] Replayed ZhangLS.Spec.Lemma45Normalization
warning: ZhangLS/Spec/Lemma45Normalization.lean:90:8: 'ring' tactic does nothing

Note: This linter can be disabled with `set_option linter.unusedTactic false`
warning: ZhangLS/Spec/Lemma45Normalization.lean:90:8: this tactic is never executed

Note: This linter can be disabled with `set_option linter.unreachableTactic false`
⚠ [3702/3717] Replayed ZhangLS.Spec.Lemma46SingleZero
warning: ZhangLS/Spec/Lemma46SingleZero.lean:33:10: This simp argument is unused:
  mem_sphere

Hint: Omit it from the simp argument list.
  simp [m̵e̵m̵_̵s̵p̵h̵e̵r̵e̵,̵ ̵dist_zero_right, abs_of_pos hR]

Note: This linter can be disabled with `set_option linter.unusedSimpArgs false`
warning: ZhangLS/Spec/Lemma46SingleZero.lean:33:22: This simp argument is unused:
  dist_zero_right

Hint: Omit it from the simp argument list.
  simp [mem_sphere, d̵i̵s̵t̵_̵z̵e̵r̵o̵_̵r̵i̵g̵h̵t̵,̵ ̵abs_of_pos hR]

Note: This linter can be disabled with `set_option linter.unusedSimpArgs false`
⚠ [3703/3717] Replayed ZhangLS.Spec.Lemma46RoucheLocal
warning: ZhangLS/Spec/Lemma46RoucheLocal.lean:30:5: unused variable `hm`

Note: This linter can be disabled with `set_option linter.unusedVariables false`
⚠ [3704/3717] Replayed ZhangLS.Spec.Lemma46ZeroAnalysis
warning: ZhangLS/Spec/Lemma46ZeroAnalysis.lean:108:39: Used `tac1 <;> tac2` where `(tac1; tac2)` would suffice

Note: This linter can be disabled with `set_option linter.unnecessarySeqFocus false`
warning: ZhangLS/Spec/Lemma46ZeroAnalysis.lean:151:54: unused variable `hc`

Note: This linter can be disabled with `set_option linter.unusedVariables false`
Build completed successfully (3717 jobs).
== kernel-check ZhangLS/Spec/Lemma52Product.lean ==
⚠ [2469/2587] Replayed ZhangLS.Spec.Lemma23AnalyticLogBranch
warning: ZhangLS/Spec/Lemma23AnalyticLogBranch.lean:42:53: try 'simp' instead of 'simpa'

Note: This linter can be disabled with `set_option linter.unnecessarySimpa false`
warning: ZhangLS/Spec/Lemma23AnalyticLogBranch.lean:67:44: try 'simp' instead of 'simpa'

Note: This linter can be disabled with `set_option linter.unnecessarySimpa false`
⚠ [2473/2587] Replayed ZhangLS.Spec.RealDirichletCharacter
warning: ZhangLS/Spec/RealDirichletCharacter.lean:48:4: try 'simp' instead of 'simpa'

Note: This linter can be disabled with `set_option linter.unnecessarySimpa false`
⚠ [3461/3724] Replayed ZhangLS.Spec.RealAxisAtOne
warning: ZhangLS/Spec/RealAxisAtOne.lean:56:4: try 'simp' instead of 'simpa'

Note: This linter can be disabled with `set_option linter.unnecessarySimpa false`
⚠ [3463/3724] Replayed ZhangLS.Spec.Lemma57
warning: ZhangLS/Spec/Lemma57.lean:101:58: unused variable `hD`

Note: This linter can be disabled with `set_option linter.unusedVariables false`
warning: ZhangLS/Spec/Lemma57.lean:102:7: unused variable `hA`

Note: This linter can be disabled with `set_option linter.unusedVariables false`
⚠ [3464/3724] Replayed ZhangLS.Spec.Lemma57Arithmetic
warning: ZhangLS/Spec/Lemma57Arithmetic.lean:55:15: unused variable `hc_g`

Note: This linter can be disabled with `set_option linter.unusedVariables false`
⚠ [3469/3724] Replayed ZhangLS.Spec.Lemma57SmoothedSum
warning: ZhangLS/Spec/Lemma57SmoothedSum.lean:42:46: unused variable `hD`

Note: This linter can be disabled with `set_option linter.unusedVariables false`
⚠ [3478/3724] Replayed ZhangLS.Spec.Lemma57GaussianGlobal
warning: ZhangLS/Spec/Lemma57GaussianGlobal.lean:55:58: unused variable `ha`

Note: This linter can be disabled with `set_option linter.unusedVariables false`
warning: ZhangLS/Spec/Lemma57GaussianGlobal.lean:241:13: unused variable `hD`

Note: This linter can be disabled with `set_option linter.unusedVariables false`
warning: ZhangLS/Spec/Lemma57GaussianGlobal.lean:241:34: unused variable `hx`

Note: This linter can be disabled with `set_option linter.unusedVariables false`
⚠ [3479/3724] Replayed ZhangLS.Spec.Lemma57SmoothedSummability
warning: ZhangLS/Spec/Lemma57SmoothedSummability.lean:20:52: unused variable `hn`

Note: This linter can be disabled with `set_option linter.unusedVariables false`
⚠ [3484/3724] Replayed ZhangLS.Spec.Lemma57GaussianMellinTransform
warning: ZhangLS/Spec/Lemma57GaussianMellinTransform.lean:67:63: Used `tac1 <;> tac2` where `(tac1; tac2)` would suffice

Note: This linter can be disabled with `set_option linter.unnecessarySeqFocus false`
warning: ZhangLS/Spec/Lemma57GaussianMellinTransform.lean:145:54: Used `tac1 <;> tac2` where `(tac1; tac2)` would suffice

Note: This linter can be disabled with `set_option linter.unnecessarySeqFocus false`
warning: ZhangLS/Spec/Lemma57GaussianMellinTransform.lean:326:4: Try `simp at hs` instead of `simpa using hs`

Note: This linter can be disabled with `set_option linter.unnecessarySimpa false`
⚠ [3498/3724] Replayed ZhangLS.Spec.RiemannZetaCriticalLineBound
warning: ZhangLS/Spec/RiemannZetaCriticalLineBound.lean:99:2: Used `tac1 <;> tac2` where `(tac1; tac2)` would suffice

Note: This linter can be disabled with `set_option linter.unnecessarySeqFocus false`
warning: ZhangLS/Spec/RiemannZetaCriticalLineBound.lean:124:13: unused variable `hs`

Note: This linter can be disabled with `set_option linter.unusedVariables false`
warning: ZhangLS/Spec/RiemannZetaCriticalLineBound.lean:152:6: unused variable `n`

Note: This linter can be disabled with `set_option linter.unusedVariables false`
warning: ZhangLS/Spec/RiemannZetaCriticalLineBound.lean:156:20: unused variable `k`

Note: This linter can be disabled with `set_option linter.unusedVariables false`
warning: ZhangLS/Spec/RiemannZetaCriticalLineBound.lean:161:8: This simp argument is unused:
  sum_one_Icc

Hint: Omit it from the simp argument list.
  simp ̵[̵s̵u̵m̵_̵o̵n̵e̵_̵I̵c̵c̵]̵

Note: This linter can be disabled with `set_option linter.unusedSimpArgs false`
warning: ZhangLS/Spec/RiemannZetaCriticalLineBound.lean:242:12: 'ring' tactic does nothing

Note: This linter can be disabled with `set_option linter.unusedTactic false`
warning: ZhangLS/Spec/RiemannZetaCriticalLineBound.lean:242:12: this tactic is never executed

Note: This linter can be disabled with `set_option linter.unreachableTactic false`
warning: ZhangLS/Spec/RiemannZetaCriticalLineBound.lean:219:41: Used `tac1 <;> tac2` where `(tac1; tac2)` would suffice

Note: This linter can be disabled with `set_option linter.unnecessarySeqFocus false`
warning: ZhangLS/Spec/RiemannZetaCriticalLineBound.lean:303:8: 'ring' tactic does nothing

Note: This linter can be disabled with `set_option linter.unusedTactic false`
warning: ZhangLS/Spec/RiemannZetaCriticalLineBound.lean:303:8: this tactic is never executed

Note: This linter can be disabled with `set_option linter.unreachableTactic false`
warning: ZhangLS/Spec/RiemannZetaCriticalLineBound.lean:394:12: This simp argument is unused:
  norm_div

Hint: Omit it from the simp argument list.
  simp ̵[̵n̵o̵r̵m̵_̵d̵i̵v̵]̵

Note: This linter can be disabled with `set_option linter.unusedSimpArgs false`
warning: ZhangLS/Spec/RiemannZetaCriticalLineBound.lean:475:75: This simp argument is unused:
  norm_div

Hint: Omit it from the simp argument list.
  simp ̵[̵n̵o̵r̵m̵_̵d̵i̵v̵]̵

Note: This linter can be disabled with `set_option linter.unusedSimpArgs false`
⚠ [3499/3724] Replayed ZhangLS.Spec.Lemma57CriticalStripGrowth
warning: ZhangLS/Spec/Lemma57CriticalStripGrowth.lean:270:14: This simp argument is unused:
  norm_div

Hint: Omit it from the simp argument list.
  simp ̵[̵n̵o̵r̵m̵_̵d̵i̵v̵]̵

Note: This linter can be disabled with `set_option linter.unusedSimpArgs false`
⚠ [3506/3724] Replayed ZhangLS.Spec.Lemma23DirichletConjugation
warning: ZhangLS/Spec/Lemma23DirichletConjugation.lean:23:0: automatically included section variable(s) unused in theorem `ZhangLS.Spec.dirichletLSeries_inv_eq_conj_at_conj`:
  [NeZero N]
consider restructuring your `variable` declarations so that the variables are not in scope or explicitly omit them:
  omit [NeZero N] in theorem ...

Note: This linter can be disabled with `set_option linter.unusedSectionVars false`
⚠ [3508/3724] Replayed ZhangLS.Spec.Lemma23PrimitiveGaussSum
warning: ZhangLS/Spec/Lemma23PrimitiveGaussSum.lean:42:19: Used `tac1 <;> tac2` where `(tac1; tac2)` would suffice

Note: This linter can be disabled with `set_option linter.unnecessarySeqFocus false`
⚠ [3509/3724] Replayed ZhangLS.Spec.Lemma23DirichletUnitModulus
warning: ZhangLS/Spec/Lemma23DirichletUnitModulus.lean:112:48: Used `tac1 <;> tac2` where `(tac1; tac2)` would suffice

Note: This linter can be disabled with `set_option linter.unnecessarySeqFocus false`
⚠ [3527/3724] Replayed ZhangLS.Spec.Lemma44CharacterProduct
warning: ZhangLS/Spec/Lemma44CharacterProduct.lean:55:38: This simp argument is unused:
  mul_comm

Hint: Omit it from the simp argument list.
  simp [̵m̵u̵l̵_̵c̵o̵m̵m̵,̵ ̵m̵u̵l̵_̵l̵e̵f̵t̵_̵c̵o̵m̵m̵,̵[̲m̲u̲l̲_̲l̲e̲f̲t̲_̲c̲o̲m̲m̲,̲ mul_assoc]

Note: This linter can be disabled with `set_option linter.unusedSimpArgs false`
warning: ZhangLS/Spec/Lemma44CharacterProduct.lean:55:48: This simp argument is unused:
  mul_left_comm

Hint: Omit it from the simp argument list.
  simp [mul_comm, mul_l̵e̵f̵t̵_̵c̵o̵m̵m̵,̵ ̵m̵u̵l̵_̵assoc]

Note: This linter can be disabled with `set_option linter.unusedSimpArgs false`
⚠ [3664/3724] Replayed ZhangLS.Spec.Lemma44ProductMellin
warning: ZhangLS/Spec/Lemma44ProductMellin.lean:144:4: try 'simp' instead of 'simpa'

Note: This linter can be disabled with `set_option linter.unnecessarySimpa false`
⚠ [3668/3724] Replayed ZhangLS.Spec.Lemma44RightMellinApproximation
warning: ZhangLS/Spec/Lemma44RightMellinApproximation.lean:37:4: try 'simp' instead of 'simpa'

Note: This linter can be disabled with `set_option linter.unnecessarySimpa false`
⚠ [3670/3724] Replayed ZhangLS.Spec.Lemma44ReflectedLongSum
warning: ZhangLS/Spec/Lemma44ReflectedLongSum.lean:81:64: Used `tac1 <;> tac2` where `(tac1; tac2)` would suffice

Note: This linter can be disabled with `set_option linter.unnecessarySeqFocus false`
⚠ [3673/3724] Replayed ZhangLS.Spec.Lemma44InitialLeftEstimates
warning: ZhangLS/Spec/Lemma44InitialLeftEstimates.lean:68:23: Used `tac1 <;> tac2` where `(tac1; tac2)` would suffice

Note: This linter can be disabled with `set_option linter.unnecessarySeqFocus false`
⚠ [3676/3724] Replayed ZhangLS.Spec.Lemma44ComplexCharacterAbel
warning: ZhangLS/Spec/Lemma44ComplexCharacterAbel.lean:73:56: unused variable `hD`

Note: This linter can be disabled with `set_option linter.unusedVariables false`
⚠ [3677/3724] Replayed ZhangLS.Spec.Lemma44HorizontalGrowth
warning: ZhangLS/Spec/Lemma44HorizontalGrowth.lean:147:6: 'push_cast' tactic does nothing

Note: This linter can be disabled with `set_option linter.unusedTactic false`
⚠ [3679/3724] Replayed ZhangLS.Spec.Lemma44GaussianVerticalTail
info: ZhangLS/Spec/Lemma44GaussianVerticalTail.lean:41:4: Try this:
  [apply] ring_nf
  
  The `ring` tactic failed to close the goal. Use `ring_nf` to obtain a normal form.
    
  Note that `ring` works primarily in *commutative* rings. If you have a noncommutative ring, abelian group or module, consider using `noncomm_ring`, `abel` or `module` instead.
info: ZhangLS/Spec/Lemma44GaussianVerticalTail.lean:57:16: Try this:
  [apply] ring_nf
  
  The `ring` tactic failed to close the goal. Use `ring_nf` to obtain a normal form.
    
  Note that `ring` works primarily in *commutative* rings. If you have a noncommutative ring, abelian group or module, consider using `noncomm_ring`, `abel` or `module` instead.
warning: ZhangLS/Spec/Lemma44GaussianVerticalTail.lean:57:12: Used `tac1 <;> tac2` where `(tac1; tac2)` would suffice

Note: This linter can be disabled with `set_option linter.unnecessarySeqFocus false`
warning: ZhangLS/Spec/Lemma44GaussianVerticalTail.lean:68:22: Used `tac1 <;> tac2` where `(tac1; tac2)` would suffice

Note: This linter can be disabled with `set_option linter.unnecessarySeqFocus false`
info: ZhangLS/Spec/Lemma44GaussianVerticalTail.lean:153:35: Try this:
  [apply] ring_nf
  
  The `ring` tactic failed to close the goal. Use `ring_nf` to obtain a normal form.
    
  Note that `ring` works primarily in *commutative* rings. If you have a noncommutative ring, abelian group or module, consider using `noncomm_ring`, `abel` or `module` instead.
⚠ [3680/3724] Replayed ZhangLS.Spec.Lemma44LocalRectangle
warning: ZhangLS/Spec/Lemma44LocalRectangle.lean:115:46: This simp argument is unused:
  zero_mul

Hint: Omit it from the simp argument list.
  simp only [mem_reProdIm, mem_Icc, sub_re, sub_im, ofReal_re, ofReal_im, mul_re, mul_im, I_re,
  ̲  ̲ ̲ ̲ ̲ ̲ ̲ ̲I_im, mul_zero, z̵e̵r̵o̵_̵m̵u̵l̵,̵ ̵mul_one, zero_add, sub_zero]

Note: This linter can be disabled with `set_option linter.unusedSimpArgs false`
warning: ZhangLS/Spec/Lemma44LocalRectangle.lean:115:65: This simp argument is unused:
  zero_add

Hint: Omit it from the simp argument list.
  simp only [mem_reProdIm, mem_Icc, sub_re, sub_im, ofReal_re, ofReal_im, mul_re, mul_im, I_re,
  ̲  ̲ ̲ ̲ ̲ ̲ ̲ ̲I_im, mul_zero, zero_mul, mul_one, z̵e̵r̵o̵_̵a̵d̵d̵,̵ ̵sub_zero]

Note: This linter can be disabled with `set_option linter.unusedSimpArgs false`
⚠ [3683/3724] Replayed ZhangLS.Spec.Lemma44HorizontalIntegrals
warning: ZhangLS/Spec/Lemma44HorizontalIntegrals.lean:18:5: unused variable `hK`

Note: This linter can be disabled with `set_option linter.unusedVariables false`
⚠ [3684/3724] Replayed ZhangLS.Spec.Lemma44ReflectedPolynomialContours
warning: ZhangLS/Spec/Lemma44ReflectedPolynomialContours.lean:152:64: This simp argument is unused:
  mul_left_comm

Hint: Omit it from the simp argument list.
  simp only [sub_eq_add_neg, add_comm, add_left_comm, mul_comm, mul_l̵e̵f̵t̵_̵c̵o̵m̵m̵,̵ ̵m̵u̵l̵_̵assoc] at hc ⊢

Note: This linter can be disabled with `set_option linter.unusedSimpArgs false`
warning: ZhangLS/Spec/Lemma44ReflectedPolynomialContours.lean:152:79: This simp argument is unused:
  mul_assoc

Hint: Omit it from the simp argument list.
  simp only [sub_eq_add_neg, add_comm, add_left_comm, mul_comm, mul_left_comm,̵ ̵m̵u̵l̵_̵a̵s̵s̵o̵c̵] at hc ⊢

Note: This linter can be disabled with `set_option linter.unusedSimpArgs false`
⚠ [3688/3724] Replayed ZhangLS.Spec.Lemma45Normalization
warning: ZhangLS/Spec/Lemma45Normalization.lean:90:8: 'ring' tactic does nothing

Note: This linter can be disabled with `set_option linter.unusedTactic false`
warning: ZhangLS/Spec/Lemma45Normalization.lean:90:8: this tactic is never executed

Note: This linter can be disabled with `set_option linter.unreachableTactic false`
⚠ [3705/3724] Replayed ZhangLS.Spec.Lemma46SingleZero
warning: ZhangLS/Spec/Lemma46SingleZero.lean:33:10: This simp argument is unused:
  mem_sphere

Hint: Omit it from the simp argument list.
  simp [m̵e̵m̵_̵s̵p̵h̵e̵r̵e̵,̵ ̵dist_zero_right, abs_of_pos hR]

Note: This linter can be disabled with `set_option linter.unusedSimpArgs false`
warning: ZhangLS/Spec/Lemma46SingleZero.lean:33:22: This simp argument is unused:
  dist_zero_right

Hint: Omit it from the simp argument list.
  simp [mem_sphere, d̵i̵s̵t̵_̵z̵e̵r̵o̵_̵r̵i̵g̵h̵t̵,̵ ̵abs_of_pos hR]

Note: This linter can be disabled with `set_option linter.unusedSimpArgs false`
⚠ [3706/3724] Replayed ZhangLS.Spec.Lemma46RoucheLocal
warning: ZhangLS/Spec/Lemma46RoucheLocal.lean:30:5: unused variable `hm`

Note: This linter can be disabled with `set_option linter.unusedVariables false`
⚠ [3707/3724] Replayed ZhangLS.Spec.Lemma46ZeroAnalysis
warning: ZhangLS/Spec/Lemma46ZeroAnalysis.lean:108:39: Used `tac1 <;> tac2` where `(tac1; tac2)` would suffice

Note: This linter can be disabled with `set_option linter.unnecessarySeqFocus false`
warning: ZhangLS/Spec/Lemma46ZeroAnalysis.lean:151:54: unused variable `hc`

Note: This linter can be disabled with `set_option linter.unusedVariables false`
Build completed successfully (3724 jobs).
== kernel-check ZhangLS/Spec/Lemma52ShiftEstimates.lean ==
⚠ [2469/2664] Replayed ZhangLS.Spec.Lemma23AnalyticLogBranch
warning: ZhangLS/Spec/Lemma23AnalyticLogBranch.lean:42:53: try 'simp' instead of 'simpa'

Note: This linter can be disabled with `set_option linter.unnecessarySimpa false`
warning: ZhangLS/Spec/Lemma23AnalyticLogBranch.lean:67:44: try 'simp' instead of 'simpa'

Note: This linter can be disabled with `set_option linter.unnecessarySimpa false`
⚠ [2473/2664] Replayed ZhangLS.Spec.RealDirichletCharacter
warning: ZhangLS/Spec/RealDirichletCharacter.lean:48:4: try 'simp' instead of 'simpa'

Note: This linter can be disabled with `set_option linter.unnecessarySimpa false`
⚠ [3461/3723] Replayed ZhangLS.Spec.RealAxisAtOne
warning: ZhangLS/Spec/RealAxisAtOne.lean:56:4: try 'simp' instead of 'simpa'

Note: This linter can be disabled with `set_option linter.unnecessarySimpa false`
⚠ [3463/3723] Replayed ZhangLS.Spec.Lemma57
warning: ZhangLS/Spec/Lemma57.lean:101:58: unused variable `hD`

Note: This linter can be disabled with `set_option linter.unusedVariables false`
warning: ZhangLS/Spec/Lemma57.lean:102:7: unused variable `hA`

Note: This linter can be disabled with `set_option linter.unusedVariables false`
⚠ [3464/3723] Replayed ZhangLS.Spec.Lemma57Arithmetic
warning: ZhangLS/Spec/Lemma57Arithmetic.lean:55:15: unused variable `hc_g`

Note: This linter can be disabled with `set_option linter.unusedVariables false`
⚠ [3469/3723] Replayed ZhangLS.Spec.Lemma57SmoothedSum
warning: ZhangLS/Spec/Lemma57SmoothedSum.lean:42:46: unused variable `hD`

Note: This linter can be disabled with `set_option linter.unusedVariables false`
⚠ [3478/3723] Replayed ZhangLS.Spec.Lemma57GaussianGlobal
warning: ZhangLS/Spec/Lemma57GaussianGlobal.lean:55:58: unused variable `ha`

Note: This linter can be disabled with `set_option linter.unusedVariables false`
warning: ZhangLS/Spec/Lemma57GaussianGlobal.lean:241:13: unused variable `hD`

Note: This linter can be disabled with `set_option linter.unusedVariables false`
warning: ZhangLS/Spec/Lemma57GaussianGlobal.lean:241:34: unused variable `hx`

Note: This linter can be disabled with `set_option linter.unusedVariables false`
⚠ [3479/3723] Replayed ZhangLS.Spec.Lemma57SmoothedSummability
warning: ZhangLS/Spec/Lemma57SmoothedSummability.lean:20:52: unused variable `hn`

Note: This linter can be disabled with `set_option linter.unusedVariables false`
⚠ [3484/3723] Replayed ZhangLS.Spec.Lemma57GaussianMellinTransform
warning: ZhangLS/Spec/Lemma57GaussianMellinTransform.lean:67:63: Used `tac1 <;> tac2` where `(tac1; tac2)` would suffice

Note: This linter can be disabled with `set_option linter.unnecessarySeqFocus false`
warning: ZhangLS/Spec/Lemma57GaussianMellinTransform.lean:145:54: Used `tac1 <;> tac2` where `(tac1; tac2)` would suffice

Note: This linter can be disabled with `set_option linter.unnecessarySeqFocus false`
warning: ZhangLS/Spec/Lemma57GaussianMellinTransform.lean:326:4: Try `simp at hs` instead of `simpa using hs`

Note: This linter can be disabled with `set_option linter.unnecessarySimpa false`
⚠ [3498/3723] Replayed ZhangLS.Spec.RiemannZetaCriticalLineBound
warning: ZhangLS/Spec/RiemannZetaCriticalLineBound.lean:99:2: Used `tac1 <;> tac2` where `(tac1; tac2)` would suffice

Note: This linter can be disabled with `set_option linter.unnecessarySeqFocus false`
warning: ZhangLS/Spec/RiemannZetaCriticalLineBound.lean:124:13: unused variable `hs`

Note: This linter can be disabled with `set_option linter.unusedVariables false`
warning: ZhangLS/Spec/RiemannZetaCriticalLineBound.lean:152:6: unused variable `n`

Note: This linter can be disabled with `set_option linter.unusedVariables false`
warning: ZhangLS/Spec/RiemannZetaCriticalLineBound.lean:156:20: unused variable `k`

Note: This linter can be disabled with `set_option linter.unusedVariables false`
warning: ZhangLS/Spec/RiemannZetaCriticalLineBound.lean:161:8: This simp argument is unused:
  sum_one_Icc

Hint: Omit it from the simp argument list.
  simp ̵[̵s̵u̵m̵_̵o̵n̵e̵_̵I̵c̵c̵]̵

Note: This linter can be disabled with `set_option linter.unusedSimpArgs false`
warning: ZhangLS/Spec/RiemannZetaCriticalLineBound.lean:242:12: 'ring' tactic does nothing

Note: This linter can be disabled with `set_option linter.unusedTactic false`
warning: ZhangLS/Spec/RiemannZetaCriticalLineBound.lean:242:12: this tactic is never executed

Note: This linter can be disabled with `set_option linter.unreachableTactic false`
warning: ZhangLS/Spec/RiemannZetaCriticalLineBound.lean:219:41: Used `tac1 <;> tac2` where `(tac1; tac2)` would suffice

Note: This linter can be disabled with `set_option linter.unnecessarySeqFocus false`
warning: ZhangLS/Spec/RiemannZetaCriticalLineBound.lean:303:8: 'ring' tactic does nothing

Note: This linter can be disabled with `set_option linter.unusedTactic false`
warning: ZhangLS/Spec/RiemannZetaCriticalLineBound.lean:303:8: this tactic is never executed

Note: This linter can be disabled with `set_option linter.unreachableTactic false`
warning: ZhangLS/Spec/RiemannZetaCriticalLineBound.lean:394:12: This simp argument is unused:
  norm_div

Hint: Omit it from the simp argument list.
  simp ̵[̵n̵o̵r̵m̵_̵d̵i̵v̵]̵

Note: This linter can be disabled with `set_option linter.unusedSimpArgs false`
warning: ZhangLS/Spec/RiemannZetaCriticalLineBound.lean:475:75: This simp argument is unused:
  norm_div

Hint: Omit it from the simp argument list.
  simp ̵[̵n̵o̵r̵m̵_̵d̵i̵v̵]̵

Note: This linter can be disabled with `set_option linter.unusedSimpArgs false`
⚠ [3499/3723] Replayed ZhangLS.Spec.Lemma57CriticalStripGrowth
warning: ZhangLS/Spec/Lemma57CriticalStripGrowth.lean:270:14: This simp argument is unused:
  norm_div

Hint: Omit it from the simp argument list.
  simp ̵[̵n̵o̵r̵m̵_̵d̵i̵v̵]̵

Note: This linter can be disabled with `set_option linter.unusedSimpArgs false`
⚠ [3506/3723] Replayed ZhangLS.Spec.Lemma23DirichletConjugation
warning: ZhangLS/Spec/Lemma23DirichletConjugation.lean:23:0: automatically included section variable(s) unused in theorem `ZhangLS.Spec.dirichletLSeries_inv_eq_conj_at_conj`:
  [NeZero N]
consider restructuring your `variable` declarations so that the variables are not in scope or explicitly omit them:
  omit [NeZero N] in theorem ...

Note: This linter can be disabled with `set_option linter.unusedSectionVars false`
⚠ [3508/3723] Replayed ZhangLS.Spec.Lemma23PrimitiveGaussSum
warning: ZhangLS/Spec/Lemma23PrimitiveGaussSum.lean:42:19: Used `tac1 <;> tac2` where `(tac1; tac2)` would suffice

Note: This linter can be disabled with `set_option linter.unnecessarySeqFocus false`
⚠ [3509/3723] Replayed ZhangLS.Spec.Lemma23DirichletUnitModulus
warning: ZhangLS/Spec/Lemma23DirichletUnitModulus.lean:112:48: Used `tac1 <;> tac2` where `(tac1; tac2)` would suffice

Note: This linter can be disabled with `set_option linter.unnecessarySeqFocus false`
⚠ [3527/3723] Replayed ZhangLS.Spec.Lemma44CharacterProduct
warning: ZhangLS/Spec/Lemma44CharacterProduct.lean:55:38: This simp argument is unused:
  mul_comm

Hint: Omit it from the simp argument list.
  simp [̵m̵u̵l̵_̵c̵o̵m̵m̵,̵ ̵m̵u̵l̵_̵l̵e̵f̵t̵_̵c̵o̵m̵m̵,̵[̲m̲u̲l̲_̲l̲e̲f̲t̲_̲c̲o̲m̲m̲,̲ mul_assoc]

Note: This linter can be disabled with `set_option linter.unusedSimpArgs false`
warning: ZhangLS/Spec/Lemma44CharacterProduct.lean:55:48: This simp argument is unused:
  mul_left_comm

Hint: Omit it from the simp argument list.
  simp [mul_comm, mul_l̵e̵f̵t̵_̵c̵o̵m̵m̵,̵ ̵m̵u̵l̵_̵assoc]

Note: This linter can be disabled with `set_option linter.unusedSimpArgs false`
⚠ [3664/3723] Replayed ZhangLS.Spec.Lemma44ProductMellin
warning: ZhangLS/Spec/Lemma44ProductMellin.lean:144:4: try 'simp' instead of 'simpa'

Note: This linter can be disabled with `set_option linter.unnecessarySimpa false`
⚠ [3668/3723] Replayed ZhangLS.Spec.Lemma44RightMellinApproximation
warning: ZhangLS/Spec/Lemma44RightMellinApproximation.lean:37:4: try 'simp' instead of 'simpa'

Note: This linter can be disabled with `set_option linter.unnecessarySimpa false`
⚠ [3670/3723] Replayed ZhangLS.Spec.Lemma44ReflectedLongSum
warning: ZhangLS/Spec/Lemma44ReflectedLongSum.lean:81:64: Used `tac1 <;> tac2` where `(tac1; tac2)` would suffice

Note: This linter can be disabled with `set_option linter.unnecessarySeqFocus false`
⚠ [3673/3723] Replayed ZhangLS.Spec.Lemma44InitialLeftEstimates
warning: ZhangLS/Spec/Lemma44InitialLeftEstimates.lean:68:23: Used `tac1 <;> tac2` where `(tac1; tac2)` would suffice

Note: This linter can be disabled with `set_option linter.unnecessarySeqFocus false`
⚠ [3676/3723] Replayed ZhangLS.Spec.Lemma44ComplexCharacterAbel
warning: ZhangLS/Spec/Lemma44ComplexCharacterAbel.lean:73:56: unused variable `hD`

Note: This linter can be disabled with `set_option linter.unusedVariables false`
⚠ [3677/3723] Replayed ZhangLS.Spec.Lemma44HorizontalGrowth
warning: ZhangLS/Spec/Lemma44HorizontalGrowth.lean:147:6: 'push_cast' tactic does nothing

Note: This linter can be disabled with `set_option linter.unusedTactic false`
⚠ [3679/3723] Replayed ZhangLS.Spec.Lemma44GaussianVerticalTail
info: ZhangLS/Spec/Lemma44GaussianVerticalTail.lean:41:4: Try this:
  [apply] ring_nf
  
  The `ring` tactic failed to close the goal. Use `ring_nf` to obtain a normal form.
    
  Note that `ring` works primarily in *commutative* rings. If you have a noncommutative ring, abelian group or module, consider using `noncomm_ring`, `abel` or `module` instead.
info: ZhangLS/Spec/Lemma44GaussianVerticalTail.lean:57:16: Try this:
  [apply] ring_nf
  
  The `ring` tactic failed to close the goal. Use `ring_nf` to obtain a normal form.
    
  Note that `ring` works primarily in *commutative* rings. If you have a noncommutative ring, abelian group or module, consider using `noncomm_ring`, `abel` or `module` instead.
warning: ZhangLS/Spec/Lemma44GaussianVerticalTail.lean:57:12: Used `tac1 <;> tac2` where `(tac1; tac2)` would suffice

Note: This linter can be disabled with `set_option linter.unnecessarySeqFocus false`
warning: ZhangLS/Spec/Lemma44GaussianVerticalTail.lean:68:22: Used `tac1 <;> tac2` where `(tac1; tac2)` would suffice

Note: This linter can be disabled with `set_option linter.unnecessarySeqFocus false`
info: ZhangLS/Spec/Lemma44GaussianVerticalTail.lean:153:35: Try this:
  [apply] ring_nf
  
  The `ring` tactic failed to close the goal. Use `ring_nf` to obtain a normal form.
    
  Note that `ring` works primarily in *commutative* rings. If you have a noncommutative ring, abelian group or module, consider using `noncomm_ring`, `abel` or `module` instead.
⚠ [3680/3723] Replayed ZhangLS.Spec.Lemma44LocalRectangle
warning: ZhangLS/Spec/Lemma44LocalRectangle.lean:115:46: This simp argument is unused:
  zero_mul

Hint: Omit it from the simp argument list.
  simp only [mem_reProdIm, mem_Icc, sub_re, sub_im, ofReal_re, ofReal_im, mul_re, mul_im, I_re,
  ̲  ̲ ̲ ̲ ̲ ̲ ̲ ̲I_im, mul_zero, z̵e̵r̵o̵_̵m̵u̵l̵,̵ ̵mul_one, zero_add, sub_zero]

Note: This linter can be disabled with `set_option linter.unusedSimpArgs false`
warning: ZhangLS/Spec/Lemma44LocalRectangle.lean:115:65: This simp argument is unused:
  zero_add

Hint: Omit it from the simp argument list.
  simp only [mem_reProdIm, mem_Icc, sub_re, sub_im, ofReal_re, ofReal_im, mul_re, mul_im, I_re,
  ̲  ̲ ̲ ̲ ̲ ̲ ̲ ̲I_im, mul_zero, zero_mul, mul_one, z̵e̵r̵o̵_̵a̵d̵d̵,̵ ̵sub_zero]

Note: This linter can be disabled with `set_option linter.unusedSimpArgs false`
⚠ [3683/3723] Replayed ZhangLS.Spec.Lemma44HorizontalIntegrals
warning: ZhangLS/Spec/Lemma44HorizontalIntegrals.lean:18:5: unused variable `hK`

Note: This linter can be disabled with `set_option linter.unusedVariables false`
⚠ [3684/3723] Replayed ZhangLS.Spec.Lemma44ReflectedPolynomialContours
warning: ZhangLS/Spec/Lemma44ReflectedPolynomialContours.lean:152:64: This simp argument is unused:
  mul_left_comm

Hint: Omit it from the simp argument list.
  simp only [sub_eq_add_neg, add_comm, add_left_comm, mul_comm, mul_l̵e̵f̵t̵_̵c̵o̵m̵m̵,̵ ̵m̵u̵l̵_̵assoc] at hc ⊢

Note: This linter can be disabled with `set_option linter.unusedSimpArgs false`
warning: ZhangLS/Spec/Lemma44ReflectedPolynomialContours.lean:152:79: This simp argument is unused:
  mul_assoc

Hint: Omit it from the simp argument list.
  simp only [sub_eq_add_neg, add_comm, add_left_comm, mul_comm, mul_left_comm,̵ ̵m̵u̵l̵_̵a̵s̵s̵o̵c̵] at hc ⊢

Note: This linter can be disabled with `set_option linter.unusedSimpArgs false`
⚠ [3688/3723] Replayed ZhangLS.Spec.Lemma45Normalization
warning: ZhangLS/Spec/Lemma45Normalization.lean:90:8: 'ring' tactic does nothing

Note: This linter can be disabled with `set_option linter.unusedTactic false`
warning: ZhangLS/Spec/Lemma45Normalization.lean:90:8: this tactic is never executed

Note: This linter can be disabled with `set_option linter.unreachableTactic false`
⚠ [3705/3723] Replayed ZhangLS.Spec.Lemma46SingleZero
warning: ZhangLS/Spec/Lemma46SingleZero.lean:33:10: This simp argument is unused:
  mem_sphere

Hint: Omit it from the simp argument list.
  simp [m̵e̵m̵_̵s̵p̵h̵e̵r̵e̵,̵ ̵dist_zero_right, abs_of_pos hR]

Note: This linter can be disabled with `set_option linter.unusedSimpArgs false`
warning: ZhangLS/Spec/Lemma46SingleZero.lean:33:22: This simp argument is unused:
  dist_zero_right

Hint: Omit it from the simp argument list.
  simp [mem_sphere, d̵i̵s̵t̵_̵z̵e̵r̵o̵_̵r̵i̵g̵h̵t̵,̵ ̵abs_of_pos hR]

Note: This linter can be disabled with `set_option linter.unusedSimpArgs false`
⚠ [3706/3723] Replayed ZhangLS.Spec.Lemma46RoucheLocal
warning: ZhangLS/Spec/Lemma46RoucheLocal.lean:30:5: unused variable `hm`

Note: This linter can be disabled with `set_option linter.unusedVariables false`
⚠ [3707/3723] Replayed ZhangLS.Spec.Lemma46ZeroAnalysis
warning: ZhangLS/Spec/Lemma46ZeroAnalysis.lean:108:39: Used `tac1 <;> tac2` where `(tac1; tac2)` would suffice

Note: This linter can be disabled with `set_option linter.unnecessarySeqFocus false`
warning: ZhangLS/Spec/Lemma46ZeroAnalysis.lean:151:54: unused variable `hc`

Note: This linter can be disabled with `set_option linter.unusedVariables false`
Build completed successfully (3723 jobs).
== kernel-check ZhangLS/Spec/Lemma53.lean ==
⚠ [2469/2711] Replayed ZhangLS.Spec.Lemma23AnalyticLogBranch
warning: ZhangLS/Spec/Lemma23AnalyticLogBranch.lean:42:53: try 'simp' instead of 'simpa'

Note: This linter can be disabled with `set_option linter.unnecessarySimpa false`
warning: ZhangLS/Spec/Lemma23AnalyticLogBranch.lean:67:44: try 'simp' instead of 'simpa'

Note: This linter can be disabled with `set_option linter.unnecessarySimpa false`
⚠ [2473/2711] Replayed ZhangLS.Spec.RealDirichletCharacter
warning: ZhangLS/Spec/RealDirichletCharacter.lean:48:4: try 'simp' instead of 'simpa'

Note: This linter can be disabled with `set_option linter.unnecessarySimpa false`
⚠ [3461/3661] Replayed ZhangLS.Spec.RealAxisAtOne
warning: ZhangLS/Spec/RealAxisAtOne.lean:56:4: try 'simp' instead of 'simpa'

Note: This linter can be disabled with `set_option linter.unnecessarySimpa false`
⚠ [3463/3661] Replayed ZhangLS.Spec.Lemma57
warning: ZhangLS/Spec/Lemma57.lean:101:58: unused variable `hD`

Note: This linter can be disabled with `set_option linter.unusedVariables false`
warning: ZhangLS/Spec/Lemma57.lean:102:7: unused variable `hA`

Note: This linter can be disabled with `set_option linter.unusedVariables false`
⚠ [3464/3661] Replayed ZhangLS.Spec.Lemma57Arithmetic
warning: ZhangLS/Spec/Lemma57Arithmetic.lean:55:15: unused variable `hc_g`

Note: This linter can be disabled with `set_option linter.unusedVariables false`
⚠ [3469/3661] Replayed ZhangLS.Spec.Lemma57SmoothedSum
warning: ZhangLS/Spec/Lemma57SmoothedSum.lean:42:46: unused variable `hD`

Note: This linter can be disabled with `set_option linter.unusedVariables false`
⚠ [3478/3661] Replayed ZhangLS.Spec.Lemma57GaussianGlobal
warning: ZhangLS/Spec/Lemma57GaussianGlobal.lean:55:58: unused variable `ha`

Note: This linter can be disabled with `set_option linter.unusedVariables false`
warning: ZhangLS/Spec/Lemma57GaussianGlobal.lean:241:13: unused variable `hD`

Note: This linter can be disabled with `set_option linter.unusedVariables false`
warning: ZhangLS/Spec/Lemma57GaussianGlobal.lean:241:34: unused variable `hx`

Note: This linter can be disabled with `set_option linter.unusedVariables false`
⚠ [3479/3661] Replayed ZhangLS.Spec.Lemma57SmoothedSummability
warning: ZhangLS/Spec/Lemma57SmoothedSummability.lean:20:52: unused variable `hn`

Note: This linter can be disabled with `set_option linter.unusedVariables false`
⚠ [3484/3661] Replayed ZhangLS.Spec.Lemma57GaussianMellinTransform
warning: ZhangLS/Spec/Lemma57GaussianMellinTransform.lean:67:63: Used `tac1 <;> tac2` where `(tac1; tac2)` would suffice

Note: This linter can be disabled with `set_option linter.unnecessarySeqFocus false`
warning: ZhangLS/Spec/Lemma57GaussianMellinTransform.lean:145:54: Used `tac1 <;> tac2` where `(tac1; tac2)` would suffice

Note: This linter can be disabled with `set_option linter.unnecessarySeqFocus false`
warning: ZhangLS/Spec/Lemma57GaussianMellinTransform.lean:326:4: Try `simp at hs` instead of `simpa using hs`

Note: This linter can be disabled with `set_option linter.unnecessarySimpa false`
⚠ [3498/3661] Replayed ZhangLS.Spec.RiemannZetaCriticalLineBound
warning: ZhangLS/Spec/RiemannZetaCriticalLineBound.lean:99:2: Used `tac1 <;> tac2` where `(tac1; tac2)` would suffice

Note: This linter can be disabled with `set_option linter.unnecessarySeqFocus false`
warning: ZhangLS/Spec/RiemannZetaCriticalLineBound.lean:124:13: unused variable `hs`

Note: This linter can be disabled with `set_option linter.unusedVariables false`
warning: ZhangLS/Spec/RiemannZetaCriticalLineBound.lean:152:6: unused variable `n`

Note: This linter can be disabled with `set_option linter.unusedVariables false`
warning: ZhangLS/Spec/RiemannZetaCriticalLineBound.lean:156:20: unused variable `k`

Note: This linter can be disabled with `set_option linter.unusedVariables false`
warning: ZhangLS/Spec/RiemannZetaCriticalLineBound.lean:161:8: This simp argument is unused:
  sum_one_Icc

Hint: Omit it from the simp argument list.
  simp ̵[̵s̵u̵m̵_̵o̵n̵e̵_̵I̵c̵c̵]̵

Note: This linter can be disabled with `set_option linter.unusedSimpArgs false`
warning: ZhangLS/Spec/RiemannZetaCriticalLineBound.lean:242:12: 'ring' tactic does nothing

Note: This linter can be disabled with `set_option linter.unusedTactic false`
warning: ZhangLS/Spec/RiemannZetaCriticalLineBound.lean:242:12: this tactic is never executed

Note: This linter can be disabled with `set_option linter.unreachableTactic false`
warning: ZhangLS/Spec/RiemannZetaCriticalLineBound.lean:219:41: Used `tac1 <;> tac2` where `(tac1; tac2)` would suffice

Note: This linter can be disabled with `set_option linter.unnecessarySeqFocus false`
warning: ZhangLS/Spec/RiemannZetaCriticalLineBound.lean:303:8: 'ring' tactic does nothing

Note: This linter can be disabled with `set_option linter.unusedTactic false`
warning: ZhangLS/Spec/RiemannZetaCriticalLineBound.lean:303:8: this tactic is never executed

Note: This linter can be disabled with `set_option linter.unreachableTactic false`
warning: ZhangLS/Spec/RiemannZetaCriticalLineBound.lean:394:12: This simp argument is unused:
  norm_div

Hint: Omit it from the simp argument list.
  simp ̵[̵n̵o̵r̵m̵_̵d̵i̵v̵]̵

Note: This linter can be disabled with `set_option linter.unusedSimpArgs false`
warning: ZhangLS/Spec/RiemannZetaCriticalLineBound.lean:475:75: This simp argument is unused:
  norm_div

Hint: Omit it from the simp argument list.
  simp ̵[̵n̵o̵r̵m̵_̵d̵i̵v̵]̵

Note: This linter can be disabled with `set_option linter.unusedSimpArgs false`
⚠ [3499/3661] Replayed ZhangLS.Spec.Lemma57CriticalStripGrowth
warning: ZhangLS/Spec/Lemma57CriticalStripGrowth.lean:270:14: This simp argument is unused:
  norm_div

Hint: Omit it from the simp argument list.
  simp ̵[̵n̵o̵r̵m̵_̵d̵i̵v̵]̵

Note: This linter can be disabled with `set_option linter.unusedSimpArgs false`
⚠ [3506/3661] Replayed ZhangLS.Spec.Lemma23DirichletConjugation
warning: ZhangLS/Spec/Lemma23DirichletConjugation.lean:23:0: automatically included section variable(s) unused in theorem `ZhangLS.Spec.dirichletLSeries_inv_eq_conj_at_conj`:
  [NeZero N]
consider restructuring your `variable` declarations so that the variables are not in scope or explicitly omit them:
  omit [NeZero N] in theorem ...

Note: This linter can be disabled with `set_option linter.unusedSectionVars false`
⚠ [3508/3661] Replayed ZhangLS.Spec.Lemma23PrimitiveGaussSum
warning: ZhangLS/Spec/Lemma23PrimitiveGaussSum.lean:42:19: Used `tac1 <;> tac2` where `(tac1; tac2)` would suffice

Note: This linter can be disabled with `set_option linter.unnecessarySeqFocus false`
⚠ [3509/3661] Replayed ZhangLS.Spec.Lemma23DirichletUnitModulus
warning: ZhangLS/Spec/Lemma23DirichletUnitModulus.lean:112:48: Used `tac1 <;> tac2` where `(tac1; tac2)` would suffice

Note: This linter can be disabled with `set_option linter.unnecessarySeqFocus false`
⚠ [3527/3661] Replayed ZhangLS.Spec.Lemma44CharacterProduct
warning: ZhangLS/Spec/Lemma44CharacterProduct.lean:55:38: This simp argument is unused:
  mul_comm

Hint: Omit it from the simp argument list.
  simp [̵m̵u̵l̵_̵c̵o̵m̵m̵,̵ ̵m̵u̵l̵_̵l̵e̵f̵t̵_̵c̵o̵m̵m̵,̵[̲m̲u̲l̲_̲l̲e̲f̲t̲_̲c̲o̲m̲m̲,̲ mul_assoc]

Note: This linter can be disabled with `set_option linter.unusedSimpArgs false`
warning: ZhangLS/Spec/Lemma44CharacterProduct.lean:55:48: This simp argument is unused:
  mul_left_comm

Hint: Omit it from the simp argument list.
  simp [mul_comm, mul_l̵e̵f̵t̵_̵c̵o̵m̵m̵,̵ ̵m̵u̵l̵_̵assoc]

Note: This linter can be disabled with `set_option linter.unusedSimpArgs false`
⚠ [3658/3661] Replayed ZhangLS.Spec.Lemma53Kernels
warning: ZhangLS/Spec/Lemma53Kernels.lean:87:18: Used `tac1 <;> tac2` where `(tac1; tac2)` would suffice

Note: This linter can be disabled with `set_option linter.unnecessarySeqFocus false`
warning: ZhangLS/Spec/Lemma53Kernels.lean:108:68: This simp argument is unused:
  ← Complex.ofReal_pow

Hint: Omit it from the simp argument list.
  simp [lemma23PaperCenter, lemma51PaperT0,̵ ̵←̵ ̵C̵o̵m̵p̵l̵e̵x̵.̵o̵f̵R̵e̵a̵l̵_̵p̵o̵w̵]

Note: Simp arguments with `←` have the additional effect of removing the other direction from the simp set, even if the simp argument itself is unused. If the hint above does not work, try replacing `←` with `-` to only get that effect and silence this warning.

Note: This linter can be disabled with `set_option linter.unusedSimpArgs false`
warning: ZhangLS/Spec/Lemma53Kernels.lean:120:68: This simp argument is unused:
  ← Complex.ofReal_pow

Hint: Omit it from the simp argument list.
  simp [lemma23PaperCenter, lemma51PaperT0,̵ ̵←̵ ̵C̵o̵m̵p̵l̵e̵x̵.̵o̵f̵R̵e̵a̵l̵_̵p̵o̵w̵]

Note: Simp arguments with `←` have the additional effect of removing the other direction from the simp set, even if the simp argument itself is unused. If the hint above does not work, try replacing `←` with `-` to only get that effect and silence this warning.

Note: This linter can be disabled with `set_option linter.unusedSimpArgs false`
⚠ [3659/3661] Replayed ZhangLS.Spec.Lemma53MellinConvergence
warning: ZhangLS/Spec/Lemma53MellinConvergence.lean:25:48: This simp argument is unused:
  zero_mul

Hint: Omit it from the simp argument list.
  simp only [sub_re, sub_im, add_re, add_im, mul_re, mul_im, ofReal_re, ofReal_im, I_re, I_im,
  ̲  ̲ ̲ ̲mul_zero, z̵e̵r̵o̵_̵m̵u̵l̵,̵ ̵sub_zero, zero_add, add_zero, mul_one, one_mul]

Note: This linter can be disabled with `set_option linter.unusedSimpArgs false`
warning: ZhangLS/Spec/Lemma53MellinConvergence.lean:26:33: This simp argument is unused:
  one_mul

Hint: Omit it from the simp argument list.
  simp only [sub_re, sub_im, add_re, add_im, mul_re, mul_im, ofReal_re, ofReal_im, I_re, I_im,
  ̲  ̲ ̲ ̲mul_zero, zero_mul, sub_zero, zero_add, add_zero, m̵u̵l̵_̵o̵n̵e̵,̵ ̵o̵n̵e̵_̵m̵u̵l̵]̵m̲u̲l̲_̲o̲n̲e̲]̲

Note: This linter can be disabled with `set_option linter.unusedSimpArgs false`
⚠ [3660/3661] Replayed ZhangLS.Spec.Lemma53OscillatoryEstimates
warning: ZhangLS/Spec/Lemma53OscillatoryEstimates.lean:67:10: This simp argument is unused:
  norm_mul

Hint: Omit it from the simp argument list.
  simp [̵n̵o̵r̵m̵_̵m̵u̵l̵,̵ ̵n̵o̵r̵m̵_̵r̵e̵a̵l̵,̵[̲n̲o̲r̲m̲_̲r̲e̲a̲l̲,̲ Real.norm_eq_abs, abs_of_nonneg hx, abs_of_pos Real.pi_pos]

Note: This linter can be disabled with `set_option linter.unusedSimpArgs false`
warning: ZhangLS/Spec/Lemma53OscillatoryEstimates.lean:102:4: This simp argument is unused:
  ← ofReal_pow

Hint: Omit it from the simp argument list.
  simp [lemma23PaperCenter, lemma51PaperT0, mul_re, mul_im, pow_two, exp_im,̵
  ̵ ̵ ̵ ̵ ̵←̵ ̵o̵f̵R̵e̵a̵l̵_̵p̵o̵w̵]

Note: Simp arguments with `←` have the additional effect of removing the other direction from the simp set, even if the simp argument itself is unused. If the hint above does not work, try replacing `←` with `-` to only get that effect and silence this warning.

Note: This linter can be disabled with `set_option linter.unusedSimpArgs false`
warning: ZhangLS/Spec/Lemma53OscillatoryEstimates.lean:112:33: This simp argument is unused:
  ← ofReal_pow

Hint: Omit it from the simp argument list.
  simp [mul_re, mul_im, pow_two,̵ ̵←̵ ̵o̵f̵R̵e̵a̵l̵_̵p̵o̵w̵]

Note: Simp arguments with `←` have the additional effect of removing the other direction from the simp set, even if the simp argument itself is unused. If the hint above does not work, try replacing `←` with `-` to only get that effect and silence this warning.

Note: This linter can be disabled with `set_option linter.unusedSimpArgs false`
Build completed successfully (3661 jobs).
== kernel-check ZhangLS/Spec/Lemma53Kernels.lean ==
⚠ [2469/2733] Replayed ZhangLS.Spec.Lemma23AnalyticLogBranch
warning: ZhangLS/Spec/Lemma23AnalyticLogBranch.lean:42:53: try 'simp' instead of 'simpa'

Note: This linter can be disabled with `set_option linter.unnecessarySimpa false`
warning: ZhangLS/Spec/Lemma23AnalyticLogBranch.lean:67:44: try 'simp' instead of 'simpa'

Note: This linter can be disabled with `set_option linter.unnecessarySimpa false`
⚠ [2473/2733] Replayed ZhangLS.Spec.RealDirichletCharacter
warning: ZhangLS/Spec/RealDirichletCharacter.lean:48:4: try 'simp' instead of 'simpa'

Note: This linter can be disabled with `set_option linter.unnecessarySimpa false`
⚠ [3461/3658] Replayed ZhangLS.Spec.RealAxisAtOne
warning: ZhangLS/Spec/RealAxisAtOne.lean:56:4: try 'simp' instead of 'simpa'

Note: This linter can be disabled with `set_option linter.unnecessarySimpa false`
⚠ [3463/3658] Replayed ZhangLS.Spec.Lemma57
warning: ZhangLS/Spec/Lemma57.lean:101:58: unused variable `hD`

Note: This linter can be disabled with `set_option linter.unusedVariables false`
warning: ZhangLS/Spec/Lemma57.lean:102:7: unused variable `hA`

Note: This linter can be disabled with `set_option linter.unusedVariables false`
⚠ [3464/3658] Replayed ZhangLS.Spec.Lemma57Arithmetic
warning: ZhangLS/Spec/Lemma57Arithmetic.lean:55:15: unused variable `hc_g`

Note: This linter can be disabled with `set_option linter.unusedVariables false`
⚠ [3469/3658] Replayed ZhangLS.Spec.Lemma57SmoothedSum
warning: ZhangLS/Spec/Lemma57SmoothedSum.lean:42:46: unused variable `hD`

Note: This linter can be disabled with `set_option linter.unusedVariables false`
⚠ [3478/3658] Replayed ZhangLS.Spec.Lemma57GaussianGlobal
warning: ZhangLS/Spec/Lemma57GaussianGlobal.lean:55:58: unused variable `ha`

Note: This linter can be disabled with `set_option linter.unusedVariables false`
warning: ZhangLS/Spec/Lemma57GaussianGlobal.lean:241:13: unused variable `hD`

Note: This linter can be disabled with `set_option linter.unusedVariables false`
warning: ZhangLS/Spec/Lemma57GaussianGlobal.lean:241:34: unused variable `hx`

Note: This linter can be disabled with `set_option linter.unusedVariables false`
⚠ [3479/3658] Replayed ZhangLS.Spec.Lemma57SmoothedSummability
warning: ZhangLS/Spec/Lemma57SmoothedSummability.lean:20:52: unused variable `hn`

Note: This linter can be disabled with `set_option linter.unusedVariables false`
⚠ [3484/3658] Replayed ZhangLS.Spec.Lemma57GaussianMellinTransform
warning: ZhangLS/Spec/Lemma57GaussianMellinTransform.lean:67:63: Used `tac1 <;> tac2` where `(tac1; tac2)` would suffice

Note: This linter can be disabled with `set_option linter.unnecessarySeqFocus false`
warning: ZhangLS/Spec/Lemma57GaussianMellinTransform.lean:145:54: Used `tac1 <;> tac2` where `(tac1; tac2)` would suffice

Note: This linter can be disabled with `set_option linter.unnecessarySeqFocus false`
warning: ZhangLS/Spec/Lemma57GaussianMellinTransform.lean:326:4: Try `simp at hs` instead of `simpa using hs`

Note: This linter can be disabled with `set_option linter.unnecessarySimpa false`
⚠ [3498/3658] Replayed ZhangLS.Spec.RiemannZetaCriticalLineBound
warning: ZhangLS/Spec/RiemannZetaCriticalLineBound.lean:99:2: Used `tac1 <;> tac2` where `(tac1; tac2)` would suffice

Note: This linter can be disabled with `set_option linter.unnecessarySeqFocus false`
warning: ZhangLS/Spec/RiemannZetaCriticalLineBound.lean:124:13: unused variable `hs`

Note: This linter can be disabled with `set_option linter.unusedVariables false`
warning: ZhangLS/Spec/RiemannZetaCriticalLineBound.lean:152:6: unused variable `n`

Note: This linter can be disabled with `set_option linter.unusedVariables false`
warning: ZhangLS/Spec/RiemannZetaCriticalLineBound.lean:156:20: unused variable `k`

Note: This linter can be disabled with `set_option linter.unusedVariables false`
warning: ZhangLS/Spec/RiemannZetaCriticalLineBound.lean:161:8: This simp argument is unused:
  sum_one_Icc

Hint: Omit it from the simp argument list.
  simp ̵[̵s̵u̵m̵_̵o̵n̵e̵_̵I̵c̵c̵]̵

Note: This linter can be disabled with `set_option linter.unusedSimpArgs false`
warning: ZhangLS/Spec/RiemannZetaCriticalLineBound.lean:242:12: 'ring' tactic does nothing

Note: This linter can be disabled with `set_option linter.unusedTactic false`
warning: ZhangLS/Spec/RiemannZetaCriticalLineBound.lean:242:12: this tactic is never executed

Note: This linter can be disabled with `set_option linter.unreachableTactic false`
warning: ZhangLS/Spec/RiemannZetaCriticalLineBound.lean:219:41: Used `tac1 <;> tac2` where `(tac1; tac2)` would suffice

Note: This linter can be disabled with `set_option linter.unnecessarySeqFocus false`
warning: ZhangLS/Spec/RiemannZetaCriticalLineBound.lean:303:8: 'ring' tactic does nothing

Note: This linter can be disabled with `set_option linter.unusedTactic false`
warning: ZhangLS/Spec/RiemannZetaCriticalLineBound.lean:303:8: this tactic is never executed

Note: This linter can be disabled with `set_option linter.unreachableTactic false`
warning: ZhangLS/Spec/RiemannZetaCriticalLineBound.lean:394:12: This simp argument is unused:
  norm_div

Hint: Omit it from the simp argument list.
  simp ̵[̵n̵o̵r̵m̵_̵d̵i̵v̵]̵

Note: This linter can be disabled with `set_option linter.unusedSimpArgs false`
warning: ZhangLS/Spec/RiemannZetaCriticalLineBound.lean:475:75: This simp argument is unused:
  norm_div

Hint: Omit it from the simp argument list.
  simp ̵[̵n̵o̵r̵m̵_̵d̵i̵v̵]̵

Note: This linter can be disabled with `set_option linter.unusedSimpArgs false`
⚠ [3499/3658] Replayed ZhangLS.Spec.Lemma57CriticalStripGrowth
warning: ZhangLS/Spec/Lemma57CriticalStripGrowth.lean:270:14: This simp argument is unused:
  norm_div

Hint: Omit it from the simp argument list.
  simp ̵[̵n̵o̵r̵m̵_̵d̵i̵v̵]̵

Note: This linter can be disabled with `set_option linter.unusedSimpArgs false`
⚠ [3506/3658] Replayed ZhangLS.Spec.Lemma23DirichletConjugation
warning: ZhangLS/Spec/Lemma23DirichletConjugation.lean:23:0: automatically included section variable(s) unused in theorem `ZhangLS.Spec.dirichletLSeries_inv_eq_conj_at_conj`:
  [NeZero N]
consider restructuring your `variable` declarations so that the variables are not in scope or explicitly omit them:
  omit [NeZero N] in theorem ...

Note: This linter can be disabled with `set_option linter.unusedSectionVars false`
⚠ [3508/3658] Replayed ZhangLS.Spec.Lemma23PrimitiveGaussSum
warning: ZhangLS/Spec/Lemma23PrimitiveGaussSum.lean:42:19: Used `tac1 <;> tac2` where `(tac1; tac2)` would suffice

Note: This linter can be disabled with `set_option linter.unnecessarySeqFocus false`
⚠ [3509/3658] Replayed ZhangLS.Spec.Lemma23DirichletUnitModulus
warning: ZhangLS/Spec/Lemma23DirichletUnitModulus.lean:112:48: Used `tac1 <;> tac2` where `(tac1; tac2)` would suffice

Note: This linter can be disabled with `set_option linter.unnecessarySeqFocus false`
⚠ [3527/3658] Replayed ZhangLS.Spec.Lemma44CharacterProduct
warning: ZhangLS/Spec/Lemma44CharacterProduct.lean:55:38: This simp argument is unused:
  mul_comm

Hint: Omit it from the simp argument list.
  simp [̵m̵u̵l̵_̵c̵o̵m̵m̵,̵ ̵m̵u̵l̵_̵l̵e̵f̵t̵_̵c̵o̵m̵m̵,̵[̲m̲u̲l̲_̲l̲e̲f̲t̲_̲c̲o̲m̲m̲,̲ mul_assoc]

Note: This linter can be disabled with `set_option linter.unusedSimpArgs false`
warning: ZhangLS/Spec/Lemma44CharacterProduct.lean:55:48: This simp argument is unused:
  mul_left_comm

Hint: Omit it from the simp argument list.
  simp [mul_comm, mul_l̵e̵f̵t̵_̵c̵o̵m̵m̵,̵ ̵m̵u̵l̵_̵assoc]

Note: This linter can be disabled with `set_option linter.unusedSimpArgs false`
⚠ [3658/3658] Replayed ZhangLS.Spec.Lemma53Kernels
warning: ZhangLS/Spec/Lemma53Kernels.lean:87:18: Used `tac1 <;> tac2` where `(tac1; tac2)` would suffice

Note: This linter can be disabled with `set_option linter.unnecessarySeqFocus false`
warning: ZhangLS/Spec/Lemma53Kernels.lean:108:68: This simp argument is unused:
  ← Complex.ofReal_pow

Hint: Omit it from the simp argument list.
  simp [lemma23PaperCenter, lemma51PaperT0,̵ ̵←̵ ̵C̵o̵m̵p̵l̵e̵x̵.̵o̵f̵R̵e̵a̵l̵_̵p̵o̵w̵]

Note: Simp arguments with `←` have the additional effect of removing the other direction from the simp set, even if the simp argument itself is unused. If the hint above does not work, try replacing `←` with `-` to only get that effect and silence this warning.

Note: This linter can be disabled with `set_option linter.unusedSimpArgs false`
warning: ZhangLS/Spec/Lemma53Kernels.lean:120:68: This simp argument is unused:
  ← Complex.ofReal_pow

Hint: Omit it from the simp argument list.
  simp [lemma23PaperCenter, lemma51PaperT0,̵ ̵←̵ ̵C̵o̵m̵p̵l̵e̵x̵.̵o̵f̵R̵e̵a̵l̵_̵p̵o̵w̵]

Note: Simp arguments with `←` have the additional effect of removing the other direction from the simp set, even if the simp argument itself is unused. If the hint above does not work, try replacing `←` with `-` to only get that effect and silence this warning.

Note: This linter can be disabled with `set_option linter.unusedSimpArgs false`
Build completed successfully (3658 jobs).
ZhangLS/Spec/Lemma53Kernels.lean:87:18: warning: Used `tac1 <;> tac2` where `(tac1; tac2)` would suffice

Note: This linter can be disabled with `set_option linter.unnecessarySeqFocus false`
ZhangLS/Spec/Lemma53Kernels.lean:108:68: warning: This simp argument is unused:
  ← Complex.ofReal_pow

Hint: Omit it from the simp argument list.
  simp [lemma23PaperCenter, lemma51PaperT0,̵ ̵←̵ ̵C̵o̵m̵p̵l̵e̵x̵.̵o̵f̵R̵e̵a̵l̵_̵p̵o̵w̵]

Note: Simp arguments with `←` have the additional effect of removing the other direction from the simp set, even if the simp argument itself is unused. If the hint above does not work, try replacing `←` with `-` to only get that effect and silence this warning.

Note: This linter can be disabled with `set_option linter.unusedSimpArgs false`
ZhangLS/Spec/Lemma53Kernels.lean:120:68: warning: This simp argument is unused:
  ← Complex.ofReal_pow

Hint: Omit it from the simp argument list.
  simp [lemma23PaperCenter, lemma51PaperT0,̵ ̵←̵ ̵C̵o̵m̵p̵l̵e̵x̵.̵o̵f̵R̵e̵a̵l̵_̵p̵o̵w̵]

Note: Simp arguments with `←` have the additional effect of removing the other direction from the simp set, even if the simp argument itself is unused. If the hint above does not work, try replacing `←` with `-` to only get that effect and silence this warning.

Note: This linter can be disabled with `set_option linter.unusedSimpArgs false`
== kernel-check ZhangLS/Spec/Lemma53MellinConvergence.lean ==
⚠ [2469/2711] Replayed ZhangLS.Spec.Lemma23AnalyticLogBranch
warning: ZhangLS/Spec/Lemma23AnalyticLogBranch.lean:42:53: try 'simp' instead of 'simpa'

Note: This linter can be disabled with `set_option linter.unnecessarySimpa false`
warning: ZhangLS/Spec/Lemma23AnalyticLogBranch.lean:67:44: try 'simp' instead of 'simpa'

Note: This linter can be disabled with `set_option linter.unnecessarySimpa false`
⚠ [2473/2711] Replayed ZhangLS.Spec.RealDirichletCharacter
warning: ZhangLS/Spec/RealDirichletCharacter.lean:48:4: try 'simp' instead of 'simpa'

Note: This linter can be disabled with `set_option linter.unnecessarySimpa false`
⚠ [3461/3659] Replayed ZhangLS.Spec.RealAxisAtOne
warning: ZhangLS/Spec/RealAxisAtOne.lean:56:4: try 'simp' instead of 'simpa'

Note: This linter can be disabled with `set_option linter.unnecessarySimpa false`
⚠ [3463/3659] Replayed ZhangLS.Spec.Lemma57
warning: ZhangLS/Spec/Lemma57.lean:101:58: unused variable `hD`

Note: This linter can be disabled with `set_option linter.unusedVariables false`
warning: ZhangLS/Spec/Lemma57.lean:102:7: unused variable `hA`

Note: This linter can be disabled with `set_option linter.unusedVariables false`
⚠ [3464/3659] Replayed ZhangLS.Spec.Lemma57Arithmetic
warning: ZhangLS/Spec/Lemma57Arithmetic.lean:55:15: unused variable `hc_g`

Note: This linter can be disabled with `set_option linter.unusedVariables false`
⚠ [3469/3659] Replayed ZhangLS.Spec.Lemma57SmoothedSum
warning: ZhangLS/Spec/Lemma57SmoothedSum.lean:42:46: unused variable `hD`

Note: This linter can be disabled with `set_option linter.unusedVariables false`
⚠ [3478/3659] Replayed ZhangLS.Spec.Lemma57GaussianGlobal
warning: ZhangLS/Spec/Lemma57GaussianGlobal.lean:55:58: unused variable `ha`

Note: This linter can be disabled with `set_option linter.unusedVariables false`
warning: ZhangLS/Spec/Lemma57GaussianGlobal.lean:241:13: unused variable `hD`

Note: This linter can be disabled with `set_option linter.unusedVariables false`
warning: ZhangLS/Spec/Lemma57GaussianGlobal.lean:241:34: unused variable `hx`

Note: This linter can be disabled with `set_option linter.unusedVariables false`
⚠ [3479/3659] Replayed ZhangLS.Spec.Lemma57SmoothedSummability
warning: ZhangLS/Spec/Lemma57SmoothedSummability.lean:20:52: unused variable `hn`

Note: This linter can be disabled with `set_option linter.unusedVariables false`
⚠ [3484/3659] Replayed ZhangLS.Spec.Lemma57GaussianMellinTransform
warning: ZhangLS/Spec/Lemma57GaussianMellinTransform.lean:67:63: Used `tac1 <;> tac2` where `(tac1; tac2)` would suffice

Note: This linter can be disabled with `set_option linter.unnecessarySeqFocus false`
warning: ZhangLS/Spec/Lemma57GaussianMellinTransform.lean:145:54: Used `tac1 <;> tac2` where `(tac1; tac2)` would suffice

Note: This linter can be disabled with `set_option linter.unnecessarySeqFocus false`
warning: ZhangLS/Spec/Lemma57GaussianMellinTransform.lean:326:4: Try `simp at hs` instead of `simpa using hs`

Note: This linter can be disabled with `set_option linter.unnecessarySimpa false`
⚠ [3498/3659] Replayed ZhangLS.Spec.RiemannZetaCriticalLineBound
warning: ZhangLS/Spec/RiemannZetaCriticalLineBound.lean:99:2: Used `tac1 <;> tac2` where `(tac1; tac2)` would suffice

Note: This linter can be disabled with `set_option linter.unnecessarySeqFocus false`
warning: ZhangLS/Spec/RiemannZetaCriticalLineBound.lean:124:13: unused variable `hs`

Note: This linter can be disabled with `set_option linter.unusedVariables false`
warning: ZhangLS/Spec/RiemannZetaCriticalLineBound.lean:152:6: unused variable `n`

Note: This linter can be disabled with `set_option linter.unusedVariables false`
warning: ZhangLS/Spec/RiemannZetaCriticalLineBound.lean:156:20: unused variable `k`

Note: This linter can be disabled with `set_option linter.unusedVariables false`
warning: ZhangLS/Spec/RiemannZetaCriticalLineBound.lean:161:8: This simp argument is unused:
  sum_one_Icc

Hint: Omit it from the simp argument list.
  simp ̵[̵s̵u̵m̵_̵o̵n̵e̵_̵I̵c̵c̵]̵

Note: This linter can be disabled with `set_option linter.unusedSimpArgs false`
warning: ZhangLS/Spec/RiemannZetaCriticalLineBound.lean:242:12: 'ring' tactic does nothing

Note: This linter can be disabled with `set_option linter.unusedTactic false`
warning: ZhangLS/Spec/RiemannZetaCriticalLineBound.lean:242:12: this tactic is never executed

Note: This linter can be disabled with `set_option linter.unreachableTactic false`
warning: ZhangLS/Spec/RiemannZetaCriticalLineBound.lean:219:41: Used `tac1 <;> tac2` where `(tac1; tac2)` would suffice

Note: This linter can be disabled with `set_option linter.unnecessarySeqFocus false`
warning: ZhangLS/Spec/RiemannZetaCriticalLineBound.lean:303:8: 'ring' tactic does nothing

Note: This linter can be disabled with `set_option linter.unusedTactic false`
warning: ZhangLS/Spec/RiemannZetaCriticalLineBound.lean:303:8: this tactic is never executed

Note: This linter can be disabled with `set_option linter.unreachableTactic false`
warning: ZhangLS/Spec/RiemannZetaCriticalLineBound.lean:394:12: This simp argument is unused:
  norm_div

Hint: Omit it from the simp argument list.
  simp ̵[̵n̵o̵r̵m̵_̵d̵i̵v̵]̵

Note: This linter can be disabled with `set_option linter.unusedSimpArgs false`
warning: ZhangLS/Spec/RiemannZetaCriticalLineBound.lean:475:75: This simp argument is unused:
  norm_div

Hint: Omit it from the simp argument list.
  simp ̵[̵n̵o̵r̵m̵_̵d̵i̵v̵]̵

Note: This linter can be disabled with `set_option linter.unusedSimpArgs false`
⚠ [3499/3659] Replayed ZhangLS.Spec.Lemma57CriticalStripGrowth
warning: ZhangLS/Spec/Lemma57CriticalStripGrowth.lean:270:14: This simp argument is unused:
  norm_div

Hint: Omit it from the simp argument list.
  simp ̵[̵n̵o̵r̵m̵_̵d̵i̵v̵]̵

Note: This linter can be disabled with `set_option linter.unusedSimpArgs false`
⚠ [3506/3659] Replayed ZhangLS.Spec.Lemma23DirichletConjugation
warning: ZhangLS/Spec/Lemma23DirichletConjugation.lean:23:0: automatically included section variable(s) unused in theorem `ZhangLS.Spec.dirichletLSeries_inv_eq_conj_at_conj`:
  [NeZero N]
consider restructuring your `variable` declarations so that the variables are not in scope or explicitly omit them:
  omit [NeZero N] in theorem ...

Note: This linter can be disabled with `set_option linter.unusedSectionVars false`
⚠ [3508/3659] Replayed ZhangLS.Spec.Lemma23PrimitiveGaussSum
warning: ZhangLS/Spec/Lemma23PrimitiveGaussSum.lean:42:19: Used `tac1 <;> tac2` where `(tac1; tac2)` would suffice

Note: This linter can be disabled with `set_option linter.unnecessarySeqFocus false`
⚠ [3509/3659] Replayed ZhangLS.Spec.Lemma23DirichletUnitModulus
warning: ZhangLS/Spec/Lemma23DirichletUnitModulus.lean:112:48: Used `tac1 <;> tac2` where `(tac1; tac2)` would suffice

Note: This linter can be disabled with `set_option linter.unnecessarySeqFocus false`
⚠ [3527/3659] Replayed ZhangLS.Spec.Lemma44CharacterProduct
warning: ZhangLS/Spec/Lemma44CharacterProduct.lean:55:38: This simp argument is unused:
  mul_comm

Hint: Omit it from the simp argument list.
  simp [̵m̵u̵l̵_̵c̵o̵m̵m̵,̵ ̵m̵u̵l̵_̵l̵e̵f̵t̵_̵c̵o̵m̵m̵,̵[̲m̲u̲l̲_̲l̲e̲f̲t̲_̲c̲o̲m̲m̲,̲ mul_assoc]

Note: This linter can be disabled with `set_option linter.unusedSimpArgs false`
warning: ZhangLS/Spec/Lemma44CharacterProduct.lean:55:48: This simp argument is unused:
  mul_left_comm

Hint: Omit it from the simp argument list.
  simp [mul_comm, mul_l̵e̵f̵t̵_̵c̵o̵m̵m̵,̵ ̵m̵u̵l̵_̵assoc]

Note: This linter can be disabled with `set_option linter.unusedSimpArgs false`
⚠ [3658/3659] Replayed ZhangLS.Spec.Lemma53Kernels
warning: ZhangLS/Spec/Lemma53Kernels.lean:87:18: Used `tac1 <;> tac2` where `(tac1; tac2)` would suffice

Note: This linter can be disabled with `set_option linter.unnecessarySeqFocus false`
warning: ZhangLS/Spec/Lemma53Kernels.lean:108:68: This simp argument is unused:
  ← Complex.ofReal_pow

Hint: Omit it from the simp argument list.
  simp [lemma23PaperCenter, lemma51PaperT0,̵ ̵←̵ ̵C̵o̵m̵p̵l̵e̵x̵.̵o̵f̵R̵e̵a̵l̵_̵p̵o̵w̵]

Note: Simp arguments with `←` have the additional effect of removing the other direction from the simp set, even if the simp argument itself is unused. If the hint above does not work, try replacing `←` with `-` to only get that effect and silence this warning.

Note: This linter can be disabled with `set_option linter.unusedSimpArgs false`
warning: ZhangLS/Spec/Lemma53Kernels.lean:120:68: This simp argument is unused:
  ← Complex.ofReal_pow

Hint: Omit it from the simp argument list.
  simp [lemma23PaperCenter, lemma51PaperT0,̵ ̵←̵ ̵C̵o̵m̵p̵l̵e̵x̵.̵o̵f̵R̵e̵a̵l̵_̵p̵o̵w̵]

Note: Simp arguments with `←` have the additional effect of removing the other direction from the simp set, even if the simp argument itself is unused. If the hint above does not work, try replacing `←` with `-` to only get that effect and silence this warning.

Note: This linter can be disabled with `set_option linter.unusedSimpArgs false`
⚠ [3659/3659] Replayed ZhangLS.Spec.Lemma53MellinConvergence
warning: ZhangLS/Spec/Lemma53MellinConvergence.lean:25:48: This simp argument is unused:
  zero_mul

Hint: Omit it from the simp argument list.
  simp only [sub_re, sub_im, add_re, add_im, mul_re, mul_im, ofReal_re, ofReal_im, I_re, I_im,
  ̲  ̲ ̲ ̲mul_zero, z̵e̵r̵o̵_̵m̵u̵l̵,̵ ̵sub_zero, zero_add, add_zero, mul_one, one_mul]

Note: This linter can be disabled with `set_option linter.unusedSimpArgs false`
warning: ZhangLS/Spec/Lemma53MellinConvergence.lean:26:33: This simp argument is unused:
  one_mul

Hint: Omit it from the simp argument list.
  simp only [sub_re, sub_im, add_re, add_im, mul_re, mul_im, ofReal_re, ofReal_im, I_re, I_im,
  ̲  ̲ ̲ ̲mul_zero, zero_mul, sub_zero, zero_add, add_zero, m̵u̵l̵_̵o̵n̵e̵,̵ ̵o̵n̵e̵_̵m̵u̵l̵]̵m̲u̲l̲_̲o̲n̲e̲]̲

Note: This linter can be disabled with `set_option linter.unusedSimpArgs false`
Build completed successfully (3659 jobs).
ZhangLS/Spec/Lemma53MellinConvergence.lean:25:48: warning: This simp argument is unused:
  zero_mul

Hint: Omit it from the simp argument list.
  simp only [sub_re, sub_im, add_re, add_im, mul_re, mul_im, ofReal_re, ofReal_im, I_re, I_im,
  ̲  ̲ ̲ ̲mul_zero, z̵e̵r̵o̵_̵m̵u̵l̵,̵ ̵sub_zero, zero_add, add_zero, mul_one, one_mul]

Note: This linter can be disabled with `set_option linter.unusedSimpArgs false`
ZhangLS/Spec/Lemma53MellinConvergence.lean:26:33: warning: This simp argument is unused:
  one_mul

Hint: Omit it from the simp argument list.
  simp only [sub_re, sub_im, add_re, add_im, mul_re, mul_im, ofReal_re, ofReal_im, I_re, I_im,
  ̲  ̲ ̲ ̲mul_zero, zero_mul, sub_zero, zero_add, add_zero, m̵u̵l̵_̵o̵n̵e̵,̵ ̵o̵n̵e̵_̵m̵u̵l̵]̵m̲u̲l̲_̲o̲n̲e̲]̲

Note: This linter can be disabled with `set_option linter.unusedSimpArgs false`
== kernel-check ZhangLS/Spec/Lemma53OscillatoryEstimates.lean ==
⚠ [2469/2646] Replayed ZhangLS.Spec.Lemma23AnalyticLogBranch
warning: ZhangLS/Spec/Lemma23AnalyticLogBranch.lean:42:53: try 'simp' instead of 'simpa'

Note: This linter can be disabled with `set_option linter.unnecessarySimpa false`
warning: ZhangLS/Spec/Lemma23AnalyticLogBranch.lean:67:44: try 'simp' instead of 'simpa'

Note: This linter can be disabled with `set_option linter.unnecessarySimpa false`
⚠ [2473/2646] Replayed ZhangLS.Spec.RealDirichletCharacter
warning: ZhangLS/Spec/RealDirichletCharacter.lean:48:4: try 'simp' instead of 'simpa'

Note: This linter can be disabled with `set_option linter.unnecessarySimpa false`
⚠ [3461/3659] Replayed ZhangLS.Spec.RealAxisAtOne
warning: ZhangLS/Spec/RealAxisAtOne.lean:56:4: try 'simp' instead of 'simpa'

Note: This linter can be disabled with `set_option linter.unnecessarySimpa false`
⚠ [3463/3659] Replayed ZhangLS.Spec.Lemma57
warning: ZhangLS/Spec/Lemma57.lean:101:58: unused variable `hD`

Note: This linter can be disabled with `set_option linter.unusedVariables false`
warning: ZhangLS/Spec/Lemma57.lean:102:7: unused variable `hA`

Note: This linter can be disabled with `set_option linter.unusedVariables false`
⚠ [3464/3659] Replayed ZhangLS.Spec.Lemma57Arithmetic
warning: ZhangLS/Spec/Lemma57Arithmetic.lean:55:15: unused variable `hc_g`

Note: This linter can be disabled with `set_option linter.unusedVariables false`
⚠ [3469/3659] Replayed ZhangLS.Spec.Lemma57SmoothedSum
warning: ZhangLS/Spec/Lemma57SmoothedSum.lean:42:46: unused variable `hD`

Note: This linter can be disabled with `set_option linter.unusedVariables false`
⚠ [3478/3659] Replayed ZhangLS.Spec.Lemma57GaussianGlobal
warning: ZhangLS/Spec/Lemma57GaussianGlobal.lean:55:58: unused variable `ha`

Note: This linter can be disabled with `set_option linter.unusedVariables false`
warning: ZhangLS/Spec/Lemma57GaussianGlobal.lean:241:13: unused variable `hD`

Note: This linter can be disabled with `set_option linter.unusedVariables false`
warning: ZhangLS/Spec/Lemma57GaussianGlobal.lean:241:34: unused variable `hx`

Note: This linter can be disabled with `set_option linter.unusedVariables false`
⚠ [3479/3659] Replayed ZhangLS.Spec.Lemma57SmoothedSummability
warning: ZhangLS/Spec/Lemma57SmoothedSummability.lean:20:52: unused variable `hn`

Note: This linter can be disabled with `set_option linter.unusedVariables false`
⚠ [3484/3659] Replayed ZhangLS.Spec.Lemma57GaussianMellinTransform
warning: ZhangLS/Spec/Lemma57GaussianMellinTransform.lean:67:63: Used `tac1 <;> tac2` where `(tac1; tac2)` would suffice

Note: This linter can be disabled with `set_option linter.unnecessarySeqFocus false`
warning: ZhangLS/Spec/Lemma57GaussianMellinTransform.lean:145:54: Used `tac1 <;> tac2` where `(tac1; tac2)` would suffice

Note: This linter can be disabled with `set_option linter.unnecessarySeqFocus false`
warning: ZhangLS/Spec/Lemma57GaussianMellinTransform.lean:326:4: Try `simp at hs` instead of `simpa using hs`

Note: This linter can be disabled with `set_option linter.unnecessarySimpa false`
⚠ [3498/3659] Replayed ZhangLS.Spec.RiemannZetaCriticalLineBound
warning: ZhangLS/Spec/RiemannZetaCriticalLineBound.lean:99:2: Used `tac1 <;> tac2` where `(tac1; tac2)` would suffice

Note: This linter can be disabled with `set_option linter.unnecessarySeqFocus false`
warning: ZhangLS/Spec/RiemannZetaCriticalLineBound.lean:124:13: unused variable `hs`

Note: This linter can be disabled with `set_option linter.unusedVariables false`
warning: ZhangLS/Spec/RiemannZetaCriticalLineBound.lean:152:6: unused variable `n`

Note: This linter can be disabled with `set_option linter.unusedVariables false`
warning: ZhangLS/Spec/RiemannZetaCriticalLineBound.lean:156:20: unused variable `k`

Note: This linter can be disabled with `set_option linter.unusedVariables false`
warning: ZhangLS/Spec/RiemannZetaCriticalLineBound.lean:161:8: This simp argument is unused:
  sum_one_Icc

Hint: Omit it from the simp argument list.
  simp ̵[̵s̵u̵m̵_̵o̵n̵e̵_̵I̵c̵c̵]̵

Note: This linter can be disabled with `set_option linter.unusedSimpArgs false`
warning: ZhangLS/Spec/RiemannZetaCriticalLineBound.lean:242:12: 'ring' tactic does nothing

Note: This linter can be disabled with `set_option linter.unusedTactic false`
warning: ZhangLS/Spec/RiemannZetaCriticalLineBound.lean:242:12: this tactic is never executed

Note: This linter can be disabled with `set_option linter.unreachableTactic false`
warning: ZhangLS/Spec/RiemannZetaCriticalLineBound.lean:219:41: Used `tac1 <;> tac2` where `(tac1; tac2)` would suffice

Note: This linter can be disabled with `set_option linter.unnecessarySeqFocus false`
warning: ZhangLS/Spec/RiemannZetaCriticalLineBound.lean:303:8: 'ring' tactic does nothing

Note: This linter can be disabled with `set_option linter.unusedTactic false`
warning: ZhangLS/Spec/RiemannZetaCriticalLineBound.lean:303:8: this tactic is never executed

Note: This linter can be disabled with `set_option linter.unreachableTactic false`
warning: ZhangLS/Spec/RiemannZetaCriticalLineBound.lean:394:12: This simp argument is unused:
  norm_div

Hint: Omit it from the simp argument list.
  simp ̵[̵n̵o̵r̵m̵_̵d̵i̵v̵]̵

Note: This linter can be disabled with `set_option linter.unusedSimpArgs false`
warning: ZhangLS/Spec/RiemannZetaCriticalLineBound.lean:475:75: This simp argument is unused:
  norm_div

Hint: Omit it from the simp argument list.
  simp ̵[̵n̵o̵r̵m̵_̵d̵i̵v̵]̵

Note: This linter can be disabled with `set_option linter.unusedSimpArgs false`
⚠ [3499/3659] Replayed ZhangLS.Spec.Lemma57CriticalStripGrowth
warning: ZhangLS/Spec/Lemma57CriticalStripGrowth.lean:270:14: This simp argument is unused:
  norm_div

Hint: Omit it from the simp argument list.
  simp ̵[̵n̵o̵r̵m̵_̵d̵i̵v̵]̵

Note: This linter can be disabled with `set_option linter.unusedSimpArgs false`
⚠ [3506/3659] Replayed ZhangLS.Spec.Lemma23DirichletConjugation
warning: ZhangLS/Spec/Lemma23DirichletConjugation.lean:23:0: automatically included section variable(s) unused in theorem `ZhangLS.Spec.dirichletLSeries_inv_eq_conj_at_conj`:
  [NeZero N]
consider restructuring your `variable` declarations so that the variables are not in scope or explicitly omit them:
  omit [NeZero N] in theorem ...

Note: This linter can be disabled with `set_option linter.unusedSectionVars false`
⚠ [3508/3659] Replayed ZhangLS.Spec.Lemma23PrimitiveGaussSum
warning: ZhangLS/Spec/Lemma23PrimitiveGaussSum.lean:42:19: Used `tac1 <;> tac2` where `(tac1; tac2)` would suffice

Note: This linter can be disabled with `set_option linter.unnecessarySeqFocus false`
⚠ [3509/3659] Replayed ZhangLS.Spec.Lemma23DirichletUnitModulus
warning: ZhangLS/Spec/Lemma23DirichletUnitModulus.lean:112:48: Used `tac1 <;> tac2` where `(tac1; tac2)` would suffice

Note: This linter can be disabled with `set_option linter.unnecessarySeqFocus false`
⚠ [3527/3659] Replayed ZhangLS.Spec.Lemma44CharacterProduct
warning: ZhangLS/Spec/Lemma44CharacterProduct.lean:55:38: This simp argument is unused:
  mul_comm

Hint: Omit it from the simp argument list.
  simp [̵m̵u̵l̵_̵c̵o̵m̵m̵,̵ ̵m̵u̵l̵_̵l̵e̵f̵t̵_̵c̵o̵m̵m̵,̵[̲m̲u̲l̲_̲l̲e̲f̲t̲_̲c̲o̲m̲m̲,̲ mul_assoc]

Note: This linter can be disabled with `set_option linter.unusedSimpArgs false`
warning: ZhangLS/Spec/Lemma44CharacterProduct.lean:55:48: This simp argument is unused:
  mul_left_comm

Hint: Omit it from the simp argument list.
  simp [mul_comm, mul_l̵e̵f̵t̵_̵c̵o̵m̵m̵,̵ ̵m̵u̵l̵_̵assoc]

Note: This linter can be disabled with `set_option linter.unusedSimpArgs false`
⚠ [3658/3659] Replayed ZhangLS.Spec.Lemma53Kernels
warning: ZhangLS/Spec/Lemma53Kernels.lean:87:18: Used `tac1 <;> tac2` where `(tac1; tac2)` would suffice

Note: This linter can be disabled with `set_option linter.unnecessarySeqFocus false`
warning: ZhangLS/Spec/Lemma53Kernels.lean:108:68: This simp argument is unused:
  ← Complex.ofReal_pow

Hint: Omit it from the simp argument list.
  simp [lemma23PaperCenter, lemma51PaperT0,̵ ̵←̵ ̵C̵o̵m̵p̵l̵e̵x̵.̵o̵f̵R̵e̵a̵l̵_̵p̵o̵w̵]

Note: Simp arguments with `←` have the additional effect of removing the other direction from the simp set, even if the simp argument itself is unused. If the hint above does not work, try replacing `←` with `-` to only get that effect and silence this warning.

Note: This linter can be disabled with `set_option linter.unusedSimpArgs false`
warning: ZhangLS/Spec/Lemma53Kernels.lean:120:68: This simp argument is unused:
  ← Complex.ofReal_pow

Hint: Omit it from the simp argument list.
  simp [lemma23PaperCenter, lemma51PaperT0,̵ ̵←̵ ̵C̵o̵m̵p̵l̵e̵x̵.̵o̵f̵R̵e̵a̵l̵_̵p̵o̵w̵]

Note: Simp arguments with `←` have the additional effect of removing the other direction from the simp set, even if the simp argument itself is unused. If the hint above does not work, try replacing `←` with `-` to only get that effect and silence this warning.

Note: This linter can be disabled with `set_option linter.unusedSimpArgs false`
⚠ [3659/3659] Replayed ZhangLS.Spec.Lemma53OscillatoryEstimates
warning: ZhangLS/Spec/Lemma53OscillatoryEstimates.lean:67:10: This simp argument is unused:
  norm_mul

Hint: Omit it from the simp argument list.
  simp [̵n̵o̵r̵m̵_̵m̵u̵l̵,̵ ̵n̵o̵r̵m̵_̵r̵e̵a̵l̵,̵[̲n̲o̲r̲m̲_̲r̲e̲a̲l̲,̲ Real.norm_eq_abs, abs_of_nonneg hx, abs_of_pos Real.pi_pos]

Note: This linter can be disabled with `set_option linter.unusedSimpArgs false`
warning: ZhangLS/Spec/Lemma53OscillatoryEstimates.lean:102:4: This simp argument is unused:
  ← ofReal_pow

Hint: Omit it from the simp argument list.
  simp [lemma23PaperCenter, lemma51PaperT0, mul_re, mul_im, pow_two, exp_im,̵
  ̵ ̵ ̵ ̵ ̵←̵ ̵o̵f̵R̵e̵a̵l̵_̵p̵o̵w̵]

Note: Simp arguments with `←` have the additional effect of removing the other direction from the simp set, even if the simp argument itself is unused. If the hint above does not work, try replacing `←` with `-` to only get that effect and silence this warning.

Note: This linter can be disabled with `set_option linter.unusedSimpArgs false`
warning: ZhangLS/Spec/Lemma53OscillatoryEstimates.lean:112:33: This simp argument is unused:
  ← ofReal_pow

Hint: Omit it from the simp argument list.
  simp [mul_re, mul_im, pow_two,̵ ̵←̵ ̵o̵f̵R̵e̵a̵l̵_̵p̵o̵w̵]

Note: Simp arguments with `←` have the additional effect of removing the other direction from the simp set, even if the simp argument itself is unused. If the hint above does not work, try replacing `←` with `-` to only get that effect and silence this warning.

Note: This linter can be disabled with `set_option linter.unusedSimpArgs false`
Build completed successfully (3659 jobs).
ZhangLS/Spec/Lemma53OscillatoryEstimates.lean:67:10: warning: This simp argument is unused:
  norm_mul

Hint: Omit it from the simp argument list.
  simp [̵n̵o̵r̵m̵_̵m̵u̵l̵,̵ ̵n̵o̵r̵m̵_̵r̵e̵a̵l̵,̵[̲n̲o̲r̲m̲_̲r̲e̲a̲l̲,̲ Real.norm_eq_abs, abs_of_nonneg hx, abs_of_pos Real.pi_pos]

Note: This linter can be disabled with `set_option linter.unusedSimpArgs false`
ZhangLS/Spec/Lemma53OscillatoryEstimates.lean:102:4: warning: This simp argument is unused:
  ← ofReal_pow

Hint: Omit it from the simp argument list.
  simp [lemma23PaperCenter, lemma51PaperT0, mul_re, mul_im, pow_two, exp_im,̵
  ̵ ̵ ̵ ̵ ̵←̵ ̵o̵f̵R̵e̵a̵l̵_̵p̵o̵w̵]

Note: Simp arguments with `←` have the additional effect of removing the other direction from the simp set, even if the simp argument itself is unused. If the hint above does not work, try replacing `←` with `-` to only get that effect and silence this warning.

Note: This linter can be disabled with `set_option linter.unusedSimpArgs false`
ZhangLS/Spec/Lemma53OscillatoryEstimates.lean:112:33: warning: This simp argument is unused:
  ← ofReal_pow

Hint: Omit it from the simp argument list.
  simp [mul_re, mul_im, pow_two,̵ ̵←̵ ̵o̵f̵R̵e̵a̵l̵_̵p̵o̵w̵]

Note: Simp arguments with `←` have the additional effect of removing the other direction from the simp set, even if the simp argument itself is unused. If the hint above does not work, try replacing `←` with `-` to only get that effect and silence this warning.

Note: This linter can be disabled with `set_option linter.unusedSimpArgs false`
== kernel-check ZhangLS/Spec/Lemma57.lean ==
⚠ [1279/1341] Replayed ZhangLS.Spec.RealDirichletCharacter
warning: ZhangLS/Spec/RealDirichletCharacter.lean:48:4: try 'simp' instead of 'simpa'

Note: This linter can be disabled with `set_option linter.unnecessarySimpa false`
⚠ [3427/3429] Replayed ZhangLS.Spec.RealAxisAtOne
warning: ZhangLS/Spec/RealAxisAtOne.lean:56:4: try 'simp' instead of 'simpa'

Note: This linter can be disabled with `set_option linter.unnecessarySimpa false`
⚠ [3429/3429] Replayed ZhangLS.Spec.Lemma57
warning: ZhangLS/Spec/Lemma57.lean:101:58: unused variable `hD`

Note: This linter can be disabled with `set_option linter.unusedVariables false`
warning: ZhangLS/Spec/Lemma57.lean:102:7: unused variable `hA`

Note: This linter can be disabled with `set_option linter.unusedVariables false`
Build completed successfully (3429 jobs).
ZhangLS/Spec/Lemma57.lean:101:58: warning: unused variable `hD`

Note: This linter can be disabled with `set_option linter.unusedVariables false`
ZhangLS/Spec/Lemma57.lean:102:7: warning: unused variable `hA`

Note: This linter can be disabled with `set_option linter.unusedVariables false`
== kernel-check ZhangLS/Spec/Lemma57Arithmetic.lean ==
⚠ [1279/1353] Replayed ZhangLS.Spec.RealDirichletCharacter
warning: ZhangLS/Spec/RealDirichletCharacter.lean:48:4: try 'simp' instead of 'simpa'

Note: This linter can be disabled with `set_option linter.unnecessarySimpa false`
⚠ [3428/3431] Replayed ZhangLS.Spec.RealAxisAtOne
warning: ZhangLS/Spec/RealAxisAtOne.lean:56:4: try 'simp' instead of 'simpa'

Note: This linter can be disabled with `set_option linter.unnecessarySimpa false`
⚠ [3430/3431] Replayed ZhangLS.Spec.Lemma57
warning: ZhangLS/Spec/Lemma57.lean:101:58: unused variable `hD`

Note: This linter can be disabled with `set_option linter.unusedVariables false`
warning: ZhangLS/Spec/Lemma57.lean:102:7: unused variable `hA`

Note: This linter can be disabled with `set_option linter.unusedVariables false`
⚠ [3431/3431] Replayed ZhangLS.Spec.Lemma57Arithmetic
warning: ZhangLS/Spec/Lemma57Arithmetic.lean:55:15: unused variable `hc_g`

Note: This linter can be disabled with `set_option linter.unusedVariables false`
Build completed successfully (3431 jobs).
ZhangLS/Spec/Lemma57Arithmetic.lean:55:15: warning: unused variable `hc_g`

Note: This linter can be disabled with `set_option linter.unusedVariables false`
== kernel-check ZhangLS/Spec/Lemma57CompletedDirichletStripBounds.lean ==
⚠ [1279/1408] Replayed ZhangLS.Spec.RealDirichletCharacter
warning: ZhangLS/Spec/RealDirichletCharacter.lean:48:4: try 'simp' instead of 'simpa'

Note: This linter can be disabled with `set_option linter.unnecessarySimpa false`
⚠ [3428/3469] Replayed ZhangLS.Spec.RealAxisAtOne
warning: ZhangLS/Spec/RealAxisAtOne.lean:56:4: try 'simp' instead of 'simpa'

Note: This linter can be disabled with `set_option linter.unnecessarySimpa false`
⚠ [3430/3469] Replayed ZhangLS.Spec.Lemma57
warning: ZhangLS/Spec/Lemma57.lean:101:58: unused variable `hD`

Note: This linter can be disabled with `set_option linter.unusedVariables false`
warning: ZhangLS/Spec/Lemma57.lean:102:7: unused variable `hA`

Note: This linter can be disabled with `set_option linter.unusedVariables false`
⚠ [3431/3469] Replayed ZhangLS.Spec.Lemma57Arithmetic
warning: ZhangLS/Spec/Lemma57Arithmetic.lean:55:15: unused variable `hc_g`

Note: This linter can be disabled with `set_option linter.unusedVariables false`
⚠ [3436/3469] Replayed ZhangLS.Spec.Lemma57SmoothedSum
warning: ZhangLS/Spec/Lemma57SmoothedSum.lean:42:46: unused variable `hD`

Note: This linter can be disabled with `set_option linter.unusedVariables false`
⚠ [3445/3469] Replayed ZhangLS.Spec.Lemma57GaussianGlobal
warning: ZhangLS/Spec/Lemma57GaussianGlobal.lean:55:58: unused variable `ha`

Note: This linter can be disabled with `set_option linter.unusedVariables false`
warning: ZhangLS/Spec/Lemma57GaussianGlobal.lean:241:13: unused variable `hD`

Note: This linter can be disabled with `set_option linter.unusedVariables false`
warning: ZhangLS/Spec/Lemma57GaussianGlobal.lean:241:34: unused variable `hx`

Note: This linter can be disabled with `set_option linter.unusedVariables false`
⚠ [3446/3469] Replayed ZhangLS.Spec.Lemma57SmoothedSummability
warning: ZhangLS/Spec/Lemma57SmoothedSummability.lean:20:52: unused variable `hn`

Note: This linter can be disabled with `set_option linter.unusedVariables false`
⚠ [3451/3469] Replayed ZhangLS.Spec.Lemma57GaussianMellinTransform
warning: ZhangLS/Spec/Lemma57GaussianMellinTransform.lean:67:63: Used `tac1 <;> tac2` where `(tac1; tac2)` would suffice

Note: This linter can be disabled with `set_option linter.unnecessarySeqFocus false`
warning: ZhangLS/Spec/Lemma57GaussianMellinTransform.lean:145:54: Used `tac1 <;> tac2` where `(tac1; tac2)` would suffice

Note: This linter can be disabled with `set_option linter.unnecessarySeqFocus false`
warning: ZhangLS/Spec/Lemma57GaussianMellinTransform.lean:326:4: Try `simp at hs` instead of `simpa using hs`

Note: This linter can be disabled with `set_option linter.unnecessarySimpa false`
⚠ [3465/3469] Replayed ZhangLS.Spec.RiemannZetaCriticalLineBound
warning: ZhangLS/Spec/RiemannZetaCriticalLineBound.lean:99:2: Used `tac1 <;> tac2` where `(tac1; tac2)` would suffice

Note: This linter can be disabled with `set_option linter.unnecessarySeqFocus false`
warning: ZhangLS/Spec/RiemannZetaCriticalLineBound.lean:124:13: unused variable `hs`

Note: This linter can be disabled with `set_option linter.unusedVariables false`
warning: ZhangLS/Spec/RiemannZetaCriticalLineBound.lean:152:6: unused variable `n`

Note: This linter can be disabled with `set_option linter.unusedVariables false`
warning: ZhangLS/Spec/RiemannZetaCriticalLineBound.lean:156:20: unused variable `k`

Note: This linter can be disabled with `set_option linter.unusedVariables false`
warning: ZhangLS/Spec/RiemannZetaCriticalLineBound.lean:161:8: This simp argument is unused:
  sum_one_Icc

Hint: Omit it from the simp argument list.
  simp ̵[̵s̵u̵m̵_̵o̵n̵e̵_̵I̵c̵c̵]̵

Note: This linter can be disabled with `set_option linter.unusedSimpArgs false`
warning: ZhangLS/Spec/RiemannZetaCriticalLineBound.lean:242:12: 'ring' tactic does nothing

Note: This linter can be disabled with `set_option linter.unusedTactic false`
warning: ZhangLS/Spec/RiemannZetaCriticalLineBound.lean:242:12: this tactic is never executed

Note: This linter can be disabled with `set_option linter.unreachableTactic false`
warning: ZhangLS/Spec/RiemannZetaCriticalLineBound.lean:219:41: Used `tac1 <;> tac2` where `(tac1; tac2)` would suffice

Note: This linter can be disabled with `set_option linter.unnecessarySeqFocus false`
warning: ZhangLS/Spec/RiemannZetaCriticalLineBound.lean:303:8: 'ring' tactic does nothing

Note: This linter can be disabled with `set_option linter.unusedTactic false`
warning: ZhangLS/Spec/RiemannZetaCriticalLineBound.lean:303:8: this tactic is never executed

Note: This linter can be disabled with `set_option linter.unreachableTactic false`
warning: ZhangLS/Spec/RiemannZetaCriticalLineBound.lean:394:12: This simp argument is unused:
  norm_div

Hint: Omit it from the simp argument list.
  simp ̵[̵n̵o̵r̵m̵_̵d̵i̵v̵]̵

Note: This linter can be disabled with `set_option linter.unusedSimpArgs false`
warning: ZhangLS/Spec/RiemannZetaCriticalLineBound.lean:475:75: This simp argument is unused:
  norm_div

Hint: Omit it from the simp argument list.
  simp ̵[̵n̵o̵r̵m̵_̵d̵i̵v̵]̵

Note: This linter can be disabled with `set_option linter.unusedSimpArgs false`
⚠ [3466/3469] Replayed ZhangLS.Spec.Lemma57CriticalStripGrowth
warning: ZhangLS/Spec/Lemma57CriticalStripGrowth.lean:270:14: This simp argument is unused:
  norm_div

Hint: Omit it from the simp argument list.
  simp ̵[̵n̵o̵r̵m̵_̵d̵i̵v̵]̵

Note: This linter can be disabled with `set_option linter.unusedSimpArgs false`
Build completed successfully (3469 jobs).
== kernel-check ZhangLS/Spec/Lemma57CompletedStripBounds.lean ==
⚠ [1279/1423] Replayed ZhangLS.Spec.RealDirichletCharacter
warning: ZhangLS/Spec/RealDirichletCharacter.lean:48:4: try 'simp' instead of 'simpa'

Note: This linter can be disabled with `set_option linter.unnecessarySimpa false`
⚠ [3428/3467] Replayed ZhangLS.Spec.RealAxisAtOne
warning: ZhangLS/Spec/RealAxisAtOne.lean:56:4: try 'simp' instead of 'simpa'

Note: This linter can be disabled with `set_option linter.unnecessarySimpa false`
⚠ [3430/3467] Replayed ZhangLS.Spec.Lemma57
warning: ZhangLS/Spec/Lemma57.lean:101:58: unused variable `hD`

Note: This linter can be disabled with `set_option linter.unusedVariables false`
warning: ZhangLS/Spec/Lemma57.lean:102:7: unused variable `hA`

Note: This linter can be disabled with `set_option linter.unusedVariables false`
⚠ [3431/3467] Replayed ZhangLS.Spec.Lemma57Arithmetic
warning: ZhangLS/Spec/Lemma57Arithmetic.lean:55:15: unused variable `hc_g`

Note: This linter can be disabled with `set_option linter.unusedVariables false`
⚠ [3436/3467] Replayed ZhangLS.Spec.Lemma57SmoothedSum
warning: ZhangLS/Spec/Lemma57SmoothedSum.lean:42:46: unused variable `hD`

Note: This linter can be disabled with `set_option linter.unusedVariables false`
⚠ [3445/3467] Replayed ZhangLS.Spec.Lemma57GaussianGlobal
warning: ZhangLS/Spec/Lemma57GaussianGlobal.lean:55:58: unused variable `ha`

Note: This linter can be disabled with `set_option linter.unusedVariables false`
warning: ZhangLS/Spec/Lemma57GaussianGlobal.lean:241:13: unused variable `hD`

Note: This linter can be disabled with `set_option linter.unusedVariables false`
warning: ZhangLS/Spec/Lemma57GaussianGlobal.lean:241:34: unused variable `hx`

Note: This linter can be disabled with `set_option linter.unusedVariables false`
⚠ [3446/3467] Replayed ZhangLS.Spec.Lemma57SmoothedSummability
warning: ZhangLS/Spec/Lemma57SmoothedSummability.lean:20:52: unused variable `hn`

Note: This linter can be disabled with `set_option linter.unusedVariables false`
⚠ [3451/3467] Replayed ZhangLS.Spec.Lemma57GaussianMellinTransform
warning: ZhangLS/Spec/Lemma57GaussianMellinTransform.lean:67:63: Used `tac1 <;> tac2` where `(tac1; tac2)` would suffice

Note: This linter can be disabled with `set_option linter.unnecessarySeqFocus false`
warning: ZhangLS/Spec/Lemma57GaussianMellinTransform.lean:145:54: Used `tac1 <;> tac2` where `(tac1; tac2)` would suffice

Note: This linter can be disabled with `set_option linter.unnecessarySeqFocus false`
warning: ZhangLS/Spec/Lemma57GaussianMellinTransform.lean:326:4: Try `simp at hs` instead of `simpa using hs`

Note: This linter can be disabled with `set_option linter.unnecessarySimpa false`
⚠ [3465/3467] Replayed ZhangLS.Spec.RiemannZetaCriticalLineBound
warning: ZhangLS/Spec/RiemannZetaCriticalLineBound.lean:99:2: Used `tac1 <;> tac2` where `(tac1; tac2)` would suffice

Note: This linter can be disabled with `set_option linter.unnecessarySeqFocus false`
warning: ZhangLS/Spec/RiemannZetaCriticalLineBound.lean:124:13: unused variable `hs`

Note: This linter can be disabled with `set_option linter.unusedVariables false`
warning: ZhangLS/Spec/RiemannZetaCriticalLineBound.lean:152:6: unused variable `n`

Note: This linter can be disabled with `set_option linter.unusedVariables false`
warning: ZhangLS/Spec/RiemannZetaCriticalLineBound.lean:156:20: unused variable `k`

Note: This linter can be disabled with `set_option linter.unusedVariables false`
warning: ZhangLS/Spec/RiemannZetaCriticalLineBound.lean:161:8: This simp argument is unused:
  sum_one_Icc

Hint: Omit it from the simp argument list.
  simp ̵[̵s̵u̵m̵_̵o̵n̵e̵_̵I̵c̵c̵]̵

Note: This linter can be disabled with `set_option linter.unusedSimpArgs false`
warning: ZhangLS/Spec/RiemannZetaCriticalLineBound.lean:242:12: 'ring' tactic does nothing

Note: This linter can be disabled with `set_option linter.unusedTactic false`
warning: ZhangLS/Spec/RiemannZetaCriticalLineBound.lean:242:12: this tactic is never executed

Note: This linter can be disabled with `set_option linter.unreachableTactic false`
warning: ZhangLS/Spec/RiemannZetaCriticalLineBound.lean:219:41: Used `tac1 <;> tac2` where `(tac1; tac2)` would suffice

Note: This linter can be disabled with `set_option linter.unnecessarySeqFocus false`
warning: ZhangLS/Spec/RiemannZetaCriticalLineBound.lean:303:8: 'ring' tactic does nothing

Note: This linter can be disabled with `set_option linter.unusedTactic false`
warning: ZhangLS/Spec/RiemannZetaCriticalLineBound.lean:303:8: this tactic is never executed

Note: This linter can be disabled with `set_option linter.unreachableTactic false`
warning: ZhangLS/Spec/RiemannZetaCriticalLineBound.lean:394:12: This simp argument is unused:
  norm_div

Hint: Omit it from the simp argument list.
  simp ̵[̵n̵o̵r̵m̵_̵d̵i̵v̵]̵

Note: This linter can be disabled with `set_option linter.unusedSimpArgs false`
warning: ZhangLS/Spec/RiemannZetaCriticalLineBound.lean:475:75: This simp argument is unused:
  norm_div

Hint: Omit it from the simp argument list.
  simp ̵[̵n̵o̵r̵m̵_̵d̵i̵v̵]̵

Note: This linter can be disabled with `set_option linter.unusedSimpArgs false`
⚠ [3466/3467] Replayed ZhangLS.Spec.Lemma57CriticalStripGrowth
warning: ZhangLS/Spec/Lemma57CriticalStripGrowth.lean:270:14: This simp argument is unused:
  norm_div

Hint: Omit it from the simp argument list.
  simp ̵[̵n̵o̵r̵m̵_̵d̵i̵v̵]̵

Note: This linter can be disabled with `set_option linter.unusedSimpArgs false`
Build completed successfully (3467 jobs).
== kernel-check ZhangLS/Spec/Lemma57ContourAnalyticity.lean ==
⚠ [1279/1397] Replayed ZhangLS.Spec.RealDirichletCharacter
warning: ZhangLS/Spec/RealDirichletCharacter.lean:48:4: try 'simp' instead of 'simpa'

Note: This linter can be disabled with `set_option linter.unnecessarySimpa false`
⚠ [3428/3448] Replayed ZhangLS.Spec.RealAxisAtOne
warning: ZhangLS/Spec/RealAxisAtOne.lean:56:4: try 'simp' instead of 'simpa'

Note: This linter can be disabled with `set_option linter.unnecessarySimpa false`
⚠ [3430/3448] Replayed ZhangLS.Spec.Lemma57
warning: ZhangLS/Spec/Lemma57.lean:101:58: unused variable `hD`

Note: This linter can be disabled with `set_option linter.unusedVariables false`
warning: ZhangLS/Spec/Lemma57.lean:102:7: unused variable `hA`

Note: This linter can be disabled with `set_option linter.unusedVariables false`
⚠ [3431/3448] Replayed ZhangLS.Spec.Lemma57Arithmetic
warning: ZhangLS/Spec/Lemma57Arithmetic.lean:55:15: unused variable `hc_g`

Note: This linter can be disabled with `set_option linter.unusedVariables false`
⚠ [3436/3448] Replayed ZhangLS.Spec.Lemma57SmoothedSum
warning: ZhangLS/Spec/Lemma57SmoothedSum.lean:42:46: unused variable `hD`

Note: This linter can be disabled with `set_option linter.unusedVariables false`
⚠ [3445/3448] Replayed ZhangLS.Spec.Lemma57GaussianGlobal
warning: ZhangLS/Spec/Lemma57GaussianGlobal.lean:55:58: unused variable `ha`

Note: This linter can be disabled with `set_option linter.unusedVariables false`
warning: ZhangLS/Spec/Lemma57GaussianGlobal.lean:241:13: unused variable `hD`

Note: This linter can be disabled with `set_option linter.unusedVariables false`
warning: ZhangLS/Spec/Lemma57GaussianGlobal.lean:241:34: unused variable `hx`

Note: This linter can be disabled with `set_option linter.unusedVariables false`
⚠ [3446/3448] Replayed ZhangLS.Spec.Lemma57SmoothedSummability
warning: ZhangLS/Spec/Lemma57SmoothedSummability.lean:20:52: unused variable `hn`

Note: This linter can be disabled with `set_option linter.unusedVariables false`
Build completed successfully (3448 jobs).
== kernel-check ZhangLS/Spec/Lemma57ContourGrowth.lean ==
⚠ [1279/1421] Replayed ZhangLS.Spec.RealDirichletCharacter
warning: ZhangLS/Spec/RealDirichletCharacter.lean:48:4: try 'simp' instead of 'simpa'

Note: This linter can be disabled with `set_option linter.unnecessarySimpa false`
⚠ [3428/3456] Replayed ZhangLS.Spec.RealAxisAtOne
warning: ZhangLS/Spec/RealAxisAtOne.lean:56:4: try 'simp' instead of 'simpa'

Note: This linter can be disabled with `set_option linter.unnecessarySimpa false`
⚠ [3430/3456] Replayed ZhangLS.Spec.Lemma57
warning: ZhangLS/Spec/Lemma57.lean:101:58: unused variable `hD`

Note: This linter can be disabled with `set_option linter.unusedVariables false`
warning: ZhangLS/Spec/Lemma57.lean:102:7: unused variable `hA`

Note: This linter can be disabled with `set_option linter.unusedVariables false`
⚠ [3431/3456] Replayed ZhangLS.Spec.Lemma57Arithmetic
warning: ZhangLS/Spec/Lemma57Arithmetic.lean:55:15: unused variable `hc_g`

Note: This linter can be disabled with `set_option linter.unusedVariables false`
⚠ [3436/3456] Replayed ZhangLS.Spec.Lemma57SmoothedSum
warning: ZhangLS/Spec/Lemma57SmoothedSum.lean:42:46: unused variable `hD`

Note: This linter can be disabled with `set_option linter.unusedVariables false`
⚠ [3445/3456] Replayed ZhangLS.Spec.Lemma57GaussianGlobal
warning: ZhangLS/Spec/Lemma57GaussianGlobal.lean:55:58: unused variable `ha`

Note: This linter can be disabled with `set_option linter.unusedVariables false`
warning: ZhangLS/Spec/Lemma57GaussianGlobal.lean:241:13: unused variable `hD`

Note: This linter can be disabled with `set_option linter.unusedVariables false`
warning: ZhangLS/Spec/Lemma57GaussianGlobal.lean:241:34: unused variable `hx`

Note: This linter can be disabled with `set_option linter.unusedVariables false`
⚠ [3446/3456] Replayed ZhangLS.Spec.Lemma57SmoothedSummability
warning: ZhangLS/Spec/Lemma57SmoothedSummability.lean:20:52: unused variable `hn`

Note: This linter can be disabled with `set_option linter.unusedVariables false`
⚠ [3451/3456] Replayed ZhangLS.Spec.Lemma57GaussianMellinTransform
warning: ZhangLS/Spec/Lemma57GaussianMellinTransform.lean:67:63: Used `tac1 <;> tac2` where `(tac1; tac2)` would suffice

Note: This linter can be disabled with `set_option linter.unnecessarySeqFocus false`
warning: ZhangLS/Spec/Lemma57GaussianMellinTransform.lean:145:54: Used `tac1 <;> tac2` where `(tac1; tac2)` would suffice

Note: This linter can be disabled with `set_option linter.unnecessarySeqFocus false`
warning: ZhangLS/Spec/Lemma57GaussianMellinTransform.lean:326:4: Try `simp at hs` instead of `simpa using hs`

Note: This linter can be disabled with `set_option linter.unnecessarySimpa false`
Build completed successfully (3456 jobs).
== kernel-check ZhangLS/Spec/Lemma57ContourShiftLimit.lean ==
⚠ [1279/1428] Replayed ZhangLS.Spec.RealDirichletCharacter
warning: ZhangLS/Spec/RealDirichletCharacter.lean:48:4: try 'simp' instead of 'simpa'

Note: This linter can be disabled with `set_option linter.unnecessarySimpa false`
⚠ [3428/3452] Replayed ZhangLS.Spec.RealAxisAtOne
warning: ZhangLS/Spec/RealAxisAtOne.lean:56:4: try 'simp' instead of 'simpa'

Note: This linter can be disabled with `set_option linter.unnecessarySimpa false`
⚠ [3430/3452] Replayed ZhangLS.Spec.Lemma57
warning: ZhangLS/Spec/Lemma57.lean:101:58: unused variable `hD`

Note: This linter can be disabled with `set_option linter.unusedVariables false`
warning: ZhangLS/Spec/Lemma57.lean:102:7: unused variable `hA`

Note: This linter can be disabled with `set_option linter.unusedVariables false`
⚠ [3431/3452] Replayed ZhangLS.Spec.Lemma57Arithmetic
warning: ZhangLS/Spec/Lemma57Arithmetic.lean:55:15: unused variable `hc_g`

Note: This linter can be disabled with `set_option linter.unusedVariables false`
⚠ [3436/3452] Replayed ZhangLS.Spec.Lemma57SmoothedSum
warning: ZhangLS/Spec/Lemma57SmoothedSum.lean:42:46: unused variable `hD`

Note: This linter can be disabled with `set_option linter.unusedVariables false`
⚠ [3445/3452] Replayed ZhangLS.Spec.Lemma57GaussianGlobal
warning: ZhangLS/Spec/Lemma57GaussianGlobal.lean:55:58: unused variable `ha`

Note: This linter can be disabled with `set_option linter.unusedVariables false`
warning: ZhangLS/Spec/Lemma57GaussianGlobal.lean:241:13: unused variable `hD`

Note: This linter can be disabled with `set_option linter.unusedVariables false`
warning: ZhangLS/Spec/Lemma57GaussianGlobal.lean:241:34: unused variable `hx`

Note: This linter can be disabled with `set_option linter.unusedVariables false`
⚠ [3446/3452] Replayed ZhangLS.Spec.Lemma57SmoothedSummability
warning: ZhangLS/Spec/Lemma57SmoothedSummability.lean:20:52: unused variable `hn`

Note: This linter can be disabled with `set_option linter.unusedVariables false`
⚠ [3450/3452] Replayed ZhangLS.Spec.Lemma57GaussianMellinTransform
warning: ZhangLS/Spec/Lemma57GaussianMellinTransform.lean:67:63: Used `tac1 <;> tac2` where `(tac1; tac2)` would suffice

Note: This linter can be disabled with `set_option linter.unnecessarySeqFocus false`
warning: ZhangLS/Spec/Lemma57GaussianMellinTransform.lean:145:54: Used `tac1 <;> tac2` where `(tac1; tac2)` would suffice

Note: This linter can be disabled with `set_option linter.unnecessarySeqFocus false`
warning: ZhangLS/Spec/Lemma57GaussianMellinTransform.lean:326:4: Try `simp at hs` instead of `simpa using hs`

Note: This linter can be disabled with `set_option linter.unnecessarySimpa false`
Build completed successfully (3452 jobs).
== kernel-check ZhangLS/Spec/Lemma57CriticalStripGrowth.lean ==
⚠ [1279/1405] Replayed ZhangLS.Spec.RealDirichletCharacter
warning: ZhangLS/Spec/RealDirichletCharacter.lean:48:4: try 'simp' instead of 'simpa'

Note: This linter can be disabled with `set_option linter.unnecessarySimpa false`
⚠ [3428/3466] Replayed ZhangLS.Spec.RealAxisAtOne
warning: ZhangLS/Spec/RealAxisAtOne.lean:56:4: try 'simp' instead of 'simpa'

Note: This linter can be disabled with `set_option linter.unnecessarySimpa false`
⚠ [3430/3466] Replayed ZhangLS.Spec.Lemma57
warning: ZhangLS/Spec/Lemma57.lean:101:58: unused variable `hD`

Note: This linter can be disabled with `set_option linter.unusedVariables false`
warning: ZhangLS/Spec/Lemma57.lean:102:7: unused variable `hA`

Note: This linter can be disabled with `set_option linter.unusedVariables false`
⚠ [3431/3466] Replayed ZhangLS.Spec.Lemma57Arithmetic
warning: ZhangLS/Spec/Lemma57Arithmetic.lean:55:15: unused variable `hc_g`

Note: This linter can be disabled with `set_option linter.unusedVariables false`
⚠ [3436/3466] Replayed ZhangLS.Spec.Lemma57SmoothedSum
warning: ZhangLS/Spec/Lemma57SmoothedSum.lean:42:46: unused variable `hD`

Note: This linter can be disabled with `set_option linter.unusedVariables false`
⚠ [3445/3466] Replayed ZhangLS.Spec.Lemma57GaussianGlobal
warning: ZhangLS/Spec/Lemma57GaussianGlobal.lean:55:58: unused variable `ha`

Note: This linter can be disabled with `set_option linter.unusedVariables false`
warning: ZhangLS/Spec/Lemma57GaussianGlobal.lean:241:13: unused variable `hD`

Note: This linter can be disabled with `set_option linter.unusedVariables false`
warning: ZhangLS/Spec/Lemma57GaussianGlobal.lean:241:34: unused variable `hx`

Note: This linter can be disabled with `set_option linter.unusedVariables false`
⚠ [3446/3466] Replayed ZhangLS.Spec.Lemma57SmoothedSummability
warning: ZhangLS/Spec/Lemma57SmoothedSummability.lean:20:52: unused variable `hn`

Note: This linter can be disabled with `set_option linter.unusedVariables false`
⚠ [3451/3466] Replayed ZhangLS.Spec.Lemma57GaussianMellinTransform
warning: ZhangLS/Spec/Lemma57GaussianMellinTransform.lean:67:63: Used `tac1 <;> tac2` where `(tac1; tac2)` would suffice

Note: This linter can be disabled with `set_option linter.unnecessarySeqFocus false`
warning: ZhangLS/Spec/Lemma57GaussianMellinTransform.lean:145:54: Used `tac1 <;> tac2` where `(tac1; tac2)` would suffice

Note: This linter can be disabled with `set_option linter.unnecessarySeqFocus false`
warning: ZhangLS/Spec/Lemma57GaussianMellinTransform.lean:326:4: Try `simp at hs` instead of `simpa using hs`

Note: This linter can be disabled with `set_option linter.unnecessarySimpa false`
⚠ [3465/3466] Replayed ZhangLS.Spec.RiemannZetaCriticalLineBound
warning: ZhangLS/Spec/RiemannZetaCriticalLineBound.lean:99:2: Used `tac1 <;> tac2` where `(tac1; tac2)` would suffice

Note: This linter can be disabled with `set_option linter.unnecessarySeqFocus false`
warning: ZhangLS/Spec/RiemannZetaCriticalLineBound.lean:124:13: unused variable `hs`

Note: This linter can be disabled with `set_option linter.unusedVariables false`
warning: ZhangLS/Spec/RiemannZetaCriticalLineBound.lean:152:6: unused variable `n`

Note: This linter can be disabled with `set_option linter.unusedVariables false`
warning: ZhangLS/Spec/RiemannZetaCriticalLineBound.lean:156:20: unused variable `k`

Note: This linter can be disabled with `set_option linter.unusedVariables false`
warning: ZhangLS/Spec/RiemannZetaCriticalLineBound.lean:161:8: This simp argument is unused:
  sum_one_Icc

Hint: Omit it from the simp argument list.
  simp ̵[̵s̵u̵m̵_̵o̵n̵e̵_̵I̵c̵c̵]̵

Note: This linter can be disabled with `set_option linter.unusedSimpArgs false`
warning: ZhangLS/Spec/RiemannZetaCriticalLineBound.lean:242:12: 'ring' tactic does nothing

Note: This linter can be disabled with `set_option linter.unusedTactic false`
warning: ZhangLS/Spec/RiemannZetaCriticalLineBound.lean:242:12: this tactic is never executed

Note: This linter can be disabled with `set_option linter.unreachableTactic false`
warning: ZhangLS/Spec/RiemannZetaCriticalLineBound.lean:219:41: Used `tac1 <;> tac2` where `(tac1; tac2)` would suffice

Note: This linter can be disabled with `set_option linter.unnecessarySeqFocus false`
warning: ZhangLS/Spec/RiemannZetaCriticalLineBound.lean:303:8: 'ring' tactic does nothing

Note: This linter can be disabled with `set_option linter.unusedTactic false`
warning: ZhangLS/Spec/RiemannZetaCriticalLineBound.lean:303:8: this tactic is never executed

Note: This linter can be disabled with `set_option linter.unreachableTactic false`
warning: ZhangLS/Spec/RiemannZetaCriticalLineBound.lean:394:12: This simp argument is unused:
  norm_div

Hint: Omit it from the simp argument list.
  simp ̵[̵n̵o̵r̵m̵_̵d̵i̵v̵]̵

Note: This linter can be disabled with `set_option linter.unusedSimpArgs false`
warning: ZhangLS/Spec/RiemannZetaCriticalLineBound.lean:475:75: This simp argument is unused:
  norm_div

Hint: Omit it from the simp argument list.
  simp ̵[̵n̵o̵r̵m̵_̵d̵i̵v̵]̵

Note: This linter can be disabled with `set_option linter.unusedSimpArgs false`
⚠ [3466/3466] Replayed ZhangLS.Spec.Lemma57CriticalStripGrowth
warning: ZhangLS/Spec/Lemma57CriticalStripGrowth.lean:270:14: This simp argument is unused:
  norm_div

Hint: Omit it from the simp argument list.
  simp ̵[̵n̵o̵r̵m̵_̵d̵i̵v̵]̵

Note: This linter can be disabled with `set_option linter.unusedSimpArgs false`
Build completed successfully (3466 jobs).
ZhangLS/Spec/Lemma57CriticalStripGrowth.lean:270:14: warning: This simp argument is unused:
  norm_div

Hint: Omit it from the simp argument list.
  simp ̵[̵n̵o̵r̵m̵_̵d̵i̵v̵]̵

Note: This linter can be disabled with `set_option linter.unusedSimpArgs false`
== kernel-check ZhangLS/Spec/Lemma57FullSmoothedSeries.lean ==
⚠ [1279/1433] Replayed ZhangLS.Spec.RealDirichletCharacter
warning: ZhangLS/Spec/RealDirichletCharacter.lean:48:4: try 'simp' instead of 'simpa'

Note: This linter can be disabled with `set_option linter.unnecessarySimpa false`
⚠ [3428/3444] Replayed ZhangLS.Spec.RealAxisAtOne
warning: ZhangLS/Spec/RealAxisAtOne.lean:56:4: try 'simp' instead of 'simpa'

Note: This linter can be disabled with `set_option linter.unnecessarySimpa false`
⚠ [3430/3444] Replayed ZhangLS.Spec.Lemma57
warning: ZhangLS/Spec/Lemma57.lean:101:58: unused variable `hD`

Note: This linter can be disabled with `set_option linter.unusedVariables false`
warning: ZhangLS/Spec/Lemma57.lean:102:7: unused variable `hA`

Note: This linter can be disabled with `set_option linter.unusedVariables false`
⚠ [3431/3444] Replayed ZhangLS.Spec.Lemma57Arithmetic
warning: ZhangLS/Spec/Lemma57Arithmetic.lean:55:15: unused variable `hc_g`

Note: This linter can be disabled with `set_option linter.unusedVariables false`
⚠ [3436/3444] Replayed ZhangLS.Spec.Lemma57SmoothedSum
warning: ZhangLS/Spec/Lemma57SmoothedSum.lean:42:46: unused variable `hD`

Note: This linter can be disabled with `set_option linter.unusedVariables false`
Build completed successfully (3444 jobs).
== kernel-check ZhangLS/Spec/Lemma57GammaFactorGrowth.lean ==
⚠ [1279/1354] Replayed ZhangLS.Spec.RealDirichletCharacter
warning: ZhangLS/Spec/RealDirichletCharacter.lean:48:4: try 'simp' instead of 'simpa'

Note: This linter can be disabled with `set_option linter.unnecessarySimpa false`
⚠ [3428/3468] Replayed ZhangLS.Spec.RealAxisAtOne
warning: ZhangLS/Spec/RealAxisAtOne.lean:56:4: try 'simp' instead of 'simpa'

Note: This linter can be disabled with `set_option linter.unnecessarySimpa false`
⚠ [3430/3468] Replayed ZhangLS.Spec.Lemma57
warning: ZhangLS/Spec/Lemma57.lean:101:58: unused variable `hD`

Note: This linter can be disabled with `set_option linter.unusedVariables false`
warning: ZhangLS/Spec/Lemma57.lean:102:7: unused variable `hA`

Note: This linter can be disabled with `set_option linter.unusedVariables false`
⚠ [3431/3468] Replayed ZhangLS.Spec.Lemma57Arithmetic
warning: ZhangLS/Spec/Lemma57Arithmetic.lean:55:15: unused variable `hc_g`

Note: This linter can be disabled with `set_option linter.unusedVariables false`
⚠ [3436/3468] Replayed ZhangLS.Spec.Lemma57SmoothedSum
warning: ZhangLS/Spec/Lemma57SmoothedSum.lean:42:46: unused variable `hD`

Note: This linter can be disabled with `set_option linter.unusedVariables false`
⚠ [3445/3468] Replayed ZhangLS.Spec.Lemma57GaussianGlobal
warning: ZhangLS/Spec/Lemma57GaussianGlobal.lean:55:58: unused variable `ha`

Note: This linter can be disabled with `set_option linter.unusedVariables false`
warning: ZhangLS/Spec/Lemma57GaussianGlobal.lean:241:13: unused variable `hD`

Note: This linter can be disabled with `set_option linter.unusedVariables false`
warning: ZhangLS/Spec/Lemma57GaussianGlobal.lean:241:34: unused variable `hx`

Note: This linter can be disabled with `set_option linter.unusedVariables false`
⚠ [3446/3468] Replayed ZhangLS.Spec.Lemma57SmoothedSummability
warning: ZhangLS/Spec/Lemma57SmoothedSummability.lean:20:52: unused variable `hn`

Note: This linter can be disabled with `set_option linter.unusedVariables false`
⚠ [3451/3468] Replayed ZhangLS.Spec.Lemma57GaussianMellinTransform
warning: ZhangLS/Spec/Lemma57GaussianMellinTransform.lean:67:63: Used `tac1 <;> tac2` where `(tac1; tac2)` would suffice

Note: This linter can be disabled with `set_option linter.unnecessarySeqFocus false`
warning: ZhangLS/Spec/Lemma57GaussianMellinTransform.lean:145:54: Used `tac1 <;> tac2` where `(tac1; tac2)` would suffice

Note: This linter can be disabled with `set_option linter.unnecessarySeqFocus false`
warning: ZhangLS/Spec/Lemma57GaussianMellinTransform.lean:326:4: Try `simp at hs` instead of `simpa using hs`

Note: This linter can be disabled with `set_option linter.unnecessarySimpa false`
⚠ [3465/3468] Replayed ZhangLS.Spec.RiemannZetaCriticalLineBound
warning: ZhangLS/Spec/RiemannZetaCriticalLineBound.lean:99:2: Used `tac1 <;> tac2` where `(tac1; tac2)` would suffice

Note: This linter can be disabled with `set_option linter.unnecessarySeqFocus false`
warning: ZhangLS/Spec/RiemannZetaCriticalLineBound.lean:124:13: unused variable `hs`

Note: This linter can be disabled with `set_option linter.unusedVariables false`
warning: ZhangLS/Spec/RiemannZetaCriticalLineBound.lean:152:6: unused variable `n`

Note: This linter can be disabled with `set_option linter.unusedVariables false`
warning: ZhangLS/Spec/RiemannZetaCriticalLineBound.lean:156:20: unused variable `k`

Note: This linter can be disabled with `set_option linter.unusedVariables false`
warning: ZhangLS/Spec/RiemannZetaCriticalLineBound.lean:161:8: This simp argument is unused:
  sum_one_Icc

Hint: Omit it from the simp argument list.
  simp ̵[̵s̵u̵m̵_̵o̵n̵e̵_̵I̵c̵c̵]̵

Note: This linter can be disabled with `set_option linter.unusedSimpArgs false`
warning: ZhangLS/Spec/RiemannZetaCriticalLineBound.lean:242:12: 'ring' tactic does nothing

Note: This linter can be disabled with `set_option linter.unusedTactic false`
warning: ZhangLS/Spec/RiemannZetaCriticalLineBound.lean:242:12: this tactic is never executed

Note: This linter can be disabled with `set_option linter.unreachableTactic false`
warning: ZhangLS/Spec/RiemannZetaCriticalLineBound.lean:219:41: Used `tac1 <;> tac2` where `(tac1; tac2)` would suffice

Note: This linter can be disabled with `set_option linter.unnecessarySeqFocus false`
warning: ZhangLS/Spec/RiemannZetaCriticalLineBound.lean:303:8: 'ring' tactic does nothing

Note: This linter can be disabled with `set_option linter.unusedTactic false`
warning: ZhangLS/Spec/RiemannZetaCriticalLineBound.lean:303:8: this tactic is never executed

Note: This linter can be disabled with `set_option linter.unreachableTactic false`
warning: ZhangLS/Spec/RiemannZetaCriticalLineBound.lean:394:12: This simp argument is unused:
  norm_div

Hint: Omit it from the simp argument list.
  simp ̵[̵n̵o̵r̵m̵_̵d̵i̵v̵]̵

Note: This linter can be disabled with `set_option linter.unusedSimpArgs false`
warning: ZhangLS/Spec/RiemannZetaCriticalLineBound.lean:475:75: This simp argument is unused:
  norm_div

Hint: Omit it from the simp argument list.
  simp ̵[̵n̵o̵r̵m̵_̵d̵i̵v̵]̵

Note: This linter can be disabled with `set_option linter.unusedSimpArgs false`
⚠ [3466/3468] Replayed ZhangLS.Spec.Lemma57CriticalStripGrowth
warning: ZhangLS/Spec/Lemma57CriticalStripGrowth.lean:270:14: This simp argument is unused:
  norm_div

Hint: Omit it from the simp argument list.
  simp ̵[̵n̵o̵r̵m̵_̵d̵i̵v̵]̵

Note: This linter can be disabled with `set_option linter.unusedSimpArgs false`
Build completed successfully (3468 jobs).
== kernel-check ZhangLS/Spec/Lemma57GaussianGlobal.lean ==
⚠ [1279/1451] Replayed ZhangLS.Spec.RealDirichletCharacter
warning: ZhangLS/Spec/RealDirichletCharacter.lean:48:4: try 'simp' instead of 'simpa'

Note: This linter can be disabled with `set_option linter.unnecessarySimpa false`
⚠ [3428/3445] Replayed ZhangLS.Spec.RealAxisAtOne
warning: ZhangLS/Spec/RealAxisAtOne.lean:56:4: try 'simp' instead of 'simpa'

Note: This linter can be disabled with `set_option linter.unnecessarySimpa false`
⚠ [3430/3445] Replayed ZhangLS.Spec.Lemma57
warning: ZhangLS/Spec/Lemma57.lean:101:58: unused variable `hD`

Note: This linter can be disabled with `set_option linter.unusedVariables false`
warning: ZhangLS/Spec/Lemma57.lean:102:7: unused variable `hA`

Note: This linter can be disabled with `set_option linter.unusedVariables false`
⚠ [3431/3445] Replayed ZhangLS.Spec.Lemma57Arithmetic
warning: ZhangLS/Spec/Lemma57Arithmetic.lean:55:15: unused variable `hc_g`

Note: This linter can be disabled with `set_option linter.unusedVariables false`
⚠ [3436/3445] Replayed ZhangLS.Spec.Lemma57SmoothedSum
warning: ZhangLS/Spec/Lemma57SmoothedSum.lean:42:46: unused variable `hD`

Note: This linter can be disabled with `set_option linter.unusedVariables false`
⚠ [3445/3445] Replayed ZhangLS.Spec.Lemma57GaussianGlobal
warning: ZhangLS/Spec/Lemma57GaussianGlobal.lean:55:58: unused variable `ha`

Note: This linter can be disabled with `set_option linter.unusedVariables false`
warning: ZhangLS/Spec/Lemma57GaussianGlobal.lean:241:13: unused variable `hD`

Note: This linter can be disabled with `set_option linter.unusedVariables false`
warning: ZhangLS/Spec/Lemma57GaussianGlobal.lean:241:34: unused variable `hx`

Note: This linter can be disabled with `set_option linter.unusedVariables false`
Build completed successfully (3445 jobs).
ZhangLS/Spec/Lemma57GaussianGlobal.lean:55:58: warning: unused variable `ha`

Note: This linter can be disabled with `set_option linter.unusedVariables false`
ZhangLS/Spec/Lemma57GaussianGlobal.lean:241:13: warning: unused variable `hD`

Note: This linter can be disabled with `set_option linter.unusedVariables false`
ZhangLS/Spec/Lemma57GaussianGlobal.lean:241:34: warning: unused variable `hx`

Note: This linter can be disabled with `set_option linter.unusedVariables false`
== kernel-check ZhangLS/Spec/Lemma57GaussianMellinKernel.lean ==
⚠ [1279/1376] Replayed ZhangLS.Spec.RealDirichletCharacter
warning: ZhangLS/Spec/RealDirichletCharacter.lean:48:4: try 'simp' instead of 'simpa'

Note: This linter can be disabled with `set_option linter.unnecessarySimpa false`
⚠ [3428/3449] Replayed ZhangLS.Spec.RealAxisAtOne
warning: ZhangLS/Spec/RealAxisAtOne.lean:56:4: try 'simp' instead of 'simpa'

Note: This linter can be disabled with `set_option linter.unnecessarySimpa false`
⚠ [3430/3449] Replayed ZhangLS.Spec.Lemma57
warning: ZhangLS/Spec/Lemma57.lean:101:58: unused variable `hD`

Note: This linter can be disabled with `set_option linter.unusedVariables false`
warning: ZhangLS/Spec/Lemma57.lean:102:7: unused variable `hA`

Note: This linter can be disabled with `set_option linter.unusedVariables false`
⚠ [3431/3449] Replayed ZhangLS.Spec.Lemma57Arithmetic
warning: ZhangLS/Spec/Lemma57Arithmetic.lean:55:15: unused variable `hc_g`

Note: This linter can be disabled with `set_option linter.unusedVariables false`
⚠ [3436/3449] Replayed ZhangLS.Spec.Lemma57SmoothedSum
warning: ZhangLS/Spec/Lemma57SmoothedSum.lean:42:46: unused variable `hD`

Note: This linter can be disabled with `set_option linter.unusedVariables false`
⚠ [3445/3449] Replayed ZhangLS.Spec.Lemma57GaussianGlobal
warning: ZhangLS/Spec/Lemma57GaussianGlobal.lean:55:58: unused variable `ha`

Note: This linter can be disabled with `set_option linter.unusedVariables false`
warning: ZhangLS/Spec/Lemma57GaussianGlobal.lean:241:13: unused variable `hD`

Note: This linter can be disabled with `set_option linter.unusedVariables false`
warning: ZhangLS/Spec/Lemma57GaussianGlobal.lean:241:34: unused variable `hx`

Note: This linter can be disabled with `set_option linter.unusedVariables false`
⚠ [3446/3449] Replayed ZhangLS.Spec.Lemma57SmoothedSummability
warning: ZhangLS/Spec/Lemma57SmoothedSummability.lean:20:52: unused variable `hn`

Note: This linter can be disabled with `set_option linter.unusedVariables false`
Build completed successfully (3449 jobs).
== kernel-check ZhangLS/Spec/Lemma57GaussianMellinTransform.lean ==
⚠ [1279/1433] Replayed ZhangLS.Spec.RealDirichletCharacter
warning: ZhangLS/Spec/RealDirichletCharacter.lean:48:4: try 'simp' instead of 'simpa'

Note: This linter can be disabled with `set_option linter.unnecessarySimpa false`
⚠ [3428/3450] Replayed ZhangLS.Spec.RealAxisAtOne
warning: ZhangLS/Spec/RealAxisAtOne.lean:56:4: try 'simp' instead of 'simpa'

Note: This linter can be disabled with `set_option linter.unnecessarySimpa false`
⚠ [3430/3450] Replayed ZhangLS.Spec.Lemma57
warning: ZhangLS/Spec/Lemma57.lean:101:58: unused variable `hD`

Note: This linter can be disabled with `set_option linter.unusedVariables false`
warning: ZhangLS/Spec/Lemma57.lean:102:7: unused variable `hA`

Note: This linter can be disabled with `set_option linter.unusedVariables false`
⚠ [3431/3450] Replayed ZhangLS.Spec.Lemma57Arithmetic
warning: ZhangLS/Spec/Lemma57Arithmetic.lean:55:15: unused variable `hc_g`

Note: This linter can be disabled with `set_option linter.unusedVariables false`
⚠ [3436/3450] Replayed ZhangLS.Spec.Lemma57SmoothedSum
warning: ZhangLS/Spec/Lemma57SmoothedSum.lean:42:46: unused variable `hD`

Note: This linter can be disabled with `set_option linter.unusedVariables false`
⚠ [3445/3450] Replayed ZhangLS.Spec.Lemma57GaussianGlobal
warning: ZhangLS/Spec/Lemma57GaussianGlobal.lean:55:58: unused variable `ha`

Note: This linter can be disabled with `set_option linter.unusedVariables false`
warning: ZhangLS/Spec/Lemma57GaussianGlobal.lean:241:13: unused variable `hD`

Note: This linter can be disabled with `set_option linter.unusedVariables false`
warning: ZhangLS/Spec/Lemma57GaussianGlobal.lean:241:34: unused variable `hx`

Note: This linter can be disabled with `set_option linter.unusedVariables false`
⚠ [3446/3450] Replayed ZhangLS.Spec.Lemma57SmoothedSummability
warning: ZhangLS/Spec/Lemma57SmoothedSummability.lean:20:52: unused variable `hn`

Note: This linter can be disabled with `set_option linter.unusedVariables false`
⚠ [3450/3450] Replayed ZhangLS.Spec.Lemma57GaussianMellinTransform
warning: ZhangLS/Spec/Lemma57GaussianMellinTransform.lean:67:63: Used `tac1 <;> tac2` where `(tac1; tac2)` would suffice

Note: This linter can be disabled with `set_option linter.unnecessarySeqFocus false`
warning: ZhangLS/Spec/Lemma57GaussianMellinTransform.lean:145:54: Used `tac1 <;> tac2` where `(tac1; tac2)` would suffice

Note: This linter can be disabled with `set_option linter.unnecessarySeqFocus false`
warning: ZhangLS/Spec/Lemma57GaussianMellinTransform.lean:326:4: Try `simp at hs` instead of `simpa using hs`

Note: This linter can be disabled with `set_option linter.unnecessarySimpa false`
Build completed successfully (3450 jobs).
ZhangLS/Spec/Lemma57GaussianMellinTransform.lean:67:63: warning: Used `tac1 <;> tac2` where `(tac1; tac2)` would suffice

Note: This linter can be disabled with `set_option linter.unnecessarySeqFocus false`
ZhangLS/Spec/Lemma57GaussianMellinTransform.lean:145:54: warning: Used `tac1 <;> tac2` where `(tac1; tac2)` would suffice

Note: This linter can be disabled with `set_option linter.unnecessarySeqFocus false`
ZhangLS/Spec/Lemma57GaussianMellinTransform.lean:326:4: warning: Try `simp at hs` instead of `simpa using hs`

Note: This linter can be disabled with `set_option linter.unnecessarySimpa false`
== kernel-check ZhangLS/Spec/Lemma57GaussianQuadraticMoment.lean ==
⚠ [1279/1405] Replayed ZhangLS.Spec.RealDirichletCharacter
warning: ZhangLS/Spec/RealDirichletCharacter.lean:48:4: try 'simp' instead of 'simpa'

Note: This linter can be disabled with `set_option linter.unnecessarySimpa false`
⚠ [3428/3477] Replayed ZhangLS.Spec.RealAxisAtOne
warning: ZhangLS/Spec/RealAxisAtOne.lean:56:4: try 'simp' instead of 'simpa'

Note: This linter can be disabled with `set_option linter.unnecessarySimpa false`
⚠ [3430/3477] Replayed ZhangLS.Spec.Lemma57
warning: ZhangLS/Spec/Lemma57.lean:101:58: unused variable `hD`

Note: This linter can be disabled with `set_option linter.unusedVariables false`
warning: ZhangLS/Spec/Lemma57.lean:102:7: unused variable `hA`

Note: This linter can be disabled with `set_option linter.unusedVariables false`
⚠ [3431/3477] Replayed ZhangLS.Spec.Lemma57Arithmetic
warning: ZhangLS/Spec/Lemma57Arithmetic.lean:55:15: unused variable `hc_g`

Note: This linter can be disabled with `set_option linter.unusedVariables false`
⚠ [3436/3477] Replayed ZhangLS.Spec.Lemma57SmoothedSum
warning: ZhangLS/Spec/Lemma57SmoothedSum.lean:42:46: unused variable `hD`

Note: This linter can be disabled with `set_option linter.unusedVariables false`
⚠ [3445/3477] Replayed ZhangLS.Spec.Lemma57GaussianGlobal
warning: ZhangLS/Spec/Lemma57GaussianGlobal.lean:55:58: unused variable `ha`

Note: This linter can be disabled with `set_option linter.unusedVariables false`
warning: ZhangLS/Spec/Lemma57GaussianGlobal.lean:241:13: unused variable `hD`

Note: This linter can be disabled with `set_option linter.unusedVariables false`
warning: ZhangLS/Spec/Lemma57GaussianGlobal.lean:241:34: unused variable `hx`

Note: This linter can be disabled with `set_option linter.unusedVariables false`
⚠ [3446/3477] Replayed ZhangLS.Spec.Lemma57SmoothedSummability
warning: ZhangLS/Spec/Lemma57SmoothedSummability.lean:20:52: unused variable `hn`

Note: This linter can be disabled with `set_option linter.unusedVariables false`
⚠ [3451/3477] Replayed ZhangLS.Spec.Lemma57GaussianMellinTransform
warning: ZhangLS/Spec/Lemma57GaussianMellinTransform.lean:67:63: Used `tac1 <;> tac2` where `(tac1; tac2)` would suffice

Note: This linter can be disabled with `set_option linter.unnecessarySeqFocus false`
warning: ZhangLS/Spec/Lemma57GaussianMellinTransform.lean:145:54: Used `tac1 <;> tac2` where `(tac1; tac2)` would suffice

Note: This linter can be disabled with `set_option linter.unnecessarySeqFocus false`
warning: ZhangLS/Spec/Lemma57GaussianMellinTransform.lean:326:4: Try `simp at hs` instead of `simpa using hs`

Note: This linter can be disabled with `set_option linter.unnecessarySimpa false`
⚠ [3465/3477] Replayed ZhangLS.Spec.RiemannZetaCriticalLineBound
warning: ZhangLS/Spec/RiemannZetaCriticalLineBound.lean:99:2: Used `tac1 <;> tac2` where `(tac1; tac2)` would suffice

Note: This linter can be disabled with `set_option linter.unnecessarySeqFocus false`
warning: ZhangLS/Spec/RiemannZetaCriticalLineBound.lean:124:13: unused variable `hs`

Note: This linter can be disabled with `set_option linter.unusedVariables false`
warning: ZhangLS/Spec/RiemannZetaCriticalLineBound.lean:152:6: unused variable `n`

Note: This linter can be disabled with `set_option linter.unusedVariables false`
warning: ZhangLS/Spec/RiemannZetaCriticalLineBound.lean:156:20: unused variable `k`

Note: This linter can be disabled with `set_option linter.unusedVariables false`
warning: ZhangLS/Spec/RiemannZetaCriticalLineBound.lean:161:8: This simp argument is unused:
  sum_one_Icc

Hint: Omit it from the simp argument list.
  simp ̵[̵s̵u̵m̵_̵o̵n̵e̵_̵I̵c̵c̵]̵

Note: This linter can be disabled with `set_option linter.unusedSimpArgs false`
warning: ZhangLS/Spec/RiemannZetaCriticalLineBound.lean:242:12: 'ring' tactic does nothing

Note: This linter can be disabled with `set_option linter.unusedTactic false`
warning: ZhangLS/Spec/RiemannZetaCriticalLineBound.lean:242:12: this tactic is never executed

Note: This linter can be disabled with `set_option linter.unreachableTactic false`
warning: ZhangLS/Spec/RiemannZetaCriticalLineBound.lean:219:41: Used `tac1 <;> tac2` where `(tac1; tac2)` would suffice

Note: This linter can be disabled with `set_option linter.unnecessarySeqFocus false`
warning: ZhangLS/Spec/RiemannZetaCriticalLineBound.lean:303:8: 'ring' tactic does nothing

Note: This linter can be disabled with `set_option linter.unusedTactic false`
warning: ZhangLS/Spec/RiemannZetaCriticalLineBound.lean:303:8: this tactic is never executed

Note: This linter can be disabled with `set_option linter.unreachableTactic false`
warning: ZhangLS/Spec/RiemannZetaCriticalLineBound.lean:394:12: This simp argument is unused:
  norm_div

Hint: Omit it from the simp argument list.
  simp ̵[̵n̵o̵r̵m̵_̵d̵i̵v̵]̵

Note: This linter can be disabled with `set_option linter.unusedSimpArgs false`
warning: ZhangLS/Spec/RiemannZetaCriticalLineBound.lean:475:75: This simp argument is unused:
  norm_div

Hint: Omit it from the simp argument list.
  simp ̵[̵n̵o̵r̵m̵_̵d̵i̵v̵]̵

Note: This linter can be disabled with `set_option linter.unusedSimpArgs false`
⚠ [3466/3477] Replayed ZhangLS.Spec.Lemma57CriticalStripGrowth
warning: ZhangLS/Spec/Lemma57CriticalStripGrowth.lean:270:14: This simp argument is unused:
  norm_div

Hint: Omit it from the simp argument list.
  simp ̵[̵n̵o̵r̵m̵_̵d̵i̵v̵]̵

Note: This linter can be disabled with `set_option linter.unusedSimpArgs false`
Build completed successfully (3477 jobs).
== kernel-check ZhangLS/Spec/Lemma57GaussianWeight.lean ==
⚠ [1279/1450] Replayed ZhangLS.Spec.RealDirichletCharacter
warning: ZhangLS/Spec/RealDirichletCharacter.lean:48:4: try 'simp' instead of 'simpa'

Note: This linter can be disabled with `set_option linter.unnecessarySimpa false`
⚠ [3428/3435] Replayed ZhangLS.Spec.RealAxisAtOne
warning: ZhangLS/Spec/RealAxisAtOne.lean:56:4: try 'simp' instead of 'simpa'

Note: This linter can be disabled with `set_option linter.unnecessarySimpa false`
⚠ [3430/3435] Replayed ZhangLS.Spec.Lemma57
warning: ZhangLS/Spec/Lemma57.lean:101:58: unused variable `hD`

Note: This linter can be disabled with `set_option linter.unusedVariables false`
warning: ZhangLS/Spec/Lemma57.lean:102:7: unused variable `hA`

Note: This linter can be disabled with `set_option linter.unusedVariables false`
⚠ [3431/3435] Replayed ZhangLS.Spec.Lemma57Arithmetic
warning: ZhangLS/Spec/Lemma57Arithmetic.lean:55:15: unused variable `hc_g`

Note: This linter can be disabled with `set_option linter.unusedVariables false`
Build completed successfully (3435 jobs).
== kernel-check ZhangLS/Spec/Lemma57LAtOnePositivity.lean ==
⚠ [1279/1419] Replayed ZhangLS.Spec.RealDirichletCharacter
warning: ZhangLS/Spec/RealDirichletCharacter.lean:48:4: try 'simp' instead of 'simpa'

Note: This linter can be disabled with `set_option linter.unnecessarySimpa false`
⚠ [3428/3475] Replayed ZhangLS.Spec.RealAxisAtOne
warning: ZhangLS/Spec/RealAxisAtOne.lean:56:4: try 'simp' instead of 'simpa'

Note: This linter can be disabled with `set_option linter.unnecessarySimpa false`
⚠ [3430/3475] Replayed ZhangLS.Spec.Lemma57
warning: ZhangLS/Spec/Lemma57.lean:101:58: unused variable `hD`

Note: This linter can be disabled with `set_option linter.unusedVariables false`
warning: ZhangLS/Spec/Lemma57.lean:102:7: unused variable `hA`

Note: This linter can be disabled with `set_option linter.unusedVariables false`
⚠ [3431/3475] Replayed ZhangLS.Spec.Lemma57Arithmetic
warning: ZhangLS/Spec/Lemma57Arithmetic.lean:55:15: unused variable `hc_g`

Note: This linter can be disabled with `set_option linter.unusedVariables false`
⚠ [3436/3475] Replayed ZhangLS.Spec.Lemma57SmoothedSum
warning: ZhangLS/Spec/Lemma57SmoothedSum.lean:42:46: unused variable `hD`

Note: This linter can be disabled with `set_option linter.unusedVariables false`
⚠ [3445/3475] Replayed ZhangLS.Spec.Lemma57GaussianGlobal
warning: ZhangLS/Spec/Lemma57GaussianGlobal.lean:55:58: unused variable `ha`

Note: This linter can be disabled with `set_option linter.unusedVariables false`
warning: ZhangLS/Spec/Lemma57GaussianGlobal.lean:241:13: unused variable `hD`

Note: This linter can be disabled with `set_option linter.unusedVariables false`
warning: ZhangLS/Spec/Lemma57GaussianGlobal.lean:241:34: unused variable `hx`

Note: This linter can be disabled with `set_option linter.unusedVariables false`
⚠ [3446/3475] Replayed ZhangLS.Spec.Lemma57SmoothedSummability
warning: ZhangLS/Spec/Lemma57SmoothedSummability.lean:20:52: unused variable `hn`

Note: This linter can be disabled with `set_option linter.unusedVariables false`
⚠ [3451/3475] Replayed ZhangLS.Spec.Lemma57GaussianMellinTransform
warning: ZhangLS/Spec/Lemma57GaussianMellinTransform.lean:67:63: Used `tac1 <;> tac2` where `(tac1; tac2)` would suffice

Note: This linter can be disabled with `set_option linter.unnecessarySeqFocus false`
warning: ZhangLS/Spec/Lemma57GaussianMellinTransform.lean:145:54: Used `tac1 <;> tac2` where `(tac1; tac2)` would suffice

Note: This linter can be disabled with `set_option linter.unnecessarySeqFocus false`
warning: ZhangLS/Spec/Lemma57GaussianMellinTransform.lean:326:4: Try `simp at hs` instead of `simpa using hs`

Note: This linter can be disabled with `set_option linter.unnecessarySimpa false`
⚠ [3465/3475] Replayed ZhangLS.Spec.RiemannZetaCriticalLineBound
warning: ZhangLS/Spec/RiemannZetaCriticalLineBound.lean:99:2: Used `tac1 <;> tac2` where `(tac1; tac2)` would suffice

Note: This linter can be disabled with `set_option linter.unnecessarySeqFocus false`
warning: ZhangLS/Spec/RiemannZetaCriticalLineBound.lean:124:13: unused variable `hs`

Note: This linter can be disabled with `set_option linter.unusedVariables false`
warning: ZhangLS/Spec/RiemannZetaCriticalLineBound.lean:152:6: unused variable `n`

Note: This linter can be disabled with `set_option linter.unusedVariables false`
warning: ZhangLS/Spec/RiemannZetaCriticalLineBound.lean:156:20: unused variable `k`

Note: This linter can be disabled with `set_option linter.unusedVariables false`
warning: ZhangLS/Spec/RiemannZetaCriticalLineBound.lean:161:8: This simp argument is unused:
  sum_one_Icc

Hint: Omit it from the simp argument list.
  simp ̵[̵s̵u̵m̵_̵o̵n̵e̵_̵I̵c̵c̵]̵

Note: This linter can be disabled with `set_option linter.unusedSimpArgs false`
warning: ZhangLS/Spec/RiemannZetaCriticalLineBound.lean:242:12: 'ring' tactic does nothing

Note: This linter can be disabled with `set_option linter.unusedTactic false`
warning: ZhangLS/Spec/RiemannZetaCriticalLineBound.lean:242:12: this tactic is never executed

Note: This linter can be disabled with `set_option linter.unreachableTactic false`
warning: ZhangLS/Spec/RiemannZetaCriticalLineBound.lean:219:41: Used `tac1 <;> tac2` where `(tac1; tac2)` would suffice

Note: This linter can be disabled with `set_option linter.unnecessarySeqFocus false`
warning: ZhangLS/Spec/RiemannZetaCriticalLineBound.lean:303:8: 'ring' tactic does nothing

Note: This linter can be disabled with `set_option linter.unusedTactic false`
warning: ZhangLS/Spec/RiemannZetaCriticalLineBound.lean:303:8: this tactic is never executed

Note: This linter can be disabled with `set_option linter.unreachableTactic false`
warning: ZhangLS/Spec/RiemannZetaCriticalLineBound.lean:394:12: This simp argument is unused:
  norm_div

Hint: Omit it from the simp argument list.
  simp ̵[̵n̵o̵r̵m̵_̵d̵i̵v̵]̵

Note: This linter can be disabled with `set_option linter.unusedSimpArgs false`
warning: ZhangLS/Spec/RiemannZetaCriticalLineBound.lean:475:75: This simp argument is unused:
  norm_div

Hint: Omit it from the simp argument list.
  simp ̵[̵n̵o̵r̵m̵_̵d̵i̵v̵]̵

Note: This linter can be disabled with `set_option linter.unusedSimpArgs false`
⚠ [3466/3475] Replayed ZhangLS.Spec.Lemma57CriticalStripGrowth
warning: ZhangLS/Spec/Lemma57CriticalStripGrowth.lean:270:14: This simp argument is unused:
  norm_div

Hint: Omit it from the simp argument list.
  simp ̵[̵n̵o̵r̵m̵_̵d̵i̵v̵]̵

Note: This linter can be disabled with `set_option linter.unusedSimpArgs false`
Build completed successfully (3475 jobs).
== kernel-check ZhangLS/Spec/Lemma57LeftQuadraticGrowth.lean ==
⚠ [1279/1425] Replayed ZhangLS.Spec.RealDirichletCharacter
warning: ZhangLS/Spec/RealDirichletCharacter.lean:48:4: try 'simp' instead of 'simpa'

Note: This linter can be disabled with `set_option linter.unnecessarySimpa false`
⚠ [3428/3480] Replayed ZhangLS.Spec.RealAxisAtOne
warning: ZhangLS/Spec/RealAxisAtOne.lean:56:4: try 'simp' instead of 'simpa'

Note: This linter can be disabled with `set_option linter.unnecessarySimpa false`
⚠ [3430/3480] Replayed ZhangLS.Spec.Lemma57
warning: ZhangLS/Spec/Lemma57.lean:101:58: unused variable `hD`

Note: This linter can be disabled with `set_option linter.unusedVariables false`
warning: ZhangLS/Spec/Lemma57.lean:102:7: unused variable `hA`

Note: This linter can be disabled with `set_option linter.unusedVariables false`
⚠ [3431/3480] Replayed ZhangLS.Spec.Lemma57Arithmetic
warning: ZhangLS/Spec/Lemma57Arithmetic.lean:55:15: unused variable `hc_g`

Note: This linter can be disabled with `set_option linter.unusedVariables false`
⚠ [3436/3480] Replayed ZhangLS.Spec.Lemma57SmoothedSum
warning: ZhangLS/Spec/Lemma57SmoothedSum.lean:42:46: unused variable `hD`

Note: This linter can be disabled with `set_option linter.unusedVariables false`
⚠ [3445/3480] Replayed ZhangLS.Spec.Lemma57GaussianGlobal
warning: ZhangLS/Spec/Lemma57GaussianGlobal.lean:55:58: unused variable `ha`

Note: This linter can be disabled with `set_option linter.unusedVariables false`
warning: ZhangLS/Spec/Lemma57GaussianGlobal.lean:241:13: unused variable `hD`

Note: This linter can be disabled with `set_option linter.unusedVariables false`
warning: ZhangLS/Spec/Lemma57GaussianGlobal.lean:241:34: unused variable `hx`

Note: This linter can be disabled with `set_option linter.unusedVariables false`
⚠ [3446/3480] Replayed ZhangLS.Spec.Lemma57SmoothedSummability
warning: ZhangLS/Spec/Lemma57SmoothedSummability.lean:20:52: unused variable `hn`

Note: This linter can be disabled with `set_option linter.unusedVariables false`
⚠ [3451/3480] Replayed ZhangLS.Spec.Lemma57GaussianMellinTransform
warning: ZhangLS/Spec/Lemma57GaussianMellinTransform.lean:67:63: Used `tac1 <;> tac2` where `(tac1; tac2)` would suffice

Note: This linter can be disabled with `set_option linter.unnecessarySeqFocus false`
warning: ZhangLS/Spec/Lemma57GaussianMellinTransform.lean:145:54: Used `tac1 <;> tac2` where `(tac1; tac2)` would suffice

Note: This linter can be disabled with `set_option linter.unnecessarySeqFocus false`
warning: ZhangLS/Spec/Lemma57GaussianMellinTransform.lean:326:4: Try `simp at hs` instead of `simpa using hs`

Note: This linter can be disabled with `set_option linter.unnecessarySimpa false`
⚠ [3465/3480] Replayed ZhangLS.Spec.RiemannZetaCriticalLineBound
warning: ZhangLS/Spec/RiemannZetaCriticalLineBound.lean:99:2: Used `tac1 <;> tac2` where `(tac1; tac2)` would suffice

Note: This linter can be disabled with `set_option linter.unnecessarySeqFocus false`
warning: ZhangLS/Spec/RiemannZetaCriticalLineBound.lean:124:13: unused variable `hs`

Note: This linter can be disabled with `set_option linter.unusedVariables false`
warning: ZhangLS/Spec/RiemannZetaCriticalLineBound.lean:152:6: unused variable `n`

Note: This linter can be disabled with `set_option linter.unusedVariables false`
warning: ZhangLS/Spec/RiemannZetaCriticalLineBound.lean:156:20: unused variable `k`

Note: This linter can be disabled with `set_option linter.unusedVariables false`
warning: ZhangLS/Spec/RiemannZetaCriticalLineBound.lean:161:8: This simp argument is unused:
  sum_one_Icc

Hint: Omit it from the simp argument list.
  simp ̵[̵s̵u̵m̵_̵o̵n̵e̵_̵I̵c̵c̵]̵

Note: This linter can be disabled with `set_option linter.unusedSimpArgs false`
warning: ZhangLS/Spec/RiemannZetaCriticalLineBound.lean:242:12: 'ring' tactic does nothing

Note: This linter can be disabled with `set_option linter.unusedTactic false`
warning: ZhangLS/Spec/RiemannZetaCriticalLineBound.lean:242:12: this tactic is never executed

Note: This linter can be disabled with `set_option linter.unreachableTactic false`
warning: ZhangLS/Spec/RiemannZetaCriticalLineBound.lean:219:41: Used `tac1 <;> tac2` where `(tac1; tac2)` would suffice

Note: This linter can be disabled with `set_option linter.unnecessarySeqFocus false`
warning: ZhangLS/Spec/RiemannZetaCriticalLineBound.lean:303:8: 'ring' tactic does nothing

Note: This linter can be disabled with `set_option linter.unusedTactic false`
warning: ZhangLS/Spec/RiemannZetaCriticalLineBound.lean:303:8: this tactic is never executed

Note: This linter can be disabled with `set_option linter.unreachableTactic false`
warning: ZhangLS/Spec/RiemannZetaCriticalLineBound.lean:394:12: This simp argument is unused:
  norm_div

Hint: Omit it from the simp argument list.
  simp ̵[̵n̵o̵r̵m̵_̵d̵i̵v̵]̵

Note: This linter can be disabled with `set_option linter.unusedSimpArgs false`
warning: ZhangLS/Spec/RiemannZetaCriticalLineBound.lean:475:75: This simp argument is unused:
  norm_div

Hint: Omit it from the simp argument list.
  simp ̵[̵n̵o̵r̵m̵_̵d̵i̵v̵]̵

Note: This linter can be disabled with `set_option linter.unusedSimpArgs false`
⚠ [3466/3480] Replayed ZhangLS.Spec.Lemma57CriticalStripGrowth
warning: ZhangLS/Spec/Lemma57CriticalStripGrowth.lean:270:14: This simp argument is unused:
  norm_div

Hint: Omit it from the simp argument list.
  simp ̵[̵n̵o̵r̵m̵_̵d̵i̵v̵]̵

Note: This linter can be disabled with `set_option linter.unusedSimpArgs false`
⚠ [3479/3480] Replayed ZhangLS.Spec.Lemma57QuadraticConductorThreshold
warning: ZhangLS/Spec/Lemma57QuadraticConductorThreshold.lean:63:4: exponent 10000000 exceeds the threshold 256, exponentiation operation was not evaluated, use `set_option exponentiation.threshold <num>` to set a new threshold
warning: ZhangLS/Spec/Lemma57QuadraticConductorThreshold.lean:136:18: Used `tac1 <;> tac2` where `(tac1; tac2)` would suffice

Note: This linter can be disabled with `set_option linter.unnecessarySeqFocus false`
Build completed successfully (3480 jobs).
== kernel-check ZhangLS/Spec/Lemma57MellinContour.lean ==
⚠ [1279/1397] Replayed ZhangLS.Spec.RealDirichletCharacter
warning: ZhangLS/Spec/RealDirichletCharacter.lean:48:4: try 'simp' instead of 'simpa'

Note: This linter can be disabled with `set_option linter.unnecessarySimpa false`
⚠ [3428/3447] Replayed ZhangLS.Spec.RealAxisAtOne
warning: ZhangLS/Spec/RealAxisAtOne.lean:56:4: try 'simp' instead of 'simpa'

Note: This linter can be disabled with `set_option linter.unnecessarySimpa false`
⚠ [3430/3447] Replayed ZhangLS.Spec.Lemma57
warning: ZhangLS/Spec/Lemma57.lean:101:58: unused variable `hD`

Note: This linter can be disabled with `set_option linter.unusedVariables false`
warning: ZhangLS/Spec/Lemma57.lean:102:7: unused variable `hA`

Note: This linter can be disabled with `set_option linter.unusedVariables false`
⚠ [3431/3447] Replayed ZhangLS.Spec.Lemma57Arithmetic
warning: ZhangLS/Spec/Lemma57Arithmetic.lean:55:15: unused variable `hc_g`

Note: This linter can be disabled with `set_option linter.unusedVariables false`
⚠ [3436/3447] Replayed ZhangLS.Spec.Lemma57SmoothedSum
warning: ZhangLS/Spec/Lemma57SmoothedSum.lean:42:46: unused variable `hD`

Note: This linter can be disabled with `set_option linter.unusedVariables false`
⚠ [3445/3447] Replayed ZhangLS.Spec.Lemma57GaussianGlobal
warning: ZhangLS/Spec/Lemma57GaussianGlobal.lean:55:58: unused variable `ha`

Note: This linter can be disabled with `set_option linter.unusedVariables false`
warning: ZhangLS/Spec/Lemma57GaussianGlobal.lean:241:13: unused variable `hD`

Note: This linter can be disabled with `set_option linter.unusedVariables false`
warning: ZhangLS/Spec/Lemma57GaussianGlobal.lean:241:34: unused variable `hx`

Note: This linter can be disabled with `set_option linter.unusedVariables false`
⚠ [3446/3447] Replayed ZhangLS.Spec.Lemma57SmoothedSummability
warning: ZhangLS/Spec/Lemma57SmoothedSummability.lean:20:52: unused variable `hn`

Note: This linter can be disabled with `set_option linter.unusedVariables false`
Build completed successfully (3447 jobs).
== kernel-check ZhangLS/Spec/Lemma57MellinIdentity.lean ==
⚠ [1279/1437] Replayed ZhangLS.Spec.RealDirichletCharacter
warning: ZhangLS/Spec/RealDirichletCharacter.lean:48:4: try 'simp' instead of 'simpa'

Note: This linter can be disabled with `set_option linter.unnecessarySimpa false`
⚠ [3428/3451] Replayed ZhangLS.Spec.RealAxisAtOne
warning: ZhangLS/Spec/RealAxisAtOne.lean:56:4: try 'simp' instead of 'simpa'

Note: This linter can be disabled with `set_option linter.unnecessarySimpa false`
⚠ [3430/3451] Replayed ZhangLS.Spec.Lemma57
warning: ZhangLS/Spec/Lemma57.lean:101:58: unused variable `hD`

Note: This linter can be disabled with `set_option linter.unusedVariables false`
warning: ZhangLS/Spec/Lemma57.lean:102:7: unused variable `hA`

Note: This linter can be disabled with `set_option linter.unusedVariables false`
⚠ [3431/3451] Replayed ZhangLS.Spec.Lemma57Arithmetic
warning: ZhangLS/Spec/Lemma57Arithmetic.lean:55:15: unused variable `hc_g`

Note: This linter can be disabled with `set_option linter.unusedVariables false`
⚠ [3436/3451] Replayed ZhangLS.Spec.Lemma57SmoothedSum
warning: ZhangLS/Spec/Lemma57SmoothedSum.lean:42:46: unused variable `hD`

Note: This linter can be disabled with `set_option linter.unusedVariables false`
⚠ [3445/3451] Replayed ZhangLS.Spec.Lemma57GaussianGlobal
warning: ZhangLS/Spec/Lemma57GaussianGlobal.lean:55:58: unused variable `ha`

Note: This linter can be disabled with `set_option linter.unusedVariables false`
warning: ZhangLS/Spec/Lemma57GaussianGlobal.lean:241:13: unused variable `hD`

Note: This linter can be disabled with `set_option linter.unusedVariables false`
warning: ZhangLS/Spec/Lemma57GaussianGlobal.lean:241:34: unused variable `hx`

Note: This linter can be disabled with `set_option linter.unusedVariables false`
⚠ [3446/3451] Replayed ZhangLS.Spec.Lemma57SmoothedSummability
warning: ZhangLS/Spec/Lemma57SmoothedSummability.lean:20:52: unused variable `hn`

Note: This linter can be disabled with `set_option linter.unusedVariables false`
⚠ [3450/3451] Replayed ZhangLS.Spec.Lemma57GaussianMellinTransform
warning: ZhangLS/Spec/Lemma57GaussianMellinTransform.lean:67:63: Used `tac1 <;> tac2` where `(tac1; tac2)` would suffice

Note: This linter can be disabled with `set_option linter.unnecessarySeqFocus false`
warning: ZhangLS/Spec/Lemma57GaussianMellinTransform.lean:145:54: Used `tac1 <;> tac2` where `(tac1; tac2)` would suffice

Note: This linter can be disabled with `set_option linter.unnecessarySeqFocus false`
warning: ZhangLS/Spec/Lemma57GaussianMellinTransform.lean:326:4: Try `simp at hs` instead of `simpa using hs`

Note: This linter can be disabled with `set_option linter.unnecessarySimpa false`
Build completed successfully (3451 jobs).
== kernel-check ZhangLS/Spec/Lemma57PrincipalPart.lean ==
⚠ [1279/1441] Replayed ZhangLS.Spec.RealDirichletCharacter
warning: ZhangLS/Spec/RealDirichletCharacter.lean:48:4: try 'simp' instead of 'simpa'

Note: This linter can be disabled with `set_option linter.unnecessarySimpa false`
⚠ [3428/3455] Replayed ZhangLS.Spec.RealAxisAtOne
warning: ZhangLS/Spec/RealAxisAtOne.lean:56:4: try 'simp' instead of 'simpa'

Note: This linter can be disabled with `set_option linter.unnecessarySimpa false`
⚠ [3430/3455] Replayed ZhangLS.Spec.Lemma57
warning: ZhangLS/Spec/Lemma57.lean:101:58: unused variable `hD`

Note: This linter can be disabled with `set_option linter.unusedVariables false`
warning: ZhangLS/Spec/Lemma57.lean:102:7: unused variable `hA`

Note: This linter can be disabled with `set_option linter.unusedVariables false`
⚠ [3431/3455] Replayed ZhangLS.Spec.Lemma57Arithmetic
warning: ZhangLS/Spec/Lemma57Arithmetic.lean:55:15: unused variable `hc_g`

Note: This linter can be disabled with `set_option linter.unusedVariables false`
⚠ [3436/3455] Replayed ZhangLS.Spec.Lemma57SmoothedSum
warning: ZhangLS/Spec/Lemma57SmoothedSum.lean:42:46: unused variable `hD`

Note: This linter can be disabled with `set_option linter.unusedVariables false`
⚠ [3445/3455] Replayed ZhangLS.Spec.Lemma57GaussianGlobal
warning: ZhangLS/Spec/Lemma57GaussianGlobal.lean:55:58: unused variable `ha`

Note: This linter can be disabled with `set_option linter.unusedVariables false`
warning: ZhangLS/Spec/Lemma57GaussianGlobal.lean:241:13: unused variable `hD`

Note: This linter can be disabled with `set_option linter.unusedVariables false`
warning: ZhangLS/Spec/Lemma57GaussianGlobal.lean:241:34: unused variable `hx`

Note: This linter can be disabled with `set_option linter.unusedVariables false`
⚠ [3446/3455] Replayed ZhangLS.Spec.Lemma57SmoothedSummability
warning: ZhangLS/Spec/Lemma57SmoothedSummability.lean:20:52: unused variable `hn`

Note: This linter can be disabled with `set_option linter.unusedVariables false`
⚠ [3451/3455] Replayed ZhangLS.Spec.Lemma57GaussianMellinTransform
warning: ZhangLS/Spec/Lemma57GaussianMellinTransform.lean:67:63: Used `tac1 <;> tac2` where `(tac1; tac2)` would suffice

Note: This linter can be disabled with `set_option linter.unnecessarySeqFocus false`
warning: ZhangLS/Spec/Lemma57GaussianMellinTransform.lean:145:54: Used `tac1 <;> tac2` where `(tac1; tac2)` would suffice

Note: This linter can be disabled with `set_option linter.unnecessarySeqFocus false`
warning: ZhangLS/Spec/Lemma57GaussianMellinTransform.lean:326:4: Try `simp at hs` instead of `simpa using hs`

Note: This linter can be disabled with `set_option linter.unnecessarySimpa false`
Build completed successfully (3455 jobs).
== kernel-check ZhangLS/Spec/Lemma57QuadraticConductorThreshold.lean ==
⚠ [1279/1374] Replayed ZhangLS.Spec.RealDirichletCharacter
warning: ZhangLS/Spec/RealDirichletCharacter.lean:48:4: try 'simp' instead of 'simpa'

Note: This linter can be disabled with `set_option linter.unnecessarySimpa false`
⚠ [3428/3479] Replayed ZhangLS.Spec.RealAxisAtOne
warning: ZhangLS/Spec/RealAxisAtOne.lean:56:4: try 'simp' instead of 'simpa'

Note: This linter can be disabled with `set_option linter.unnecessarySimpa false`
⚠ [3430/3479] Replayed ZhangLS.Spec.Lemma57
warning: ZhangLS/Spec/Lemma57.lean:101:58: unused variable `hD`

Note: This linter can be disabled with `set_option linter.unusedVariables false`
warning: ZhangLS/Spec/Lemma57.lean:102:7: unused variable `hA`

Note: This linter can be disabled with `set_option linter.unusedVariables false`
⚠ [3431/3479] Replayed ZhangLS.Spec.Lemma57Arithmetic
warning: ZhangLS/Spec/Lemma57Arithmetic.lean:55:15: unused variable `hc_g`

Note: This linter can be disabled with `set_option linter.unusedVariables false`
⚠ [3436/3479] Replayed ZhangLS.Spec.Lemma57SmoothedSum
warning: ZhangLS/Spec/Lemma57SmoothedSum.lean:42:46: unused variable `hD`

Note: This linter can be disabled with `set_option linter.unusedVariables false`
⚠ [3445/3479] Replayed ZhangLS.Spec.Lemma57GaussianGlobal
warning: ZhangLS/Spec/Lemma57GaussianGlobal.lean:55:58: unused variable `ha`

Note: This linter can be disabled with `set_option linter.unusedVariables false`
warning: ZhangLS/Spec/Lemma57GaussianGlobal.lean:241:13: unused variable `hD`

Note: This linter can be disabled with `set_option linter.unusedVariables false`
warning: ZhangLS/Spec/Lemma57GaussianGlobal.lean:241:34: unused variable `hx`

Note: This linter can be disabled with `set_option linter.unusedVariables false`
⚠ [3446/3479] Replayed ZhangLS.Spec.Lemma57SmoothedSummability
warning: ZhangLS/Spec/Lemma57SmoothedSummability.lean:20:52: unused variable `hn`

Note: This linter can be disabled with `set_option linter.unusedVariables false`
⚠ [3451/3479] Replayed ZhangLS.Spec.Lemma57GaussianMellinTransform
warning: ZhangLS/Spec/Lemma57GaussianMellinTransform.lean:67:63: Used `tac1 <;> tac2` where `(tac1; tac2)` would suffice

Note: This linter can be disabled with `set_option linter.unnecessarySeqFocus false`
warning: ZhangLS/Spec/Lemma57GaussianMellinTransform.lean:145:54: Used `tac1 <;> tac2` where `(tac1; tac2)` would suffice

Note: This linter can be disabled with `set_option linter.unnecessarySeqFocus false`
warning: ZhangLS/Spec/Lemma57GaussianMellinTransform.lean:326:4: Try `simp at hs` instead of `simpa using hs`

Note: This linter can be disabled with `set_option linter.unnecessarySimpa false`
⚠ [3465/3479] Replayed ZhangLS.Spec.RiemannZetaCriticalLineBound
warning: ZhangLS/Spec/RiemannZetaCriticalLineBound.lean:99:2: Used `tac1 <;> tac2` where `(tac1; tac2)` would suffice

Note: This linter can be disabled with `set_option linter.unnecessarySeqFocus false`
warning: ZhangLS/Spec/RiemannZetaCriticalLineBound.lean:124:13: unused variable `hs`

Note: This linter can be disabled with `set_option linter.unusedVariables false`
warning: ZhangLS/Spec/RiemannZetaCriticalLineBound.lean:152:6: unused variable `n`

Note: This linter can be disabled with `set_option linter.unusedVariables false`
warning: ZhangLS/Spec/RiemannZetaCriticalLineBound.lean:156:20: unused variable `k`

Note: This linter can be disabled with `set_option linter.unusedVariables false`
warning: ZhangLS/Spec/RiemannZetaCriticalLineBound.lean:161:8: This simp argument is unused:
  sum_one_Icc

Hint: Omit it from the simp argument list.
  simp ̵[̵s̵u̵m̵_̵o̵n̵e̵_̵I̵c̵c̵]̵

Note: This linter can be disabled with `set_option linter.unusedSimpArgs false`
warning: ZhangLS/Spec/RiemannZetaCriticalLineBound.lean:242:12: 'ring' tactic does nothing

Note: This linter can be disabled with `set_option linter.unusedTactic false`
warning: ZhangLS/Spec/RiemannZetaCriticalLineBound.lean:242:12: this tactic is never executed

Note: This linter can be disabled with `set_option linter.unreachableTactic false`
warning: ZhangLS/Spec/RiemannZetaCriticalLineBound.lean:219:41: Used `tac1 <;> tac2` where `(tac1; tac2)` would suffice

Note: This linter can be disabled with `set_option linter.unnecessarySeqFocus false`
warning: ZhangLS/Spec/RiemannZetaCriticalLineBound.lean:303:8: 'ring' tactic does nothing

Note: This linter can be disabled with `set_option linter.unusedTactic false`
warning: ZhangLS/Spec/RiemannZetaCriticalLineBound.lean:303:8: this tactic is never executed

Note: This linter can be disabled with `set_option linter.unreachableTactic false`
warning: ZhangLS/Spec/RiemannZetaCriticalLineBound.lean:394:12: This simp argument is unused:
  norm_div

Hint: Omit it from the simp argument list.
  simp ̵[̵n̵o̵r̵m̵_̵d̵i̵v̵]̵

Note: This linter can be disabled with `set_option linter.unusedSimpArgs false`
warning: ZhangLS/Spec/RiemannZetaCriticalLineBound.lean:475:75: This simp argument is unused:
  norm_div

Hint: Omit it from the simp argument list.
  simp ̵[̵n̵o̵r̵m̵_̵d̵i̵v̵]̵

Note: This linter can be disabled with `set_option linter.unusedSimpArgs false`
⚠ [3466/3479] Replayed ZhangLS.Spec.Lemma57CriticalStripGrowth
warning: ZhangLS/Spec/Lemma57CriticalStripGrowth.lean:270:14: This simp argument is unused:
  norm_div

Hint: Omit it from the simp argument list.
  simp ̵[̵n̵o̵r̵m̵_̵d̵i̵v̵]̵

Note: This linter can be disabled with `set_option linter.unusedSimpArgs false`
⚠ [3479/3479] Replayed ZhangLS.Spec.Lemma57QuadraticConductorThreshold
warning: ZhangLS/Spec/Lemma57QuadraticConductorThreshold.lean:63:4: exponent 10000000 exceeds the threshold 256, exponentiation operation was not evaluated, use `set_option exponentiation.threshold <num>` to set a new threshold
warning: ZhangLS/Spec/Lemma57QuadraticConductorThreshold.lean:136:18: Used `tac1 <;> tac2` where `(tac1; tac2)` would suffice

Note: This linter can be disabled with `set_option linter.unnecessarySeqFocus false`
Build completed successfully (3479 jobs).
ZhangLS/Spec/Lemma57QuadraticConductorThreshold.lean:63:4: warning: exponent 10000000 exceeds the threshold 256, exponentiation operation was not evaluated, use `set_option exponentiation.threshold <num>` to set a new threshold
ZhangLS/Spec/Lemma57QuadraticConductorThreshold.lean:136:18: warning: Used `tac1 <;> tac2` where `(tac1; tac2)` would suffice

Note: This linter can be disabled with `set_option linter.unnecessarySeqFocus false`
== kernel-check ZhangLS/Spec/Lemma57RectangleWinding.lean ==
⚠ [1279/1421] Replayed ZhangLS.Spec.RealDirichletCharacter
warning: ZhangLS/Spec/RealDirichletCharacter.lean:48:4: try 'simp' instead of 'simpa'

Note: This linter can be disabled with `set_option linter.unnecessarySimpa false`
⚠ [3428/3454] Replayed ZhangLS.Spec.RealAxisAtOne
warning: ZhangLS/Spec/RealAxisAtOne.lean:56:4: try 'simp' instead of 'simpa'

Note: This linter can be disabled with `set_option linter.unnecessarySimpa false`
⚠ [3430/3454] Replayed ZhangLS.Spec.Lemma57
warning: ZhangLS/Spec/Lemma57.lean:101:58: unused variable `hD`

Note: This linter can be disabled with `set_option linter.unusedVariables false`
warning: ZhangLS/Spec/Lemma57.lean:102:7: unused variable `hA`

Note: This linter can be disabled with `set_option linter.unusedVariables false`
⚠ [3431/3454] Replayed ZhangLS.Spec.Lemma57Arithmetic
warning: ZhangLS/Spec/Lemma57Arithmetic.lean:55:15: unused variable `hc_g`

Note: This linter can be disabled with `set_option linter.unusedVariables false`
⚠ [3436/3454] Replayed ZhangLS.Spec.Lemma57SmoothedSum
warning: ZhangLS/Spec/Lemma57SmoothedSum.lean:42:46: unused variable `hD`

Note: This linter can be disabled with `set_option linter.unusedVariables false`
⚠ [3445/3454] Replayed ZhangLS.Spec.Lemma57GaussianGlobal
warning: ZhangLS/Spec/Lemma57GaussianGlobal.lean:55:58: unused variable `ha`

Note: This linter can be disabled with `set_option linter.unusedVariables false`
warning: ZhangLS/Spec/Lemma57GaussianGlobal.lean:241:13: unused variable `hD`

Note: This linter can be disabled with `set_option linter.unusedVariables false`
warning: ZhangLS/Spec/Lemma57GaussianGlobal.lean:241:34: unused variable `hx`

Note: This linter can be disabled with `set_option linter.unusedVariables false`
⚠ [3446/3454] Replayed ZhangLS.Spec.Lemma57SmoothedSummability
warning: ZhangLS/Spec/Lemma57SmoothedSummability.lean:20:52: unused variable `hn`

Note: This linter can be disabled with `set_option linter.unusedVariables false`
⚠ [3451/3454] Replayed ZhangLS.Spec.Lemma57GaussianMellinTransform
warning: ZhangLS/Spec/Lemma57GaussianMellinTransform.lean:67:63: Used `tac1 <;> tac2` where `(tac1; tac2)` would suffice

Note: This linter can be disabled with `set_option linter.unnecessarySeqFocus false`
warning: ZhangLS/Spec/Lemma57GaussianMellinTransform.lean:145:54: Used `tac1 <;> tac2` where `(tac1; tac2)` would suffice

Note: This linter can be disabled with `set_option linter.unnecessarySeqFocus false`
warning: ZhangLS/Spec/Lemma57GaussianMellinTransform.lean:326:4: Try `simp at hs` instead of `simpa using hs`

Note: This linter can be disabled with `set_option linter.unnecessarySimpa false`
Build completed successfully (3454 jobs).
== kernel-check ZhangLS/Spec/Lemma57ResidueBudget.lean ==
⚠ [1279/1380] Replayed ZhangLS.Spec.RealDirichletCharacter
warning: ZhangLS/Spec/RealDirichletCharacter.lean:48:4: try 'simp' instead of 'simpa'

Note: This linter can be disabled with `set_option linter.unnecessarySimpa false`
⚠ [3428/3476] Replayed ZhangLS.Spec.RealAxisAtOne
warning: ZhangLS/Spec/RealAxisAtOne.lean:56:4: try 'simp' instead of 'simpa'

Note: This linter can be disabled with `set_option linter.unnecessarySimpa false`
⚠ [3430/3476] Replayed ZhangLS.Spec.Lemma57
warning: ZhangLS/Spec/Lemma57.lean:101:58: unused variable `hD`

Note: This linter can be disabled with `set_option linter.unusedVariables false`
warning: ZhangLS/Spec/Lemma57.lean:102:7: unused variable `hA`

Note: This linter can be disabled with `set_option linter.unusedVariables false`
⚠ [3431/3476] Replayed ZhangLS.Spec.Lemma57Arithmetic
warning: ZhangLS/Spec/Lemma57Arithmetic.lean:55:15: unused variable `hc_g`

Note: This linter can be disabled with `set_option linter.unusedVariables false`
⚠ [3436/3476] Replayed ZhangLS.Spec.Lemma57SmoothedSum
warning: ZhangLS/Spec/Lemma57SmoothedSum.lean:42:46: unused variable `hD`

Note: This linter can be disabled with `set_option linter.unusedVariables false`
⚠ [3445/3476] Replayed ZhangLS.Spec.Lemma57GaussianGlobal
warning: ZhangLS/Spec/Lemma57GaussianGlobal.lean:55:58: unused variable `ha`

Note: This linter can be disabled with `set_option linter.unusedVariables false`
warning: ZhangLS/Spec/Lemma57GaussianGlobal.lean:241:13: unused variable `hD`

Note: This linter can be disabled with `set_option linter.unusedVariables false`
warning: ZhangLS/Spec/Lemma57GaussianGlobal.lean:241:34: unused variable `hx`

Note: This linter can be disabled with `set_option linter.unusedVariables false`
⚠ [3446/3476] Replayed ZhangLS.Spec.Lemma57SmoothedSummability
warning: ZhangLS/Spec/Lemma57SmoothedSummability.lean:20:52: unused variable `hn`

Note: This linter can be disabled with `set_option linter.unusedVariables false`
⚠ [3451/3476] Replayed ZhangLS.Spec.Lemma57GaussianMellinTransform
warning: ZhangLS/Spec/Lemma57GaussianMellinTransform.lean:67:63: Used `tac1 <;> tac2` where `(tac1; tac2)` would suffice

Note: This linter can be disabled with `set_option linter.unnecessarySeqFocus false`
warning: ZhangLS/Spec/Lemma57GaussianMellinTransform.lean:145:54: Used `tac1 <;> tac2` where `(tac1; tac2)` would suffice

Note: This linter can be disabled with `set_option linter.unnecessarySeqFocus false`
warning: ZhangLS/Spec/Lemma57GaussianMellinTransform.lean:326:4: Try `simp at hs` instead of `simpa using hs`

Note: This linter can be disabled with `set_option linter.unnecessarySimpa false`
⚠ [3465/3476] Replayed ZhangLS.Spec.RiemannZetaCriticalLineBound
warning: ZhangLS/Spec/RiemannZetaCriticalLineBound.lean:99:2: Used `tac1 <;> tac2` where `(tac1; tac2)` would suffice

Note: This linter can be disabled with `set_option linter.unnecessarySeqFocus false`
warning: ZhangLS/Spec/RiemannZetaCriticalLineBound.lean:124:13: unused variable `hs`

Note: This linter can be disabled with `set_option linter.unusedVariables false`
warning: ZhangLS/Spec/RiemannZetaCriticalLineBound.lean:152:6: unused variable `n`

Note: This linter can be disabled with `set_option linter.unusedVariables false`
warning: ZhangLS/Spec/RiemannZetaCriticalLineBound.lean:156:20: unused variable `k`

Note: This linter can be disabled with `set_option linter.unusedVariables false`
warning: ZhangLS/Spec/RiemannZetaCriticalLineBound.lean:161:8: This simp argument is unused:
  sum_one_Icc

Hint: Omit it from the simp argument list.
  simp ̵[̵s̵u̵m̵_̵o̵n̵e̵_̵I̵c̵c̵]̵

Note: This linter can be disabled with `set_option linter.unusedSimpArgs false`
warning: ZhangLS/Spec/RiemannZetaCriticalLineBound.lean:242:12: 'ring' tactic does nothing

Note: This linter can be disabled with `set_option linter.unusedTactic false`
warning: ZhangLS/Spec/RiemannZetaCriticalLineBound.lean:242:12: this tactic is never executed

Note: This linter can be disabled with `set_option linter.unreachableTactic false`
warning: ZhangLS/Spec/RiemannZetaCriticalLineBound.lean:219:41: Used `tac1 <;> tac2` where `(tac1; tac2)` would suffice

Note: This linter can be disabled with `set_option linter.unnecessarySeqFocus false`
warning: ZhangLS/Spec/RiemannZetaCriticalLineBound.lean:303:8: 'ring' tactic does nothing

Note: This linter can be disabled with `set_option linter.unusedTactic false`
warning: ZhangLS/Spec/RiemannZetaCriticalLineBound.lean:303:8: this tactic is never executed

Note: This linter can be disabled with `set_option linter.unreachableTactic false`
warning: ZhangLS/Spec/RiemannZetaCriticalLineBound.lean:394:12: This simp argument is unused:
  norm_div

Hint: Omit it from the simp argument list.
  simp ̵[̵n̵o̵r̵m̵_̵d̵i̵v̵]̵

Note: This linter can be disabled with `set_option linter.unusedSimpArgs false`
warning: ZhangLS/Spec/RiemannZetaCriticalLineBound.lean:475:75: This simp argument is unused:
  norm_div

Hint: Omit it from the simp argument list.
  simp ̵[̵n̵o̵r̵m̵_̵d̵i̵v̵]̵

Note: This linter can be disabled with `set_option linter.unusedSimpArgs false`
⚠ [3466/3476] Replayed ZhangLS.Spec.Lemma57CriticalStripGrowth
warning: ZhangLS/Spec/Lemma57CriticalStripGrowth.lean:270:14: This simp argument is unused:
  norm_div

Hint: Omit it from the simp argument list.
  simp ̵[̵n̵o̵r̵m̵_̵d̵i̵v̵]̵

Note: This linter can be disabled with `set_option linter.unusedSimpArgs false`
Build completed successfully (3476 jobs).
== kernel-check ZhangLS/Spec/Lemma57ShiftedGammaGrowth.lean ==
⚠ [1279/1374] Replayed ZhangLS.Spec.RealDirichletCharacter
warning: ZhangLS/Spec/RealDirichletCharacter.lean:48:4: try 'simp' instead of 'simpa'

Note: This linter can be disabled with `set_option linter.unnecessarySimpa false`
⚠ [3428/3470] Replayed ZhangLS.Spec.RealAxisAtOne
warning: ZhangLS/Spec/RealAxisAtOne.lean:56:4: try 'simp' instead of 'simpa'

Note: This linter can be disabled with `set_option linter.unnecessarySimpa false`
⚠ [3430/3470] Replayed ZhangLS.Spec.Lemma57
warning: ZhangLS/Spec/Lemma57.lean:101:58: unused variable `hD`

Note: This linter can be disabled with `set_option linter.unusedVariables false`
warning: ZhangLS/Spec/Lemma57.lean:102:7: unused variable `hA`

Note: This linter can be disabled with `set_option linter.unusedVariables false`
⚠ [3431/3470] Replayed ZhangLS.Spec.Lemma57Arithmetic
warning: ZhangLS/Spec/Lemma57Arithmetic.lean:55:15: unused variable `hc_g`

Note: This linter can be disabled with `set_option linter.unusedVariables false`
⚠ [3436/3470] Replayed ZhangLS.Spec.Lemma57SmoothedSum
warning: ZhangLS/Spec/Lemma57SmoothedSum.lean:42:46: unused variable `hD`

Note: This linter can be disabled with `set_option linter.unusedVariables false`
⚠ [3445/3470] Replayed ZhangLS.Spec.Lemma57GaussianGlobal
warning: ZhangLS/Spec/Lemma57GaussianGlobal.lean:55:58: unused variable `ha`

Note: This linter can be disabled with `set_option linter.unusedVariables false`
warning: ZhangLS/Spec/Lemma57GaussianGlobal.lean:241:13: unused variable `hD`

Note: This linter can be disabled with `set_option linter.unusedVariables false`
warning: ZhangLS/Spec/Lemma57GaussianGlobal.lean:241:34: unused variable `hx`

Note: This linter can be disabled with `set_option linter.unusedVariables false`
⚠ [3446/3470] Replayed ZhangLS.Spec.Lemma57SmoothedSummability
warning: ZhangLS/Spec/Lemma57SmoothedSummability.lean:20:52: unused variable `hn`

Note: This linter can be disabled with `set_option linter.unusedVariables false`
⚠ [3451/3470] Replayed ZhangLS.Spec.Lemma57GaussianMellinTransform
warning: ZhangLS/Spec/Lemma57GaussianMellinTransform.lean:67:63: Used `tac1 <;> tac2` where `(tac1; tac2)` would suffice

Note: This linter can be disabled with `set_option linter.unnecessarySeqFocus false`
warning: ZhangLS/Spec/Lemma57GaussianMellinTransform.lean:145:54: Used `tac1 <;> tac2` where `(tac1; tac2)` would suffice

Note: This linter can be disabled with `set_option linter.unnecessarySeqFocus false`
warning: ZhangLS/Spec/Lemma57GaussianMellinTransform.lean:326:4: Try `simp at hs` instead of `simpa using hs`

Note: This linter can be disabled with `set_option linter.unnecessarySimpa false`
⚠ [3465/3470] Replayed ZhangLS.Spec.RiemannZetaCriticalLineBound
warning: ZhangLS/Spec/RiemannZetaCriticalLineBound.lean:99:2: Used `tac1 <;> tac2` where `(tac1; tac2)` would suffice

Note: This linter can be disabled with `set_option linter.unnecessarySeqFocus false`
warning: ZhangLS/Spec/RiemannZetaCriticalLineBound.lean:124:13: unused variable `hs`

Note: This linter can be disabled with `set_option linter.unusedVariables false`
warning: ZhangLS/Spec/RiemannZetaCriticalLineBound.lean:152:6: unused variable `n`

Note: This linter can be disabled with `set_option linter.unusedVariables false`
warning: ZhangLS/Spec/RiemannZetaCriticalLineBound.lean:156:20: unused variable `k`

Note: This linter can be disabled with `set_option linter.unusedVariables false`
warning: ZhangLS/Spec/RiemannZetaCriticalLineBound.lean:161:8: This simp argument is unused:
  sum_one_Icc

Hint: Omit it from the simp argument list.
  simp ̵[̵s̵u̵m̵_̵o̵n̵e̵_̵I̵c̵c̵]̵

Note: This linter can be disabled with `set_option linter.unusedSimpArgs false`
warning: ZhangLS/Spec/RiemannZetaCriticalLineBound.lean:242:12: 'ring' tactic does nothing

Note: This linter can be disabled with `set_option linter.unusedTactic false`
warning: ZhangLS/Spec/RiemannZetaCriticalLineBound.lean:242:12: this tactic is never executed

Note: This linter can be disabled with `set_option linter.unreachableTactic false`
warning: ZhangLS/Spec/RiemannZetaCriticalLineBound.lean:219:41: Used `tac1 <;> tac2` where `(tac1; tac2)` would suffice

Note: This linter can be disabled with `set_option linter.unnecessarySeqFocus false`
warning: ZhangLS/Spec/RiemannZetaCriticalLineBound.lean:303:8: 'ring' tactic does nothing

Note: This linter can be disabled with `set_option linter.unusedTactic false`
warning: ZhangLS/Spec/RiemannZetaCriticalLineBound.lean:303:8: this tactic is never executed

Note: This linter can be disabled with `set_option linter.unreachableTactic false`
warning: ZhangLS/Spec/RiemannZetaCriticalLineBound.lean:394:12: This simp argument is unused:
  norm_div

Hint: Omit it from the simp argument list.
  simp ̵[̵n̵o̵r̵m̵_̵d̵i̵v̵]̵

Note: This linter can be disabled with `set_option linter.unusedSimpArgs false`
warning: ZhangLS/Spec/RiemannZetaCriticalLineBound.lean:475:75: This simp argument is unused:
  norm_div

Hint: Omit it from the simp argument list.
  simp ̵[̵n̵o̵r̵m̵_̵d̵i̵v̵]̵

Note: This linter can be disabled with `set_option linter.unusedSimpArgs false`
⚠ [3466/3470] Replayed ZhangLS.Spec.Lemma57CriticalStripGrowth
warning: ZhangLS/Spec/Lemma57CriticalStripGrowth.lean:270:14: This simp argument is unused:
  norm_div

Hint: Omit it from the simp argument list.
  simp ̵[̵n̵o̵r̵m̵_̵d̵i̵v̵]̵

Note: This linter can be disabled with `set_option linter.unusedSimpArgs false`
Build completed successfully (3470 jobs).
== kernel-check ZhangLS/Spec/Lemma57ShiftedIntegralEnvelope.lean ==
⚠ [1279/1403] Replayed ZhangLS.Spec.RealDirichletCharacter
warning: ZhangLS/Spec/RealDirichletCharacter.lean:48:4: try 'simp' instead of 'simpa'

Note: This linter can be disabled with `set_option linter.unnecessarySimpa false`
⚠ [3428/3471] Replayed ZhangLS.Spec.RealAxisAtOne
warning: ZhangLS/Spec/RealAxisAtOne.lean:56:4: try 'simp' instead of 'simpa'

Note: This linter can be disabled with `set_option linter.unnecessarySimpa false`
⚠ [3430/3471] Replayed ZhangLS.Spec.Lemma57
warning: ZhangLS/Spec/Lemma57.lean:101:58: unused variable `hD`

Note: This linter can be disabled with `set_option linter.unusedVariables false`
warning: ZhangLS/Spec/Lemma57.lean:102:7: unused variable `hA`

Note: This linter can be disabled with `set_option linter.unusedVariables false`
⚠ [3431/3471] Replayed ZhangLS.Spec.Lemma57Arithmetic
warning: ZhangLS/Spec/Lemma57Arithmetic.lean:55:15: unused variable `hc_g`

Note: This linter can be disabled with `set_option linter.unusedVariables false`
⚠ [3436/3471] Replayed ZhangLS.Spec.Lemma57SmoothedSum
warning: ZhangLS/Spec/Lemma57SmoothedSum.lean:42:46: unused variable `hD`

Note: This linter can be disabled with `set_option linter.unusedVariables false`
⚠ [3445/3471] Replayed ZhangLS.Spec.Lemma57GaussianGlobal
warning: ZhangLS/Spec/Lemma57GaussianGlobal.lean:55:58: unused variable `ha`

Note: This linter can be disabled with `set_option linter.unusedVariables false`
warning: ZhangLS/Spec/Lemma57GaussianGlobal.lean:241:13: unused variable `hD`

Note: This linter can be disabled with `set_option linter.unusedVariables false`
warning: ZhangLS/Spec/Lemma57GaussianGlobal.lean:241:34: unused variable `hx`

Note: This linter can be disabled with `set_option linter.unusedVariables false`
⚠ [3446/3471] Replayed ZhangLS.Spec.Lemma57SmoothedSummability
warning: ZhangLS/Spec/Lemma57SmoothedSummability.lean:20:52: unused variable `hn`

Note: This linter can be disabled with `set_option linter.unusedVariables false`
⚠ [3451/3471] Replayed ZhangLS.Spec.Lemma57GaussianMellinTransform
warning: ZhangLS/Spec/Lemma57GaussianMellinTransform.lean:67:63: Used `tac1 <;> tac2` where `(tac1; tac2)` would suffice

Note: This linter can be disabled with `set_option linter.unnecessarySeqFocus false`
warning: ZhangLS/Spec/Lemma57GaussianMellinTransform.lean:145:54: Used `tac1 <;> tac2` where `(tac1; tac2)` would suffice

Note: This linter can be disabled with `set_option linter.unnecessarySeqFocus false`
warning: ZhangLS/Spec/Lemma57GaussianMellinTransform.lean:326:4: Try `simp at hs` instead of `simpa using hs`

Note: This linter can be disabled with `set_option linter.unnecessarySimpa false`
⚠ [3465/3471] Replayed ZhangLS.Spec.RiemannZetaCriticalLineBound
warning: ZhangLS/Spec/RiemannZetaCriticalLineBound.lean:99:2: Used `tac1 <;> tac2` where `(tac1; tac2)` would suffice

Note: This linter can be disabled with `set_option linter.unnecessarySeqFocus false`
warning: ZhangLS/Spec/RiemannZetaCriticalLineBound.lean:124:13: unused variable `hs`

Note: This linter can be disabled with `set_option linter.unusedVariables false`
warning: ZhangLS/Spec/RiemannZetaCriticalLineBound.lean:152:6: unused variable `n`

Note: This linter can be disabled with `set_option linter.unusedVariables false`
warning: ZhangLS/Spec/RiemannZetaCriticalLineBound.lean:156:20: unused variable `k`

Note: This linter can be disabled with `set_option linter.unusedVariables false`
warning: ZhangLS/Spec/RiemannZetaCriticalLineBound.lean:161:8: This simp argument is unused:
  sum_one_Icc

Hint: Omit it from the simp argument list.
  simp ̵[̵s̵u̵m̵_̵o̵n̵e̵_̵I̵c̵c̵]̵

Note: This linter can be disabled with `set_option linter.unusedSimpArgs false`
warning: ZhangLS/Spec/RiemannZetaCriticalLineBound.lean:242:12: 'ring' tactic does nothing

Note: This linter can be disabled with `set_option linter.unusedTactic false`
warning: ZhangLS/Spec/RiemannZetaCriticalLineBound.lean:242:12: this tactic is never executed

Note: This linter can be disabled with `set_option linter.unreachableTactic false`
warning: ZhangLS/Spec/RiemannZetaCriticalLineBound.lean:219:41: Used `tac1 <;> tac2` where `(tac1; tac2)` would suffice

Note: This linter can be disabled with `set_option linter.unnecessarySeqFocus false`
warning: ZhangLS/Spec/RiemannZetaCriticalLineBound.lean:303:8: 'ring' tactic does nothing

Note: This linter can be disabled with `set_option linter.unusedTactic false`
warning: ZhangLS/Spec/RiemannZetaCriticalLineBound.lean:303:8: this tactic is never executed

Note: This linter can be disabled with `set_option linter.unreachableTactic false`
warning: ZhangLS/Spec/RiemannZetaCriticalLineBound.lean:394:12: This simp argument is unused:
  norm_div

Hint: Omit it from the simp argument list.
  simp ̵[̵n̵o̵r̵m̵_̵d̵i̵v̵]̵

Note: This linter can be disabled with `set_option linter.unusedSimpArgs false`
warning: ZhangLS/Spec/RiemannZetaCriticalLineBound.lean:475:75: This simp argument is unused:
  norm_div

Hint: Omit it from the simp argument list.
  simp ̵[̵n̵o̵r̵m̵_̵d̵i̵v̵]̵

Note: This linter can be disabled with `set_option linter.unusedSimpArgs false`
⚠ [3466/3471] Replayed ZhangLS.Spec.Lemma57CriticalStripGrowth
warning: ZhangLS/Spec/Lemma57CriticalStripGrowth.lean:270:14: This simp argument is unused:
  norm_div

Hint: Omit it from the simp argument list.
  simp ̵[̵n̵o̵r̵m̵_̵d̵i̵v̵]̵

Note: This linter can be disabled with `set_option linter.unusedSimpArgs false`
Build completed successfully (3471 jobs).
== kernel-check ZhangLS/Spec/Lemma57SmoothedSum.lean ==
⚠ [1279/1426] Replayed ZhangLS.Spec.RealDirichletCharacter
warning: ZhangLS/Spec/RealDirichletCharacter.lean:48:4: try 'simp' instead of 'simpa'

Note: This linter can be disabled with `set_option linter.unnecessarySimpa false`
⚠ [3428/3436] Replayed ZhangLS.Spec.RealAxisAtOne
warning: ZhangLS/Spec/RealAxisAtOne.lean:56:4: try 'simp' instead of 'simpa'

Note: This linter can be disabled with `set_option linter.unnecessarySimpa false`
⚠ [3430/3436] Replayed ZhangLS.Spec.Lemma57
warning: ZhangLS/Spec/Lemma57.lean:101:58: unused variable `hD`

Note: This linter can be disabled with `set_option linter.unusedVariables false`
warning: ZhangLS/Spec/Lemma57.lean:102:7: unused variable `hA`

Note: This linter can be disabled with `set_option linter.unusedVariables false`
⚠ [3431/3436] Replayed ZhangLS.Spec.Lemma57Arithmetic
warning: ZhangLS/Spec/Lemma57Arithmetic.lean:55:15: unused variable `hc_g`

Note: This linter can be disabled with `set_option linter.unusedVariables false`
⚠ [3436/3436] Replayed ZhangLS.Spec.Lemma57SmoothedSum
warning: ZhangLS/Spec/Lemma57SmoothedSum.lean:42:46: unused variable `hD`

Note: This linter can be disabled with `set_option linter.unusedVariables false`
Build completed successfully (3436 jobs).
ZhangLS/Spec/Lemma57SmoothedSum.lean:42:46: warning: unused variable `hD`

Note: This linter can be disabled with `set_option linter.unusedVariables false`
== kernel-check ZhangLS/Spec/Lemma57SmoothedSummability.lean ==
⚠ [1279/1424] Replayed ZhangLS.Spec.RealDirichletCharacter
warning: ZhangLS/Spec/RealDirichletCharacter.lean:48:4: try 'simp' instead of 'simpa'

Note: This linter can be disabled with `set_option linter.unnecessarySimpa false`
⚠ [3428/3446] Replayed ZhangLS.Spec.RealAxisAtOne
warning: ZhangLS/Spec/RealAxisAtOne.lean:56:4: try 'simp' instead of 'simpa'

Note: This linter can be disabled with `set_option linter.unnecessarySimpa false`
⚠ [3430/3446] Replayed ZhangLS.Spec.Lemma57
warning: ZhangLS/Spec/Lemma57.lean:101:58: unused variable `hD`

Note: This linter can be disabled with `set_option linter.unusedVariables false`
warning: ZhangLS/Spec/Lemma57.lean:102:7: unused variable `hA`

Note: This linter can be disabled with `set_option linter.unusedVariables false`
⚠ [3431/3446] Replayed ZhangLS.Spec.Lemma57Arithmetic
warning: ZhangLS/Spec/Lemma57Arithmetic.lean:55:15: unused variable `hc_g`

Note: This linter can be disabled with `set_option linter.unusedVariables false`
⚠ [3436/3446] Replayed ZhangLS.Spec.Lemma57SmoothedSum
warning: ZhangLS/Spec/Lemma57SmoothedSum.lean:42:46: unused variable `hD`

Note: This linter can be disabled with `set_option linter.unusedVariables false`
⚠ [3445/3446] Replayed ZhangLS.Spec.Lemma57GaussianGlobal
warning: ZhangLS/Spec/Lemma57GaussianGlobal.lean:55:58: unused variable `ha`

Note: This linter can be disabled with `set_option linter.unusedVariables false`
warning: ZhangLS/Spec/Lemma57GaussianGlobal.lean:241:13: unused variable `hD`

Note: This linter can be disabled with `set_option linter.unusedVariables false`
warning: ZhangLS/Spec/Lemma57GaussianGlobal.lean:241:34: unused variable `hx`

Note: This linter can be disabled with `set_option linter.unusedVariables false`
⚠ [3446/3446] Replayed ZhangLS.Spec.Lemma57SmoothedSummability
warning: ZhangLS/Spec/Lemma57SmoothedSummability.lean:20:52: unused variable `hn`

Note: This linter can be disabled with `set_option linter.unusedVariables false`
Build completed successfully (3446 jobs).
ZhangLS/Spec/Lemma57SmoothedSummability.lean:20:52: warning: unused variable `hn`

Note: This linter can be disabled with `set_option linter.unusedVariables false`
== kernel-check ZhangLS/Spec/PaperTheorems.lean ==
⚠ [1279/1439] Replayed ZhangLS.Spec.RealDirichletCharacter
warning: ZhangLS/Spec/RealDirichletCharacter.lean:48:4: try 'simp' instead of 'simpa'

Note: This linter can be disabled with `set_option linter.unnecessarySimpa false`
Build completed successfully (3426 jobs).
== kernel-check ZhangLS/Spec/Proposition22.lean ==
⚠ [1279/1388] Replayed ZhangLS.Spec.RealDirichletCharacter
warning: ZhangLS/Spec/RealDirichletCharacter.lean:48:4: try 'simp' instead of 'simpa'

Note: This linter can be disabled with `set_option linter.unnecessarySimpa false`
⚠ [1280/1388] Replayed ZhangLS.Spec.Lemma44CharacterProduct
warning: ZhangLS/Spec/Lemma44CharacterProduct.lean:55:38: This simp argument is unused:
  mul_comm

Hint: Omit it from the simp argument list.
  simp [̵m̵u̵l̵_̵c̵o̵m̵m̵,̵ ̵m̵u̵l̵_̵l̵e̵f̵t̵_̵c̵o̵m̵m̵,̵[̲m̲u̲l̲_̲l̲e̲f̲t̲_̲c̲o̲m̲m̲,̲ mul_assoc]

Note: This linter can be disabled with `set_option linter.unusedSimpArgs false`
warning: ZhangLS/Spec/Lemma44CharacterProduct.lean:55:48: This simp argument is unused:
  mul_left_comm

Hint: Omit it from the simp argument list.
  simp [mul_comm, mul_l̵e̵f̵t̵_̵c̵o̵m̵m̵,̵ ̵m̵u̵l̵_̵assoc]

Note: This linter can be disabled with `set_option linter.unusedSimpArgs false`
⚠ [2474/2662] Replayed ZhangLS.Spec.Lemma23AnalyticLogBranch
warning: ZhangLS/Spec/Lemma23AnalyticLogBranch.lean:42:53: try 'simp' instead of 'simpa'

Note: This linter can be disabled with `set_option linter.unnecessarySimpa false`
warning: ZhangLS/Spec/Lemma23AnalyticLogBranch.lean:67:44: try 'simp' instead of 'simpa'

Note: This linter can be disabled with `set_option linter.unnecessarySimpa false`
⚠ [3462/3706] Replayed ZhangLS.Spec.RealAxisAtOne
warning: ZhangLS/Spec/RealAxisAtOne.lean:56:4: try 'simp' instead of 'simpa'

Note: This linter can be disabled with `set_option linter.unnecessarySimpa false`
⚠ [3464/3706] Replayed ZhangLS.Spec.Lemma57
warning: ZhangLS/Spec/Lemma57.lean:101:58: unused variable `hD`

Note: This linter can be disabled with `set_option linter.unusedVariables false`
warning: ZhangLS/Spec/Lemma57.lean:102:7: unused variable `hA`

Note: This linter can be disabled with `set_option linter.unusedVariables false`
⚠ [3465/3706] Replayed ZhangLS.Spec.Lemma57Arithmetic
warning: ZhangLS/Spec/Lemma57Arithmetic.lean:55:15: unused variable `hc_g`

Note: This linter can be disabled with `set_option linter.unusedVariables false`
⚠ [3470/3706] Replayed ZhangLS.Spec.Lemma57SmoothedSum
warning: ZhangLS/Spec/Lemma57SmoothedSum.lean:42:46: unused variable `hD`

Note: This linter can be disabled with `set_option linter.unusedVariables false`
⚠ [3479/3706] Replayed ZhangLS.Spec.Lemma57GaussianGlobal
warning: ZhangLS/Spec/Lemma57GaussianGlobal.lean:55:58: unused variable `ha`

Note: This linter can be disabled with `set_option linter.unusedVariables false`
warning: ZhangLS/Spec/Lemma57GaussianGlobal.lean:241:13: unused variable `hD`

Note: This linter can be disabled with `set_option linter.unusedVariables false`
warning: ZhangLS/Spec/Lemma57GaussianGlobal.lean:241:34: unused variable `hx`

Note: This linter can be disabled with `set_option linter.unusedVariables false`
⚠ [3480/3706] Replayed ZhangLS.Spec.Lemma57SmoothedSummability
warning: ZhangLS/Spec/Lemma57SmoothedSummability.lean:20:52: unused variable `hn`

Note: This linter can be disabled with `set_option linter.unusedVariables false`
⚠ [3485/3706] Replayed ZhangLS.Spec.Lemma57GaussianMellinTransform
warning: ZhangLS/Spec/Lemma57GaussianMellinTransform.lean:67:63: Used `tac1 <;> tac2` where `(tac1; tac2)` would suffice

Note: This linter can be disabled with `set_option linter.unnecessarySeqFocus false`
warning: ZhangLS/Spec/Lemma57GaussianMellinTransform.lean:145:54: Used `tac1 <;> tac2` where `(tac1; tac2)` would suffice

Note: This linter can be disabled with `set_option linter.unnecessarySeqFocus false`
warning: ZhangLS/Spec/Lemma57GaussianMellinTransform.lean:326:4: Try `simp at hs` instead of `simpa using hs`

Note: This linter can be disabled with `set_option linter.unnecessarySimpa false`
⚠ [3499/3706] Replayed ZhangLS.Spec.RiemannZetaCriticalLineBound
warning: ZhangLS/Spec/RiemannZetaCriticalLineBound.lean:99:2: Used `tac1 <;> tac2` where `(tac1; tac2)` would suffice

Note: This linter can be disabled with `set_option linter.unnecessarySeqFocus false`
warning: ZhangLS/Spec/RiemannZetaCriticalLineBound.lean:124:13: unused variable `hs`

Note: This linter can be disabled with `set_option linter.unusedVariables false`
warning: ZhangLS/Spec/RiemannZetaCriticalLineBound.lean:152:6: unused variable `n`

Note: This linter can be disabled with `set_option linter.unusedVariables false`
warning: ZhangLS/Spec/RiemannZetaCriticalLineBound.lean:156:20: unused variable `k`

Note: This linter can be disabled with `set_option linter.unusedVariables false`
warning: ZhangLS/Spec/RiemannZetaCriticalLineBound.lean:161:8: This simp argument is unused:
  sum_one_Icc

Hint: Omit it from the simp argument list.
  simp ̵[̵s̵u̵m̵_̵o̵n̵e̵_̵I̵c̵c̵]̵

Note: This linter can be disabled with `set_option linter.unusedSimpArgs false`
warning: ZhangLS/Spec/RiemannZetaCriticalLineBound.lean:242:12: 'ring' tactic does nothing

Note: This linter can be disabled with `set_option linter.unusedTactic false`
warning: ZhangLS/Spec/RiemannZetaCriticalLineBound.lean:242:12: this tactic is never executed

Note: This linter can be disabled with `set_option linter.unreachableTactic false`
warning: ZhangLS/Spec/RiemannZetaCriticalLineBound.lean:219:41: Used `tac1 <;> tac2` where `(tac1; tac2)` would suffice

Note: This linter can be disabled with `set_option linter.unnecessarySeqFocus false`
warning: ZhangLS/Spec/RiemannZetaCriticalLineBound.lean:303:8: 'ring' tactic does nothing

Note: This linter can be disabled with `set_option linter.unusedTactic false`
warning: ZhangLS/Spec/RiemannZetaCriticalLineBound.lean:303:8: this tactic is never executed

Note: This linter can be disabled with `set_option linter.unreachableTactic false`
warning: ZhangLS/Spec/RiemannZetaCriticalLineBound.lean:394:12: This simp argument is unused:
  norm_div

Hint: Omit it from the simp argument list.
  simp ̵[̵n̵o̵r̵m̵_̵d̵i̵v̵]̵

Note: This linter can be disabled with `set_option linter.unusedSimpArgs false`
warning: ZhangLS/Spec/RiemannZetaCriticalLineBound.lean:475:75: This simp argument is unused:
  norm_div

Hint: Omit it from the simp argument list.
  simp ̵[̵n̵o̵r̵m̵_̵d̵i̵v̵]̵

Note: This linter can be disabled with `set_option linter.unusedSimpArgs false`
⚠ [3500/3706] Replayed ZhangLS.Spec.Lemma57CriticalStripGrowth
warning: ZhangLS/Spec/Lemma57CriticalStripGrowth.lean:270:14: This simp argument is unused:
  norm_div

Hint: Omit it from the simp argument list.
  simp ̵[̵n̵o̵r̵m̵_̵d̵i̵v̵]̵

Note: This linter can be disabled with `set_option linter.unusedSimpArgs false`
⚠ [3507/3706] Replayed ZhangLS.Spec.Lemma23DirichletConjugation
warning: ZhangLS/Spec/Lemma23DirichletConjugation.lean:23:0: automatically included section variable(s) unused in theorem `ZhangLS.Spec.dirichletLSeries_inv_eq_conj_at_conj`:
  [NeZero N]
consider restructuring your `variable` declarations so that the variables are not in scope or explicitly omit them:
  omit [NeZero N] in theorem ...

Note: This linter can be disabled with `set_option linter.unusedSectionVars false`
⚠ [3509/3706] Replayed ZhangLS.Spec.Lemma23PrimitiveGaussSum
warning: ZhangLS/Spec/Lemma23PrimitiveGaussSum.lean:42:19: Used `tac1 <;> tac2` where `(tac1; tac2)` would suffice

Note: This linter can be disabled with `set_option linter.unnecessarySeqFocus false`
⚠ [3510/3706] Replayed ZhangLS.Spec.Lemma23DirichletUnitModulus
warning: ZhangLS/Spec/Lemma23DirichletUnitModulus.lean:112:48: Used `tac1 <;> tac2` where `(tac1; tac2)` would suffice

Note: This linter can be disabled with `set_option linter.unnecessarySeqFocus false`
⚠ [3647/3706] Replayed ZhangLS.Spec.Lemma44ProductMellin
warning: ZhangLS/Spec/Lemma44ProductMellin.lean:144:4: try 'simp' instead of 'simpa'

Note: This linter can be disabled with `set_option linter.unnecessarySimpa false`
⚠ [3651/3706] Replayed ZhangLS.Spec.Lemma44RightMellinApproximation
warning: ZhangLS/Spec/Lemma44RightMellinApproximation.lean:37:4: try 'simp' instead of 'simpa'

Note: This linter can be disabled with `set_option linter.unnecessarySimpa false`
⚠ [3655/3706] Replayed ZhangLS.Spec.Lemma44ReflectedLongSum
warning: ZhangLS/Spec/Lemma44ReflectedLongSum.lean:81:64: Used `tac1 <;> tac2` where `(tac1; tac2)` would suffice

Note: This linter can be disabled with `set_option linter.unnecessarySeqFocus false`
⚠ [3658/3706] Replayed ZhangLS.Spec.Lemma44InitialLeftEstimates
warning: ZhangLS/Spec/Lemma44InitialLeftEstimates.lean:68:23: Used `tac1 <;> tac2` where `(tac1; tac2)` would suffice

Note: This linter can be disabled with `set_option linter.unnecessarySeqFocus false`
⚠ [3661/3706] Replayed ZhangLS.Spec.Lemma44ComplexCharacterAbel
warning: ZhangLS/Spec/Lemma44ComplexCharacterAbel.lean:73:56: unused variable `hD`

Note: This linter can be disabled with `set_option linter.unusedVariables false`
⚠ [3662/3706] Replayed ZhangLS.Spec.Lemma44HorizontalGrowth
warning: ZhangLS/Spec/Lemma44HorizontalGrowth.lean:147:6: 'push_cast' tactic does nothing

Note: This linter can be disabled with `set_option linter.unusedTactic false`
⚠ [3664/3706] Replayed ZhangLS.Spec.Lemma44GaussianVerticalTail
info: ZhangLS/Spec/Lemma44GaussianVerticalTail.lean:41:4: Try this:
  [apply] ring_nf
  
  The `ring` tactic failed to close the goal. Use `ring_nf` to obtain a normal form.
    
  Note that `ring` works primarily in *commutative* rings. If you have a noncommutative ring, abelian group or module, consider using `noncomm_ring`, `abel` or `module` instead.
info: ZhangLS/Spec/Lemma44GaussianVerticalTail.lean:57:16: Try this:
  [apply] ring_nf
  
  The `ring` tactic failed to close the goal. Use `ring_nf` to obtain a normal form.
    
  Note that `ring` works primarily in *commutative* rings. If you have a noncommutative ring, abelian group or module, consider using `noncomm_ring`, `abel` or `module` instead.
warning: ZhangLS/Spec/Lemma44GaussianVerticalTail.lean:57:12: Used `tac1 <;> tac2` where `(tac1; tac2)` would suffice

Note: This linter can be disabled with `set_option linter.unnecessarySeqFocus false`
warning: ZhangLS/Spec/Lemma44GaussianVerticalTail.lean:68:22: Used `tac1 <;> tac2` where `(tac1; tac2)` would suffice

Note: This linter can be disabled with `set_option linter.unnecessarySeqFocus false`
info: ZhangLS/Spec/Lemma44GaussianVerticalTail.lean:153:35: Try this:
  [apply] ring_nf
  
  The `ring` tactic failed to close the goal. Use `ring_nf` to obtain a normal form.
    
  Note that `ring` works primarily in *commutative* rings. If you have a noncommutative ring, abelian group or module, consider using `noncomm_ring`, `abel` or `module` instead.
⚠ [3665/3706] Replayed ZhangLS.Spec.Lemma44LocalRectangle
warning: ZhangLS/Spec/Lemma44LocalRectangle.lean:115:46: This simp argument is unused:
  zero_mul

Hint: Omit it from the simp argument list.
  simp only [mem_reProdIm, mem_Icc, sub_re, sub_im, ofReal_re, ofReal_im, mul_re, mul_im, I_re,
  ̲  ̲ ̲ ̲ ̲ ̲ ̲ ̲I_im, mul_zero, z̵e̵r̵o̵_̵m̵u̵l̵,̵ ̵mul_one, zero_add, sub_zero]

Note: This linter can be disabled with `set_option linter.unusedSimpArgs false`
warning: ZhangLS/Spec/Lemma44LocalRectangle.lean:115:65: This simp argument is unused:
  zero_add

Hint: Omit it from the simp argument list.
  simp only [mem_reProdIm, mem_Icc, sub_re, sub_im, ofReal_re, ofReal_im, mul_re, mul_im, I_re,
  ̲  ̲ ̲ ̲ ̲ ̲ ̲ ̲I_im, mul_zero, zero_mul, mul_one, z̵e̵r̵o̵_̵a̵d̵d̵,̵ ̵sub_zero]

Note: This linter can be disabled with `set_option linter.unusedSimpArgs false`
⚠ [3680/3706] Replayed ZhangLS.Spec.Lemma46SingleZero
warning: ZhangLS/Spec/Lemma46SingleZero.lean:33:10: This simp argument is unused:
  mem_sphere

Hint: Omit it from the simp argument list.
  simp [m̵e̵m̵_̵s̵p̵h̵e̵r̵e̵,̵ ̵dist_zero_right, abs_of_pos hR]

Note: This linter can be disabled with `set_option linter.unusedSimpArgs false`
warning: ZhangLS/Spec/Lemma46SingleZero.lean:33:22: This simp argument is unused:
  dist_zero_right

Hint: Omit it from the simp argument list.
  simp [mem_sphere, d̵i̵s̵t̵_̵z̵e̵r̵o̵_̵r̵i̵g̵h̵t̵,̵ ̵abs_of_pos hR]

Note: This linter can be disabled with `set_option linter.unusedSimpArgs false`
⚠ [3683/3706] Replayed ZhangLS.Spec.Lemma44HorizontalIntegrals
warning: ZhangLS/Spec/Lemma44HorizontalIntegrals.lean:18:5: unused variable `hK`

Note: This linter can be disabled with `set_option linter.unusedVariables false`
⚠ [3684/3706] Replayed ZhangLS.Spec.Lemma44ReflectedPolynomialContours
warning: ZhangLS/Spec/Lemma44ReflectedPolynomialContours.lean:152:64: This simp argument is unused:
  mul_left_comm

Hint: Omit it from the simp argument list.
  simp only [sub_eq_add_neg, add_comm, add_left_comm, mul_comm, mul_l̵e̵f̵t̵_̵c̵o̵m̵m̵,̵ ̵m̵u̵l̵_̵assoc] at hc ⊢

Note: This linter can be disabled with `set_option linter.unusedSimpArgs false`
warning: ZhangLS/Spec/Lemma44ReflectedPolynomialContours.lean:152:79: This simp argument is unused:
  mul_assoc

Hint: Omit it from the simp argument list.
  simp only [sub_eq_add_neg, add_comm, add_left_comm, mul_comm, mul_left_comm,̵ ̵m̵u̵l̵_̵a̵s̵s̵o̵c̵] at hc ⊢

Note: This linter can be disabled with `set_option linter.unusedSimpArgs false`
⚠ [3688/3706] Replayed ZhangLS.Spec.Lemma45Normalization
warning: ZhangLS/Spec/Lemma45Normalization.lean:90:8: 'ring' tactic does nothing

Note: This linter can be disabled with `set_option linter.unusedTactic false`
warning: ZhangLS/Spec/Lemma45Normalization.lean:90:8: this tactic is never executed

Note: This linter can be disabled with `set_option linter.unreachableTactic false`
⚠ [3697/3706] Replayed ZhangLS.Spec.Lemma46RoucheLocal
warning: ZhangLS/Spec/Lemma46RoucheLocal.lean:30:5: unused variable `hm`

Note: This linter can be disabled with `set_option linter.unusedVariables false`
⚠ [3698/3706] Replayed ZhangLS.Spec.Lemma46ZeroAnalysis
warning: ZhangLS/Spec/Lemma46ZeroAnalysis.lean:108:39: Used `tac1 <;> tac2` where `(tac1; tac2)` would suffice

Note: This linter can be disabled with `set_option linter.unnecessarySeqFocus false`
warning: ZhangLS/Spec/Lemma46ZeroAnalysis.lean:151:54: unused variable `hc`

Note: This linter can be disabled with `set_option linter.unusedVariables false`
Build completed successfully (3706 jobs).
== kernel-check ZhangLS/Spec/Proposition22ModelNearZero.lean ==
⚠ [1279/1342] Replayed ZhangLS.Spec.RealDirichletCharacter
warning: ZhangLS/Spec/RealDirichletCharacter.lean:48:4: try 'simp' instead of 'simpa'

Note: This linter can be disabled with `set_option linter.unnecessarySimpa false`
⚠ [1280/1342] Replayed ZhangLS.Spec.Lemma44CharacterProduct
warning: ZhangLS/Spec/Lemma44CharacterProduct.lean:55:38: This simp argument is unused:
  mul_comm

Hint: Omit it from the simp argument list.
  simp [̵m̵u̵l̵_̵c̵o̵m̵m̵,̵ ̵m̵u̵l̵_̵l̵e̵f̵t̵_̵c̵o̵m̵m̵,̵[̲m̲u̲l̲_̲l̲e̲f̲t̲_̲c̲o̲m̲m̲,̲ mul_assoc]

Note: This linter can be disabled with `set_option linter.unusedSimpArgs false`
warning: ZhangLS/Spec/Lemma44CharacterProduct.lean:55:48: This simp argument is unused:
  mul_left_comm

Hint: Omit it from the simp argument list.
  simp [mul_comm, mul_l̵e̵f̵t̵_̵c̵o̵m̵m̵,̵ ̵m̵u̵l̵_̵assoc]

Note: This linter can be disabled with `set_option linter.unusedSimpArgs false`
⚠ [2474/2543] Replayed ZhangLS.Spec.Lemma23AnalyticLogBranch
warning: ZhangLS/Spec/Lemma23AnalyticLogBranch.lean:42:53: try 'simp' instead of 'simpa'

Note: This linter can be disabled with `set_option linter.unnecessarySimpa false`
warning: ZhangLS/Spec/Lemma23AnalyticLogBranch.lean:67:44: try 'simp' instead of 'simpa'

Note: This linter can be disabled with `set_option linter.unnecessarySimpa false`
⚠ [3462/3702] Replayed ZhangLS.Spec.RealAxisAtOne
warning: ZhangLS/Spec/RealAxisAtOne.lean:56:4: try 'simp' instead of 'simpa'

Note: This linter can be disabled with `set_option linter.unnecessarySimpa false`
⚠ [3464/3702] Replayed ZhangLS.Spec.Lemma57
warning: ZhangLS/Spec/Lemma57.lean:101:58: unused variable `hD`

Note: This linter can be disabled with `set_option linter.unusedVariables false`
warning: ZhangLS/Spec/Lemma57.lean:102:7: unused variable `hA`

Note: This linter can be disabled with `set_option linter.unusedVariables false`
⚠ [3465/3702] Replayed ZhangLS.Spec.Lemma57Arithmetic
warning: ZhangLS/Spec/Lemma57Arithmetic.lean:55:15: unused variable `hc_g`

Note: This linter can be disabled with `set_option linter.unusedVariables false`
⚠ [3470/3702] Replayed ZhangLS.Spec.Lemma57SmoothedSum
warning: ZhangLS/Spec/Lemma57SmoothedSum.lean:42:46: unused variable `hD`

Note: This linter can be disabled with `set_option linter.unusedVariables false`
⚠ [3479/3702] Replayed ZhangLS.Spec.Lemma57GaussianGlobal
warning: ZhangLS/Spec/Lemma57GaussianGlobal.lean:55:58: unused variable `ha`

Note: This linter can be disabled with `set_option linter.unusedVariables false`
warning: ZhangLS/Spec/Lemma57GaussianGlobal.lean:241:13: unused variable `hD`

Note: This linter can be disabled with `set_option linter.unusedVariables false`
warning: ZhangLS/Spec/Lemma57GaussianGlobal.lean:241:34: unused variable `hx`

Note: This linter can be disabled with `set_option linter.unusedVariables false`
⚠ [3480/3702] Replayed ZhangLS.Spec.Lemma57SmoothedSummability
warning: ZhangLS/Spec/Lemma57SmoothedSummability.lean:20:52: unused variable `hn`

Note: This linter can be disabled with `set_option linter.unusedVariables false`
⚠ [3485/3702] Replayed ZhangLS.Spec.Lemma57GaussianMellinTransform
warning: ZhangLS/Spec/Lemma57GaussianMellinTransform.lean:67:63: Used `tac1 <;> tac2` where `(tac1; tac2)` would suffice

Note: This linter can be disabled with `set_option linter.unnecessarySeqFocus false`
warning: ZhangLS/Spec/Lemma57GaussianMellinTransform.lean:145:54: Used `tac1 <;> tac2` where `(tac1; tac2)` would suffice

Note: This linter can be disabled with `set_option linter.unnecessarySeqFocus false`
warning: ZhangLS/Spec/Lemma57GaussianMellinTransform.lean:326:4: Try `simp at hs` instead of `simpa using hs`

Note: This linter can be disabled with `set_option linter.unnecessarySimpa false`
⚠ [3499/3702] Replayed ZhangLS.Spec.RiemannZetaCriticalLineBound
warning: ZhangLS/Spec/RiemannZetaCriticalLineBound.lean:99:2: Used `tac1 <;> tac2` where `(tac1; tac2)` would suffice

Note: This linter can be disabled with `set_option linter.unnecessarySeqFocus false`
warning: ZhangLS/Spec/RiemannZetaCriticalLineBound.lean:124:13: unused variable `hs`

Note: This linter can be disabled with `set_option linter.unusedVariables false`
warning: ZhangLS/Spec/RiemannZetaCriticalLineBound.lean:152:6: unused variable `n`

Note: This linter can be disabled with `set_option linter.unusedVariables false`
warning: ZhangLS/Spec/RiemannZetaCriticalLineBound.lean:156:20: unused variable `k`

Note: This linter can be disabled with `set_option linter.unusedVariables false`
warning: ZhangLS/Spec/RiemannZetaCriticalLineBound.lean:161:8: This simp argument is unused:
  sum_one_Icc

Hint: Omit it from the simp argument list.
  simp ̵[̵s̵u̵m̵_̵o̵n̵e̵_̵I̵c̵c̵]̵

Note: This linter can be disabled with `set_option linter.unusedSimpArgs false`
warning: ZhangLS/Spec/RiemannZetaCriticalLineBound.lean:242:12: 'ring' tactic does nothing

Note: This linter can be disabled with `set_option linter.unusedTactic false`
warning: ZhangLS/Spec/RiemannZetaCriticalLineBound.lean:242:12: this tactic is never executed

Note: This linter can be disabled with `set_option linter.unreachableTactic false`
warning: ZhangLS/Spec/RiemannZetaCriticalLineBound.lean:219:41: Used `tac1 <;> tac2` where `(tac1; tac2)` would suffice

Note: This linter can be disabled with `set_option linter.unnecessarySeqFocus false`
warning: ZhangLS/Spec/RiemannZetaCriticalLineBound.lean:303:8: 'ring' tactic does nothing

Note: This linter can be disabled with `set_option linter.unusedTactic false`
warning: ZhangLS/Spec/RiemannZetaCriticalLineBound.lean:303:8: this tactic is never executed

Note: This linter can be disabled with `set_option linter.unreachableTactic false`
warning: ZhangLS/Spec/RiemannZetaCriticalLineBound.lean:394:12: This simp argument is unused:
  norm_div

Hint: Omit it from the simp argument list.
  simp ̵[̵n̵o̵r̵m̵_̵d̵i̵v̵]̵

Note: This linter can be disabled with `set_option linter.unusedSimpArgs false`
warning: ZhangLS/Spec/RiemannZetaCriticalLineBound.lean:475:75: This simp argument is unused:
  norm_div

Hint: Omit it from the simp argument list.
  simp ̵[̵n̵o̵r̵m̵_̵d̵i̵v̵]̵

Note: This linter can be disabled with `set_option linter.unusedSimpArgs false`
⚠ [3500/3702] Replayed ZhangLS.Spec.Lemma57CriticalStripGrowth
warning: ZhangLS/Spec/Lemma57CriticalStripGrowth.lean:270:14: This simp argument is unused:
  norm_div

Hint: Omit it from the simp argument list.
  simp ̵[̵n̵o̵r̵m̵_̵d̵i̵v̵]̵

Note: This linter can be disabled with `set_option linter.unusedSimpArgs false`
⚠ [3507/3702] Replayed ZhangLS.Spec.Lemma23DirichletConjugation
warning: ZhangLS/Spec/Lemma23DirichletConjugation.lean:23:0: automatically included section variable(s) unused in theorem `ZhangLS.Spec.dirichletLSeries_inv_eq_conj_at_conj`:
  [NeZero N]
consider restructuring your `variable` declarations so that the variables are not in scope or explicitly omit them:
  omit [NeZero N] in theorem ...

Note: This linter can be disabled with `set_option linter.unusedSectionVars false`
⚠ [3509/3702] Replayed ZhangLS.Spec.Lemma23PrimitiveGaussSum
warning: ZhangLS/Spec/Lemma23PrimitiveGaussSum.lean:42:19: Used `tac1 <;> tac2` where `(tac1; tac2)` would suffice

Note: This linter can be disabled with `set_option linter.unnecessarySeqFocus false`
⚠ [3510/3702] Replayed ZhangLS.Spec.Lemma23DirichletUnitModulus
warning: ZhangLS/Spec/Lemma23DirichletUnitModulus.lean:112:48: Used `tac1 <;> tac2` where `(tac1; tac2)` would suffice

Note: This linter can be disabled with `set_option linter.unnecessarySeqFocus false`
⚠ [3647/3702] Replayed ZhangLS.Spec.Lemma44ProductMellin
warning: ZhangLS/Spec/Lemma44ProductMellin.lean:144:4: try 'simp' instead of 'simpa'

Note: This linter can be disabled with `set_option linter.unnecessarySimpa false`
⚠ [3651/3702] Replayed ZhangLS.Spec.Lemma44RightMellinApproximation
warning: ZhangLS/Spec/Lemma44RightMellinApproximation.lean:37:4: try 'simp' instead of 'simpa'

Note: This linter can be disabled with `set_option linter.unnecessarySimpa false`
⚠ [3655/3702] Replayed ZhangLS.Spec.Lemma44ReflectedLongSum
warning: ZhangLS/Spec/Lemma44ReflectedLongSum.lean:81:64: Used `tac1 <;> tac2` where `(tac1; tac2)` would suffice

Note: This linter can be disabled with `set_option linter.unnecessarySeqFocus false`
⚠ [3658/3702] Replayed ZhangLS.Spec.Lemma44InitialLeftEstimates
warning: ZhangLS/Spec/Lemma44InitialLeftEstimates.lean:68:23: Used `tac1 <;> tac2` where `(tac1; tac2)` would suffice

Note: This linter can be disabled with `set_option linter.unnecessarySeqFocus false`
⚠ [3661/3702] Replayed ZhangLS.Spec.Lemma44ComplexCharacterAbel
warning: ZhangLS/Spec/Lemma44ComplexCharacterAbel.lean:73:56: unused variable `hD`

Note: This linter can be disabled with `set_option linter.unusedVariables false`
⚠ [3662/3702] Replayed ZhangLS.Spec.Lemma44HorizontalGrowth
warning: ZhangLS/Spec/Lemma44HorizontalGrowth.lean:147:6: 'push_cast' tactic does nothing

Note: This linter can be disabled with `set_option linter.unusedTactic false`
⚠ [3664/3702] Replayed ZhangLS.Spec.Lemma44GaussianVerticalTail
info: ZhangLS/Spec/Lemma44GaussianVerticalTail.lean:41:4: Try this:
  [apply] ring_nf
  
  The `ring` tactic failed to close the goal. Use `ring_nf` to obtain a normal form.
    
  Note that `ring` works primarily in *commutative* rings. If you have a noncommutative ring, abelian group or module, consider using `noncomm_ring`, `abel` or `module` instead.
info: ZhangLS/Spec/Lemma44GaussianVerticalTail.lean:57:16: Try this:
  [apply] ring_nf
  
  The `ring` tactic failed to close the goal. Use `ring_nf` to obtain a normal form.
    
  Note that `ring` works primarily in *commutative* rings. If you have a noncommutative ring, abelian group or module, consider using `noncomm_ring`, `abel` or `module` instead.
warning: ZhangLS/Spec/Lemma44GaussianVerticalTail.lean:57:12: Used `tac1 <;> tac2` where `(tac1; tac2)` would suffice

Note: This linter can be disabled with `set_option linter.unnecessarySeqFocus false`
warning: ZhangLS/Spec/Lemma44GaussianVerticalTail.lean:68:22: Used `tac1 <;> tac2` where `(tac1; tac2)` would suffice

Note: This linter can be disabled with `set_option linter.unnecessarySeqFocus false`
info: ZhangLS/Spec/Lemma44GaussianVerticalTail.lean:153:35: Try this:
  [apply] ring_nf
  
  The `ring` tactic failed to close the goal. Use `ring_nf` to obtain a normal form.
    
  Note that `ring` works primarily in *commutative* rings. If you have a noncommutative ring, abelian group or module, consider using `noncomm_ring`, `abel` or `module` instead.
⚠ [3665/3702] Replayed ZhangLS.Spec.Lemma44LocalRectangle
warning: ZhangLS/Spec/Lemma44LocalRectangle.lean:115:46: This simp argument is unused:
  zero_mul

Hint: Omit it from the simp argument list.
  simp only [mem_reProdIm, mem_Icc, sub_re, sub_im, ofReal_re, ofReal_im, mul_re, mul_im, I_re,
  ̲  ̲ ̲ ̲ ̲ ̲ ̲ ̲I_im, mul_zero, z̵e̵r̵o̵_̵m̵u̵l̵,̵ ̵mul_one, zero_add, sub_zero]

Note: This linter can be disabled with `set_option linter.unusedSimpArgs false`
warning: ZhangLS/Spec/Lemma44LocalRectangle.lean:115:65: This simp argument is unused:
  zero_add

Hint: Omit it from the simp argument list.
  simp only [mem_reProdIm, mem_Icc, sub_re, sub_im, ofReal_re, ofReal_im, mul_re, mul_im, I_re,
  ̲  ̲ ̲ ̲ ̲ ̲ ̲ ̲I_im, mul_zero, zero_mul, mul_one, z̵e̵r̵o̵_̵a̵d̵d̵,̵ ̵sub_zero]

Note: This linter can be disabled with `set_option linter.unusedSimpArgs false`
⚠ [3668/3702] Replayed ZhangLS.Spec.Lemma44HorizontalIntegrals
warning: ZhangLS/Spec/Lemma44HorizontalIntegrals.lean:18:5: unused variable `hK`

Note: This linter can be disabled with `set_option linter.unusedVariables false`
⚠ [3669/3702] Replayed ZhangLS.Spec.Lemma44ReflectedPolynomialContours
warning: ZhangLS/Spec/Lemma44ReflectedPolynomialContours.lean:152:64: This simp argument is unused:
  mul_left_comm

Hint: Omit it from the simp argument list.
  simp only [sub_eq_add_neg, add_comm, add_left_comm, mul_comm, mul_l̵e̵f̵t̵_̵c̵o̵m̵m̵,̵ ̵m̵u̵l̵_̵assoc] at hc ⊢

Note: This linter can be disabled with `set_option linter.unusedSimpArgs false`
warning: ZhangLS/Spec/Lemma44ReflectedPolynomialContours.lean:152:79: This simp argument is unused:
  mul_assoc

Hint: Omit it from the simp argument list.
  simp only [sub_eq_add_neg, add_comm, add_left_comm, mul_comm, mul_left_comm,̵ ̵m̵u̵l̵_̵a̵s̵s̵o̵c̵] at hc ⊢

Note: This linter can be disabled with `set_option linter.unusedSimpArgs false`
⚠ [3673/3702] Replayed ZhangLS.Spec.Lemma45Normalization
warning: ZhangLS/Spec/Lemma45Normalization.lean:90:8: 'ring' tactic does nothing

Note: This linter can be disabled with `set_option linter.unusedTactic false`
warning: ZhangLS/Spec/Lemma45Normalization.lean:90:8: this tactic is never executed

Note: This linter can be disabled with `set_option linter.unreachableTactic false`
⚠ [3696/3702] Replayed ZhangLS.Spec.Lemma46SingleZero
warning: ZhangLS/Spec/Lemma46SingleZero.lean:33:10: This simp argument is unused:
  mem_sphere

Hint: Omit it from the simp argument list.
  simp [m̵e̵m̵_̵s̵p̵h̵e̵r̵e̵,̵ ̵dist_zero_right, abs_of_pos hR]

Note: This linter can be disabled with `set_option linter.unusedSimpArgs false`
warning: ZhangLS/Spec/Lemma46SingleZero.lean:33:22: This simp argument is unused:
  dist_zero_right

Hint: Omit it from the simp argument list.
  simp [mem_sphere, d̵i̵s̵t̵_̵z̵e̵r̵o̵_̵r̵i̵g̵h̵t̵,̵ ̵abs_of_pos hR]

Note: This linter can be disabled with `set_option linter.unusedSimpArgs false`
⚠ [3697/3702] Replayed ZhangLS.Spec.Lemma46RoucheLocal
warning: ZhangLS/Spec/Lemma46RoucheLocal.lean:30:5: unused variable `hm`

Note: This linter can be disabled with `set_option linter.unusedVariables false`
⚠ [3698/3702] Replayed ZhangLS.Spec.Lemma46ZeroAnalysis
warning: ZhangLS/Spec/Lemma46ZeroAnalysis.lean:108:39: Used `tac1 <;> tac2` where `(tac1; tac2)` would suffice

Note: This linter can be disabled with `set_option linter.unnecessarySeqFocus false`
warning: ZhangLS/Spec/Lemma46ZeroAnalysis.lean:151:54: unused variable `hc`

Note: This linter can be disabled with `set_option linter.unusedVariables false`
Build completed successfully (3702 jobs).
== kernel-check ZhangLS/Spec/Proposition22Neighbor.lean ==
⚠ [1279/1346] Replayed ZhangLS.Spec.RealDirichletCharacter
warning: ZhangLS/Spec/RealDirichletCharacter.lean:48:4: try 'simp' instead of 'simpa'

Note: This linter can be disabled with `set_option linter.unnecessarySimpa false`
⚠ [1280/1346] Replayed ZhangLS.Spec.Lemma44CharacterProduct
warning: ZhangLS/Spec/Lemma44CharacterProduct.lean:55:38: This simp argument is unused:
  mul_comm

Hint: Omit it from the simp argument list.
  simp [̵m̵u̵l̵_̵c̵o̵m̵m̵,̵ ̵m̵u̵l̵_̵l̵e̵f̵t̵_̵c̵o̵m̵m̵,̵[̲m̲u̲l̲_̲l̲e̲f̲t̲_̲c̲o̲m̲m̲,̲ mul_assoc]

Note: This linter can be disabled with `set_option linter.unusedSimpArgs false`
warning: ZhangLS/Spec/Lemma44CharacterProduct.lean:55:48: This simp argument is unused:
  mul_left_comm

Hint: Omit it from the simp argument list.
  simp [mul_comm, mul_l̵e̵f̵t̵_̵c̵o̵m̵m̵,̵ ̵m̵u̵l̵_̵assoc]

Note: This linter can be disabled with `set_option linter.unusedSimpArgs false`
⚠ [2474/2553] Replayed ZhangLS.Spec.Lemma23AnalyticLogBranch
warning: ZhangLS/Spec/Lemma23AnalyticLogBranch.lean:42:53: try 'simp' instead of 'simpa'

Note: This linter can be disabled with `set_option linter.unnecessarySimpa false`
warning: ZhangLS/Spec/Lemma23AnalyticLogBranch.lean:67:44: try 'simp' instead of 'simpa'

Note: This linter can be disabled with `set_option linter.unnecessarySimpa false`
⚠ [3462/3703] Replayed ZhangLS.Spec.RealAxisAtOne
warning: ZhangLS/Spec/RealAxisAtOne.lean:56:4: try 'simp' instead of 'simpa'

Note: This linter can be disabled with `set_option linter.unnecessarySimpa false`
⚠ [3464/3703] Replayed ZhangLS.Spec.Lemma57
warning: ZhangLS/Spec/Lemma57.lean:101:58: unused variable `hD`

Note: This linter can be disabled with `set_option linter.unusedVariables false`
warning: ZhangLS/Spec/Lemma57.lean:102:7: unused variable `hA`

Note: This linter can be disabled with `set_option linter.unusedVariables false`
⚠ [3465/3703] Replayed ZhangLS.Spec.Lemma57Arithmetic
warning: ZhangLS/Spec/Lemma57Arithmetic.lean:55:15: unused variable `hc_g`

Note: This linter can be disabled with `set_option linter.unusedVariables false`
⚠ [3470/3703] Replayed ZhangLS.Spec.Lemma57SmoothedSum
warning: ZhangLS/Spec/Lemma57SmoothedSum.lean:42:46: unused variable `hD`

Note: This linter can be disabled with `set_option linter.unusedVariables false`
⚠ [3479/3703] Replayed ZhangLS.Spec.Lemma57GaussianGlobal
warning: ZhangLS/Spec/Lemma57GaussianGlobal.lean:55:58: unused variable `ha`

Note: This linter can be disabled with `set_option linter.unusedVariables false`
warning: ZhangLS/Spec/Lemma57GaussianGlobal.lean:241:13: unused variable `hD`

Note: This linter can be disabled with `set_option linter.unusedVariables false`
warning: ZhangLS/Spec/Lemma57GaussianGlobal.lean:241:34: unused variable `hx`

Note: This linter can be disabled with `set_option linter.unusedVariables false`
⚠ [3480/3703] Replayed ZhangLS.Spec.Lemma57SmoothedSummability
warning: ZhangLS/Spec/Lemma57SmoothedSummability.lean:20:52: unused variable `hn`

Note: This linter can be disabled with `set_option linter.unusedVariables false`
⚠ [3485/3703] Replayed ZhangLS.Spec.Lemma57GaussianMellinTransform
warning: ZhangLS/Spec/Lemma57GaussianMellinTransform.lean:67:63: Used `tac1 <;> tac2` where `(tac1; tac2)` would suffice

Note: This linter can be disabled with `set_option linter.unnecessarySeqFocus false`
warning: ZhangLS/Spec/Lemma57GaussianMellinTransform.lean:145:54: Used `tac1 <;> tac2` where `(tac1; tac2)` would suffice

Note: This linter can be disabled with `set_option linter.unnecessarySeqFocus false`
warning: ZhangLS/Spec/Lemma57GaussianMellinTransform.lean:326:4: Try `simp at hs` instead of `simpa using hs`

Note: This linter can be disabled with `set_option linter.unnecessarySimpa false`
⚠ [3499/3703] Replayed ZhangLS.Spec.RiemannZetaCriticalLineBound
warning: ZhangLS/Spec/RiemannZetaCriticalLineBound.lean:99:2: Used `tac1 <;> tac2` where `(tac1; tac2)` would suffice

Note: This linter can be disabled with `set_option linter.unnecessarySeqFocus false`
warning: ZhangLS/Spec/RiemannZetaCriticalLineBound.lean:124:13: unused variable `hs`

Note: This linter can be disabled with `set_option linter.unusedVariables false`
warning: ZhangLS/Spec/RiemannZetaCriticalLineBound.lean:152:6: unused variable `n`

Note: This linter can be disabled with `set_option linter.unusedVariables false`
warning: ZhangLS/Spec/RiemannZetaCriticalLineBound.lean:156:20: unused variable `k`

Note: This linter can be disabled with `set_option linter.unusedVariables false`
warning: ZhangLS/Spec/RiemannZetaCriticalLineBound.lean:161:8: This simp argument is unused:
  sum_one_Icc

Hint: Omit it from the simp argument list.
  simp ̵[̵s̵u̵m̵_̵o̵n̵e̵_̵I̵c̵c̵]̵

Note: This linter can be disabled with `set_option linter.unusedSimpArgs false`
warning: ZhangLS/Spec/RiemannZetaCriticalLineBound.lean:242:12: 'ring' tactic does nothing

Note: This linter can be disabled with `set_option linter.unusedTactic false`
warning: ZhangLS/Spec/RiemannZetaCriticalLineBound.lean:242:12: this tactic is never executed

Note: This linter can be disabled with `set_option linter.unreachableTactic false`
warning: ZhangLS/Spec/RiemannZetaCriticalLineBound.lean:219:41: Used `tac1 <;> tac2` where `(tac1; tac2)` would suffice

Note: This linter can be disabled with `set_option linter.unnecessarySeqFocus false`
warning: ZhangLS/Spec/RiemannZetaCriticalLineBound.lean:303:8: 'ring' tactic does nothing

Note: This linter can be disabled with `set_option linter.unusedTactic false`
warning: ZhangLS/Spec/RiemannZetaCriticalLineBound.lean:303:8: this tactic is never executed

Note: This linter can be disabled with `set_option linter.unreachableTactic false`
warning: ZhangLS/Spec/RiemannZetaCriticalLineBound.lean:394:12: This simp argument is unused:
  norm_div

Hint: Omit it from the simp argument list.
  simp ̵[̵n̵o̵r̵m̵_̵d̵i̵v̵]̵

Note: This linter can be disabled with `set_option linter.unusedSimpArgs false`
warning: ZhangLS/Spec/RiemannZetaCriticalLineBound.lean:475:75: This simp argument is unused:
  norm_div

Hint: Omit it from the simp argument list.
  simp ̵[̵n̵o̵r̵m̵_̵d̵i̵v̵]̵

Note: This linter can be disabled with `set_option linter.unusedSimpArgs false`
⚠ [3500/3703] Replayed ZhangLS.Spec.Lemma57CriticalStripGrowth
warning: ZhangLS/Spec/Lemma57CriticalStripGrowth.lean:270:14: This simp argument is unused:
  norm_div

Hint: Omit it from the simp argument list.
  simp ̵[̵n̵o̵r̵m̵_̵d̵i̵v̵]̵

Note: This linter can be disabled with `set_option linter.unusedSimpArgs false`
⚠ [3507/3703] Replayed ZhangLS.Spec.Lemma23DirichletConjugation
warning: ZhangLS/Spec/Lemma23DirichletConjugation.lean:23:0: automatically included section variable(s) unused in theorem `ZhangLS.Spec.dirichletLSeries_inv_eq_conj_at_conj`:
  [NeZero N]
consider restructuring your `variable` declarations so that the variables are not in scope or explicitly omit them:
  omit [NeZero N] in theorem ...

Note: This linter can be disabled with `set_option linter.unusedSectionVars false`
⚠ [3509/3703] Replayed ZhangLS.Spec.Lemma23PrimitiveGaussSum
warning: ZhangLS/Spec/Lemma23PrimitiveGaussSum.lean:42:19: Used `tac1 <;> tac2` where `(tac1; tac2)` would suffice

Note: This linter can be disabled with `set_option linter.unnecessarySeqFocus false`
⚠ [3510/3703] Replayed ZhangLS.Spec.Lemma23DirichletUnitModulus
warning: ZhangLS/Spec/Lemma23DirichletUnitModulus.lean:112:48: Used `tac1 <;> tac2` where `(tac1; tac2)` would suffice

Note: This linter can be disabled with `set_option linter.unnecessarySeqFocus false`
⚠ [3647/3703] Replayed ZhangLS.Spec.Lemma44ProductMellin
warning: ZhangLS/Spec/Lemma44ProductMellin.lean:144:4: try 'simp' instead of 'simpa'

Note: This linter can be disabled with `set_option linter.unnecessarySimpa false`
⚠ [3651/3703] Replayed ZhangLS.Spec.Lemma44RightMellinApproximation
warning: ZhangLS/Spec/Lemma44RightMellinApproximation.lean:37:4: try 'simp' instead of 'simpa'

Note: This linter can be disabled with `set_option linter.unnecessarySimpa false`
⚠ [3655/3703] Replayed ZhangLS.Spec.Lemma44ReflectedLongSum
warning: ZhangLS/Spec/Lemma44ReflectedLongSum.lean:81:64: Used `tac1 <;> tac2` where `(tac1; tac2)` would suffice

Note: This linter can be disabled with `set_option linter.unnecessarySeqFocus false`
⚠ [3658/3703] Replayed ZhangLS.Spec.Lemma44InitialLeftEstimates
warning: ZhangLS/Spec/Lemma44InitialLeftEstimates.lean:68:23: Used `tac1 <;> tac2` where `(tac1; tac2)` would suffice

Note: This linter can be disabled with `set_option linter.unnecessarySeqFocus false`
⚠ [3661/3703] Replayed ZhangLS.Spec.Lemma44ComplexCharacterAbel
warning: ZhangLS/Spec/Lemma44ComplexCharacterAbel.lean:73:56: unused variable `hD`

Note: This linter can be disabled with `set_option linter.unusedVariables false`
⚠ [3662/3703] Replayed ZhangLS.Spec.Lemma44HorizontalGrowth
warning: ZhangLS/Spec/Lemma44HorizontalGrowth.lean:147:6: 'push_cast' tactic does nothing

Note: This linter can be disabled with `set_option linter.unusedTactic false`
⚠ [3664/3703] Replayed ZhangLS.Spec.Lemma44GaussianVerticalTail
info: ZhangLS/Spec/Lemma44GaussianVerticalTail.lean:41:4: Try this:
  [apply] ring_nf
  
  The `ring` tactic failed to close the goal. Use `ring_nf` to obtain a normal form.
    
  Note that `ring` works primarily in *commutative* rings. If you have a noncommutative ring, abelian group or module, consider using `noncomm_ring`, `abel` or `module` instead.
info: ZhangLS/Spec/Lemma44GaussianVerticalTail.lean:57:16: Try this:
  [apply] ring_nf
  
  The `ring` tactic failed to close the goal. Use `ring_nf` to obtain a normal form.
    
  Note that `ring` works primarily in *commutative* rings. If you have a noncommutative ring, abelian group or module, consider using `noncomm_ring`, `abel` or `module` instead.
warning: ZhangLS/Spec/Lemma44GaussianVerticalTail.lean:57:12: Used `tac1 <;> tac2` where `(tac1; tac2)` would suffice

Note: This linter can be disabled with `set_option linter.unnecessarySeqFocus false`
warning: ZhangLS/Spec/Lemma44GaussianVerticalTail.lean:68:22: Used `tac1 <;> tac2` where `(tac1; tac2)` would suffice

Note: This linter can be disabled with `set_option linter.unnecessarySeqFocus false`
info: ZhangLS/Spec/Lemma44GaussianVerticalTail.lean:153:35: Try this:
  [apply] ring_nf
  
  The `ring` tactic failed to close the goal. Use `ring_nf` to obtain a normal form.
    
  Note that `ring` works primarily in *commutative* rings. If you have a noncommutative ring, abelian group or module, consider using `noncomm_ring`, `abel` or `module` instead.
⚠ [3665/3703] Replayed ZhangLS.Spec.Lemma44LocalRectangle
warning: ZhangLS/Spec/Lemma44LocalRectangle.lean:115:46: This simp argument is unused:
  zero_mul

Hint: Omit it from the simp argument list.
  simp only [mem_reProdIm, mem_Icc, sub_re, sub_im, ofReal_re, ofReal_im, mul_re, mul_im, I_re,
  ̲  ̲ ̲ ̲ ̲ ̲ ̲ ̲I_im, mul_zero, z̵e̵r̵o̵_̵m̵u̵l̵,̵ ̵mul_one, zero_add, sub_zero]

Note: This linter can be disabled with `set_option linter.unusedSimpArgs false`
warning: ZhangLS/Spec/Lemma44LocalRectangle.lean:115:65: This simp argument is unused:
  zero_add

Hint: Omit it from the simp argument list.
  simp only [mem_reProdIm, mem_Icc, sub_re, sub_im, ofReal_re, ofReal_im, mul_re, mul_im, I_re,
  ̲  ̲ ̲ ̲ ̲ ̲ ̲ ̲I_im, mul_zero, zero_mul, mul_one, z̵e̵r̵o̵_̵a̵d̵d̵,̵ ̵sub_zero]

Note: This linter can be disabled with `set_option linter.unusedSimpArgs false`
⚠ [3668/3703] Replayed ZhangLS.Spec.Lemma44HorizontalIntegrals
warning: ZhangLS/Spec/Lemma44HorizontalIntegrals.lean:18:5: unused variable `hK`

Note: This linter can be disabled with `set_option linter.unusedVariables false`
⚠ [3669/3703] Replayed ZhangLS.Spec.Lemma44ReflectedPolynomialContours
warning: ZhangLS/Spec/Lemma44ReflectedPolynomialContours.lean:152:64: This simp argument is unused:
  mul_left_comm

Hint: Omit it from the simp argument list.
  simp only [sub_eq_add_neg, add_comm, add_left_comm, mul_comm, mul_l̵e̵f̵t̵_̵c̵o̵m̵m̵,̵ ̵m̵u̵l̵_̵assoc] at hc ⊢

Note: This linter can be disabled with `set_option linter.unusedSimpArgs false`
warning: ZhangLS/Spec/Lemma44ReflectedPolynomialContours.lean:152:79: This simp argument is unused:
  mul_assoc

Hint: Omit it from the simp argument list.
  simp only [sub_eq_add_neg, add_comm, add_left_comm, mul_comm, mul_left_comm,̵ ̵m̵u̵l̵_̵a̵s̵s̵o̵c̵] at hc ⊢

Note: This linter can be disabled with `set_option linter.unusedSimpArgs false`
⚠ [3673/3703] Replayed ZhangLS.Spec.Lemma45Normalization
warning: ZhangLS/Spec/Lemma45Normalization.lean:90:8: 'ring' tactic does nothing

Note: This linter can be disabled with `set_option linter.unusedTactic false`
warning: ZhangLS/Spec/Lemma45Normalization.lean:90:8: this tactic is never executed

Note: This linter can be disabled with `set_option linter.unreachableTactic false`
⚠ [3696/3703] Replayed ZhangLS.Spec.Lemma46SingleZero
warning: ZhangLS/Spec/Lemma46SingleZero.lean:33:10: This simp argument is unused:
  mem_sphere

Hint: Omit it from the simp argument list.
  simp [m̵e̵m̵_̵s̵p̵h̵e̵r̵e̵,̵ ̵dist_zero_right, abs_of_pos hR]

Note: This linter can be disabled with `set_option linter.unusedSimpArgs false`
warning: ZhangLS/Spec/Lemma46SingleZero.lean:33:22: This simp argument is unused:
  dist_zero_right

Hint: Omit it from the simp argument list.
  simp [mem_sphere, d̵i̵s̵t̵_̵z̵e̵r̵o̵_̵r̵i̵g̵h̵t̵,̵ ̵abs_of_pos hR]

Note: This linter can be disabled with `set_option linter.unusedSimpArgs false`
⚠ [3697/3703] Replayed ZhangLS.Spec.Lemma46RoucheLocal
warning: ZhangLS/Spec/Lemma46RoucheLocal.lean:30:5: unused variable `hm`

Note: This linter can be disabled with `set_option linter.unusedVariables false`
⚠ [3698/3703] Replayed ZhangLS.Spec.Lemma46ZeroAnalysis
warning: ZhangLS/Spec/Lemma46ZeroAnalysis.lean:108:39: Used `tac1 <;> tac2` where `(tac1; tac2)` would suffice

Note: This linter can be disabled with `set_option linter.unnecessarySeqFocus false`
warning: ZhangLS/Spec/Lemma46ZeroAnalysis.lean:151:54: unused variable `hc`

Note: This linter can be disabled with `set_option linter.unusedVariables false`
Build completed successfully (3703 jobs).
== kernel-check ZhangLS/Spec/Proposition22Zeros.lean ==
⚠ [1279/1380] Replayed ZhangLS.Spec.RealDirichletCharacter
warning: ZhangLS/Spec/RealDirichletCharacter.lean:48:4: try 'simp' instead of 'simpa'

Note: This linter can be disabled with `set_option linter.unnecessarySimpa false`
⚠ [1280/1380] Replayed ZhangLS.Spec.Lemma44CharacterProduct
warning: ZhangLS/Spec/Lemma44CharacterProduct.lean:55:38: This simp argument is unused:
  mul_comm

Hint: Omit it from the simp argument list.
  simp [̵m̵u̵l̵_̵c̵o̵m̵m̵,̵ ̵m̵u̵l̵_̵l̵e̵f̵t̵_̵c̵o̵m̵m̵,̵[̲m̲u̲l̲_̲l̲e̲f̲t̲_̲c̲o̲m̲m̲,̲ mul_assoc]

Note: This linter can be disabled with `set_option linter.unusedSimpArgs false`
warning: ZhangLS/Spec/Lemma44CharacterProduct.lean:55:48: This simp argument is unused:
  mul_left_comm

Hint: Omit it from the simp argument list.
  simp [mul_comm, mul_l̵e̵f̵t̵_̵c̵o̵m̵m̵,̵ ̵m̵u̵l̵_̵assoc]

Note: This linter can be disabled with `set_option linter.unusedSimpArgs false`
⚠ [2474/2640] Replayed ZhangLS.Spec.Lemma23AnalyticLogBranch
warning: ZhangLS/Spec/Lemma23AnalyticLogBranch.lean:42:53: try 'simp' instead of 'simpa'

Note: This linter can be disabled with `set_option linter.unnecessarySimpa false`
warning: ZhangLS/Spec/Lemma23AnalyticLogBranch.lean:67:44: try 'simp' instead of 'simpa'

Note: This linter can be disabled with `set_option linter.unnecessarySimpa false`
⚠ [3462/3701] Replayed ZhangLS.Spec.RealAxisAtOne
warning: ZhangLS/Spec/RealAxisAtOne.lean:56:4: try 'simp' instead of 'simpa'

Note: This linter can be disabled with `set_option linter.unnecessarySimpa false`
⚠ [3464/3701] Replayed ZhangLS.Spec.Lemma57
warning: ZhangLS/Spec/Lemma57.lean:101:58: unused variable `hD`

Note: This linter can be disabled with `set_option linter.unusedVariables false`
warning: ZhangLS/Spec/Lemma57.lean:102:7: unused variable `hA`

Note: This linter can be disabled with `set_option linter.unusedVariables false`
⚠ [3465/3701] Replayed ZhangLS.Spec.Lemma57Arithmetic
warning: ZhangLS/Spec/Lemma57Arithmetic.lean:55:15: unused variable `hc_g`

Note: This linter can be disabled with `set_option linter.unusedVariables false`
⚠ [3470/3701] Replayed ZhangLS.Spec.Lemma57SmoothedSum
warning: ZhangLS/Spec/Lemma57SmoothedSum.lean:42:46: unused variable `hD`

Note: This linter can be disabled with `set_option linter.unusedVariables false`
⚠ [3479/3701] Replayed ZhangLS.Spec.Lemma57GaussianGlobal
warning: ZhangLS/Spec/Lemma57GaussianGlobal.lean:55:58: unused variable `ha`

Note: This linter can be disabled with `set_option linter.unusedVariables false`
warning: ZhangLS/Spec/Lemma57GaussianGlobal.lean:241:13: unused variable `hD`

Note: This linter can be disabled with `set_option linter.unusedVariables false`
warning: ZhangLS/Spec/Lemma57GaussianGlobal.lean:241:34: unused variable `hx`

Note: This linter can be disabled with `set_option linter.unusedVariables false`
⚠ [3480/3701] Replayed ZhangLS.Spec.Lemma57SmoothedSummability
warning: ZhangLS/Spec/Lemma57SmoothedSummability.lean:20:52: unused variable `hn`

Note: This linter can be disabled with `set_option linter.unusedVariables false`
⚠ [3485/3701] Replayed ZhangLS.Spec.Lemma57GaussianMellinTransform
warning: ZhangLS/Spec/Lemma57GaussianMellinTransform.lean:67:63: Used `tac1 <;> tac2` where `(tac1; tac2)` would suffice

Note: This linter can be disabled with `set_option linter.unnecessarySeqFocus false`
warning: ZhangLS/Spec/Lemma57GaussianMellinTransform.lean:145:54: Used `tac1 <;> tac2` where `(tac1; tac2)` would suffice

Note: This linter can be disabled with `set_option linter.unnecessarySeqFocus false`
warning: ZhangLS/Spec/Lemma57GaussianMellinTransform.lean:326:4: Try `simp at hs` instead of `simpa using hs`

Note: This linter can be disabled with `set_option linter.unnecessarySimpa false`
⚠ [3499/3701] Replayed ZhangLS.Spec.RiemannZetaCriticalLineBound
warning: ZhangLS/Spec/RiemannZetaCriticalLineBound.lean:99:2: Used `tac1 <;> tac2` where `(tac1; tac2)` would suffice

Note: This linter can be disabled with `set_option linter.unnecessarySeqFocus false`
warning: ZhangLS/Spec/RiemannZetaCriticalLineBound.lean:124:13: unused variable `hs`

Note: This linter can be disabled with `set_option linter.unusedVariables false`
warning: ZhangLS/Spec/RiemannZetaCriticalLineBound.lean:152:6: unused variable `n`

Note: This linter can be disabled with `set_option linter.unusedVariables false`
warning: ZhangLS/Spec/RiemannZetaCriticalLineBound.lean:156:20: unused variable `k`

Note: This linter can be disabled with `set_option linter.unusedVariables false`
warning: ZhangLS/Spec/RiemannZetaCriticalLineBound.lean:161:8: This simp argument is unused:
  sum_one_Icc

Hint: Omit it from the simp argument list.
  simp ̵[̵s̵u̵m̵_̵o̵n̵e̵_̵I̵c̵c̵]̵

Note: This linter can be disabled with `set_option linter.unusedSimpArgs false`
warning: ZhangLS/Spec/RiemannZetaCriticalLineBound.lean:242:12: 'ring' tactic does nothing

Note: This linter can be disabled with `set_option linter.unusedTactic false`
warning: ZhangLS/Spec/RiemannZetaCriticalLineBound.lean:242:12: this tactic is never executed

Note: This linter can be disabled with `set_option linter.unreachableTactic false`
warning: ZhangLS/Spec/RiemannZetaCriticalLineBound.lean:219:41: Used `tac1 <;> tac2` where `(tac1; tac2)` would suffice

Note: This linter can be disabled with `set_option linter.unnecessarySeqFocus false`
warning: ZhangLS/Spec/RiemannZetaCriticalLineBound.lean:303:8: 'ring' tactic does nothing

Note: This linter can be disabled with `set_option linter.unusedTactic false`
warning: ZhangLS/Spec/RiemannZetaCriticalLineBound.lean:303:8: this tactic is never executed

Note: This linter can be disabled with `set_option linter.unreachableTactic false`
warning: ZhangLS/Spec/RiemannZetaCriticalLineBound.lean:394:12: This simp argument is unused:
  norm_div

Hint: Omit it from the simp argument list.
  simp ̵[̵n̵o̵r̵m̵_̵d̵i̵v̵]̵

Note: This linter can be disabled with `set_option linter.unusedSimpArgs false`
warning: ZhangLS/Spec/RiemannZetaCriticalLineBound.lean:475:75: This simp argument is unused:
  norm_div

Hint: Omit it from the simp argument list.
  simp ̵[̵n̵o̵r̵m̵_̵d̵i̵v̵]̵

Note: This linter can be disabled with `set_option linter.unusedSimpArgs false`
⚠ [3500/3701] Replayed ZhangLS.Spec.Lemma57CriticalStripGrowth
warning: ZhangLS/Spec/Lemma57CriticalStripGrowth.lean:270:14: This simp argument is unused:
  norm_div

Hint: Omit it from the simp argument list.
  simp ̵[̵n̵o̵r̵m̵_̵d̵i̵v̵]̵

Note: This linter can be disabled with `set_option linter.unusedSimpArgs false`
⚠ [3507/3701] Replayed ZhangLS.Spec.Lemma23DirichletConjugation
warning: ZhangLS/Spec/Lemma23DirichletConjugation.lean:23:0: automatically included section variable(s) unused in theorem `ZhangLS.Spec.dirichletLSeries_inv_eq_conj_at_conj`:
  [NeZero N]
consider restructuring your `variable` declarations so that the variables are not in scope or explicitly omit them:
  omit [NeZero N] in theorem ...

Note: This linter can be disabled with `set_option linter.unusedSectionVars false`
⚠ [3509/3701] Replayed ZhangLS.Spec.Lemma23PrimitiveGaussSum
warning: ZhangLS/Spec/Lemma23PrimitiveGaussSum.lean:42:19: Used `tac1 <;> tac2` where `(tac1; tac2)` would suffice

Note: This linter can be disabled with `set_option linter.unnecessarySeqFocus false`
⚠ [3510/3701] Replayed ZhangLS.Spec.Lemma23DirichletUnitModulus
warning: ZhangLS/Spec/Lemma23DirichletUnitModulus.lean:112:48: Used `tac1 <;> tac2` where `(tac1; tac2)` would suffice

Note: This linter can be disabled with `set_option linter.unnecessarySeqFocus false`
⚠ [3647/3701] Replayed ZhangLS.Spec.Lemma44ProductMellin
warning: ZhangLS/Spec/Lemma44ProductMellin.lean:144:4: try 'simp' instead of 'simpa'

Note: This linter can be disabled with `set_option linter.unnecessarySimpa false`
⚠ [3651/3701] Replayed ZhangLS.Spec.Lemma44RightMellinApproximation
warning: ZhangLS/Spec/Lemma44RightMellinApproximation.lean:37:4: try 'simp' instead of 'simpa'

Note: This linter can be disabled with `set_option linter.unnecessarySimpa false`
⚠ [3655/3701] Replayed ZhangLS.Spec.Lemma44ReflectedLongSum
warning: ZhangLS/Spec/Lemma44ReflectedLongSum.lean:81:64: Used `tac1 <;> tac2` where `(tac1; tac2)` would suffice

Note: This linter can be disabled with `set_option linter.unnecessarySeqFocus false`
⚠ [3658/3701] Replayed ZhangLS.Spec.Lemma44InitialLeftEstimates
warning: ZhangLS/Spec/Lemma44InitialLeftEstimates.lean:68:23: Used `tac1 <;> tac2` where `(tac1; tac2)` would suffice

Note: This linter can be disabled with `set_option linter.unnecessarySeqFocus false`
⚠ [3661/3701] Replayed ZhangLS.Spec.Lemma44ComplexCharacterAbel
warning: ZhangLS/Spec/Lemma44ComplexCharacterAbel.lean:73:56: unused variable `hD`

Note: This linter can be disabled with `set_option linter.unusedVariables false`
⚠ [3662/3701] Replayed ZhangLS.Spec.Lemma44HorizontalGrowth
warning: ZhangLS/Spec/Lemma44HorizontalGrowth.lean:147:6: 'push_cast' tactic does nothing

Note: This linter can be disabled with `set_option linter.unusedTactic false`
⚠ [3664/3701] Replayed ZhangLS.Spec.Lemma44GaussianVerticalTail
info: ZhangLS/Spec/Lemma44GaussianVerticalTail.lean:41:4: Try this:
  [apply] ring_nf
  
  The `ring` tactic failed to close the goal. Use `ring_nf` to obtain a normal form.
    
  Note that `ring` works primarily in *commutative* rings. If you have a noncommutative ring, abelian group or module, consider using `noncomm_ring`, `abel` or `module` instead.
info: ZhangLS/Spec/Lemma44GaussianVerticalTail.lean:57:16: Try this:
  [apply] ring_nf
  
  The `ring` tactic failed to close the goal. Use `ring_nf` to obtain a normal form.
    
  Note that `ring` works primarily in *commutative* rings. If you have a noncommutative ring, abelian group or module, consider using `noncomm_ring`, `abel` or `module` instead.
warning: ZhangLS/Spec/Lemma44GaussianVerticalTail.lean:57:12: Used `tac1 <;> tac2` where `(tac1; tac2)` would suffice

Note: This linter can be disabled with `set_option linter.unnecessarySeqFocus false`
warning: ZhangLS/Spec/Lemma44GaussianVerticalTail.lean:68:22: Used `tac1 <;> tac2` where `(tac1; tac2)` would suffice

Note: This linter can be disabled with `set_option linter.unnecessarySeqFocus false`
info: ZhangLS/Spec/Lemma44GaussianVerticalTail.lean:153:35: Try this:
  [apply] ring_nf
  
  The `ring` tactic failed to close the goal. Use `ring_nf` to obtain a normal form.
    
  Note that `ring` works primarily in *commutative* rings. If you have a noncommutative ring, abelian group or module, consider using `noncomm_ring`, `abel` or `module` instead.
⚠ [3665/3701] Replayed ZhangLS.Spec.Lemma44LocalRectangle
warning: ZhangLS/Spec/Lemma44LocalRectangle.lean:115:46: This simp argument is unused:
  zero_mul

Hint: Omit it from the simp argument list.
  simp only [mem_reProdIm, mem_Icc, sub_re, sub_im, ofReal_re, ofReal_im, mul_re, mul_im, I_re,
  ̲  ̲ ̲ ̲ ̲ ̲ ̲ ̲I_im, mul_zero, z̵e̵r̵o̵_̵m̵u̵l̵,̵ ̵mul_one, zero_add, sub_zero]

Note: This linter can be disabled with `set_option linter.unusedSimpArgs false`
warning: ZhangLS/Spec/Lemma44LocalRectangle.lean:115:65: This simp argument is unused:
  zero_add

Hint: Omit it from the simp argument list.
  simp only [mem_reProdIm, mem_Icc, sub_re, sub_im, ofReal_re, ofReal_im, mul_re, mul_im, I_re,
  ̲  ̲ ̲ ̲ ̲ ̲ ̲ ̲I_im, mul_zero, zero_mul, mul_one, z̵e̵r̵o̵_̵a̵d̵d̵,̵ ̵sub_zero]

Note: This linter can be disabled with `set_option linter.unusedSimpArgs false`
⚠ [3668/3701] Replayed ZhangLS.Spec.Lemma44HorizontalIntegrals
warning: ZhangLS/Spec/Lemma44HorizontalIntegrals.lean:18:5: unused variable `hK`

Note: This linter can be disabled with `set_option linter.unusedVariables false`
⚠ [3669/3701] Replayed ZhangLS.Spec.Lemma44ReflectedPolynomialContours
warning: ZhangLS/Spec/Lemma44ReflectedPolynomialContours.lean:152:64: This simp argument is unused:
  mul_left_comm

Hint: Omit it from the simp argument list.
  simp only [sub_eq_add_neg, add_comm, add_left_comm, mul_comm, mul_l̵e̵f̵t̵_̵c̵o̵m̵m̵,̵ ̵m̵u̵l̵_̵assoc] at hc ⊢

Note: This linter can be disabled with `set_option linter.unusedSimpArgs false`
warning: ZhangLS/Spec/Lemma44ReflectedPolynomialContours.lean:152:79: This simp argument is unused:
  mul_assoc

Hint: Omit it from the simp argument list.
  simp only [sub_eq_add_neg, add_comm, add_left_comm, mul_comm, mul_left_comm,̵ ̵m̵u̵l̵_̵a̵s̵s̵o̵c̵] at hc ⊢

Note: This linter can be disabled with `set_option linter.unusedSimpArgs false`
⚠ [3673/3701] Replayed ZhangLS.Spec.Lemma45Normalization
warning: ZhangLS/Spec/Lemma45Normalization.lean:90:8: 'ring' tactic does nothing

Note: This linter can be disabled with `set_option linter.unusedTactic false`
warning: ZhangLS/Spec/Lemma45Normalization.lean:90:8: this tactic is never executed

Note: This linter can be disabled with `set_option linter.unreachableTactic false`
⚠ [3696/3701] Replayed ZhangLS.Spec.Lemma46SingleZero
warning: ZhangLS/Spec/Lemma46SingleZero.lean:33:10: This simp argument is unused:
  mem_sphere

Hint: Omit it from the simp argument list.
  simp [m̵e̵m̵_̵s̵p̵h̵e̵r̵e̵,̵ ̵dist_zero_right, abs_of_pos hR]

Note: This linter can be disabled with `set_option linter.unusedSimpArgs false`
warning: ZhangLS/Spec/Lemma46SingleZero.lean:33:22: This simp argument is unused:
  dist_zero_right

Hint: Omit it from the simp argument list.
  simp [mem_sphere, d̵i̵s̵t̵_̵z̵e̵r̵o̵_̵r̵i̵g̵h̵t̵,̵ ̵abs_of_pos hR]

Note: This linter can be disabled with `set_option linter.unusedSimpArgs false`
⚠ [3697/3701] Replayed ZhangLS.Spec.Lemma46RoucheLocal
warning: ZhangLS/Spec/Lemma46RoucheLocal.lean:30:5: unused variable `hm`

Note: This linter can be disabled with `set_option linter.unusedVariables false`
⚠ [3698/3701] Replayed ZhangLS.Spec.Lemma46ZeroAnalysis
warning: ZhangLS/Spec/Lemma46ZeroAnalysis.lean:108:39: Used `tac1 <;> tac2` where `(tac1; tac2)` would suffice

Note: This linter can be disabled with `set_option linter.unnecessarySeqFocus false`
warning: ZhangLS/Spec/Lemma46ZeroAnalysis.lean:151:54: unused variable `hc`

Note: This linter can be disabled with `set_option linter.unusedVariables false`
Build completed successfully (3701 jobs).
== kernel-check ZhangLS/Spec/RealAxisAtOne.lean ==
⚠ [1279/1418] Replayed ZhangLS.Spec.RealDirichletCharacter
warning: ZhangLS/Spec/RealDirichletCharacter.lean:48:4: try 'simp' instead of 'simpa'

Note: This linter can be disabled with `set_option linter.unnecessarySimpa false`
⚠ [3427/3427] Replayed ZhangLS.Spec.RealAxisAtOne
warning: ZhangLS/Spec/RealAxisAtOne.lean:56:4: try 'simp' instead of 'simpa'

Note: This linter can be disabled with `set_option linter.unnecessarySimpa false`
Build completed successfully (3427 jobs).
ZhangLS/Spec/RealAxisAtOne.lean:56:4: warning: try 'simp' instead of 'simpa'

Note: This linter can be disabled with `set_option linter.unnecessarySimpa false`
== kernel-check ZhangLS/Spec/RealAxisDerivativeAtOne.lean ==
⚠ [1279/1398] Replayed ZhangLS.Spec.RealDirichletCharacter
warning: ZhangLS/Spec/RealDirichletCharacter.lean:48:4: try 'simp' instead of 'simpa'

Note: This linter can be disabled with `set_option linter.unnecessarySimpa false`
⚠ [3427/3428] Replayed ZhangLS.Spec.RealAxisAtOne
warning: ZhangLS/Spec/RealAxisAtOne.lean:56:4: try 'simp' instead of 'simpa'

Note: This linter can be disabled with `set_option linter.unnecessarySimpa false`
Build completed successfully (3428 jobs).
== kernel-check ZhangLS/Spec/RealAxisLFunction.lean ==
⚠ [1279/1324] Replayed ZhangLS.Spec.RealDirichletCharacter
warning: ZhangLS/Spec/RealDirichletCharacter.lean:48:4: try 'simp' instead of 'simpa'

Note: This linter can be disabled with `set_option linter.unnecessarySimpa false`
Build completed successfully (3425 jobs).
== kernel-check ZhangLS/Spec/RealAxisSeries.lean ==
⚠ [1279/1367] Replayed ZhangLS.Spec.RealDirichletCharacter
warning: ZhangLS/Spec/RealDirichletCharacter.lean:48:4: try 'simp' instead of 'simpa'

Note: This linter can be disabled with `set_option linter.unnecessarySimpa false`
Build completed successfully (3426 jobs).
== kernel-check ZhangLS/Spec/RealDirichletCharacter.lean ==
⚠ [1280/1280] Replayed ZhangLS.Spec.RealDirichletCharacter
warning: ZhangLS/Spec/RealDirichletCharacter.lean:48:4: try 'simp' instead of 'simpa'

Note: This linter can be disabled with `set_option linter.unnecessarySimpa false`
Build completed successfully (1280 jobs).
ZhangLS/Spec/RealDirichletCharacter.lean:48:4: warning: try 'simp' instead of 'simpa'

Note: This linter can be disabled with `set_option linter.unnecessarySimpa false`
== kernel-check ZhangLS/Spec/ReciprocalDivisorBound.lean ==
⚠ [1279/1395] Replayed ZhangLS.Spec.RealDirichletCharacter
warning: ZhangLS/Spec/RealDirichletCharacter.lean:48:4: try 'simp' instead of 'simpa'

Note: This linter can be disabled with `set_option linter.unnecessarySimpa false`
⚠ [3428/3432] Replayed ZhangLS.Spec.RealAxisAtOne
warning: ZhangLS/Spec/RealAxisAtOne.lean:56:4: try 'simp' instead of 'simpa'

Note: This linter can be disabled with `set_option linter.unnecessarySimpa false`
⚠ [3430/3432] Replayed ZhangLS.Spec.Lemma57
warning: ZhangLS/Spec/Lemma57.lean:101:58: unused variable `hD`

Note: This linter can be disabled with `set_option linter.unusedVariables false`
warning: ZhangLS/Spec/Lemma57.lean:102:7: unused variable `hA`

Note: This linter can be disabled with `set_option linter.unusedVariables false`
⚠ [3431/3432] Replayed ZhangLS.Spec.Lemma57Arithmetic
warning: ZhangLS/Spec/Lemma57Arithmetic.lean:55:15: unused variable `hc_g`

Note: This linter can be disabled with `set_option linter.unusedVariables false`
Build completed successfully (3432 jobs).
== kernel-check ZhangLS/Spec/ReciprocalDivisorEulerFactorization.lean ==
⚠ [1279/1297] Replayed ZhangLS.Spec.RealDirichletCharacter
warning: ZhangLS/Spec/RealDirichletCharacter.lean:48:4: try 'simp' instead of 'simpa'

Note: This linter can be disabled with `set_option linter.unnecessarySimpa false`
⚠ [3428/3434] Replayed ZhangLS.Spec.RealAxisAtOne
warning: ZhangLS/Spec/RealAxisAtOne.lean:56:4: try 'simp' instead of 'simpa'

Note: This linter can be disabled with `set_option linter.unnecessarySimpa false`
⚠ [3430/3434] Replayed ZhangLS.Spec.Lemma57
warning: ZhangLS/Spec/Lemma57.lean:101:58: unused variable `hD`

Note: This linter can be disabled with `set_option linter.unusedVariables false`
warning: ZhangLS/Spec/Lemma57.lean:102:7: unused variable `hA`

Note: This linter can be disabled with `set_option linter.unusedVariables false`
⚠ [3431/3434] Replayed ZhangLS.Spec.Lemma57Arithmetic
warning: ZhangLS/Spec/Lemma57Arithmetic.lean:55:15: unused variable `hc_g`

Note: This linter can be disabled with `set_option linter.unusedVariables false`
Build completed successfully (3434 jobs).
== kernel-check ZhangLS/Spec/ReciprocalDivisorEulerLoss.lean ==
⚠ [1279/1343] Replayed ZhangLS.Spec.RealDirichletCharacter
warning: ZhangLS/Spec/RealDirichletCharacter.lean:48:4: try 'simp' instead of 'simpa'

Note: This linter can be disabled with `set_option linter.unnecessarySimpa false`
⚠ [3428/3433] Replayed ZhangLS.Spec.RealAxisAtOne
warning: ZhangLS/Spec/RealAxisAtOne.lean:56:4: try 'simp' instead of 'simpa'

Note: This linter can be disabled with `set_option linter.unnecessarySimpa false`
⚠ [3430/3433] Replayed ZhangLS.Spec.Lemma57
warning: ZhangLS/Spec/Lemma57.lean:101:58: unused variable `hD`

Note: This linter can be disabled with `set_option linter.unusedVariables false`
warning: ZhangLS/Spec/Lemma57.lean:102:7: unused variable `hA`

Note: This linter can be disabled with `set_option linter.unusedVariables false`
⚠ [3431/3433] Replayed ZhangLS.Spec.Lemma57Arithmetic
warning: ZhangLS/Spec/Lemma57Arithmetic.lean:55:15: unused variable `hc_g`

Note: This linter can be disabled with `set_option linter.unusedVariables false`
Build completed successfully (3433 jobs).
== kernel-check ZhangLS/Spec/RiemannZetaCriticalLineBound.lean ==
⚠ [1279/1439] Replayed ZhangLS.Spec.RealDirichletCharacter
warning: ZhangLS/Spec/RealDirichletCharacter.lean:48:4: try 'simp' instead of 'simpa'

Note: This linter can be disabled with `set_option linter.unnecessarySimpa false`
⚠ [3433/3433] Replayed ZhangLS.Spec.RiemannZetaCriticalLineBound
warning: ZhangLS/Spec/RiemannZetaCriticalLineBound.lean:99:2: Used `tac1 <;> tac2` where `(tac1; tac2)` would suffice

Note: This linter can be disabled with `set_option linter.unnecessarySeqFocus false`
warning: ZhangLS/Spec/RiemannZetaCriticalLineBound.lean:124:13: unused variable `hs`

Note: This linter can be disabled with `set_option linter.unusedVariables false`
warning: ZhangLS/Spec/RiemannZetaCriticalLineBound.lean:152:6: unused variable `n`

Note: This linter can be disabled with `set_option linter.unusedVariables false`
warning: ZhangLS/Spec/RiemannZetaCriticalLineBound.lean:156:20: unused variable `k`

Note: This linter can be disabled with `set_option linter.unusedVariables false`
warning: ZhangLS/Spec/RiemannZetaCriticalLineBound.lean:161:8: This simp argument is unused:
  sum_one_Icc

Hint: Omit it from the simp argument list.
  simp ̵[̵s̵u̵m̵_̵o̵n̵e̵_̵I̵c̵c̵]̵

Note: This linter can be disabled with `set_option linter.unusedSimpArgs false`
warning: ZhangLS/Spec/RiemannZetaCriticalLineBound.lean:242:12: 'ring' tactic does nothing

Note: This linter can be disabled with `set_option linter.unusedTactic false`
warning: ZhangLS/Spec/RiemannZetaCriticalLineBound.lean:242:12: this tactic is never executed

Note: This linter can be disabled with `set_option linter.unreachableTactic false`
warning: ZhangLS/Spec/RiemannZetaCriticalLineBound.lean:219:41: Used `tac1 <;> tac2` where `(tac1; tac2)` would suffice

Note: This linter can be disabled with `set_option linter.unnecessarySeqFocus false`
warning: ZhangLS/Spec/RiemannZetaCriticalLineBound.lean:303:8: 'ring' tactic does nothing

Note: This linter can be disabled with `set_option linter.unusedTactic false`
warning: ZhangLS/Spec/RiemannZetaCriticalLineBound.lean:303:8: this tactic is never executed

Note: This linter can be disabled with `set_option linter.unreachableTactic false`
warning: ZhangLS/Spec/RiemannZetaCriticalLineBound.lean:394:12: This simp argument is unused:
  norm_div

Hint: Omit it from the simp argument list.
  simp ̵[̵n̵o̵r̵m̵_̵d̵i̵v̵]̵

Note: This linter can be disabled with `set_option linter.unusedSimpArgs false`
warning: ZhangLS/Spec/RiemannZetaCriticalLineBound.lean:475:75: This simp argument is unused:
  norm_div

Hint: Omit it from the simp argument list.
  simp ̵[̵n̵o̵r̵m̵_̵d̵i̵v̵]̵

Note: This linter can be disabled with `set_option linter.unusedSimpArgs false`
Build completed successfully (3433 jobs).
ZhangLS/Spec/RiemannZetaCriticalLineBound.lean:99:2: warning: Used `tac1 <;> tac2` where `(tac1; tac2)` would suffice

Note: This linter can be disabled with `set_option linter.unnecessarySeqFocus false`
ZhangLS/Spec/RiemannZetaCriticalLineBound.lean:124:13: warning: unused variable `hs`

Note: This linter can be disabled with `set_option linter.unusedVariables false`
ZhangLS/Spec/RiemannZetaCriticalLineBound.lean:152:6: warning: unused variable `n`

Note: This linter can be disabled with `set_option linter.unusedVariables false`
ZhangLS/Spec/RiemannZetaCriticalLineBound.lean:156:20: warning: unused variable `k`

Note: This linter can be disabled with `set_option linter.unusedVariables false`
ZhangLS/Spec/RiemannZetaCriticalLineBound.lean:161:8: warning: This simp argument is unused:
  sum_one_Icc

Hint: Omit it from the simp argument list.
  simp ̵[̵s̵u̵m̵_̵o̵n̵e̵_̵I̵c̵c̵]̵

Note: This linter can be disabled with `set_option linter.unusedSimpArgs false`
ZhangLS/Spec/RiemannZetaCriticalLineBound.lean:242:12: warning: 'ring' tactic does nothing

Note: This linter can be disabled with `set_option linter.unusedTactic false`
ZhangLS/Spec/RiemannZetaCriticalLineBound.lean:242:12: warning: this tactic is never executed

Note: This linter can be disabled with `set_option linter.unreachableTactic false`
ZhangLS/Spec/RiemannZetaCriticalLineBound.lean:219:41: warning: Used `tac1 <;> tac2` where `(tac1; tac2)` would suffice

Note: This linter can be disabled with `set_option linter.unnecessarySeqFocus false`
ZhangLS/Spec/RiemannZetaCriticalLineBound.lean:303:8: warning: 'ring' tactic does nothing

Note: This linter can be disabled with `set_option linter.unusedTactic false`
ZhangLS/Spec/RiemannZetaCriticalLineBound.lean:303:8: warning: this tactic is never executed

Note: This linter can be disabled with `set_option linter.unreachableTactic false`
ZhangLS/Spec/RiemannZetaCriticalLineBound.lean:394:12: warning: This simp argument is unused:
  norm_div

Hint: Omit it from the simp argument list.
  simp ̵[̵n̵o̵r̵m̵_̵d̵i̵v̵]̵

Note: This linter can be disabled with `set_option linter.unusedSimpArgs false`
ZhangLS/Spec/RiemannZetaCriticalLineBound.lean:475:75: warning: This simp argument is unused:
  norm_div

Hint: Omit it from the simp argument list.
  simp ̵[̵n̵o̵r̵m̵_̵d̵i̵v̵]̵

Note: This linter can be disabled with `set_option linter.unusedSimpArgs false`
== Stage 1b/3: trusted Spec aggregate ==
== Stage 2/3: full project kernel check ==
⚠ [1979/2471] Replayed ZhangLS.RealDirichletSeries
warning: ZhangLS/RealDirichletSeries.lean:34:25: unused variable `hr`

Note: This linter can be disabled with `set_option linter.unusedVariables false`
⚠ [1980/2471] Replayed ZhangLS.AssumptionA
warning: ZhangLS/AssumptionA.lean:30:21: unused variable `s`

Note: This linter can be disabled with `set_option linter.unusedVariables false`
warning: ZhangLS/AssumptionA.lean:30:37: unused variable `χ`

Note: This linter can be disabled with `set_option linter.unusedVariables false`
warning: ZhangLS/AssumptionA.lean:35:22: unused variable `s`

Note: This linter can be disabled with `set_option linter.unusedVariables false`
warning: ZhangLS/AssumptionA.lean:35:38: unused variable `χ`

Note: This linter can be disabled with `set_option linter.unusedVariables false`
warning: ZhangLS/AssumptionA.lean:91:23: unused variable `h_pos`

Note: This linter can be disabled with `set_option linter.unusedVariables false`
warning: ZhangLS/AssumptionA.lean:112:5: unused variable `h_c_pos`

Note: This linter can be disabled with `set_option linter.unusedVariables false`
warning: ZhangLS/AssumptionA.lean:113:5: unused variable `h_u_pos`

Note: This linter can be disabled with `set_option linter.unusedVariables false`
⚠ [1981/2471] Replayed ZhangLS.MainIdentity
warning: ZhangLS/MainIdentity.lean:19:32: unused variable `H₂`

Note: This linter can be disabled with `set_option linter.unusedVariables false`
⚠ [1986/2471] Replayed ZhangLS.MainTerms
warning: ZhangLS/MainTerms.lean:64:5: unused variable `h_ap`

Note: This linter can be disabled with `set_option linter.unusedVariables false`
⚠ [1988/2471] Replayed ZhangLS.AnalyticHypotheses
warning: ZhangLS/AnalyticHypotheses.lean:36:21: unused variable `gamma`

Note: This linter can be disabled with `set_option linter.unusedVariables false`
⚠ [1989/2471] Replayed ZhangLS.Theorem1
warning: ZhangLS/Theorem1.lean:23:5: unused variable `env`

Note: This linter can be disabled with `set_option linter.unusedVariables false`
warning: ZhangLS/Theorem1.lean:26:5: unused variable `h_logD_pos`

Note: This linter can be disabled with `set_option linter.unusedVariables false`
warning: ZhangLS/Theorem1.lean:36:5: unused variable `env`

Note: This linter can be disabled with `set_option linter.unusedVariables false`
⚠ [1995/2471] Replayed ZhangLS.Estimates
warning: ZhangLS/Estimates.lean:27:11: unused variable `D`

Note: This linter can be disabled with `set_option linter.unusedVariables false`
⚠ [2001/2471] Replayed ZhangLS.LargeSieveFoundation
warning: ZhangLS/LargeSieveFoundation.lean:27:30: unused variable `hP`

Note: This linter can be disabled with `set_option linter.unusedVariables false`
⚠ [2012/2471] Replayed ZhangLS.FareySequence
warning: ZhangLS/FareySequence.lean:32:5: unused variable `hq`

Note: This linter can be disabled with `set_option linter.unusedVariables false`
warning: ZhangLS/FareySequence.lean:32:18: unused variable `hq'`

Note: This linter can be disabled with `set_option linter.unusedVariables false`
warning: ZhangLS/FareySequence.lean:46:18: unused variable `hq'`

Note: This linter can be disabled with `set_option linter.unusedVariables false`
⚠ [2013/2471] Replayed ZhangLS.ExponentialSumOrthogonality
warning: ZhangLS/ExponentialSumOrthogonality.lean:35:5: unused variable `kernel_norm`

Note: This linter can be disabled with `set_option linter.unusedVariables false`
warning: ZhangLS/ExponentialSumOrthogonality.lean:36:5: unused variable `h_dist_pos`

Note: This linter can be disabled with `set_option linter.unusedVariables false`
⚠ [2023/2471] Replayed ZhangLS.TaoAnalysisBridge
warning: ZhangLS/TaoAnalysisBridge.lean:16:24: unused variable `f`

Note: This linter can be disabled with `set_option linter.unusedVariables false`
warning: ZhangLS/TaoAnalysisBridge.lean:16:60: unused variable `x1`

Note: This linter can be disabled with `set_option linter.unusedVariables false`
warning: ZhangLS/TaoAnalysisBridge.lean:16:63: unused variable `x2`

Note: This linter can be disabled with `set_option linter.unusedVariables false`
warning: ZhangLS/TaoAnalysisBridge.lean:16:66: unused variable `y`

Note: This linter can be disabled with `set_option linter.unusedVariables false`
warning: ZhangLS/TaoAnalysisBridge.lean:20:24: unused variable `f`

Note: This linter can be disabled with `set_option linter.unusedVariables false`
warning: ZhangLS/TaoAnalysisBridge.lean:20:60: unused variable `x`

Note: This linter can be disabled with `set_option linter.unusedVariables false`
warning: ZhangLS/TaoAnalysisBridge.lean:20:62: unused variable `y1`

Note: This linter can be disabled with `set_option linter.unusedVariables false`
warning: ZhangLS/TaoAnalysisBridge.lean:20:65: unused variable `y2`

Note: This linter can be disabled with `set_option linter.unusedVariables false`
warning: ZhangLS/TaoAnalysisBridge.lean:25:5: unused variable `f`

Note: This linter can be disabled with `set_option linter.unusedVariables false`
warning: ZhangLS/TaoAnalysisBridge.lean:25:41: unused variable `x1`

Note: This linter can be disabled with `set_option linter.unusedVariables false`
warning: ZhangLS/TaoAnalysisBridge.lean:25:44: unused variable `x2`

Note: This linter can be disabled with `set_option linter.unusedVariables false`
warning: ZhangLS/TaoAnalysisBridge.lean:25:47: unused variable `y1`

Note: This linter can be disabled with `set_option linter.unusedVariables false`
warning: ZhangLS/TaoAnalysisBridge.lean:25:50: unused variable `y2`

Note: This linter can be disabled with `set_option linter.unusedVariables false`
⚠ [2024/2471] Replayed ZhangLS.TaoMellinIntegration
warning: ZhangLS/TaoMellinIntegration.lean:19:5: unused variable `f`

Note: This linter can be disabled with `set_option linter.unusedVariables false`
warning: ZhangLS/TaoMellinIntegration.lean:19:7: unused variable `g`

Note: This linter can be disabled with `set_option linter.unusedVariables false`
warning: ZhangLS/TaoMellinIntegration.lean:19:27: unused variable `x`

Note: This linter can be disabled with `set_option linter.unusedVariables false`
⚠ [2030/2471] Replayed ZhangLS.RealFPolynomialLowerBound
warning: ZhangLS/RealFPolynomialLowerBound.lean:36:5: unused variable `h_L_pos`

Note: This linter can be disabled with `set_option linter.unusedVariables false`
⚠ [2032/2471] Replayed ZhangLS.RealSobolevEnergy
warning: ZhangLS/RealSobolevEnergy.lean:42:5: unused variable `h_N_pos`

Note: This linter can be disabled with `set_option linter.unusedVariables false`
warning: ZhangLS/RealSobolevEnergy.lean:54:5: unused variable `h_energy_nonneg`

Note: This linter can be disabled with `set_option linter.unusedVariables false`
⚠ [2033/2471] Replayed ZhangLS.RealGaussSumLargeSieve
warning: ZhangLS/RealGaussSumLargeSieve.lean:39:5: unused variable `h_mult_nonneg`

Note: This linter can be disabled with `set_option linter.unusedVariables false`
warning: ZhangLS/RealGaussSumLargeSieve.lean:48:5: unused variable `h_energy`

Note: This linter can be disabled with `set_option linter.unusedVariables false`
⚠ [2037/2471] Replayed ZhangLS.RealStieltjesKernelIntegral
warning: ZhangLS/RealStieltjesKernelIntegral.lean:29:5: unused variable `h_x_pos`

Note: This linter can be disabled with `set_option linter.unusedVariables false`
warning: ZhangLS/RealStieltjesKernelIntegral.lean:38:5: unused variable `h_L_pos`

Note: This linter can be disabled with `set_option linter.unusedVariables false`
warning: ZhangLS/RealStieltjesKernelIntegral.lean:39:5: unused variable `h_haar_nonneg`

Note: This linter can be disabled with `set_option linter.unusedVariables false`
⚠ [2039/2471] Replayed ZhangLS.RealLogMomentCalculus
warning: ZhangLS/RealLogMomentCalculus.lean:21:5: unused variable `h_denom_pos`

Note: This linter can be disabled with `set_option linter.unusedVariables false`
⚠ [2040/2471] Replayed ZhangLS.RealStirlingContourDecay
warning: ZhangLS/RealStirlingContourDecay.lean:47:5: unused variable `h_M_pos`

Note: This linter can be disabled with `set_option linter.unusedVariables false`
⚠ [2044/2471] Replayed ZhangLS.RealHilbertMeasureEmbedding
warning: ZhangLS/RealHilbertMeasureEmbedding.lean:29:5: unused variable `h_pi`

Note: This linter can be disabled with `set_option linter.unusedVariables false`
warning: ZhangLS/RealHilbertMeasureEmbedding.lean:30:5: unused variable `h_pos`

Note: This linter can be disabled with `set_option linter.unusedVariables false`
warning: ZhangLS/RealHilbertMeasureEmbedding.lean:31:5: unused variable `h_energy_nonneg`

Note: This linter can be disabled with `set_option linter.unusedVariables false`
warning: ZhangLS/RealHilbertMeasureEmbedding.lean:49:5: unused variable `h_energy`

Note: This linter can be disabled with `set_option linter.unusedVariables false`
⚠ [2047/2471] Replayed ZhangLS.UnconditionalTheorem1
warning: ZhangLS/UnconditionalTheorem1.lean:47:2: `push_neg` has been deprecated. Prefer using `push Not` instead.
If you'd rather continue using `push_neg` in your project, you can implement it as follows:
```
open Lean.Parser.Tactic in
macro "push_neg" cfg:optConfig loc:(location)? : tactic =>
  `(tactic| push $cfg:optConfig Not $[$loc]?)
```
⚠ [2256/2471] Replayed ZhangLS.Fix1_FPolynomialZeroExclusion
warning: ZhangLS/Fix1_FPolynomialZeroExclusion.lean:41:5: unused variable `h_L_pos`

Note: This linter can be disabled with `set_option linter.unusedVariables false`
⚠ [2270/2471] Replayed ZhangLS.Spec.RealDirichletCharacter
warning: ZhangLS/Spec/RealDirichletCharacter.lean:48:4: try 'simp' instead of 'simpa'

Note: This linter can be disabled with `set_option linter.unnecessarySimpa false`
⚠ [3504/3680] Replayed ZhangLS.Spec.RealAxisAtOne
warning: ZhangLS/Spec/RealAxisAtOne.lean:56:4: try 'simp' instead of 'simpa'

Note: This linter can be disabled with `set_option linter.unnecessarySimpa false`
⚠ [3506/3680] Replayed ZhangLS.Spec.Lemma57
warning: ZhangLS/Spec/Lemma57.lean:101:58: unused variable `hD`

Note: This linter can be disabled with `set_option linter.unusedVariables false`
warning: ZhangLS/Spec/Lemma57.lean:102:7: unused variable `hA`

Note: This linter can be disabled with `set_option linter.unusedVariables false`
⚠ [3508/3680] Replayed ZhangLS.Spec.Lemma57Arithmetic
warning: ZhangLS/Spec/Lemma57Arithmetic.lean:55:15: unused variable `hc_g`

Note: This linter can be disabled with `set_option linter.unusedVariables false`
⚠ [3513/3680] Replayed ZhangLS.Spec.Lemma57SmoothedSum
warning: ZhangLS/Spec/Lemma57SmoothedSum.lean:42:46: unused variable `hD`

Note: This linter can be disabled with `set_option linter.unusedVariables false`
⚠ [3522/3680] Replayed ZhangLS.Spec.Lemma57GaussianGlobal
warning: ZhangLS/Spec/Lemma57GaussianGlobal.lean:55:58: unused variable `ha`

Note: This linter can be disabled with `set_option linter.unusedVariables false`
warning: ZhangLS/Spec/Lemma57GaussianGlobal.lean:241:13: unused variable `hD`

Note: This linter can be disabled with `set_option linter.unusedVariables false`
warning: ZhangLS/Spec/Lemma57GaussianGlobal.lean:241:34: unused variable `hx`

Note: This linter can be disabled with `set_option linter.unusedVariables false`
⚠ [3523/3680] Replayed ZhangLS.Spec.Lemma57SmoothedSummability
warning: ZhangLS/Spec/Lemma57SmoothedSummability.lean:20:52: unused variable `hn`

Note: This linter can be disabled with `set_option linter.unusedVariables false`
⚠ [3527/3680] Replayed ZhangLS.Spec.Lemma57GaussianMellinTransform
warning: ZhangLS/Spec/Lemma57GaussianMellinTransform.lean:67:63: Used `tac1 <;> tac2` where `(tac1; tac2)` would suffice

Note: This linter can be disabled with `set_option linter.unnecessarySeqFocus false`
warning: ZhangLS/Spec/Lemma57GaussianMellinTransform.lean:145:54: Used `tac1 <;> tac2` where `(tac1; tac2)` would suffice

Note: This linter can be disabled with `set_option linter.unnecessarySeqFocus false`
warning: ZhangLS/Spec/Lemma57GaussianMellinTransform.lean:326:4: Try `simp at hs` instead of `simpa using hs`

Note: This linter can be disabled with `set_option linter.unnecessarySimpa false`
⚠ [3542/3680] Replayed ZhangLS.Spec.RiemannZetaCriticalLineBound
warning: ZhangLS/Spec/RiemannZetaCriticalLineBound.lean:99:2: Used `tac1 <;> tac2` where `(tac1; tac2)` would suffice

Note: This linter can be disabled with `set_option linter.unnecessarySeqFocus false`
warning: ZhangLS/Spec/RiemannZetaCriticalLineBound.lean:124:13: unused variable `hs`

Note: This linter can be disabled with `set_option linter.unusedVariables false`
warning: ZhangLS/Spec/RiemannZetaCriticalLineBound.lean:152:6: unused variable `n`

Note: This linter can be disabled with `set_option linter.unusedVariables false`
warning: ZhangLS/Spec/RiemannZetaCriticalLineBound.lean:156:20: unused variable `k`

Note: This linter can be disabled with `set_option linter.unusedVariables false`
warning: ZhangLS/Spec/RiemannZetaCriticalLineBound.lean:161:8: This simp argument is unused:
  sum_one_Icc

Hint: Omit it from the simp argument list.
  simp ̵[̵s̵u̵m̵_̵o̵n̵e̵_̵I̵c̵c̵]̵

Note: This linter can be disabled with `set_option linter.unusedSimpArgs false`
warning: ZhangLS/Spec/RiemannZetaCriticalLineBound.lean:242:12: 'ring' tactic does nothing

Note: This linter can be disabled with `set_option linter.unusedTactic false`
warning: ZhangLS/Spec/RiemannZetaCriticalLineBound.lean:242:12: this tactic is never executed

Note: This linter can be disabled with `set_option linter.unreachableTactic false`
warning: ZhangLS/Spec/RiemannZetaCriticalLineBound.lean:219:41: Used `tac1 <;> tac2` where `(tac1; tac2)` would suffice

Note: This linter can be disabled with `set_option linter.unnecessarySeqFocus false`
warning: ZhangLS/Spec/RiemannZetaCriticalLineBound.lean:303:8: 'ring' tactic does nothing

Note: This linter can be disabled with `set_option linter.unusedTactic false`
warning: ZhangLS/Spec/RiemannZetaCriticalLineBound.lean:303:8: this tactic is never executed

Note: This linter can be disabled with `set_option linter.unreachableTactic false`
warning: ZhangLS/Spec/RiemannZetaCriticalLineBound.lean:394:12: This simp argument is unused:
  norm_div

Hint: Omit it from the simp argument list.
  simp ̵[̵n̵o̵r̵m̵_̵d̵i̵v̵]̵

Note: This linter can be disabled with `set_option linter.unusedSimpArgs false`
warning: ZhangLS/Spec/RiemannZetaCriticalLineBound.lean:475:75: This simp argument is unused:
  norm_div

Hint: Omit it from the simp argument list.
  simp ̵[̵n̵o̵r̵m̵_̵d̵i̵v̵]̵

Note: This linter can be disabled with `set_option linter.unusedSimpArgs false`
⚠ [3543/3680] Replayed ZhangLS.Spec.Lemma57CriticalStripGrowth
warning: ZhangLS/Spec/Lemma57CriticalStripGrowth.lean:270:14: This simp argument is unused:
  norm_div

Hint: Omit it from the simp argument list.
  simp ̵[̵n̵o̵r̵m̵_̵d̵i̵v̵]̵

Note: This linter can be disabled with `set_option linter.unusedSimpArgs false`
⚠ [3556/3680] Replayed ZhangLS.Spec.Lemma57QuadraticConductorThreshold
warning: ZhangLS/Spec/Lemma57QuadraticConductorThreshold.lean:63:4: exponent 10000000 exceeds the threshold 256, exponentiation operation was not evaluated, use `set_option exponentiation.threshold <num>` to set a new threshold
warning: ZhangLS/Spec/Lemma57QuadraticConductorThreshold.lean:136:18: Used `tac1 <;> tac2` where `(tac1; tac2)` would suffice

Note: This linter can be disabled with `set_option linter.unnecessarySeqFocus false`
⚠ [3558/3680] Replayed ZhangLS.Spec.Lemma44CharacterProduct
warning: ZhangLS/Spec/Lemma44CharacterProduct.lean:55:38: This simp argument is unused:
  mul_comm

Hint: Omit it from the simp argument list.
  simp [̵m̵u̵l̵_̵c̵o̵m̵m̵,̵ ̵m̵u̵l̵_̵l̵e̵f̵t̵_̵c̵o̵m̵m̵,̵[̲m̲u̲l̲_̲l̲e̲f̲t̲_̲c̲o̲m̲m̲,̲ mul_assoc]

Note: This linter can be disabled with `set_option linter.unusedSimpArgs false`
warning: ZhangLS/Spec/Lemma44CharacterProduct.lean:55:48: This simp argument is unused:
  mul_left_comm

Hint: Omit it from the simp argument list.
  simp [mul_comm, mul_l̵e̵f̵t̵_̵c̵o̵m̵m̵,̵ ̵m̵u̵l̵_̵assoc]

Note: This linter can be disabled with `set_option linter.unusedSimpArgs false`
⚠ [3583/3680] Replayed ZhangLS.Spec.Lemma23AnalyticLogBranch
warning: ZhangLS/Spec/Lemma23AnalyticLogBranch.lean:42:53: try 'simp' instead of 'simpa'

Note: This linter can be disabled with `set_option linter.unnecessarySimpa false`
warning: ZhangLS/Spec/Lemma23AnalyticLogBranch.lean:67:44: try 'simp' instead of 'simpa'

Note: This linter can be disabled with `set_option linter.unnecessarySimpa false`
⚠ [3596/3680] Replayed ZhangLS.Spec.Lemma23DirichletConjugation
warning: ZhangLS/Spec/Lemma23DirichletConjugation.lean:23:0: automatically included section variable(s) unused in theorem `ZhangLS.Spec.dirichletLSeries_inv_eq_conj_at_conj`:
  [NeZero N]
consider restructuring your `variable` declarations so that the variables are not in scope or explicitly omit them:
  omit [NeZero N] in theorem ...

Note: This linter can be disabled with `set_option linter.unusedSectionVars false`
⚠ [3598/3680] Replayed ZhangLS.Spec.Lemma23PrimitiveGaussSum
warning: ZhangLS/Spec/Lemma23PrimitiveGaussSum.lean:42:19: Used `tac1 <;> tac2` where `(tac1; tac2)` would suffice

Note: This linter can be disabled with `set_option linter.unnecessarySeqFocus false`
⚠ [3599/3680] Replayed ZhangLS.Spec.Lemma23DirichletUnitModulus
warning: ZhangLS/Spec/Lemma23DirichletUnitModulus.lean:112:48: Used `tac1 <;> tac2` where `(tac1; tac2)` would suffice

Note: This linter can be disabled with `set_option linter.unnecessarySeqFocus false`
⚠ [3737/3829] Replayed ZhangLS.Spec.Lemma44ProductMellin
warning: ZhangLS/Spec/Lemma44ProductMellin.lean:144:4: try 'simp' instead of 'simpa'

Note: This linter can be disabled with `set_option linter.unnecessarySimpa false`
⚠ [3741/3829] Replayed ZhangLS.Spec.Lemma44RightMellinApproximation
warning: ZhangLS/Spec/Lemma44RightMellinApproximation.lean:37:4: try 'simp' instead of 'simpa'

Note: This linter can be disabled with `set_option linter.unnecessarySimpa false`
⚠ [3745/3829] Replayed ZhangLS.Spec.Lemma44ReflectedLongSum
warning: ZhangLS/Spec/Lemma44ReflectedLongSum.lean:81:64: Used `tac1 <;> tac2` where `(tac1; tac2)` would suffice

Note: This linter can be disabled with `set_option linter.unnecessarySeqFocus false`
⚠ [3748/3829] Replayed ZhangLS.Spec.Lemma44InitialLeftEstimates
warning: ZhangLS/Spec/Lemma44InitialLeftEstimates.lean:68:23: Used `tac1 <;> tac2` where `(tac1; tac2)` would suffice

Note: This linter can be disabled with `set_option linter.unnecessarySeqFocus false`
⚠ [3751/3829] Replayed ZhangLS.Spec.Lemma44ComplexCharacterAbel
warning: ZhangLS/Spec/Lemma44ComplexCharacterAbel.lean:73:56: unused variable `hD`

Note: This linter can be disabled with `set_option linter.unusedVariables false`
⚠ [3752/3829] Replayed ZhangLS.Spec.Lemma44HorizontalGrowth
warning: ZhangLS/Spec/Lemma44HorizontalGrowth.lean:147:6: 'push_cast' tactic does nothing

Note: This linter can be disabled with `set_option linter.unusedTactic false`
⚠ [3754/3829] Replayed ZhangLS.Spec.Lemma44GaussianVerticalTail
info: ZhangLS/Spec/Lemma44GaussianVerticalTail.lean:41:4: Try this:
  [apply] ring_nf
  
  The `ring` tactic failed to close the goal. Use `ring_nf` to obtain a normal form.
    
  Note that `ring` works primarily in *commutative* rings. If you have a noncommutative ring, abelian group or module, consider using `noncomm_ring`, `abel` or `module` instead.
info: ZhangLS/Spec/Lemma44GaussianVerticalTail.lean:57:16: Try this:
  [apply] ring_nf
  
  The `ring` tactic failed to close the goal. Use `ring_nf` to obtain a normal form.
    
  Note that `ring` works primarily in *commutative* rings. If you have a noncommutative ring, abelian group or module, consider using `noncomm_ring`, `abel` or `module` instead.
warning: ZhangLS/Spec/Lemma44GaussianVerticalTail.lean:57:12: Used `tac1 <;> tac2` where `(tac1; tac2)` would suffice

Note: This linter can be disabled with `set_option linter.unnecessarySeqFocus false`
warning: ZhangLS/Spec/Lemma44GaussianVerticalTail.lean:68:22: Used `tac1 <;> tac2` where `(tac1; tac2)` would suffice

Note: This linter can be disabled with `set_option linter.unnecessarySeqFocus false`
info: ZhangLS/Spec/Lemma44GaussianVerticalTail.lean:153:35: Try this:
  [apply] ring_nf
  
  The `ring` tactic failed to close the goal. Use `ring_nf` to obtain a normal form.
    
  Note that `ring` works primarily in *commutative* rings. If you have a noncommutative ring, abelian group or module, consider using `noncomm_ring`, `abel` or `module` instead.
⚠ [3755/3829] Replayed ZhangLS.Spec.Lemma44LocalRectangle
warning: ZhangLS/Spec/Lemma44LocalRectangle.lean:115:46: This simp argument is unused:
  zero_mul

Hint: Omit it from the simp argument list.
  simp only [mem_reProdIm, mem_Icc, sub_re, sub_im, ofReal_re, ofReal_im, mul_re, mul_im, I_re,
  ̲  ̲ ̲ ̲ ̲ ̲ ̲ ̲I_im, mul_zero, z̵e̵r̵o̵_̵m̵u̵l̵,̵ ̵mul_one, zero_add, sub_zero]

Note: This linter can be disabled with `set_option linter.unusedSimpArgs false`
warning: ZhangLS/Spec/Lemma44LocalRectangle.lean:115:65: This simp argument is unused:
  zero_add

Hint: Omit it from the simp argument list.
  simp only [mem_reProdIm, mem_Icc, sub_re, sub_im, ofReal_re, ofReal_im, mul_re, mul_im, I_re,
  ̲  ̲ ̲ ̲ ̲ ̲ ̲ ̲I_im, mul_zero, zero_mul, mul_one, z̵e̵r̵o̵_̵a̵d̵d̵,̵ ̵sub_zero]

Note: This linter can be disabled with `set_option linter.unusedSimpArgs false`
⚠ [3758/3829] Replayed ZhangLS.Spec.Lemma44HorizontalIntegrals
warning: ZhangLS/Spec/Lemma44HorizontalIntegrals.lean:18:5: unused variable `hK`

Note: This linter can be disabled with `set_option linter.unusedVariables false`
⚠ [3759/3829] Replayed ZhangLS.Spec.Lemma44ReflectedPolynomialContours
warning: ZhangLS/Spec/Lemma44ReflectedPolynomialContours.lean:152:64: This simp argument is unused:
  mul_left_comm

Hint: Omit it from the simp argument list.
  simp only [sub_eq_add_neg, add_comm, add_left_comm, mul_comm, mul_l̵e̵f̵t̵_̵c̵o̵m̵m̵,̵ ̵m̵u̵l̵_̵assoc] at hc ⊢

Note: This linter can be disabled with `set_option linter.unusedSimpArgs false`
warning: ZhangLS/Spec/Lemma44ReflectedPolynomialContours.lean:152:79: This simp argument is unused:
  mul_assoc

Hint: Omit it from the simp argument list.
  simp only [sub_eq_add_neg, add_comm, add_left_comm, mul_comm, mul_left_comm,̵ ̵m̵u̵l̵_̵a̵s̵s̵o̵c̵] at hc ⊢

Note: This linter can be disabled with `set_option linter.unusedSimpArgs false`
⚠ [3763/3829] Replayed ZhangLS.Spec.Lemma45Normalization
warning: ZhangLS/Spec/Lemma45Normalization.lean:90:8: 'ring' tactic does nothing

Note: This linter can be disabled with `set_option linter.unusedTactic false`
warning: ZhangLS/Spec/Lemma45Normalization.lean:90:8: this tactic is never executed

Note: This linter can be disabled with `set_option linter.unreachableTactic false`
⚠ [3786/3829] Replayed ZhangLS.Spec.Lemma46SingleZero
warning: ZhangLS/Spec/Lemma46SingleZero.lean:33:10: This simp argument is unused:
  mem_sphere

Hint: Omit it from the simp argument list.
  simp [m̵e̵m̵_̵s̵p̵h̵e̵r̵e̵,̵ ̵dist_zero_right, abs_of_pos hR]

Note: This linter can be disabled with `set_option linter.unusedSimpArgs false`
warning: ZhangLS/Spec/Lemma46SingleZero.lean:33:22: This simp argument is unused:
  dist_zero_right

Hint: Omit it from the simp argument list.
  simp [mem_sphere, d̵i̵s̵t̵_̵z̵e̵r̵o̵_̵r̵i̵g̵h̵t̵,̵ ̵abs_of_pos hR]

Note: This linter can be disabled with `set_option linter.unusedSimpArgs false`
⚠ [3787/3829] Replayed ZhangLS.Spec.Lemma46RoucheLocal
warning: ZhangLS/Spec/Lemma46RoucheLocal.lean:30:5: unused variable `hm`

Note: This linter can be disabled with `set_option linter.unusedVariables false`
⚠ [3788/3829] Replayed ZhangLS.Spec.Lemma46ZeroAnalysis
warning: ZhangLS/Spec/Lemma46ZeroAnalysis.lean:108:39: Used `tac1 <;> tac2` where `(tac1; tac2)` would suffice

Note: This linter can be disabled with `set_option linter.unnecessarySeqFocus false`
warning: ZhangLS/Spec/Lemma46ZeroAnalysis.lean:151:54: unused variable `hc`

Note: This linter can be disabled with `set_option linter.unusedVariables false`
⚠ [3821/3829] Replayed ZhangLS.Spec.Lemma53Kernels
warning: ZhangLS/Spec/Lemma53Kernels.lean:87:18: Used `tac1 <;> tac2` where `(tac1; tac2)` would suffice

Note: This linter can be disabled with `set_option linter.unnecessarySeqFocus false`
warning: ZhangLS/Spec/Lemma53Kernels.lean:108:68: This simp argument is unused:
  ← Complex.ofReal_pow

Hint: Omit it from the simp argument list.
  simp [lemma23PaperCenter, lemma51PaperT0,̵ ̵←̵ ̵C̵o̵m̵p̵l̵e̵x̵.̵o̵f̵R̵e̵a̵l̵_̵p̵o̵w̵]

Note: Simp arguments with `←` have the additional effect of removing the other direction from the simp set, even if the simp argument itself is unused. If the hint above does not work, try replacing `←` with `-` to only get that effect and silence this warning.

Note: This linter can be disabled with `set_option linter.unusedSimpArgs false`
warning: ZhangLS/Spec/Lemma53Kernels.lean:120:68: This simp argument is unused:
  ← Complex.ofReal_pow

Hint: Omit it from the simp argument list.
  simp [lemma23PaperCenter, lemma51PaperT0,̵ ̵←̵ ̵C̵o̵m̵p̵l̵e̵x̵.̵o̵f̵R̵e̵a̵l̵_̵p̵o̵w̵]

Note: Simp arguments with `←` have the additional effect of removing the other direction from the simp set, even if the simp argument itself is unused. If the hint above does not work, try replacing `←` with `-` to only get that effect and silence this warning.

Note: This linter can be disabled with `set_option linter.unusedSimpArgs false`
⚠ [3822/3829] Replayed ZhangLS.Spec.Lemma53MellinConvergence
warning: ZhangLS/Spec/Lemma53MellinConvergence.lean:25:48: This simp argument is unused:
  zero_mul

Hint: Omit it from the simp argument list.
  simp only [sub_re, sub_im, add_re, add_im, mul_re, mul_im, ofReal_re, ofReal_im, I_re, I_im,
  ̲  ̲ ̲ ̲mul_zero, z̵e̵r̵o̵_̵m̵u̵l̵,̵ ̵sub_zero, zero_add, add_zero, mul_one, one_mul]

Note: This linter can be disabled with `set_option linter.unusedSimpArgs false`
warning: ZhangLS/Spec/Lemma53MellinConvergence.lean:26:33: This simp argument is unused:
  one_mul

Hint: Omit it from the simp argument list.
  simp only [sub_re, sub_im, add_re, add_im, mul_re, mul_im, ofReal_re, ofReal_im, I_re, I_im,
  ̲  ̲ ̲ ̲mul_zero, zero_mul, sub_zero, zero_add, add_zero, m̵u̵l̵_̵o̵n̵e̵,̵ ̵o̵n̵e̵_̵m̵u̵l̵]̵m̲u̲l̲_̲o̲n̲e̲]̲

Note: This linter can be disabled with `set_option linter.unusedSimpArgs false`
⚠ [3823/3829] Replayed ZhangLS.Spec.Lemma53OscillatoryEstimates
warning: ZhangLS/Spec/Lemma53OscillatoryEstimates.lean:67:10: This simp argument is unused:
  norm_mul

Hint: Omit it from the simp argument list.
  simp [̵n̵o̵r̵m̵_̵m̵u̵l̵,̵ ̵n̵o̵r̵m̵_̵r̵e̵a̵l̵,̵[̲n̲o̲r̲m̲_̲r̲e̲a̲l̲,̲ Real.norm_eq_abs, abs_of_nonneg hx, abs_of_pos Real.pi_pos]

Note: This linter can be disabled with `set_option linter.unusedSimpArgs false`
warning: ZhangLS/Spec/Lemma53OscillatoryEstimates.lean:102:4: This simp argument is unused:
  ← ofReal_pow

Hint: Omit it from the simp argument list.
  simp [lemma23PaperCenter, lemma51PaperT0, mul_re, mul_im, pow_two, exp_im,̵
  ̵ ̵ ̵ ̵ ̵←̵ ̵o̵f̵R̵e̵a̵l̵_̵p̵o̵w̵]

Note: Simp arguments with `←` have the additional effect of removing the other direction from the simp set, even if the simp argument itself is unused. If the hint above does not work, try replacing `←` with `-` to only get that effect and silence this warning.

Note: This linter can be disabled with `set_option linter.unusedSimpArgs false`
warning: ZhangLS/Spec/Lemma53OscillatoryEstimates.lean:112:33: This simp argument is unused:
  ← ofReal_pow

Hint: Omit it from the simp argument list.
  simp [mul_re, mul_im, pow_two,̵ ̵←̵ ̵o̵f̵R̵e̵a̵l̵_̵p̵o̵w̵]

Note: Simp arguments with `←` have the additional effect of removing the other direction from the simp set, even if the simp argument itself is unused. If the hint above does not work, try replacing `←` with `-` to only get that effect and silence this warning.

Note: This linter can be disabled with `set_option linter.unusedSimpArgs false`
✔ [3826/3829] Built ZhangLS.Spec.All (1.0s)
✔ [3827/3829] Built ZhangLS.All (1.0s)
✔ [3828/3829] Built ZhangLS (1.9s)
Build completed successfully (3829 jobs).
== Stage 3/3: audit regression modules ==
'ZhangLS.Spec.lemma23_lemma41' depends on axioms: [propext, Classical.choice, Quot.sound]
'ZhangLS.Spec.lemma23_lemma42' depends on axioms: [propext, Classical.choice, Quot.sound]
'ZhangLS.Spec.lemma23_lemma43_at_explicit_threshold' depends on axioms: [propext, Classical.choice, Quot.sound]
'ZhangLS.Spec.lemma44_norm_logDeriv_Gamma_le_log_height' depends on axioms: [propext, Classical.choice, Quot.sound]
'ZhangLS.Spec.lemma44CharacterTwist_isPrimitive' depends on axioms: [propext, Classical.choice, Quot.sound]
'ZhangLS.Spec.lemma44_equation44' depends on axioms: [propext, Classical.choice, Quot.sound]
'ZhangLS.Spec.lemma44_equation46' depends on axioms: [propext, Classical.choice, Quot.sound]
'ZhangLS.Spec.lemma44ActualZtilde_norm_eq_one' depends on axioms: [propext, Classical.choice, Quot.sound]
'ZhangLS.Spec.lemma44_long_sum_on_omega3' depends on axioms: [propext, Classical.choice, Quot.sound]
'ZhangLS.Spec.lemma44ActualZtilde_norm_on_omega3' depends on axioms: [propext, Classical.choice, Quot.sound]
'ZhangLS.Spec.lemma44_paper_gaussian_long_sum_on_omega3' depends on axioms: [propext, Classical.choice, Quot.sound]
'ZhangLS.Spec.lemma44_gaussian_long_mellin_identity' depends on axioms: [propext, Classical.choice, Quot.sound]
'ZhangLS.Spec.lemma44_gaussian_long_mellin_integrable' depends on axioms: [propext, Classical.choice, Quot.sound]
'ZhangLS.Spec.lemma44_product_LFunction_eq_LSeries' depends on axioms: [propext, Classical.choice, Quot.sound]
'ZhangLS.Spec.lemma44CharacterTwist_inv' depends on axioms: [propext, Classical.choice, Quot.sound]
'ZhangLS.Spec.lemma44_middle_integrable' depends on axioms: [propext, Classical.choice, Quot.sound]
'ZhangLS.Spec.lemma44_truncated_middle_contour_bound' depends on axioms: [propext, Classical.choice, Quot.sound]
'ZhangLS.Spec.lemma44_product_gaussian_mellin_identity' depends on axioms: [propext, Classical.choice, Quot.sound]
'ZhangLS.Spec.lemma44_short_smoothing_error' depends on axioms: [propext, Classical.choice, Quot.sound]
'ZhangLS.Spec.lemma44_gaussian_tail_summable_and_bound' depends on axioms: [propext, Classical.choice, Quot.sound]
'ZhangLS.Spec.lemma44_full_gaussian_series_decomposition' depends on axioms: [propext, Classical.choice, Quot.sound]
'ZhangLS.Spec.lemma44_right_mellin_approximation' depends on axioms: [propext, Classical.choice, Quot.sound]
'ZhangLS.Spec.lemma44_product_mellin_rectangle_residue' depends on axioms: [propext, Classical.choice, Quot.sound]
'ZhangLS.Spec.lemma44_simple_pole_rectangle_left' depends on axioms: [propext, Classical.choice, Quot.sound]
'ZhangLS.Spec.lemma44_product_finite_shift' depends on axioms: [propext, Classical.choice, Quot.sound]
'ZhangLS.Spec.lemma44_left_product_mellin_eq_reflected_series' depends on axioms: [propext,
 Classical.choice,
 Quot.sound]
'ZhangLS.Spec.lemma44_dirichletLFunction_norm_le_of_pos_re' depends on axioms: [propext, Classical.choice, Quot.sound]
'ZhangLS.Spec.lemma44_actual_product_local_growth' depends on axioms: [propext, Classical.choice, Quot.sound]
'ZhangLS.Spec.lemma44_right_vertical_truncation_bound' depends on axioms: [propext, Classical.choice, Quot.sound]
'ZhangLS.Spec.lemma44_reflected_tail_contour_bound' depends on axioms: [propext, Classical.choice, Quot.sound]
'ZhangLS.Spec.lemma44_product_horizontal_error_bound' depends on axioms: [propext, Classical.choice, Quot.sound]
'ZhangLS.Spec.lemma44_reflected_polynomial_residue_shift' depends on axioms: [propext, Classical.choice, Quot.sound]
'ZhangLS.Spec.lemma44_reflected_polynomial_middle_shift' depends on axioms: [propext, Classical.choice, Quot.sound]
'ZhangLS.Spec.lemma44_short_right_contour_bound' depends on axioms: [propext, Classical.choice, Quot.sound]
'ZhangLS.Spec.lemma44_left_product_contour_decomposition' depends on axioms: [propext, Classical.choice, Quot.sound]
'ZhangLS.Spec.lemma44_actual_approximate_functional_equation' depends on axioms: [propext, Classical.choice, Quot.sound]
'ZhangLS.Spec.lemma44_uniform_error_constant' depends on axioms: [propext, Classical.choice, Quot.sound]
'ZhangLS.Spec.lemma45_short_sum_inv_eq_conj' depends on axioms: [propext, Classical.choice, Quot.sound]
'ZhangLS.Spec.lemma45_omega1_F_inv_bound' depends on axioms: [propext, Classical.choice, Quot.sound]
'ZhangLS.Spec.lemma45_equation410' depends on axioms: [propext, Classical.choice, Quot.sound]
'ZhangLS.Spec.lemma45_divisor_series_mass_le' depends on axioms: [propext, Classical.choice, Quot.sound]
'ZhangLS.Spec.lemma45_inverse_square_mass_le' depends on axioms: [propext, Classical.choice, Quot.sound]
'ZhangLS.Spec.lemma45_error_constant_le' depends on axioms: [propext, Classical.choice, Quot.sound]
'ZhangLS.Spec.lemma45_horizontal_F_quotient_bound' depends on axioms: [propext, Classical.choice, Quot.sound]
'ZhangLS.Spec.lemma45_B_uniform_gap' depends on axioms: [propext, Classical.choice, Quot.sound]
'ZhangLS.Spec.lemma45_actual_A_lower_bound' depends on axioms: [propext, Classical.choice, Quot.sound]
'ZhangLS.Spec.lemma45_actual_A_ne_zero' depends on axioms: [propext, Classical.choice, Quot.sound]
'ZhangLS.Spec.lemma45_actual_product_ne_zero' depends on axioms: [propext, Classical.choice, Quot.sound]
'ZhangLS.Spec.lemma46_inverse_F_logDeriv' depends on axioms: [propext, Classical.choice, Quot.sound]
'ZhangLS.Spec.lemma46_equation411' depends on axioms: [propext, Classical.choice, Quot.sound]
'ZhangLS.Spec.lemma46_exponential_transport_on_ball' depends on axioms: [propext, Classical.choice, Quot.sound]
'ZhangLS.Spec.lemma46_actual_model_approximation' depends on axioms: [propext, Classical.choice, Quot.sound]
'ZhangLS.Spec.lemma46_model_uniform_inner_boundary' depends on axioms: [propext, Classical.choice, Quot.sound]
'ZhangLS.Spec.lemma46_actual_A_reflected_zero' depends on axioms: [propext, Classical.choice, Quot.sound]
'ZhangLS.Spec.lemma46_unique_simple_zero_of_count_one' depends on axioms: [propext, Classical.choice, Quot.sound]
'ZhangLS.Spec.lemma46_actual_rouche_count_one' depends on axioms: [propext, Classical.choice, Quot.sound]
'ZhangLS.Spec.lemma46_zero_analysis_at_contraction' depends on axioms: [propext, Classical.choice, Quot.sound]
'ZhangLS.Spec.lemma46_exists_contraction_threshold' depends on axioms: [propext, Classical.choice, Quot.sound]
'ZhangLS.Spec.lemma46_proved' depends on axioms: [propext, Classical.choice, Quot.sound]
'ZhangLS.Spec.lemma47_dirichletZ_reflection' depends on axioms: [propext, Classical.choice, Quot.sound]
'ZhangLS.Spec.lemma47_actual_Z_reflection' depends on axioms: [propext, Classical.choice, Quot.sound]
'ZhangLS.Spec.lemma47_actual_normalized_reflection' depends on axioms: [propext, Classical.choice, Quot.sound]
'ZhangLS.Spec.lemma47_actual_A_analyticOn_outer_disk' depends on axioms: [propext, Classical.choice, Quot.sound]
'ZhangLS.Spec.lemma47_actual_error_reflection' depends on axioms: [propext, Classical.choice, Quot.sound]
'ZhangLS.Spec.lemma47_actual_model_approximation' depends on axioms: [propext, Classical.choice, Quot.sound]
'ZhangLS.Spec.lemma47_model_uniform_outer_boundary' depends on axioms: [propext, Classical.choice, Quot.sound]
'ZhangLS.Spec.lemma47_actual_strict_outer_comparison' depends on axioms: [propext, Classical.choice, Quot.sound]
'ZhangLS.Spec.lemma47_actual_three_zeros_at_expansion' depends on axioms: [propext, Classical.choice, Quot.sound]
'ZhangLS.Spec.lemma47_proved' depends on axioms: [propext, Classical.choice, Quot.sound]
'ZhangLS.Spec.lemma48_omega_height_pos' depends on axioms: [propext, Classical.choice, Quot.sound]
'ZhangLS.Spec.lemma48_omega_reflection' depends on axioms: [propext, Classical.choice, Quot.sound]
'ZhangLS.Spec.lemma48_actual_product_reflected_zero' depends on axioms: [propext, Classical.choice, Quot.sound]
'ZhangLS.Spec.lemma48_actual_zero_in_thin_slab' depends on axioms: [propext, Classical.choice, Quot.sound]
'ZhangLS.Spec.lemma48_thin_slab_regions' depends on axioms: [propext, Classical.choice, Quot.sound]
'ZhangLS.Spec.lemma48_actual_Z_inv_bound' depends on axioms: [propext, Classical.choice, Quot.sound]
'ZhangLS.Spec.lemma48_error_constant_le' depends on axioms: [propext, Classical.choice, Quot.sound]
'ZhangLS.Spec.lemma48_actual_inverse_factor_approximation' depends on axioms: [propext, Classical.choice, Quot.sound]
'ZhangLS.Spec.lemma48_at_explicit_constant' depends on axioms: [propext, Classical.choice, Quot.sound]
'ZhangLS.Spec.lemma48_proved' depends on axioms: [propext, Classical.choice, Quot.sound]
'ZhangLS.Spec.lemma46_actual_model_approximation_closed' depends on axioms: [propext, Classical.choice, Quot.sound]
'ZhangLS.Spec.lemma46_actual_rouche_count_one_closed' depends on axioms: [propext, Classical.choice, Quot.sound]
'ZhangLS.Spec.lemma46_zero_analysis_at_contraction_closed' depends on axioms: [propext, Classical.choice, Quot.sound]
'ZhangLS.Spec.proposition22_actual_zero_analysis' depends on axioms: [propext, Classical.choice, Quot.sound]
'ZhangLS.Spec.proposition22_model_uniform_near_zero' depends on axioms: [propext, Classical.choice, Quot.sound]
'ZhangLS.Spec.proposition22_model_upper_shift' depends on axioms: [propext, Classical.choice, Quot.sound]
'ZhangLS.Spec.proposition22_exists_zero_of_count_one' depends on axioms: [propext, Classical.choice, Quot.sound]
'ZhangLS.Spec.proposition22_actual_upper_neighbor' depends on axioms: [propext, Classical.choice, Quot.sound]
'ZhangLS.Spec.proposition22_consecutive_gap_bounds' depends on axioms: [propext, Classical.choice, Quot.sound]
'ZhangLS.Spec.proposition22_proved' depends on axioms: [propext, Classical.choice, Quot.sound]
'ZhangLS.Spec.lemma23_consecutive_of_local_exclusion' depends on axioms: [propext, Classical.choice, Quot.sound]
'ZhangLS.Spec.lemma23_actual_successor' depends on axioms: [propext, Classical.choice, Quot.sound]
'ZhangLS.Spec.lemma23_actual_three_successors' depends on axioms: [propext, Classical.choice, Quot.sound]
'ZhangLS.Spec.lemma23_actual_offset_nonzero_of_successors' depends on axioms: [propext, Classical.choice, Quot.sound]
'ZhangLS.Spec.lemma23_exists_uniform_actual_zero_data' depends on axioms: [propext, Classical.choice, Quot.sound]
'ZhangLS.Spec.lemma23_actual_M_hasDerivAt_zero' depends on axioms: [propext, Classical.choice, Quot.sound]
'ZhangLS.Spec.lemma23_actual_coefficient_nonneg_of_zero_data' depends on axioms: [propext, Classical.choice, Quot.sound]
'ZhangLS.Spec.lemma23_proved' depends on axioms: [propext, Classical.choice, Quot.sound]
'ZhangLS.Spec.lemma51_Gamma_logDeriv_eq_Euler' depends on axioms: [propext, Classical.choice, Quot.sound]
'ZhangLS.Spec.lemma51_Gamma_logDeriv_sub_log_bound' depends on axioms: [propext, Classical.choice, Quot.sound]
'ZhangLS.Spec.lemma51_DirichletZ_logDeriv_sharp' depends on axioms: [propext, Classical.choice, Quot.sound]
'ZhangLS.Spec.lemma51_height_log_error' depends on axioms: [propext, Classical.choice, Quot.sound]
'ZhangLS.Spec.lemma51_DirichletZ_logDeriv_at_T0' depends on axioms: [propext, Classical.choice, Quot.sound]
'ZhangLS.Spec.lemma51_DirichletZ_norm_bound' depends on axioms: [propext, Classical.choice, Quot.sound]
'ZhangLS.Spec.lemma51_vertical_transport' depends on axioms: [propext, Classical.choice, Quot.sound]
'ZhangLS.Spec.lemma51_actual_shift_at_real_conductor' depends on axioms: [propext, Classical.choice, Quot.sound]
'ZhangLS.Spec.lemma51_actual_shift_estimates' depends on axioms: [propext, Classical.choice, Quot.sound]
'ZhangLS.Spec.lemma51_proved' depends on axioms: [propext, Classical.choice, Quot.sound]
'ZhangLS.Spec.lemma52_actual_branch_hasDerivAt' depends on axioms: [propext, Classical.choice, Quot.sound]
'ZhangLS.Spec.lemma52_actual_branch_logDeriv' depends on axioms: [propext, Classical.choice, Quot.sound]
'ZhangLS.Spec.lemma52_vertical_log_transport' depends on axioms: [propext, Classical.choice, Quot.sound]
'ZhangLS.Spec.lemma52_offset_bounds' depends on axioms: [propext, Classical.choice, Quot.sound]
'ZhangLS.Spec.lemma52_beta_sum' depends on axioms: [propext, Classical.choice, Quot.sound]
'ZhangLS.Spec.lemma52_actual_branch_logDeriv_bound' depends on axioms: [propext, Classical.choice, Quot.sound]
'ZhangLS.Spec.lemma52_actual_branch_shift' depends on axioms: [propext, Classical.choice, Quot.sound]
'ZhangLS.Spec.lemma52_actual_product_estimate' depends on axioms: [propext, Classical.choice, Quot.sound]
'ZhangLS.Spec.lemma52_for_every_positive_constant' depends on axioms: [propext, Classical.choice, Quot.sound]
'ZhangLS.Spec.lemma52_proved' depends on axioms: [propext, Classical.choice, Quot.sound]
'ZhangLS.Spec.lemma53_gaussian_laplace' depends on axioms: [propext, Classical.choice, Quot.sound]
'ZhangLS.Spec.lemma53_gaussian_main_term' depends on axioms: [propext, Classical.choice, Quot.sound]
'ZhangLS.Spec.lemma53_omega_critical_gaussian' depends on axioms: [propext, Classical.choice, Quot.sound]
'ZhangLS.Spec.lemma53_omega_critical_pos' depends on axioms: [propext, Classical.choice, Quot.sound]
'ZhangLS.Spec.lemma53_kernel_factorization' depends on axioms: [propext, Classical.choice, Quot.sound]
'ZhangLS.Spec.lemma53_defining_mellin_integrable' depends on axioms: [propext, Classical.choice, Quot.sound]
'ZhangLS.Spec.lemma53_oscillatory_kernel_integrable' depends on axioms: [propext, Classical.choice, Quot.sound]
'ZhangLS.Spec.lemma53_oscillatory_delta_norm_bound' depends on axioms: [propext, Classical.choice, Quot.sound]
'ZhangLS.Spec.lemma53_perturbation_sub_one_bound' depends on axioms: [propext, Classical.choice, Quot.sound]
'ZhangLS.Spec.lemma53_oscillatory_kernel_norm_shifted' depends on axioms: [propext, Classical.choice, Quot.sound]
'ZhangLS.Spec.lemma53_gaussian_phase_norm_at_stationary_line' depends on axioms: [propext, Classical.choice, Quot.sound]
LEAN_KERNEL_VERIFICATION=PASS
