theorem FixedQuadratic.determinant_clearing.{u_1, u_2, u_3} : ∀ {ι : Type u_1} {σ : Type u_2} {R : Type u_3}
  [inst : Fintype ι] [inst_1 : DecidableEq ι] [inst_2 : Fintype σ] [inst_3 : CommRing R] (S : Subring R)
  (A : Matrix ι ι R) (L : σ → R) (α b : ι → σ → ℕ),
  (∀ (r c : ι), (¬∀ (i : σ), b r i ≤ α c i) → A r c = 0) →
    (∀ (r c : ι), (∏ i, L i ^ (α c i - b r i)) * A r c ∈ S) → (∏ i, L i ^ (∑ c, α c i - ∑ r, b r i)) * A.det ∈ S :=
fun {ι} {σ} {R} [Fintype ι] [DecidableEq ι] [Fintype σ] [CommRing R] S A L α b hzero hclear =>
  Eq.mpr (id (congrArg (fun _a => (∏ i, L i ^ (∑ c, α c i - ∑ r, b r i)) * _a ∈ S) (Matrix.det_apply' A)))
    (Eq.mpr
      (id
        (congrArg (fun _a => _a ∈ S)
          (Finset.mul_sum Finset.univ (fun σ => ↑↑(Equiv.Perm.sign σ) * ∏ i, A (σ i) i)
            (∏ i, L i ^ (∑ c, α c i - ∑ r, b r i)))))
      (Subring.sum_mem S fun p hp =>
        if h : ∀ (c : ι) (i : σ), b (p c) i ≤ α c i then
          have he :=
            Eq.mpr (id (congrArg (fun _a => ∏ i, L i ^ (∑ c, α c i - ∑ r, b r i) = _a) Finset.prod_comm))
              (Finset.prod_congr rfl fun i hi =>
                Eq.mpr
                  (id
                    (congrArg (fun _a => L i ^ (∑ c, α c i - ∑ r, b r i) = _a)
                      (Finset.prod_pow_eq_pow_sum Finset.univ (fun x => α x i - b (p x) i) (L i))))
                  (Eq.mpr
                    (id
                      (congrArg (fun _a => L i ^ (∑ c, α c i - ∑ r, b r i) = L i ^ _a)
                        (FixedQuadratic.matched_sum_sub (fun c => α c i) (fun r => b r i) p fun c => h c i)))
                    (Eq.refl (L i ^ (∑ c, α c i - ∑ r, b r i)))));
          Eq.mpr (id (congrArg (fun _a => _a * (↑↑(Equiv.Perm.sign p) * ∏ i, A (p i) i) ∈ S) he))
            (have hh := Subring.prod_mem S fun c x => hclear (p c) c;
            have ht := Subring.mul_mem S (intCast_mem S ↑(Equiv.Perm.sign p)) hh;
            Eq.mp
              (congrArg (Membership.mem S)
                (Eq.trans (congrArg (HMul.hMul ↑↑(Equiv.Perm.sign p)) Finset.prod_mul_distrib)
                  (mul_left_comm (↑↑(Equiv.Perm.sign p)) (∏ x, ∏ i, L i ^ (α x i - b (p x) i)) (∏ x, A (p x) x))))
              ht)
        else
          Exists.casesOn
            (Eq.mp
              (Eq.trans (Mathlib.Tactic.Push.not_forall_eq fun c => ∀ (i : σ), b (p c) i ≤ α c i)
                (congrArg Exists
                  (funext fun c =>
                    Eq.trans (Mathlib.Tactic.Push.not_forall_eq fun i => b (p c) i ≤ α c i)
                      (congrArg Exists (funext fun i => not_le._simp_1)))))
              h)
            fun c h =>
            Exists.casesOn h fun i hi =>
              have hz := hzero (p c) c fun hh => not_le_of_gt hi (hh i);
              have hpz := Finset.prod_eq_zero (Finset.mem_univ c) hz;
              of_eq_true
                (Eq.trans
                  (congrArg (Membership.mem S)
                    (Eq.trans
                      (congrArg (HMul.hMul (∏ i, L i ^ (∑ c, α c i - ∑ r, b r i)))
                        (Eq.trans (congrArg (HMul.hMul ↑↑(Equiv.Perm.sign p)) hpz) (mul_zero ↑↑(Equiv.Perm.sign p))))
                      (mul_zero (∏ i, L i ^ (∑ c, α c i - ∑ r, b r i)))))
                  (ZeroMemClass.zero_mem._simp_1 S))))
'FixedQuadratic.determinant_clearing' depends on axioms: [propext, Classical.choice, Quot.sound]
theorem FixedQuadratic.comparison_contradiction : ∀ (ν θ A η b cL Ea En δ ε t : ℝ),
  1 ≤ ν →
    b ≤ θ →
      -(1 - b) - Ea - δ ≤ t →
        t ≤ En + ε + max (-cL) (-ν * (A * (1 - η) - b)) →
          Ea + En + δ + ε < ν * (A * (1 - η) - θ) - (1 - θ) → 1 + Ea + En + δ + ε < cL → 0 ≤ b → False :=
fun ν θ A η b cL Ea En δ ε t hν hb hlower hupper hgap hcollision hb0 =>
  have hendpoint :=
    le_of_not_gt fun a =>
      Mathlib.Tactic.Linarith.lt_irrefl
        (Eq.mp
          (congrArg (fun _a => _a < 0)
            (Mathlib.Tactic.Ring.of_eq
              (Mathlib.Tactic.Ring.Common.add_congr
                (Mathlib.Tactic.Ring.Common.sub_congr
                  (Mathlib.Tactic.Ring.Common.sub_congr
                    (Mathlib.Tactic.Ring.Common.mul_congr
                      (Mathlib.Tactic.Ring.Common.atom_pf ν rfl
                        (Eq.mpr
                          (id
                            (congrArg (fun _a => ν ^ Nat.rawCast 1 * Nat.rawCast 1 = ν ^ Nat.rawCast 1 * _a)
                              (Eq.symm rfl)))
                          (Eq.refl (ν ^ Nat.rawCast 1 * Nat.rawCast 1))))
                      (Mathlib.Tactic.Ring.Common.sub_congr
                        (Mathlib.Tactic.Ring.Common.mul_congr
                          (Mathlib.Tactic.Ring.Common.atom_pf A rfl
                            (Eq.mpr
                              (id
                                (congrArg (fun _a => A ^ Nat.rawCast 1 * Nat.rawCast 1 = A ^ Nat.rawCast 1 * _a)
                                  (Eq.symm rfl)))
                              (Eq.refl (A ^ Nat.rawCast 1 * Nat.rawCast 1))))
                          (Mathlib.Tactic.Ring.Common.sub_congr
                            (Mathlib.Tactic.Ring.cast_pos (Mathlib.Meta.NormNum.isNat_ofNat ℝ Nat.cast_one))
                            (Mathlib.Tactic.Ring.Common.atom_pf η rfl
                              (Eq.mpr
                                (id
                                  (congrArg (fun _a => η ^ Nat.rawCast 1 * Nat.rawCast 1 = η ^ Nat.rawCast 1 * _a)
                                    (Eq.symm rfl)))
                                (Eq.refl (η ^ Nat.rawCast 1 * Nat.rawCast 1))))
                            (Mathlib.Tactic.Ring.Common.sub_pf
                              (Mathlib.Tactic.Ring.Common.neg_add
                                (Mathlib.Tactic.Ring.Common.neg_mul η (Nat.rawCast 1)
                                  (Mathlib.Meta.NormNum.IsInt.to_raw_eq
                                    (Mathlib.Meta.NormNum.isInt_neg (Eq.refl Neg.neg)
                                      (Mathlib.Meta.NormNum.IsNat.to_isInt (Mathlib.Meta.NormNum.IsNat.of_raw ℝ 1))
                                      (Eq.refl (Int.negOfNat 1)))))
                                Mathlib.Tactic.Ring.Common.neg_zero)
                              (Mathlib.Tactic.Ring.Common.add_pf_add_lt (Nat.rawCast 1)
                                (Mathlib.Tactic.Ring.Common.add_pf_zero_add
                                  (η ^ Nat.rawCast 1 * (Int.negOfNat 1).rawCast + 0)))))
                          (Mathlib.Tactic.Ring.Common.add_mul
                            (Mathlib.Tactic.Ring.Common.mul_add
                              (Mathlib.Tactic.Ring.Common.mul_pf_left A (Nat.rawCast 1)
                                (Mathlib.Meta.NormNum.IsNat.to_raw_eq
                                  (Mathlib.Meta.NormNum.isNat_mul (Eq.refl HMul.hMul)
                                    (Mathlib.Meta.NormNum.IsNat.of_raw ℝ 1) (Mathlib.Meta.NormNum.IsNat.of_raw ℝ 1)
                                    (Eq.refl 1))))
                              (Mathlib.Tactic.Ring.Common.mul_add
                                (Mathlib.Tactic.Ring.Common.mul_pf_left A (Nat.rawCast 1)
                                  (Mathlib.Tactic.Ring.Common.mul_pf_right η (Nat.rawCast 1)
                                    (Mathlib.Meta.NormNum.IsInt.to_raw_eq
                                      (Mathlib.Meta.NormNum.isInt_mul (Eq.refl HMul.hMul)
                                        (Mathlib.Meta.NormNum.IsNat.to_isInt (Mathlib.Meta.NormNum.IsNat.of_raw ℝ 1))
                                        (Mathlib.Meta.NormNum.IsInt.of_raw ℝ (Int.negOfNat 1))
                                        (Eq.refl (Int.negOfNat 1))))))
                                (Mathlib.Tactic.Ring.Common.mul_zero (A ^ Nat.rawCast 1 * Nat.rawCast 1))
                                (Mathlib.Tactic.Ring.Common.add_pf_add_zero
                                  (A ^ Nat.rawCast 1 * (η ^ Nat.rawCast 1 * (Int.negOfNat 1).rawCast) + 0)))
                              (Mathlib.Tactic.Ring.Common.add_pf_add_lt (A ^ Nat.rawCast 1 * Nat.rawCast 1)
                                (Mathlib.Tactic.Ring.Common.add_pf_zero_add
                                  (A ^ Nat.rawCast 1 * (η ^ Nat.rawCast 1 * (Int.negOfNat 1).rawCast) + 0))))
                            (Mathlib.Tactic.Ring.Common.zero_mul
                              (Nat.rawCast 1 + (η ^ Nat.rawCast 1 * (Int.negOfNat 1).rawCast + 0)))
                            (Mathlib.Tactic.Ring.Common.add_pf_add_zero
                              (A ^ Nat.rawCast 1 * Nat.rawCast 1 +
                                (A ^ Nat.rawCast 1 * (η ^ Nat.rawCast 1 * (Int.negOfNat 1).rawCast) + 0)))))
                        (Mathlib.Tactic.Ring.Common.atom_pf b rfl
                          (Eq.mpr
                            (id
                              (congrArg (fun _a => b ^ Nat.rawCast 1 * Nat.rawCast 1 = b ^ Nat.rawCast 1 * _a)
                                (Eq.symm rfl)))
                            (Eq.refl (b ^ Nat.rawCast 1 * Nat.rawCast 1))))
                        (Mathlib.Tactic.Ring.Common.sub_pf
                          (Mathlib.Tactic.Ring.Common.neg_add
                            (Mathlib.Tactic.Ring.Common.neg_mul b (Nat.rawCast 1)
                              (Mathlib.Meta.NormNum.IsInt.to_raw_eq
                                (Mathlib.Meta.NormNum.isInt_neg (Eq.refl Neg.neg)
                                  (Mathlib.Meta.NormNum.IsNat.to_isInt (Mathlib.Meta.NormNum.IsNat.of_raw ℝ 1))
                                  (Eq.refl (Int.negOfNat 1)))))
                            Mathlib.Tactic.Ring.Common.neg_zero)
                          (Mathlib.Tactic.Ring.Common.add_pf_add_lt (A ^ Nat.rawCast 1 * Nat.rawCast 1)
                            (Mathlib.Tactic.Ring.Common.add_pf_add_lt
                              (A ^ Nat.rawCast 1 * (η ^ Nat.rawCast 1 * (Int.negOfNat 1).rawCast))
                              (Mathlib.Tactic.Ring.Common.add_pf_zero_add
                                (b ^ Nat.rawCast 1 * (Int.negOfNat 1).rawCast + 0))))))
                      (Mathlib.Tactic.Ring.Common.add_mul
                        (Mathlib.Tactic.Ring.Common.mul_add
                          (Mathlib.Tactic.Ring.Common.mul_pf_left ν (Nat.rawCast 1)
                            (Mathlib.Tactic.Ring.Common.mul_pf_right A (Nat.rawCast 1)
                              (Mathlib.Meta.NormNum.IsNat.to_raw_eq
                                (Mathlib.Meta.NormNum.isNat_mul (Eq.refl HMul.hMul)
                                  (Mathlib.Meta.NormNum.IsNat.of_raw ℝ 1) (Mathlib.Meta.NormNum.IsNat.of_raw ℝ 1)
                                  (Eq.refl 1)))))
                          (Mathlib.Tactic.Ring.Common.mul_add
                            (Mathlib.Tactic.Ring.Common.mul_pf_left ν (Nat.rawCast 1)
                              (Mathlib.Tactic.Ring.Common.mul_pf_right A (Nat.rawCast 1)
                                (Mathlib.Tactic.Ring.Common.mul_pf_right η (Nat.rawCast 1)
                                  (Mathlib.Meta.NormNum.IsInt.to_raw_eq
                                    (Mathlib.Meta.NormNum.isInt_mul (Eq.refl HMul.hMul)
                                      (Mathlib.Meta.NormNum.IsNat.to_isInt (Mathlib.Meta.NormNum.IsNat.of_raw ℝ 1))
                                      (Mathlib.Meta.NormNum.IsInt.of_raw ℝ (Int.negOfNat 1))
                                      (Eq.refl (Int.negOfNat 1)))))))
                            (Mathlib.Tactic.Ring.Common.mul_add
                              (Mathlib.Tactic.Ring.Common.mul_pf_left ν (Nat.rawCast 1)
                                (Mathlib.Tactic.Ring.Common.mul_pf_right b (Nat.rawCast 1)
                                  (Mathlib.Meta.NormNum.IsInt.to_raw_eq
                                    (Mathlib.Meta.NormNum.isInt_mul (Eq.refl HMul.hMul)
                                      (Mathlib.Meta.NormNum.IsNat.to_isInt (Mathlib.Meta.NormNum.IsNat.of_raw ℝ 1))
                                      (Mathlib.Meta.NormNum.IsInt.of_raw ℝ (Int.negOfNat 1))
                                      (Eq.refl (Int.negOfNat 1))))))
                              (Mathlib.Tactic.Ring.Common.mul_zero (ν ^ Nat.rawCast 1 * Nat.rawCast 1))
                              (Mathlib.Tactic.Ring.Common.add_pf_add_zero
                                (ν ^ Nat.rawCast 1 * (b ^ Nat.rawCast 1 * (Int.negOfNat 1).rawCast) + 0)))
                            (Mathlib.Tactic.Ring.Common.add_pf_add_lt
                              (ν ^ Nat.rawCast 1 * (A ^ Nat.rawCast 1 * (η ^ Nat.rawCast 1 * (Int.negOfNat 1).rawCast)))
                              (Mathlib.Tactic.Ring.Common.add_pf_zero_add
                                (ν ^ Nat.rawCast 1 * (b ^ Nat.rawCast 1 * (Int.negOfNat 1).rawCast) + 0))))
                          (Mathlib.Tactic.Ring.Common.add_pf_add_lt
                            (ν ^ Nat.rawCast 1 * (A ^ Nat.rawCast 1 * Nat.rawCast 1))
                            (Mathlib.Tactic.Ring.Common.add_pf_zero_add
                              (ν ^ Nat.rawCast 1 *
                                  (A ^ Nat.rawCast 1 * (η ^ Nat.rawCast 1 * (Int.negOfNat 1).rawCast)) +
                                (ν ^ Nat.rawCast 1 * (b ^ Nat.rawCast 1 * (Int.negOfNat 1).rawCast) + 0)))))
                        (Mathlib.Tactic.Ring.Common.zero_mul
                          (A ^ Nat.rawCast 1 * Nat.rawCast 1 +
                            (A ^ Nat.rawCast 1 * (η ^ Nat.rawCast 1 * (Int.negOfNat 1).rawCast) +
                              (b ^ Nat.rawCast 1 * (Int.negOfNat 1).rawCast + 0))))
                        (Mathlib.Tactic.Ring.Common.add_pf_add_zero
                          (ν ^ Nat.rawCast 1 * (A ^ Nat.rawCast 1 * Nat.rawCast 1) +
                            (ν ^ Nat.rawCast 1 * (A ^ Nat.rawCast 1 * (η ^ Nat.rawCast 1 * (Int.negOfNat 1).rawCast)) +
                              (ν ^ Nat.rawCast 1 * (b ^ Nat.rawCast 1 * (Int.negOfNat 1).rawCast) + 0))))))
                    (Mathlib.Tactic.Ring.Common.sub_congr
                      (Mathlib.Tactic.Ring.cast_pos (Mathlib.Meta.NormNum.isNat_ofNat ℝ Nat.cast_one))
                      (Mathlib.Tactic.Ring.Common.atom_pf b rfl
                        (Eq.mpr
                          (id
                            (congrArg (fun _a => b ^ Nat.rawCast 1 * Nat.rawCast 1 = b ^ Nat.rawCast 1 * _a)
                              (Eq.symm rfl)))
                          (Eq.refl (b ^ Nat.rawCast 1 * Nat.rawCast 1))))
                      (Mathlib.Tactic.Ring.Common.sub_pf
                        (Mathlib.Tactic.Ring.Common.neg_add
                          (Mathlib.Tactic.Ring.Common.neg_mul b (Nat.rawCast 1)
                            (Mathlib.Meta.NormNum.IsInt.to_raw_eq
                              (Mathlib.Meta.NormNum.isInt_neg (Eq.refl Neg.neg)
                                (Mathlib.Meta.NormNum.IsNat.to_isInt (Mathlib.Meta.NormNum.IsNat.of_raw ℝ 1))
                                (Eq.refl (Int.negOfNat 1)))))
                          Mathlib.Tactic.Ring.Common.neg_zero)
                        (Mathlib.Tactic.Ring.Common.add_pf_add_lt (Nat.rawCast 1)
                          (Mathlib.Tactic.Ring.Common.add_pf_zero_add
                            (b ^ Nat.rawCast 1 * (Int.negOfNat 1).rawCast + 0)))))
                    (Mathlib.Tactic.Ring.Common.sub_pf
                      (Mathlib.Tactic.Ring.Common.neg_add
                        (Mathlib.Meta.NormNum.IsInt.to_raw_eq
                          (Mathlib.Meta.NormNum.isInt_neg (Eq.refl Neg.neg)
                            (Mathlib.Meta.NormNum.IsNat.to_isInt (Mathlib.Meta.NormNum.IsNat.of_raw ℝ 1))
                            (Eq.refl (Int.negOfNat 1))))
                        (Mathlib.Tactic.Ring.Common.neg_add
                          (Mathlib.Tactic.Ring.Common.neg_mul b (Nat.rawCast 1)
                            (Mathlib.Meta.NormNum.IsNat.to_raw_eq
                              (Mathlib.Meta.NormNum.IsInt.to_isNat
                                (Mathlib.Meta.NormNum.isInt_neg (Eq.refl Neg.neg)
                                  (Mathlib.Meta.NormNum.IsInt.of_raw ℝ (Int.negOfNat 1)) (Eq.refl (Int.ofNat 1))))))
                          Mathlib.Tactic.Ring.Common.neg_zero))
                      (Mathlib.Tactic.Ring.Common.add_pf_add_gt (Int.negOfNat 1).rawCast
                        (Mathlib.Tactic.Ring.Common.add_pf_add_lt
                          (ν ^ Nat.rawCast 1 * (A ^ Nat.rawCast 1 * Nat.rawCast 1))
                          (Mathlib.Tactic.Ring.Common.add_pf_add_lt
                            (ν ^ Nat.rawCast 1 * (A ^ Nat.rawCast 1 * (η ^ Nat.rawCast 1 * (Int.negOfNat 1).rawCast)))
                            (Mathlib.Tactic.Ring.Common.add_pf_add_lt
                              (ν ^ Nat.rawCast 1 * (b ^ Nat.rawCast 1 * (Int.negOfNat 1).rawCast))
                              (Mathlib.Tactic.Ring.Common.add_pf_zero_add (b ^ Nat.rawCast 1 * Nat.rawCast 1 + 0))))))))
                  (Mathlib.Tactic.Ring.Common.sub_congr
                    (Mathlib.Tactic.Ring.Common.mul_congr
                      (Mathlib.Tactic.Ring.Common.atom_pf ν rfl
                        (Eq.mpr
                          (id
                            (congrArg (fun _a => ν ^ Nat.rawCast 1 * Nat.rawCast 1 = ν ^ Nat.rawCast 1 * _a)
                              (Eq.symm rfl)))
                          (Eq.refl (ν ^ Nat.rawCast 1 * Nat.rawCast 1))))
                      (Mathlib.Tactic.Ring.Common.sub_congr
                        (Mathlib.Tactic.Ring.Common.mul_congr
                          (Mathlib.Tactic.Ring.Common.atom_pf A rfl
                            (Eq.mpr
                              (id
                                (congrArg (fun _a => A ^ Nat.rawCast 1 * Nat.rawCast 1 = A ^ Nat.rawCast 1 * _a)
                                  (Eq.symm rfl)))
                              (Eq.refl (A ^ Nat.rawCast 1 * Nat.rawCast 1))))
                          (Mathlib.Tactic.Ring.Common.sub_congr
                            (Mathlib.Tactic.Ring.cast_pos (Mathlib.Meta.NormNum.isNat_ofNat ℝ Nat.cast_one))
                            (Mathlib.Tactic.Ring.Common.atom_pf η rfl
                              (Eq.mpr
                                (id
                                  (congrArg (fun _a => η ^ Nat.rawCast 1 * Nat.rawCast 1 = η ^ Nat.rawCast 1 * _a)
                                    (Eq.symm rfl)))
                                (Eq.refl (η ^ Nat.rawCast 1 * Nat.rawCast 1))))
                            (Mathlib.Tactic.Ring.Common.sub_pf
                              (Mathlib.Tactic.Ring.Common.neg_add
                                (Mathlib.Tactic.Ring.Common.neg_mul η (Nat.rawCast 1)
                                  (Mathlib.Meta.NormNum.IsInt.to_raw_eq
                                    (Mathlib.Meta.NormNum.isInt_neg (Eq.refl Neg.neg)
                                      (Mathlib.Meta.NormNum.IsNat.to_isInt (Mathlib.Meta.NormNum.IsNat.of_raw ℝ 1))
                                      (Eq.refl (Int.negOfNat 1)))))
                                Mathlib.Tactic.Ring.Common.neg_zero)
                              (Mathlib.Tactic.Ring.Common.add_pf_add_lt (Nat.rawCast 1)
                                (Mathlib.Tactic.Ring.Common.add_pf_zero_add
                                  (η ^ Nat.rawCast 1 * (Int.negOfNat 1).rawCast + 0)))))
                          (Mathlib.Tactic.Ring.Common.add_mul
                            (Mathlib.Tactic.Ring.Common.mul_add
                              (Mathlib.Tactic.Ring.Common.mul_pf_left A (Nat.rawCast 1)
                                (Mathlib.Meta.NormNum.IsNat.to_raw_eq
                                  (Mathlib.Meta.NormNum.isNat_mul (Eq.refl HMul.hMul)
                                    (Mathlib.Meta.NormNum.IsNat.of_raw ℝ 1) (Mathlib.Meta.NormNum.IsNat.of_raw ℝ 1)
                                    (Eq.refl 1))))
                              (Mathlib.Tactic.Ring.Common.mul_add
                                (Mathlib.Tactic.Ring.Common.mul_pf_left A (Nat.rawCast 1)
                                  (Mathlib.Tactic.Ring.Common.mul_pf_right η (Nat.rawCast 1)
                                    (Mathlib.Meta.NormNum.IsInt.to_raw_eq
                                      (Mathlib.Meta.NormNum.isInt_mul (Eq.refl HMul.hMul)
                                        (Mathlib.Meta.NormNum.IsNat.to_isInt (Mathlib.Meta.NormNum.IsNat.of_raw ℝ 1))
                                        (Mathlib.Meta.NormNum.IsInt.of_raw ℝ (Int.negOfNat 1))
                                        (Eq.refl (Int.negOfNat 1))))))
                                (Mathlib.Tactic.Ring.Common.mul_zero (A ^ Nat.rawCast 1 * Nat.rawCast 1))
                                (Mathlib.Tactic.Ring.Common.add_pf_add_zero
                                  (A ^ Nat.rawCast 1 * (η ^ Nat.rawCast 1 * (Int.negOfNat 1).rawCast) + 0)))
                              (Mathlib.Tactic.Ring.Common.add_pf_add_lt (A ^ Nat.rawCast 1 * Nat.rawCast 1)
                                (Mathlib.Tactic.Ring.Common.add_pf_zero_add
                                  (A ^ Nat.rawCast 1 * (η ^ Nat.rawCast 1 * (Int.negOfNat 1).rawCast) + 0))))
                            (Mathlib.Tactic.Ring.Common.zero_mul
                              (Nat.rawCast 1 + (η ^ Nat.rawCast 1 * (Int.negOfNat 1).rawCast + 0)))
                            (Mathlib.Tactic.Ring.Common.add_pf_add_zero
                              (A ^ Nat.rawCast 1 * Nat.rawCast 1 +
                                (A ^ Nat.rawCast 1 * (η ^ Nat.rawCast 1 * (Int.negOfNat 1).rawCast) + 0)))))
                        (Mathlib.Tactic.Ring.Common.atom_pf θ rfl
                          (Eq.mpr
                            (id
                              (congrArg (fun _a => θ ^ Nat.rawCast 1 * Nat.rawCast 1 = θ ^ Nat.rawCast 1 * _a)
                                (Eq.symm rfl)))
                            (Eq.refl (θ ^ Nat.rawCast 1 * Nat.rawCast 1))))
                        (Mathlib.Tactic.Ring.Common.sub_pf
                          (Mathlib.Tactic.Ring.Common.neg_add
                            (Mathlib.Tactic.Ring.Common.neg_mul θ (Nat.rawCast 1)
                              (Mathlib.Meta.NormNum.IsInt.to_raw_eq
                                (Mathlib.Meta.NormNum.isInt_neg (Eq.refl Neg.neg)
                                  (Mathlib.Meta.NormNum.IsNat.to_isInt (Mathlib.Meta.NormNum.IsNat.of_raw ℝ 1))
                                  (Eq.refl (Int.negOfNat 1)))))
                            Mathlib.Tactic.Ring.Common.neg_zero)
                          (Mathlib.Tactic.Ring.Common.add_pf_add_lt (A ^ Nat.rawCast 1 * Nat.rawCast 1)
                            (Mathlib.Tactic.Ring.Common.add_pf_add_lt
                              (A ^ Nat.rawCast 1 * (η ^ Nat.rawCast 1 * (Int.negOfNat 1).rawCast))
                              (Mathlib.Tactic.Ring.Common.add_pf_zero_add
                                (θ ^ Nat.rawCast 1 * (Int.negOfNat 1).rawCast + 0))))))
                      (Mathlib.Tactic.Ring.Common.add_mul
                        (Mathlib.Tactic.Ring.Common.mul_add
                          (Mathlib.Tactic.Ring.Common.mul_pf_left ν (Nat.rawCast 1)
                            (Mathlib.Tactic.Ring.Common.mul_pf_right A (Nat.rawCast 1)
                              (Mathlib.Meta.NormNum.IsNat.to_raw_eq
                                (Mathlib.Meta.NormNum.isNat_mul (Eq.refl HMul.hMul)
                                  (Mathlib.Meta.NormNum.IsNat.of_raw ℝ 1) (Mathlib.Meta.NormNum.IsNat.of_raw ℝ 1)
                                  (Eq.refl 1)))))
                          (Mathlib.Tactic.Ring.Common.mul_add
                            (Mathlib.Tactic.Ring.Common.mul_pf_left ν (Nat.rawCast 1)
                              (Mathlib.Tactic.Ring.Common.mul_pf_right A (Nat.rawCast 1)
                                (Mathlib.Tactic.Ring.Common.mul_pf_right η (Nat.rawCast 1)
                                  (Mathlib.Meta.NormNum.IsInt.to_raw_eq
                                    (Mathlib.Meta.NormNum.isInt_mul (Eq.refl HMul.hMul)
                                      (Mathlib.Meta.NormNum.IsNat.to_isInt (Mathlib.Meta.NormNum.IsNat.of_raw ℝ 1))
                                      (Mathlib.Meta.NormNum.IsInt.of_raw ℝ (Int.negOfNat 1))
                                      (Eq.refl (Int.negOfNat 1)))))))
                            (Mathlib.Tactic.Ring.Common.mul_add
                              (Mathlib.Tactic.Ring.Common.mul_pf_left ν (Nat.rawCast 1)
                                (Mathlib.Tactic.Ring.Common.mul_pf_right θ (Nat.rawCast 1)
                                  (Mathlib.Meta.NormNum.IsInt.to_raw_eq
                                    (Mathlib.Meta.NormNum.isInt_mul (Eq.refl HMul.hMul)
                                      (Mathlib.Meta.NormNum.IsNat.to_isInt (Mathlib.Meta.NormNum.IsNat.of_raw ℝ 1))
                                      (Mathlib.Meta.NormNum.IsInt.of_raw ℝ (Int.negOfNat 1))
                                      (Eq.refl (Int.negOfNat 1))))))
                              (Mathlib.Tactic.Ring.Common.mul_zero (ν ^ Nat.rawCast 1 * Nat.rawCast 1))
                              (Mathlib.Tactic.Ring.Common.add_pf_add_zero
                                (ν ^ Nat.rawCast 1 * (θ ^ Nat.rawCast 1 * (Int.negOfNat 1).rawCast) + 0)))
                            (Mathlib.Tactic.Ring.Common.add_pf_add_lt
                              (ν ^ Nat.rawCast 1 * (A ^ Nat.rawCast 1 * (η ^ Nat.rawCast 1 * (Int.negOfNat 1).rawCast)))
                              (Mathlib.Tactic.Ring.Common.add_pf_zero_add
                                (ν ^ Nat.rawCast 1 * (θ ^ Nat.rawCast 1 * (Int.negOfNat 1).rawCast) + 0))))
                          (Mathlib.Tactic.Ring.Common.add_pf_add_lt
                            (ν ^ Nat.rawCast 1 * (A ^ Nat.rawCast 1 * Nat.rawCast 1))
                            (Mathlib.Tactic.Ring.Common.add_pf_zero_add
                              (ν ^ Nat.rawCast 1 *
                                  (A ^ Nat.rawCast 1 * (η ^ Nat.rawCast 1 * (Int.negOfNat 1).rawCast)) +
                                (ν ^ Nat.rawCast 1 * (θ ^ Nat.rawCast 1 * (Int.negOfNat 1).rawCast) + 0)))))
                        (Mathlib.Tactic.Ring.Common.zero_mul
                          (A ^ Nat.rawCast 1 * Nat.rawCast 1 +
                            (A ^ Nat.rawCast 1 * (η ^ Nat.rawCast 1 * (Int.negOfNat 1).rawCast) +
                              (θ ^ Nat.rawCast 1 * (Int.negOfNat 1).rawCast + 0))))
                        (Mathlib.Tactic.Ring.Common.add_pf_add_zero
                          (ν ^ Nat.rawCast 1 * (A ^ Nat.rawCast 1 * Nat.rawCast 1) +
                            (ν ^ Nat.rawCast 1 * (A ^ Nat.rawCast 1 * (η ^ Nat.rawCast 1 * (Int.negOfNat 1).rawCast)) +
                              (ν ^ Nat.rawCast 1 * (θ ^ Nat.rawCast 1 * (Int.negOfNat 1).rawCast) + 0))))))
                    (Mathlib.Tactic.Ring.Common.sub_congr
                      (Mathlib.Tactic.Ring.cast_pos (Mathlib.Meta.NormNum.isNat_ofNat ℝ Nat.cast_one))
                      (Mathlib.Tactic.Ring.Common.atom_pf θ rfl
                        (Eq.mpr
                          (id
                            (congrArg (fun _a => θ ^ Nat.rawCast 1 * Nat.rawCast 1 = θ ^ Nat.rawCast 1 * _a)
                              (Eq.symm rfl)))
                          (Eq.refl (θ ^ Nat.rawCast 1 * Nat.rawCast 1))))
                      (Mathlib.Tactic.Ring.Common.sub_pf
                        (Mathlib.Tactic.Ring.Common.neg_add
                          (Mathlib.Tactic.Ring.Common.neg_mul θ (Nat.rawCast 1)
                            (Mathlib.Meta.NormNum.IsInt.to_raw_eq
                              (Mathlib.Meta.NormNum.isInt_neg (Eq.refl Neg.neg)
                                (Mathlib.Meta.NormNum.IsNat.to_isInt (Mathlib.Meta.NormNum.IsNat.of_raw ℝ 1))
                                (Eq.refl (Int.negOfNat 1)))))
                          Mathlib.Tactic.Ring.Common.neg_zero)
                        (Mathlib.Tactic.Ring.Common.add_pf_add_lt (Nat.rawCast 1)
                          (Mathlib.Tactic.Ring.Common.add_pf_zero_add
                            (θ ^ Nat.rawCast 1 * (Int.negOfNat 1).rawCast + 0)))))
                    (Mathlib.Tactic.Ring.Common.sub_pf
                      (Mathlib.Tactic.Ring.Common.neg_add
                        (Mathlib.Meta.NormNum.IsInt.to_raw_eq
                          (Mathlib.Meta.NormNum.isInt_neg (Eq.refl Neg.neg)
                            (Mathlib.Meta.NormNum.IsNat.to_isInt (Mathlib.Meta.NormNum.IsNat.of_raw ℝ 1))
                            (Eq.refl (Int.negOfNat 1))))
                        (Mathlib.Tactic.Ring.Common.neg_add
                          (Mathlib.Tactic.Ring.Common.neg_mul θ (Nat.rawCast 1)
                            (Mathlib.Meta.NormNum.IsNat.to_raw_eq
                              (Mathlib.Meta.NormNum.IsInt.to_isNat
                                (Mathlib.Meta.NormNum.isInt_neg (Eq.refl Neg.neg)
                                  (Mathlib.Meta.NormNum.IsInt.of_raw ℝ (Int.negOfNat 1)) (Eq.refl (Int.ofNat 1))))))
                          Mathlib.Tactic.Ring.Common.neg_zero))
                      (Mathlib.Tactic.Ring.Common.add_pf_add_gt (Int.negOfNat 1).rawCast
                        (Mathlib.Tactic.Ring.Common.add_pf_add_lt
                          (ν ^ Nat.rawCast 1 * (A ^ Nat.rawCast 1 * Nat.rawCast 1))
                          (Mathlib.Tactic.Ring.Common.add_pf_add_lt
                            (ν ^ Nat.rawCast 1 * (A ^ Nat.rawCast 1 * (η ^ Nat.rawCast 1 * (Int.negOfNat 1).rawCast)))
                            (Mathlib.Tactic.Ring.Common.add_pf_add_lt
                              (ν ^ Nat.rawCast 1 * (θ ^ Nat.rawCast 1 * (Int.negOfNat 1).rawCast))
                              (Mathlib.Tactic.Ring.Common.add_pf_zero_add (θ ^ Nat.rawCast 1 * Nat.rawCast 1 + 0))))))))
                  (Mathlib.Tactic.Ring.Common.sub_pf
                    (Mathlib.Tactic.Ring.Common.neg_add
                      (Mathlib.Meta.NormNum.IsNat.to_raw_eq
                        (Mathlib.Meta.NormNum.IsInt.to_isNat
                          (Mathlib.Meta.NormNum.isInt_neg (Eq.refl Neg.neg)
                            (Mathlib.Meta.NormNum.IsInt.of_raw ℝ (Int.negOfNat 1)) (Eq.refl (Int.ofNat 1)))))
                      (Mathlib.Tactic.Ring.Common.neg_add
                        (Mathlib.Tactic.Ring.Common.neg_mul ν (Nat.rawCast 1)
                          (Mathlib.Tactic.Ring.Common.neg_mul A (Nat.rawCast 1)
                            (Mathlib.Meta.NormNum.IsInt.to_raw_eq
                              (Mathlib.Meta.NormNum.isInt_neg (Eq.refl Neg.neg)
                                (Mathlib.Meta.NormNum.IsNat.to_isInt (Mathlib.Meta.NormNum.IsNat.of_raw ℝ 1))
                                (Eq.refl (Int.negOfNat 1))))))
                        (Mathlib.Tactic.Ring.Common.neg_add
                          (Mathlib.Tactic.Ring.Common.neg_mul ν (Nat.rawCast 1)
                            (Mathlib.Tactic.Ring.Common.neg_mul A (Nat.rawCast 1)
                              (Mathlib.Tactic.Ring.Common.neg_mul η (Nat.rawCast 1)
                                (Mathlib.Meta.NormNum.IsNat.to_raw_eq
                                  (Mathlib.Meta.NormNum.IsInt.to_isNat
                                    (Mathlib.Meta.NormNum.isInt_neg (Eq.refl Neg.neg)
                                      (Mathlib.Meta.NormNum.IsInt.of_raw ℝ (Int.negOfNat 1))
                                      (Eq.refl (Int.ofNat 1))))))))
                          (Mathlib.Tactic.Ring.Common.neg_add
                            (Mathlib.Tactic.Ring.Common.neg_mul ν (Nat.rawCast 1)
                              (Mathlib.Tactic.Ring.Common.neg_mul θ (Nat.rawCast 1)
                                (Mathlib.Meta.NormNum.IsNat.to_raw_eq
                                  (Mathlib.Meta.NormNum.IsInt.to_isNat
                                    (Mathlib.Meta.NormNum.isInt_neg (Eq.refl Neg.neg)
                                      (Mathlib.Meta.NormNum.IsInt.of_raw ℝ (Int.negOfNat 1))
                                      (Eq.refl (Int.ofNat 1)))))))
                            (Mathlib.Tactic.Ring.Common.neg_add
                              (Mathlib.Tactic.Ring.Common.neg_mul θ (Nat.rawCast 1)
                                (Mathlib.Meta.NormNum.IsInt.to_raw_eq
                                  (Mathlib.Meta.NormNum.isInt_neg (Eq.refl Neg.neg)
                                    (Mathlib.Meta.NormNum.IsNat.to_isInt (Mathlib.Meta.NormNum.IsNat.of_raw ℝ 1))
                                    (Eq.refl (Int.negOfNat 1)))))
                              Mathlib.Tactic.Ring.Common.neg_zero)))))
                    (Mathlib.Tactic.Ring.Common.add_pf_add_overlap_zero
                      (Mathlib.Meta.NormNum.IsInt.to_isNat
                        (Mathlib.Meta.NormNum.isInt_add (Eq.refl HAdd.hAdd)
                          (Mathlib.Meta.NormNum.IsInt.of_raw ℝ (Int.negOfNat 1))
                          (Mathlib.Meta.NormNum.IsNat.to_isInt (Mathlib.Meta.NormNum.IsNat.of_raw ℝ 1))
                          (Eq.refl (Int.ofNat 0))))
                      (Mathlib.Tactic.Ring.Common.add_pf_add_overlap_zero
                        (Mathlib.Tactic.Ring.Common.add_overlap_pf_zero ν (Nat.rawCast 1)
                          (Mathlib.Tactic.Ring.Common.add_overlap_pf_zero A (Nat.rawCast 1)
                            (Mathlib.Meta.NormNum.IsInt.to_isNat
                              (Mathlib.Meta.NormNum.isInt_add (Eq.refl HAdd.hAdd)
                                (Mathlib.Meta.NormNum.IsNat.to_isInt (Mathlib.Meta.NormNum.IsNat.of_raw ℝ 1))
                                (Mathlib.Meta.NormNum.IsInt.of_raw ℝ (Int.negOfNat 1)) (Eq.refl (Int.ofNat 0))))))
                        (Mathlib.Tactic.Ring.Common.add_pf_add_overlap_zero
                          (Mathlib.Tactic.Ring.Common.add_overlap_pf_zero ν (Nat.rawCast 1)
                            (Mathlib.Tactic.Ring.Common.add_overlap_pf_zero A (Nat.rawCast 1)
                              (Mathlib.Tactic.Ring.Common.add_overlap_pf_zero η (Nat.rawCast 1)
                                (Mathlib.Meta.NormNum.IsInt.to_isNat
                                  (Mathlib.Meta.NormNum.isInt_add (Eq.refl HAdd.hAdd)
                                    (Mathlib.Meta.NormNum.IsInt.of_raw ℝ (Int.negOfNat 1))
                                    (Mathlib.Meta.NormNum.IsNat.to_isInt (Mathlib.Meta.NormNum.IsNat.of_raw ℝ 1))
                                    (Eq.refl (Int.ofNat 0)))))))
                          (Mathlib.Tactic.Ring.Common.add_pf_add_lt
                            (ν ^ Nat.rawCast 1 * (b ^ Nat.rawCast 1 * (Int.negOfNat 1).rawCast))
                            (Mathlib.Tactic.Ring.Common.add_pf_add_gt
                              (ν ^ Nat.rawCast 1 * (θ ^ Nat.rawCast 1 * Nat.rawCast 1))
                              (Mathlib.Tactic.Ring.Common.add_pf_add_lt (b ^ Nat.rawCast 1 * Nat.rawCast 1)
                                (Mathlib.Tactic.Ring.Common.add_pf_zero_add
                                  (θ ^ Nat.rawCast 1 * (Int.negOfNat 1).rawCast + 0))))))))))
                (Mathlib.Tactic.Ring.Common.sub_congr
                  (Mathlib.Tactic.Ring.cast_zero (Mathlib.Meta.NormNum.isNat_ofNat ℝ Nat.cast_zero))
                  (Mathlib.Tactic.Ring.Common.mul_congr
                    (Mathlib.Tactic.Ring.Common.sub_congr
                      (Mathlib.Tactic.Ring.cast_pos (Mathlib.Meta.NormNum.isNat_ofNat ℝ Nat.cast_one))
                      (Mathlib.Tactic.Ring.Common.atom_pf ν rfl
                        (Eq.mpr
                          (id
                            (congrArg (fun _a => ν ^ Nat.rawCast 1 * Nat.rawCast 1 = ν ^ Nat.rawCast 1 * _a)
                              (Eq.symm rfl)))
                          (Eq.refl (ν ^ Nat.rawCast 1 * Nat.rawCast 1))))
                      (Mathlib.Tactic.Ring.Common.sub_pf
                        (Mathlib.Tactic.Ring.Common.neg_add
                          (Mathlib.Tactic.Ring.Common.neg_mul ν (Nat.rawCast 1)
                            (Mathlib.Meta.NormNum.IsInt.to_raw_eq
                              (Mathlib.Meta.NormNum.isInt_neg (Eq.refl Neg.neg)
                                (Mathlib.Meta.NormNum.IsNat.to_isInt (Mathlib.Meta.NormNum.IsNat.of_raw ℝ 1))
                                (Eq.refl (Int.negOfNat 1)))))
                          Mathlib.Tactic.Ring.Common.neg_zero)
                        (Mathlib.Tactic.Ring.Common.add_pf_add_lt (Nat.rawCast 1)
                          (Mathlib.Tactic.Ring.Common.add_pf_zero_add
                            (ν ^ Nat.rawCast 1 * (Int.negOfNat 1).rawCast + 0)))))
                    (Mathlib.Tactic.Ring.Common.sub_congr
                      (Mathlib.Tactic.Ring.Common.atom_pf b rfl
                        (Eq.mpr
                          (id
                            (congrArg (fun _a => b ^ Nat.rawCast 1 * Nat.rawCast 1 = b ^ Nat.rawCast 1 * _a)
                              (Eq.symm rfl)))
                          (Eq.refl (b ^ Nat.rawCast 1 * Nat.rawCast 1))))
                      (Mathlib.Tactic.Ring.Common.atom_pf θ rfl
                        (Eq.mpr
                          (id
                            (congrArg (fun _a => θ ^ Nat.rawCast 1 * Nat.rawCast 1 = θ ^ Nat.rawCast 1 * _a)
                              (Eq.symm rfl)))
                          (Eq.refl (θ ^ Nat.rawCast 1 * Nat.rawCast 1))))
                      (Mathlib.Tactic.Ring.Common.sub_pf
                        (Mathlib.Tactic.Ring.Common.neg_add
                          (Mathlib.Tactic.Ring.Common.neg_mul θ (Nat.rawCast 1)
                            (Mathlib.Meta.NormNum.IsInt.to_raw_eq
                              (Mathlib.Meta.NormNum.isInt_neg (Eq.refl Neg.neg)
                                (Mathlib.Meta.NormNum.IsNat.to_isInt (Mathlib.Meta.NormNum.IsNat.of_raw ℝ 1))
                                (Eq.refl (Int.negOfNat 1)))))
                          Mathlib.Tactic.Ring.Common.neg_zero)
                        (Mathlib.Tactic.Ring.Common.add_pf_add_lt (b ^ Nat.rawCast 1 * Nat.rawCast 1)
                          (Mathlib.Tactic.Ring.Common.add_pf_zero_add
                            (θ ^ Nat.rawCast 1 * (Int.negOfNat 1).rawCast + 0)))))
                    (Mathlib.Tactic.Ring.Common.add_mul
                      (Mathlib.Tactic.Ring.Common.mul_add
                        (Mathlib.Tactic.Ring.Common.mul_pf_right b (Nat.rawCast 1)
                          (Mathlib.Meta.NormNum.IsNat.to_raw_eq
                            (Mathlib.Meta.NormNum.isNat_mul (Eq.refl HMul.hMul) (Mathlib.Meta.NormNum.IsNat.of_raw ℝ 1)
                              (Mathlib.Meta.NormNum.IsNat.of_raw ℝ 1) (Eq.refl 1))))
                        (Mathlib.Tactic.Ring.Common.mul_add
                          (Mathlib.Tactic.Ring.Common.mul_pf_right θ (Nat.rawCast 1)
                            (Mathlib.Meta.NormNum.IsInt.to_raw_eq
                              (Mathlib.Meta.NormNum.isInt_mul (Eq.refl HMul.hMul)
                                (Mathlib.Meta.NormNum.IsNat.to_isInt (Mathlib.Meta.NormNum.IsNat.of_raw ℝ 1))
                                (Mathlib.Meta.NormNum.IsInt.of_raw ℝ (Int.negOfNat 1)) (Eq.refl (Int.negOfNat 1)))))
                          (Mathlib.Tactic.Ring.Common.mul_zero (Nat.rawCast 1))
                          (Mathlib.Tactic.Ring.Common.add_pf_add_zero
                            (θ ^ Nat.rawCast 1 * (Int.negOfNat 1).rawCast + 0)))
                        (Mathlib.Tactic.Ring.Common.add_pf_add_lt (b ^ Nat.rawCast 1 * Nat.rawCast 1)
                          (Mathlib.Tactic.Ring.Common.add_pf_zero_add
                            (θ ^ Nat.rawCast 1 * (Int.negOfNat 1).rawCast + 0))))
                      (Mathlib.Tactic.Ring.Common.add_mul
                        (Mathlib.Tactic.Ring.Common.mul_add
                          (Mathlib.Tactic.Ring.Common.mul_pf_left ν (Nat.rawCast 1)
                            (Mathlib.Tactic.Ring.Common.mul_pf_right b (Nat.rawCast 1)
                              (Mathlib.Meta.NormNum.IsInt.to_raw_eq
                                (Mathlib.Meta.NormNum.isInt_mul (Eq.refl HMul.hMul)
                                  (Mathlib.Meta.NormNum.IsInt.of_raw ℝ (Int.negOfNat 1))
                                  (Mathlib.Meta.NormNum.IsNat.to_isInt (Mathlib.Meta.NormNum.IsNat.of_raw ℝ 1))
                                  (Eq.refl (Int.negOfNat 1))))))
                          (Mathlib.Tactic.Ring.Common.mul_add
                            (Mathlib.Tactic.Ring.Common.mul_pf_left ν (Nat.rawCast 1)
                              (Mathlib.Tactic.Ring.Common.mul_pf_right θ (Nat.rawCast 1)
                                (Mathlib.Meta.NormNum.IsNat.to_raw_eq
                                  (Mathlib.Meta.NormNum.IsInt.to_isNat
                                    (Mathlib.Meta.NormNum.isInt_mul (Eq.refl HMul.hMul)
                                      (Mathlib.Meta.NormNum.IsInt.of_raw ℝ (Int.negOfNat 1))
                                      (Mathlib.Meta.NormNum.IsInt.of_raw ℝ (Int.negOfNat 1))
                                      (Eq.refl (Int.ofNat 1)))))))
                            (Mathlib.Tactic.Ring.Common.mul_zero (ν ^ Nat.rawCast 1 * (Int.negOfNat 1).rawCast))
                            (Mathlib.Tactic.Ring.Common.add_pf_add_zero
                              (ν ^ Nat.rawCast 1 * (θ ^ Nat.rawCast 1 * Nat.rawCast 1) + 0)))
                          (Mathlib.Tactic.Ring.Common.add_pf_add_lt
                            (ν ^ Nat.rawCast 1 * (b ^ Nat.rawCast 1 * (Int.negOfNat 1).rawCast))
                            (Mathlib.Tactic.Ring.Common.add_pf_zero_add
                              (ν ^ Nat.rawCast 1 * (θ ^ Nat.rawCast 1 * Nat.rawCast 1) + 0))))
                        (Mathlib.Tactic.Ring.Common.zero_mul
                          (b ^ Nat.rawCast 1 * Nat.rawCast 1 + (θ ^ Nat.rawCast 1 * (Int.negOfNat 1).rawCast + 0)))
                        (Mathlib.Tactic.Ring.Common.add_pf_add_zero
                          (ν ^ Nat.rawCast 1 * (b ^ Nat.rawCast 1 * (Int.negOfNat 1).rawCast) +
                            (ν ^ Nat.rawCast 1 * (θ ^ Nat.rawCast 1 * Nat.rawCast 1) + 0))))
                      (Mathlib.Tactic.Ring.Common.add_pf_add_gt
                        (ν ^ Nat.rawCast 1 * (b ^ Nat.rawCast 1 * (Int.negOfNat 1).rawCast))
                        (Mathlib.Tactic.Ring.Common.add_pf_add_gt
                          (ν ^ Nat.rawCast 1 * (θ ^ Nat.rawCast 1 * Nat.rawCast 1))
                          (Mathlib.Tactic.Ring.Common.add_pf_add_zero
                            (b ^ Nat.rawCast 1 * Nat.rawCast 1 +
                              (θ ^ Nat.rawCast 1 * (Int.negOfNat 1).rawCast + 0)))))))
                  (Mathlib.Tactic.Ring.Common.sub_pf
                    (Mathlib.Tactic.Ring.Common.neg_add
                      (Mathlib.Tactic.Ring.Common.neg_mul ν (Nat.rawCast 1)
                        (Mathlib.Tactic.Ring.Common.neg_mul b (Nat.rawCast 1)
                          (Mathlib.Meta.NormNum.IsNat.to_raw_eq
                            (Mathlib.Meta.NormNum.IsInt.to_isNat
                              (Mathlib.Meta.NormNum.isInt_neg (Eq.refl Neg.neg)
                                (Mathlib.Meta.NormNum.IsInt.of_raw ℝ (Int.negOfNat 1)) (Eq.refl (Int.ofNat 1)))))))
                      (Mathlib.Tactic.Ring.Common.neg_add
                        (Mathlib.Tactic.Ring.Common.neg_mul ν (Nat.rawCast 1)
                          (Mathlib.Tactic.Ring.Common.neg_mul θ (Nat.rawCast 1)
                            (Mathlib.Meta.NormNum.IsInt.to_raw_eq
                              (Mathlib.Meta.NormNum.isInt_neg (Eq.refl Neg.neg)
                                (Mathlib.Meta.NormNum.IsNat.to_isInt (Mathlib.Meta.NormNum.IsNat.of_raw ℝ 1))
                                (Eq.refl (Int.negOfNat 1))))))
                        (Mathlib.Tactic.Ring.Common.neg_add
                          (Mathlib.Tactic.Ring.Common.neg_mul b (Nat.rawCast 1)
                            (Mathlib.Meta.NormNum.IsInt.to_raw_eq
                              (Mathlib.Meta.NormNum.isInt_neg (Eq.refl Neg.neg)
                                (Mathlib.Meta.NormNum.IsNat.to_isInt (Mathlib.Meta.NormNum.IsNat.of_raw ℝ 1))
                                (Eq.refl (Int.negOfNat 1)))))
                          (Mathlib.Tactic.Ring.Common.neg_add
                            (Mathlib.Tactic.Ring.Common.neg_mul θ (Nat.rawCast 1)
                              (Mathlib.Meta.NormNum.IsNat.to_raw_eq
                                (Mathlib.Meta.NormNum.IsInt.to_isNat
                                  (Mathlib.Meta.NormNum.isInt_neg (Eq.refl Neg.neg)
                                    (Mathlib.Meta.NormNum.IsInt.of_raw ℝ (Int.negOfNat 1)) (Eq.refl (Int.ofNat 1))))))
                            Mathlib.Tactic.Ring.Common.neg_zero))))
                    (Mathlib.Tactic.Ring.Common.add_pf_zero_add
                      (ν ^ Nat.rawCast 1 * (b ^ Nat.rawCast 1 * Nat.rawCast 1) +
                        (ν ^ Nat.rawCast 1 * (θ ^ Nat.rawCast 1 * (Int.negOfNat 1).rawCast) +
                          (b ^ Nat.rawCast 1 * (Int.negOfNat 1).rawCast + (θ ^ Nat.rawCast 1 * Nat.rawCast 1 + 0)))))))
                (Mathlib.Tactic.Ring.Common.add_pf_add_overlap_zero
                  (Mathlib.Tactic.Ring.Common.add_overlap_pf_zero ν (Nat.rawCast 1)
                    (Mathlib.Tactic.Ring.Common.add_overlap_pf_zero b (Nat.rawCast 1)
                      (Mathlib.Meta.NormNum.IsInt.to_isNat
                        (Mathlib.Meta.NormNum.isInt_add (Eq.refl HAdd.hAdd)
                          (Mathlib.Meta.NormNum.IsInt.of_raw ℝ (Int.negOfNat 1))
                          (Mathlib.Meta.NormNum.IsNat.to_isInt (Mathlib.Meta.NormNum.IsNat.of_raw ℝ 1))
                          (Eq.refl (Int.ofNat 0))))))
                  (Mathlib.Tactic.Ring.Common.add_pf_add_overlap_zero
                    (Mathlib.Tactic.Ring.Common.add_overlap_pf_zero ν (Nat.rawCast 1)
                      (Mathlib.Tactic.Ring.Common.add_overlap_pf_zero θ (Nat.rawCast 1)
                        (Mathlib.Meta.NormNum.IsInt.to_isNat
                          (Mathlib.Meta.NormNum.isInt_add (Eq.refl HAdd.hAdd)
                            (Mathlib.Meta.NormNum.IsNat.to_isInt (Mathlib.Meta.NormNum.IsNat.of_raw ℝ 1))
                            (Mathlib.Meta.NormNum.IsInt.of_raw ℝ (Int.negOfNat 1)) (Eq.refl (Int.ofNat 0))))))
                    (Mathlib.Tactic.Ring.Common.add_pf_add_overlap_zero
                      (Mathlib.Tactic.Ring.Common.add_overlap_pf_zero b (Nat.rawCast 1)
                        (Mathlib.Meta.NormNum.IsInt.to_isNat
                          (Mathlib.Meta.NormNum.isInt_add (Eq.refl HAdd.hAdd)
                            (Mathlib.Meta.NormNum.IsNat.to_isInt (Mathlib.Meta.NormNum.IsNat.of_raw ℝ 1))
                            (Mathlib.Meta.NormNum.IsInt.of_raw ℝ (Int.negOfNat 1)) (Eq.refl (Int.ofNat 0)))))
                      (Mathlib.Tactic.Ring.Common.add_pf_add_overlap_zero
                        (Mathlib.Tactic.Ring.Common.add_overlap_pf_zero θ (Nat.rawCast 1)
                          (Mathlib.Meta.NormNum.IsInt.to_isNat
                            (Mathlib.Meta.NormNum.isInt_add (Eq.refl HAdd.hAdd)
                              (Mathlib.Meta.NormNum.IsInt.of_raw ℝ (Int.negOfNat 1))
                              (Mathlib.Meta.NormNum.IsNat.to_isInt (Mathlib.Meta.NormNum.IsNat.of_raw ℝ 1))
                              (Eq.refl (Int.ofNat 0)))))
                        (Mathlib.Tactic.Ring.Common.add_pf_zero_add 0))))))
              (Mathlib.Tactic.Ring.cast_zero (Mathlib.Meta.NormNum.isNat_ofNat ℝ Nat.cast_zero))))
          (Mathlib.Tactic.Linarith.add_lt_of_neg_of_le (Mathlib.Tactic.Linarith.sub_neg_of_lt a)
            (Mathlib.Tactic.Linarith.sub_nonpos_of_le
              (mul_nonneg_of_nonpos_of_nonpos (Mathlib.Tactic.Linarith.sub_nonpos_of_le hν)
                (Mathlib.Tactic.Linarith.sub_nonpos_of_le hb)))));
  Or.casesOn (le_total (-cL) (-ν * (A * (1 - η) - b)))
    (fun h =>
      False.elim
        (Mathlib.Tactic.Linarith.lt_irrefl
          (Eq.mp
            (congrArg (fun _a => _a < 0)
              (Mathlib.Tactic.Ring.of_eq
                (Mathlib.Tactic.Ring.Common.add_congr
                  (Mathlib.Tactic.Ring.Common.add_congr
                    (Mathlib.Tactic.Ring.Common.add_congr
                      (Mathlib.Tactic.Ring.Common.sub_congr
                        (Mathlib.Tactic.Ring.Common.sub_congr
                          (Mathlib.Tactic.Ring.Common.sub_congr
                            (Mathlib.Tactic.Ring.Common.neg_congr
                              (Mathlib.Tactic.Ring.Common.sub_congr
                                (Mathlib.Tactic.Ring.cast_pos (Mathlib.Meta.NormNum.isNat_ofNat ℝ Nat.cast_one))
                                (Mathlib.Tactic.Ring.Common.atom_pf b rfl
                                  (Eq.mpr
                                    (id
                                      (congrArg (fun _a => b ^ Nat.rawCast 1 * Nat.rawCast 1 = b ^ Nat.rawCast 1 * _a)
                                        (Eq.symm rfl)))
                                    (Eq.refl (b ^ Nat.rawCast 1 * Nat.rawCast 1))))
                                (Mathlib.Tactic.Ring.Common.sub_pf
                                  (Mathlib.Tactic.Ring.Common.neg_add
                                    (Mathlib.Tactic.Ring.Common.neg_mul b (Nat.rawCast 1)
                                      (Mathlib.Meta.NormNum.IsInt.to_raw_eq
                                        (Mathlib.Meta.NormNum.isInt_neg (Eq.refl Neg.neg)
                                          (Mathlib.Meta.NormNum.IsNat.to_isInt (Mathlib.Meta.NormNum.IsNat.of_raw ℝ 1))
                                          (Eq.refl (Int.negOfNat 1)))))
                                    Mathlib.Tactic.Ring.Common.neg_zero)
                                  (Mathlib.Tactic.Ring.Common.add_pf_add_lt (Nat.rawCast 1)
                                    (Mathlib.Tactic.Ring.Common.add_pf_zero_add
                                      (b ^ Nat.rawCast 1 * (Int.negOfNat 1).rawCast + 0)))))
                              (Mathlib.Tactic.Ring.Common.neg_add
                                (Mathlib.Meta.NormNum.IsInt.to_raw_eq
                                  (Mathlib.Meta.NormNum.isInt_neg (Eq.refl Neg.neg)
                                    (Mathlib.Meta.NormNum.IsNat.to_isInt (Mathlib.Meta.NormNum.IsNat.of_raw ℝ 1))
                                    (Eq.refl (Int.negOfNat 1))))
                                (Mathlib.Tactic.Ring.Common.neg_add
                                  (Mathlib.Tactic.Ring.Common.neg_mul b (Nat.rawCast 1)
                                    (Mathlib.Meta.NormNum.IsNat.to_raw_eq
                                      (Mathlib.Meta.NormNum.IsInt.to_isNat
                                        (Mathlib.Meta.NormNum.isInt_neg (Eq.refl Neg.neg)
                                          (Mathlib.Meta.NormNum.IsInt.of_raw ℝ (Int.negOfNat 1))
                                          (Eq.refl (Int.ofNat 1))))))
                                  Mathlib.Tactic.Ring.Common.neg_zero)))
                            (Mathlib.Tactic.Ring.Common.atom_pf Ea rfl
                              (Eq.mpr
                                (id
                                  (congrArg (fun _a => Ea ^ Nat.rawCast 1 * Nat.rawCast 1 = Ea ^ Nat.rawCast 1 * _a)
                                    (Eq.symm rfl)))
                                (Eq.refl (Ea ^ Nat.rawCast 1 * Nat.rawCast 1))))
                            (Mathlib.Tactic.Ring.Common.sub_pf
                              (Mathlib.Tactic.Ring.Common.neg_add
                                (Mathlib.Tactic.Ring.Common.neg_mul Ea (Nat.rawCast 1)
                                  (Mathlib.Meta.NormNum.IsInt.to_raw_eq
                                    (Mathlib.Meta.NormNum.isInt_neg (Eq.refl Neg.neg)
                                      (Mathlib.Meta.NormNum.IsNat.to_isInt (Mathlib.Meta.NormNum.IsNat.of_raw ℝ 1))
                                      (Eq.refl (Int.negOfNat 1)))))
                                Mathlib.Tactic.Ring.Common.neg_zero)
                              (Mathlib.Tactic.Ring.Common.add_pf_add_lt (Int.negOfNat 1).rawCast
                                (Mathlib.Tactic.Ring.Common.add_pf_add_lt (b ^ Nat.rawCast 1 * Nat.rawCast 1)
                                  (Mathlib.Tactic.Ring.Common.add_pf_zero_add
                                    (Ea ^ Nat.rawCast 1 * (Int.negOfNat 1).rawCast + 0))))))
                          (Mathlib.Tactic.Ring.Common.atom_pf δ rfl
                            (Eq.mpr
                              (id
                                (congrArg (fun _a => δ ^ Nat.rawCast 1 * Nat.rawCast 1 = δ ^ Nat.rawCast 1 * _a)
                                  (Eq.symm rfl)))
                              (Eq.refl (δ ^ Nat.rawCast 1 * Nat.rawCast 1))))
                          (Mathlib.Tactic.Ring.Common.sub_pf
                            (Mathlib.Tactic.Ring.Common.neg_add
                              (Mathlib.Tactic.Ring.Common.neg_mul δ (Nat.rawCast 1)
                                (Mathlib.Meta.NormNum.IsInt.to_raw_eq
                                  (Mathlib.Meta.NormNum.isInt_neg (Eq.refl Neg.neg)
                                    (Mathlib.Meta.NormNum.IsNat.to_isInt (Mathlib.Meta.NormNum.IsNat.of_raw ℝ 1))
                                    (Eq.refl (Int.negOfNat 1)))))
                              Mathlib.Tactic.Ring.Common.neg_zero)
                            (Mathlib.Tactic.Ring.Common.add_pf_add_lt (Int.negOfNat 1).rawCast
                              (Mathlib.Tactic.Ring.Common.add_pf_add_lt (b ^ Nat.rawCast 1 * Nat.rawCast 1)
                                (Mathlib.Tactic.Ring.Common.add_pf_add_lt
                                  (Ea ^ Nat.rawCast 1 * (Int.negOfNat 1).rawCast)
                                  (Mathlib.Tactic.Ring.Common.add_pf_zero_add
                                    (δ ^ Nat.rawCast 1 * (Int.negOfNat 1).rawCast + 0)))))))
                        (Mathlib.Tactic.Ring.Common.atom_pf t rfl
                          (Eq.mpr
                            (id
                              (congrArg (fun _a => t ^ Nat.rawCast 1 * Nat.rawCast 1 = t ^ Nat.rawCast 1 * _a)
                                (Eq.symm rfl)))
                            (Eq.refl (t ^ Nat.rawCast 1 * Nat.rawCast 1))))
                        (Mathlib.Tactic.Ring.Common.sub_pf
                          (Mathlib.Tactic.Ring.Common.neg_add
                            (Mathlib.Tactic.Ring.Common.neg_mul t (Nat.rawCast 1)
                              (Mathlib.Meta.NormNum.IsInt.to_raw_eq
                                (Mathlib.Meta.NormNum.isInt_neg (Eq.refl Neg.neg)
                                  (Mathlib.Meta.NormNum.IsNat.to_isInt (Mathlib.Meta.NormNum.IsNat.of_raw ℝ 1))
                                  (Eq.refl (Int.negOfNat 1)))))
                            Mathlib.Tactic.Ring.Common.neg_zero)
                          (Mathlib.Tactic.Ring.Common.add_pf_add_lt (Int.negOfNat 1).rawCast
                            (Mathlib.Tactic.Ring.Common.add_pf_add_lt (b ^ Nat.rawCast 1 * Nat.rawCast 1)
                              (Mathlib.Tactic.Ring.Common.add_pf_add_lt (Ea ^ Nat.rawCast 1 * (Int.negOfNat 1).rawCast)
                                (Mathlib.Tactic.Ring.Common.add_pf_add_lt (δ ^ Nat.rawCast 1 * (Int.negOfNat 1).rawCast)
                                  (Mathlib.Tactic.Ring.Common.add_pf_zero_add
                                    (t ^ Nat.rawCast 1 * (Int.negOfNat 1).rawCast + 0))))))))
                      (Mathlib.Tactic.Ring.Common.sub_congr
                        (Mathlib.Tactic.Ring.Common.atom_pf t rfl
                          (Eq.mpr
                            (id
                              (congrArg (fun _a => t ^ Nat.rawCast 1 * Nat.rawCast 1 = t ^ Nat.rawCast 1 * _a)
                                (Eq.symm rfl)))
                            (Eq.refl (t ^ Nat.rawCast 1 * Nat.rawCast 1))))
                        (Mathlib.Tactic.Ring.Common.add_congr
                          (Mathlib.Tactic.Ring.Common.add_congr
                            (Mathlib.Tactic.Ring.Common.atom_pf En rfl
                              (Eq.mpr
                                (id
                                  (congrArg (fun _a => En ^ Nat.rawCast 1 * Nat.rawCast 1 = En ^ Nat.rawCast 1 * _a)
                                    (Eq.symm rfl)))
                                (Eq.refl (En ^ Nat.rawCast 1 * Nat.rawCast 1))))
                            (Mathlib.Tactic.Ring.Common.atom_pf ε rfl
                              (Eq.mpr
                                (id
                                  (congrArg (fun _a => ε ^ Nat.rawCast 1 * Nat.rawCast 1 = ε ^ Nat.rawCast 1 * _a)
                                    (Eq.symm rfl)))
                                (Eq.refl (ε ^ Nat.rawCast 1 * Nat.rawCast 1))))
                            (Mathlib.Tactic.Ring.Common.add_pf_add_lt (En ^ Nat.rawCast 1 * Nat.rawCast 1)
                              (Mathlib.Tactic.Ring.Common.add_pf_zero_add (ε ^ Nat.rawCast 1 * Nat.rawCast 1 + 0))))
                          (Mathlib.Tactic.Ring.Common.mul_congr
                            (Mathlib.Tactic.Ring.Common.neg_congr
                              (Mathlib.Tactic.Ring.Common.atom_pf ν rfl
                                (Eq.mpr
                                  (id
                                    (congrArg (fun _a => ν ^ Nat.rawCast 1 * Nat.rawCast 1 = ν ^ Nat.rawCast 1 * _a)
                                      (Eq.symm rfl)))
                                  (Eq.refl (ν ^ Nat.rawCast 1 * Nat.rawCast 1))))
                              (Mathlib.Tactic.Ring.Common.neg_add
                                (Mathlib.Tactic.Ring.Common.neg_mul ν (Nat.rawCast 1)
                                  (Mathlib.Meta.NormNum.IsInt.to_raw_eq
                                    (Mathlib.Meta.NormNum.isInt_neg (Eq.refl Neg.neg)
                                      (Mathlib.Meta.NormNum.IsNat.to_isInt (Mathlib.Meta.NormNum.IsNat.of_raw ℝ 1))
                                      (Eq.refl (Int.negOfNat 1)))))
                                Mathlib.Tactic.Ring.Common.neg_zero))
                            (Mathlib.Tactic.Ring.Common.sub_congr
                              (Mathlib.Tactic.Ring.Common.mul_congr
                                (Mathlib.Tactic.Ring.Common.atom_pf A rfl
                                  (Eq.mpr
                                    (id
                                      (congrArg (fun _a => A ^ Nat.rawCast 1 * Nat.rawCast 1 = A ^ Nat.rawCast 1 * _a)
                                        (Eq.symm rfl)))
                                    (Eq.refl (A ^ Nat.rawCast 1 * Nat.rawCast 1))))
                                (Mathlib.Tactic.Ring.Common.sub_congr
                                  (Mathlib.Tactic.Ring.cast_pos (Mathlib.Meta.NormNum.isNat_ofNat ℝ Nat.cast_one))
                                  (Mathlib.Tactic.Ring.Common.atom_pf η rfl
                                    (Eq.mpr
                                      (id
                                        (congrArg (fun _a => η ^ Nat.rawCast 1 * Nat.rawCast 1 = η ^ Nat.rawCast 1 * _a)
                                          (Eq.symm rfl)))
                                      (Eq.refl (η ^ Nat.rawCast 1 * Nat.rawCast 1))))
                                  (Mathlib.Tactic.Ring.Common.sub_pf
                                    (Mathlib.Tactic.Ring.Common.neg_add
                                      (Mathlib.Tactic.Ring.Common.neg_mul η (Nat.rawCast 1)
                                        (Mathlib.Meta.NormNum.IsInt.to_raw_eq
                                          (Mathlib.Meta.NormNum.isInt_neg (Eq.refl Neg.neg)
                                            (Mathlib.Meta.NormNum.IsNat.to_isInt
                                              (Mathlib.Meta.NormNum.IsNat.of_raw ℝ 1))
                                            (Eq.refl (Int.negOfNat 1)))))
                                      Mathlib.Tactic.Ring.Common.neg_zero)
                                    (Mathlib.Tactic.Ring.Common.add_pf_add_lt (Nat.rawCast 1)
                                      (Mathlib.Tactic.Ring.Common.add_pf_zero_add
                                        (η ^ Nat.rawCast 1 * (Int.negOfNat 1).rawCast + 0)))))
                                (Mathlib.Tactic.Ring.Common.add_mul
                                  (Mathlib.Tactic.Ring.Common.mul_add
                                    (Mathlib.Tactic.Ring.Common.mul_pf_left A (Nat.rawCast 1)
                                      (Mathlib.Meta.NormNum.IsNat.to_raw_eq
                                        (Mathlib.Meta.NormNum.isNat_mul (Eq.refl HMul.hMul)
                                          (Mathlib.Meta.NormNum.IsNat.of_raw ℝ 1)
                                          (Mathlib.Meta.NormNum.IsNat.of_raw ℝ 1) (Eq.refl 1))))
                                    (Mathlib.Tactic.Ring.Common.mul_add
                                      (Mathlib.Tactic.Ring.Common.mul_pf_left A (Nat.rawCast 1)
                                        (Mathlib.Tactic.Ring.Common.mul_pf_right η (Nat.rawCast 1)
                                          (Mathlib.Meta.NormNum.IsInt.to_raw_eq
                                            (Mathlib.Meta.NormNum.isInt_mul (Eq.refl HMul.hMul)
                                              (Mathlib.Meta.NormNum.IsNat.to_isInt
                                                (Mathlib.Meta.NormNum.IsNat.of_raw ℝ 1))
                                              (Mathlib.Meta.NormNum.IsInt.of_raw ℝ (Int.negOfNat 1))
                                              (Eq.refl (Int.negOfNat 1))))))
                                      (Mathlib.Tactic.Ring.Common.mul_zero (A ^ Nat.rawCast 1 * Nat.rawCast 1))
                                      (Mathlib.Tactic.Ring.Common.add_pf_add_zero
                                        (A ^ Nat.rawCast 1 * (η ^ Nat.rawCast 1 * (Int.negOfNat 1).rawCast) + 0)))
                                    (Mathlib.Tactic.Ring.Common.add_pf_add_lt (A ^ Nat.rawCast 1 * Nat.rawCast 1)
                                      (Mathlib.Tactic.Ring.Common.add_pf_zero_add
                                        (A ^ Nat.rawCast 1 * (η ^ Nat.rawCast 1 * (Int.negOfNat 1).rawCast) + 0))))
                                  (Mathlib.Tactic.Ring.Common.zero_mul
                                    (Nat.rawCast 1 + (η ^ Nat.rawCast 1 * (Int.negOfNat 1).rawCast + 0)))
                                  (Mathlib.Tactic.Ring.Common.add_pf_add_zero
                                    (A ^ Nat.rawCast 1 * Nat.rawCast 1 +
                                      (A ^ Nat.rawCast 1 * (η ^ Nat.rawCast 1 * (Int.negOfNat 1).rawCast) + 0)))))
                              (Mathlib.Tactic.Ring.Common.atom_pf b rfl
                                (Eq.mpr
                                  (id
                                    (congrArg (fun _a => b ^ Nat.rawCast 1 * Nat.rawCast 1 = b ^ Nat.rawCast 1 * _a)
                                      (Eq.symm rfl)))
                                  (Eq.refl (b ^ Nat.rawCast 1 * Nat.rawCast 1))))
                              (Mathlib.Tactic.Ring.Common.sub_pf
                                (Mathlib.Tactic.Ring.Common.neg_add
                                  (Mathlib.Tactic.Ring.Common.neg_mul b (Nat.rawCast 1)
                                    (Mathlib.Meta.NormNum.IsInt.to_raw_eq
                                      (Mathlib.Meta.NormNum.isInt_neg (Eq.refl Neg.neg)
                                        (Mathlib.Meta.NormNum.IsNat.to_isInt (Mathlib.Meta.NormNum.IsNat.of_raw ℝ 1))
                                        (Eq.refl (Int.negOfNat 1)))))
                                  Mathlib.Tactic.Ring.Common.neg_zero)
                                (Mathlib.Tactic.Ring.Common.add_pf_add_gt (b ^ Nat.rawCast 1 * (Int.negOfNat 1).rawCast)
                                  (Mathlib.Tactic.Ring.Common.add_pf_add_zero
                                    (A ^ Nat.rawCast 1 * Nat.rawCast 1 +
                                      (A ^ Nat.rawCast 1 * (η ^ Nat.rawCast 1 * (Int.negOfNat 1).rawCast) + 0))))))
                            (Mathlib.Tactic.Ring.Common.add_mul
                              (Mathlib.Tactic.Ring.Common.mul_add
                                (Mathlib.Tactic.Ring.Common.mul_pf_right b (Nat.rawCast 1)
                                  (Mathlib.Tactic.Ring.Common.mul_pf_left ν (Nat.rawCast 1)
                                    (Mathlib.Meta.NormNum.IsNat.to_raw_eq
                                      (Mathlib.Meta.NormNum.IsInt.to_isNat
                                        (Mathlib.Meta.NormNum.isInt_mul (Eq.refl HMul.hMul)
                                          (Mathlib.Meta.NormNum.IsInt.of_raw ℝ (Int.negOfNat 1))
                                          (Mathlib.Meta.NormNum.IsInt.of_raw ℝ (Int.negOfNat 1))
                                          (Eq.refl (Int.ofNat 1)))))))
                                (Mathlib.Tactic.Ring.Common.mul_add
                                  (Mathlib.Tactic.Ring.Common.mul_pf_left ν (Nat.rawCast 1)
                                    (Mathlib.Tactic.Ring.Common.mul_pf_right A (Nat.rawCast 1)
                                      (Mathlib.Meta.NormNum.IsInt.to_raw_eq
                                        (Mathlib.Meta.NormNum.isInt_mul (Eq.refl HMul.hMul)
                                          (Mathlib.Meta.NormNum.IsInt.of_raw ℝ (Int.negOfNat 1))
                                          (Mathlib.Meta.NormNum.IsNat.to_isInt (Mathlib.Meta.NormNum.IsNat.of_raw ℝ 1))
                                          (Eq.refl (Int.negOfNat 1))))))
                                  (Mathlib.Tactic.Ring.Common.mul_add
                                    (Mathlib.Tactic.Ring.Common.mul_pf_left ν (Nat.rawCast 1)
                                      (Mathlib.Tactic.Ring.Common.mul_pf_right A (Nat.rawCast 1)
                                        (Mathlib.Tactic.Ring.Common.mul_pf_right η (Nat.rawCast 1)
                                          (Mathlib.Meta.NormNum.IsNat.to_raw_eq
                                            (Mathlib.Meta.NormNum.IsInt.to_isNat
                                              (Mathlib.Meta.NormNum.isInt_mul (Eq.refl HMul.hMul)
                                                (Mathlib.Meta.NormNum.IsInt.of_raw ℝ (Int.negOfNat 1))
                                                (Mathlib.Meta.NormNum.IsInt.of_raw ℝ (Int.negOfNat 1))
                                                (Eq.refl (Int.ofNat 1))))))))
                                    (Mathlib.Tactic.Ring.Common.mul_zero (ν ^ Nat.rawCast 1 * (Int.negOfNat 1).rawCast))
                                    (Mathlib.Tactic.Ring.Common.add_pf_add_zero
                                      (ν ^ Nat.rawCast 1 * (A ^ Nat.rawCast 1 * (η ^ Nat.rawCast 1 * Nat.rawCast 1)) +
                                        0)))
                                  (Mathlib.Tactic.Ring.Common.add_pf_add_lt
                                    (ν ^ Nat.rawCast 1 * (A ^ Nat.rawCast 1 * (Int.negOfNat 1).rawCast))
                                    (Mathlib.Tactic.Ring.Common.add_pf_zero_add
                                      (ν ^ Nat.rawCast 1 * (A ^ Nat.rawCast 1 * (η ^ Nat.rawCast 1 * Nat.rawCast 1)) +
                                        0))))
                                (Mathlib.Tactic.Ring.Common.add_pf_add_lt
                                  (b ^ Nat.rawCast 1 * (ν ^ Nat.rawCast 1 * Nat.rawCast 1))
                                  (Mathlib.Tactic.Ring.Common.add_pf_zero_add
                                    (ν ^ Nat.rawCast 1 * (A ^ Nat.rawCast 1 * (Int.negOfNat 1).rawCast) +
                                      (ν ^ Nat.rawCast 1 * (A ^ Nat.rawCast 1 * (η ^ Nat.rawCast 1 * Nat.rawCast 1)) +
                                        0)))))
                              (Mathlib.Tactic.Ring.Common.zero_mul
                                (b ^ Nat.rawCast 1 * (Int.negOfNat 1).rawCast +
                                  (A ^ Nat.rawCast 1 * Nat.rawCast 1 +
                                    (A ^ Nat.rawCast 1 * (η ^ Nat.rawCast 1 * (Int.negOfNat 1).rawCast) + 0))))
                              (Mathlib.Tactic.Ring.Common.add_pf_add_zero
                                (b ^ Nat.rawCast 1 * (ν ^ Nat.rawCast 1 * Nat.rawCast 1) +
                                  (ν ^ Nat.rawCast 1 * (A ^ Nat.rawCast 1 * (Int.negOfNat 1).rawCast) +
                                    (ν ^ Nat.rawCast 1 * (A ^ Nat.rawCast 1 * (η ^ Nat.rawCast 1 * Nat.rawCast 1)) +
                                      0))))))
                          (Mathlib.Tactic.Ring.Common.add_pf_add_gt
                            (b ^ Nat.rawCast 1 * (ν ^ Nat.rawCast 1 * Nat.rawCast 1))
                            (Mathlib.Tactic.Ring.Common.add_pf_add_lt (En ^ Nat.rawCast 1 * Nat.rawCast 1)
                              (Mathlib.Tactic.Ring.Common.add_pf_add_lt (ε ^ Nat.rawCast 1 * Nat.rawCast 1)
                                (Mathlib.Tactic.Ring.Common.add_pf_zero_add
                                  (ν ^ Nat.rawCast 1 * (A ^ Nat.rawCast 1 * (Int.negOfNat 1).rawCast) +
                                    (ν ^ Nat.rawCast 1 * (A ^ Nat.rawCast 1 * (η ^ Nat.rawCast 1 * Nat.rawCast 1)) +
                                      0)))))))
                        (Mathlib.Tactic.Ring.Common.sub_pf
                          (Mathlib.Tactic.Ring.Common.neg_add
                            (Mathlib.Tactic.Ring.Common.neg_mul b (Nat.rawCast 1)
                              (Mathlib.Tactic.Ring.Common.neg_mul ν (Nat.rawCast 1)
                                (Mathlib.Meta.NormNum.IsInt.to_raw_eq
                                  (Mathlib.Meta.NormNum.isInt_neg (Eq.refl Neg.neg)
                                    (Mathlib.Meta.NormNum.IsNat.to_isInt (Mathlib.Meta.NormNum.IsNat.of_raw ℝ 1))
                                    (Eq.refl (Int.negOfNat 1))))))
                            (Mathlib.Tactic.Ring.Common.neg_add
                              (Mathlib.Tactic.Ring.Common.neg_mul En (Nat.rawCast 1)
                                (Mathlib.Meta.NormNum.IsInt.to_raw_eq
                                  (Mathlib.Meta.NormNum.isInt_neg (Eq.refl Neg.neg)
                                    (Mathlib.Meta.NormNum.IsNat.to_isInt (Mathlib.Meta.NormNum.IsNat.of_raw ℝ 1))
                                    (Eq.refl (Int.negOfNat 1)))))
                              (Mathlib.Tactic.Ring.Common.neg_add
                                (Mathlib.Tactic.Ring.Common.neg_mul ε (Nat.rawCast 1)
                                  (Mathlib.Meta.NormNum.IsInt.to_raw_eq
                                    (Mathlib.Meta.NormNum.isInt_neg (Eq.refl Neg.neg)
                                      (Mathlib.Meta.NormNum.IsNat.to_isInt (Mathlib.Meta.NormNum.IsNat.of_raw ℝ 1))
                                      (Eq.refl (Int.negOfNat 1)))))
                                (Mathlib.Tactic.Ring.Common.neg_add
                                  (Mathlib.Tactic.Ring.Common.neg_mul ν (Nat.rawCast 1)
                                    (Mathlib.Tactic.Ring.Common.neg_mul A (Nat.rawCast 1)
                                      (Mathlib.Meta.NormNum.IsNat.to_raw_eq
                                        (Mathlib.Meta.NormNum.IsInt.to_isNat
                                          (Mathlib.Meta.NormNum.isInt_neg (Eq.refl Neg.neg)
                                            (Mathlib.Meta.NormNum.IsInt.of_raw ℝ (Int.negOfNat 1))
                                            (Eq.refl (Int.ofNat 1)))))))
                                  (Mathlib.Tactic.Ring.Common.neg_add
                                    (Mathlib.Tactic.Ring.Common.neg_mul ν (Nat.rawCast 1)
                                      (Mathlib.Tactic.Ring.Common.neg_mul A (Nat.rawCast 1)
                                        (Mathlib.Tactic.Ring.Common.neg_mul η (Nat.rawCast 1)
                                          (Mathlib.Meta.NormNum.IsInt.to_raw_eq
                                            (Mathlib.Meta.NormNum.isInt_neg (Eq.refl Neg.neg)
                                              (Mathlib.Meta.NormNum.IsNat.to_isInt
                                                (Mathlib.Meta.NormNum.IsNat.of_raw ℝ 1))
                                              (Eq.refl (Int.negOfNat 1)))))))
                                    Mathlib.Tactic.Ring.Common.neg_zero)))))
                          (Mathlib.Tactic.Ring.Common.add_pf_add_gt
                            (b ^ Nat.rawCast 1 * (ν ^ Nat.rawCast 1 * (Int.negOfNat 1).rawCast))
                            (Mathlib.Tactic.Ring.Common.add_pf_add_lt (t ^ Nat.rawCast 1 * Nat.rawCast 1)
                              (Mathlib.Tactic.Ring.Common.add_pf_zero_add
                                (En ^ Nat.rawCast 1 * (Int.negOfNat 1).rawCast +
                                  (ε ^ Nat.rawCast 1 * (Int.negOfNat 1).rawCast +
                                    (ν ^ Nat.rawCast 1 * (A ^ Nat.rawCast 1 * Nat.rawCast 1) +
                                      (ν ^ Nat.rawCast 1 *
                                          (A ^ Nat.rawCast 1 * (η ^ Nat.rawCast 1 * (Int.negOfNat 1).rawCast)) +
                                        0)))))))))
                      (Mathlib.Tactic.Ring.Common.add_pf_add_lt (Int.negOfNat 1).rawCast
                        (Mathlib.Tactic.Ring.Common.add_pf_add_lt (b ^ Nat.rawCast 1 * Nat.rawCast 1)
                          (Mathlib.Tactic.Ring.Common.add_pf_add_gt
                            (b ^ Nat.rawCast 1 * (ν ^ Nat.rawCast 1 * (Int.negOfNat 1).rawCast))
                            (Mathlib.Tactic.Ring.Common.add_pf_add_lt (Ea ^ Nat.rawCast 1 * (Int.negOfNat 1).rawCast)
                              (Mathlib.Tactic.Ring.Common.add_pf_add_lt (δ ^ Nat.rawCast 1 * (Int.negOfNat 1).rawCast)
                                (Mathlib.Tactic.Ring.Common.add_pf_add_overlap_zero
                                  (Mathlib.Tactic.Ring.Common.add_overlap_pf_zero t (Nat.rawCast 1)
                                    (Mathlib.Meta.NormNum.IsInt.to_isNat
                                      (Mathlib.Meta.NormNum.isInt_add (Eq.refl HAdd.hAdd)
                                        (Mathlib.Meta.NormNum.IsInt.of_raw ℝ (Int.negOfNat 1))
                                        (Mathlib.Meta.NormNum.IsNat.to_isInt (Mathlib.Meta.NormNum.IsNat.of_raw ℝ 1))
                                        (Eq.refl (Int.ofNat 0)))))
                                  (Mathlib.Tactic.Ring.Common.add_pf_zero_add
                                    (En ^ Nat.rawCast 1 * (Int.negOfNat 1).rawCast +
                                      (ε ^ Nat.rawCast 1 * (Int.negOfNat 1).rawCast +
                                        (ν ^ Nat.rawCast 1 * (A ^ Nat.rawCast 1 * Nat.rawCast 1) +
                                          (ν ^ Nat.rawCast 1 *
                                              (A ^ Nat.rawCast 1 * (η ^ Nat.rawCast 1 * (Int.negOfNat 1).rawCast)) +
                                            0))))))))))))
                    (Mathlib.Tactic.Ring.Common.sub_congr
                      (Mathlib.Tactic.Ring.Common.add_congr
                        (Mathlib.Tactic.Ring.Common.add_congr
                          (Mathlib.Tactic.Ring.Common.add_congr
                            (Mathlib.Tactic.Ring.Common.atom_pf Ea rfl
                              (Eq.mpr
                                (id
                                  (congrArg (fun _a => Ea ^ Nat.rawCast 1 * Nat.rawCast 1 = Ea ^ Nat.rawCast 1 * _a)
                                    (Eq.symm rfl)))
                                (Eq.refl (Ea ^ Nat.rawCast 1 * Nat.rawCast 1))))
                            (Mathlib.Tactic.Ring.Common.atom_pf En rfl
                              (Eq.mpr
                                (id
                                  (congrArg (fun _a => En ^ Nat.rawCast 1 * Nat.rawCast 1 = En ^ Nat.rawCast 1 * _a)
                                    (Eq.symm rfl)))
                                (Eq.refl (En ^ Nat.rawCast 1 * Nat.rawCast 1))))
                            (Mathlib.Tactic.Ring.Common.add_pf_add_lt (Ea ^ Nat.rawCast 1 * Nat.rawCast 1)
                              (Mathlib.Tactic.Ring.Common.add_pf_zero_add (En ^ Nat.rawCast 1 * Nat.rawCast 1 + 0))))
                          (Mathlib.Tactic.Ring.Common.atom_pf δ rfl
                            (Eq.mpr
                              (id
                                (congrArg (fun _a => δ ^ Nat.rawCast 1 * Nat.rawCast 1 = δ ^ Nat.rawCast 1 * _a)
                                  (Eq.symm rfl)))
                              (Eq.refl (δ ^ Nat.rawCast 1 * Nat.rawCast 1))))
                          (Mathlib.Tactic.Ring.Common.add_pf_add_lt (Ea ^ Nat.rawCast 1 * Nat.rawCast 1)
                            (Mathlib.Tactic.Ring.Common.add_pf_add_gt (δ ^ Nat.rawCast 1 * Nat.rawCast 1)
                              (Mathlib.Tactic.Ring.Common.add_pf_add_zero (En ^ Nat.rawCast 1 * Nat.rawCast 1 + 0)))))
                        (Mathlib.Tactic.Ring.Common.atom_pf ε rfl
                          (Eq.mpr
                            (id
                              (congrArg (fun _a => ε ^ Nat.rawCast 1 * Nat.rawCast 1 = ε ^ Nat.rawCast 1 * _a)
                                (Eq.symm rfl)))
                            (Eq.refl (ε ^ Nat.rawCast 1 * Nat.rawCast 1))))
                        (Mathlib.Tactic.Ring.Common.add_pf_add_lt (Ea ^ Nat.rawCast 1 * Nat.rawCast 1)
                          (Mathlib.Tactic.Ring.Common.add_pf_add_lt (δ ^ Nat.rawCast 1 * Nat.rawCast 1)
                            (Mathlib.Tactic.Ring.Common.add_pf_add_lt (En ^ Nat.rawCast 1 * Nat.rawCast 1)
                              (Mathlib.Tactic.Ring.Common.add_pf_zero_add (ε ^ Nat.rawCast 1 * Nat.rawCast 1 + 0))))))
                      (Mathlib.Tactic.Ring.Common.sub_congr
                        (Mathlib.Tactic.Ring.Common.mul_congr
                          (Mathlib.Tactic.Ring.Common.atom_pf ν rfl
                            (Eq.mpr
                              (id
                                (congrArg (fun _a => ν ^ Nat.rawCast 1 * Nat.rawCast 1 = ν ^ Nat.rawCast 1 * _a)
                                  (Eq.symm rfl)))
                              (Eq.refl (ν ^ Nat.rawCast 1 * Nat.rawCast 1))))
                          (Mathlib.Tactic.Ring.Common.sub_congr
                            (Mathlib.Tactic.Ring.Common.mul_congr
                              (Mathlib.Tactic.Ring.Common.atom_pf A rfl
                                (Eq.mpr
                                  (id
                                    (congrArg (fun _a => A ^ Nat.rawCast 1 * Nat.rawCast 1 = A ^ Nat.rawCast 1 * _a)
                                      (Eq.symm rfl)))
                                  (Eq.refl (A ^ Nat.rawCast 1 * Nat.rawCast 1))))
                              (Mathlib.Tactic.Ring.Common.sub_congr
                                (Mathlib.Tactic.Ring.cast_pos (Mathlib.Meta.NormNum.isNat_ofNat ℝ Nat.cast_one))
                                (Mathlib.Tactic.Ring.Common.atom_pf η rfl
                                  (Eq.mpr
                                    (id
                                      (congrArg (fun _a => η ^ Nat.rawCast 1 * Nat.rawCast 1 = η ^ Nat.rawCast 1 * _a)
                                        (Eq.symm rfl)))
                                    (Eq.refl (η ^ Nat.rawCast 1 * Nat.rawCast 1))))
                                (Mathlib.Tactic.Ring.Common.sub_pf
                                  (Mathlib.Tactic.Ring.Common.neg_add
                                    (Mathlib.Tactic.Ring.Common.neg_mul η (Nat.rawCast 1)
                                      (Mathlib.Meta.NormNum.IsInt.to_raw_eq
                                        (Mathlib.Meta.NormNum.isInt_neg (Eq.refl Neg.neg)
                                          (Mathlib.Meta.NormNum.IsNat.to_isInt (Mathlib.Meta.NormNum.IsNat.of_raw ℝ 1))
                                          (Eq.refl (Int.negOfNat 1)))))
                                    Mathlib.Tactic.Ring.Common.neg_zero)
                                  (Mathlib.Tactic.Ring.Common.add_pf_add_lt (Nat.rawCast 1)
                                    (Mathlib.Tactic.Ring.Common.add_pf_zero_add
                                      (η ^ Nat.rawCast 1 * (Int.negOfNat 1).rawCast + 0)))))
                              (Mathlib.Tactic.Ring.Common.add_mul
                                (Mathlib.Tactic.Ring.Common.mul_add
                                  (Mathlib.Tactic.Ring.Common.mul_pf_left A (Nat.rawCast 1)
                                    (Mathlib.Meta.NormNum.IsNat.to_raw_eq
                                      (Mathlib.Meta.NormNum.isNat_mul (Eq.refl HMul.hMul)
                                        (Mathlib.Meta.NormNum.IsNat.of_raw ℝ 1) (Mathlib.Meta.NormNum.IsNat.of_raw ℝ 1)
                                        (Eq.refl 1))))
                                  (Mathlib.Tactic.Ring.Common.mul_add
                                    (Mathlib.Tactic.Ring.Common.mul_pf_left A (Nat.rawCast 1)
                                      (Mathlib.Tactic.Ring.Common.mul_pf_right η (Nat.rawCast 1)
                                        (Mathlib.Meta.NormNum.IsInt.to_raw_eq
                                          (Mathlib.Meta.NormNum.isInt_mul (Eq.refl HMul.hMul)
                                            (Mathlib.Meta.NormNum.IsNat.to_isInt
                                              (Mathlib.Meta.NormNum.IsNat.of_raw ℝ 1))
                                            (Mathlib.Meta.NormNum.IsInt.of_raw ℝ (Int.negOfNat 1))
                                            (Eq.refl (Int.negOfNat 1))))))
                                    (Mathlib.Tactic.Ring.Common.mul_zero (A ^ Nat.rawCast 1 * Nat.rawCast 1))
                                    (Mathlib.Tactic.Ring.Common.add_pf_add_zero
                                      (A ^ Nat.rawCast 1 * (η ^ Nat.rawCast 1 * (Int.negOfNat 1).rawCast) + 0)))
                                  (Mathlib.Tactic.Ring.Common.add_pf_add_lt (A ^ Nat.rawCast 1 * Nat.rawCast 1)
                                    (Mathlib.Tactic.Ring.Common.add_pf_zero_add
                                      (A ^ Nat.rawCast 1 * (η ^ Nat.rawCast 1 * (Int.negOfNat 1).rawCast) + 0))))
                                (Mathlib.Tactic.Ring.Common.zero_mul
                                  (Nat.rawCast 1 + (η ^ Nat.rawCast 1 * (Int.negOfNat 1).rawCast + 0)))
                                (Mathlib.Tactic.Ring.Common.add_pf_add_zero
                                  (A ^ Nat.rawCast 1 * Nat.rawCast 1 +
                                    (A ^ Nat.rawCast 1 * (η ^ Nat.rawCast 1 * (Int.negOfNat 1).rawCast) + 0)))))
                            (Mathlib.Tactic.Ring.Common.atom_pf θ rfl
                              (Eq.mpr
                                (id
                                  (congrArg (fun _a => θ ^ Nat.rawCast 1 * Nat.rawCast 1 = θ ^ Nat.rawCast 1 * _a)
                                    (Eq.symm rfl)))
                                (Eq.refl (θ ^ Nat.rawCast 1 * Nat.rawCast 1))))
                            (Mathlib.Tactic.Ring.Common.sub_pf
                              (Mathlib.Tactic.Ring.Common.neg_add
                                (Mathlib.Tactic.Ring.Common.neg_mul θ (Nat.rawCast 1)
                                  (Mathlib.Meta.NormNum.IsInt.to_raw_eq
                                    (Mathlib.Meta.NormNum.isInt_neg (Eq.refl Neg.neg)
                                      (Mathlib.Meta.NormNum.IsNat.to_isInt (Mathlib.Meta.NormNum.IsNat.of_raw ℝ 1))
                                      (Eq.refl (Int.negOfNat 1)))))
                                Mathlib.Tactic.Ring.Common.neg_zero)
                              (Mathlib.Tactic.Ring.Common.add_pf_add_lt (A ^ Nat.rawCast 1 * Nat.rawCast 1)
                                (Mathlib.Tactic.Ring.Common.add_pf_add_lt
                                  (A ^ Nat.rawCast 1 * (η ^ Nat.rawCast 1 * (Int.negOfNat 1).rawCast))
                                  (Mathlib.Tactic.Ring.Common.add_pf_zero_add
                                    (θ ^ Nat.rawCast 1 * (Int.negOfNat 1).rawCast + 0))))))
                          (Mathlib.Tactic.Ring.Common.add_mul
                            (Mathlib.Tactic.Ring.Common.mul_add
                              (Mathlib.Tactic.Ring.Common.mul_pf_left ν (Nat.rawCast 1)
                                (Mathlib.Tactic.Ring.Common.mul_pf_right A (Nat.rawCast 1)
                                  (Mathlib.Meta.NormNum.IsNat.to_raw_eq
                                    (Mathlib.Meta.NormNum.isNat_mul (Eq.refl HMul.hMul)
                                      (Mathlib.Meta.NormNum.IsNat.of_raw ℝ 1) (Mathlib.Meta.NormNum.IsNat.of_raw ℝ 1)
                                      (Eq.refl 1)))))
                              (Mathlib.Tactic.Ring.Common.mul_add
                                (Mathlib.Tactic.Ring.Common.mul_pf_left ν (Nat.rawCast 1)
                                  (Mathlib.Tactic.Ring.Common.mul_pf_right A (Nat.rawCast 1)
                                    (Mathlib.Tactic.Ring.Common.mul_pf_right η (Nat.rawCast 1)
                                      (Mathlib.Meta.NormNum.IsInt.to_raw_eq
                                        (Mathlib.Meta.NormNum.isInt_mul (Eq.refl HMul.hMul)
                                          (Mathlib.Meta.NormNum.IsNat.to_isInt (Mathlib.Meta.NormNum.IsNat.of_raw ℝ 1))
                                          (Mathlib.Meta.NormNum.IsInt.of_raw ℝ (Int.negOfNat 1))
                                          (Eq.refl (Int.negOfNat 1)))))))
                                (Mathlib.Tactic.Ring.Common.mul_add
                                  (Mathlib.Tactic.Ring.Common.mul_pf_left ν (Nat.rawCast 1)
                                    (Mathlib.Tactic.Ring.Common.mul_pf_right θ (Nat.rawCast 1)
                                      (Mathlib.Meta.NormNum.IsInt.to_raw_eq
                                        (Mathlib.Meta.NormNum.isInt_mul (Eq.refl HMul.hMul)
                                          (Mathlib.Meta.NormNum.IsNat.to_isInt (Mathlib.Meta.NormNum.IsNat.of_raw ℝ 1))
                                          (Mathlib.Meta.NormNum.IsInt.of_raw ℝ (Int.negOfNat 1))
                                          (Eq.refl (Int.negOfNat 1))))))
                                  (Mathlib.Tactic.Ring.Common.mul_zero (ν ^ Nat.rawCast 1 * Nat.rawCast 1))
                                  (Mathlib.Tactic.Ring.Common.add_pf_add_zero
                                    (ν ^ Nat.rawCast 1 * (θ ^ Nat.rawCast 1 * (Int.negOfNat 1).rawCast) + 0)))
                                (Mathlib.Tactic.Ring.Common.add_pf_add_lt
                                  (ν ^ Nat.rawCast 1 *
                                    (A ^ Nat.rawCast 1 * (η ^ Nat.rawCast 1 * (Int.negOfNat 1).rawCast)))
                                  (Mathlib.Tactic.Ring.Common.add_pf_zero_add
                                    (ν ^ Nat.rawCast 1 * (θ ^ Nat.rawCast 1 * (Int.negOfNat 1).rawCast) + 0))))
                              (Mathlib.Tactic.Ring.Common.add_pf_add_lt
                                (ν ^ Nat.rawCast 1 * (A ^ Nat.rawCast 1 * Nat.rawCast 1))
                                (Mathlib.Tactic.Ring.Common.add_pf_zero_add
                                  (ν ^ Nat.rawCast 1 *
                                      (A ^ Nat.rawCast 1 * (η ^ Nat.rawCast 1 * (Int.negOfNat 1).rawCast)) +
                                    (ν ^ Nat.rawCast 1 * (θ ^ Nat.rawCast 1 * (Int.negOfNat 1).rawCast) + 0)))))
                            (Mathlib.Tactic.Ring.Common.zero_mul
                              (A ^ Nat.rawCast 1 * Nat.rawCast 1 +
                                (A ^ Nat.rawCast 1 * (η ^ Nat.rawCast 1 * (Int.negOfNat 1).rawCast) +
                                  (θ ^ Nat.rawCast 1 * (Int.negOfNat 1).rawCast + 0))))
                            (Mathlib.Tactic.Ring.Common.add_pf_add_zero
                              (ν ^ Nat.rawCast 1 * (A ^ Nat.rawCast 1 * Nat.rawCast 1) +
                                (ν ^ Nat.rawCast 1 *
                                    (A ^ Nat.rawCast 1 * (η ^ Nat.rawCast 1 * (Int.negOfNat 1).rawCast)) +
                                  (ν ^ Nat.rawCast 1 * (θ ^ Nat.rawCast 1 * (Int.negOfNat 1).rawCast) + 0))))))
                        (Mathlib.Tactic.Ring.Common.sub_congr
                          (Mathlib.Tactic.Ring.cast_pos (Mathlib.Meta.NormNum.isNat_ofNat ℝ Nat.cast_one))
                          (Mathlib.Tactic.Ring.Common.atom_pf θ rfl
                            (Eq.mpr
                              (id
                                (congrArg (fun _a => θ ^ Nat.rawCast 1 * Nat.rawCast 1 = θ ^ Nat.rawCast 1 * _a)
                                  (Eq.symm rfl)))
                              (Eq.refl (θ ^ Nat.rawCast 1 * Nat.rawCast 1))))
                          (Mathlib.Tactic.Ring.Common.sub_pf
                            (Mathlib.Tactic.Ring.Common.neg_add
                              (Mathlib.Tactic.Ring.Common.neg_mul θ (Nat.rawCast 1)
                                (Mathlib.Meta.NormNum.IsInt.to_raw_eq
                                  (Mathlib.Meta.NormNum.isInt_neg (Eq.refl Neg.neg)
                                    (Mathlib.Meta.NormNum.IsNat.to_isInt (Mathlib.Meta.NormNum.IsNat.of_raw ℝ 1))
                                    (Eq.refl (Int.negOfNat 1)))))
                              Mathlib.Tactic.Ring.Common.neg_zero)
                            (Mathlib.Tactic.Ring.Common.add_pf_add_lt (Nat.rawCast 1)
                              (Mathlib.Tactic.Ring.Common.add_pf_zero_add
                                (θ ^ Nat.rawCast 1 * (Int.negOfNat 1).rawCast + 0)))))
                        (Mathlib.Tactic.Ring.Common.sub_pf
                          (Mathlib.Tactic.Ring.Common.neg_add
                            (Mathlib.Meta.NormNum.IsInt.to_raw_eq
                              (Mathlib.Meta.NormNum.isInt_neg (Eq.refl Neg.neg)
                                (Mathlib.Meta.NormNum.IsNat.to_isInt (Mathlib.Meta.NormNum.IsNat.of_raw ℝ 1))
                                (Eq.refl (Int.negOfNat 1))))
                            (Mathlib.Tactic.Ring.Common.neg_add
                              (Mathlib.Tactic.Ring.Common.neg_mul θ (Nat.rawCast 1)
                                (Mathlib.Meta.NormNum.IsNat.to_raw_eq
                                  (Mathlib.Meta.NormNum.IsInt.to_isNat
                                    (Mathlib.Meta.NormNum.isInt_neg (Eq.refl Neg.neg)
                                      (Mathlib.Meta.NormNum.IsInt.of_raw ℝ (Int.negOfNat 1)) (Eq.refl (Int.ofNat 1))))))
                              Mathlib.Tactic.Ring.Common.neg_zero))
                          (Mathlib.Tactic.Ring.Common.add_pf_add_gt (Int.negOfNat 1).rawCast
                            (Mathlib.Tactic.Ring.Common.add_pf_add_lt
                              (ν ^ Nat.rawCast 1 * (A ^ Nat.rawCast 1 * Nat.rawCast 1))
                              (Mathlib.Tactic.Ring.Common.add_pf_add_lt
                                (ν ^ Nat.rawCast 1 *
                                  (A ^ Nat.rawCast 1 * (η ^ Nat.rawCast 1 * (Int.negOfNat 1).rawCast)))
                                (Mathlib.Tactic.Ring.Common.add_pf_add_lt
                                  (ν ^ Nat.rawCast 1 * (θ ^ Nat.rawCast 1 * (Int.negOfNat 1).rawCast))
                                  (Mathlib.Tactic.Ring.Common.add_pf_zero_add
                                    (θ ^ Nat.rawCast 1 * Nat.rawCast 1 + 0))))))))
                      (Mathlib.Tactic.Ring.Common.sub_pf
                        (Mathlib.Tactic.Ring.Common.neg_add
                          (Mathlib.Meta.NormNum.IsNat.to_raw_eq
                            (Mathlib.Meta.NormNum.IsInt.to_isNat
                              (Mathlib.Meta.NormNum.isInt_neg (Eq.refl Neg.neg)
                                (Mathlib.Meta.NormNum.IsInt.of_raw ℝ (Int.negOfNat 1)) (Eq.refl (Int.ofNat 1)))))
                          (Mathlib.Tactic.Ring.Common.neg_add
                            (Mathlib.Tactic.Ring.Common.neg_mul ν (Nat.rawCast 1)
                              (Mathlib.Tactic.Ring.Common.neg_mul A (Nat.rawCast 1)
                                (Mathlib.Meta.NormNum.IsInt.to_raw_eq
                                  (Mathlib.Meta.NormNum.isInt_neg (Eq.refl Neg.neg)
                                    (Mathlib.Meta.NormNum.IsNat.to_isInt (Mathlib.Meta.NormNum.IsNat.of_raw ℝ 1))
                                    (Eq.refl (Int.negOfNat 1))))))
                            (Mathlib.Tactic.Ring.Common.neg_add
                              (Mathlib.Tactic.Ring.Common.neg_mul ν (Nat.rawCast 1)
                                (Mathlib.Tactic.Ring.Common.neg_mul A (Nat.rawCast 1)
                                  (Mathlib.Tactic.Ring.Common.neg_mul η (Nat.rawCast 1)
                                    (Mathlib.Meta.NormNum.IsNat.to_raw_eq
                                      (Mathlib.Meta.NormNum.IsInt.to_isNat
                                        (Mathlib.Meta.NormNum.isInt_neg (Eq.refl Neg.neg)
                                          (Mathlib.Meta.NormNum.IsInt.of_raw ℝ (Int.negOfNat 1))
                                          (Eq.refl (Int.ofNat 1))))))))
                              (Mathlib.Tactic.Ring.Common.neg_add
                                (Mathlib.Tactic.Ring.Common.neg_mul ν (Nat.rawCast 1)
                                  (Mathlib.Tactic.Ring.Common.neg_mul θ (Nat.rawCast 1)
                                    (Mathlib.Meta.NormNum.IsNat.to_raw_eq
                                      (Mathlib.Meta.NormNum.IsInt.to_isNat
                                        (Mathlib.Meta.NormNum.isInt_neg (Eq.refl Neg.neg)
                                          (Mathlib.Meta.NormNum.IsInt.of_raw ℝ (Int.negOfNat 1))
                                          (Eq.refl (Int.ofNat 1)))))))
                                (Mathlib.Tactic.Ring.Common.neg_add
                                  (Mathlib.Tactic.Ring.Common.neg_mul θ (Nat.rawCast 1)
                                    (Mathlib.Meta.NormNum.IsInt.to_raw_eq
                                      (Mathlib.Meta.NormNum.isInt_neg (Eq.refl Neg.neg)
                                        (Mathlib.Meta.NormNum.IsNat.to_isInt (Mathlib.Meta.NormNum.IsNat.of_raw ℝ 1))
                                        (Eq.refl (Int.negOfNat 1)))))
                                  Mathlib.Tactic.Ring.Common.neg_zero)))))
                        (Mathlib.Tactic.Ring.Common.add_pf_add_gt (Nat.rawCast 1)
                          (Mathlib.Tactic.Ring.Common.add_pf_add_lt (Ea ^ Nat.rawCast 1 * Nat.rawCast 1)
                            (Mathlib.Tactic.Ring.Common.add_pf_add_lt (δ ^ Nat.rawCast 1 * Nat.rawCast 1)
                              (Mathlib.Tactic.Ring.Common.add_pf_add_lt (En ^ Nat.rawCast 1 * Nat.rawCast 1)
                                (Mathlib.Tactic.Ring.Common.add_pf_add_lt (ε ^ Nat.rawCast 1 * Nat.rawCast 1)
                                  (Mathlib.Tactic.Ring.Common.add_pf_zero_add (ν ^ Nat.rawCast 1 * ⋯ + ⋯)))))))))
                    ⋯)
                  ⋯ ⋯)
                ⋯))
            ⋯)))
    ⋯
'FixedQuadratic.comparison_contradiction' depends on axioms: [propext, Classical.choice, Quot.sound]
theorem FixedQuadratic.simultaneous_conjugate_evaluation.{u_1, u_2, u_3} : ∀ {σ : Type u_1} {R : Type u_2}
  {K : Type u_3} [inst : CommSemiring R] [inst_1 : Field K] (P : MvPolynomial σ R) (φ : R →+* K) (τ : K ≃+* K)
  (β : σ → K), τ.toRingHom.comp φ = φ → τ (MvPolynomial.eval₂ φ β P) = MvPolynomial.eval₂ φ (fun i => τ (β i)) P :=
fun {σ} {R} {K} [CommSemiring R] [Field K] P φ τ β hfix =>
  id
    (Eq.mpr
      (id
        (congrArg (fun _a => _a = MvPolynomial.eval₂ φ (⇑τ.toRingHom ∘ β) P)
          (MvPolynomial.eval₂_comp_left τ.toRingHom φ β P)))
      (Eq.mpr
        (id
          (congrArg (fun _a => MvPolynomial.eval₂ _a (⇑τ.toRingHom ∘ β) P = MvPolynomial.eval₂ φ (⇑τ.toRingHom ∘ β) P)
            hfix))
        (Eq.refl (MvPolynomial.eval₂ φ (⇑τ.toRingHom ∘ β) P))))
'FixedQuadratic.simultaneous_conjugate_evaluation' depends on axioms: [propext, Classical.choice, Quot.sound]
theorem FixedQuadratic.simultaneous_conjugate_ne_zero.{u_1, u_2, u_3} : ∀ {σ : Type u_1} {R : Type u_2} {K : Type u_3}
  [inst : CommSemiring R] [inst_1 : Field K] (P : MvPolynomial σ R) (φ : R →+* K) (τ : K ≃+* K) (β : σ → K),
  τ.toRingHom.comp φ = φ → MvPolynomial.eval₂ φ β P ≠ 0 → MvPolynomial.eval₂ φ (fun i => τ (β i)) P ≠ 0 :=
fun {σ} {R} {K} [CommSemiring R] [Field K] P φ τ β hfix hne =>
  Eq.mpr (id (congrArg (fun _a => _a ≠ 0) (Eq.symm (FixedQuadratic.simultaneous_conjugate_evaluation P φ τ β hfix))))
    fun h =>
    hne
      (RingEquiv.injective τ
        (Eq.mpr
          (id
            (Eq.trans (congrArg (Eq (τ (MvPolynomial.eval₂ φ β P))) (map_zero τ))
              EmbeddingLike.map_eq_zero_iff._simp_1))
          (Eq.mp EmbeddingLike.map_eq_zero_iff._simp_1 h)))
'FixedQuadratic.simultaneous_conjugate_ne_zero' depends on axioms: [propext, Classical.choice, Quot.sound]
theorem FixedQuadratic.cartesian_trap : ∀ (x : ℝ), x ^ 2 = 2 → x + x ≠ 0 ∧ x + -x = 0 ∧ (x + x) * (-x + -x) = -8 :=
fun x hx =>
  ⟨Not.intro fun a =>
      Mathlib.Tactic.Linarith.lt_irrefl
        (Eq.mp
          (congrArg (fun _a => _a < 0)
            (Mathlib.Tactic.Ring.of_eq
              (Mathlib.Tactic.Ring.Common.add_congr
                (Mathlib.Tactic.Ring.Common.add_congr
                  (Mathlib.Tactic.Ring.Common.mul_congr
                    (Mathlib.Tactic.Ring.cast_pos (Mathlib.Meta.NormNum.isNat_ofNat ℝ (Eq.refl 8)))
                    (Mathlib.Tactic.Ring.Common.neg_congr
                      (Mathlib.Tactic.Ring.cast_pos (Mathlib.Meta.NormNum.isNat_ofNat ℝ Nat.cast_one))
                      (Mathlib.Tactic.Ring.Common.neg_add
                        (Mathlib.Meta.NormNum.IsInt.to_raw_eq
                          (Mathlib.Meta.NormNum.isInt_neg (Eq.refl Neg.neg)
                            (Mathlib.Meta.NormNum.IsNat.to_isInt (Mathlib.Meta.NormNum.IsNat.of_raw ℝ 1))
                            (Eq.refl (Int.negOfNat 1))))
                        Mathlib.Tactic.Ring.Common.neg_zero))
                    (Mathlib.Tactic.Ring.Common.add_mul
                      (Mathlib.Tactic.Ring.Common.mul_add
                        (Mathlib.Meta.NormNum.IsInt.to_raw_eq
                          (Mathlib.Meta.NormNum.isInt_mul (Eq.refl HMul.hMul)
                            (Mathlib.Meta.NormNum.IsNat.to_isInt (Mathlib.Meta.NormNum.IsNat.of_raw ℝ 8))
                            (Mathlib.Meta.NormNum.IsInt.of_raw ℝ (Int.negOfNat 1)) (Eq.refl (Int.negOfNat 8))))
                        (Mathlib.Tactic.Ring.Common.mul_zero (Nat.rawCast 8))
                        (Mathlib.Tactic.Ring.Common.add_pf_add_zero ((Int.negOfNat 8).rawCast + 0)))
                      (Mathlib.Tactic.Ring.Common.zero_mul ((Int.negOfNat 1).rawCast + 0))
                      (Mathlib.Tactic.Ring.Common.add_pf_add_zero ((Int.negOfNat 8).rawCast + 0))))
                  (Mathlib.Tactic.Ring.Common.mul_congr
                    (Mathlib.Tactic.Ring.cast_pos (Mathlib.Meta.NormNum.isNat_ofNat ℝ (Eq.refl 4)))
                    (Mathlib.Tactic.Ring.Common.neg_congr
                      (Mathlib.Tactic.Ring.Common.sub_congr
                        (Mathlib.Tactic.Ring.Common.pow_congr
                          (Mathlib.Tactic.Ring.Common.atom_pf x rfl
                            (Eq.mpr
                              (id
                                (congrArg (fun _a => x ^ Nat.rawCast 1 * Nat.rawCast 1 = x ^ Nat.rawCast 1 * _a)
                                  (Eq.symm rfl)))
                              (Eq.refl (x ^ Nat.rawCast 1 * Nat.rawCast 1))))
                          (Mathlib.Tactic.Ring.cast_pos (Mathlib.Meta.NormNum.isNat_ofNat ℕ (Eq.refl 2)))
                          (Mathlib.Tactic.Ring.Common.pow_add
                            (Mathlib.Tactic.Ring.Common.single_pow
                              (Mathlib.Tactic.Ring.Common.mul_pow_mul
                                (Mathlib.Meta.NormNum.IsNat.to_raw_eq
                                  (Mathlib.Meta.NormNum.isNat_mul (Eq.refl HMul.hMul)
                                    (Mathlib.Meta.NormNum.IsNat.of_raw ℕ 1) (Mathlib.Meta.NormNum.IsNat.of_raw ℕ 2)
                                    (Eq.refl 2)))
                                (Mathlib.Tactic.Ring.Common.one_pow (Nat.rawCast 2) { out := rfl })
                                (Eq.mpr
                                  (id
                                    (congrArg (fun _a => x ^ Nat.rawCast 2 * Nat.rawCast 1 = x ^ Nat.rawCast 2 * _a)
                                      (Eq.symm rfl)))
                                  (Eq.refl (x ^ Nat.rawCast 2 * Nat.rawCast 1)))
                                (Mathlib.Tactic.Ring.Common.mul_pf_left x (Nat.rawCast 2)
                                  (Mathlib.Meta.NormNum.IsNat.to_raw_eq
                                    (Mathlib.Meta.NormNum.isNat_mul (Eq.refl HMul.hMul)
                                      (Mathlib.Meta.NormNum.IsNat.of_raw ℝ 1) (Mathlib.Meta.NormNum.IsNat.of_raw ℝ 1)
                                      (Eq.refl 1))))))
                            (Mathlib.Tactic.Ring.Common.pow_zero (x ^ Nat.rawCast 1 * Nat.rawCast 1 + 0) rfl)
                            (Mathlib.Tactic.Ring.Common.add_mul
                              (Mathlib.Tactic.Ring.Common.mul_add
                                (Mathlib.Tactic.Ring.Common.mul_pf_left x (Nat.rawCast 2)
                                  (Mathlib.Meta.NormNum.IsNat.to_raw_eq
                                    (Mathlib.Meta.NormNum.isNat_mul (Eq.refl HMul.hMul)
                                      (Mathlib.Meta.NormNum.IsNat.of_raw ℝ 1) (Mathlib.Meta.NormNum.IsNat.of_raw ℝ 1)
                                      (Eq.refl 1))))
                                (Mathlib.Tactic.Ring.Common.mul_zero (x ^ Nat.rawCast 2 * Nat.rawCast 1))
                                (Mathlib.Tactic.Ring.Common.add_pf_add_zero (x ^ Nat.rawCast 2 * Nat.rawCast 1 + 0)))
                              (Mathlib.Tactic.Ring.Common.zero_mul (Nat.rawCast 1 + 0))
                              (Mathlib.Tactic.Ring.Common.add_pf_add_zero (x ^ Nat.rawCast 2 * Nat.rawCast 1 + 0)))))
                        (Mathlib.Tactic.Ring.cast_pos (Mathlib.Meta.NormNum.isNat_ofNat ℝ (Eq.refl 2)))
                        (Mathlib.Tactic.Ring.Common.sub_pf
                          (Mathlib.Tactic.Ring.Common.neg_add
                            (Mathlib.Meta.NormNum.IsInt.to_raw_eq
                              (Mathlib.Meta.NormNum.isInt_neg (Eq.refl Neg.neg)
                                (Mathlib.Meta.NormNum.IsNat.to_isInt (Mathlib.Meta.NormNum.IsNat.of_raw ℝ 2))
                                (Eq.refl (Int.negOfNat 2))))
                            Mathlib.Tactic.Ring.Common.neg_zero)
                          (Mathlib.Tactic.Ring.Common.add_pf_add_gt (Int.negOfNat 2).rawCast
                            (Mathlib.Tactic.Ring.Common.add_pf_add_zero (x ^ Nat.rawCast 2 * Nat.rawCast 1 + 0)))))
                      (Mathlib.Tactic.Ring.Common.neg_add
                        (Mathlib.Meta.NormNum.IsNat.to_raw_eq
                          (Mathlib.Meta.NormNum.IsInt.to_isNat
                            (Mathlib.Meta.NormNum.isInt_neg (Eq.refl Neg.neg)
                              (Mathlib.Meta.NormNum.IsInt.of_raw ℝ (Int.negOfNat 2)) (Eq.refl (Int.ofNat 2)))))
                        (Mathlib.Tactic.Ring.Common.neg_add
                          (Mathlib.Tactic.Ring.Common.neg_mul x (Nat.rawCast 2)
                            (Mathlib.Meta.NormNum.IsInt.to_raw_eq
                              (Mathlib.Meta.NormNum.isInt_neg (Eq.refl Neg.neg)
                                (Mathlib.Meta.NormNum.IsNat.to_isInt (Mathlib.Meta.NormNum.IsNat.of_raw ℝ 1))
                                (Eq.refl (Int.negOfNat 1)))))
                          Mathlib.Tactic.Ring.Common.neg_zero)))
                    (Mathlib.Tactic.Ring.Common.add_mul
                      (Mathlib.Tactic.Ring.Common.mul_add
                        (Mathlib.Meta.NormNum.IsNat.to_raw_eq
                          (Mathlib.Meta.NormNum.isNat_mul (Eq.refl HMul.hMul) (Mathlib.Meta.NormNum.IsNat.of_raw ℝ 4)
                            (Mathlib.Meta.NormNum.IsNat.of_raw ℝ 2) (Eq.refl 8)))
                        (Mathlib.Tactic.Ring.Common.mul_add
                          (Mathlib.Tactic.Ring.Common.mul_pf_right x (Nat.rawCast 2)
                            (Mathlib.Meta.NormNum.IsInt.to_raw_eq
                              (Mathlib.Meta.NormNum.isInt_mul (Eq.refl HMul.hMul)
                                (Mathlib.Meta.NormNum.IsNat.to_isInt (Mathlib.Meta.NormNum.IsNat.of_raw ℝ 4))
                                (Mathlib.Meta.NormNum.IsInt.of_raw ℝ (Int.negOfNat 1)) (Eq.refl (Int.negOfNat 4)))))
                          (Mathlib.Tactic.Ring.Common.mul_zero (Nat.rawCast 4))
                          (Mathlib.Tactic.Ring.Common.add_pf_add_zero
                            (x ^ Nat.rawCast 2 * (Int.negOfNat 4).rawCast + 0)))
                        (Mathlib.Tactic.Ring.Common.add_pf_add_lt (Nat.rawCast 8)
                          (Mathlib.Tactic.Ring.Common.add_pf_zero_add
                            (x ^ Nat.rawCast 2 * (Int.negOfNat 4).rawCast + 0))))
                      (Mathlib.Tactic.Ring.Common.zero_mul
                        (Nat.rawCast 2 + (x ^ Nat.rawCast 2 * (Int.negOfNat 1).rawCast + 0)))
                      (Mathlib.Tactic.Ring.Common.add_pf_add_zero
                        (Nat.rawCast 8 + (x ^ Nat.rawCast 2 * (Int.negOfNat 4).rawCast + 0)))))
                  (Mathlib.Tactic.Ring.Common.add_pf_add_overlap_zero
                    (Mathlib.Meta.NormNum.IsInt.to_isNat
                      (Mathlib.Meta.NormNum.isInt_add (Eq.refl HAdd.hAdd)
                        (Mathlib.Meta.NormNum.IsInt.of_raw ℝ (Int.negOfNat 8))
                        (Mathlib.Meta.NormNum.IsNat.to_isInt (Mathlib.Meta.NormNum.IsNat.of_raw ℝ 8))
                        (Eq.refl (Int.ofNat 0))))
                    (Mathlib.Tactic.Ring.Common.add_pf_zero_add (x ^ Nat.rawCast 2 * (Int.negOfNat 4).rawCast + 0))))
                (Mathlib.Tactic.Ring.Common.sub_congr
                  (Mathlib.Tactic.Ring.Common.mul_congr
                    (Mathlib.Tactic.Ring.Common.sub_congr
                      (Mathlib.Tactic.Ring.Common.add_congr
                        (Mathlib.Tactic.Ring.Common.atom_pf x rfl
                          (Eq.mpr
                            (id
                              (congrArg (fun _a => x ^ Nat.rawCast 1 * Nat.rawCast 1 = x ^ Nat.rawCast 1 * _a)
                                (Eq.symm rfl)))
                            (Eq.refl (x ^ Nat.rawCast 1 * Nat.rawCast 1))))
                        (Mathlib.Tactic.Ring.Common.atom_pf x rfl
                          (Eq.mpr
                            (id
                              (congrArg (fun _a => x ^ Nat.rawCast 1 * Nat.rawCast 1 = x ^ Nat.rawCast 1 * _a)
                                (Eq.symm rfl)))
                            (Eq.refl (x ^ Nat.rawCast 1 * Nat.rawCast 1))))
                        (Mathlib.Tactic.Ring.Common.add_pf_add_overlap
                          (Mathlib.Tactic.Ring.Common.add_overlap_pf x (Nat.rawCast 1)
                            (Mathlib.Meta.NormNum.IsNat.to_raw_eq
                              (Mathlib.Meta.NormNum.isNat_add (Eq.refl HAdd.hAdd)
                                (Mathlib.Meta.NormNum.IsNat.of_raw ℝ 1) (Mathlib.Meta.NormNum.IsNat.of_raw ℝ 1)
                                (Eq.refl 2))))
                          (Mathlib.Tactic.Ring.Common.add_pf_zero_add 0)))
                      (Mathlib.Tactic.Ring.cast_zero (Mathlib.Meta.NormNum.isNat_ofNat ℝ Nat.cast_zero))
                      (Mathlib.Tactic.Ring.Common.sub_pf Mathlib.Tactic.Ring.Common.neg_zero
                        (Mathlib.Tactic.Ring.Common.add_pf_add_zero (x ^ Nat.rawCast 1 * Nat.rawCast 2 + 0))))
                    (Mathlib.Tactic.Ring.Common.sub_congr
                      (Mathlib.Tactic.Ring.Common.add_congr
                        (Mathlib.Tactic.Ring.Common.atom_pf x rfl
                          (Eq.mpr
                            (id
                              (congrArg (fun _a => x ^ Nat.rawCast 1 * Nat.rawCast 1 = x ^ Nat.rawCast 1 * _a)
                                (Eq.symm rfl)))
                            (Eq.refl (x ^ Nat.rawCast 1 * Nat.rawCast 1))))
                        (Mathlib.Tactic.Ring.Common.atom_pf x rfl
                          (Eq.mpr
                            (id
                              (congrArg (fun _a => x ^ Nat.rawCast 1 * Nat.rawCast 1 = x ^ Nat.rawCast 1 * _a)
                                (Eq.symm rfl)))
                            (Eq.refl (x ^ Nat.rawCast 1 * Nat.rawCast 1))))
                        (Mathlib.Tactic.Ring.Common.add_pf_add_overlap
                          (Mathlib.Tactic.Ring.Common.add_overlap_pf x (Nat.rawCast 1)
                            (Mathlib.Meta.NormNum.IsNat.to_raw_eq
                              (Mathlib.Meta.NormNum.isNat_add (Eq.refl HAdd.hAdd)
                                (Mathlib.Meta.NormNum.IsNat.of_raw ℝ 1) (Mathlib.Meta.NormNum.IsNat.of_raw ℝ 1)
                                (Eq.refl 2))))
                          (Mathlib.Tactic.Ring.Common.add_pf_zero_add 0)))
                      (Mathlib.Tactic.Ring.cast_zero (Mathlib.Meta.NormNum.isNat_ofNat ℝ Nat.cast_zero))
                      (Mathlib.Tactic.Ring.Common.sub_pf Mathlib.Tactic.Ring.Common.neg_zero
                        (Mathlib.Tactic.Ring.Common.add_pf_add_zero (x ^ Nat.rawCast 1 * Nat.rawCast 2 + 0))))
                    (Mathlib.Tactic.Ring.Common.add_mul
                      (Mathlib.Tactic.Ring.Common.mul_add
                        (Mathlib.Tactic.Ring.Common.mul_pp_pf_overlap x
                          (Mathlib.Meta.NormNum.IsNat.to_raw_eq
                            (Mathlib.Meta.NormNum.isNat_add (Eq.refl HAdd.hAdd) (Mathlib.Meta.NormNum.IsNat.of_raw ℕ 1)
                              (Mathlib.Meta.NormNum.IsNat.of_raw ℕ 1) (Eq.refl 2)))
                          (Mathlib.Meta.NormNum.IsNat.to_raw_eq
                            (Mathlib.Meta.NormNum.isNat_mul (Eq.refl HMul.hMul) (Mathlib.Meta.NormNum.IsNat.of_raw ℝ 2)
                              (Mathlib.Meta.NormNum.IsNat.of_raw ℝ 2) (Eq.refl 4))))
                        (Mathlib.Tactic.Ring.Common.mul_zero (x ^ Nat.rawCast 1 * Nat.rawCast 2))
                        (Mathlib.Tactic.Ring.Common.add_pf_add_zero (x ^ Nat.rawCast 2 * Nat.rawCast 4 + 0)))
                      (Mathlib.Tactic.Ring.Common.zero_mul (x ^ Nat.rawCast 1 * Nat.rawCast 2 + 0))
                      (Mathlib.Tactic.Ring.Common.add_pf_add_zero (x ^ Nat.rawCast 2 * Nat.rawCast 4 + 0))))
                  (Mathlib.Tactic.Ring.cast_zero (Mathlib.Meta.NormNum.isNat_ofNat ℝ Nat.cast_zero))
                  (Mathlib.Tactic.Ring.Common.sub_pf Mathlib.Tactic.Ring.Common.neg_zero
                    (Mathlib.Tactic.Ring.Common.add_pf_add_zero (x ^ Nat.rawCast 2 * Nat.rawCast 4 + 0))))
                (Mathlib.Tactic.Ring.Common.add_pf_add_overlap_zero
                  (Mathlib.Tactic.Ring.Common.add_overlap_pf_zero x (Nat.rawCast 2)
                    (Mathlib.Meta.NormNum.IsInt.to_isNat
                      (Mathlib.Meta.NormNum.isInt_add (Eq.refl HAdd.hAdd)
                        (Mathlib.Meta.NormNum.IsInt.of_raw ℝ (Int.negOfNat 4))
                        (Mathlib.Meta.NormNum.IsNat.to_isInt (Mathlib.Meta.NormNum.IsNat.of_raw ℝ 4))
                        (Eq.refl (Int.ofNat 0)))))
                  (Mathlib.Tactic.Ring.Common.add_pf_zero_add 0)))
              (Mathlib.Tactic.Ring.cast_zero (Mathlib.Meta.NormNum.isNat_ofNat ℝ Nat.cast_zero))))
          (Mathlib.Tactic.Linarith.lt_of_lt_of_eq
            (Mathlib.Tactic.Linarith.lt_of_lt_of_eq
              (Mathlib.Tactic.Linarith.mul_neg (neg_neg_of_pos Mathlib.Tactic.Linarith.zero_lt_one)
                (Mathlib.Meta.NormNum.isNat_lt_true (Mathlib.Meta.NormNum.isNat_ofNat ℝ Nat.cast_zero)
                  (Mathlib.Meta.NormNum.isNat_ofNat ℝ (Eq.refl 8)) (Eq.refl false)))
              (Mathlib.Tactic.Linarith.mul_eq (neg_eq_zero.mpr (sub_eq_zero_of_eq hx))
                (Mathlib.Meta.NormNum.isNat_lt_true (Mathlib.Meta.NormNum.isNat_ofNat ℝ Nat.cast_zero)
                  (Mathlib.Meta.NormNum.isNat_ofNat ℝ (Eq.refl 4)) (Eq.refl false))))
            (sub_eq_zero_of_eq (Mathlib.Tactic.Linarith.zero_mul_eq (sub_eq_zero_of_eq a) (sub_eq_zero_of_eq a))))),
    ⟨Mathlib.Tactic.Ring.of_eq
        (Mathlib.Tactic.Ring.Common.add_congr
          (Mathlib.Tactic.Ring.Common.atom_pf x rfl
            (Eq.mpr (id (congrArg (fun _a => x ^ Nat.rawCast 1 * Nat.rawCast 1 = x ^ Nat.rawCast 1 * _a) (Eq.symm rfl)))
              (Eq.refl (x ^ Nat.rawCast 1 * Nat.rawCast 1))))
          (Mathlib.Tactic.Ring.Common.neg_congr
            (Mathlib.Tactic.Ring.Common.atom_pf x rfl
              (Eq.mpr
                (id (congrArg (fun _a => x ^ Nat.rawCast 1 * Nat.rawCast 1 = x ^ Nat.rawCast 1 * _a) (Eq.symm rfl)))
                (Eq.refl (x ^ Nat.rawCast 1 * Nat.rawCast 1))))
            (Mathlib.Tactic.Ring.Common.neg_add
              (Mathlib.Tactic.Ring.Common.neg_mul x (Nat.rawCast 1)
                (Mathlib.Meta.NormNum.IsInt.to_raw_eq
                  (Mathlib.Meta.NormNum.isInt_neg (Eq.refl Neg.neg)
                    (Mathlib.Meta.NormNum.IsNat.to_isInt (Mathlib.Meta.NormNum.IsNat.of_raw ℝ 1))
                    (Eq.refl (Int.negOfNat 1)))))
              Mathlib.Tactic.Ring.Common.neg_zero))
          (Mathlib.Tactic.Ring.Common.add_pf_add_overlap_zero
            (Mathlib.Tactic.Ring.Common.add_overlap_pf_zero x (Nat.rawCast 1)
              (Mathlib.Meta.NormNum.IsInt.to_isNat
                (Mathlib.Meta.NormNum.isInt_add (Eq.refl HAdd.hAdd)
                  (Mathlib.Meta.NormNum.IsNat.to_isInt (Mathlib.Meta.NormNum.IsNat.of_raw ℝ 1))
                  (Mathlib.Meta.NormNum.IsInt.of_raw ℝ (Int.negOfNat 1)) (Eq.refl (Int.ofNat 0)))))
            (Mathlib.Tactic.Ring.Common.add_pf_zero_add 0)))
        (Mathlib.Tactic.Ring.cast_zero (Mathlib.Meta.NormNum.isNat_ofNat ℝ Nat.cast_zero)),
      Mathlib.Tactic.Linarith.eq_of_not_lt_of_not_gt ((x + x) * (-x + -x)) (-8)
        (Not.intro fun a =>
          Mathlib.Tactic.Linarith.lt_irrefl
            (Eq.mp
              (congrArg (fun _a => _a < 0)
                (Mathlib.Tactic.Ring.of_eq
                  (Mathlib.Tactic.Ring.Common.add_congr
                    (Mathlib.Tactic.Ring.Common.mul_congr
                      (Mathlib.Tactic.Ring.cast_pos (Mathlib.Meta.NormNum.isNat_ofNat ℝ (Eq.refl 4)))
                      (Mathlib.Tactic.Ring.Common.sub_congr
                        (Mathlib.Tactic.Ring.Common.pow_congr
                          (Mathlib.Tactic.Ring.Common.atom_pf x rfl
                            (Eq.mpr
                              (id
                                (congrArg (fun _a => x ^ Nat.rawCast 1 * Nat.rawCast 1 = x ^ Nat.rawCast 1 * _a)
                                  (Eq.symm rfl)))
                              (Eq.refl (x ^ Nat.rawCast 1 * Nat.rawCast 1))))
                          (Mathlib.Tactic.Ring.cast_pos (Mathlib.Meta.NormNum.isNat_ofNat ℕ (Eq.refl 2)))
                          (Mathlib.Tactic.Ring.Common.pow_add
                            (Mathlib.Tactic.Ring.Common.single_pow
                              (Mathlib.Tactic.Ring.Common.mul_pow_mul
                                (Mathlib.Meta.NormNum.IsNat.to_raw_eq
                                  (Mathlib.Meta.NormNum.isNat_mul (Eq.refl HMul.hMul)
                                    (Mathlib.Meta.NormNum.IsNat.of_raw ℕ 1) (Mathlib.Meta.NormNum.IsNat.of_raw ℕ 2)
                                    (Eq.refl 2)))
                                (Mathlib.Tactic.Ring.Common.one_pow (Nat.rawCast 2) { out := rfl })
                                (Eq.mpr
                                  (id
                                    (congrArg (fun _a => x ^ Nat.rawCast 2 * Nat.rawCast 1 = x ^ Nat.rawCast 2 * _a)
                                      (Eq.symm rfl)))
                                  (Eq.refl (x ^ Nat.rawCast 2 * Nat.rawCast 1)))
                                (Mathlib.Tactic.Ring.Common.mul_pf_left x (Nat.rawCast 2)
                                  (Mathlib.Meta.NormNum.IsNat.to_raw_eq
                                    (Mathlib.Meta.NormNum.isNat_mul (Eq.refl HMul.hMul)
                                      (Mathlib.Meta.NormNum.IsNat.of_raw ℝ 1) (Mathlib.Meta.NormNum.IsNat.of_raw ℝ 1)
                                      (Eq.refl 1))))))
                            (Mathlib.Tactic.Ring.Common.pow_zero (x ^ Nat.rawCast 1 * Nat.rawCast 1 + 0) rfl)
                            (Mathlib.Tactic.Ring.Common.add_mul
                              (Mathlib.Tactic.Ring.Common.mul_add
                                (Mathlib.Tactic.Ring.Common.mul_pf_left x (Nat.rawCast 2)
                                  (Mathlib.Meta.NormNum.IsNat.to_raw_eq
                                    (Mathlib.Meta.NormNum.isNat_mul (Eq.refl HMul.hMul)
                                      (Mathlib.Meta.NormNum.IsNat.of_raw ℝ 1) (Mathlib.Meta.NormNum.IsNat.of_raw ℝ 1)
                                      (Eq.refl 1))))
                                (Mathlib.Tactic.Ring.Common.mul_zero (x ^ Nat.rawCast 2 * Nat.rawCast 1))
                                (Mathlib.Tactic.Ring.Common.add_pf_add_zero (x ^ Nat.rawCast 2 * Nat.rawCast 1 + 0)))
                              (Mathlib.Tactic.Ring.Common.zero_mul (Nat.rawCast 1 + 0))
                              (Mathlib.Tactic.Ring.Common.add_pf_add_zero (x ^ Nat.rawCast 2 * Nat.rawCast 1 + 0)))))
                        (Mathlib.Tactic.Ring.cast_pos (Mathlib.Meta.NormNum.isNat_ofNat ℝ (Eq.refl 2)))
                        (Mathlib.Tactic.Ring.Common.sub_pf
                          (Mathlib.Tactic.Ring.Common.neg_add
                            (Mathlib.Meta.NormNum.IsInt.to_raw_eq
                              (Mathlib.Meta.NormNum.isInt_neg (Eq.refl Neg.neg)
                                (Mathlib.Meta.NormNum.IsNat.to_isInt (Mathlib.Meta.NormNum.IsNat.of_raw ℝ 2))
                                (Eq.refl (Int.negOfNat 2))))
                            Mathlib.Tactic.Ring.Common.neg_zero)
                          (Mathlib.Tactic.Ring.Common.add_pf_add_gt (Int.negOfNat 2).rawCast
                            (Mathlib.Tactic.Ring.Common.add_pf_add_zero (x ^ Nat.rawCast 2 * Nat.rawCast 1 + 0)))))
                      (Mathlib.Tactic.Ring.Common.add_mul
                        (Mathlib.Tactic.Ring.Common.mul_add
                          (Mathlib.Meta.NormNum.IsInt.to_raw_eq
                            (Mathlib.Meta.NormNum.isInt_mul (Eq.refl HMul.hMul)
                              (Mathlib.Meta.NormNum.IsNat.to_isInt (Mathlib.Meta.NormNum.IsNat.of_raw ℝ 4))
                              (Mathlib.Meta.NormNum.IsInt.of_raw ℝ (Int.negOfNat 2)) (Eq.refl (Int.negOfNat 8))))
                          (Mathlib.Tactic.Ring.Common.mul_add
                            (Mathlib.Tactic.Ring.Common.mul_pf_right x (Nat.rawCast 2)
                              (Mathlib.Meta.NormNum.IsNat.to_raw_eq
                                (Mathlib.Meta.NormNum.isNat_mul (Eq.refl HMul.hMul)
                                  (Mathlib.Meta.NormNum.IsNat.of_raw ℝ 4) (Mathlib.Meta.NormNum.IsNat.of_raw ℝ 1)
                                  (Eq.refl 4))))
                            (Mathlib.Tactic.Ring.Common.mul_zero (Nat.rawCast 4))
                            (Mathlib.Tactic.Ring.Common.add_pf_add_zero (x ^ Nat.rawCast 2 * Nat.rawCast 4 + 0)))
                          (Mathlib.Tactic.Ring.Common.add_pf_add_lt (Int.negOfNat 8).rawCast
                            (Mathlib.Tactic.Ring.Common.add_pf_zero_add (x ^ Nat.rawCast 2 * Nat.rawCast 4 + 0))))
                        (Mathlib.Tactic.Ring.Common.zero_mul
                          ((Int.negOfNat 2).rawCast + (x ^ Nat.rawCast 2 * Nat.rawCast 1 + 0)))
                        (Mathlib.Tactic.Ring.Common.add_pf_add_zero
                          ((Int.negOfNat 8).rawCast + (x ^ Nat.rawCast 2 * Nat.rawCast 4 + 0)))))
                    (Mathlib.Tactic.Ring.Common.sub_congr
                      (Mathlib.Tactic.Ring.Common.mul_congr
                        (Mathlib.Tactic.Ring.Common.add_congr
                          (Mathlib.Tactic.Ring.Common.atom_pf x rfl
                            (Eq.mpr
                              (id
                                (congrArg (fun _a => x ^ Nat.rawCast 1 * Nat.rawCast 1 = x ^ Nat.rawCast 1 * _a)
                                  (Eq.symm rfl)))
                              (Eq.refl (x ^ Nat.rawCast 1 * Nat.rawCast 1))))
                          (Mathlib.Tactic.Ring.Common.atom_pf x rfl
                            (Eq.mpr
                              (id
                                (congrArg (fun _a => x ^ Nat.rawCast 1 * Nat.rawCast 1 = x ^ Nat.rawCast 1 * _a)
                                  (Eq.symm rfl)))
                              (Eq.refl (x ^ Nat.rawCast 1 * Nat.rawCast 1))))
                          (Mathlib.Tactic.Ring.Common.add_pf_add_overlap
                            (Mathlib.Tactic.Ring.Common.add_overlap_pf x (Nat.rawCast 1)
                              (Mathlib.Meta.NormNum.IsNat.to_raw_eq
                                (Mathlib.Meta.NormNum.isNat_add (Eq.refl HAdd.hAdd)
                                  (Mathlib.Meta.NormNum.IsNat.of_raw ℝ 1) (Mathlib.Meta.NormNum.IsNat.of_raw ℝ 1)
                                  (Eq.refl 2))))
                            (Mathlib.Tactic.Ring.Common.add_pf_zero_add 0)))
                        (Mathlib.Tactic.Ring.Common.add_congr
                          (Mathlib.Tactic.Ring.Common.neg_congr
                            (Mathlib.Tactic.Ring.Common.atom_pf x rfl
                              (Eq.mpr
                                (id
                                  (congrArg (fun _a => x ^ Nat.rawCast 1 * Nat.rawCast 1 = x ^ Nat.rawCast 1 * _a)
                                    (Eq.symm rfl)))
                                (Eq.refl (x ^ Nat.rawCast 1 * Nat.rawCast 1))))
                            (Mathlib.Tactic.Ring.Common.neg_add
                              (Mathlib.Tactic.Ring.Common.neg_mul x (Nat.rawCast 1)
                                (Mathlib.Meta.NormNum.IsInt.to_raw_eq
                                  (Mathlib.Meta.NormNum.isInt_neg (Eq.refl Neg.neg)
                                    (Mathlib.Meta.NormNum.IsNat.to_isInt (Mathlib.Meta.NormNum.IsNat.of_raw ℝ 1))
                                    (Eq.refl (Int.negOfNat 1)))))
                              Mathlib.Tactic.Ring.Common.neg_zero))
                          (Mathlib.Tactic.Ring.Common.neg_congr
                            (Mathlib.Tactic.Ring.Common.atom_pf x rfl
                              (Eq.mpr
                                (id
                                  (congrArg (fun _a => x ^ Nat.rawCast 1 * Nat.rawCast 1 = x ^ Nat.rawCast 1 * _a)
                                    (Eq.symm rfl)))
                                (Eq.refl (x ^ Nat.rawCast 1 * Nat.rawCast 1))))
                            (Mathlib.Tactic.Ring.Common.neg_add
                              (Mathlib.Tactic.Ring.Common.neg_mul x (Nat.rawCast 1)
                                (Mathlib.Meta.NormNum.IsInt.to_raw_eq
                                  (Mathlib.Meta.NormNum.isInt_neg (Eq.refl Neg.neg)
                                    (Mathlib.Meta.NormNum.IsNat.to_isInt (Mathlib.Meta.NormNum.IsNat.of_raw ℝ 1))
                                    (Eq.refl (Int.negOfNat 1)))))
                              Mathlib.Tactic.Ring.Common.neg_zero))
                          (Mathlib.Tactic.Ring.Common.add_pf_add_overlap
                            (Mathlib.Tactic.Ring.Common.add_overlap_pf x (Nat.rawCast 1)
                              (Mathlib.Meta.NormNum.IsInt.to_raw_eq
                                (Mathlib.Meta.NormNum.isInt_add (Eq.refl HAdd.hAdd)
                                  (Mathlib.Meta.NormNum.IsInt.of_raw ℝ (Int.negOfNat 1))
                                  (Mathlib.Meta.NormNum.IsInt.of_raw ℝ (Int.negOfNat 1)) (Eq.refl (Int.negOfNat 2)))))
                            (Mathlib.Tactic.Ring.Common.add_pf_zero_add 0)))
                        (Mathlib.Tactic.Ring.Common.add_mul
                          (Mathlib.Tactic.Ring.Common.mul_add
                            (Mathlib.Tactic.Ring.Common.mul_pp_pf_overlap x
                              (Mathlib.Meta.NormNum.IsNat.to_raw_eq
                                (Mathlib.Meta.NormNum.isNat_add (Eq.refl HAdd.hAdd)
                                  (Mathlib.Meta.NormNum.IsNat.of_raw ℕ 1) (Mathlib.Meta.NormNum.IsNat.of_raw ℕ 1)
                                  (Eq.refl 2)))
                              (Mathlib.Meta.NormNum.IsInt.to_raw_eq
                                (Mathlib.Meta.NormNum.isInt_mul (Eq.refl HMul.hMul)
                                  (Mathlib.Meta.NormNum.IsNat.to_isInt (Mathlib.Meta.NormNum.IsNat.of_raw ℝ 2))
                                  (Mathlib.Meta.NormNum.IsInt.of_raw ℝ (Int.negOfNat 2)) (Eq.refl (Int.negOfNat 4)))))
                            (Mathlib.Tactic.Ring.Common.mul_zero (x ^ Nat.rawCast 1 * Nat.rawCast 2))
                            (Mathlib.Tactic.Ring.Common.add_pf_add_zero
                              (x ^ Nat.rawCast 2 * (Int.negOfNat 4).rawCast + 0)))
                          (Mathlib.Tactic.Ring.Common.zero_mul (x ^ Nat.rawCast 1 * (Int.negOfNat 2).rawCast + 0))
                          (Mathlib.Tactic.Ring.Common.add_pf_add_zero
                            (x ^ Nat.rawCast 2 * (Int.negOfNat 4).rawCast + 0))))
                      (Mathlib.Tactic.Ring.Common.neg_congr
                        (Mathlib.Tactic.Ring.cast_pos (Mathlib.Meta.NormNum.isNat_ofNat ℝ (Eq.refl 8)))
                        (Mathlib.Tactic.Ring.Common.neg_add
                          (Mathlib.Meta.NormNum.IsInt.to_raw_eq
                            (Mathlib.Meta.NormNum.isInt_neg (Eq.refl Neg.neg)
                              (Mathlib.Meta.NormNum.IsNat.to_isInt (Mathlib.Meta.NormNum.IsNat.of_raw ℝ 8))
                              (Eq.refl (Int.negOfNat 8))))
                          Mathlib.Tactic.Ring.Common.neg_zero))
                      (Mathlib.Tactic.Ring.Common.sub_pf
                        (Mathlib.Tactic.Ring.Common.neg_add
                          (Mathlib.Meta.NormNum.IsNat.to_raw_eq
                            (Mathlib.Meta.NormNum.IsInt.to_isNat
                              (Mathlib.Meta.NormNum.isInt_neg (Eq.refl Neg.neg)
                                (Mathlib.Meta.NormNum.IsInt.of_raw ℝ (Int.negOfNat 8)) (Eq.refl (Int.ofNat 8)))))
                          Mathlib.Tactic.Ring.Common.neg_zero)
                        (Mathlib.Tactic.Ring.Common.add_pf_add_gt (Nat.rawCast 8)
                          (Mathlib.Tactic.Ring.Common.add_pf_add_zero
                            (x ^ Nat.rawCast 2 * (Int.negOfNat 4).rawCast + 0)))))
                    (Mathlib.Tactic.Ring.Common.add_pf_add_overlap_zero
                      (Mathlib.Meta.NormNum.IsInt.to_isNat
                        (Mathlib.Meta.NormNum.isInt_add (Eq.refl HAdd.hAdd)
                          (Mathlib.Meta.NormNum.IsInt.of_raw ℝ (Int.negOfNat 8))
                          (Mathlib.Meta.NormNum.IsNat.to_isInt (Mathlib.Meta.NormNum.IsNat.of_raw ℝ 8))
                          (Eq.refl (Int.ofNat 0))))
                      (Mathlib.Tactic.Ring.Common.add_pf_add_overlap_zero
                        (Mathlib.Tactic.Ring.Common.add_overlap_pf_zero x (Nat.rawCast 2)
                          (Mathlib.Meta.NormNum.IsInt.to_isNat
                            (Mathlib.Meta.NormNum.isInt_add (Eq.refl HAdd.hAdd)
                              (Mathlib.Meta.NormNum.IsNat.to_isInt (Mathlib.Meta.NormNum.IsNat.of_raw ℝ 4))
                              (Mathlib.Meta.NormNum.IsInt.of_raw ℝ (Int.negOfNat 4)) (Eq.refl (Int.ofNat 0)))))
                        (Mathlib.Tactic.Ring.Common.add_pf_zero_add 0))))
                  (Mathlib.Tactic.Ring.cast_zero (Mathlib.Meta.NormNum.isNat_ofNat ℝ Nat.cast_zero))))
              (Mathlib.Tactic.Linarith.lt_of_eq_of_lt
                (Mathlib.Tactic.Linarith.mul_eq (sub_eq_zero_of_eq hx)
                  (Mathlib.Meta.NormNum.isNat_lt_true (Mathlib.Meta.NormNum.isNat_ofNat ℝ Nat.cast_zero)
                    (Mathlib.Meta.NormNum.isNat_ofNat ℝ (Eq.refl 4)) (Eq.refl false)))
                (Mathlib.Tactic.Linarith.sub_neg_of_lt a))))
        (Not.intro fun a =>
          Mathlib.Tactic.Linarith.lt_irrefl
            (Eq.mp
              (congrArg (fun _a => _a < 0)
                (Mathlib.Tactic.Ring.of_eq
                  (Mathlib.Tactic.Ring.Common.add_congr
                    (Mathlib.Tactic.Ring.Common.mul_congr
                      (Mathlib.Tactic.Ring.cast_pos (Mathlib.Meta.NormNum.isNat_ofNat ℝ (Eq.refl 4)))
                      (Mathlib.Tactic.Ring.Common.neg_congr
                        (Mathlib.Tactic.Ring.Common.sub_congr
                          (Mathlib.Tactic.Ring.Common.pow_congr
                            (Mathlib.Tactic.Ring.Common.atom_pf x rfl
                              (Eq.mpr
                                (id
                                  (congrArg (fun _a => x ^ Nat.rawCast 1 * Nat.rawCast 1 = x ^ Nat.rawCast 1 * _a)
                                    (Eq.symm rfl)))
                                (Eq.refl (x ^ Nat.rawCast 1 * Nat.rawCast 1))))
                            (Mathlib.Tactic.Ring.cast_pos (Mathlib.Meta.NormNum.isNat_ofNat ℕ (Eq.refl 2)))
                            (Mathlib.Tactic.Ring.Common.pow_add
                              (Mathlib.Tactic.Ring.Common.single_pow
                                (Mathlib.Tactic.Ring.Common.mul_pow_mul
                                  (Mathlib.Meta.NormNum.IsNat.to_raw_eq
                                    (Mathlib.Meta.NormNum.isNat_mul (Eq.refl HMul.hMul)
                                      (Mathlib.Meta.NormNum.IsNat.of_raw ℕ 1) (Mathlib.Meta.NormNum.IsNat.of_raw ℕ 2)
                                      (Eq.refl 2)))
                                  (Mathlib.Tactic.Ring.Common.one_pow (Nat.rawCast 2) { out := rfl })
                                  (Eq.mpr
                                    (id
                                      (congrArg (fun _a => x ^ Nat.rawCast 2 * Nat.rawCast 1 = x ^ Nat.rawCast 2 * _a)
                                        (Eq.symm rfl)))
                                    (Eq.refl (x ^ Nat.rawCast 2 * Nat.rawCast 1)))
                                  (Mathlib.Tactic.Ring.Common.mul_pf_left x (Nat.rawCast 2)
                                    (Mathlib.Meta.NormNum.IsNat.to_raw_eq
                                      (Mathlib.Meta.NormNum.isNat_mul (Eq.refl HMul.hMul)
                                        (Mathlib.Meta.NormNum.IsNat.of_raw ℝ 1) (Mathlib.Meta.NormNum.IsNat.of_raw ℝ 1)
                                        (Eq.refl 1))))))
                              (Mathlib.Tactic.Ring.Common.pow_zero (x ^ Nat.rawCast 1 * Nat.rawCast 1 + 0) rfl)
                              (Mathlib.Tactic.Ring.Common.add_mul
                                (Mathlib.Tactic.Ring.Common.mul_add
                                  (Mathlib.Tactic.Ring.Common.mul_pf_left x (Nat.rawCast 2)
                                    (Mathlib.Meta.NormNum.IsNat.to_raw_eq
                                      (Mathlib.Meta.NormNum.isNat_mul (Eq.refl HMul.hMul)
                                        (Mathlib.Meta.NormNum.IsNat.of_raw ℝ 1) (Mathlib.Meta.NormNum.IsNat.of_raw ℝ 1)
                                        (Eq.refl 1))))
                                  (Mathlib.Tactic.Ring.Common.mul_zero (x ^ Nat.rawCast 2 * Nat.rawCast 1))
                                  (Mathlib.Tactic.Ring.Common.add_pf_add_zero (x ^ Nat.rawCast 2 * Nat.rawCast 1 + 0)))
                                (Mathlib.Tactic.Ring.Common.zero_mul (Nat.rawCast 1 + 0))
                                (Mathlib.Tactic.Ring.Common.add_pf_add_zero (x ^ Nat.rawCast 2 * Nat.rawCast 1 + 0)))))
                          (Mathlib.Tactic.Ring.cast_pos (Mathlib.Meta.NormNum.isNat_ofNat ℝ (Eq.refl 2)))
                          (Mathlib.Tactic.Ring.Common.sub_pf
                            (Mathlib.Tactic.Ring.Common.neg_add
                              (Mathlib.Meta.NormNum.IsInt.to_raw_eq
                                (Mathlib.Meta.NormNum.isInt_neg (Eq.refl Neg.neg)
                                  (Mathlib.Meta.NormNum.IsNat.to_isInt (Mathlib.Meta.NormNum.IsNat.of_raw ℝ 2))
                                  (Eq.refl (Int.negOfNat 2))))
                              Mathlib.Tactic.Ring.Common.neg_zero)
                            (Mathlib.Tactic.Ring.Common.add_pf_add_gt (Int.negOfNat 2).rawCast
                              (Mathlib.Tactic.Ring.Common.add_pf_add_zero (x ^ Nat.rawCast 2 * Nat.rawCast 1 + 0)))))
                        (Mathlib.Tactic.Ring.Common.neg_add
                          (Mathlib.Meta.NormNum.IsNat.to_raw_eq
                            (Mathlib.Meta.NormNum.IsInt.to_isNat
                              (Mathlib.Meta.NormNum.isInt_neg (Eq.refl Neg.neg)
                                (Mathlib.Meta.NormNum.IsInt.of_raw ℝ (Int.negOfNat 2)) (Eq.refl (Int.ofNat 2)))))
                          (Mathlib.Tactic.Ring.Common.neg_add
                            (Mathlib.Tactic.Ring.Common.neg_mul x (Nat.rawCast 2)
                              (Mathlib.Meta.NormNum.IsInt.to_raw_eq
                                (Mathlib.Meta.NormNum.isInt_neg (Eq.refl Neg.neg)
                                  (Mathlib.Meta.NormNum.IsNat.to_isInt (Mathlib.Meta.NormNum.IsNat.of_raw ℝ 1))
                                  (Eq.refl (Int.negOfNat 1)))))
                            Mathlib.Tactic.Ring.Common.neg_zero)))
                      (Mathlib.Tactic.Ring.Common.add_mul
                        (Mathlib.Tactic.Ring.Common.mul_add
                          (Mathlib.Meta.NormNum.IsNat.to_raw_eq
                            (Mathlib.Meta.NormNum.isNat_mul (Eq.refl HMul.hMul) (Mathlib.Meta.NormNum.IsNat.of_raw ℝ 4)
                              (Mathlib.Meta.NormNum.IsNat.of_raw ℝ 2) (Eq.refl 8)))
                          (Mathlib.Tactic.Ring.Common.mul_add
                            (Mathlib.Tactic.Ring.Common.mul_pf_right x (Nat.rawCast 2)
                              (Mathlib.Meta.NormNum.IsInt.to_raw_eq
                                (Mathlib.Meta.NormNum.isInt_mul (Eq.refl HMul.hMul)
                                  (Mathlib.Meta.NormNum.IsNat.to_isInt (Mathlib.Meta.NormNum.IsNat.of_raw ℝ 4))
                                  (Mathlib.Meta.NormNum.IsInt.of_raw ℝ (Int.negOfNat 1)) (Eq.refl (Int.negOfNat 4)))))
                            (Mathlib.Tactic.Ring.Common.mul_zero (Nat.rawCast 4))
                            (Mathlib.Tactic.Ring.Common.add_pf_add_zero
                              (x ^ Nat.rawCast 2 * (Int.negOfNat 4).rawCast + 0)))
                          (Mathlib.Tactic.Ring.Common.add_pf_add_lt (Nat.rawCast 8)
                            (Mathlib.Tactic.Ring.Common.add_pf_zero_add
                              (x ^ Nat.rawCast 2 * (Int.negOfNat 4).rawCast + 0))))
                        (Mathlib.Tactic.Ring.Common.zero_mul
                          (Nat.rawCast 2 + (x ^ Nat.rawCast 2 * (Int.negOfNat 1).rawCast + 0)))
                        (Mathlib.Tactic.Ring.Common.add_pf_add_zero
                          (Nat.rawCast 8 + (x ^ Nat.rawCast 2 * (Int.negOfNat 4).rawCast + 0)))))
                    (Mathlib.Tactic.Ring.Common.sub_congr
                      (Mathlib.Tactic.Ring.Common.neg_congr
                        (Mathlib.Tactic.Ring.cast_pos (Mathlib.Meta.NormNum.isNat_ofNat ℝ (Eq.refl 8)))
                        (Mathlib.Tactic.Ring.Common.neg_add
                          (Mathlib.Meta.NormNum.IsInt.to_raw_eq
                            (Mathlib.Meta.NormNum.isInt_neg (Eq.refl Neg.neg)
                              (Mathlib.Meta.NormNum.IsNat.to_isInt (Mathlib.Meta.NormNum.IsNat.of_raw ℝ 8))
                              (Eq.refl (Int.negOfNat 8))))
                          Mathlib.Tactic.Ring.Common.neg_zero))
                      (Mathlib.Tactic.Ring.Common.mul_congr
                        (Mathlib.Tactic.Ring.Common.add_congr
                          (Mathlib.Tactic.Ring.Common.atom_pf x rfl
                            (Eq.mpr
                              (id
                                (congrArg (fun _a => x ^ Nat.rawCast 1 * Nat.rawCast 1 = x ^ Nat.rawCast 1 * _a)
                                  (Eq.symm rfl)))
                              (Eq.refl (x ^ Nat.rawCast 1 * Nat.rawCast 1))))
                          (Mathlib.Tactic.Ring.Common.atom_pf x rfl
                            (Eq.mpr
                              (id
                                (congrArg (fun _a => x ^ Nat.rawCast 1 * Nat.rawCast 1 = x ^ Nat.rawCast 1 * _a)
                                  (Eq.symm rfl)))
                              (Eq.refl (x ^ Nat.rawCast 1 * Nat.rawCast 1))))
                          (Mathlib.Tactic.Ring.Common.add_pf_add_overlap
                            (Mathlib.Tactic.Ring.Common.add_overlap_pf x (Nat.rawCast 1)
                              (Mathlib.Meta.NormNum.IsNat.to_raw_eq
                                (Mathlib.Meta.NormNum.isNat_add (Eq.refl HAdd.hAdd)
                                  (Mathlib.Meta.NormNum.IsNat.of_raw ℝ 1) (Mathlib.Meta.NormNum.IsNat.of_raw ℝ 1)
                                  (Eq.refl 2))))
                            (Mathlib.Tactic.Ring.Common.add_pf_zero_add 0)))
                        (Mathlib.Tactic.Ring.Common.add_congr
                          (Mathlib.Tactic.Ring.Common.neg_congr
                            (Mathlib.Tactic.Ring.Common.atom_pf x rfl
                              (Eq.mpr
                                (id
                                  (congrArg (fun _a => x ^ Nat.rawCast 1 * Nat.rawCast 1 = x ^ Nat.rawCast 1 * _a)
                                    (Eq.symm rfl)))
                                (Eq.refl (x ^ Nat.rawCast 1 * Nat.rawCast 1))))
                            (Mathlib.Tactic.Ring.Common.neg_add
                              (Mathlib.Tactic.Ring.Common.neg_mul x (Nat.rawCast 1)
                                (Mathlib.Meta.NormNum.IsInt.to_raw_eq
                                  (Mathlib.Meta.NormNum.isInt_neg (Eq.refl Neg.neg)
                                    (Mathlib.Meta.NormNum.IsNat.to_isInt (Mathlib.Meta.NormNum.IsNat.of_raw ℝ 1))
                                    (Eq.refl (Int.negOfNat 1)))))
                              Mathlib.Tactic.Ring.Common.neg_zero))
                          (Mathlib.Tactic.Ring.Common.neg_congr
                            (Mathlib.Tactic.Ring.Common.atom_pf x rfl
                              (Eq.mpr
                                (id
                                  (congrArg (fun _a => x ^ Nat.rawCast 1 * Nat.rawCast 1 = x ^ Nat.rawCast 1 * _a)
                                    (Eq.symm rfl)))
                                (Eq.refl (x ^ Nat.rawCast 1 * Nat.rawCast 1))))
                            (Mathlib.Tactic.Ring.Common.neg_add
                              (Mathlib.Tactic.Ring.Common.neg_mul x (Nat.rawCast 1)
                                (Mathlib.Meta.NormNum.IsInt.to_raw_eq
                                  (Mathlib.Meta.NormNum.isInt_neg (Eq.refl Neg.neg)
                                    (Mathlib.Meta.NormNum.IsNat.to_isInt (Mathlib.Meta.NormNum.IsNat.of_raw ℝ 1))
                                    (Eq.refl (Int.negOfNat 1)))))
                              Mathlib.Tactic.Ring.Common.neg_zero))
                          (Mathlib.Tactic.Ring.Common.add_pf_add_overlap
                            (Mathlib.Tactic.Ring.Common.add_overlap_pf x (Nat.rawCast 1)
                              (Mathlib.Meta.NormNum.IsInt.to_raw_eq
                                (Mathlib.Meta.NormNum.isInt_add (Eq.refl HAdd.hAdd)
                                  (Mathlib.Meta.NormNum.IsInt.of_raw ℝ (Int.negOfNat 1))
                                  (Mathlib.Meta.NormNum.IsInt.of_raw ℝ (Int.negOfNat 1)) (Eq.refl (Int.negOfNat 2)))))
                            (Mathlib.Tactic.Ring.Common.add_pf_zero_add 0)))
                        (Mathlib.Tactic.Ring.Common.add_mul
                          (Mathlib.Tactic.Ring.Common.mul_add
                            (Mathlib.Tactic.Ring.Common.mul_pp_pf_overlap x
                              (Mathlib.Meta.NormNum.IsNat.to_raw_eq
                                (Mathlib.Meta.NormNum.isNat_add (Eq.refl HAdd.hAdd)
                                  (Mathlib.Meta.NormNum.IsNat.of_raw ℕ 1) (Mathlib.Meta.NormNum.IsNat.of_raw ℕ 1)
                                  (Eq.refl 2)))
                              (Mathlib.Meta.NormNum.IsInt.to_raw_eq
                                (Mathlib.Meta.NormNum.isInt_mul (Eq.refl HMul.hMul)
                                  (Mathlib.Meta.NormNum.IsNat.to_isInt (Mathlib.Meta.NormNum.IsNat.of_raw ℝ 2))
                                  (Mathlib.Meta.NormNum.IsInt.of_raw ℝ (Int.negOfNat 2)) (Eq.refl (Int.negOfNat 4)))))
                            (Mathlib.Tactic.Ring.Common.mul_zero (x ^ Nat.rawCast 1 * Nat.rawCast 2))
                            (Mathlib.Tactic.Ring.Common.add_pf_add_zero
                              (x ^ Nat.rawCast 2 * (Int.negOfNat 4).rawCast + 0)))
                          (Mathlib.Tactic.Ring.Common.zero_mul (x ^ Nat.rawCast 1 * (Int.negOfNat 2).rawCast + 0))
                          (Mathlib.Tactic.Ring.Common.add_pf_add_zero
                            (x ^ Nat.rawCast 2 * (Int.negOfNat 4).rawCast + 0))))
                      (Mathlib.Tactic.Ring.Common.sub_pf
                        (Mathlib.Tactic.Ring.Common.neg_add
                          (Mathlib.Tactic.Ring.Common.neg_mul x (Nat.rawCast 2)
                            (Mathlib.Meta.NormNum.IsNat.to_raw_eq
                              (Mathlib.Meta.NormNum.IsInt.to_isNat
                                (Mathlib.Meta.NormNum.isInt_neg (Eq.refl Neg.neg)
                                  (Mathlib.Meta.NormNum.IsInt.of_raw ℝ (Int.negOfNat 4)) (Eq.refl (Int.ofNat 4))))))
                          Mathlib.Tactic.Ring.Common.neg_zero)
                        (Mathlib.Tactic.Ring.Common.add_pf_add_lt (Int.negOfNat 8).rawCast
                          (Mathlib.Tactic.Ring.Common.add_pf_zero_add (x ^ Nat.rawCast 2 * Nat.rawCast 4 + 0)))))
                    (Mathlib.Tactic.Ring.Common.add_pf_add_overlap_zero
                      (Mathlib.Meta.NormNum.IsInt.to_isNat
                        (Mathlib.Meta.NormNum.isInt_add (Eq.refl HAdd.hAdd)
                          (Mathlib.Meta.NormNum.IsNat.to_isInt (Mathlib.Meta.NormNum.IsNat.of_raw ℝ 8))
                          (Mathlib.Meta.NormNum.IsInt.of_raw ℝ (Int.negOfNat 8)) (Eq.refl (Int.ofNat 0))))
                      (Mathlib.Tactic.Ring.Common.add_pf_add_overlap_zero
                        (Mathlib.Tactic.Ring.Common.add_overlap_pf_zero x (Nat.rawCast 2)
                          (Mathlib.Meta.NormNum.IsInt.to_isNat
                            (Mathlib.Meta.NormNum.isInt_add (Eq.refl HAdd.hAdd)
                              (Mathlib.Meta.NormNum.IsInt.of_raw ℝ (Int.negOfNat 4))
                              (Mathlib.Meta.NormNum.IsNat.to_isInt (Mathlib.Meta.NormNum.IsNat.of_raw ℝ 4))
                              (Eq.refl (Int.ofNat 0)))))
                        (Mathlib.Tactic.Ring.Common.add_pf_zero_add 0))))
                  (Mathlib.Tactic.Ring.cast_zero (Mathlib.Meta.NormNum.isNat_ofNat ℝ Nat.cast_zero))))
              (Mathlib.Tactic.Linarith.lt_of_eq_of_lt
                (Mathlib.Tactic.Linarith.mul_eq (neg_eq_zero.mpr (sub_eq_zero_of_eq hx))
                  (Mathlib.Meta.NormNum.isNat_lt_true (Mathlib.Meta.NormNum.isNat_ofNat ℝ Nat.cast_zero)
                    (Mathlib.Meta.NormNum.isNat_ofNat ℝ (Eq.refl 4)) (Eq.refl false)))
                (Mathlib.Tactic.Linarith.sub_neg_of_lt a))))⟩⟩
'FixedQuadratic.cartesian_trap' depends on axioms: [propext, Classical.choice, Quot.sound]
def FixedQuadratic.coefficientL1 : Polynomial ℂ → ℝ :=
fun P => ∑ n ∈ P.support, ‖P.coeff n‖
'FixedQuadratic.coefficientL1' depends on axioms: [propext, Classical.choice, Quot.sound]
theorem FixedQuadratic.eval_norm_le_coefficientL1 : ∀ (P : Polynomial ℂ) (z : ℂ) (d : ℕ),
  P.natDegree ≤ d → ‖Polynomial.eval z P‖ ≤ FixedQuadratic.coefficientL1 P * max 1 ‖z‖ ^ d :=
fun P z d hd =>
  Eq.mpr (id (congrArg (fun _a => ‖_a‖ ≤ FixedQuadratic.coefficientL1 P * max 1 ‖z‖ ^ d) Polynomial.eval_eq_sum))
    (Eq.mpr
      (id
        (congrArg (fun _a => ‖_a‖ ≤ FixedQuadratic.coefficientL1 P * max 1 ‖z‖ ^ d)
          (Polynomial.sum_def P fun e a => a * z ^ e)))
      (LE.le.trans (norm_sum_le P.support fun i => P.coeff i * z ^ i)
        (id
          (Eq.mpr
            (id
              (congrArg (fun _a => ∑ i ∈ P.support, ‖P.coeff i * z ^ i‖ ≤ _a)
                (Finset.sum_mul P.support (fun n => ‖P.coeff n‖) (max 1 ‖z‖ ^ d))))
            (Finset.sum_le_sum fun n hn =>
              Eq.mpr (id (congrArg (fun _a => _a ≤ ‖P.coeff n‖ * max 1 ‖z‖ ^ d) (norm_mul (P.coeff n) (z ^ n))))
                (Eq.mpr (id (congrArg (fun _a => ‖P.coeff n‖ * _a ≤ ‖P.coeff n‖ * max 1 ‖z‖ ^ d) (norm_pow z n)))
                  (mul_le_mul_of_nonneg_left
                    (Trans.trans (pow_le_pow_left₀ (norm_nonneg z) (le_max_right 1 ‖z‖) n)
                      (pow_le_pow_right₀ (le_max_left 1 ‖z‖)
                        (LE.le.trans (Polynomial.le_natDegree_of_ne_zero (Polynomial.mem_support_iff.mp hn)) hd)))
                    (norm_nonneg (P.coeff n)))))))))
'FixedQuadratic.eval_norm_le_coefficientL1' depends on axioms: [propext, Classical.choice, Quot.sound]
theorem FixedQuadratic.quadratic_coefficient_lower : ∀ (f P : Polynomial GaussianInt) (a : GaussianInt) (x y : ℂ)
  (d : ℕ),
  P.natDegree ≤ d →
    Polynomial.map GaussianInt.toComplex f =
        Polynomial.C (GaussianInt.toComplex a) * ((Polynomial.X - Polynomial.C x) * (Polynomial.X - Polynomial.C y)) →
      a ≠ 0 →
        Polynomial.eval x (Polynomial.map GaussianInt.toComplex P) ≠ 0 →
          Polynomial.eval y (Polynomial.map GaussianInt.toComplex P) ≠ 0 →
            1 ≤
              ‖GaussianInt.toComplex a‖ ^ d * ‖Polynomial.eval x (Polynomial.map GaussianInt.toComplex P)‖ *
                (FixedQuadratic.coefficientL1 (Polynomial.map GaussianInt.toComplex P) * max 1 ‖y‖ ^ d) :=
fun f P a x y d hP hf ha hx hy =>
  LE.le.trans (FixedQuadratic.quadratic_norm_lower f P a x y d hP hf ha hx hy)
    (mul_le_mul_of_nonneg_left
      (FixedQuadratic.eval_norm_le_coefficientL1 (Polynomial.map GaussianInt.toComplex P) y d
        (LE.le.trans Polynomial.natDegree_map_le hP))
      (mul_nonneg (pow_nonneg (norm_nonneg (GaussianInt.toComplex a)) d) (le_of_lt (norm_pos_iff.mpr hx))))
'FixedQuadratic.quadratic_coefficient_lower' depends on axioms: [propext, Classical.choice, Quot.sound]
theorem FixedQuadratic.coefficientL1_pos_of_eval_ne_zero : ∀ (P : Polynomial ℂ) (z : ℂ),
  Polynomial.eval z P ≠ 0 → 0 < FixedQuadratic.coefficientL1 P :=
fun P z hz =>
  have h := FixedQuadratic.eval_norm_le_coefficientL1 P z P.natDegree le_rfl;
  have hp := norm_pos_iff.mpr hz;
  have hpow := pow_pos (lt_of_lt_of_le zero_lt_one (le_max_left 1 ‖z‖)) P.natDegree;
  pos_of_mul_pos_left (lt_of_lt_of_le hp h) (LT.lt.le hpow)
'FixedQuadratic.coefficientL1_pos_of_eval_ne_zero' depends on axioms: [propext, Classical.choice, Quot.sound]
theorem FixedQuadratic.quadratic_l1_mahler_lower : ∀ (f P : Polynomial GaussianInt) (a : GaussianInt) (x y : ℂ) (d : ℕ),
  P.natDegree ≤ d →
    Polynomial.map GaussianInt.toComplex f =
        Polynomial.C (GaussianInt.toComplex a) * ((Polynomial.X - Polynomial.C x) * (Polynomial.X - Polynomial.C y)) →
      a ≠ 0 →
        Polynomial.eval x (Polynomial.map GaussianInt.toComplex P) ≠ 0 →
          Polynomial.eval y (Polynomial.map GaussianInt.toComplex P) ≠ 0 →
            max 1 ‖x‖ ^ d /
                (FixedQuadratic.coefficientL1 (Polynomial.map GaussianInt.toComplex P) *
                  (‖GaussianInt.toComplex a‖ * max 1 ‖x‖ * max 1 ‖y‖) ^ d) ≤
              ‖Polynomial.eval x (Polynomial.map GaussianInt.toComplex P)‖ :=
fun f P a x y d hP hf ha hx hy =>
  have h := FixedQuadratic.quadratic_coefficient_lower f P a x y d hP hf ha hx hy;
  have hB := FixedQuadratic.coefficientL1_pos_of_eval_ne_zero (Polynomial.map GaussianInt.toComplex P) x hx;
  have haC := (Iff.not GaussianInt.toComplex_eq_zero).mpr ha;
  have hR := lt_of_lt_of_le zero_lt_one (le_max_left 1 ‖x‖);
  have hS := lt_of_lt_of_le zero_lt_one (le_max_left 1 ‖y‖);
  (div_le_iff₀ (mul_pos hB (pow_pos (mul_pos (mul_pos (norm_pos_iff.mpr haC) hR) hS) d))).mpr
    (have hh := mul_le_mul_of_nonneg_left h (pow_nonneg (LT.lt.le hR) d);
    Eq.mpr
      (id
        (congrArg (LE.le (max 1 ‖x‖ ^ d))
          (congrArg (HMul.hMul ‖Polynomial.eval x (Polynomial.map GaussianInt.toComplex P)‖)
            (congrArg (HMul.hMul (FixedQuadratic.coefficientL1 (Polynomial.map GaussianInt.toComplex P)))
              (Eq.trans (mul_pow (‖GaussianInt.toComplex a‖ * max 1 ‖x‖) (max 1 ‖y‖) d)
                (congrFun' (congrArg HMul.hMul (mul_pow ‖GaussianInt.toComplex a‖ (max 1 ‖x‖) d)) (max 1 ‖y‖ ^ d)))))))
      (le_of_not_gt fun a_1 =>
        Mathlib.Tactic.Linarith.lt_irrefl
          (Eq.mp
            (congrArg (fun _a => _a < 0)
              (Mathlib.Tactic.Ring.of_eq
                (Mathlib.Tactic.Ring.Common.add_congr
                  (Mathlib.Tactic.Ring.Common.sub_congr
                    (Mathlib.Tactic.Ring.Common.mul_congr
                      (Mathlib.Tactic.Ring.Common.pow_congr
                        (Mathlib.Tactic.Ring.Common.atom_pf (max 1 ‖x‖) rfl
                          (Eq.mpr
                            (id
                              (congrArg
                                (fun _a => max 1 ‖x‖ ^ Nat.rawCast 1 * Nat.rawCast 1 = max 1 ‖x‖ ^ Nat.rawCast 1 * _a)
                                (Eq.symm rfl)))
                            (Eq.refl (max 1 ‖x‖ ^ Nat.rawCast 1 * Nat.rawCast 1))))
                        (Mathlib.Tactic.Ring.Common.atom_pf d rfl
                          (Eq.mpr
                            (id
                              (congrArg (fun _a => d ^ Nat.rawCast 1 * Nat.rawCast 1 = d ^ Nat.rawCast 1 * _a)
                                (Eq.symm rfl)))
                            (Eq.refl (d ^ Nat.rawCast 1 * Nat.rawCast 1))))
                        (Mathlib.Tactic.Ring.Common.pow_add
                          (Mathlib.Tactic.Ring.Common.single_pow
                            (Mathlib.Tactic.Ring.Common.mul_pow_mul
                              (Mathlib.Tactic.Ring.Common.mul_pf_right d (Nat.rawCast 1)
                                (Mathlib.Meta.NormNum.IsNat.to_raw_eq
                                  (Mathlib.Meta.NormNum.isNat_mul (Eq.refl HMul.hMul)
                                    (Mathlib.Meta.NormNum.IsNat.of_raw ℕ 1) (Mathlib.Meta.NormNum.IsNat.of_raw ℕ 1)
                                    (Eq.refl 1))))
                              (Mathlib.Tactic.Ring.Common.one_pow (d ^ Nat.rawCast 1 * Nat.rawCast 1) { out := rfl })
                              (Eq.mpr
                                (id
                                  (congrArg
                                    (fun _a =>
                                      max 1 ‖x‖ ^ (d ^ Nat.rawCast 1 * Nat.rawCast 1) * Nat.rawCast 1 =
                                        max 1 ‖x‖ ^ (d ^ Nat.rawCast 1 * Nat.rawCast 1) * _a)
                                    (Eq.symm rfl)))
                                (Eq.refl (max 1 ‖x‖ ^ (d ^ Nat.rawCast 1 * Nat.rawCast 1) * Nat.rawCast 1)))
                              (Mathlib.Tactic.Ring.Common.mul_pf_left (max 1 ‖x‖) (d ^ Nat.rawCast 1 * Nat.rawCast 1)
                                (Mathlib.Meta.NormNum.IsNat.to_raw_eq
                                  (Mathlib.Meta.NormNum.isNat_mul (Eq.refl HMul.hMul)
                                    (Mathlib.Meta.NormNum.IsNat.of_raw ℝ 1) (Mathlib.Meta.NormNum.IsNat.of_raw ℝ 1)
                                    (Eq.refl 1))))))
                          (Mathlib.Tactic.Ring.Common.pow_zero (max 1 ‖x‖ ^ Nat.rawCast 1 * Nat.rawCast 1 + 0) rfl)
                          (Mathlib.Tactic.Ring.Common.add_mul
                            (Mathlib.Tactic.Ring.Common.mul_add
                              (Mathlib.Tactic.Ring.Common.mul_pf_left (max 1 ‖x‖) (d ^ Nat.rawCast 1 * Nat.rawCast 1)
                                (Mathlib.Meta.NormNum.IsNat.to_raw_eq
                                  (Mathlib.Meta.NormNum.isNat_mul (Eq.refl HMul.hMul)
                                    (Mathlib.Meta.NormNum.IsNat.of_raw ℝ 1) (Mathlib.Meta.NormNum.IsNat.of_raw ℝ 1)
                                    (Eq.refl 1))))
                              (Mathlib.Tactic.Ring.Common.mul_zero
                                (max 1 ‖x‖ ^ (d ^ Nat.rawCast 1 * Nat.rawCast 1) * Nat.rawCast 1))
                              (Mathlib.Tactic.Ring.Common.add_pf_add_zero
                                (max 1 ‖x‖ ^ (d ^ Nat.rawCast 1 * Nat.rawCast 1) * Nat.rawCast 1 + 0)))
                            (Mathlib.Tactic.Ring.Common.zero_mul (Nat.rawCast 1 + 0))
                            (Mathlib.Tactic.Ring.Common.add_pf_add_zero
                              (max 1 ‖x‖ ^ (d ^ Nat.rawCast 1 * Nat.rawCast 1) * Nat.rawCast 1 + 0)))))
                      (Mathlib.Tactic.Ring.cast_pos (Mathlib.Meta.NormNum.isNat_ofNat ℝ Nat.cast_one))
                      (Mathlib.Tactic.Ring.Common.add_mul
                        (Mathlib.Tactic.Ring.Common.mul_add
                          (Mathlib.Tactic.Ring.Common.mul_pf_left (max 1 ‖x‖) (d ^ Nat.rawCast 1 * Nat.rawCast 1)
                            (Mathlib.Meta.NormNum.IsNat.to_raw_eq
                              (Mathlib.Meta.NormNum.isNat_mul (Eq.refl HMul.hMul)
                                (Mathlib.Meta.NormNum.IsNat.of_raw ℝ 1) (Mathlib.Meta.NormNum.IsNat.of_raw ℝ 1)
                                (Eq.refl 1))))
                          (Mathlib.Tactic.Ring.Common.mul_zero
                            (max 1 ‖x‖ ^ (d ^ Nat.rawCast 1 * Nat.rawCast 1) * Nat.rawCast 1))
                          (Mathlib.Tactic.Ring.Common.add_pf_add_zero
                            (max 1 ‖x‖ ^ (d ^ Nat.rawCast 1 * Nat.rawCast 1) * Nat.rawCast 1 + 0)))
                        (Mathlib.Tactic.Ring.Common.zero_mul (Nat.rawCast 1 + 0))
                        (Mathlib.Tactic.Ring.Common.add_pf_add_zero
                          (max 1 ‖x‖ ^ (d ^ Nat.rawCast 1 * Nat.rawCast 1) * Nat.rawCast 1 + 0))))
                    (Mathlib.Tactic.Ring.Common.mul_congr
                      (Mathlib.Tactic.Ring.Common.pow_congr
                        (Mathlib.Tactic.Ring.Common.atom_pf (max 1 ‖x‖) rfl
                          (Eq.mpr
                            (id
                              (congrArg
                                (fun _a => max 1 ‖x‖ ^ Nat.rawCast 1 * Nat.rawCast 1 = max 1 ‖x‖ ^ Nat.rawCast 1 * _a)
                                (Eq.symm rfl)))
                            (Eq.refl (max 1 ‖x‖ ^ Nat.rawCast 1 * Nat.rawCast 1))))
                        (Mathlib.Tactic.Ring.Common.atom_pf d rfl
                          (Eq.mpr
                            (id
                              (congrArg (fun _a => d ^ Nat.rawCast 1 * Nat.rawCast 1 = d ^ Nat.rawCast 1 * _a)
                                (Eq.symm rfl)))
                            (Eq.refl (d ^ Nat.rawCast 1 * Nat.rawCast 1))))
                        (Mathlib.Tactic.Ring.Common.pow_add
                          (Mathlib.Tactic.Ring.Common.single_pow
                            (Mathlib.Tactic.Ring.Common.mul_pow_mul
                              (Mathlib.Tactic.Ring.Common.mul_pf_right d (Nat.rawCast 1)
                                (Mathlib.Meta.NormNum.IsNat.to_raw_eq
                                  (Mathlib.Meta.NormNum.isNat_mul (Eq.refl HMul.hMul)
                                    (Mathlib.Meta.NormNum.IsNat.of_raw ℕ 1) (Mathlib.Meta.NormNum.IsNat.of_raw ℕ 1)
                                    (Eq.refl 1))))
                              (Mathlib.Tactic.Ring.Common.one_pow (d ^ Nat.rawCast 1 * Nat.rawCast 1) { out := rfl })
                              (Eq.mpr
                                (id
                                  (congrArg
                                    (fun _a =>
                                      max 1 ‖x‖ ^ (d ^ Nat.rawCast 1 * Nat.rawCast 1) * Nat.rawCast 1 =
                                        max 1 ‖x‖ ^ (d ^ Nat.rawCast 1 * Nat.rawCast 1) * _a)
                                    (Eq.symm rfl)))
                                (Eq.refl (max 1 ‖x‖ ^ (d ^ Nat.rawCast 1 * Nat.rawCast 1) * Nat.rawCast 1)))
                              (Mathlib.Tactic.Ring.Common.mul_pf_left (max 1 ‖x‖) (d ^ Nat.rawCast 1 * Nat.rawCast 1)
                                (Mathlib.Meta.NormNum.IsNat.to_raw_eq
                                  (Mathlib.Meta.NormNum.isNat_mul (Eq.refl HMul.hMul)
                                    (Mathlib.Meta.NormNum.IsNat.of_raw ℝ 1) (Mathlib.Meta.NormNum.IsNat.of_raw ℝ 1)
                                    (Eq.refl 1))))))
                          (Mathlib.Tactic.Ring.Common.pow_zero (max 1 ‖x‖ ^ Nat.rawCast 1 * Nat.rawCast 1 + 0) rfl)
                          (Mathlib.Tactic.Ring.Common.add_mul
                            (Mathlib.Tactic.Ring.Common.mul_add
                              (Mathlib.Tactic.Ring.Common.mul_pf_left (max 1 ‖x‖) (d ^ Nat.rawCast 1 * Nat.rawCast 1)
                                (Mathlib.Meta.NormNum.IsNat.to_raw_eq
                                  (Mathlib.Meta.NormNum.isNat_mul (Eq.refl HMul.hMul)
                                    (Mathlib.Meta.NormNum.IsNat.of_raw ℝ 1) (Mathlib.Meta.NormNum.IsNat.of_raw ℝ 1)
                                    (Eq.refl 1))))
                              (Mathlib.Tactic.Ring.Common.mul_zero
                                (max 1 ‖x‖ ^ (d ^ Nat.rawCast 1 * Nat.rawCast 1) * Nat.rawCast 1))
                              (Mathlib.Tactic.Ring.Common.add_pf_add_zero
                                (max 1 ‖x‖ ^ (d ^ Nat.rawCast 1 * Nat.rawCast 1) * Nat.rawCast 1 + 0)))
                            (Mathlib.Tactic.Ring.Common.zero_mul (Nat.rawCast 1 + 0))
                            (Mathlib.Tactic.Ring.Common.add_pf_add_zero
                              (max 1 ‖x‖ ^ (d ^ Nat.rawCast 1 * Nat.rawCast 1) * Nat.rawCast 1 + 0)))))
                      (Mathlib.Tactic.Ring.Common.mul_congr
                        (Mathlib.Tactic.Ring.Common.mul_congr
                          (Mathlib.Tactic.Ring.Common.pow_congr
                            (Mathlib.Tactic.Ring.Common.atom_pf ‖GaussianInt.toComplex a‖ rfl
                              (Eq.mpr
                                (id
                                  (congrArg
                                    (fun _a =>
                                      ‖GaussianInt.toComplex a‖ ^ Nat.rawCast 1 * Nat.rawCast 1 =
                                        ‖GaussianInt.toComplex a‖ ^ Nat.rawCast 1 * _a)
                                    (Eq.symm rfl)))
                                (Eq.refl (‖GaussianInt.toComplex a‖ ^ Nat.rawCast 1 * Nat.rawCast 1))))
                            (Mathlib.Tactic.Ring.Common.atom_pf d rfl
                              (Eq.mpr
                                (id
                                  (congrArg (fun _a => d ^ Nat.rawCast 1 * Nat.rawCast 1 = d ^ Nat.rawCast 1 * _a)
                                    (Eq.symm rfl)))
                                (Eq.refl (d ^ Nat.rawCast 1 * Nat.rawCast 1))))
                            (Mathlib.Tactic.Ring.Common.pow_add
                              (Mathlib.Tactic.Ring.Common.single_pow
                                (Mathlib.Tactic.Ring.Common.mul_pow_mul
                                  (Mathlib.Tactic.Ring.Common.mul_pf_right d (Nat.rawCast 1)
                                    (Mathlib.Meta.NormNum.IsNat.to_raw_eq
                                      (Mathlib.Meta.NormNum.isNat_mul (Eq.refl HMul.hMul)
                                        (Mathlib.Meta.NormNum.IsNat.of_raw ℕ 1) (Mathlib.Meta.NormNum.IsNat.of_raw ℕ 1)
                                        (Eq.refl 1))))
                                  (Mathlib.Tactic.Ring.Common.one_pow (d ^ Nat.rawCast 1 * Nat.rawCast 1)
                                    { out := rfl })
                                  (Eq.mpr
                                    (id
                                      (congrArg
                                        (fun _a =>
                                          ‖GaussianInt.toComplex a‖ ^ (d ^ Nat.rawCast 1 * Nat.rawCast 1) *
                                              Nat.rawCast 1 =
                                            ‖GaussianInt.toComplex a‖ ^ (d ^ Nat.rawCast 1 * Nat.rawCast 1) * _a)
                                        (Eq.symm rfl)))
                                    (Eq.refl
                                      (‖GaussianInt.toComplex a‖ ^ (d ^ Nat.rawCast 1 * Nat.rawCast 1) *
                                        Nat.rawCast 1)))
                                  (Mathlib.Tactic.Ring.Common.mul_pf_left ‖GaussianInt.toComplex a‖
                                    (d ^ Nat.rawCast 1 * Nat.rawCast 1)
                                    (Mathlib.Meta.NormNum.IsNat.to_raw_eq
                                      (Mathlib.Meta.NormNum.isNat_mul (Eq.refl HMul.hMul)
                                        (Mathlib.Meta.NormNum.IsNat.of_raw ℝ 1) (Mathlib.Meta.NormNum.IsNat.of_raw ℝ 1)
                                        (Eq.refl 1))))))
                              (Mathlib.Tactic.Ring.Common.pow_zero
                                (‖GaussianInt.toComplex a‖ ^ Nat.rawCast 1 * Nat.rawCast 1 + 0) rfl)
                              (Mathlib.Tactic.Ring.Common.add_mul
                                (Mathlib.Tactic.Ring.Common.mul_add
                                  (Mathlib.Tactic.Ring.Common.mul_pf_left ‖GaussianInt.toComplex a‖
                                    (d ^ Nat.rawCast 1 * Nat.rawCast 1)
                                    (Mathlib.Meta.NormNum.IsNat.to_raw_eq
                                      (Mathlib.Meta.NormNum.isNat_mul (Eq.refl HMul.hMul)
                                        (Mathlib.Meta.NormNum.IsNat.of_raw ℝ 1) (Mathlib.Meta.NormNum.IsNat.of_raw ℝ 1)
                                        (Eq.refl 1))))
                                  (Mathlib.Tactic.Ring.Common.mul_zero
                                    (‖GaussianInt.toComplex a‖ ^ (d ^ Nat.rawCast 1 * Nat.rawCast 1) * Nat.rawCast 1))
                                  (Mathlib.Tactic.Ring.Common.add_pf_add_zero
                                    (‖GaussianInt.toComplex a‖ ^ (d ^ Nat.rawCast 1 * Nat.rawCast 1) * Nat.rawCast 1 +
                                      0)))
                                (Mathlib.Tactic.Ring.Common.zero_mul (Nat.rawCast 1 + 0))
                                (Mathlib.Tactic.Ring.Common.add_pf_add_zero
                                  (‖GaussianInt.toComplex a‖ ^ (d ^ Nat.rawCast 1 * Nat.rawCast 1) * Nat.rawCast 1 +
                                    0)))))
                          (Mathlib.Tactic.Ring.Common.atom_pf
                            ‖Polynomial.eval x (Polynomial.map GaussianInt.toComplex P)‖ rfl
                            (Eq.mpr
                              (id
                                (congrArg
                                  (fun _a =>
                                    ‖Polynomial.eval x (Polynomial.map GaussianInt.toComplex P)‖ ^ Nat.rawCast 1 *
                                        Nat.rawCast 1 =
                                      ‖Polynomial.eval x (Polynomial.map GaussianInt.toComplex P)‖ ^ Nat.rawCast 1 * _a)
                                  (Eq.symm rfl)))
                              (Eq.refl
                                (‖Polynomial.eval x (Polynomial.map GaussianInt.toComplex P)‖ ^ Nat.rawCast 1 *
                                  Nat.rawCast 1))))
                          (Mathlib.Tactic.Ring.Common.add_mul
                            (Mathlib.Tactic.Ring.Common.mul_add
                              (Mathlib.Tactic.Ring.Common.mul_pf_left ‖GaussianInt.toComplex a‖
                                (d ^ Nat.rawCast 1 * Nat.rawCast 1)
                                (Mathlib.Tactic.Ring.Common.mul_pf_right
                                  ‖Polynomial.eval x (Polynomial.map GaussianInt.toComplex P)‖ (Nat.rawCast 1)
                                  (Mathlib.Meta.NormNum.IsNat.to_raw_eq
                                    (Mathlib.Meta.NormNum.isNat_mul (Eq.refl HMul.hMul)
                                      (Mathlib.Meta.NormNum.IsNat.of_raw ℝ 1) (Mathlib.Meta.NormNum.IsNat.of_raw ℝ 1)
                                      (Eq.refl 1)))))
                              (Mathlib.Tactic.Ring.Common.mul_zero
                                (‖GaussianInt.toComplex a‖ ^ (d ^ Nat.rawCast 1 * Nat.rawCast 1) * Nat.rawCast 1))
                              (Mathlib.Tactic.Ring.Common.add_pf_add_zero
                                (‖GaussianInt.toComplex a‖ ^ (d ^ Nat.rawCast 1 * Nat.rawCast 1) *
                                    (‖Polynomial.eval x (Polynomial.map GaussianInt.toComplex P)‖ ^ Nat.rawCast 1 *
                                      Nat.rawCast 1) +
                                  0)))
                            (Mathlib.Tactic.Ring.Common.zero_mul
                              (‖Polynomial.eval x (Polynomial.map GaussianInt.toComplex P)‖ ^ Nat.rawCast 1 *
                                  Nat.rawCast 1 +
                                0))
                            (Mathlib.Tactic.Ring.Common.add_pf_add_zero
                              (‖GaussianInt.toComplex a‖ ^ (d ^ Nat.rawCast 1 * Nat.rawCast 1) *
                                  (‖Polynomial.eval x (Polynomial.map GaussianInt.toComplex P)‖ ^ Nat.rawCast 1 *
                                    Nat.rawCast 1) +
                                0))))
                        (Mathlib.Tactic.Ring.Common.mul_congr
                          (Mathlib.Tactic.Ring.Common.atom_pf
                            (FixedQuadratic.coefficientL1 (Polynomial.map GaussianInt.toComplex P)) rfl
                            (Eq.mpr
                              (id
                                (congrArg
                                  (fun _a =>
                                    FixedQuadratic.coefficientL1 (Polynomial.map GaussianInt.toComplex P) ^
                                          Nat.rawCast 1 *
                                        Nat.rawCast 1 =
                                      FixedQuadratic.coefficientL1 (Polynomial.map GaussianInt.toComplex P) ^
                                          Nat.rawCast 1 *
                                        _a)
                                  (Eq.symm rfl)))
                              (Eq.refl
                                (FixedQuadratic.coefficientL1 (Polynomial.map GaussianInt.toComplex P) ^ Nat.rawCast 1 *
                                  Nat.rawCast 1))))
                          (Mathlib.Tactic.Ring.Common.pow_congr
                            (Mathlib.Tactic.Ring.Common.atom_pf (max 1 ‖y‖) rfl
                              (Eq.mpr
                                (id
                                  (congrArg
                                    (fun _a =>
                                      max 1 ‖y‖ ^ Nat.rawCast 1 * Nat.rawCast 1 = max 1 ‖y‖ ^ Nat.rawCast 1 * _a)
                                    (Eq.symm rfl)))
                                (Eq.refl (max 1 ‖y‖ ^ Nat.rawCast 1 * Nat.rawCast 1))))
                            (Mathlib.Tactic.Ring.Common.atom_pf d rfl
                              (Eq.mpr
                                (id
                                  (congrArg (fun _a => d ^ Nat.rawCast 1 * Nat.rawCast 1 = d ^ Nat.rawCast 1 * _a)
                                    (Eq.symm rfl)))
                                (Eq.refl (d ^ Nat.rawCast 1 * Nat.rawCast 1))))
                            (Mathlib.Tactic.Ring.Common.pow_add
                              (Mathlib.Tactic.Ring.Common.single_pow
                                (Mathlib.Tactic.Ring.Common.mul_pow_mul
                                  (Mathlib.Tactic.Ring.Common.mul_pf_right d (Nat.rawCast 1)
                                    (Mathlib.Meta.NormNum.IsNat.to_raw_eq
                                      (Mathlib.Meta.NormNum.isNat_mul (Eq.refl HMul.hMul)
                                        (Mathlib.Meta.NormNum.IsNat.of_raw ℕ 1) (Mathlib.Meta.NormNum.IsNat.of_raw ℕ 1)
                                        (Eq.refl 1))))
                                  (Mathlib.Tactic.Ring.Common.one_pow (d ^ Nat.rawCast 1 * Nat.rawCast 1)
                                    { out := rfl })
                                  (Eq.mpr
                                    (id
                                      (congrArg
                                        (fun _a =>
                                          max 1 ‖y‖ ^ (d ^ Nat.rawCast 1 * Nat.rawCast 1) * Nat.rawCast 1 =
                                            max 1 ‖y‖ ^ (d ^ Nat.rawCast 1 * Nat.rawCast 1) * _a)
                                        (Eq.symm rfl)))
                                    (Eq.refl (max 1 ‖y‖ ^ (d ^ Nat.rawCast 1 * Nat.rawCast 1) * Nat.rawCast 1)))
                                  (Mathlib.Tactic.Ring.Common.mul_pf_left (max 1 ‖y‖)
                                    (d ^ Nat.rawCast 1 * Nat.rawCast 1)
                                    (Mathlib.Meta.NormNum.IsNat.to_raw_eq
                                      (Mathlib.Meta.NormNum.isNat_mul (Eq.refl HMul.hMul)
                                        (Mathlib.Meta.NormNum.IsNat.of_raw ℝ 1) (Mathlib.Meta.NormNum.IsNat.of_raw ℝ 1)
                                        (Eq.refl 1))))))
                              (Mathlib.Tactic.Ring.Common.pow_zero (max 1 ‖y‖ ^ Nat.rawCast 1 * Nat.rawCast 1 + 0) rfl)
                              (Mathlib.Tactic.Ring.Common.add_mul
                                (Mathlib.Tactic.Ring.Common.mul_add
                                  (Mathlib.Tactic.Ring.Common.mul_pf_left (max 1 ‖y‖)
                                    (d ^ Nat.rawCast 1 * Nat.rawCast 1)
                                    (Mathlib.Meta.NormNum.IsNat.to_raw_eq
                                      (Mathlib.Meta.NormNum.isNat_mul (Eq.refl HMul.hMul)
                                        (Mathlib.Meta.NormNum.IsNat.of_raw ℝ 1) (Mathlib.Meta.NormNum.IsNat.of_raw ℝ 1)
                                        (Eq.refl 1))))
                                  (Mathlib.Tactic.Ring.Common.mul_zero
                                    (max 1 ‖y‖ ^ (d ^ Nat.rawCast 1 * Nat.rawCast 1) * Nat.rawCast 1))
                                  (Mathlib.Tactic.Ring.Common.add_pf_add_zero
                                    (max 1 ‖y‖ ^ (d ^ Nat.rawCast 1 * Nat.rawCast 1) * Nat.rawCast 1 + 0)))
                                (Mathlib.Tactic.Ring.Common.zero_mul (Nat.rawCast 1 + 0))
                                (Mathlib.Tactic.Ring.Common.add_pf_add_zero
                                  (max 1 ‖y‖ ^ (d ^ Nat.rawCast 1 * Nat.rawCast 1) * Nat.rawCast 1 + 0)))))
                          (Mathlib.Tactic.Ring.Common.add_mul
                            (Mathlib.Tactic.Ring.Common.mul_add
                              (Mathlib.Tactic.Ring.Common.mul_pf_left
                                (FixedQuadratic.coefficientL1 (Polynomial.map GaussianInt.toComplex P)) (Nat.rawCast 1)
                                (Mathlib.Tactic.Ring.Common.mul_pf_right (max 1 ‖y‖) (d ^ Nat.rawCast 1 * Nat.rawCast 1)
                                  (Mathlib.Meta.NormNum.IsNat.to_raw_eq
                                    (Mathlib.Meta.NormNum.isNat_mul (Eq.refl HMul.hMul)
                                      (Mathlib.Meta.NormNum.IsNat.of_raw ℝ 1) (Mathlib.Meta.NormNum.IsNat.of_raw ℝ 1)
                                      (Eq.refl 1)))))
                              (Mathlib.Tactic.Ring.Common.mul_zero
                                (FixedQuadratic.coefficientL1 (Polynomial.map GaussianInt.toComplex P) ^ Nat.rawCast 1 *
                                  Nat.rawCast 1))
                              (Mathlib.Tactic.Ring.Common.add_pf_add_zero
                                (FixedQuadratic.coefficientL1 (Polynomial.map GaussianInt.toComplex P) ^ Nat.rawCast 1 *
                                    (max 1 ‖y‖ ^ (d ^ Nat.rawCast 1 * Nat.rawCast 1) * Nat.rawCast 1) +
                                  0)))
                            (Mathlib.Tactic.Ring.Common.zero_mul
                              (max 1 ‖y‖ ^ (d ^ Nat.rawCast 1 * Nat.rawCast 1) * Nat.rawCast 1 + 0))
                            (Mathlib.Tactic.Ring.Common.add_pf_add_zero
                              (FixedQuadratic.coefficientL1 (Polynomial.map GaussianInt.toComplex P) ^ Nat.rawCast 1 *
                                  (max 1 ‖y‖ ^ (d ^ Nat.rawCast 1 * Nat.rawCast 1) * Nat.rawCast 1) +
                                0))))
                        (Mathlib.Tactic.Ring.Common.add_mul
                          (Mathlib.Tactic.Ring.Common.mul_add
                            (Mathlib.Tactic.Ring.Common.mul_pf_left ‖GaussianInt.toComplex a‖
                              (d ^ Nat.rawCast 1 * Nat.rawCast 1)
                              (Mathlib.Tactic.Ring.Common.mul_pf_left
                                ‖Polynomial.eval x (Polynomial.map GaussianInt.toComplex P)‖ (Nat.rawCast 1)
                                (Mathlib.Tactic.Ring.Common.mul_pf_right
                                  (FixedQuadratic.coefficientL1 (Polynomial.map GaussianInt.toComplex P))
                                  (Nat.rawCast 1)
                                  (Mathlib.Tactic.Ring.Common.mul_pf_right (max 1 ‖y‖)
                                    (d ^ Nat.rawCast 1 * Nat.rawCast 1)
                                    (Mathlib.Meta.NormNum.IsNat.to_raw_eq
                                      (Mathlib.Meta.NormNum.isNat_mul (Eq.refl HMul.hMul)
                                        (Mathlib.Meta.NormNum.IsNat.of_raw ℝ 1) (Mathlib.Meta.NormNum.IsNat.of_raw ℝ 1)
                                        (Eq.refl 1)))))))
                            (Mathlib.Tactic.Ring.Common.mul_zero
                              (‖GaussianInt.toComplex a‖ ^ (d ^ Nat.rawCast 1 * Nat.rawCast 1) *
                                (‖Polynomial.eval x (Polynomial.map GaussianInt.toComplex P)‖ ^ Nat.rawCast 1 *
                                  Nat.rawCast 1)))
                            (Mathlib.Tactic.Ring.Common.add_pf_add_zero
                              (‖GaussianInt.toComplex a‖ ^ (d ^ Nat.rawCast 1 * Nat.rawCast 1) *
                                  (‖Polynomial.eval x (Polynomial.map GaussianInt.toComplex P)‖ ^ Nat.rawCast 1 *
                                    (FixedQuadratic.coefficientL1 (Polynomial.map GaussianInt.toComplex P) ^
                                        Nat.rawCast 1 *
                                      (max 1 ‖y‖ ^ (d ^ Nat.rawCast 1 * Nat.rawCast 1) * Nat.rawCast 1))) +
                                0)))
                          (Mathlib.Tactic.Ring.Common.zero_mul
                            (FixedQuadratic.coefficientL1 (Polynomial.map GaussianInt.toComplex P) ^ Nat.rawCast 1 *
                                (max 1 ‖y‖ ^ (d ^ Nat.rawCast 1 * Nat.rawCast 1) * Nat.rawCast 1) +
                              0))
                          (Mathlib.Tactic.Ring.Common.add_pf_add_zero
                            (‖GaussianInt.toComplex a‖ ^ (d ^ Nat.rawCast 1 * Nat.rawCast 1) *
                                (‖Polynomial.eval x (Polynomial.map GaussianInt.toComplex P)‖ ^ Nat.rawCast 1 *
                                  (FixedQuadratic.coefficientL1 (Polynomial.map GaussianInt.toComplex P) ^
                                      Nat.rawCast 1 *
                                    (max 1 ‖y‖ ^ (d ^ Nat.rawCast 1 * Nat.rawCast 1) * Nat.rawCast 1))) +
                              0))))
                      (Mathlib.Tactic.Ring.Common.add_mul
                        (Mathlib.Tactic.Ring.Common.mul_add
                          (Mathlib.Tactic.Ring.Common.mul_pf_left (max 1 ‖x‖) (d ^ Nat.rawCast 1 * Nat.rawCast 1)
                            (Mathlib.Tactic.Ring.Common.mul_pf_right ‖GaussianInt.toComplex a‖
                              (d ^ Nat.rawCast 1 * Nat.rawCast 1)
                              (Mathlib.Tactic.Ring.Common.mul_pf_right
                                ‖Polynomial.eval x (Polynomial.map GaussianInt.toComplex P)‖ (Nat.rawCast 1)
                                (Mathlib.Tactic.Ring.Common.mul_pf_right
                                  (FixedQuadratic.coefficientL1 (Polynomial.map GaussianInt.toComplex P))
                                  (Nat.rawCast 1)
                                  (Mathlib.Tactic.Ring.Common.mul_pf_right (max 1 ‖y‖)
                                    (d ^ Nat.rawCast 1 * Nat.rawCast 1)
                                    (Mathlib.Meta.NormNum.IsNat.to_raw_eq
                                      (Mathlib.Meta.NormNum.isNat_mul (Eq.refl HMul.hMul)
                                        (Mathlib.Meta.NormNum.IsNat.of_raw ℝ 1) (Mathlib.Meta.NormNum.IsNat.of_raw ℝ 1)
                                        (Eq.refl 1))))))))
                          (Mathlib.Tactic.Ring.Common.mul_zero
                            (max 1 ‖x‖ ^ (d ^ Nat.rawCast 1 * Nat.rawCast 1) * Nat.rawCast 1))
                          (Mathlib.Tactic.Ring.Common.add_pf_add_zero
                            (max 1 ‖x‖ ^ (d ^ Nat.rawCast 1 * Nat.rawCast 1) *
                                (‖GaussianInt.toComplex a‖ ^ (d ^ Nat.rawCast 1 * Nat.rawCast 1) *
                                  (‖Polynomial.eval x (Polynomial.map GaussianInt.toComplex P)‖ ^ Nat.rawCast 1 *
                                    (FixedQuadratic.coefficientL1 (Polynomial.map GaussianInt.toComplex P) ^
                                        Nat.rawCast 1 *
                                      (max 1 ‖y‖ ^ (d ^ Nat.rawCast 1 * Nat.rawCast 1) * Nat.rawCast 1)))) +
                              0)))
                        (Mathlib.Tactic.Ring.Common.zero_mul
                          (‖GaussianInt.toComplex a‖ ^ (d ^ Nat.rawCast 1 * Nat.rawCast 1) *
                              (‖Polynomial.eval x (Polynomial.map GaussianInt.toComplex P)‖ ^ Nat.rawCast 1 *
                                (FixedQuadratic.coefficientL1 (Polynomial.map GaussianInt.toComplex P) ^ Nat.rawCast 1 *
                                  (max 1 ‖y‖ ^ (d ^ Nat.rawCast 1 * Nat.rawCast 1) * Nat.rawCast 1))) +
                            0))
                        (Mathlib.Tactic.Ring.Common.add_pf_add_zero
                          (max 1 ‖x‖ ^ (d ^ Nat.rawCast 1 * Nat.rawCast 1) *
                              (‖GaussianInt.toComplex a‖ ^ (d ^ Nat.rawCast 1 * Nat.rawCast 1) *
                                (‖Polynomial.eval x (Polynomial.map GaussianInt.toComplex P)‖ ^ Nat.rawCast 1 *
                                  (FixedQuadratic.coefficientL1 (Polynomial.map GaussianInt.toComplex P) ^
                                      Nat.rawCast 1 *
                                    (max 1 ‖y‖ ^ (d ^ Nat.rawCast 1 * Nat.rawCast 1) * Nat.rawCast 1)))) +
                            0))))
                    (Mathlib.Tactic.Ring.Common.sub_pf
                      (Mathlib.Tactic.Ring.Common.neg_add
                        (Mathlib.Tactic.Ring.Common.neg_mul (max 1 ‖x‖) (d ^ Nat.rawCast 1 * Nat.rawCast 1)
                          (Mathlib.Tactic.Ring.Common.neg_mul ‖GaussianInt.toComplex a‖
                            (d ^ Nat.rawCast 1 * Nat.rawCast 1)
                            (Mathlib.Tactic.Ring.Common.neg_mul
                              ‖Polynomial.eval x (Polynomial.map GaussianInt.toComplex P)‖ (Nat.rawCast 1)
                              (Mathlib.Tactic.Ring.Common.neg_mul
                                (FixedQuadratic.coefficientL1 (Polynomial.map GaussianInt.toComplex P)) (Nat.rawCast 1)
                                (Mathlib.Tactic.Ring.Common.neg_mul (max 1 ‖y‖) (d ^ Nat.rawCast 1 * Nat.rawCast 1)
                                  (Mathlib.Meta.NormNum.IsInt.to_raw_eq
                                    (Mathlib.Meta.NormNum.isInt_neg (Eq.refl Neg.neg)
                                      (Mathlib.Meta.NormNum.IsNat.to_isInt (Mathlib.Meta.NormNum.IsNat.of_raw ℝ 1))
                                      (Eq.refl (Int.negOfNat 1)))))))))
                        Mathlib.Tactic.Ring.Common.neg_zero)
                      (Mathlib.Tactic.Ring.Common.add_pf_add_lt
                        (max 1 ‖x‖ ^ (d ^ Nat.rawCast 1 * Nat.rawCast 1) * Nat.rawCast 1)
                        (Mathlib.Tactic.Ring.Common.add_pf_zero_add
                          (max 1 ‖x‖ ^ (d ^ Nat.rawCast 1 * Nat.rawCast 1) *
                              (‖GaussianInt.toComplex a‖ ^ (d ^ Nat.rawCast 1 * Nat.rawCast 1) *
                                (‖Polynomial.eval x (Polynomial.map GaussianInt.toComplex P)‖ ^ Nat.rawCast 1 *
                                  (FixedQuadratic.coefficientL1 (Polynomial.map GaussianInt.toComplex P) ^
                                      Nat.rawCast 1 *
                                    (max 1 ‖y‖ ^ (d ^ Nat.rawCast 1 * Nat.rawCast 1) * (Int.negOfNat 1).rawCast)))) +
                            0)))))
                  (Mathlib.Tactic.Ring.Common.sub_congr
                    (Mathlib.Tactic.Ring.Common.mul_congr
                      (Mathlib.Tactic.Ring.Common.atom_pf ‖Polynomial.eval x (Polynomial.map GaussianInt.toComplex P)‖
                        rfl
                        (Eq.mpr
                          (id
                            (congrArg
                              (fun _a =>
                                ‖Polynomial.eval x (Polynomial.map GaussianInt.toComplex P)‖ ^ Nat.rawCast 1 *
                                    Nat.rawCast 1 =
                                  ‖Polynomial.eval x (Polynomial.map GaussianInt.toComplex P)‖ ^ Nat.rawCast 1 * _a)
                              (Eq.symm rfl)))
                          (Eq.refl
                            (‖Polynomial.eval x (Polynomial.map GaussianInt.toComplex P)‖ ^ Nat.rawCast 1 *
                              Nat.rawCast 1))))
                      (Mathlib.Tactic.Ring.Common.mul_congr
                        (Mathlib.Tactic.Ring.Common.atom_pf
                          (FixedQuadratic.coefficientL1 (Polynomial.map GaussianInt.toComplex P)) rfl
                          (Eq.mpr
                            (id
                              (congrArg
                                (fun _a =>
                                  FixedQuadratic.coefficientL1 (Polynomial.map GaussianInt.toComplex P) ^
                                        Nat.rawCast 1 *
                                      Nat.rawCast 1 =
                                    FixedQuadratic.coefficientL1 (Polynomial.map GaussianInt.toComplex P) ^
                                        Nat.rawCast 1 *
                                      _a)
                                (Eq.symm rfl)))
                            (Eq.refl
                              (FixedQuadratic.coefficientL1 (Polynomial.map GaussianInt.toComplex P) ^ Nat.rawCast 1 *
                                Nat.rawCast 1))))
                        (Mathlib.Tactic.Ring.Common.mul_congr
                          (Mathlib.Tactic.Ring.Common.mul_congr
                            (Mathlib.Tactic.Ring.Common.pow_congr
                              (Mathlib.Tactic.Ring.Common.atom_pf ‖GaussianInt.toComplex a‖ rfl
                                (Eq.mpr
                                  (id
                                    (congrArg
                                      (fun _a =>
                                        ‖GaussianInt.toComplex a‖ ^ Nat.rawCast 1 * Nat.rawCast 1 =
                                          ‖GaussianInt.toComplex a‖ ^ Nat.rawCast 1 * _a)
                                      (Eq.symm rfl)))
                                  (Eq.refl (‖GaussianInt.toComplex a‖ ^ Nat.rawCast 1 * Nat.rawCast 1))))
                              (Mathlib.Tactic.Ring.Common.atom_pf d rfl
                                (Eq.mpr
                                  (id
                                    (congrArg (fun _a => d ^ Nat.rawCast 1 * Nat.rawCast 1 = d ^ Nat.rawCast 1 * _a)
                                      (Eq.symm rfl)))
                                  (Eq.refl (d ^ Nat.rawCast 1 * Nat.rawCast 1))))
                              (Mathlib.Tactic.Ring.Common.pow_add
                                (Mathlib.Tactic.Ring.Common.single_pow
                                  (Mathlib.Tactic.Ring.Common.mul_pow_mul
                                    (Mathlib.Tactic.Ring.Common.mul_pf_right d (Nat.rawCast 1)
                                      (Mathlib.Meta.NormNum.IsNat.to_raw_eq
                                        (Mathlib.Meta.NormNum.isNat_mul (Eq.refl HMul.hMul)
                                          (Mathlib.Meta.NormNum.IsNat.of_raw ℕ 1)
                                          (Mathlib.Meta.NormNum.IsNat.of_raw ℕ 1) (Eq.refl 1))))
                                    (Mathlib.Tactic.Ring.Common.one_pow (d ^ Nat.rawCast 1 * Nat.rawCast 1)
                                      { out := rfl })
                                    (Eq.mpr
                                      (id
                                        (congrArg
                                          (fun _a =>
                                            ‖GaussianInt.toComplex a‖ ^ (d ^ Nat.rawCast 1 * Nat.rawCast 1) *
                                                Nat.rawCast 1 =
                                              ‖GaussianInt.toComplex a‖ ^ (d ^ Nat.rawCast 1 * Nat.rawCast 1) * _a)
                                          (Eq.symm rfl)))
                                      (Eq.refl
                                        (‖GaussianInt.toComplex a‖ ^ (d ^ Nat.rawCast 1 * Nat.rawCast 1) *
                                          Nat.rawCast 1)))
                                    (Mathlib.Tactic.Ring.Common.mul_pf_left ‖GaussianInt.toComplex a‖
                                      (d ^ Nat.rawCast 1 * Nat.rawCast 1)
                                      (Mathlib.Meta.NormNum.IsNat.to_raw_eq
                                        (Mathlib.Meta.NormNum.isNat_mul (Eq.refl HMul.hMul)
                                          (Mathlib.Meta.NormNum.IsNat.of_raw ℝ 1)
                                          (Mathlib.Meta.NormNum.IsNat.of_raw ℝ 1) (Eq.refl 1))))))
                                (Mathlib.Tactic.Ring.Common.pow_zero
                                  (‖GaussianInt.toComplex a‖ ^ Nat.rawCast 1 * Nat.rawCast 1 + 0) rfl)
                                (Mathlib.Tactic.Ring.Common.add_mul
                                  (Mathlib.Tactic.Ring.Common.mul_add
                                    (Mathlib.Tactic.Ring.Common.mul_pf_left ‖GaussianInt.toComplex a‖
                                      (d ^ Nat.rawCast 1 * Nat.rawCast 1)
                                      (Mathlib.Meta.NormNum.IsNat.to_raw_eq
                                        (Mathlib.Meta.NormNum.isNat_mul (Eq.refl HMul.hMul)
                                          (Mathlib.Meta.NormNum.IsNat.of_raw ℝ 1)
                                          (Mathlib.Meta.NormNum.IsNat.of_raw ℝ 1) (Eq.refl 1))))
                                    (Mathlib.Tactic.Ring.Common.mul_zero
                                      (‖GaussianInt.toComplex a‖ ^ (d ^ Nat.rawCast 1 * Nat.rawCast 1) * Nat.rawCast 1))
                                    (Mathlib.Tactic.Ring.Common.add_pf_add_zero
                                      (‖GaussianInt.toComplex a‖ ^ (d ^ Nat.rawCast 1 * Nat.rawCast 1) * Nat.rawCast 1 +
                                        0)))
                                  (Mathlib.Tactic.Ring.Common.zero_mul (Nat.rawCast 1 + 0))
                                  (Mathlib.Tactic.Ring.Common.add_pf_add_zero
                                    (‖GaussianInt.toComplex a‖ ^ (d ^ Nat.rawCast 1 * Nat.rawCast 1) * Nat.rawCast 1 +
                                      0)))))
                            (Mathlib.Tactic.Ring.Common.pow_congr
                              (Mathlib.Tactic.Ring.Common.atom_pf (max 1 ‖x‖) rfl
                                (Eq.mpr
                                  (id
                                    (congrArg
                                      (fun _a =>
                                        max 1 ‖x‖ ^ Nat.rawCast 1 * Nat.rawCast 1 = max 1 ‖x‖ ^ Nat.rawCast 1 * _a)
                                      (Eq.symm rfl)))
                                  (Eq.refl (max 1 ‖x‖ ^ Nat.rawCast 1 * Nat.rawCast 1))))
                              (Mathlib.Tactic.Ring.Common.atom_pf d rfl
                                (Eq.mpr
                                  (id
                                    (congrArg (fun _a => d ^ Nat.rawCast 1 * Nat.rawCast 1 = d ^ Nat.rawCast 1 * _a)
                                      (Eq.symm rfl)))
                                  (Eq.refl (d ^ Nat.rawCast 1 * Nat.rawCast 1))))
                              (Mathlib.Tactic.Ring.Common.pow_add
                                (Mathlib.Tactic.Ring.Common.single_pow
                                  (Mathlib.Tactic.Ring.Common.mul_pow_mul
                                    (Mathlib.Tactic.Ring.Common.mul_pf_right d (Nat.rawCast 1)
                                      (Mathlib.Meta.NormNum.IsNat.to_raw_eq
                                        (Mathlib.Meta.NormNum.isNat_mul (Eq.refl HMul.hMul)
                                          (Mathlib.Meta.NormNum.IsNat.of_raw ℕ 1)
                                          (Mathlib.Meta.NormNum.IsNat.of_raw ℕ 1) (Eq.refl 1))))
                                    (Mathlib.Tactic.Ring.Common.one_pow (d ^ Nat.rawCast 1 * Nat.rawCast 1)
                                      { out := rfl })
                                    (Eq.mpr
                                      (id
                                        (congrArg
                                          (fun _a =>
                                            max 1 ‖x‖ ^ (d ^ Nat.rawCast 1 * Nat.rawCast 1) * Nat.rawCast 1 =
                                              max 1 ‖x‖ ^ (d ^ Nat.rawCast 1 * Nat.rawCast 1) * _a)
                                          (Eq.symm rfl)))
                                      (Eq.refl (max 1 ‖x‖ ^ (d ^ Nat.rawCast 1 * Nat.rawCast 1) * Nat.rawCast 1)))
                                    (Mathlib.Tactic.Ring.Common.mul_pf_left (max 1 ‖x‖)
                                      (d ^ Nat.rawCast 1 * Nat.rawCast 1)
                                      (Mathlib.Meta.NormNum.IsNat.to_raw_eq
                                        (Mathlib.Meta.NormNum.isNat_mul (Eq.refl HMul.hMul)
                                          (Mathlib.Meta.NormNum.IsNat.of_raw ℝ 1)
                                          (Mathlib.Meta.NormNum.IsNat.of_raw ℝ 1) (Eq.refl 1))))))
                                (Mathlib.Tactic.Ring.Common.pow_zero (max 1 ‖x‖ ^ Nat.rawCast 1 * Nat.rawCast 1 + 0)
                                  rfl)
                                (Mathlib.Tactic.Ring.Common.add_mul
                                  (Mathlib.Tactic.Ring.Common.mul_add
                                    (Mathlib.Tactic.Ring.Common.mul_pf_left (max 1 ‖x‖)
                                      (d ^ Nat.rawCast 1 * Nat.rawCast 1)
                                      (Mathlib.Meta.NormNum.IsNat.to_raw_eq
                                        (Mathlib.Meta.NormNum.isNat_mul (Eq.refl HMul.hMul)
                                          (Mathlib.Meta.NormNum.IsNat.of_raw ℝ 1)
                                          (Mathlib.Meta.NormNum.IsNat.of_raw ℝ 1) (Eq.refl 1))))
                                    (Mathlib.Tactic.Ring.Common.mul_zero
                                      (max 1 ‖x‖ ^ (d ^ Nat.rawCast 1 * Nat.rawCast 1) * Nat.rawCast 1))
                                    (Mathlib.Tactic.Ring.Common.add_pf_add_zero
                                      (max 1 ‖x‖ ^ (d ^ Nat.rawCast 1 * Nat.rawCast 1) * Nat.rawCast 1 + 0)))
                                  (Mathlib.Tactic.Ring.Common.zero_mul (Nat.rawCast 1 + 0))
                                  (Mathlib.Tactic.Ring.Common.add_pf_add_zero
                                    (max 1 ‖x‖ ^ (d ^ Nat.rawCast 1 * Nat.rawCast 1) * Nat.rawCast 1 + 0)))))
                            (Mathlib.Tactic.Ring.Common.add_mul
                              (Mathlib.Tactic.Ring.Common.mul_add
                                (Mathlib.Tactic.Ring.Common.mul_pf_right (max 1 ‖x‖) (d ^ Nat.rawCast 1 * Nat.rawCast 1)
                                  (Mathlib.Tactic.Ring.Common.mul_pf_left ‖GaussianInt.toComplex a‖
                                    (d ^ Nat.rawCast 1 * Nat.rawCast 1)
                                    (Mathlib.Meta.NormNum.IsNat.to_raw_eq
                                      (Mathlib.Meta.NormNum.isNat_mul (Eq.refl HMul.hMul)
                                        (Mathlib.Meta.NormNum.IsNat.of_raw ℝ 1) (Mathlib.Meta.NormNum.IsNat.of_raw ℝ 1)
                                        (Eq.refl 1)))))
                                (Mathlib.Tactic.Ring.Common.mul_zero
                                  (‖GaussianInt.toComplex a‖ ^ (d ^ Nat.rawCast 1 * Nat.rawCast 1) * Nat.rawCast 1))
                                (Mathlib.Tactic.Ring.Common.add_pf_add_zero
                                  (max 1 ‖x‖ ^ (d ^ Nat.rawCast 1 * Nat.rawCast 1) *
                                      (‖GaussianInt.toComplex a‖ ^ (d ^ Nat.rawCast 1 * Nat.rawCast 1) *
                                        Nat.rawCast 1) +
                                    0)))
                              (Mathlib.Tactic.Ring.Common.zero_mul
                                (max 1 ‖x‖ ^ (d ^ Nat.rawCast 1 * Nat.rawCast 1) * Nat.rawCast 1 + 0))
                              (Mathlib.Tactic.Ring.Common.add_pf_add_zero
                                (max 1 ‖x‖ ^ (d ^ Nat.rawCast 1 * Nat.rawCast 1) *
                                    (‖GaussianInt.toComplex a‖ ^ (d ^ Nat.rawCast 1 * Nat.rawCast 1) * Nat.rawCast 1) +
                                  0))))
                          (Mathlib.Tactic.Ring.Common.pow_congr
                            (Mathlib.Tactic.Ring.Common.atom_pf (max 1 ‖y‖) rfl
                              (Eq.mpr
                                (id
                                  (congrArg
                                    (fun _a =>
                                      max 1 ‖y‖ ^ Nat.rawCast 1 * Nat.rawCast 1 = max 1 ‖y‖ ^ Nat.rawCast 1 * _a)
                                    (Eq.symm rfl)))
                                (Eq.refl (max 1 ‖y‖ ^ Nat.rawCast 1 * Nat.rawCast 1))))
                            (Mathlib.Tactic.Ring.Common.atom_pf d rfl
                              (Eq.mpr
                                (id
                                  (congrArg (fun _a => d ^ Nat.rawCast 1 * Nat.rawCast 1 = d ^ Nat.rawCast 1 * _a)
                                    (Eq.symm rfl)))
                                (Eq.refl (d ^ Nat.rawCast 1 * Nat.rawCast 1))))
                            (Mathlib.Tactic.Ring.Common.pow_add
                              (Mathlib.Tactic.Ring.Common.single_pow
                                (Mathlib.Tactic.Ring.Common.mul_pow_mul
                                  (Mathlib.Tactic.Ring.Common.mul_pf_right d (Nat.rawCast 1)
                                    (Mathlib.Meta.NormNum.IsNat.to_raw_eq
                                      (Mathlib.Meta.NormNum.isNat_mul (Eq.refl HMul.hMul)
                                        (Mathlib.Meta.NormNum.IsNat.of_raw ℕ 1) (Mathlib.Meta.NormNum.IsNat.of_raw ℕ 1)
                                        (Eq.refl 1))))
                                  (Mathlib.Tactic.Ring.Common.one_pow (d ^ Nat.rawCast 1 * Nat.rawCast 1)
                                    { out := rfl })
                                  (Eq.mpr
                                    (id
                                      (congrArg
                                        (fun _a =>
                                          max 1 ‖y‖ ^ (d ^ Nat.rawCast 1 * Nat.rawCast 1) * Nat.rawCast 1 =
                                            max 1 ‖y‖ ^ (d ^ Nat.rawCast 1 * Nat.rawCast 1) * _a)
                                        (Eq.symm rfl)))
                                    (Eq.refl (max 1 ‖y‖ ^ (d ^ Nat.rawCast 1 * Nat.rawCast 1) * Nat.rawCast 1)))
                                  (Mathlib.Tactic.Ring.Common.mul_pf_left (max 1 ‖y‖)
                                    (d ^ Nat.rawCast 1 * Nat.rawCast 1)
                                    (Mathlib.Meta.NormNum.IsNat.to_raw_eq
                                      (Mathlib.Meta.NormNum.isNat_mul (Eq.refl HMul.hMul)
                                        (Mathlib.Meta.NormNum.IsNat.of_raw ℝ 1) (Mathlib.Meta.NormNum.IsNat.of_raw ℝ 1)
                                        (Eq.refl 1))))))
                              (Mathlib.Tactic.Ring.Common.pow_zero (max 1 ‖y‖ ^ Nat.rawCast 1 * Nat.rawCast 1 + 0) rfl)
                              (Mathlib.Tactic.Ring.Common.add_mul
                                (Mathlib.Tactic.Ring.Common.mul_add
                                  (Mathlib.Tactic.Ring.Common.mul_pf_left (max 1 ‖y‖)
                                    (d ^ Nat.rawCast 1 * Nat.rawCast 1)
                                    (Mathlib.Meta.NormNum.IsNat.to_raw_eq
                                      (Mathlib.Meta.NormNum.isNat_mul (Eq.refl HMul.hMul)
                                        (Mathlib.Meta.NormNum.IsNat.of_raw ℝ 1) (Mathlib.Meta.NormNum.IsNat.of_raw ℝ 1)
                                        (Eq.refl 1))))
                                  (Mathlib.Tactic.Ring.Common.mul_zero
                                    (max 1 ‖y‖ ^ (d ^ Nat.rawCast 1 * Nat.rawCast 1) * Nat.rawCast 1))
                                  (Mathlib.Tactic.Ring.Common.add_pf_add_zero
                                    (max 1 ‖y‖ ^ (d ^ Nat.rawCast 1 * Nat.rawCast 1) * Nat.rawCast 1 + 0)))
                                (Mathlib.Tactic.Ring.Common.zero_mul (Nat.rawCast 1 + 0))
                                (Mathlib.Tactic.Ring.Common.add_pf_add_zero
                                  (max 1 ‖y‖ ^ (d ^ Nat.rawCast 1 * Nat.rawCast 1) * Nat.rawCast 1 + 0)))))
                          (Mathlib.Tactic.Ring.Common.add_mul
                            (Mathlib.Tactic.Ring.Common.mul_add
                              (Mathlib.Tactic.Ring.Common.mul_pf_left (max 1 ‖x‖) (d ^ Nat.rawCast 1 * Nat.rawCast 1)
                                (Mathlib.Tactic.Ring.Common.mul_pf_left ‖GaussianInt.toComplex a‖
                                  (d ^ Nat.rawCast 1 * Nat.rawCast 1)
                                  (Mathlib.Tactic.Ring.Common.mul_pf_right (max 1 ‖y‖)
                                    (d ^ Nat.rawCast 1 * Nat.rawCast 1)
                                    (Mathlib.Meta.NormNum.IsNat.to_raw_eq
                                      (Mathlib.Meta.NormNum.isNat_mul (Eq.refl HMul.hMul)
                                        (Mathlib.Meta.NormNum.IsNat.of_raw ℝ 1) (Mathlib.Meta.NormNum.IsNat.of_raw ℝ 1)
                                        (Eq.refl 1))))))
                              (Mathlib.Tactic.Ring.Common.mul_zero
                                (max 1 ‖x‖ ^ (d ^ Nat.rawCast 1 * Nat.rawCast 1) *
                                  (‖GaussianInt.toComplex a‖ ^ (d ^ Nat.rawCast 1 * Nat.rawCast 1) * Nat.rawCast 1)))
                              (Mathlib.Tactic.Ring.Common.add_pf_add_zero
                                (max 1 ‖x‖ ^ (d ^ Nat.rawCast 1 * Nat.rawCast 1) *
                                    (‖GaussianInt.toComplex a‖ ^ (d ^ Nat.rawCast 1 * Nat.rawCast 1) *
                                      (max 1 ‖y‖ ^ (d ^ Nat.rawCast 1 * Nat.rawCast 1) * Nat.rawCast 1)) +
                                  0)))
                            (Mathlib.Tactic.Ring.Common.zero_mul
                              (max 1 ‖y‖ ^ (d ^ Nat.rawCast 1 * Nat.rawCast 1) * Nat.rawCast 1 + 0))
                            (Mathlib.Tactic.Ring.Common.add_pf_add_zero
                              (max 1 ‖x‖ ^ (d ^ Nat.rawCast 1 * Nat.rawCast 1) *
                                  (‖GaussianInt.toComplex a‖ ^ (d ^ Nat.rawCast 1 * Nat.rawCast 1) *
                                    (max 1 ‖y‖ ^ (d ^ Nat.rawCast 1 * Nat.rawCast 1) * Nat.rawCast 1)) +
                                0))))
                        (Mathlib.Tactic.Ring.Common.add_mul
                          (Mathlib.Tactic.Ring.Common.mul_add
                            (Mathlib.Tactic.Ring.Common.mul_pf_right (max 1 ‖x‖) (d ^ Nat.rawCast 1 * Nat.rawCast 1)
                              (Mathlib.Tactic.Ring.Common.mul_pf_right ‖GaussianInt.toComplex a‖
                                (d ^ Nat.rawCast 1 * Nat.rawCast 1)
                                (Mathlib.Tactic.Ring.Common.mul_pf_left
                                  (FixedQuadratic.coefficientL1 (Polynomial.map GaussianInt.toComplex P))
                                  (Nat.rawCast 1)
                                  (Mathlib.Tactic.Ring.Common.mul_pf_right (max 1 ‖y‖)
                                    (d ^ Nat.rawCast 1 * Nat.rawCast 1)
                                    (Mathlib.Meta.NormNum.IsNat.to_raw_eq
                                      (Mathlib.Meta.NormNum.isNat_mul (Eq.refl HMul.hMul)
                                        (Mathlib.Meta.NormNum.IsNat.of_raw ℝ 1) (Mathlib.Meta.NormNum.IsNat.of_raw ℝ 1)
                                        (Eq.refl 1)))))))
                            (Mathlib.Tactic.Ring.Common.mul_zero
                              (FixedQuadratic.coefficientL1 (Polynomial.map GaussianInt.toComplex P) ^ Nat.rawCast 1 *
                                Nat.rawCast 1))
                            (Mathlib.Tactic.Ring.Common.add_pf_add_zero
                              (max 1 ‖x‖ ^ (d ^ Nat.rawCast 1 * Nat.rawCast 1) *
                                  (‖GaussianInt.toComplex a‖ ^ (d ^ Nat.rawCast 1 * Nat.rawCast 1) *
                                    (FixedQuadratic.coefficientL1 (Polynomial.map GaussianInt.toComplex P) ^
                                        Nat.rawCast 1 *
                                      (max 1 ‖y‖ ^ (d ^ Nat.rawCast 1 * Nat.rawCast 1) * Nat.rawCast 1))) +
                                0)))
                          (Mathlib.Tactic.Ring.Common.zero_mul
                            (max 1 ‖x‖ ^ (d ^ Nat.rawCast 1 * Nat.rawCast 1) *
                                (‖GaussianInt.toComplex a‖ ^ (d ^ Nat.rawCast 1 * Nat.rawCast 1) *
                                  (max 1 ‖y‖ ^ (d ^ Nat.rawCast 1 * Nat.rawCast 1) * Nat.rawCast 1)) +
                              0))
                          (Mathlib.Tactic.Ring.Common.add_pf_add_zero
                            (max 1 ‖x‖ ^ (d ^ Nat.rawCast 1 * Nat.rawCast 1) *
                                (‖GaussianInt.toComplex a‖ ^ (d ^ Nat.rawCast 1 * Nat.rawCast 1) *
                                  (FixedQuadratic.coefficientL1 (Polynomial.map GaussianInt.toComplex P) ^
                                      Nat.rawCast 1 *
                                    (max 1 ‖y‖ ^ (d ^ Nat.rawCast 1 * Nat.rawCast 1) * Nat.rawCast 1))) +
                              0))))
                      (Mathlib.Tactic.Ring.Common.add_mul
                        (Mathlib.Tactic.Ring.Common.mul_add
                          (Mathlib.Tactic.Ring.Common.mul_pf_right (max 1 ‖x‖) (d ^ Nat.rawCast 1 * Nat.rawCast 1)
                            (Mathlib.Tactic.Ring.Common.mul_pf_right ‖GaussianInt.toComplex a‖
                              (d ^ Nat.rawCast 1 * Nat.rawCast 1)
                              (Mathlib.Tactic.Ring.Common.mul_pf_left
                                ‖Polynomial.eval x (Polynomial.map GaussianInt.toComplex P)‖ (Nat.rawCast 1)
                                (Mathlib.Tactic.Ring.Common.mul_pf_right
                                  (FixedQuadratic.coefficientL1 (Polynomial.map GaussianInt.toComplex P))
                                  (Nat.rawCast 1)
                                  (Mathlib.Tactic.Ring.Common.mul_pf_right (max 1 ‖y‖)
                                    (d ^ Nat.rawCast 1 * Nat.rawCast 1)
                                    (Mathlib.Meta.NormNum.IsNat.to_raw_eq
                                      (Mathlib.Meta.NormNum.isNat_mul (Eq.refl HMul.hMul)
                                        (Mathlib.Meta.NormNum.IsNat.of_raw ℝ 1) (Mathlib.Meta.NormNum.IsNat.of_raw ℝ 1)
                                        (Eq.refl 1))))))))
                          (Mathlib.Tactic.Ring.Common.mul_zero
                            (‖Polynomial.eval x (Polynomial.map GaussianInt.toComplex P)‖ ^ Nat.rawCast 1 *
                              Nat.rawCast 1))
                          (Mathlib.Tactic.Ring.Common.add_pf_add_zero
                            (max 1 ‖x‖ ^ (d ^ Nat.rawCast 1 * Nat.rawCast 1) *
                                (‖GaussianInt.toComplex a‖ ^ (d ^ Nat.rawCast 1 * Nat.rawCast 1) *
                                  (‖Polynomial.eval x (Polynomial.map GaussianInt.toComplex P)‖ ^ Nat.rawCast 1 *
                                    (FixedQuadratic.coefficientL1 (Polynomial.map GaussianInt.toComplex P) ^
                                        Nat.rawCast 1 *
                                      (max 1 ‖y‖ ^ (d ^ Nat.rawCast 1 * Nat.rawCast 1) * Nat.rawCast 1)))) +
                              0)))
                        (Mathlib.Tactic.Ring.Common.zero_mul
                          (max 1 ‖x‖ ^ (d ^ Nat.rawCast 1 * Nat.rawCast 1) *
                              (‖GaussianInt.toComplex a‖ ^ (d ^ Nat.rawCast 1 * Nat.rawCast 1) *
                                (FixedQuadratic.coefficientL1 (Polynomial.map GaussianInt.toComplex P) ^ Nat.rawCast 1 *
                                  (max 1 ‖y‖ ^ (d ^ Nat.rawCast 1 * Nat.rawCast 1) * Nat.rawCast 1))) +
                            0))
                        (Mathlib.Tactic.Ring.Common.add_pf_add_zero
                          (max 1 ‖x‖ ^ (d ^ Nat.rawCast 1 * Nat.rawCast 1) *
                              (‖GaussianInt.toComplex a‖ ^ (d ^ Nat.rawCast 1 * Nat.rawCast 1) *
                                (‖Polynomial.eval x (Polynomial.map GaussianInt.toComplex P)‖ ^ Nat.rawCast 1 *
                                  (FixedQuadratic.coefficientL1 (Polynomial.map GaussianInt.toComplex P) ^
                                      Nat.rawCast 1 *
                                    (max 1 ‖y‖ ^ (d ^ Nat.rawCast 1 * Nat.rawCast 1) * Nat.rawCast 1)))) +
                            0))))
                    (Mathlib.Tactic.Ring.Common.pow_congr
                      (Mathlib.Tactic.Ring.Common.atom_pf (max 1 ‖x‖) rfl
                        (Eq.mpr
                          (id
                            (congrArg
                              (fun _a => max 1 ‖x‖ ^ Nat.rawCast 1 * Nat.rawCast 1 = max 1 ‖x‖ ^ Nat.rawCast 1 * _a)
                              (Eq.symm rfl)))
                          (Eq.refl (max 1 ‖x‖ ^ Nat.rawCast 1 * Nat.rawCast 1))))
                      (Mathlib.Tactic.Ring.Common.atom_pf d rfl
                        (Eq.mpr
                          (id
                            (congrArg (fun _a => d ^ Nat.rawCast 1 * Nat.rawCast 1 = d ^ Nat.rawCast 1 * _a)
                              (Eq.symm rfl)))
                          (Eq.refl (d ^ Nat.rawCast 1 * Nat.rawCast 1))))
                      (Mathlib.Tactic.Ring.Common.pow_add
                        (Mathlib.Tactic.Ring.Common.single_pow
                          (Mathlib.Tactic.Ring.Common.mul_pow_mul
                            (Mathlib.Tactic.Ring.Common.mul_pf_right d (Nat.rawCast 1)
                              (Mathlib.Meta.NormNum.IsNat.to_raw_eq
                                (Mathlib.Meta.NormNum.isNat_mul (Eq.refl HMul.hMul)
                                  (Mathlib.Meta.NormNum.IsNat.of_raw ℕ 1) (Mathlib.Meta.NormNum.IsNat.of_raw ℕ 1)
                                  (Eq.refl 1))))
                            (Mathlib.Tactic.Ring.Common.one_pow (d ^ Nat.rawCast 1 * Nat.rawCast 1) { out := rfl })
                            (Eq.mpr
                              (id
                                (congrArg
                                  (fun _a =>
                                    max 1 ‖x‖ ^ (d ^ Nat.rawCast 1 * Nat.rawCast 1) * Nat.rawCast 1 =
                                      max 1 ‖x‖ ^ (d ^ Nat.rawCast 1 * Nat.rawCast 1) * _a)
                                  (Eq.symm rfl)))
                              (Eq.refl (max 1 ‖x‖ ^ (d ^ Nat.rawCast 1 * Nat.rawCast 1) * Nat.rawCast 1)))
                            (Mathlib.Tactic.Ring.Common.mul_pf_left (max 1 ‖x‖) (d ^ Nat.rawCast 1 * Nat.rawCast 1)
                              (Mathlib.Meta.NormNum.IsNat.to_raw_eq
                                (Mathlib.Meta.NormNum.isNat_mul (Eq.refl HMul.hMul)
                                  (Mathlib.Meta.NormNum.IsNat.of_raw ℝ 1) (Mathlib.Meta.NormNum.IsNat.of_raw ℝ 1)
                                  (Eq.refl 1))))))
                        (Mathlib.Tactic.Ring.Common.pow_zero (max 1 ‖x‖ ^ Nat.rawCast 1 * Nat.rawCast 1 + 0) rfl)
                        (Mathlib.Tactic.Ring.Common.add_mul
                          (Mathlib.Tactic.Ring.Common.mul_add
                            (Mathlib.Tactic.Ring.Common.mul_pf_left (max 1 ‖x‖) (d ^ Nat.rawCast 1 * Nat.rawCast 1)
                              (Mathlib.Meta.NormNum.IsNat.to_raw_eq
                                (Mathlib.Meta.NormNum.isNat_mul (Eq.refl HMul.hMul)
                                  (Mathlib.Meta.NormNum.IsNat.of_raw ℝ 1) (Mathlib.Meta.NormNum.IsNat.of_raw ℝ 1)
                                  (Eq.refl 1))))
                            (Mathlib.Tactic.Ring.Common.mul_zero
                              (max 1 ‖x‖ ^ (d ^ Nat.rawCast 1 * Nat.rawCast 1) * Nat.rawCast 1))
                            (Mathlib.Tactic.Ring.Common.add_pf_add_zero
                              (max 1 ‖x‖ ^ (d ^ Nat.rawCast 1 * Nat.rawCast 1) * Nat.rawCast 1 + 0)))
                          (Mathlib.Tactic.Ring.Common.zero_mul (Nat.rawCast 1 + 0))
                          (Mathlib.Tactic.Ring.Common.add_pf_add_zero
                            (max 1 ‖x‖ ^ (d ^ Nat.rawCast 1 * Nat.rawCast 1) * Nat.rawCast 1 + 0)))))
                    (Mathlib.Tactic.Ring.Common.sub_pf
                      (Mathlib.Tactic.Ring.Common.neg_add
                        (Mathlib.Tactic.Ring.Common.neg_mul (max 1 ‖x‖) (d ^ Nat.rawCast 1 * Nat.rawCast 1)
                          (Mathlib.Meta.NormNum.IsInt.to_raw_eq
                            (Mathlib.Meta.NormNum.isInt_neg (Eq.refl Neg.neg)
                              (Mathlib.Meta.NormNum.IsNat.to_isInt (Mathlib.Meta.NormNum.IsNat.of_raw ℝ 1))
                              (Eq.refl (Int.negOfNat 1)))))
                        Mathlib.Tactic.Ring.Common.neg_zero)
                      (Mathlib.Tactic.Ring.Common.add_pf_add_gt
                        (max 1 ‖x‖ ^ (d ^ Nat.rawCast 1 * Nat.rawCast 1) * (Int.negOfNat 1).rawCast)
                        (Mathlib.Tactic.Ring.Common.add_pf_add_zero
                          (max 1 ‖x‖ ^ (d ^ Nat.rawCast 1 * Nat.rawCast 1) *
                              (‖GaussianInt.toComplex a‖ ^ (d ^ Nat.rawCast 1 * Nat.rawCast 1) *
                                (‖Polynomial.eval x (Polynomial.map GaussianInt.toComplex P)‖ ^ Nat.rawCast 1 *
                                  (FixedQuadratic.coefficientL1 (Polynomial.map GaussianInt.toComplex P) ^
                                      Nat.rawCast 1 *
                                    (max 1 ‖y‖ ^ (d ^ Nat.rawCast 1 * Nat.rawCast 1) * Nat.rawCast 1)))) +
                            0)))))
                  (Mathlib.Tactic.Ring.Common.add_pf_add_overlap_zero
                    (Mathlib.Tactic.Ring.Common.add_overlap_pf_zero (max 1 ‖x‖) (d ^ Nat.rawCast 1 * Nat.rawCast 1)
                      (Mathlib.Meta.NormNum.IsInt.to_isNat
                        (Mathlib.Meta.NormNum.isInt_add (Eq.refl HAdd.hAdd)
                          (Mathlib.Meta.NormNum.IsNat.to_isInt (Mathlib.Meta.NormNum.IsNat.of_raw ℝ 1))
                          (Mathlib.Meta.NormNum.IsInt.of_raw ℝ (Int.negOfNat 1)) (Eq.refl (Int.ofNat 0)))))
                    (Mathlib.Tactic.Ring.Common.add_pf_add_overlap_zero
                      (Mathlib.Tactic.Ring.Common.add_overlap_pf_zero (max 1 ‖x‖) (d ^ Nat.rawCast 1 * Nat.rawCast 1)
                        (Mathlib.Tactic.Ring.Common.add_overlap_pf_zero ‖GaussianInt.toComplex a‖
                          (d ^ Nat.rawCast 1 * Nat.rawCast 1)
                          (Mathlib.Tactic.Ring.Common.add_overlap_pf_zero
                            ‖Polynomial.eval x (Polynomial.map GaussianInt.toComplex P)‖ (Nat.rawCast 1)
                            (Mathlib.Tactic.Ring.Common.add_overlap_pf_zero
                              (FixedQuadratic.coefficientL1 (Polynomial.map GaussianInt.toComplex P)) (Nat.rawCast 1)
                              (Mathlib.Tactic.Ring.Common.add_overlap_pf_zero (max 1 ‖y‖)
                                (d ^ Nat.rawCast 1 * Nat.rawCast 1)
                                (Mathlib.Meta.NormNum.IsInt.to_isNat
                                  (Mathlib.Meta.NormNum.isInt_add (Eq.refl HAdd.hAdd)
                                    (Mathlib.Meta.NormNum.IsInt.of_raw ℝ (Int.negOfNat 1))
                                    (Mathlib.Meta.NormNum.IsNat.to_isInt (Mathlib.Meta.NormNum.IsNat.of_raw ℝ 1))
                                    (Eq.refl (Int.ofNat 0)))))))))
                      (Mathlib.Tactic.Ring.Common.add_pf_zero_add 0))))
                (Mathlib.Tactic.Ring.cast_zero (Mathlib.Meta.NormNum.isNat_ofNat ℝ Nat.cast_zero))))
            (Mathlib.Tactic.Linarith.add_lt_of_le_of_neg (Mathlib.Tactic.Linarith.sub_nonpos_of_le hh)
              (Mathlib.Tactic.Linarith.sub_neg_of_lt a_1)))))
'FixedQuadratic.quadratic_l1_mahler_lower' depends on axioms: [propext, Classical.choice, Quot.sound]
def FixedQuadratic.realQuadratic : ℤ → ℤ → ℤ → Polynomial ℝ :=
fun a b c => Polynomial.C ↑a * Polynomial.X ^ 2 + Polynomial.C ↑b * Polynomial.X + Polynomial.C ↑c
'FixedQuadratic.realQuadratic' depends on axioms: [propext, Classical.choice, Quot.sound]
theorem FixedQuadratic.realQuadratic_ne_zero : ∀ (a b c : ℤ), a ≠ 0 → FixedQuadratic.realQuadratic a b c ≠ 0 :=
fun a b c ha h =>
  have hc := congrArg (fun P => P.coeff 2) h;
  have he :=
    Eq.mpr
      (id
        (congrFun'
          (congrArg Eq
            (Eq.trans
              (Polynomial.coeff_add (Polynomial.C ↑a * Polynomial.X ^ 2 + Polynomial.C ↑b * Polynomial.X)
                (Polynomial.C ↑c) 2)
              (congr
                (congrArg HAdd.hAdd
                  (Eq.trans
                    (Polynomial.coeff_add (Polynomial.C ↑a * Polynomial.X ^ 2) (Polynomial.C ↑b * Polynomial.X) 2)
                    (congr
                      (congrArg HAdd.hAdd
                        (Eq.trans (Polynomial.coeff_C_mul (Polynomial.X ^ 2))
                          (congrArg (HMul.hMul ↑a)
                            (Eq.trans (Polynomial.coeff_X_pow 2 2)
                              (ite_congr (eq_self 2) (fun a => Eq.refl 1) fun a => Eq.refl 0)))))
                      (Eq.trans (Polynomial.coeff_C_mul Polynomial.X) (congrArg (HMul.hMul ↑b) Polynomial.coeff_X)))))
                Polynomial.coeff_C)))
          ↑a))
      (of_eq_true
        (Eq.trans
          (Eq.trans
            (congrFun'
              (congrArg Eq
                (Eq.trans
                  (congr
                    (congrArg HAdd.hAdd
                      (Eq.trans
                        (congr
                          (congrArg HAdd.hAdd
                            (Eq.trans (congrArg (HMul.hMul ↑a) (ite_eq_left_of_eq_true 1 0 (eq_true True.intro)))
                              (mul_one ↑a)))
                          (Eq.trans
                            (congrArg (HMul.hMul ↑b)
                              (ite_eq_right_of_eq_false 1 0
                                (eq_false
                                  (Mathlib.Meta.NormNum.isNat_eq_false (Mathlib.Meta.NormNum.isNat_ofNat ℕ (Eq.refl 1))
                                    (Mathlib.Meta.NormNum.isNat_ofNat ℕ (Eq.refl 2)) (Eq.refl false)))))
                            (mul_zero ↑b)))
                        (add_zero ↑a)))
                    (ite_eq_right_of_eq_false (↑c) 0
                      (eq_false
                        (Mathlib.Meta.NormNum.isNat_eq_false (Mathlib.Meta.NormNum.isNat_ofNat ℕ (Eq.refl 2))
                          (Mathlib.Meta.NormNum.isNat_ofNat ℕ (Eq.refl 0)) (Eq.refl false)))))
                  (add_zero ↑a)))
              ↑a)
            (eq_self ↑a))
          (eq_true True.intro)));
  ha
    (Int.cast_eq_zero.mp
      (Eq.mp (congrArg (fun _a => ↑a = _a) (Polynomial.coeff_zero 2))
        (Eq.mp (congrArg (fun _a => _a = (Polynomial.coeff 0) 2) he) hc)))
'FixedQuadratic.realQuadratic_ne_zero' depends on axioms: [propext, Classical.choice, Quot.sound]
theorem FixedQuadratic.finite_realQuadratic_roots : ∀ (a b c : ℤ), a ≠ 0 → {x | ↑a * x ^ 2 + ↑b * x + ↑c = 0}.Finite :=
fun a b c ha =>
  Eq.mp
    (congrArg Set.Finite
      (congrArg Set.ofPred
        (funext fun x =>
          congrFun'
            (congrArg Eq
              (Eq.trans
                (Eq.trans
                  (congrArg (Polynomial.eval x)
                    (congr
                      (congrArg HAdd.hAdd
                        (congr
                          (congrArg HAdd.hAdd
                            (congrFun' (congrArg HMul.hMul (map_intCast Polynomial.C a)) (Polynomial.X ^ 2)))
                          (congrFun' (congrArg HMul.hMul (map_intCast Polynomial.C b)) Polynomial.X)))
                      (map_intCast Polynomial.C c)))
                  Polynomial.eval_add)
                (congr
                  (congrArg HAdd.hAdd
                    (Eq.trans Polynomial.eval_add
                      (congr
                        (congrArg HAdd.hAdd
                          (Eq.trans Polynomial.eval_mul
                            (congr (congrArg HMul.hMul Polynomial.eval_intCast)
                              (Eq.trans (Polynomial.eval_pow 2) (congrFun' (congrArg HPow.hPow Polynomial.eval_X) 2)))))
                        (Eq.trans Polynomial.eval_mul
                          (congr (congrArg HMul.hMul Polynomial.eval_intCast) Polynomial.eval_X)))))
                  Polynomial.eval_intCast)))
            0)))
    (Polynomial.finite_setOfPred_isRoot (FixedQuadratic.realQuadratic_ne_zero a b c ha))
'FixedQuadratic.finite_realQuadratic_roots' depends on axioms: [propext, Classical.choice, Quot.sound]
def FixedQuadratic.boundedQuadraticRoots : ℕ → Set ℝ :=
fun H => ⋃ a ∈ Set.Icc 1 ↑H, ⋃ b ∈ Set.Icc (-↑H) ↑H, ⋃ c ∈ Set.Icc (-↑H) ↑H, {x | ↑a * x ^ 2 + ↑b * x + ↑c = 0}
'FixedQuadratic.boundedQuadraticRoots' depends on axioms: [propext, Classical.choice, Quot.sound]
theorem FixedQuadratic.finite_boundedQuadraticRoots : ∀ (H : ℕ), (FixedQuadratic.boundedQuadraticRoots H).Finite :=
fun H =>
  id
    (Set.Finite.biUnion (Set.finite_Icc 1 ↑H) fun a ha =>
      Set.Finite.biUnion (Set.finite_Icc (-↑H) ↑H) fun b hb =>
        Set.Finite.biUnion (Set.finite_Icc (-↑H) ↑H) fun c hc =>
          FixedQuadratic.finite_realQuadratic_roots a b c
            (have this := ha.left;
            fun a_1 => FixedQuadratic.finite_boundedQuadraticRoots._proof_1_1 a this a_1))
'FixedQuadratic.finite_boundedQuadraticRoots' depends on axioms: [propext, Classical.choice, Quot.sound]
theorem FixedQuadratic.mem_boundedQuadraticRoots : ∀ (H : ℕ) (a b c : ℤ) (x : ℝ),
  1 ≤ a → a ≤ ↑H → |b| ≤ ↑H → |c| ≤ ↑H → ↑a * x ^ 2 + ↑b * x + ↑c = 0 → x ∈ FixedQuadratic.boundedQuadraticRoots H :=
fun H a b c x ha haH hb hc hroot =>
  Eq.mpr
    (id
      (Eq.trans FixedQuadratic.mem_boundedQuadraticRoots._simp_1_2
        (congrArg Exists
          (funext fun i =>
            Eq.trans FixedQuadratic.mem_boundedQuadraticRoots._simp_1_2
              (propext
                (exists_prop_congr
                  (fun h =>
                    Iff.of_eq
                      (Eq.trans FixedQuadratic.mem_boundedQuadraticRoots._simp_1_2
                        (congrArg Exists
                          (funext fun i_1 =>
                            Eq.trans FixedQuadratic.mem_boundedQuadraticRoots._simp_1_2
                              (propext
                                (exists_prop_congr
                                  (fun h =>
                                    Iff.of_eq
                                      (Eq.trans FixedQuadratic.mem_boundedQuadraticRoots._simp_1_2
                                        (congrArg Exists
                                          (funext fun i_2 => FixedQuadratic.mem_boundedQuadraticRoots._simp_1_2))))
                                  (Iff.of_eq (Eq.refl (i_1 ∈ Set.Icc (-↑H) ↑H)))))))))
                  (Iff.of_eq (Eq.refl (i ∈ Set.Icc 1 ↑H)))))))))
    (Exists.intro a
      (Exists.intro ⟨ha, haH⟩
        (Exists.intro b (Exists.intro (abs_le.mp hb) (Exists.intro c (Exists.intro (abs_le.mp hc) hroot))))))
'FixedQuadratic.mem_boundedQuadraticRoots' depends on axioms: [propext, Classical.choice, Quot.sound]
theorem FixedQuadratic.infinite_escape_bounded_height : ∀ (S : Set ℝ),
  S.Infinite → ∀ (H : ℕ), ∃ x ∈ S, x ∉ FixedQuadratic.boundedQuadraticRoots H :=
fun S hS H => Set.Infinite.exists_notMem_finite hS (FixedQuadratic.finite_boundedQuadraticRoots H)
'FixedQuadratic.infinite_escape_bounded_height' depends on axioms: [propext, Classical.choice, Quot.sound]
theorem FixedQuadratic.height_unbounded_of_infinite : ∀ (S : Set ℝ) (height : ℝ → ℕ),
  S.Infinite →
    (∀ x ∈ S, ∀ (H : ℕ), height x ≤ H → x ∈ FixedQuadratic.boundedQuadraticRoots H) →
      ∀ (H : ℕ), ∃ x ∈ S, H < height x :=
fun S height hS hbox H =>
  Exists.casesOn (FixedQuadratic.infinite_escape_bounded_height S hS H) fun x h =>
    And.casesOn h fun hx hnot => Exists.intro x ⟨hx, lt_of_not_ge fun h => hnot (hbox x hx H h)⟩
'FixedQuadratic.height_unbounded_of_infinite' depends on axioms: [propext, Classical.choice, Quot.sound]
def FixedQuadratic.quadraticMahler : ℝ → ℝ → ℝ → ℝ :=
fun a x y => a * max 1 |x| * max 1 |y|
'FixedQuadratic.quadraticMahler' depends on axioms: [propext, Classical.choice, Quot.sound]
theorem FixedQuadratic.quadraticMahler_sq_le : ∀ (a b c x y : ℝ),
  0 ≤ a → b = -a * (x + y) → c = a * x * y → FixedQuadratic.quadraticMahler a x y ^ 2 ≤ a ^ 2 + b ^ 2 + c ^ 2 :=
fun a b c x y _ha hb hc =>
  ⋯ ▸
    ⋯ ▸
      id
        (have hx := sq_abs x;
        have hy := sq_abs y;
        Or.casesOn (le_total |x| 1)
          (fun hx1 =>
            Or.casesOn (le_total |y| 1)
              (fun hy1 =>
                Eq.mpr
                  (id
                    (congrArg (fun _a => (a * _a * max 1 |y|) ^ 2 ≤ a ^ 2 + (-a * (x + y)) ^ 2 + (a * x * y) ^ 2)
                      (max_eq_left hx1)))
                  (Eq.mpr
                    (id
                      (congrArg (fun _a => (a * 1 * _a) ^ 2 ≤ a ^ 2 + (-a * (x + y)) ^ 2 + (a * x * y) ^ 2)
                        (max_eq_left hy1)))
                    (le_of_not_gt fun a_1 =>
                      Mathlib.Tactic.Linarith.lt_irrefl
                        (Eq.mp
                          (congrArg (fun _a => _a < 0)
                            (Mathlib.Tactic.Ring.of_eq
                              (Mathlib.Tactic.Ring.Common.add_congr
                                (Mathlib.Tactic.Ring.Common.add_congr
                                  (Mathlib.Tactic.Ring.Common.sub_congr
                                    (Mathlib.Tactic.Ring.cast_zero (Mathlib.Meta.NormNum.isNat_ofNat ℝ Nat.cast_zero))
                                    (Mathlib.Tactic.Ring.Common.pow_congr
                                      (Mathlib.Tactic.Ring.Common.mul_congr
                                        (Mathlib.Tactic.Ring.Common.mul_congr
                                          (Mathlib.Tactic.Ring.Common.atom_pf a rfl
                                            (Eq.mpr
                                              (id
                                                (congrArg
                                                  (fun _a => a ^ Nat.rawCast 1 * Nat.rawCast 1 = a ^ Nat.rawCast 1 * _a)
                                                  (Eq.symm rfl)))
                                              (Eq.refl (a ^ Nat.rawCast 1 * Nat.rawCast 1))))
                                          (Mathlib.Tactic.Ring.Common.atom_pf x rfl
                                            (Eq.mpr
                                              (id
                                                (congrArg
                                                  (fun _a => x ^ Nat.rawCast 1 * Nat.rawCast 1 = x ^ Nat.rawCast 1 * _a)
                                                  (Eq.symm rfl)))
                                              (Eq.refl (x ^ Nat.rawCast 1 * Nat.rawCast 1))))
                                          (Mathlib.Tactic.Ring.Common.add_mul
                                            (Mathlib.Tactic.Ring.Common.mul_add
                                              (Mathlib.Tactic.Ring.Common.mul_pf_left a (Nat.rawCast 1)
                                                (Mathlib.Tactic.Ring.Common.mul_pf_right x (Nat.rawCast 1)
                                                  (Mathlib.Meta.NormNum.IsNat.to_raw_eq
                                                    (Mathlib.Meta.NormNum.isNat_mul (Eq.refl HMul.hMul)
                                                      (Mathlib.Meta.NormNum.IsNat.of_raw ℝ 1)
                                                      (Mathlib.Meta.NormNum.IsNat.of_raw ℝ 1) (Eq.refl 1)))))
                                              (Mathlib.Tactic.Ring.Common.mul_zero (a ^ Nat.rawCast 1 * Nat.rawCast 1))
                                              (Mathlib.Tactic.Ring.Common.add_pf_add_zero
                                                (a ^ Nat.rawCast 1 * (x ^ Nat.rawCast 1 * Nat.rawCast 1) + 0)))
                                            (Mathlib.Tactic.Ring.Common.zero_mul
                                              (x ^ Nat.rawCast 1 * Nat.rawCast 1 + 0))
                                            (Mathlib.Tactic.Ring.Common.add_pf_add_zero
                                              (a ^ Nat.rawCast 1 * (x ^ Nat.rawCast 1 * Nat.rawCast 1) + 0))))
                                        (Mathlib.Tactic.Ring.Common.atom_pf y rfl
                                          (Eq.mpr
                                            (id
                                              (congrArg
                                                (fun _a => y ^ Nat.rawCast 1 * Nat.rawCast 1 = y ^ Nat.rawCast 1 * _a)
                                                (Eq.symm rfl)))
                                            (Eq.refl (y ^ Nat.rawCast 1 * Nat.rawCast 1))))
                                        (Mathlib.Tactic.Ring.Common.add_mul
                                          (Mathlib.Tactic.Ring.Common.mul_add
                                            (Mathlib.Tactic.Ring.Common.mul_pf_left a (Nat.rawCast 1)
                                              (Mathlib.Tactic.Ring.Common.mul_pf_left x (Nat.rawCast 1)
                                                (Mathlib.Tactic.Ring.Common.mul_pf_right y (Nat.rawCast 1)
                                                  (Mathlib.Meta.NormNum.IsNat.to_raw_eq
                                                    (Mathlib.Meta.NormNum.isNat_mul (Eq.refl HMul.hMul)
                                                      (Mathlib.Meta.NormNum.IsNat.of_raw ℝ 1)
                                                      (Mathlib.Meta.NormNum.IsNat.of_raw ℝ 1) (Eq.refl 1))))))
                                            (Mathlib.Tactic.Ring.Common.mul_zero
                                              (a ^ Nat.rawCast 1 * (x ^ Nat.rawCast 1 * Nat.rawCast 1)))
                                            (Mathlib.Tactic.Ring.Common.add_pf_add_zero
                                              (a ^ Nat.rawCast 1 *
                                                  (x ^ Nat.rawCast 1 * (y ^ Nat.rawCast 1 * Nat.rawCast 1)) +
                                                0)))
                                          (Mathlib.Tactic.Ring.Common.zero_mul (y ^ Nat.rawCast 1 * Nat.rawCast 1 + 0))
                                          (Mathlib.Tactic.Ring.Common.add_pf_add_zero
                                            (a ^ Nat.rawCast 1 *
                                                (x ^ Nat.rawCast 1 * (y ^ Nat.rawCast 1 * Nat.rawCast 1)) +
                                              0))))
                                      (Mathlib.Tactic.Ring.cast_pos (Mathlib.Meta.NormNum.isNat_ofNat ℕ (Eq.refl 2)))
                                      (Mathlib.Tactic.Ring.Common.pow_add
                                        (Mathlib.Tactic.Ring.Common.single_pow
                                          (Mathlib.Tactic.Ring.Common.mul_pow_mul
                                            (Mathlib.Meta.NormNum.IsNat.to_raw_eq
                                              (Mathlib.Meta.NormNum.isNat_mul (Eq.refl HMul.hMul)
                                                (Mathlib.Meta.NormNum.IsNat.of_raw ℕ 1)
                                                (Mathlib.Meta.NormNum.IsNat.of_raw ℕ 2) (Eq.refl 2)))
                                            (Mathlib.Tactic.Ring.Common.mul_pow_mul
                                              (Mathlib.Meta.NormNum.IsNat.to_raw_eq
                                                (Mathlib.Meta.NormNum.isNat_mul (Eq.refl HMul.hMul)
                                                  (Mathlib.Meta.NormNum.IsNat.of_raw ℕ 1)
                                                  (Mathlib.Meta.NormNum.IsNat.of_raw ℕ 2) (Eq.refl 2)))
                                              (Mathlib.Tactic.Ring.Common.mul_pow_mul
                                                (Mathlib.Meta.NormNum.IsNat.to_raw_eq
                                                  (Mathlib.Meta.NormNum.isNat_mul (Eq.refl HMul.hMul)
                                                    (Mathlib.Meta.NormNum.IsNat.of_raw ℕ 1)
                                                    (Mathlib.Meta.NormNum.IsNat.of_raw ℕ 2) (Eq.refl 2)))
                                                (Mathlib.Tactic.Ring.Common.one_pow (Nat.rawCast 2) { out := rfl })
                                                (Eq.mpr
                                                  (id
                                                    (congrArg
                                                      (fun _a =>
                                                        y ^ Nat.rawCast 2 * Nat.rawCast 1 = y ^ Nat.rawCast 2 * _a)
                                                      (Eq.symm rfl)))
                                                  (Eq.refl (y ^ Nat.rawCast 2 * Nat.rawCast 1)))
                                                (Mathlib.Tactic.Ring.Common.mul_pf_left y (Nat.rawCast 2)
                                                  (Mathlib.Meta.NormNum.IsNat.to_raw_eq
                                                    (Mathlib.Meta.NormNum.isNat_mul (Eq.refl HMul.hMul)
                                                      (Mathlib.Meta.NormNum.IsNat.of_raw ℝ 1)
                                                      (Mathlib.Meta.NormNum.IsNat.of_raw ℝ 1) (Eq.refl 1)))))
                                              (Eq.mpr
                                                (id
                                                  (congrArg
                                                    (fun _a =>
                                                      x ^ Nat.rawCast 2 * Nat.rawCast 1 = x ^ Nat.rawCast 2 * _a)
                                                    (Eq.symm rfl)))
                                                (Eq.refl (x ^ Nat.rawCast 2 * Nat.rawCast 1)))
                                              (Mathlib.Tactic.Ring.Common.mul_pf_left x (Nat.rawCast 2)
                                                (Mathlib.Tactic.Ring.Common.mul_pf_right y (Nat.rawCast 2)
                                                  (Mathlib.Meta.NormNum.IsNat.to_raw_eq
                                                    (Mathlib.Meta.NormNum.isNat_mul (Eq.refl HMul.hMul)
                                                      (Mathlib.Meta.NormNum.IsNat.of_raw ℝ 1)
                                                      (Mathlib.Meta.NormNum.IsNat.of_raw ℝ 1) (Eq.refl 1))))))
                                            (Eq.mpr
                                              (id
                                                (congrArg
                                                  (fun _a => a ^ Nat.rawCast 2 * Nat.rawCast 1 = a ^ Nat.rawCast 2 * _a)
                                                  (Eq.symm rfl)))
                                              (Eq.refl (a ^ Nat.rawCast 2 * Nat.rawCast 1)))
                                            (Mathlib.Tactic.Ring.Common.mul_pf_left a (Nat.rawCast 2)
                                              (Mathlib.Tactic.Ring.Common.mul_pf_right x (Nat.rawCast 2)
                                                (Mathlib.Tactic.Ring.Common.mul_pf_right y (Nat.rawCast 2)
                                                  (Mathlib.Meta.NormNum.IsNat.to_raw_eq
                                                    (Mathlib.Meta.NormNum.isNat_mul (Eq.refl HMul.hMul)
                                                      (Mathlib.Meta.NormNum.IsNat.of_raw ℝ 1)
                                                      (Mathlib.Meta.NormNum.IsNat.of_raw ℝ 1) (Eq.refl 1))))))))
                                        (Mathlib.Tactic.Ring.Common.pow_zero
                                          (a ^ Nat.rawCast 1 *
                                              (x ^ Nat.rawCast 1 * (y ^ Nat.rawCast 1 * Nat.rawCast 1)) +
                                            0)
                                          rfl)
                                        (Mathlib.Tactic.Ring.Common.add_mul
                                          (Mathlib.Tactic.Ring.Common.mul_add
                                            (Mathlib.Tactic.Ring.Common.mul_pf_left a (Nat.rawCast 2)
                                              (Mathlib.Tactic.Ring.Common.mul_pf_left x (Nat.rawCast 2)
                                                (Mathlib.Tactic.Ring.Common.mul_pf_left y (Nat.rawCast 2)
                                                  (Mathlib.Meta.NormNum.IsNat.to_raw_eq
                                                    (Mathlib.Meta.NormNum.isNat_mul (Eq.refl HMul.hMul)
                                                      (Mathlib.Meta.NormNum.IsNat.of_raw ℝ 1)
                                                      (Mathlib.Meta.NormNum.IsNat.of_raw ℝ 1) (Eq.refl 1))))))
                                            (Mathlib.Tactic.Ring.Common.mul_zero
                                              (a ^ Nat.rawCast 2 *
                                                (x ^ Nat.rawCast 2 * (y ^ Nat.rawCast 2 * Nat.rawCast 1))))
                                            (Mathlib.Tactic.Ring.Common.add_pf_add_zero
                                              (a ^ Nat.rawCast 2 *
                                                  (x ^ Nat.rawCast 2 * (y ^ Nat.rawCast 2 * Nat.rawCast 1)) +
                                                0)))
                                          (Mathlib.Tactic.Ring.Common.zero_mul (Nat.rawCast 1 + 0))
                                          (Mathlib.Tactic.Ring.Common.add_pf_add_zero
                                            (a ^ Nat.rawCast 2 *
                                                (x ^ Nat.rawCast 2 * (y ^ Nat.rawCast 2 * Nat.rawCast 1)) +
                                              0)))))
                                    (Mathlib.Tactic.Ring.Common.sub_pf
                                      (Mathlib.Tactic.Ring.Common.neg_add
                                        (Mathlib.Tactic.Ring.Common.neg_mul a (Nat.rawCast 2)
                                          (Mathlib.Tactic.Ring.Common.neg_mul x (Nat.rawCast 2)
                                            (Mathlib.Tactic.Ring.Common.neg_mul y (Nat.rawCast 2)
                                              (Mathlib.Meta.NormNum.IsInt.to_raw_eq
                                                (Mathlib.Meta.NormNum.isInt_neg (Eq.refl Neg.neg)
                                                  (Mathlib.Meta.NormNum.IsNat.to_isInt
                                                    (Mathlib.Meta.NormNum.IsNat.of_raw ℝ 1))
                                                  (Eq.refl (Int.negOfNat 1)))))))
                                        Mathlib.Tactic.Ring.Common.neg_zero)
                                      (Mathlib.Tactic.Ring.Common.add_pf_zero_add
                                        (a ^ Nat.rawCast 2 *
                                            (x ^ Nat.rawCast 2 * (y ^ Nat.rawCast 2 * (Int.negOfNat 1).rawCast)) +
                                          0))))
                                  (Mathlib.Tactic.Ring.Common.sub_congr
                                    (Mathlib.Tactic.Ring.cast_zero (Mathlib.Meta.NormNum.isNat_ofNat ℝ Nat.cast_zero))
                                    (Mathlib.Tactic.Ring.Common.pow_congr
                                      (Mathlib.Tactic.Ring.Common.mul_congr
                                        (Mathlib.Tactic.Ring.Common.neg_congr
                                          (Mathlib.Tactic.Ring.Common.atom_pf a rfl
                                            (Eq.mpr
                                              (id
                                                (congrArg
                                                  (fun _a => a ^ Nat.rawCast 1 * Nat.rawCast 1 = a ^ Nat.rawCast 1 * _a)
                                                  (Eq.symm rfl)))
                                              (Eq.refl (a ^ Nat.rawCast 1 * Nat.rawCast 1))))
                                          (Mathlib.Tactic.Ring.Common.neg_add
                                            (Mathlib.Tactic.Ring.Common.neg_mul a (Nat.rawCast 1)
                                              (Mathlib.Meta.NormNum.IsInt.to_raw_eq
                                                (Mathlib.Meta.NormNum.isInt_neg (Eq.refl Neg.neg)
                                                  (Mathlib.Meta.NormNum.IsNat.to_isInt
                                                    (Mathlib.Meta.NormNum.IsNat.of_raw ℝ 1))
                                                  (Eq.refl (Int.negOfNat 1)))))
                                            Mathlib.Tactic.Ring.Common.neg_zero))
                                        (Mathlib.Tactic.Ring.Common.add_congr
                                          (Mathlib.Tactic.Ring.Common.atom_pf x rfl
                                            (Eq.mpr
                                              (id
                                                (congrArg
                                                  (fun _a => x ^ Nat.rawCast 1 * Nat.rawCast 1 = x ^ Nat.rawCast 1 * _a)
                                                  (Eq.symm rfl)))
                                              (Eq.refl (x ^ Nat.rawCast 1 * Nat.rawCast 1))))
                                          (Mathlib.Tactic.Ring.Common.atom_pf y rfl
                                            (Eq.mpr
                                              (id
                                                (congrArg
                                                  (fun _a => y ^ Nat.rawCast 1 * Nat.rawCast 1 = y ^ Nat.rawCast 1 * _a)
                                                  (Eq.symm rfl)))
                                              (Eq.refl (y ^ Nat.rawCast 1 * Nat.rawCast 1))))
                                          (Mathlib.Tactic.Ring.Common.add_pf_add_lt (x ^ Nat.rawCast 1 * Nat.rawCast 1)
                                            (Mathlib.Tactic.Ring.Common.add_pf_zero_add
                                              (y ^ Nat.rawCast 1 * Nat.rawCast 1 + 0))))
                                        (Mathlib.Tactic.Ring.Common.add_mul
                                          (Mathlib.Tactic.Ring.Common.mul_add
                                            (Mathlib.Tactic.Ring.Common.mul_pf_left a (Nat.rawCast 1)
                                              (Mathlib.Tactic.Ring.Common.mul_pf_right x (Nat.rawCast 1)
                                                (Mathlib.Meta.NormNum.IsInt.to_raw_eq
                                                  (Mathlib.Meta.NormNum.isInt_mul (Eq.refl HMul.hMul)
                                                    (Mathlib.Meta.NormNum.IsInt.of_raw ℝ (Int.negOfNat 1))
                                                    (Mathlib.Meta.NormNum.IsNat.to_isInt
                                                      (Mathlib.Meta.NormNum.IsNat.of_raw ℝ 1))
                                                    (Eq.refl (Int.negOfNat 1))))))
                                            (Mathlib.Tactic.Ring.Common.mul_add
                                              (Mathlib.Tactic.Ring.Common.mul_pf_left a (Nat.rawCast 1)
                                                (Mathlib.Tactic.Ring.Common.mul_pf_right y (Nat.rawCast 1)
                                                  (Mathlib.Meta.NormNum.IsInt.to_raw_eq
                                                    (Mathlib.Meta.NormNum.isInt_mul (Eq.refl HMul.hMul)
                                                      (Mathlib.Meta.NormNum.IsInt.of_raw ℝ (Int.negOfNat 1))
                                                      (Mathlib.Meta.NormNum.IsNat.to_isInt
                                                        (Mathlib.Meta.NormNum.IsNat.of_raw ℝ 1))
                                                      (Eq.refl (Int.negOfNat 1))))))
                                              (Mathlib.Tactic.Ring.Common.mul_zero
                                                (a ^ Nat.rawCast 1 * (Int.negOfNat 1).rawCast))
                                              (Mathlib.Tactic.Ring.Common.add_pf_add_zero
                                                (a ^ Nat.rawCast 1 * (y ^ Nat.rawCast 1 * (Int.negOfNat 1).rawCast) +
                                                  0)))
                                            (Mathlib.Tactic.Ring.Common.add_pf_add_lt
                                              (a ^ Nat.rawCast 1 * (x ^ Nat.rawCast 1 * (Int.negOfNat 1).rawCast))
                                              (Mathlib.Tactic.Ring.Common.add_pf_zero_add
                                                (a ^ Nat.rawCast 1 * (y ^ Nat.rawCast 1 * (Int.negOfNat 1).rawCast) +
                                                  0))))
                                          (Mathlib.Tactic.Ring.Common.zero_mul
                                            (x ^ Nat.rawCast 1 * Nat.rawCast 1 +
                                              (y ^ Nat.rawCast 1 * Nat.rawCast 1 + 0)))
                                          (Mathlib.Tactic.Ring.Common.add_pf_add_zero
                                            (a ^ Nat.rawCast 1 * (x ^ Nat.rawCast 1 * (Int.negOfNat 1).rawCast) +
                                              (a ^ Nat.rawCast 1 * (y ^ Nat.rawCast 1 * (Int.negOfNat 1).rawCast) +
                                                0)))))
                                      (Mathlib.Tactic.Ring.cast_pos (Mathlib.Meta.NormNum.isNat_ofNat ℕ (Eq.refl 2)))
                                      (Mathlib.Tactic.Ring.Common.pow_add
                                        (Mathlib.Tactic.Ring.Common.pow_nat (Mathlib.Tactic.Ring.Common.coeff_one 2 rfl)
                                          (Mathlib.Tactic.Ring.Common.pow_one_cast_of_isNat
                                            (a ^ Nat.rawCast 1 * (x ^ Nat.rawCast 1 * (Int.negOfNat 1).rawCast) +
                                              (a ^ Nat.rawCast 1 * (y ^ Nat.rawCast 1 * (Int.negOfNat 1).rawCast) + 0))
                                            (Nat.rawCast 1) { out := rfl })
                                          (Mathlib.Tactic.Ring.Common.pow_bit0
                                            (Mathlib.Tactic.Ring.Common.pow_one
                                              (a ^ Nat.rawCast 1 * (x ^ Nat.rawCast 1 * (Int.negOfNat 1).rawCast) +
                                                (a ^ Nat.rawCast 1 * (y ^ Nat.rawCast 1 * (Int.negOfNat 1).rawCast) +
                                                  0)))
                                            (Mathlib.Tactic.Ring.Common.add_mul
                                              (Mathlib.Tactic.Ring.Common.mul_add
                                                (Mathlib.Tactic.Ring.Common.mul_pp_pf_overlap a
                                                  (Mathlib.Meta.NormNum.IsNat.to_raw_eq
                                                    (Mathlib.Meta.NormNum.isNat_add (Eq.refl HAdd.hAdd)
                                                      (Mathlib.Meta.NormNum.IsNat.of_raw ℕ 1)
                                                      (Mathlib.Meta.NormNum.IsNat.of_raw ℕ 1) (Eq.refl 2)))
                                                  (Mathlib.Tactic.Ring.Common.mul_pp_pf_overlap x
                                                    (Mathlib.Meta.NormNum.IsNat.to_raw_eq
                                                      (Mathlib.Meta.NormNum.isNat_add (Eq.refl HAdd.hAdd)
                                                        (Mathlib.Meta.NormNum.IsNat.of_raw ℕ 1)
                                                        (Mathlib.Meta.NormNum.IsNat.of_raw ℕ 1) (Eq.refl 2)))
                                                    (Mathlib.Meta.NormNum.IsNat.to_raw_eq
                                                      (Mathlib.Meta.NormNum.IsInt.to_isNat
                                                        (Mathlib.Meta.NormNum.isInt_mul (Eq.refl HMul.hMul)
                                                          (Mathlib.Meta.NormNum.IsInt.of_raw ℝ (Int.negOfNat 1))
                                                          (Mathlib.Meta.NormNum.IsInt.of_raw ℝ (Int.negOfNat 1))
                                                          (Eq.refl (Int.ofNat 1)))))))
                                                (Mathlib.Tactic.Ring.Common.mul_add
                                                  (Mathlib.Tactic.Ring.Common.mul_pp_pf_overlap a
                                                    (Mathlib.Meta.NormNum.IsNat.to_raw_eq
                                                      (Mathlib.Meta.NormNum.isNat_add (Eq.refl HAdd.hAdd)
                                                        (Mathlib.Meta.NormNum.IsNat.of_raw ℕ 1)
                                                        (Mathlib.Meta.NormNum.IsNat.of_raw ℕ 1) (Eq.refl 2)))
                                                    (Mathlib.Tactic.Ring.Common.mul_pf_left x (Nat.rawCast 1)
                                                      (Mathlib.Tactic.Ring.Common.mul_pf_right y (Nat.rawCast 1)
                                                        (Mathlib.Meta.NormNum.IsNat.to_raw_eq
                                                          (Mathlib.Meta.NormNum.IsInt.to_isNat
                                                            (Mathlib.Meta.NormNum.isInt_mul (Eq.refl HMul.hMul)
                                                              (Mathlib.Meta.NormNum.IsInt.of_raw ℝ (Int.negOfNat 1))
                                                              (Mathlib.Meta.NormNum.IsInt.of_raw ℝ (Int.negOfNat 1))
                                                              (Eq.refl (Int.ofNat 1))))))))
                                                  (Mathlib.Tactic.Ring.Common.mul_zero
                                                    (a ^ Nat.rawCast 1 *
                                                      (x ^ Nat.rawCast 1 * (Int.negOfNat 1).rawCast)))
                                                  (Mathlib.Tactic.Ring.Common.add_pf_add_zero
                                                    (a ^ Nat.rawCast 2 *
                                                        (x ^ Nat.rawCast 1 * (y ^ Nat.rawCast 1 * Nat.rawCast 1)) +
                                                      0)))
                                                (Mathlib.Tactic.Ring.Common.add_pf_add_gt
                                                  (a ^ Nat.rawCast 2 *
                                                    (x ^ Nat.rawCast 1 * (y ^ Nat.rawCast 1 * Nat.rawCast 1)))
                                                  (Mathlib.Tactic.Ring.Common.add_pf_add_zero
                                                    (a ^ Nat.rawCast 2 * (x ^ Nat.rawCast 2 * Nat.rawCast 1) + 0))))
                                              (Mathlib.Tactic.Ring.Common.add_mul
                                                (Mathlib.Tactic.Ring.Common.mul_add
                                                  (Mathlib.Tactic.Ring.Common.mul_pp_pf_overlap a
                                                    (Mathlib.Meta.NormNum.IsNat.to_raw_eq
                                                      (Mathlib.Meta.NormNum.isNat_add (Eq.refl HAdd.hAdd)
                                                        (Mathlib.Meta.NormNum.IsNat.of_raw ℕ 1)
                                                        (Mathlib.Meta.NormNum.IsNat.of_raw ℕ 1) (Eq.refl 2)))
                                                    (Mathlib.Tactic.Ring.Common.mul_pf_right x (Nat.rawCast 1)
                                                      (Mathlib.Tactic.Ring.Common.mul_pf_left y (Nat.rawCast 1)
                                                        (Mathlib.Meta.NormNum.IsNat.to_raw_eq
                                                          (Mathlib.Meta.NormNum.IsInt.to_isNat
                                                            (Mathlib.Meta.NormNum.isInt_mul (Eq.refl HMul.hMul)
                                                              (Mathlib.Meta.NormNum.IsInt.of_raw ℝ (Int.negOfNat 1))
                                                              (Mathlib.Meta.NormNum.IsInt.of_raw ℝ (Int.negOfNat 1))
                                                              (Eq.refl (Int.ofNat 1))))))))
                                                  (Mathlib.Tactic.Ring.Common.mul_add
                                                    (Mathlib.Tactic.Ring.Common.mul_pp_pf_overlap a
                                                      (Mathlib.Meta.NormNum.IsNat.to_raw_eq
                                                        (Mathlib.Meta.NormNum.isNat_add (Eq.refl HAdd.hAdd)
                                                          (Mathlib.Meta.NormNum.IsNat.of_raw ℕ 1)
                                                          (Mathlib.Meta.NormNum.IsNat.of_raw ℕ 1) (Eq.refl 2)))
                                                      (Mathlib.Tactic.Ring.Common.mul_pp_pf_overlap y
                                                        (Mathlib.Meta.NormNum.IsNat.to_raw_eq
                                                          (Mathlib.Meta.NormNum.isNat_add (Eq.refl HAdd.hAdd)
                                                            (Mathlib.Meta.NormNum.IsNat.of_raw ℕ 1)
                                                            (Mathlib.Meta.NormNum.IsNat.of_raw ℕ 1) (Eq.refl 2)))
                                                        (Mathlib.Meta.NormNum.IsNat.to_raw_eq
                                                          (Mathlib.Meta.NormNum.IsInt.to_isNat
                                                            (Mathlib.Meta.NormNum.isInt_mul (Eq.refl HMul.hMul)
                                                              (Mathlib.Meta.NormNum.IsInt.of_raw ℝ (Int.negOfNat 1))
                                                              (Mathlib.Meta.NormNum.IsInt.of_raw ℝ (Int.negOfNat 1))
                                                              (Eq.refl (Int.ofNat 1)))))))
                                                    (Mathlib.Tactic.Ring.Common.mul_zero
                                                      (a ^ Nat.rawCast 1 *
                                                        (y ^ Nat.rawCast 1 * (Int.negOfNat 1).rawCast)))
                                                    (Mathlib.Tactic.Ring.Common.add_pf_add_zero
                                                      (a ^ Nat.rawCast 2 * (y ^ Nat.rawCast 2 * Nat.rawCast 1) + 0)))
                                                  (Mathlib.Tactic.Ring.Common.add_pf_add_lt
                                                    (a ^ Nat.rawCast 2 *
                                                      (x ^ Nat.rawCast 1 * (y ^ Nat.rawCast 1 * Nat.rawCast 1)))
                                                    (Mathlib.Tactic.Ring.Common.add_pf_zero_add
                                                      (a ^ Nat.rawCast 2 * (y ^ Nat.rawCast 2 * Nat.rawCast 1) + 0))))
                                                (Mathlib.Tactic.Ring.Common.zero_mul
                                                  (a ^ Nat.rawCast 1 * (x ^ Nat.rawCast 1 * (Int.negOfNat 1).rawCast) +
                                                    (a ^ Nat.rawCast 1 *
                                                        (y ^ Nat.rawCast 1 * (Int.negOfNat 1).rawCast) +
                                                      0)))
                                                (Mathlib.Tactic.Ring.Common.add_pf_add_zero
                                                  (a ^ Nat.rawCast 2 *
                                                      (x ^ Nat.rawCast 1 * (y ^ Nat.rawCast 1 * Nat.rawCast 1)) +
                                                    (a ^ Nat.rawCast 2 * (y ^ Nat.rawCast 2 * Nat.rawCast 1) + 0))))
                                              (Mathlib.Tactic.Ring.Common.add_pf_add_overlap
                                                (Mathlib.Tactic.Ring.Common.add_overlap_pf a (Nat.rawCast 2)
                                                  (Mathlib.Tactic.Ring.Common.add_overlap_pf x (Nat.rawCast 1)
                                                    (Mathlib.Tactic.Ring.Common.add_overlap_pf y (Nat.rawCast 1)
                                                      (Mathlib.Meta.NormNum.IsNat.to_raw_eq
                                                        (Mathlib.Meta.NormNum.isNat_add (Eq.refl HAdd.hAdd)
                                                          (Mathlib.Meta.NormNum.IsNat.of_raw ℝ 1)
                                                          (Mathlib.Meta.NormNum.IsNat.of_raw ℝ 1) (Eq.refl 2))))))
                                                (Mathlib.Tactic.Ring.Common.add_pf_add_lt
                                                  (a ^ Nat.rawCast 2 * (x ^ Nat.rawCast 2 * Nat.rawCast 1))
                                                  (Mathlib.Tactic.Ring.Common.add_pf_zero_add
                                                    (a ^ Nat.rawCast 2 * (y ^ Nat.rawCast 2 * Nat.rawCast 1) + 0)))))))
                                        (Mathlib.Tactic.Ring.Common.pow_zero
                                          (a ^ Nat.rawCast 1 * (x ^ Nat.rawCast 1 * (Int.negOfNat 1).rawCast) +
                                            (a ^ Nat.rawCast 1 * (y ^ Nat.rawCast 1 * (Int.negOfNat 1).rawCast) + 0))
                                          rfl)
                                        (Mathlib.Tactic.Ring.Common.add_mul
                                          (Mathlib.Tactic.Ring.Common.mul_add
                                            (Mathlib.Tactic.Ring.Common.mul_pf_left a (Nat.rawCast 2)
                                              (Mathlib.Tactic.Ring.Common.mul_pf_left x (Nat.rawCast 1)
                                                (Mathlib.Tactic.Ring.Common.mul_pf_left y (Nat.rawCast 1)
                                                  (Mathlib.Meta.NormNum.IsNat.to_raw_eq
                                                    (Mathlib.Meta.NormNum.isNat_mul (Eq.refl HMul.hMul)
                                                      (Mathlib.Meta.NormNum.IsNat.of_raw ℝ 2)
                                                      (Mathlib.Meta.NormNum.IsNat.of_raw ℝ 1) (Eq.refl 2))))))
                                            (Mathlib.Tactic.Ring.Common.mul_zero
                                              (a ^ Nat.rawCast 2 *
                                                (x ^ Nat.rawCast 1 * (y ^ Nat.rawCast 1 * Nat.rawCast 2))))
                                            (Mathlib.Tactic.Ring.Common.add_pf_add_zero
                                              (a ^ Nat.rawCast 2 *
                                                  (x ^ Nat.rawCast 1 * (y ^ Nat.rawCast 1 * Nat.rawCast 2)) +
                                                0)))
                                          (Mathlib.Tactic.Ring.Common.add_mul
                                            (Mathlib.Tactic.Ring.Common.mul_add
                                              (Mathlib.Tactic.Ring.Common.mul_pf_left a (Nat.rawCast 2)
                                                (Mathlib.Tactic.Ring.Common.mul_pf_left x (Nat.rawCast 2)
                                                  (Mathlib.Meta.NormNum.IsNat.to_raw_eq
                                                    (Mathlib.Meta.NormNum.isNat_mul (Eq.refl HMul.hMul)
                                                      (Mathlib.Meta.NormNum.IsNat.of_raw ℝ 1)
                                                      (Mathlib.Meta.NormNum.IsNat.of_raw ℝ 1) (Eq.refl 1)))))
                                              (Mathlib.Tactic.Ring.Common.mul_zero
                                                (a ^ Nat.rawCast 2 * (x ^ Nat.rawCast 2 * Nat.rawCast 1)))
                                              (Mathlib.Tactic.Ring.Common.add_pf_add_zero
                                                (a ^ Nat.rawCast 2 * (x ^ Nat.rawCast 2 * Nat.rawCast 1) + 0)))
                                            (Mathlib.Tactic.Ring.Common.add_mul
                                              (Mathlib.Tactic.Ring.Common.mul_add
                                                (Mathlib.Tactic.Ring.Common.mul_pf_left a (Nat.rawCast 2)
                                                  (Mathlib.Tactic.Ring.Common.mul_pf_left y (Nat.rawCast 2)
                                                    (Mathlib.Meta.NormNum.IsNat.to_raw_eq
                                                      (Mathlib.Meta.NormNum.isNat_mul (Eq.refl HMul.hMul)
                                                        (Mathlib.Meta.NormNum.IsNat.of_raw ℝ 1)
                                                        (Mathlib.Meta.NormNum.IsNat.of_raw ℝ 1) (Eq.refl 1)))))
                                                (Mathlib.Tactic.Ring.Common.mul_zero
                                                  (a ^ Nat.rawCast 2 * (y ^ Nat.rawCast 2 * Nat.rawCast 1)))
                                                (Mathlib.Tactic.Ring.Common.add_pf_add_zero
                                                  (a ^ Nat.rawCast 2 * (y ^ Nat.rawCast 2 * Nat.rawCast 1) + 0)))
                                              (Mathlib.Tactic.Ring.Common.zero_mul (Nat.rawCast 1 + 0))
                                              (Mathlib.Tactic.Ring.Common.add_pf_add_zero
                                                (a ^ Nat.rawCast 2 * (y ^ Nat.rawCast 2 * Nat.rawCast 1) + 0)))
                                            (Mathlib.Tactic.Ring.Common.add_pf_add_lt
                                              (a ^ Nat.rawCast 2 * (x ^ Nat.rawCast 2 * Nat.rawCast 1))
                                              (Mathlib.Tactic.Ring.Common.add_pf_zero_add
                                                (a ^ Nat.rawCast 2 * (y ^ Nat.rawCast 2 * Nat.rawCast 1) + 0))))
                                          (Mathlib.Tactic.Ring.Common.add_pf_add_lt
                                            (a ^ Nat.rawCast 2 *
                                              (x ^ Nat.rawCast 1 * (y ^ Nat.rawCast 1 * Nat.rawCast 2)))
                                            (Mathlib.Tactic.Ring.Common.add_pf_zero_add
                                              (a ^ Nat.rawCast 2 * (x ^ Nat.rawCast 2 * Nat.rawCast 1) +
                                                (a ^ Nat.rawCast 2 * (y ^ Nat.rawCast 2 * Nat.rawCast 1) + 0)))))))
                                    (Mathlib.Tactic.Ring.Common.sub_pf
                                      (Mathlib.Tactic.Ring.Common.neg_add
                                        (Mathlib.Tactic.Ring.Common.neg_mul a (Nat.rawCast 2)
                                          (Mathlib.Tactic.Ring.Common.neg_mul x (Nat.rawCast 1)
                                            (Mathlib.Tactic.Ring.Common.neg_mul y (Nat.rawCast 1)
                                              (Mathlib.Meta.NormNum.IsInt.to_raw_eq
                                                (Mathlib.Meta.NormNum.isInt_neg (Eq.refl Neg.neg)
                                                  (Mathlib.Meta.NormNum.IsNat.to_isInt
                                                    (Mathlib.Meta.NormNum.IsNat.of_raw ℝ 2))
                                                  (Eq.refl (Int.negOfNat 2)))))))
                                        (Mathlib.Tactic.Ring.Common.neg_add
                                          (Mathlib.Tactic.Ring.Common.neg_mul a (Nat.rawCast 2)
                                            (Mathlib.Tactic.Ring.Common.neg_mul x (Nat.rawCast 2)
                                              (Mathlib.Meta.NormNum.IsInt.to_raw_eq
                                                (Mathlib.Meta.NormNum.isInt_neg (Eq.refl Neg.neg)
                                                  (Mathlib.Meta.NormNum.IsNat.to_isInt
                                                    (Mathlib.Meta.NormNum.IsNat.of_raw ℝ 1))
                                                  (Eq.refl (Int.negOfNat 1))))))
                                          (Mathlib.Tactic.Ring.Common.neg_add
                                            (Mathlib.Tactic.Ring.Common.neg_mul a (Nat.rawCast 2)
                                              (Mathlib.Tactic.Ring.Common.neg_mul y (Nat.rawCast 2)
                                                (Mathlib.Meta.NormNum.IsInt.to_raw_eq
                                                  (Mathlib.Meta.NormNum.isInt_neg (Eq.refl Neg.neg)
                                                    (Mathlib.Meta.NormNum.IsNat.to_isInt
                                                      (Mathlib.Meta.NormNum.IsNat.of_raw ℝ 1))
                                                    (Eq.refl (Int.negOfNat 1))))))
                                            Mathlib.Tactic.Ring.Common.neg_zero)))
                                      (Mathlib.Tactic.Ring.Common.add_pf_zero_add
                                        (a ^ Nat.rawCast 2 *
                                            (x ^ Nat.rawCast 1 * (y ^ Nat.rawCast 1 * (Int.negOfNat 2).rawCast)) +
                                          (a ^ Nat.rawCast 2 * (x ^ Nat.rawCast 2 * (Int.negOfNat 1).rawCast) +
                                            (a ^ Nat.rawCast 2 * (y ^ Nat.rawCast 2 * (Int.negOfNat 1).rawCast) +
                                              0))))))
                                  (Mathlib.Tactic.Ring.Common.add_pf_add_gt
                                    (a ^ Nat.rawCast 2 *
                                      (x ^ Nat.rawCast 1 * (y ^ Nat.rawCast 1 * (Int.negOfNat 2).rawCast)))
                                    (Mathlib.Tactic.Ring.Common.add_pf_add_gt
                                      (a ^ Nat.rawCast 2 * (x ^ Nat.rawCast 2 * (Int.negOfNat 1).rawCast))
                                      (Mathlib.Tactic.Ring.Common.add_pf_add_lt
                                        (a ^ Nat.rawCast 2 *
                                          (x ^ Nat.rawCast 2 * (y ^ Nat.rawCast 2 * (Int.negOfNat 1).rawCast)))
                                        (Mathlib.Tactic.Ring.Common.add_pf_zero_add
                                          (a ^ Nat.rawCast 2 * (y ^ Nat.rawCast 2 * (Int.negOfNat 1).rawCast) + 0))))))
                                (Mathlib.Tactic.Ring.Common.sub_congr
                                  (Mathlib.Tactic.Ring.Common.add_congr
                                    (Mathlib.Tactic.Ring.Common.add_congr
                                      (Mathlib.Tactic.Ring.Common.pow_congr
                                        (Mathlib.Tactic.Ring.Common.atom_pf a rfl
                                          (Eq.mpr
                                            (id
                                              (congrArg
                                                (fun _a => a ^ Nat.rawCast 1 * Nat.rawCast 1 = a ^ Nat.rawCast 1 * _a)
                                                (Eq.symm rfl)))
                                            (Eq.refl (a ^ Nat.rawCast 1 * Nat.rawCast 1))))
                                        (Mathlib.Tactic.Ring.cast_pos (Mathlib.Meta.NormNum.isNat_ofNat ℕ (Eq.refl 2)))
                                        (Mathlib.Tactic.Ring.Common.pow_add
                                          (Mathlib.Tactic.Ring.Common.single_pow
                                            (Mathlib.Tactic.Ring.Common.mul_pow_mul
                                              (Mathlib.Meta.NormNum.IsNat.to_raw_eq
                                                (Mathlib.Meta.NormNum.isNat_mul (Eq.refl HMul.hMul)
                                                  (Mathlib.Meta.NormNum.IsNat.of_raw ℕ 1)
                                                  (Mathlib.Meta.NormNum.IsNat.of_raw ℕ 2) (Eq.refl 2)))
                                              (Mathlib.Tactic.Ring.Common.one_pow (Nat.rawCast 2) { out := rfl })
                                              (Eq.mpr
                                                (id
                                                  (congrArg
                                                    (fun _a =>
                                                      a ^ Nat.rawCast 2 * Nat.rawCast 1 = a ^ Nat.rawCast 2 * _a)
                                                    (Eq.symm rfl)))
                                                (Eq.refl (a ^ Nat.rawCast 2 * Nat.rawCast 1)))
                                              (Mathlib.Tactic.Ring.Common.mul_pf_left a (Nat.rawCast 2)
                                                (Mathlib.Meta.NormNum.IsNat.to_raw_eq
                                                  (Mathlib.Meta.NormNum.isNat_mul (Eq.refl HMul.hMul)
                                                    (Mathlib.Meta.NormNum.IsNat.of_raw ℝ 1)
                                                    (Mathlib.Meta.NormNum.IsNat.of_raw ℝ 1) (Eq.refl 1))))))
                                          (Mathlib.Tactic.Ring.Common.pow_zero (a ^ Nat.rawCast 1 * Nat.rawCast 1 + 0)
                                            rfl)
                                          (Mathlib.Tactic.Ring.Common.add_mul
                                            (Mathlib.Tactic.Ring.Common.mul_add
                                              (Mathlib.Tactic.Ring.Common.mul_pf_left a (Nat.rawCast 2)
                                                (Mathlib.Meta.NormNum.IsNat.to_raw_eq
                                                  (Mathlib.Meta.NormNum.isNat_mul (Eq.refl HMul.hMul)
                                                    (Mathlib.Meta.NormNum.IsNat.of_raw ℝ 1)
                                                    (Mathlib.Meta.NormNum.IsNat.of_raw ℝ 1) (Eq.refl 1))))
                                              (Mathlib.Tactic.Ring.Common.mul_zero (a ^ Nat.rawCast 2 * Nat.rawCast 1))
                                              (Mathlib.Tactic.Ring.Common.add_pf_add_zero
                                                (a ^ Nat.rawCast 2 * Nat.rawCast 1 + 0)))
                                            (Mathlib.Tactic.Ring.Common.zero_mul (Nat.rawCast 1 + 0))
                                            (Mathlib.Tactic.Ring.Common.add_pf_add_zero
                                              (a ^ Nat.rawCast 2 * Nat.rawCast 1 + 0)))))
                                      (Mathlib.Tactic.Ring.Common.pow_congr
                                        (Mathlib.Tactic.Ring.Common.mul_congr
                                          (Mathlib.Tactic.Ring.Common.neg_congr
                                            (Mathlib.Tactic.Ring.Common.atom_pf a rfl
                                              (Eq.mpr
                                                (id
                                                  (congrArg
                                                    (fun _a =>
                                                      a ^ Nat.rawCast 1 * Nat.rawCast 1 = a ^ Nat.rawCast 1 * _a)
                                                    (Eq.symm rfl)))
                                                (Eq.refl (a ^ Nat.rawCast 1 * Nat.rawCast 1))))
                                            (Mathlib.Tactic.Ring.Common.neg_add
                                              (Mathlib.Tactic.Ring.Common.neg_mul a (Nat.rawCast 1)
                                                (Mathlib.Meta.NormNum.IsInt.to_raw_eq
                                                  (Mathlib.Meta.NormNum.isInt_neg (Eq.refl Neg.neg)
                                                    (Mathlib.Meta.NormNum.IsNat.to_isInt
                                                      (Mathlib.Meta.NormNum.IsNat.of_raw ℝ 1))
                                                    (Eq.refl (Int.negOfNat 1)))))
                                              Mathlib.Tactic.Ring.Common.neg_zero))
                                          (Mathlib.Tactic.Ring.Common.add_congr
                                            (Mathlib.Tactic.Ring.Common.atom_pf x rfl
                                              (Eq.mpr
                                                (id
                                                  (congrArg
                                                    (fun _a =>
                                                      x ^ Nat.rawCast 1 * Nat.rawCast 1 = x ^ Nat.rawCast 1 * _a)
                                                    (Eq.symm rfl)))
                                                (Eq.refl (x ^ Nat.rawCast 1 * Nat.rawCast 1))))
                                            (Mathlib.Tactic.Ring.Common.atom_pf y rfl
                                              (Eq.mpr
                                                (id
                                                  (congrArg
                                                    (fun _a =>
                                                      y ^ Nat.rawCast 1 * Nat.rawCast 1 = y ^ Nat.rawCast 1 * _a)
                                                    (Eq.symm rfl)))
                                                (Eq.refl (y ^ Nat.rawCast 1 * Nat.rawCast 1))))
                                            (Mathlib.Tactic.Ring.Common.add_pf_add_lt
                                              (x ^ Nat.rawCast 1 * Nat.rawCast 1)
                                              (Mathlib.Tactic.Ring.Common.add_pf_zero_add
                                                (y ^ Nat.rawCast 1 * Nat.rawCast 1 + 0))))
                                          (Mathlib.Tactic.Ring.Common.add_mul
                                            (Mathlib.Tactic.Ring.Common.mul_add
                                              (Mathlib.Tactic.Ring.Common.mul_pf_left a (Nat.rawCast 1)
                                                (Mathlib.Tactic.Ring.Common.mul_pf_right x (Nat.rawCast 1)
                                                  (Mathlib.Meta.NormNum.IsInt.to_raw_eq
                                                    (Mathlib.Meta.NormNum.isInt_mul (Eq.refl HMul.hMul)
                                                      (Mathlib.Meta.NormNum.IsInt.of_raw ℝ (Int.negOfNat 1))
                                                      (Mathlib.Meta.NormNum.IsNat.to_isInt
                                                        (Mathlib.Meta.NormNum.IsNat.of_raw ℝ 1))
                                                      (Eq.refl (Int.negOfNat 1))))))
                                              (Mathlib.Tactic.Ring.Common.mul_add
                                                (Mathlib.Tactic.Ring.Common.mul_pf_left a (Nat.rawCast 1)
                                                  (Mathlib.Tactic.Ring.Common.mul_pf_right y (Nat.rawCast 1)
                                                    (Mathlib.Meta.NormNum.IsInt.to_raw_eq
                                                      (Mathlib.Meta.NormNum.isInt_mul (Eq.refl HMul.hMul)
                                                        (Mathlib.Meta.NormNum.IsInt.of_raw ℝ (Int.negOfNat 1))
                                                        (Mathlib.Meta.NormNum.IsNat.to_isInt
                                                          (Mathlib.Meta.NormNum.IsNat.of_raw ℝ 1))
                                                        (Eq.refl (Int.negOfNat 1))))))
                                                (Mathlib.Tactic.Ring.Common.mul_zero
                                                  (a ^ Nat.rawCast 1 * (Int.negOfNat 1).rawCast))
                                                (Mathlib.Tactic.Ring.Common.add_pf_add_zero
                                                  (a ^ Nat.rawCast 1 * (y ^ Nat.rawCast 1 * (Int.negOfNat 1).rawCast) +
                                                    0)))
                                              (Mathlib.Tactic.Ring.Common.add_pf_add_lt
                                                (a ^ Nat.rawCast 1 * (x ^ Nat.rawCast 1 * (Int.negOfNat 1).rawCast))
                                                (Mathlib.Tactic.Ring.Common.add_pf_zero_add
                                                  (a ^ Nat.rawCast 1 * (y ^ Nat.rawCast 1 * (Int.negOfNat 1).rawCast) +
                                                    0))))
                                            (Mathlib.Tactic.Ring.Common.zero_mul
                                              (x ^ Nat.rawCast 1 * Nat.rawCast 1 +
                                                (y ^ Nat.rawCast 1 * Nat.rawCast 1 + 0)))
                                            (Mathlib.Tactic.Ring.Common.add_pf_add_zero
                                              (a ^ Nat.rawCast 1 * (x ^ Nat.rawCast 1 * (Int.negOfNat 1).rawCast) +
                                                (a ^ Nat.rawCast 1 * (y ^ Nat.rawCast 1 * (Int.negOfNat 1).rawCast) +
                                                  0)))))
                                        (Mathlib.Tactic.Ring.cast_pos (Mathlib.Meta.NormNum.isNat_ofNat ℕ (Eq.refl 2)))
                                        (Mathlib.Tactic.Ring.Common.pow_add
                                          (Mathlib.Tactic.Ring.Common.pow_nat
                                            (Mathlib.Tactic.Ring.Common.coeff_one 2 rfl)
                                            (Mathlib.Tactic.Ring.Common.pow_one_cast_of_isNat
                                              (a ^ Nat.rawCast 1 * (x ^ Nat.rawCast 1 * (Int.negOfNat 1).rawCast) +
                                                (a ^ Nat.rawCast 1 * (y ^ Nat.rawCast 1 * (Int.negOfNat 1).rawCast) +
                                                  0))
                                              (Nat.rawCast 1) { out := rfl })
                                            (Mathlib.Tactic.Ring.Common.pow_bit0
                                              (Mathlib.Tactic.Ring.Common.pow_one
                                                (a ^ Nat.rawCast 1 * (x ^ Nat.rawCast 1 * (Int.negOfNat 1).rawCast) +
                                                  (a ^ Nat.rawCast 1 * (y ^ Nat.rawCast 1 * (Int.negOfNat 1).rawCast) +
                                                    0)))
                                              (Mathlib.Tactic.Ring.Common.add_mul
                                                (Mathlib.Tactic.Ring.Common.mul_add
                                                  (Mathlib.Tactic.Ring.Common.mul_pp_pf_overlap a
                                                    (Mathlib.Meta.NormNum.IsNat.to_raw_eq
                                                      (Mathlib.Meta.NormNum.isNat_add (Eq.refl HAdd.hAdd)
                                                        (Mathlib.Meta.NormNum.IsNat.of_raw ℕ 1)
                                                        (Mathlib.Meta.NormNum.IsNat.of_raw ℕ 1) (Eq.refl 2)))
                                                    (Mathlib.Tactic.Ring.Common.mul_pp_pf_overlap x
                                                      (Mathlib.Meta.NormNum.IsNat.to_raw_eq
                                                        (Mathlib.Meta.NormNum.isNat_add (Eq.refl HAdd.hAdd)
                                                          (Mathlib.Meta.NormNum.IsNat.of_raw ℕ 1)
                                                          (Mathlib.Meta.NormNum.IsNat.of_raw ℕ 1) (Eq.refl 2)))
                                                      (Mathlib.Meta.NormNum.IsNat.to_raw_eq
                                                        (Mathlib.Meta.NormNum.IsInt.to_isNat
                                                          (Mathlib.Meta.NormNum.isInt_mul (Eq.refl HMul.hMul)
                                                            (Mathlib.Meta.NormNum.IsInt.of_raw ℝ (Int.negOfNat 1))
                                                            (Mathlib.Meta.NormNum.IsInt.of_raw ℝ (Int.negOfNat 1))
                                                            (Eq.refl (Int.ofNat 1)))))))
                                                  (Mathlib.Tactic.Ring.Common.mul_add
                                                    (Mathlib.Tactic.Ring.Common.mul_pp_pf_overlap a
                                                      (Mathlib.Meta.NormNum.IsNat.to_raw_eq
                                                        (Mathlib.Meta.NormNum.isNat_add (Eq.refl HAdd.hAdd)
                                                          (Mathlib.Meta.NormNum.IsNat.of_raw ℕ 1)
                                                          (Mathlib.Meta.NormNum.IsNat.of_raw ℕ 1) (Eq.refl 2)))
                                                      (Mathlib.Tactic.Ring.Common.mul_pf_left x (Nat.rawCast 1)
                                                        (Mathlib.Tactic.Ring.Common.mul_pf_right y (Nat.rawCast 1)
                                                          (Mathlib.Meta.NormNum.IsNat.to_raw_eq
                                                            (Mathlib.Meta.NormNum.IsInt.to_isNat
                                                              (Mathlib.Meta.NormNum.isInt_mul (Eq.refl HMul.hMul)
                                                                (Mathlib.Meta.NormNum.IsInt.of_raw ℝ (Int.negOfNat 1))
                                                                (Mathlib.Meta.NormNum.IsInt.of_raw ℝ (Int.negOfNat 1))
                                                                (Eq.refl (Int.ofNat 1))))))))
                                                    (Mathlib.Tactic.Ring.Common.mul_zero
                                                      (a ^ Nat.rawCast 1 *
                                                        (x ^ Nat.rawCast 1 * (Int.negOfNat 1).rawCast)))
                                                    (Mathlib.Tactic.Ring.Common.add_pf_add_zero
                                                      (a ^ Nat.rawCast 2 *
                                                          (x ^ Nat.rawCast 1 * (y ^ Nat.rawCast 1 * Nat.rawCast 1)) +
                                                        0)))
                                                  (Mathlib.Tactic.Ring.Common.add_pf_add_gt
                                                    (a ^ Nat.rawCast 2 *
                                                      (x ^ Nat.rawCast 1 * (y ^ Nat.rawCast 1 * Nat.rawCast 1)))
                                                    (Mathlib.Tactic.Ring.Common.add_pf_add_zero
                                                      (a ^ Nat.rawCast 2 * (x ^ Nat.rawCast 2 * Nat.rawCast 1) + 0))))
                                                (Mathlib.Tactic.Ring.Common.add_mul
                                                  (Mathlib.Tactic.Ring.Common.mul_add
                                                    (Mathlib.Tactic.Ring.Common.mul_pp_pf_overlap a
                                                      (Mathlib.Meta.NormNum.IsNat.to_raw_eq
                                                        (Mathlib.Meta.NormNum.isNat_add (Eq.refl HAdd.hAdd)
                                                          (Mathlib.Meta.NormNum.IsNat.of_raw ℕ 1)
                                                          (Mathlib.Meta.NormNum.IsNat.of_raw ℕ 1) (Eq.refl 2)))
                                                      (Mathlib.Tactic.Ring.Common.mul_pf_right x (Nat.rawCast 1)
                                                        (Mathlib.Tactic.Ring.Common.mul_pf_left y (Nat.rawCast 1)
                                                          (Mathlib.Meta.NormNum.IsNat.to_raw_eq
                                                            (Mathlib.Meta.NormNum.IsInt.to_isNat
                                                              (Mathlib.Meta.NormNum.isInt_mul (Eq.refl HMul.hMul)
                                                                (Mathlib.Meta.NormNum.IsInt.of_raw ℝ (Int.negOfNat 1))
                                                                (Mathlib.Meta.NormNum.IsInt.of_raw ℝ (Int.negOfNat 1))
                                                                (Eq.refl (Int.ofNat 1))))))))
                                                    (Mathlib.Tactic.Ring.Common.mul_add
                                                      (Mathlib.Tactic.Ring.Common.mul_pp_pf_overlap a
                                                        (Mathlib.Meta.NormNum.IsNat.to_raw_eq
                                                          (Mathlib.Meta.NormNum.isNat_add (Eq.refl HAdd.hAdd)
                                                            (Mathlib.Meta.NormNum.IsNat.of_raw ℕ 1)
                                                            (Mathlib.Meta.NormNum.IsNat.of_raw ℕ 1) (Eq.refl 2)))
                                                        (Mathlib.Tactic.Ring.Common.mul_pp_pf_overlap y
                                                          (Mathlib.Meta.NormNum.IsNat.to_raw_eq
                                                            (Mathlib.Meta.NormNum.isNat_add (Eq.refl HAdd.hAdd)
                                                              (Mathlib.Meta.NormNum.IsNat.of_raw ℕ 1)
                                                              (Mathlib.Meta.NormNum.IsNat.of_raw ℕ 1) (Eq.refl 2)))
                                                          (Mathlib.Meta.NormNum.IsNat.to_raw_eq
                                                            (Mathlib.Meta.NormNum.IsInt.to_isNat
                                                              (Mathlib.Meta.NormNum.isInt_mul (Eq.refl HMul.hMul)
                                                                (Mathlib.Meta.NormNum.IsInt.of_raw ℝ (Int.negOfNat 1))
                                                                (Mathlib.Meta.NormNum.IsInt.of_raw ℝ (Int.negOfNat 1))
                                                                (Eq.refl (Int.ofNat 1)))))))
                                                      (Mathlib.Tactic.Ring.Common.mul_zero
                                                        (a ^ Nat.rawCast 1 *
                                                          (y ^ Nat.rawCast 1 * (Int.negOfNat 1).rawCast)))
                                                      (Mathlib.Tactic.Ring.Common.add_pf_add_zero
                                                        (a ^ Nat.rawCast 2 * (y ^ Nat.rawCast 2 * Nat.rawCast 1) + 0)))
                                                    (Mathlib.Tactic.Ring.Common.add_pf_add_lt
                                                      (a ^ Nat.rawCast 2 *
                                                        (x ^ Nat.rawCast 1 * (y ^ Nat.rawCast 1 * Nat.rawCast 1)))
                                                      (Mathlib.Tactic.Ring.Common.add_pf_zero_add
                                                        (a ^ Nat.rawCast 2 * (y ^ Nat.rawCast 2 * Nat.rawCast 1) + 0))))
                                                  (Mathlib.Tactic.Ring.Common.zero_mul
                                                    (a ^ Nat.rawCast 1 *
                                                        (x ^ Nat.rawCast 1 * (Int.negOfNat 1).rawCast) +
                                                      (a ^ Nat.rawCast 1 *
                                                          (y ^ Nat.rawCast 1 * (Int.negOfNat 1).rawCast) +
                                                        0)))
                                                  (Mathlib.Tactic.Ring.Common.add_pf_add_zero
                                                    (a ^ Nat.rawCast 2 *
                                                        (x ^ Nat.rawCast 1 * (y ^ Nat.rawCast 1 * Nat.rawCast 1)) +
                                                      (a ^ Nat.rawCast 2 * (y ^ Nat.rawCast 2 * Nat.rawCast 1) + 0))))
                                                (Mathlib.Tactic.Ring.Common.add_pf_add_overlap
                                                  (Mathlib.Tactic.Ring.Common.add_overlap_pf a (Nat.rawCast 2)
                                                    (Mathlib.Tactic.Ring.Common.add_overlap_pf x (Nat.rawCast 1)
                                                      (Mathlib.Tactic.Ring.Common.add_overlap_pf y (Nat.rawCast 1)
                                                        (Mathlib.Meta.NormNum.IsNat.to_raw_eq
                                                          (Mathlib.Meta.NormNum.isNat_add (Eq.refl HAdd.hAdd)
                                                            (Mathlib.Meta.NormNum.IsNat.of_raw ℝ 1)
                                                            (Mathlib.Meta.NormNum.IsNat.of_raw ℝ 1) (Eq.refl 2))))))
                                                  (Mathlib.Tactic.Ring.Common.add_pf_add_lt
                                                    (a ^ Nat.rawCast 2 * (x ^ Nat.rawCast 2 * Nat.rawCast 1))
                                                    (Mathlib.Tactic.Ring.Common.add_pf_zero_add
                                                      (a ^ Nat.rawCast 2 * (y ^ Nat.rawCast 2 * Nat.rawCast 1) +
                                                        0)))))))
                                          (Mathlib.Tactic.Ring.Common.pow_zero
                                            (a ^ Nat.rawCast 1 * (x ^ Nat.rawCast 1 * (Int.negOfNat 1).rawCast) +
                                              (a ^ Nat.rawCast 1 * (y ^ Nat.rawCast 1 * (Int.negOfNat 1).rawCast) + 0))
                                            rfl)
                                          (Mathlib.Tactic.Ring.Common.add_mul
                                            (Mathlib.Tactic.Ring.Common.mul_add
                                              (Mathlib.Tactic.Ring.Common.mul_pf_left a (Nat.rawCast 2)
                                                (Mathlib.Tactic.Ring.Common.mul_pf_left x (Nat.rawCast 1)
                                                  (Mathlib.Tactic.Ring.Common.mul_pf_left y (Nat.rawCast 1)
                                                    (Mathlib.Meta.NormNum.IsNat.to_raw_eq
                                                      (Mathlib.Meta.NormNum.isNat_mul (Eq.refl HMul.hMul)
                                                        (Mathlib.Meta.NormNum.IsNat.of_raw ℝ 2)
                                                        (Mathlib.Meta.NormNum.IsNat.of_raw ℝ 1) (Eq.refl 2))))))
                                              (Mathlib.Tactic.Ring.Common.mul_zero
                                                (a ^ Nat.rawCast 2 *
                                                  (x ^ Nat.rawCast 1 * (y ^ Nat.rawCast 1 * Nat.rawCast 2))))
                                              (Mathlib.Tactic.Ring.Common.add_pf_add_zero
                                                (a ^ Nat.rawCast 2 *
                                                    (x ^ Nat.rawCast 1 * (y ^ Nat.rawCast 1 * Nat.rawCast 2)) +
                                                  0)))
                                            (Mathlib.Tactic.Ring.Common.add_mul
                                              (Mathlib.Tactic.Ring.Common.mul_add
                                                (Mathlib.Tactic.Ring.Common.mul_pf_left a (Nat.rawCast 2)
                                                  (Mathlib.Tactic.Ring.Common.mul_pf_left x (Nat.rawCast 2)
                                                    (Mathlib.Meta.NormNum.IsNat.to_raw_eq
                                                      (Mathlib.Meta.NormNum.isNat_mul (Eq.refl HMul.hMul)
                                                        (Mathlib.Meta.NormNum.IsNat.of_raw ℝ 1)
                                                        (Mathlib.Meta.NormNum.IsNat.of_raw ℝ 1) (Eq.refl 1)))))
                                                (Mathlib.Tactic.Ring.Common.mul_zero
                                                  (a ^ Nat.rawCast 2 * (x ^ Nat.rawCast 2 * Nat.rawCast 1)))
                                                (Mathlib.Tactic.Ring.Common.add_pf_add_zero
                                                  (a ^ Nat.rawCast 2 * (x ^ Nat.rawCast 2 * Nat.rawCast 1) + 0)))
                                              (Mathlib.Tactic.Ring.Common.add_mul
                                                (Mathlib.Tactic.Ring.Common.mul_add
                                                  (Mathlib.Tactic.Ring.Common.mul_pf_left a (Nat.rawCast 2)
                                                    (Mathlib.Tactic.Ring.Common.mul_pf_left y (Nat.rawCast 2)
                                                      (Mathlib.Meta.NormNum.IsNat.to_raw_eq
                                                        (Mathlib.Meta.NormNum.isNat_mul (Eq.refl HMul.hMul)
                                                          (Mathlib.Meta.NormNum.IsNat.of_raw ℝ 1)
                                                          (Mathlib.Meta.NormNum.IsNat.of_raw ℝ 1) (Eq.refl 1)))))
                                                  (Mathlib.Tactic.Ring.Common.mul_zero
                                                    (a ^ Nat.rawCast 2 * (y ^ Nat.rawCast 2 * Nat.rawCast 1)))
                                                  (Mathlib.Tactic.Ring.Common.add_pf_add_zero
                                                    (a ^ Nat.rawCast 2 * (y ^ Nat.rawCast 2 * Nat.rawCast 1) + 0)))
                                                (Mathlib.Tactic.Ring.Common.zero_mul (Nat.rawCast 1 + 0))
                                                (Mathlib.Tactic.Ring.Common.add_pf_add_zero
                                                  (a ^ Nat.rawCast 2 * (y ^ Nat.rawCast 2 * Nat.rawCast 1) + 0)))
                                              (Mathlib.Tactic.Ring.Common.add_pf_add_lt
                                                (a ^ Nat.rawCast 2 * (x ^ Nat.rawCast 2 * Nat.rawCast 1))
                                                (Mathlib.Tactic.Ring.Common.add_pf_zero_add
                                                  (a ^ Nat.rawCast 2 * (y ^ Nat.rawCast 2 * Nat.rawCast 1) + 0))))
                                            (Mathlib.Tactic.Ring.Common.add_pf_add_lt
                                              (a ^ Nat.rawCast 2 *
                                                (x ^ Nat.rawCast 1 * (y ^ Nat.rawCast 1 * Nat.rawCast 2)))
                                              (Mathlib.Tactic.Ring.Common.add_pf_zero_add
                                                (a ^ Nat.rawCast 2 * (x ^ Nat.rawCast 2 * Nat.rawCast 1) +
                                                  (a ^ Nat.rawCast 2 * (y ^ Nat.rawCast 2 * Nat.rawCast 1) + 0)))))))
                                      (Mathlib.Tactic.Ring.Common.add_pf_add_lt (a ^ Nat.rawCast 2 * Nat.rawCast 1)
                                        (Mathlib.Tactic.Ring.Common.add_pf_zero_add
                                          (a ^ Nat.rawCast 2 *
                                              (x ^ Nat.rawCast 1 * (y ^ Nat.rawCast 1 * Nat.rawCast 2)) +
                                            (a ^ Nat.rawCast 2 * (x ^ Nat.rawCast 2 * Nat.rawCast 1) +
                                              (a ^ Nat.rawCast 2 * (y ^ Nat.rawCast 2 * Nat.rawCast 1) + 0))))))
                                    (Mathlib.Tactic.Ring.Common.pow_congr
                                      (Mathlib.Tactic.Ring.Common.mul_congr
                                        (Mathlib.Tactic.Ring.Common.mul_congr
                                          (Mathlib.Tactic.Ring.Common.atom_pf a rfl
                                            (Eq.mpr
                                              (id
                                                (congrArg
                                                  (fun _a => a ^ Nat.rawCast 1 * Nat.rawCast 1 = a ^ Nat.rawCast 1 * _a)
                                                  (Eq.symm rfl)))
                                              (Eq.refl (a ^ Nat.rawCast 1 * Nat.rawCast 1))))
                                          (Mathlib.Tactic.Ring.Common.atom_pf x rfl
                                            (Eq.mpr
                                              (id
                                                (congrArg
                                                  (fun _a => x ^ Nat.rawCast 1 * Nat.rawCast 1 = x ^ Nat.rawCast 1 * _a)
                                                  (Eq.symm rfl)))
                                              (Eq.refl (x ^ Nat.rawCast 1 * Nat.rawCast 1))))
                                          (Mathlib.Tactic.Ring.Common.add_mul
                                            (Mathlib.Tactic.Ring.Common.mul_add
                                              (Mathlib.Tactic.Ring.Common.mul_pf_left a (Nat.rawCast 1)
                                                (Mathlib.Tactic.Ring.Common.mul_pf_right x (Nat.rawCast 1)
                                                  (Mathlib.Meta.NormNum.IsNat.to_raw_eq
                                                    (Mathlib.Meta.NormNum.isNat_mul (Eq.refl HMul.hMul)
                                                      (Mathlib.Meta.NormNum.IsNat.of_raw ℝ 1)
                                                      (Mathlib.Meta.NormNum.IsNat.of_raw ℝ 1) (Eq.refl 1)))))
                                              (Mathlib.Tactic.Ring.Common.mul_zero (a ^ Nat.rawCast 1 * Nat.rawCast 1))
                                              (Mathlib.Tactic.Ring.Common.add_pf_add_zero
                                                (a ^ Nat.rawCast 1 * (x ^ Nat.rawCast 1 * Nat.rawCast 1) + 0)))
                                            (Mathlib.Tactic.Ring.Common.zero_mul
                                              (x ^ Nat.rawCast 1 * Nat.rawCast 1 + 0))
                                            (Mathlib.Tactic.Ring.Common.add_pf_add_zero
                                              (a ^ Nat.rawCast 1 * (x ^ Nat.rawCast 1 * Nat.rawCast 1) + 0))))
                                        (Mathlib.Tactic.Ring.Common.atom_pf y rfl
                                          (Eq.mpr
                                            (id
                                              (congrArg
                                                (fun _a => y ^ Nat.rawCast 1 * Nat.rawCast 1 = y ^ Nat.rawCast 1 * _a)
                                                (Eq.symm rfl)))
                                            (Eq.refl (y ^ Nat.rawCast 1 * Nat.rawCast 1))))
                                        (Mathlib.Tactic.Ring.Common.add_mul
                                          (Mathlib.Tactic.Ring.Common.mul_add
                                            (Mathlib.Tactic.Ring.Common.mul_pf_left a (Nat.rawCast 1)
                                              (Mathlib.Tactic.Ring.Common.mul_pf_left x (Nat.rawCast 1)
                                                (Mathlib.Tactic.Ring.Common.mul_pf_right y (Nat.rawCast 1)
                                                  (Mathlib.Meta.NormNum.IsNat.to_raw_eq
                                                    (Mathlib.Meta.NormNum.isNat_mul (Eq.refl HMul.hMul)
                                                      (Mathlib.Meta.NormNum.IsNat.of_raw ℝ 1)
                                                      (Mathlib.Meta.NormNum.IsNat.of_raw ℝ 1) (Eq.refl 1))))))
                                            (Mathlib.Tactic.Ring.Common.mul_zero
                                              (a ^ Nat.rawCast 1 * (x ^ Nat.rawCast 1 * Nat.rawCast 1)))
                                            (Mathlib.Tactic.Ring.Common.add_pf_add_zero
                                              (a ^ Nat.rawCast 1 *
                                                  (x ^ Nat.rawCast 1 * (y ^ Nat.rawCast 1 * Nat.rawCast 1)) +
                                                0)))
                                          (Mathlib.Tactic.Ring.Common.zero_mul (y ^ Nat.rawCast 1 * Nat.rawCast 1 + 0))
                                          (Mathlib.Tactic.Ring.Common.add_pf_add_zero
                                            (a ^ Nat.rawCast 1 *
                                                (x ^ Nat.rawCast 1 * (y ^ Nat.rawCast 1 * Nat.rawCast 1)) +
                                              0))))
                                      (Mathlib.Tactic.Ring.cast_pos (Mathlib.Meta.NormNum.isNat_ofNat ℕ (Eq.refl 2)))
                                      (Mathlib.Tactic.Ring.Common.pow_add
                                        (Mathlib.Tactic.Ring.Common.single_pow
                                          (Mathlib.Tactic.Ring.Common.mul_pow_mul
                                            (Mathlib.Meta.NormNum.IsNat.to_raw_eq
                                              (Mathlib.Meta.NormNum.isNat_mul (Eq.refl HMul.hMul)
                                                (Mathlib.Meta.NormNum.IsNat.of_raw ℕ 1)
                                                (Mathlib.Meta.NormNum.IsNat.of_raw ℕ 2) (Eq.refl 2)))
                                            (Mathlib.Tactic.Ring.Common.mul_pow_mul
                                              (Mathlib.Meta.NormNum.IsNat.to_raw_eq
                                                (Mathlib.Meta.NormNum.isNat_mul (Eq.refl HMul.hMul)
                                                  (Mathlib.Meta.NormNum.IsNat.of_raw ℕ 1)
                                                  (Mathlib.Meta.NormNum.IsNat.of_raw ℕ 2) (Eq.refl 2)))
                                              (Mathlib.Tactic.Ring.Common.mul_pow_mul
                                                (Mathlib.Meta.NormNum.IsNat.to_raw_eq
                                                  (Mathlib.Meta.NormNum.isNat_mul (Eq.refl HMul.hMul)
                                                    (Mathlib.Meta.NormNum.IsNat.of_raw ℕ 1)
                                                    (Mathlib.Meta.NormNum.IsNat.of_raw ℕ 2) (Eq.refl 2)))
                                                (Mathlib.Tactic.Ring.Common.one_pow (Nat.rawCast 2) { out := rfl })
                                                (Eq.mpr
                                                  (id
                                                    (congrArg
                                                      (fun _a =>
                                                        y ^ Nat.rawCast 2 * Nat.rawCast 1 = y ^ Nat.rawCast 2 * _a)
                                                      (Eq.symm rfl)))
                                                  (Eq.refl (y ^ Nat.rawCast 2 * Nat.rawCast 1)))
                                                (Mathlib.Tactic.Ring.Common.mul_pf_left y (Nat.rawCast 2)
                                                  (Mathlib.Meta.NormNum.IsNat.to_raw_eq
                                                    (Mathlib.Meta.NormNum.isNat_mul (Eq.refl HMul.hMul)
                                                      (Mathlib.Meta.NormNum.IsNat.of_raw ℝ 1)
                                                      (Mathlib.Meta.NormNum.IsNat.of_raw ℝ 1) (Eq.refl 1)))))
                                              (Eq.mpr
                                                (id
                                                  (congrArg
                                                    (fun _a =>
                                                      x ^ Nat.rawCast 2 * Nat.rawCast 1 = x ^ Nat.rawCast 2 * _a)
                                                    (Eq.symm rfl)))
                                                (Eq.refl (x ^ Nat.rawCast 2 * Nat.rawCast 1)))
                                              (Mathlib.Tactic.Ring.Common.mul_pf_left x (Nat.rawCast 2)
                                                (Mathlib.Tactic.Ring.Common.mul_pf_right y (Nat.rawCast 2)
                                                  (Mathlib.Meta.NormNum.IsNat.to_raw_eq
                                                    (Mathlib.Meta.NormNum.isNat_mul (Eq.refl HMul.hMul)
                                                      (Mathlib.Meta.NormNum.IsNat.of_raw ℝ 1)
                                                      (Mathlib.Meta.NormNum.IsNat.of_raw ℝ 1) (Eq.refl 1))))))
                                            (Eq.mpr
                                              (id
                                                (congrArg
                                                  (fun _a => a ^ Nat.rawCast 2 * Nat.rawCast 1 = a ^ Nat.rawCast 2 * _a)
                                                  (Eq.symm rfl)))
                                              (Eq.refl (a ^ Nat.rawCast 2 * Nat.rawCast 1)))
                                            (Mathlib.Tactic.Ring.Common.mul_pf_left a (Nat.rawCast 2)
                                              (Mathlib.Tactic.Ring.Common.mul_pf_right x (Nat.rawCast 2)
                                                (Mathlib.Tactic.Ring.Common.mul_pf_right y (Nat.rawCast 2)
                                                  (Mathlib.Meta.NormNum.IsNat.to_raw_eq
                                                    (Mathlib.Meta.NormNum.isNat_mul (Eq.refl HMul.hMul)
                                                      (Mathlib.Meta.NormNum.IsNat.of_raw ℝ 1)
                                                      (Mathlib.Meta.NormNum.IsNat.of_raw ℝ 1) (Eq.refl 1))))))))
                                        (Mathlib.Tactic.Ring.Common.pow_zero
                                          (a ^ Nat.rawCast 1 *
                                              (x ^ Nat.rawCast 1 * (y ^ Nat.rawCast 1 * Nat.rawCast 1)) +
                                            0)
                                          rfl)
                                        (Mathlib.Tactic.Ring.Common.add_mul
                                          (Mathlib.Tactic.Ring.Common.mul_add
                                            (Mathlib.Tactic.Ring.Common.mul_pf_left a (Nat.rawCast 2)
                                              (Mathlib.Tactic.Ring.Common.mul_pf_left x (Nat.rawCast 2)
                                                (Mathlib.Tactic.Ring.Common.mul_pf_left y (Nat.rawCast 2)
                                                  (Mathlib.Meta.NormNum.IsNat.to_raw_eq
                                                    (Mathlib.Meta.NormNum.isNat_mul (Eq.refl HMul.hMul)
                                                      (Mathlib.Meta.NormNum.IsNat.of_raw ℝ 1)
                                                      (Mathlib.Meta.NormNum.IsNat.of_raw ℝ 1) (Eq.refl 1))))))
                                            (Mathlib.Tactic.Ring.Common.mul_zero
                                              (a ^ Nat.rawCast 2 *
                                                (x ^ Nat.rawCast 2 * (y ^ Nat.rawCast 2 * Nat.rawCast 1))))
                                            (Mathlib.Tactic.Ring.Common.add_pf_add_zero
                                              (a ^ Nat.rawCast 2 *
                                                  (x ^ Nat.rawCast 2 * (y ^ Nat.rawCast 2 * Nat.rawCast 1)) +
                                                0)))
                                          (Mathlib.Tactic.Ring.Common.zero_mul (Nat.rawCast 1 + 0))
                                          (Mathlib.Tactic.Ring.Common.add_pf_add_zero
                                            (a ^ Nat.rawCast 2 *
                                                (x ^ Nat.rawCast 2 * (y ^ Nat.rawCast 2 * Nat.rawCast 1)) +
                                              0)))))
                                    (Mathlib.Tactic.Ring.Common.add_pf_add_lt (a ^ Nat.rawCast 2 * Nat.rawCast 1)
                                      (Mathlib.Tactic.Ring.Common.add_pf_add_lt
                                        (a ^ Nat.rawCast 2 * (x ^ Nat.rawCast 1 * (y ^ Nat.rawCast 1 * Nat.rawCast 2)))
                                        (Mathlib.Tactic.Ring.Common.add_pf_add_lt
                                          (a ^ Nat.rawCast 2 * (x ^ Nat.rawCast 2 * Nat.rawCast 1))
                                          (Mathlib.Tactic.Ring.Common.add_pf_add_gt
                                            (a ^ Nat.rawCast 2 *
                                              (x ^ Nat.rawCast 2 * (y ^ Nat.rawCast 2 * Nat.rawCast 1)))
                                            (Mathlib.Tactic.Ring.Common.add_pf_add_zero
                                              (a ^ Nat.rawCast 2 * (y ^ Nat.rawCast 2 * Nat.rawCast 1) + 0)))))))
                                  (Mathlib.Tactic.Ring.Common.pow_congr
                                    (Mathlib.Tactic.Ring.Common.mul_congr
                                      (Mathlib.Tactic.Ring.Common.mul_congr
                                        (Mathlib.Tactic.Ring.Common.atom_pf a rfl
                                          (Eq.mpr
                                            (id
                                              (congrArg
                                                (fun _a => a ^ Nat.rawCast 1 * Nat.rawCast 1 = a ^ Nat.rawCast 1 * _a)
                                                (Eq.symm rfl)))
                                            (Eq.refl (a ^ Nat.rawCast 1 * Nat.rawCast 1))))
                                        (Mathlib.Tactic.Ring.cast_pos (Mathlib.Meta.NormNum.isNat_ofNat ℝ Nat.cast_one))
                                        (Mathlib.Tactic.Ring.Common.add_mul
                                          (Mathlib.Tactic.Ring.Common.mul_add
                                            (Mathlib.Tactic.Ring.Common.mul_pf_left a (Nat.rawCast 1)
                                              (Mathlib.Meta.NormNum.IsNat.to_raw_eq
                                                (Mathlib.Meta.NormNum.isNat_mul (Eq.refl HMul.hMul)
                                                  (Mathlib.Meta.NormNum.IsNat.of_raw ℝ 1)
                                                  (Mathlib.Meta.NormNum.IsNat.of_raw ℝ 1) (Eq.refl 1))))
                                            (Mathlib.Tactic.Ring.Common.mul_zero (a ^ Nat.rawCast 1 * Nat.rawCast 1))
                                            (Mathlib.Tactic.Ring.Common.add_pf_add_zero
                                              (a ^ Nat.rawCast 1 * Nat.rawCast 1 + 0)))
                                          (Mathlib.Tactic.Ring.Common.zero_mul (Nat.rawCast 1 + 0))
                                          (Mathlib.Tactic.Ring.Common.add_pf_add_zero
                                            (a ^ Nat.rawCast 1 * Nat.rawCast 1 + 0))))
                                      (Mathlib.Tactic.Ring.cast_pos (Mathlib.Meta.NormNum.isNat_ofNat ℝ Nat.cast_one))
                                      (Mathlib.Tactic.Ring.Common.add_mul
                                        (Mathlib.Tactic.Ring.Common.mul_add
                                          (Mathlib.Tactic.Ring.Common.mul_pf_left a (Nat.rawCast 1)
                                            (Mathlib.Meta.NormNum.IsNat.to_raw_eq
                                              (Mathlib.Meta.NormNum.isNat_mul (Eq.refl HMul.hMul)
                                                (Mathlib.Meta.NormNum.IsNat.of_raw ℝ 1)
                                                (Mathlib.Meta.NormNum.IsNat.of_raw ℝ 1) (Eq.refl 1))))
                                          (Mathlib.Tactic.Ring.Common.mul_zero (a ^ Nat.rawCast 1 * Nat.rawCast 1))
                                          (Mathlib.Tactic.Ring.Common.add_pf_add_zero
                                            (a ^ Nat.rawCast 1 * Nat.rawCast 1 + 0)))
                                        (Mathlib.Tactic.Ring.Common.zero_mul (Nat.rawCast 1 + 0))
                                        (Mathlib.Tactic.Ring.Common.add_pf_add_zero
                                          (a ^ Nat.rawCast 1 * Nat.rawCast 1 + 0))))
                                    (Mathlib.Tactic.Ring.cast_pos (Mathlib.Meta.NormNum.isNat_ofNat ℕ (Eq.refl 2)))
                                    (Mathlib.Tactic.Ring.Common.pow_add
                                      (Mathlib.Tactic.Ring.Common.single_pow
                                        (Mathlib.Tactic.Ring.Common.mul_pow_mul
                                          (Mathlib.Meta.NormNum.IsNat.to_raw_eq
                                            (Mathlib.Meta.NormNum.isNat_mul (Eq.refl HMul.hMul)
                                              (Mathlib.Meta.NormNum.IsNat.of_raw ℕ 1)
                                              (Mathlib.Meta.NormNum.IsNat.of_raw ℕ 2) (Eq.refl 2)))
                                          (Mathlib.Tactic.Ring.Common.one_pow (Nat.rawCast 2) { out := rfl })
                                          (Eq.mpr
                                            (id
                                              (congrArg
                                                (fun _a => a ^ Nat.rawCast 2 * Nat.rawCast 1 = a ^ Nat.rawCast 2 * _a)
                                                (Eq.symm rfl)))
                                            (Eq.refl (a ^ Nat.rawCast 2 * Nat.rawCast 1)))
                                          (Mathlib.Tactic.Ring.Common.mul_pf_left a (Nat.rawCast 2)
                                            (Mathlib.Meta.NormNum.IsNat.to_raw_eq
                                              (Mathlib.Meta.NormNum.isNat_mul (Eq.refl HMul.hMul)
                                                (Mathlib.Meta.NormNum.IsNat.of_raw ℝ 1)
                                                (Mathlib.Meta.NormNum.IsNat.of_raw ℝ 1) (Eq.refl 1))))))
                                      (Mathlib.Tactic.Ring.Common.pow_zero (a ^ Nat.rawCast 1 * Nat.rawCast 1 + 0) rfl)
                                      (Mathlib.Tactic.Ring.Common.add_mul
                                        (Mathlib.Tactic.Ring.Common.mul_add
                                          (Mathlib.Tactic.Ring.Common.mul_pf_left a (Nat.rawCast 2)
                                            (Mathlib.Meta.NormNum.IsNat.to_raw_eq
                                              (Mathlib.Meta.NormNum.isNat_mul (Eq.refl HMul.hMul)
                                                (Mathlib.Meta.NormNum.IsNat.of_raw ℝ 1)
                                                (Mathlib.Meta.NormNum.IsNat.of_raw ℝ 1) (Eq.refl 1))))
                                          (Mathlib.Tactic.Ring.Common.mul_zero (a ^ Nat.rawCast 2 * Nat.rawCast 1))
                                          (Mathlib.Tactic.Ring.Common.add_pf_add_zero
                                            (a ^ Nat.rawCast 2 * Nat.rawCast 1 + 0)))
                                        (Mathlib.Tactic.Ring.Common.zero_mul (Nat.rawCast 1 + 0))
                                        (Mathlib.Tactic.Ring.Common.add_pf_add_zero
                                          (a ^ Nat.rawCast 2 * Nat.rawCast 1 + 0)))))
                                  (Mathlib.Tactic.Ring.Common.sub_pf
                                    (Mathlib.Tactic.Ring.Common.neg_add
                                      (Mathlib.Tactic.Ring.Common.neg_mul a (Nat.rawCast 2)
                                        (Mathlib.Meta.NormNum.IsInt.to_raw_eq
                                          (Mathlib.Meta.NormNum.isInt_neg (Eq.refl Neg.neg)
                                            (Mathlib.Meta.NormNum.IsNat.to_isInt
                                              (Mathlib.Meta.NormNum.IsNat.of_raw ℝ 1))
                                            (Eq.refl (Int.negOfNat 1)))))
                                      Mathlib.Tactic.Ring.Common.neg_zero)
                                    (Mathlib.Tactic.Ring.Common.add_pf_add_overlap_zero
                                      (Mathlib.Tactic.Ring.Common.add_overlap_pf_zero a (Nat.rawCast 2)
                                        (Mathlib.Meta.NormNum.IsInt.to_isNat
                                          (Mathlib.Meta.NormNum.isInt_add (Eq.refl HAdd.hAdd)
                                            (Mathlib.Meta.NormNum.IsNat.to_isInt
                                              (Mathlib.Meta.NormNum.IsNat.of_raw ℝ 1))
                                            (Mathlib.Meta.NormNum.IsInt.of_raw ℝ (Int.negOfNat 1))
                                            (Eq.refl (Int.ofNat 0)))))
                                      (Mathlib.Tactic.Ring.Common.add_pf_add_zero
                                        (a ^ Nat.rawCast 2 * (x ^ Nat.rawCast 1 * (y ^ Nat.rawCast 1 * Nat.rawCast 2)) +
                                          (a ^ Nat.rawCast 2 * (x ^ Nat.rawCast 2 * Nat.rawCast 1) +
                                            (a ^ Nat.rawCast 2 *
                                                (x ^ Nat.rawCast 2 * (y ^ Nat.rawCast 2 * Nat.rawCast 1)) +
                                              (a ^ Nat.rawCast 2 * (y ^ Nat.rawCast 2 * Nat.rawCast 1) + 0))))))))
                                (Mathlib.Tactic.Ring.Common.add_pf_add_overlap_zero
                                  (Mathlib.Tactic.Ring.Common.add_overlap_pf_zero a (Nat.rawCast 2)
                                    (Mathlib.Tactic.Ring.Common.add_overlap_pf_zero x (Nat.rawCast 1)
                                      (Mathlib.Tactic.Ring.Common.add_overlap_pf_zero y (Nat.rawCast 1)
                                        (Mathlib.Meta.NormNum.IsInt.to_isNat
                                          (Mathlib.Meta.NormNum.isInt_add (Eq.refl HAdd.hAdd)
                                            (Mathlib.Meta.NormNum.IsInt.of_raw ℝ (Int.negOfNat 2))
                                            (Mathlib.Meta.NormNum.IsNat.to_isInt
                                              (Mathlib.Meta.NormNum.IsNat.of_raw ℝ 2))
                                            (Eq.refl (Int.ofNat 0)))))))
                                  (Mathlib.Tactic.Ring.Common.add_pf_add_overlap_zero
                                    (Mathlib.Tactic.Ring.Common.add_overlap_pf_zero a (Nat.rawCast 2)
                                      (Mathlib.Tactic.Ring.Common.add_overlap_pf_zero x (Nat.rawCast 2)
                                        (Mathlib.Meta.NormNum.IsInt.to_isNat
                                          (Mathlib.Meta.NormNum.isInt_add (Eq.refl HAdd.hAdd)
                                            (Mathlib.Meta.NormNum.IsInt.of_raw ℝ (Int.negOfNat 1))
                                            (Mathlib.Meta.NormNum.IsNat.to_isInt
                                              (Mathlib.Meta.NormNum.IsNat.of_raw ℝ 1))
                                            (Eq.refl (Int.ofNat 0))))))
                                    (Mathlib.Tactic.Ring.Common.add_pf_add_overlap_zero
                                      (Mathlib.Tactic.Ring.Common.add_overlap_pf_zero a (Nat.rawCast 2)
                                        (Mathlib.Tactic.Ring.Common.add_overlap_pf_zero x (Nat.rawCast 2)
                                          (Mathlib.Tactic.Ring.Common.add_overlap_pf_zero y (Nat.rawCast 2)
                                            (Mathlib.Meta.NormNum.IsInt.to_isNat
                                              (Mathlib.Meta.NormNum.isInt_add (Eq.refl HAdd.hAdd)
                                                (Mathlib.Meta.NormNum.IsInt.of_raw ℝ (Int.negOfNat 1))
                                                (Mathlib.Meta.NormNum.IsNat.to_isInt
                                                  (Mathlib.Meta.NormNum.IsNat.of_raw ℝ 1))
                                                (Eq.refl (Int.ofNat 0)))))))
                                      (Mathlib.Tactic.Ring.Common.add_pf_add_overlap_zero
                                        (Mathlib.Tactic.Ring.Common.add_overlap_pf_zero a (Nat.rawCast 2)
                                          (Mathlib.Tactic.Ring.Common.add_overlap_pf_zero y (Nat.rawCast 2)
                                            (Mathlib.Meta.NormNum.IsInt.to_isNat
                                              (Mathlib.Meta.NormNum.isInt_add (Eq.refl HAdd.hAdd)
                                                (Mathlib.Meta.NormNum.IsInt.of_raw ℝ (Int.negOfNat 1))
                                                (Mathlib.Meta.NormNum.IsNat.to_isInt
                                                  (Mathlib.Meta.NormNum.IsNat.of_raw ℝ 1))
                                                (Eq.refl (Int.ofNat 0))))))
                                        (Mathlib.Tactic.Ring.Common.add_pf_zero_add 0))))))
                              (Mathlib.Tactic.Ring.cast_zero (Mathlib.Meta.NormNum.isNat_ofNat ℝ Nat.cast_zero))))
                          (Mathlib.Tactic.Linarith.add_lt_of_le_of_neg
                            (Mathlib.Tactic.Linarith.add_nonpos
                              (Mathlib.Tactic.Linarith.sub_nonpos_of_le (sq_nonneg (a * x * y)))
                              (Mathlib.Tactic.Linarith.sub_nonpos_of_le (sq_nonneg (-a * (x + y)))))
                            (Mathlib.Tactic.Linarith.sub_neg_of_lt a_1))))))
              fun hy1 =>
              Eq.mpr
                (id
                  (congrArg (fun _a => (a * _a * max 1 |y|) ^ 2 ≤ a ^ 2 + (-a * (x + y)) ^ 2 + (a * x * y) ^ 2)
                    (max_eq_left hx1)))
                (Eq.mpr
                  (id
                    (congrArg (fun _a => (a * 1 * _a) ^ 2 ≤ a ^ 2 + (-a * (x + y)) ^ 2 + (a * x * y) ^ 2)
                      (max_eq_right hy1)))
                  (le_of_not_gt fun a_1 =>
                    Mathlib.Tactic.Linarith.lt_irrefl
                      (Eq.mp
                        (congrArg (fun _a => _a < 0)
                          (Mathlib.Tactic.Ring.of_eq
                            (Mathlib.Tactic.Ring.Common.add_congr
                              (Mathlib.Tactic.Ring.Common.add_congr
                                (Mathlib.Tactic.Ring.Common.add_congr
                                  (Mathlib.Tactic.Ring.Common.sub_congr
                                    (Mathlib.Tactic.Ring.cast_zero (Mathlib.Meta.NormNum.isNat_ofNat ℝ Nat.cast_zero))
                                    (Mathlib.Tactic.Ring.Common.pow_congr
                                      (Mathlib.Tactic.Ring.Common.mul_congr
                                        (Mathlib.Tactic.Ring.Common.atom_pf a rfl
                                          (Eq.mpr
                                            (id
                                              (congrArg
                                                (fun _a => a ^ Nat.rawCast 1 * Nat.rawCast 1 = a ^ Nat.rawCast 1 * _a)
                                                (Eq.symm rfl)))
                                            (Eq.refl (a ^ Nat.rawCast 1 * Nat.rawCast 1))))
                                        (Mathlib.Tactic.Ring.Common.atom_pf x rfl
                                          (Eq.mpr
                                            (id
                                              (congrArg
                                                (fun _a => x ^ Nat.rawCast 1 * Nat.rawCast 1 = x ^ Nat.rawCast 1 * _a)
                                                (Eq.symm rfl)))
                                            (Eq.refl (x ^ Nat.rawCast 1 * Nat.rawCast 1))))
                                        (Mathlib.Tactic.Ring.Common.add_mul
                                          (Mathlib.Tactic.Ring.Common.mul_add
                                            (Mathlib.Tactic.Ring.Common.mul_pf_left a (Nat.rawCast 1)
                                              (Mathlib.Tactic.Ring.Common.mul_pf_right x (Nat.rawCast 1)
                                                (Mathlib.Meta.NormNum.IsNat.to_raw_eq
                                                  (Mathlib.Meta.NormNum.isNat_mul (Eq.refl HMul.hMul)
                                                    (Mathlib.Meta.NormNum.IsNat.of_raw ℝ 1)
                                                    (Mathlib.Meta.NormNum.IsNat.of_raw ℝ 1) (Eq.refl 1)))))
                                            (Mathlib.Tactic.Ring.Common.mul_zero (a ^ Nat.rawCast 1 * Nat.rawCast 1))
                                            (Mathlib.Tactic.Ring.Common.add_pf_add_zero
                                              (a ^ Nat.rawCast 1 * (x ^ Nat.rawCast 1 * Nat.rawCast 1) + 0)))
                                          (Mathlib.Tactic.Ring.Common.zero_mul (x ^ Nat.rawCast 1 * Nat.rawCast 1 + 0))
                                          (Mathlib.Tactic.Ring.Common.add_pf_add_zero
                                            (a ^ Nat.rawCast 1 * (x ^ Nat.rawCast 1 * Nat.rawCast 1) + 0))))
                                      (Mathlib.Tactic.Ring.cast_pos (Mathlib.Meta.NormNum.isNat_ofNat ℕ (Eq.refl 2)))
                                      (Mathlib.Tactic.Ring.Common.pow_add
                                        (Mathlib.Tactic.Ring.Common.single_pow
                                          (Mathlib.Tactic.Ring.Common.mul_pow_mul
                                            (Mathlib.Meta.NormNum.IsNat.to_raw_eq
                                              (Mathlib.Meta.NormNum.isNat_mul (Eq.refl HMul.hMul)
                                                (Mathlib.Meta.NormNum.IsNat.of_raw ℕ 1)
                                                (Mathlib.Meta.NormNum.IsNat.of_raw ℕ 2) (Eq.refl 2)))
                                            (Mathlib.Tactic.Ring.Common.mul_pow_mul
                                              (Mathlib.Meta.NormNum.IsNat.to_raw_eq
                                                (Mathlib.Meta.NormNum.isNat_mul (Eq.refl HMul.hMul)
                                                  (Mathlib.Meta.NormNum.IsNat.of_raw ℕ 1)
                                                  (Mathlib.Meta.NormNum.IsNat.of_raw ℕ 2) (Eq.refl 2)))
                                              (Mathlib.Tactic.Ring.Common.one_pow (Nat.rawCast 2) { out := rfl })
                                              (Eq.mpr
                                                (id
                                                  (congrArg
                                                    (fun _a =>
                                                      x ^ Nat.rawCast 2 * Nat.rawCast 1 = x ^ Nat.rawCast 2 * _a)
                                                    (Eq.symm rfl)))
                                                (Eq.refl (x ^ Nat.rawCast 2 * Nat.rawCast 1)))
                                              (Mathlib.Tactic.Ring.Common.mul_pf_left x (Nat.rawCast 2)
                                                (Mathlib.Meta.NormNum.IsNat.to_raw_eq
                                                  (Mathlib.Meta.NormNum.isNat_mul (Eq.refl HMul.hMul)
                                                    (Mathlib.Meta.NormNum.IsNat.of_raw ℝ 1)
                                                    (Mathlib.Meta.NormNum.IsNat.of_raw ℝ 1) (Eq.refl 1)))))
                                            (Eq.mpr
                                              (id
                                                (congrArg
                                                  (fun _a => a ^ Nat.rawCast 2 * Nat.rawCast 1 = a ^ Nat.rawCast 2 * _a)
                                                  (Eq.symm rfl)))
                                              (Eq.refl (a ^ Nat.rawCast 2 * Nat.rawCast 1)))
                                            (Mathlib.Tactic.Ring.Common.mul_pf_left a (Nat.rawCast 2)
                                              (Mathlib.Tactic.Ring.Common.mul_pf_right x (Nat.rawCast 2)
                                                (Mathlib.Meta.NormNum.IsNat.to_raw_eq
                                                  (Mathlib.Meta.NormNum.isNat_mul (Eq.refl HMul.hMul)
                                                    (Mathlib.Meta.NormNum.IsNat.of_raw ℝ 1)
                                                    (Mathlib.Meta.NormNum.IsNat.of_raw ℝ 1) (Eq.refl 1)))))))
                                        (Mathlib.Tactic.Ring.Common.pow_zero
                                          (a ^ Nat.rawCast 1 * (x ^ Nat.rawCast 1 * Nat.rawCast 1) + 0) rfl)
                                        (Mathlib.Tactic.Ring.Common.add_mul
                                          (Mathlib.Tactic.Ring.Common.mul_add
                                            (Mathlib.Tactic.Ring.Common.mul_pf_left a (Nat.rawCast 2)
                                              (Mathlib.Tactic.Ring.Common.mul_pf_left x (Nat.rawCast 2)
                                                (Mathlib.Meta.NormNum.IsNat.to_raw_eq
                                                  (Mathlib.Meta.NormNum.isNat_mul (Eq.refl HMul.hMul)
                                                    (Mathlib.Meta.NormNum.IsNat.of_raw ℝ 1)
                                                    (Mathlib.Meta.NormNum.IsNat.of_raw ℝ 1) (Eq.refl 1)))))
                                            (Mathlib.Tactic.Ring.Common.mul_zero
                                              (a ^ Nat.rawCast 2 * (x ^ Nat.rawCast 2 * Nat.rawCast 1)))
                                            (Mathlib.Tactic.Ring.Common.add_pf_add_zero
                                              (a ^ Nat.rawCast 2 * (x ^ Nat.rawCast 2 * Nat.rawCast 1) + 0)))
                                          (Mathlib.Tactic.Ring.Common.zero_mul (Nat.rawCast 1 + 0))
                                          (Mathlib.Tactic.Ring.Common.add_pf_add_zero
                                            (a ^ Nat.rawCast 2 * (x ^ Nat.rawCast 2 * Nat.rawCast 1) + 0)))))
                                    (Mathlib.Tactic.Ring.Common.sub_pf
                                      (Mathlib.Tactic.Ring.Common.neg_add
                                        (Mathlib.Tactic.Ring.Common.neg_mul a (Nat.rawCast 2)
                                          (Mathlib.Tactic.Ring.Common.neg_mul x (Nat.rawCast 2)
                                            (Mathlib.Meta.NormNum.IsInt.to_raw_eq
                                              (Mathlib.Meta.NormNum.isInt_neg (Eq.refl Neg.neg)
                                                (Mathlib.Meta.NormNum.IsNat.to_isInt
                                                  (Mathlib.Meta.NormNum.IsNat.of_raw ℝ 1))
                                                (Eq.refl (Int.negOfNat 1))))))
                                        Mathlib.Tactic.Ring.Common.neg_zero)
                                      (Mathlib.Tactic.Ring.Common.add_pf_zero_add
                                        (a ^ Nat.rawCast 2 * (x ^ Nat.rawCast 2 * (Int.negOfNat 1).rawCast) + 0))))
                                  (Mathlib.Tactic.Ring.Common.sub_congr
                                    (Mathlib.Tactic.Ring.cast_zero (Mathlib.Meta.NormNum.isNat_ofNat ℝ Nat.cast_zero))
                                    (Mathlib.Tactic.Ring.Common.pow_congr
                                      (Mathlib.Tactic.Ring.Common.mul_congr
                                        (Mathlib.Tactic.Ring.Common.atom_pf a rfl
                                          (Eq.mpr
                                            (id
                                              (congrArg
                                                (fun _a => a ^ Nat.rawCast 1 * Nat.rawCast 1 = a ^ Nat.rawCast 1 * _a)
                                                (Eq.symm rfl)))
                                            (Eq.refl (a ^ Nat.rawCast 1 * Nat.rawCast 1))))
                                        (Mathlib.Tactic.Ring.Common.add_congr
                                          (Mathlib.Tactic.Ring.Common.mul_congr
                                            (Mathlib.Tactic.Ring.Common.atom_pf x rfl
                                              (Eq.mpr
                                                (id
                                                  (congrArg
                                                    (fun _a =>
                                                      x ^ Nat.rawCast 1 * Nat.rawCast 1 = x ^ Nat.rawCast 1 * _a)
                                                    (Eq.symm rfl)))
                                                (Eq.refl (x ^ Nat.rawCast 1 * Nat.rawCast 1))))
                                            (Mathlib.Tactic.Ring.Common.atom_pf y rfl
                                              (Eq.mpr
                                                (id
                                                  (congrArg
                                                    (fun _a =>
                                                      y ^ Nat.rawCast 1 * Nat.rawCast 1 = y ^ Nat.rawCast 1 * _a)
                                                    (Eq.symm rfl)))
                                                (Eq.refl (y ^ Nat.rawCast 1 * Nat.rawCast 1))))
                                            (Mathlib.Tactic.Ring.Common.add_mul
                                              (Mathlib.Tactic.Ring.Common.mul_add
                                                (Mathlib.Tactic.Ring.Common.mul_pf_left x (Nat.rawCast 1)
                                                  (Mathlib.Tactic.Ring.Common.mul_pf_right y (Nat.rawCast 1)
                                                    (Mathlib.Meta.NormNum.IsNat.to_raw_eq
                                                      (Mathlib.Meta.NormNum.isNat_mul (Eq.refl HMul.hMul)
                                                        (Mathlib.Meta.NormNum.IsNat.of_raw ℝ 1)
                                                        (Mathlib.Meta.NormNum.IsNat.of_raw ℝ 1) (Eq.refl 1)))))
                                                (Mathlib.Tactic.Ring.Common.mul_zero (x ^ Nat.rawCast ⋯ * ⋯)) ⋯)
                                              ⋯ ⋯))
                                          ⋯ ⋯)
                                        ⋯)
                                      ⋯ ⋯)
                                    ⋯)
                                  ⋯)
                                ⋯ ⋯)
                              ⋯ ⋯)
                            ⋯))
                        ⋯))))
          ⋯)
'FixedQuadratic.quadraticMahler_sq_le' depends on axioms: [propext, Classical.choice, Quot.sound]
theorem FixedQuadratic.quadraticMahler_le_l2 : ∀ (a b c x y : ℝ),
  0 ≤ a → b = -a * (x + y) → c = a * x * y → FixedQuadratic.quadraticMahler a x y ≤ √(a ^ 2 + b ^ 2 + c ^ 2) :=
fun a b c x y ha hb hc =>
  have hs := FixedQuadratic.quadraticMahler_sq_le a b c x y ha hb hc;
  have hn :=
    add_nonneg (add_nonneg (Even.pow_nonneg (even_two_mul 1) a) (Even.pow_nonneg (even_two_mul 1) b))
      (Even.pow_nonneg (even_two_mul 1) c);
  have he := Real.sq_sqrt hn;
  have hp := Real.sqrt_nonneg (a ^ 2 + b ^ 2 + c ^ 2);
  le_of_not_gt fun a_1 =>
    Mathlib.Tactic.Linarith.lt_irrefl
      (Eq.mp
        (congrArg (fun _a => _a < 0)
          (Mathlib.Tactic.Ring.of_eq
            (Mathlib.Tactic.Ring.Common.add_congr
              (Mathlib.Tactic.Ring.Common.add_congr
                (Mathlib.Tactic.Ring.Common.add_congr
                  (Mathlib.Tactic.Ring.Common.sub_congr
                    (Mathlib.Tactic.Ring.Common.pow_congr
                      (Mathlib.Tactic.Ring.Common.atom_pf (FixedQuadratic.quadraticMahler a x y) rfl
                        (Eq.mpr
                          (id
                            (congrArg
                              (fun _a =>
                                FixedQuadratic.quadraticMahler a x y ^ Nat.rawCast 1 * Nat.rawCast 1 =
                                  FixedQuadratic.quadraticMahler a x y ^ Nat.rawCast 1 * _a)
                              (Eq.symm rfl)))
                          (Eq.refl (FixedQuadratic.quadraticMahler a x y ^ Nat.rawCast 1 * Nat.rawCast 1))))
                      (Mathlib.Tactic.Ring.cast_pos (Mathlib.Meta.NormNum.isNat_ofNat ℕ (Eq.refl 2)))
                      (Mathlib.Tactic.Ring.Common.pow_add
                        (Mathlib.Tactic.Ring.Common.single_pow
                          (Mathlib.Tactic.Ring.Common.mul_pow_mul
                            (Mathlib.Meta.NormNum.IsNat.to_raw_eq
                              (Mathlib.Meta.NormNum.isNat_mul (Eq.refl HMul.hMul)
                                (Mathlib.Meta.NormNum.IsNat.of_raw ℕ 1) (Mathlib.Meta.NormNum.IsNat.of_raw ℕ 2)
                                (Eq.refl 2)))
                            (Mathlib.Tactic.Ring.Common.one_pow (Nat.rawCast 2) { out := rfl })
                            (Eq.mpr
                              (id
                                (congrArg
                                  (fun _a =>
                                    FixedQuadratic.quadraticMahler a x y ^ Nat.rawCast 2 * Nat.rawCast 1 =
                                      FixedQuadratic.quadraticMahler a x y ^ Nat.rawCast 2 * _a)
                                  (Eq.symm rfl)))
                              (Eq.refl (FixedQuadratic.quadraticMahler a x y ^ Nat.rawCast 2 * Nat.rawCast 1)))
                            (Mathlib.Tactic.Ring.Common.mul_pf_left (FixedQuadratic.quadraticMahler a x y)
                              (Nat.rawCast 2)
                              (Mathlib.Meta.NormNum.IsNat.to_raw_eq
                                (Mathlib.Meta.NormNum.isNat_mul (Eq.refl HMul.hMul)
                                  (Mathlib.Meta.NormNum.IsNat.of_raw ℝ 1) (Mathlib.Meta.NormNum.IsNat.of_raw ℝ 1)
                                  (Eq.refl 1))))))
                        (Mathlib.Tactic.Ring.Common.pow_zero
                          (FixedQuadratic.quadraticMahler a x y ^ Nat.rawCast 1 * Nat.rawCast 1 + 0) rfl)
                        (Mathlib.Tactic.Ring.Common.add_mul
                          (Mathlib.Tactic.Ring.Common.mul_add
                            (Mathlib.Tactic.Ring.Common.mul_pf_left (FixedQuadratic.quadraticMahler a x y)
                              (Nat.rawCast 2)
                              (Mathlib.Meta.NormNum.IsNat.to_raw_eq
                                (Mathlib.Meta.NormNum.isNat_mul (Eq.refl HMul.hMul)
                                  (Mathlib.Meta.NormNum.IsNat.of_raw ℝ 1) (Mathlib.Meta.NormNum.IsNat.of_raw ℝ 1)
                                  (Eq.refl 1))))
                            (Mathlib.Tactic.Ring.Common.mul_zero
                              (FixedQuadratic.quadraticMahler a x y ^ Nat.rawCast 2 * Nat.rawCast 1))
                            (Mathlib.Tactic.Ring.Common.add_pf_add_zero
                              (FixedQuadratic.quadraticMahler a x y ^ Nat.rawCast 2 * Nat.rawCast 1 + 0)))
                          (Mathlib.Tactic.Ring.Common.zero_mul (Nat.rawCast 1 + 0))
                          (Mathlib.Tactic.Ring.Common.add_pf_add_zero
                            (FixedQuadratic.quadraticMahler a x y ^ Nat.rawCast 2 * Nat.rawCast 1 + 0)))))
                    (Mathlib.Tactic.Ring.Common.add_congr
                      (Mathlib.Tactic.Ring.Common.add_congr
                        (Mathlib.Tactic.Ring.Common.pow_congr
                          (Mathlib.Tactic.Ring.Common.atom_pf a rfl
                            (Eq.mpr
                              (id
                                (congrArg (fun _a => a ^ Nat.rawCast 1 * Nat.rawCast 1 = a ^ Nat.rawCast 1 * _a)
                                  (Eq.symm rfl)))
                              (Eq.refl (a ^ Nat.rawCast 1 * Nat.rawCast 1))))
                          (Mathlib.Tactic.Ring.cast_pos (Mathlib.Meta.NormNum.isNat_ofNat ℕ (Eq.refl 2)))
                          (Mathlib.Tactic.Ring.Common.pow_add
                            (Mathlib.Tactic.Ring.Common.single_pow
                              (Mathlib.Tactic.Ring.Common.mul_pow_mul
                                (Mathlib.Meta.NormNum.IsNat.to_raw_eq
                                  (Mathlib.Meta.NormNum.isNat_mul (Eq.refl HMul.hMul)
                                    (Mathlib.Meta.NormNum.IsNat.of_raw ℕ 1) (Mathlib.Meta.NormNum.IsNat.of_raw ℕ 2)
                                    (Eq.refl 2)))
                                (Mathlib.Tactic.Ring.Common.one_pow (Nat.rawCast 2) { out := rfl })
                                (Eq.mpr
                                  (id
                                    (congrArg (fun _a => a ^ Nat.rawCast 2 * Nat.rawCast 1 = a ^ Nat.rawCast 2 * _a)
                                      (Eq.symm rfl)))
                                  (Eq.refl (a ^ Nat.rawCast 2 * Nat.rawCast 1)))
                                (Mathlib.Tactic.Ring.Common.mul_pf_left a (Nat.rawCast 2)
                                  (Mathlib.Meta.NormNum.IsNat.to_raw_eq
                                    (Mathlib.Meta.NormNum.isNat_mul (Eq.refl HMul.hMul)
                                      (Mathlib.Meta.NormNum.IsNat.of_raw ℝ 1) (Mathlib.Meta.NormNum.IsNat.of_raw ℝ 1)
                                      (Eq.refl 1))))))
                            (Mathlib.Tactic.Ring.Common.pow_zero (a ^ Nat.rawCast 1 * Nat.rawCast 1 + 0) rfl)
                            (Mathlib.Tactic.Ring.Common.add_mul
                              (Mathlib.Tactic.Ring.Common.mul_add
                                (Mathlib.Tactic.Ring.Common.mul_pf_left a (Nat.rawCast 2)
                                  (Mathlib.Meta.NormNum.IsNat.to_raw_eq
                                    (Mathlib.Meta.NormNum.isNat_mul (Eq.refl HMul.hMul)
                                      (Mathlib.Meta.NormNum.IsNat.of_raw ℝ 1) (Mathlib.Meta.NormNum.IsNat.of_raw ℝ 1)
                                      (Eq.refl 1))))
                                (Mathlib.Tactic.Ring.Common.mul_zero (a ^ Nat.rawCast 2 * Nat.rawCast 1))
                                (Mathlib.Tactic.Ring.Common.add_pf_add_zero (a ^ Nat.rawCast 2 * Nat.rawCast 1 + 0)))
                              (Mathlib.Tactic.Ring.Common.zero_mul (Nat.rawCast 1 + 0))
                              (Mathlib.Tactic.Ring.Common.add_pf_add_zero (a ^ Nat.rawCast 2 * Nat.rawCast 1 + 0)))))
                        (Mathlib.Tactic.Ring.Common.pow_congr
                          (Mathlib.Tactic.Ring.Common.atom_pf b rfl
                            (Eq.mpr
                              (id
                                (congrArg (fun _a => b ^ Nat.rawCast 1 * Nat.rawCast 1 = b ^ Nat.rawCast 1 * _a)
                                  (Eq.symm rfl)))
                              (Eq.refl (b ^ Nat.rawCast 1 * Nat.rawCast 1))))
                          (Mathlib.Tactic.Ring.cast_pos (Mathlib.Meta.NormNum.isNat_ofNat ℕ (Eq.refl 2)))
                          (Mathlib.Tactic.Ring.Common.pow_add
                            (Mathlib.Tactic.Ring.Common.single_pow
                              (Mathlib.Tactic.Ring.Common.mul_pow_mul
                                (Mathlib.Meta.NormNum.IsNat.to_raw_eq
                                  (Mathlib.Meta.NormNum.isNat_mul (Eq.refl HMul.hMul)
                                    (Mathlib.Meta.NormNum.IsNat.of_raw ℕ 1) (Mathlib.Meta.NormNum.IsNat.of_raw ℕ 2)
                                    (Eq.refl 2)))
                                (Mathlib.Tactic.Ring.Common.one_pow (Nat.rawCast 2) { out := rfl })
                                (Eq.mpr
                                  (id
                                    (congrArg (fun _a => b ^ Nat.rawCast 2 * Nat.rawCast 1 = b ^ Nat.rawCast 2 * _a)
                                      (Eq.symm rfl)))
                                  (Eq.refl (b ^ Nat.rawCast 2 * Nat.rawCast 1)))
                                (Mathlib.Tactic.Ring.Common.mul_pf_left b (Nat.rawCast 2)
                                  (Mathlib.Meta.NormNum.IsNat.to_raw_eq
                                    (Mathlib.Meta.NormNum.isNat_mul (Eq.refl HMul.hMul)
                                      (Mathlib.Meta.NormNum.IsNat.of_raw ℝ 1) (Mathlib.Meta.NormNum.IsNat.of_raw ℝ 1)
                                      (Eq.refl 1))))))
                            (Mathlib.Tactic.Ring.Common.pow_zero (b ^ Nat.rawCast 1 * Nat.rawCast 1 + 0) rfl)
                            (Mathlib.Tactic.Ring.Common.add_mul
                              (Mathlib.Tactic.Ring.Common.mul_add
                                (Mathlib.Tactic.Ring.Common.mul_pf_left b (Nat.rawCast 2)
                                  (Mathlib.Meta.NormNum.IsNat.to_raw_eq
                                    (Mathlib.Meta.NormNum.isNat_mul (Eq.refl HMul.hMul)
                                      (Mathlib.Meta.NormNum.IsNat.of_raw ℝ 1) (Mathlib.Meta.NormNum.IsNat.of_raw ℝ 1)
                                      (Eq.refl 1))))
                                (Mathlib.Tactic.Ring.Common.mul_zero (b ^ Nat.rawCast 2 * Nat.rawCast 1))
                                (Mathlib.Tactic.Ring.Common.add_pf_add_zero (b ^ Nat.rawCast 2 * Nat.rawCast 1 + 0)))
                              (Mathlib.Tactic.Ring.Common.zero_mul (Nat.rawCast 1 + 0))
                              (Mathlib.Tactic.Ring.Common.add_pf_add_zero (b ^ Nat.rawCast 2 * Nat.rawCast 1 + 0)))))
                        (Mathlib.Tactic.Ring.Common.add_pf_add_lt (a ^ Nat.rawCast 2 * Nat.rawCast 1)
                          (Mathlib.Tactic.Ring.Common.add_pf_zero_add (b ^ Nat.rawCast 2 * Nat.rawCast 1 + 0))))
                      (Mathlib.Tactic.Ring.Common.pow_congr
                        (Mathlib.Tactic.Ring.Common.atom_pf c rfl
                          (Eq.mpr
                            (id
                              (congrArg (fun _a => c ^ Nat.rawCast 1 * Nat.rawCast 1 = c ^ Nat.rawCast 1 * _a)
                                (Eq.symm rfl)))
                            (Eq.refl (c ^ Nat.rawCast 1 * Nat.rawCast 1))))
                        (Mathlib.Tactic.Ring.cast_pos (Mathlib.Meta.NormNum.isNat_ofNat ℕ (Eq.refl 2)))
                        (Mathlib.Tactic.Ring.Common.pow_add
                          (Mathlib.Tactic.Ring.Common.single_pow
                            (Mathlib.Tactic.Ring.Common.mul_pow_mul
                              (Mathlib.Meta.NormNum.IsNat.to_raw_eq
                                (Mathlib.Meta.NormNum.isNat_mul (Eq.refl HMul.hMul)
                                  (Mathlib.Meta.NormNum.IsNat.of_raw ℕ 1) (Mathlib.Meta.NormNum.IsNat.of_raw ℕ 2)
                                  (Eq.refl 2)))
                              (Mathlib.Tactic.Ring.Common.one_pow (Nat.rawCast 2) { out := rfl })
                              (Eq.mpr
                                (id
                                  (congrArg (fun _a => c ^ Nat.rawCast 2 * Nat.rawCast 1 = c ^ Nat.rawCast 2 * _a)
                                    (Eq.symm rfl)))
                                (Eq.refl (c ^ Nat.rawCast 2 * Nat.rawCast 1)))
                              (Mathlib.Tactic.Ring.Common.mul_pf_left c (Nat.rawCast 2)
                                (Mathlib.Meta.NormNum.IsNat.to_raw_eq
                                  (Mathlib.Meta.NormNum.isNat_mul (Eq.refl HMul.hMul)
                                    (Mathlib.Meta.NormNum.IsNat.of_raw ℝ 1) (Mathlib.Meta.NormNum.IsNat.of_raw ℝ 1)
                                    (Eq.refl 1))))))
                          (Mathlib.Tactic.Ring.Common.pow_zero (c ^ Nat.rawCast 1 * Nat.rawCast 1 + 0) rfl)
                          (Mathlib.Tactic.Ring.Common.add_mul
                            (Mathlib.Tactic.Ring.Common.mul_add
                              (Mathlib.Tactic.Ring.Common.mul_pf_left c (Nat.rawCast 2)
                                (Mathlib.Meta.NormNum.IsNat.to_raw_eq
                                  (Mathlib.Meta.NormNum.isNat_mul (Eq.refl HMul.hMul)
                                    (Mathlib.Meta.NormNum.IsNat.of_raw ℝ 1) (Mathlib.Meta.NormNum.IsNat.of_raw ℝ 1)
                                    (Eq.refl 1))))
                              (Mathlib.Tactic.Ring.Common.mul_zero (c ^ Nat.rawCast 2 * Nat.rawCast 1))
                              (Mathlib.Tactic.Ring.Common.add_pf_add_zero (c ^ Nat.rawCast 2 * Nat.rawCast 1 + 0)))
                            (Mathlib.Tactic.Ring.Common.zero_mul (Nat.rawCast 1 + 0))
                            (Mathlib.Tactic.Ring.Common.add_pf_add_zero (c ^ Nat.rawCast 2 * Nat.rawCast 1 + 0)))))
                      (Mathlib.Tactic.Ring.Common.add_pf_add_lt (a ^ Nat.rawCast 2 * Nat.rawCast 1)
                        (Mathlib.Tactic.Ring.Common.add_pf_add_lt (b ^ Nat.rawCast 2 * Nat.rawCast 1)
                          (Mathlib.Tactic.Ring.Common.add_pf_zero_add (c ^ Nat.rawCast 2 * Nat.rawCast 1 + 0)))))
                    (Mathlib.Tactic.Ring.Common.sub_pf
                      (Mathlib.Tactic.Ring.Common.neg_add
                        (Mathlib.Tactic.Ring.Common.neg_mul a (Nat.rawCast 2)
                          (Mathlib.Meta.NormNum.IsInt.to_raw_eq
                            (Mathlib.Meta.NormNum.isInt_neg (Eq.refl Neg.neg)
                              (Mathlib.Meta.NormNum.IsNat.to_isInt (Mathlib.Meta.NormNum.IsNat.of_raw ℝ 1))
                              (Eq.refl (Int.negOfNat 1)))))
                        (Mathlib.Tactic.Ring.Common.neg_add
                          (Mathlib.Tactic.Ring.Common.neg_mul b (Nat.rawCast 2)
                            (Mathlib.Meta.NormNum.IsInt.to_raw_eq
                              (Mathlib.Meta.NormNum.isInt_neg (Eq.refl Neg.neg)
                                (Mathlib.Meta.NormNum.IsNat.to_isInt (Mathlib.Meta.NormNum.IsNat.of_raw ℝ 1))
                                (Eq.refl (Int.negOfNat 1)))))
                          (Mathlib.Tactic.Ring.Common.neg_add
                            (Mathlib.Tactic.Ring.Common.neg_mul c (Nat.rawCast 2)
                              (Mathlib.Meta.NormNum.IsInt.to_raw_eq
                                (Mathlib.Meta.NormNum.isInt_neg (Eq.refl Neg.neg)
                                  (Mathlib.Meta.NormNum.IsNat.to_isInt (Mathlib.Meta.NormNum.IsNat.of_raw ℝ 1))
                                  (Eq.refl (Int.negOfNat 1)))))
                            Mathlib.Tactic.Ring.Common.neg_zero)))
                      (Mathlib.Tactic.Ring.Common.add_pf_add_lt
                        (FixedQuadratic.quadraticMahler a x y ^ Nat.rawCast 2 * Nat.rawCast 1)
                        (Mathlib.Tactic.Ring.Common.add_pf_zero_add
                          (a ^ Nat.rawCast 2 * (Int.negOfNat 1).rawCast +
                            (b ^ Nat.rawCast 2 * (Int.negOfNat 1).rawCast +
                              (c ^ Nat.rawCast 2 * (Int.negOfNat 1).rawCast + 0)))))))
                  (Mathlib.Tactic.Ring.Common.neg_congr
                    (Mathlib.Tactic.Ring.Common.sub_congr
                      (Mathlib.Tactic.Ring.Common.pow_congr
                        (Mathlib.Tactic.Ring.Common.atom_pf (√(a ^ 2 + b ^ 2 + c ^ 2)) rfl
                          (Eq.mpr
                            (id
                              (congrArg
                                (fun _a =>
                                  √(a ^ 2 + b ^ 2 + c ^ 2) ^ Nat.rawCast 1 * Nat.rawCast 1 =
                                    √(a ^ 2 + b ^ 2 + c ^ 2) ^ Nat.rawCast 1 * _a)
                                (Eq.symm rfl)))
                            (Eq.refl (√(a ^ 2 + b ^ 2 + c ^ 2) ^ Nat.rawCast 1 * Nat.rawCast 1))))
                        (Mathlib.Tactic.Ring.cast_pos (Mathlib.Meta.NormNum.isNat_ofNat ℕ (Eq.refl 2)))
                        (Mathlib.Tactic.Ring.Common.pow_add
                          (Mathlib.Tactic.Ring.Common.single_pow
                            (Mathlib.Tactic.Ring.Common.mul_pow_mul
                              (Mathlib.Meta.NormNum.IsNat.to_raw_eq
                                (Mathlib.Meta.NormNum.isNat_mul (Eq.refl HMul.hMul)
                                  (Mathlib.Meta.NormNum.IsNat.of_raw ℕ 1) (Mathlib.Meta.NormNum.IsNat.of_raw ℕ 2)
                                  (Eq.refl 2)))
                              (Mathlib.Tactic.Ring.Common.one_pow (Nat.rawCast 2) { out := rfl })
                              (Eq.mpr
                                (id
                                  (congrArg
                                    (fun _a =>
                                      √(a ^ 2 + b ^ 2 + c ^ 2) ^ Nat.rawCast 2 * Nat.rawCast 1 =
                                        √(a ^ 2 + b ^ 2 + c ^ 2) ^ Nat.rawCast 2 * _a)
                                    (Eq.symm rfl)))
                                (Eq.refl (√(a ^ 2 + b ^ 2 + c ^ 2) ^ Nat.rawCast 2 * Nat.rawCast 1)))
                              (Mathlib.Tactic.Ring.Common.mul_pf_left (√(a ^ 2 + b ^ 2 + c ^ 2)) (Nat.rawCast 2)
                                (Mathlib.Meta.NormNum.IsNat.to_raw_eq
                                  (Mathlib.Meta.NormNum.isNat_mul (Eq.refl HMul.hMul)
                                    (Mathlib.Meta.NormNum.IsNat.of_raw ℝ 1) (Mathlib.Meta.NormNum.IsNat.of_raw ℝ 1)
                                    (Eq.refl 1))))))
                          (Mathlib.Tactic.Ring.Common.pow_zero
                            (√(a ^ 2 + b ^ 2 + c ^ 2) ^ Nat.rawCast 1 * Nat.rawCast 1 + 0) rfl)
                          (Mathlib.Tactic.Ring.Common.add_mul
                            (Mathlib.Tactic.Ring.Common.mul_add
                              (Mathlib.Tactic.Ring.Common.mul_pf_left (√(a ^ 2 + b ^ 2 + c ^ 2)) (Nat.rawCast 2)
                                (Mathlib.Meta.NormNum.IsNat.to_raw_eq
                                  (Mathlib.Meta.NormNum.isNat_mul (Eq.refl HMul.hMul)
                                    (Mathlib.Meta.NormNum.IsNat.of_raw ℝ 1) (Mathlib.Meta.NormNum.IsNat.of_raw ℝ 1)
                                    (Eq.refl 1))))
                              (Mathlib.Tactic.Ring.Common.mul_zero
                                (√(a ^ 2 + b ^ 2 + c ^ 2) ^ Nat.rawCast 2 * Nat.rawCast 1))
                              (Mathlib.Tactic.Ring.Common.add_pf_add_zero
                                (√(a ^ 2 + b ^ 2 + c ^ 2) ^ Nat.rawCast 2 * Nat.rawCast 1 + 0)))
                            (Mathlib.Tactic.Ring.Common.zero_mul (Nat.rawCast 1 + 0))
                            (Mathlib.Tactic.Ring.Common.add_pf_add_zero
                              (√(a ^ 2 + b ^ 2 + c ^ 2) ^ Nat.rawCast 2 * Nat.rawCast 1 + 0)))))
                      (Mathlib.Tactic.Ring.Common.add_congr
                        (Mathlib.Tactic.Ring.Common.add_congr
                          (Mathlib.Tactic.Ring.Common.pow_congr
                            (Mathlib.Tactic.Ring.Common.atom_pf a rfl
                              (Eq.mpr
                                (id
                                  (congrArg (fun _a => a ^ Nat.rawCast 1 * Nat.rawCast 1 = a ^ Nat.rawCast 1 * _a)
                                    (Eq.symm rfl)))
                                (Eq.refl (a ^ Nat.rawCast 1 * Nat.rawCast 1))))
                            (Mathlib.Tactic.Ring.cast_pos (Mathlib.Meta.NormNum.isNat_ofNat ℕ (Eq.refl 2)))
                            (Mathlib.Tactic.Ring.Common.pow_add
                              (Mathlib.Tactic.Ring.Common.single_pow
                                (Mathlib.Tactic.Ring.Common.mul_pow_mul
                                  (Mathlib.Meta.NormNum.IsNat.to_raw_eq
                                    (Mathlib.Meta.NormNum.isNat_mul (Eq.refl HMul.hMul)
                                      (Mathlib.Meta.NormNum.IsNat.of_raw ℕ 1) (Mathlib.Meta.NormNum.IsNat.of_raw ℕ 2)
                                      (Eq.refl 2)))
                                  (Mathlib.Tactic.Ring.Common.one_pow (Nat.rawCast 2) { out := rfl })
                                  (Eq.mpr
                                    (id
                                      (congrArg (fun _a => a ^ Nat.rawCast 2 * Nat.rawCast 1 = a ^ Nat.rawCast 2 * _a)
                                        (Eq.symm rfl)))
                                    (Eq.refl (a ^ Nat.rawCast 2 * Nat.rawCast 1)))
                                  (Mathlib.Tactic.Ring.Common.mul_pf_left a (Nat.rawCast 2)
                                    (Mathlib.Meta.NormNum.IsNat.to_raw_eq
                                      (Mathlib.Meta.NormNum.isNat_mul (Eq.refl HMul.hMul)
                                        (Mathlib.Meta.NormNum.IsNat.of_raw ℝ 1) (Mathlib.Meta.NormNum.IsNat.of_raw ℝ 1)
                                        (Eq.refl 1))))))
                              (Mathlib.Tactic.Ring.Common.pow_zero (a ^ Nat.rawCast 1 * Nat.rawCast 1 + 0) rfl)
                              (Mathlib.Tactic.Ring.Common.add_mul
                                (Mathlib.Tactic.Ring.Common.mul_add
                                  (Mathlib.Tactic.Ring.Common.mul_pf_left a (Nat.rawCast 2)
                                    (Mathlib.Meta.NormNum.IsNat.to_raw_eq
                                      (Mathlib.Meta.NormNum.isNat_mul (Eq.refl HMul.hMul)
                                        (Mathlib.Meta.NormNum.IsNat.of_raw ℝ 1) (Mathlib.Meta.NormNum.IsNat.of_raw ℝ 1)
                                        (Eq.refl 1))))
                                  (Mathlib.Tactic.Ring.Common.mul_zero (a ^ Nat.rawCast 2 * Nat.rawCast 1))
                                  (Mathlib.Tactic.Ring.Common.add_pf_add_zero (a ^ Nat.rawCast 2 * Nat.rawCast 1 + 0)))
                                (Mathlib.Tactic.Ring.Common.zero_mul (Nat.rawCast 1 + 0))
                                (Mathlib.Tactic.Ring.Common.add_pf_add_zero (a ^ Nat.rawCast 2 * Nat.rawCast 1 + 0)))))
                          (Mathlib.Tactic.Ring.Common.pow_congr
                            (Mathlib.Tactic.Ring.Common.atom_pf b rfl
                              (Eq.mpr
                                (id
                                  (congrArg (fun _a => b ^ Nat.rawCast 1 * Nat.rawCast 1 = b ^ Nat.rawCast 1 * _a)
                                    (Eq.symm rfl)))
                                (Eq.refl (b ^ Nat.rawCast 1 * Nat.rawCast 1))))
                            (Mathlib.Tactic.Ring.cast_pos (Mathlib.Meta.NormNum.isNat_ofNat ℕ (Eq.refl 2)))
                            (Mathlib.Tactic.Ring.Common.pow_add
                              (Mathlib.Tactic.Ring.Common.single_pow
                                (Mathlib.Tactic.Ring.Common.mul_pow_mul
                                  (Mathlib.Meta.NormNum.IsNat.to_raw_eq
                                    (Mathlib.Meta.NormNum.isNat_mul (Eq.refl HMul.hMul)
                                      (Mathlib.Meta.NormNum.IsNat.of_raw ℕ 1) (Mathlib.Meta.NormNum.IsNat.of_raw ℕ 2)
                                      (Eq.refl 2)))
                                  (Mathlib.Tactic.Ring.Common.one_pow (Nat.rawCast 2) { out := rfl })
                                  (Eq.mpr
                                    (id
                                      (congrArg (fun _a => b ^ Nat.rawCast 2 * Nat.rawCast 1 = b ^ Nat.rawCast 2 * _a)
                                        (Eq.symm rfl)))
                                    (Eq.refl (b ^ Nat.rawCast 2 * Nat.rawCast 1)))
                                  (Mathlib.Tactic.Ring.Common.mul_pf_left b (Nat.rawCast 2)
                                    (Mathlib.Meta.NormNum.IsNat.to_raw_eq
                                      (Mathlib.Meta.NormNum.isNat_mul (Eq.refl HMul.hMul)
                                        (Mathlib.Meta.NormNum.IsNat.of_raw ℝ 1) (Mathlib.Meta.NormNum.IsNat.of_raw ℝ 1)
                                        (Eq.refl 1))))))
                              (Mathlib.Tactic.Ring.Common.pow_zero (b ^ Nat.rawCast 1 * Nat.rawCast 1 + 0) rfl)
                              (Mathlib.Tactic.Ring.Common.add_mul
                                (Mathlib.Tactic.Ring.Common.mul_add
                                  (Mathlib.Tactic.Ring.Common.mul_pf_left b (Nat.rawCast 2)
                                    (Mathlib.Meta.NormNum.IsNat.to_raw_eq
                                      (Mathlib.Meta.NormNum.isNat_mul (Eq.refl HMul.hMul)
                                        (Mathlib.Meta.NormNum.IsNat.of_raw ℝ 1) (Mathlib.Meta.NormNum.IsNat.of_raw ℝ 1)
                                        (Eq.refl 1))))
                                  (Mathlib.Tactic.Ring.Common.mul_zero (b ^ Nat.rawCast 2 * Nat.rawCast 1))
                                  (Mathlib.Tactic.Ring.Common.add_pf_add_zero (b ^ Nat.rawCast 2 * Nat.rawCast 1 + 0)))
                                (Mathlib.Tactic.Ring.Common.zero_mul (Nat.rawCast 1 + 0))
                                (Mathlib.Tactic.Ring.Common.add_pf_add_zero (b ^ Nat.rawCast 2 * Nat.rawCast 1 + 0)))))
                          (Mathlib.Tactic.Ring.Common.add_pf_add_lt (a ^ Nat.rawCast 2 * Nat.rawCast 1)
                            (Mathlib.Tactic.Ring.Common.add_pf_zero_add (b ^ Nat.rawCast 2 * Nat.rawCast 1 + 0))))
                        (Mathlib.Tactic.Ring.Common.pow_congr
                          (Mathlib.Tactic.Ring.Common.atom_pf c rfl
                            (Eq.mpr
                              (id
                                (congrArg (fun _a => c ^ Nat.rawCast 1 * Nat.rawCast 1 = c ^ Nat.rawCast 1 * _a)
                                  (Eq.symm rfl)))
                              (Eq.refl (c ^ Nat.rawCast 1 * Nat.rawCast 1))))
                          (Mathlib.Tactic.Ring.cast_pos (Mathlib.Meta.NormNum.isNat_ofNat ℕ (Eq.refl 2)))
                          (Mathlib.Tactic.Ring.Common.pow_add
                            (Mathlib.Tactic.Ring.Common.single_pow
                              (Mathlib.Tactic.Ring.Common.mul_pow_mul
                                (Mathlib.Meta.NormNum.IsNat.to_raw_eq
                                  (Mathlib.Meta.NormNum.isNat_mul (Eq.refl HMul.hMul)
                                    (Mathlib.Meta.NormNum.IsNat.of_raw ℕ 1) (Mathlib.Meta.NormNum.IsNat.of_raw ℕ 2)
                                    (Eq.refl 2)))
                                (Mathlib.Tactic.Ring.Common.one_pow (Nat.rawCast 2) { out := rfl })
                                (Eq.mpr
                                  (id
                                    (congrArg (fun _a => c ^ Nat.rawCast 2 * Nat.rawCast 1 = c ^ Nat.rawCast 2 * _a)
                                      (Eq.symm rfl)))
                                  (Eq.refl (c ^ Nat.rawCast 2 * Nat.rawCast 1)))
                                (Mathlib.Tactic.Ring.Common.mul_pf_left c (Nat.rawCast 2)
                                  (Mathlib.Meta.NormNum.IsNat.to_raw_eq
                                    (Mathlib.Meta.NormNum.isNat_mul (Eq.refl HMul.hMul)
                                      (Mathlib.Meta.NormNum.IsNat.of_raw ℝ 1) (Mathlib.Meta.NormNum.IsNat.of_raw ℝ 1)
                                      (Eq.refl 1))))))
                            (Mathlib.Tactic.Ring.Common.pow_zero (c ^ Nat.rawCast 1 * Nat.rawCast 1 + 0) rfl)
                            (Mathlib.Tactic.Ring.Common.add_mul
                              (Mathlib.Tactic.Ring.Common.mul_add
                                (Mathlib.Tactic.Ring.Common.mul_pf_left c (Nat.rawCast 2)
                                  (Mathlib.Meta.NormNum.IsNat.to_raw_eq
                                    (Mathlib.Meta.NormNum.isNat_mul (Eq.refl HMul.hMul)
                                      (Mathlib.Meta.NormNum.IsNat.of_raw ℝ 1) (Mathlib.Meta.NormNum.IsNat.of_raw ℝ 1)
                                      (Eq.refl 1))))
                                (Mathlib.Tactic.Ring.Common.mul_zero (c ^ Nat.rawCast 2 * Nat.rawCast 1))
                                (Mathlib.Tactic.Ring.Common.add_pf_add_zero (c ^ Nat.rawCast 2 * Nat.rawCast 1 + 0)))
                              (Mathlib.Tactic.Ring.Common.zero_mul (Nat.rawCast 1 + 0))
                              (Mathlib.Tactic.Ring.Common.add_pf_add_zero (c ^ Nat.rawCast 2 * Nat.rawCast 1 + 0)))))
                        (Mathlib.Tactic.Ring.Common.add_pf_add_lt (a ^ Nat.rawCast 2 * Nat.rawCast 1)
                          (Mathlib.Tactic.Ring.Common.add_pf_add_lt (b ^ Nat.rawCast 2 * Nat.rawCast 1)
                            (Mathlib.Tactic.Ring.Common.add_pf_zero_add (c ^ Nat.rawCast 2 * Nat.rawCast 1 + 0)))))
                      (Mathlib.Tactic.Ring.Common.sub_pf
                        (Mathlib.Tactic.Ring.Common.neg_add
                          (Mathlib.Tactic.Ring.Common.neg_mul a (Nat.rawCast 2)
                            (Mathlib.Meta.NormNum.IsInt.to_raw_eq
                              (Mathlib.Meta.NormNum.isInt_neg (Eq.refl Neg.neg)
                                (Mathlib.Meta.NormNum.IsNat.to_isInt (Mathlib.Meta.NormNum.IsNat.of_raw ℝ 1))
                                (Eq.refl (Int.negOfNat 1)))))
                          (Mathlib.Tactic.Ring.Common.neg_add
                            (Mathlib.Tactic.Ring.Common.neg_mul b (Nat.rawCast 2)
                              (Mathlib.Meta.NormNum.IsInt.to_raw_eq
                                (Mathlib.Meta.NormNum.isInt_neg (Eq.refl Neg.neg)
                                  (Mathlib.Meta.NormNum.IsNat.to_isInt (Mathlib.Meta.NormNum.IsNat.of_raw ℝ 1))
                                  (Eq.refl (Int.negOfNat 1)))))
                            (Mathlib.Tactic.Ring.Common.neg_add
                              (Mathlib.Tactic.Ring.Common.neg_mul c (Nat.rawCast 2)
                                (Mathlib.Meta.NormNum.IsInt.to_raw_eq
                                  (Mathlib.Meta.NormNum.isInt_neg (Eq.refl Neg.neg)
                                    (Mathlib.Meta.NormNum.IsNat.to_isInt (Mathlib.Meta.NormNum.IsNat.of_raw ℝ 1))
                                    (Eq.refl (Int.negOfNat 1)))))
                              Mathlib.Tactic.Ring.Common.neg_zero)))
                        (Mathlib.Tactic.Ring.Common.add_pf_add_gt (a ^ Nat.rawCast 2 * (Int.negOfNat 1).rawCast)
                          (Mathlib.Tactic.Ring.Common.add_pf_add_gt (b ^ Nat.rawCast 2 * (Int.negOfNat 1).rawCast)
                            (Mathlib.Tactic.Ring.Common.add_pf_add_gt (c ^ Nat.rawCast 2 * (Int.negOfNat 1).rawCast)
                              (Mathlib.Tactic.Ring.Common.add_pf_add_zero
                                (√(a ^ 2 + b ^ 2 + c ^ 2) ^ Nat.rawCast 2 * Nat.rawCast 1 + 0)))))))
                    (Mathlib.Tactic.Ring.Common.neg_add
                      (Mathlib.Tactic.Ring.Common.neg_mul a (Nat.rawCast 2)
                        (Mathlib.Meta.NormNum.IsNat.to_raw_eq
                          (Mathlib.Meta.NormNum.IsInt.to_isNat
                            (Mathlib.Meta.NormNum.isInt_neg (Eq.refl Neg.neg)
                              (Mathlib.Meta.NormNum.IsInt.of_raw ℝ (Int.negOfNat 1)) (Eq.refl (Int.ofNat 1))))))
                      (Mathlib.Tactic.Ring.Common.neg_add
                        (Mathlib.Tactic.Ring.Common.neg_mul b (Nat.rawCast 2)
                          (Mathlib.Meta.NormNum.IsNat.to_raw_eq
                            (Mathlib.Meta.NormNum.IsInt.to_isNat
                              (Mathlib.Meta.NormNum.isInt_neg (Eq.refl Neg.neg)
                                (Mathlib.Meta.NormNum.IsInt.of_raw ℝ (Int.negOfNat 1)) (Eq.refl (Int.ofNat 1))))))
                        (Mathlib.Tactic.Ring.Common.neg_add
                          (Mathlib.Tactic.Ring.Common.neg_mul c (Nat.rawCast 2)
                            (Mathlib.Meta.NormNum.IsNat.to_raw_eq
                              (Mathlib.Meta.NormNum.IsInt.to_isNat
                                (Mathlib.Meta.NormNum.isInt_neg (Eq.refl Neg.neg)
                                  (Mathlib.Meta.NormNum.IsInt.of_raw ℝ (Int.negOfNat 1)) (Eq.refl (Int.ofNat 1))))))
                          (Mathlib.Tactic.Ring.Common.neg_add
                            (Mathlib.Tactic.Ring.Common.neg_mul (√(a ^ 2 + b ^ 2 + c ^ 2)) (Nat.rawCast 2)
                              (Mathlib.Meta.NormNum.IsInt.to_raw_eq
                                (Mathlib.Meta.NormNum.isInt_neg (Eq.refl Neg.neg)
                                  (Mathlib.Meta.NormNum.IsNat.to_isInt (Mathlib.Meta.NormNum.IsNat.of_raw ℝ 1))
                                  (Eq.refl (Int.negOfNat 1)))))
                            Mathlib.Tactic.Ring.Common.neg_zero)))))
                  (Mathlib.Tactic.Ring.Common.add_pf_add_lt
                    (FixedQuadratic.quadraticMahler a x y ^ Nat.rawCast 2 * Nat.rawCast 1)
                    (Mathlib.Tactic.Ring.Common.add_pf_add_overlap_zero
                      (Mathlib.Tactic.Ring.Common.add_overlap_pf_zero a (Nat.rawCast 2)
                        (Mathlib.Meta.NormNum.IsInt.to_isNat
                          (Mathlib.Meta.NormNum.isInt_add (Eq.refl HAdd.hAdd)
                            (Mathlib.Meta.NormNum.IsInt.of_raw ℝ (Int.negOfNat 1))
                            (Mathlib.Meta.NormNum.IsNat.to_isInt (Mathlib.Meta.NormNum.IsNat.of_raw ℝ 1))
                            (Eq.refl (Int.ofNat 0)))))
                      (Mathlib.Tactic.Ring.Common.add_pf_add_overlap_zero
                        (Mathlib.Tactic.Ring.Common.add_overlap_pf_zero b (Nat.rawCast 2)
                          (Mathlib.Meta.NormNum.IsInt.to_isNat
                            (Mathlib.Meta.NormNum.isInt_add (Eq.refl HAdd.hAdd)
                              (Mathlib.Meta.NormNum.IsInt.of_raw ℝ (Int.negOfNat 1))
                              (Mathlib.Meta.NormNum.IsNat.to_isInt (Mathlib.Meta.NormNum.IsNat.of_raw ℝ 1))
                              (Eq.refl (Int.ofNat 0)))))
                        (Mathlib.Tactic.Ring.Common.add_pf_add_overlap_zero
                          (Mathlib.Tactic.Ring.Common.add_overlap_pf_zero c (Nat.rawCast 2)
                            (Mathlib.Meta.NormNum.IsInt.to_isNat
                              (Mathlib.Meta.NormNum.isInt_add (Eq.refl HAdd.hAdd)
                                (Mathlib.Meta.NormNum.IsInt.of_raw ℝ (Int.negOfNat 1))
                                (Mathlib.Meta.NormNum.IsNat.to_isInt (Mathlib.Meta.NormNum.IsNat.of_raw ℝ 1))
                                (Eq.refl (Int.ofNat 0)))))
                          (Mathlib.Tactic.Ring.Common.add_pf_zero_add
                            (√(a ^ 2 + b ^ 2 + c ^ 2) ^ Nat.rawCast 2 * (Int.negOfNat 1).rawCast + 0)))))))
                (Mathlib.Tactic.Ring.Common.mul_congr
                  (Mathlib.Tactic.Ring.cast_pos (Mathlib.Meta.NormNum.isNat_ofNat ℝ (Eq.refl 2)))
                  (Mathlib.Tactic.Ring.Common.sub_congr
                    (Mathlib.Tactic.Ring.cast_zero (Mathlib.Meta.NormNum.isNat_ofNat ℝ Nat.cast_zero))
                    (Mathlib.Tactic.Ring.Common.mul_congr
                      (Mathlib.Tactic.Ring.Common.sub_congr
                        (Mathlib.Tactic.Ring.cast_zero (Mathlib.Meta.NormNum.isNat_ofNat ℝ Nat.cast_zero))
                        (Mathlib.Tactic.Ring.Common.atom_pf (√(a ^ 2 + b ^ 2 + c ^ 2)) rfl
                          (Eq.mpr
                            (id
                              (congrArg
                                (fun _a =>
                                  √(a ^ 2 + b ^ 2 + c ^ 2) ^ Nat.rawCast 1 * Nat.rawCast 1 =
                                    √(a ^ 2 + b ^ 2 + c ^ 2) ^ Nat.rawCast 1 * _a)
                                (Eq.symm rfl)))
                            (Eq.refl (√(a ^ 2 + b ^ 2 + c ^ 2) ^ Nat.rawCast 1 * Nat.rawCast 1))))
                        (Mathlib.Tactic.Ring.Common.sub_pf
                          (Mathlib.Tactic.Ring.Common.neg_add
                            (Mathlib.Tactic.Ring.Common.neg_mul (√(a ^ 2 + b ^ 2 + c ^ 2)) (Nat.rawCast 1)
                              (Mathlib.Meta.NormNum.IsInt.to_raw_eq
                                (Mathlib.Meta.NormNum.isInt_neg (Eq.refl Neg.neg)
                                  (Mathlib.Meta.NormNum.IsNat.to_isInt (Mathlib.Meta.NormNum.IsNat.of_raw ℝ 1))
                                  (Eq.refl (Int.negOfNat 1)))))
                            Mathlib.Tactic.Ring.Common.neg_zero)
                          (Mathlib.Tactic.Ring.Common.add_pf_zero_add
                            (√(a ^ 2 + b ^ 2 + c ^ 2) ^ Nat.rawCast 1 * (Int.negOfNat 1).rawCast + 0))))
                      (Mathlib.Tactic.Ring.Common.sub_congr
                        (Mathlib.Tactic.Ring.Common.atom_pf (√(a ^ 2 + b ^ 2 + c ^ 2)) rfl
                          (Eq.mpr
                            (id
                              (congrArg
                                (fun _a =>
                                  √(a ^ 2 + b ^ 2 + c ^ 2) ^ Nat.rawCast 1 * Nat.rawCast 1 =
                                    √(a ^ 2 + b ^ 2 + c ^ 2) ^ Nat.rawCast 1 * _a)
                                (Eq.symm rfl)))
                            (Eq.refl (√(a ^ 2 + b ^ 2 + c ^ 2) ^ Nat.rawCast 1 * Nat.rawCast 1))))
                        (Mathlib.Tactic.Ring.Common.atom_pf (FixedQuadratic.quadraticMahler a x y) rfl
                          (Eq.mpr
                            (id
                              (congrArg
                                (fun _a =>
                                  FixedQuadratic.quadraticMahler a x y ^ Nat.rawCast 1 * Nat.rawCast 1 =
                                    FixedQuadratic.quadraticMahler a x y ^ Nat.rawCast 1 * _a)
                                (Eq.symm rfl)))
                            (Eq.refl (FixedQuadratic.quadraticMahler a x y ^ Nat.rawCast 1 * Nat.rawCast 1))))
                        (Mathlib.Tactic.Ring.Common.sub_pf
                          (Mathlib.Tactic.Ring.Common.neg_add
                            (Mathlib.Tactic.Ring.Common.neg_mul (FixedQuadratic.quadraticMahler a x y) (Nat.rawCast 1)
                              (Mathlib.Meta.NormNum.IsInt.to_raw_eq
                                (Mathlib.Meta.NormNum.isInt_neg (Eq.refl Neg.neg)
                                  (Mathlib.Meta.NormNum.IsNat.to_isInt (Mathlib.Meta.NormNum.IsNat.of_raw ℝ 1))
                                  (Eq.refl (Int.negOfNat 1)))))
                            Mathlib.Tactic.Ring.Common.neg_zero)
                          (Mathlib.Tactic.Ring.Common.add_pf_add_gt
                            (FixedQuadratic.quadraticMahler a x y ^ Nat.rawCast 1 * (Int.negOfNat 1).rawCast)
                            (Mathlib.Tactic.Ring.Common.add_pf_add_zero
                              (√(a ^ 2 + b ^ 2 + c ^ 2) ^ Nat.rawCast 1 * Nat.rawCast 1 + 0)))))
                      (Mathlib.Tactic.Ring.Common.add_mul
                        (Mathlib.Tactic.Ring.Common.mul_add
                          (Mathlib.Tactic.Ring.Common.mul_pf_right (FixedQuadratic.quadraticMahler a x y)
                            (Nat.rawCast 1)
                            (Mathlib.Tactic.Ring.Common.mul_pf_left (√(a ^ 2 + b ^ 2 + c ^ 2)) (Nat.rawCast 1)
                              (Mathlib.Meta.NormNum.IsNat.to_raw_eq
                                (Mathlib.Meta.NormNum.IsInt.to_isNat
                                  (Mathlib.Meta.NormNum.isInt_mul (Eq.refl HMul.hMul)
                                    (Mathlib.Meta.NormNum.IsInt.of_raw ℝ (Int.negOfNat 1))
                                    (Mathlib.Meta.NormNum.IsInt.of_raw ℝ (Int.negOfNat 1)) (Eq.refl (Int.ofNat 1)))))))
                          (Mathlib.Tactic.Ring.Common.mul_add
                            (Mathlib.Tactic.Ring.Common.mul_pp_pf_overlap (√(a ^ 2 + b ^ 2 + c ^ 2))
                              (Mathlib.Meta.NormNum.IsNat.to_raw_eq
                                (Mathlib.Meta.NormNum.isNat_add (Eq.refl HAdd.hAdd)
                                  (Mathlib.Meta.NormNum.IsNat.of_raw ℕ 1) (Mathlib.Meta.NormNum.IsNat.of_raw ℕ 1)
                                  (Eq.refl 2)))
                              (Mathlib.Meta.NormNum.IsInt.to_raw_eq
                                (Mathlib.Meta.NormNum.isInt_mul (Eq.refl HMul.hMul)
                                  (Mathlib.Meta.NormNum.IsInt.of_raw ℝ (Int.negOfNat 1))
                                  (Mathlib.Meta.NormNum.IsNat.to_isInt (Mathlib.Meta.NormNum.IsNat.of_raw ℝ 1))
                                  (Eq.refl (Int.negOfNat 1)))))
                            (Mathlib.Tactic.Ring.Common.mul_zero
                              (√(a ^ 2 + b ^ 2 + c ^ 2) ^ Nat.rawCast 1 * (Int.negOfNat 1).rawCast))
                            (Mathlib.Tactic.Ring.Common.add_pf_add_zero
                              (√(a ^ 2 + b ^ 2 + c ^ 2) ^ Nat.rawCast 2 * (Int.negOfNat 1).rawCast + 0)))
                          (Mathlib.Tactic.Ring.Common.add_pf_add_lt
                            (FixedQuadratic.quadraticMahler a x y ^ Nat.rawCast 1 *
                              (√(a ^ 2 + b ^ 2 + c ^ 2) ^ Nat.rawCast 1 * Nat.rawCast 1))
                            (Mathlib.Tactic.Ring.Common.add_pf_zero_add
                              (√(a ^ 2 + b ^ 2 + c ^ 2) ^ Nat.rawCast 2 * (Int.negOfNat 1).rawCast + 0))))
                        (Mathlib.Tactic.Ring.Common.zero_mul
                          (FixedQuadratic.quadraticMahler a x y ^ Nat.rawCast 1 * (Int.negOfNat 1).rawCast +
                            (√(a ^ 2 + b ^ 2 + c ^ 2) ^ Nat.rawCast 1 * Nat.rawCast 1 + 0)))
                        (Mathlib.Tactic.Ring.Common.add_pf_add_zero
                          (FixedQuadratic.quadraticMahler a x y ^ Nat.rawCast 1 *
                              (√(a ^ 2 + b ^ 2 + c ^ 2) ^ Nat.rawCast 1 * Nat.rawCast 1) +
                            (√(a ^ 2 + b ^ 2 + c ^ 2) ^ Nat.rawCast 2 * (Int.negOfNat 1).rawCast + 0)))))
                    (Mathlib.Tactic.Ring.Common.sub_pf
                      (Mathlib.Tactic.Ring.Common.neg_add
                        (Mathlib.Tactic.Ring.Common.neg_mul (FixedQuadratic.quadraticMahler a x y) (Nat.rawCast 1)
                          (Mathlib.Tactic.Ring.Common.neg_mul (√(a ^ 2 + b ^ 2 + c ^ 2)) (Nat.rawCast 1)
                            (Mathlib.Meta.NormNum.IsInt.to_raw_eq
                              (Mathlib.Meta.NormNum.isInt_neg (Eq.refl Neg.neg)
                                (Mathlib.Meta.NormNum.IsNat.to_isInt (Mathlib.Meta.NormNum.IsNat.of_raw ℝ 1))
                                (Eq.refl (Int.negOfNat 1))))))
                        (Mathlib.Tactic.Ring.Common.neg_add
                          (Mathlib.Tactic.Ring.Common.neg_mul (√(a ^ 2 + b ^ 2 + c ^ 2)) (Nat.rawCast 2)
                            (Mathlib.Meta.NormNum.IsNat.to_raw_eq
                              (Mathlib.Meta.NormNum.IsInt.to_isNat
                                (Mathlib.Meta.NormNum.isInt_neg (Eq.refl Neg.neg)
                                  (Mathlib.Meta.NormNum.IsInt.of_raw ℝ (Int.negOfNat 1)) (Eq.refl (Int.ofNat 1))))))
                          Mathlib.Tactic.Ring.Common.neg_zero))
                      (Mathlib.Tactic.Ring.Common.add_pf_zero_add
                        (FixedQuadratic.quadraticMahler a x y ^ Nat.rawCast 1 *
                            (√(a ^ 2 + b ^ 2 + c ^ 2) ^ Nat.rawCast 1 * (Int.negOfNat 1).rawCast) +
                          (√(a ^ 2 + b ^ 2 + c ^ 2) ^ Nat.rawCast 2 * Nat.rawCast 1 + 0)))))
                  (Mathlib.Tactic.Ring.Common.add_mul
                    (Mathlib.Tactic.Ring.Common.mul_add
                      (Mathlib.Tactic.Ring.Common.mul_pf_right (FixedQuadratic.quadraticMahler a x y) (Nat.rawCast 1)
                        (Mathlib.Tactic.Ring.Common.mul_pf_right (√(a ^ 2 + b ^ 2 + c ^ 2)) (Nat.rawCast 1)
                          (Mathlib.Meta.NormNum.IsInt.to_raw_eq
                            (Mathlib.Meta.NormNum.isInt_mul (Eq.refl HMul.hMul)
                              (Mathlib.Meta.NormNum.IsNat.to_isInt (Mathlib.Meta.NormNum.IsNat.of_raw ℝ 2))
                              (Mathlib.Meta.NormNum.IsInt.of_raw ℝ (Int.negOfNat 1)) (Eq.refl (Int.negOfNat 2))))))
                      (Mathlib.Tactic.Ring.Common.mul_add
                        (Mathlib.Tactic.Ring.Common.mul_pf_right (√(a ^ 2 + b ^ 2 + c ^ 2)) (Nat.rawCast 2)
                          (Mathlib.Meta.NormNum.IsNat.to_raw_eq
                            (Mathlib.Meta.NormNum.isNat_mul (Eq.refl HMul.hMul) (Mathlib.Meta.NormNum.IsNat.of_raw ℝ 2)
                              (Mathlib.Meta.NormNum.IsNat.of_raw ℝ 1) (Eq.refl 2))))
                        (Mathlib.Tactic.Ring.Common.mul_zero (Nat.rawCast 2))
                        (Mathlib.Tactic.Ring.Common.add_pf_add_zero
                          (√(a ^ 2 + b ^ 2 + c ^ 2) ^ Nat.rawCast 2 * Nat.rawCast 2 + 0)))
                      (Mathlib.Tactic.Ring.Common.add_pf_add_lt
                        (FixedQuadratic.quadraticMahler a x y ^ Nat.rawCast 1 *
                          (√(a ^ 2 + b ^ 2 + c ^ 2) ^ Nat.rawCast 1 * (Int.negOfNat 2).rawCast))
                        (Mathlib.Tactic.Ring.Common.add_pf_zero_add
                          (√(a ^ 2 + b ^ 2 + c ^ 2) ^ Nat.rawCast 2 * Nat.rawCast 2 + 0))))
                    (Mathlib.Tactic.Ring.Common.zero_mul
                      (FixedQuadratic.quadraticMahler a x y ^ Nat.rawCast 1 *
                          (√(a ^ 2 + b ^ 2 + c ^ 2) ^ Nat.rawCast 1 * (Int.negOfNat 1).rawCast) +
                        (√(a ^ 2 + b ^ 2 + c ^ 2) ^ Nat.rawCast 2 * Nat.rawCast 1 + 0)))
                    (Mathlib.Tactic.Ring.Common.add_pf_add_zero
                      (FixedQuadratic.quadraticMahler a x y ^ Nat.rawCast 1 *
                          (√(a ^ 2 + b ^ 2 + c ^ 2) ^ Nat.rawCast 1 * (Int.negOfNat 2).rawCast) +
                        (√(a ^ 2 + b ^ 2 + c ^ 2) ^ Nat.rawCast 2 * Nat.rawCast 2 + 0)))))
                (Mathlib.Tactic.Ring.Common.add_pf_add_gt
                  (FixedQuadratic.quadraticMahler a x y ^ Nat.rawCast 1 *
                    (√(a ^ 2 + b ^ 2 + c ^ 2) ^ Nat.rawCast 1 * (Int.negOfNat 2).rawCast))
                  (Mathlib.Tactic.Ring.Common.add_pf_add_lt
                    (FixedQuadratic.quadraticMahler a x y ^ Nat.rawCast 2 * Nat.rawCast 1)
                    (Mathlib.Tactic.Ring.Common.add_pf_add_overlap
                      (Mathlib.Tactic.Ring.Common.add_overlap_pf (√(a ^ 2 + b ^ 2 + c ^ 2)) (Nat.rawCast 2)
                        (Mathlib.Meta.NormNum.IsNat.to_raw_eq
                          (Mathlib.Meta.NormNum.IsInt.to_isNat
                            (Mathlib.Meta.NormNum.isInt_add (Eq.refl HAdd.hAdd)
                              (Mathlib.Meta.NormNum.IsInt.of_raw ℝ (Int.negOfNat 1))
                              (Mathlib.Meta.NormNum.IsNat.to_isInt (Mathlib.Meta.NormNum.IsNat.of_raw ℝ 2))
                              (Eq.refl (Int.ofNat 1))))))
                      (Mathlib.Tactic.Ring.Common.add_pf_zero_add 0)))))
              (Mathlib.Tactic.Ring.Common.sub_congr
                (Mathlib.Tactic.Ring.cast_zero (Mathlib.Meta.NormNum.isNat_ofNat ℝ Nat.cast_zero))
                (Mathlib.Tactic.Ring.Common.mul_congr
                  (Mathlib.Tactic.Ring.Common.sub_congr
                    (Mathlib.Tactic.Ring.Common.atom_pf (√(a ^ 2 + b ^ 2 + c ^ 2)) rfl
                      (Eq.mpr
                        (id
                          (congrArg
                            (fun _a =>
                              √(a ^ 2 + b ^ 2 + c ^ 2) ^ Nat.rawCast 1 * Nat.rawCast 1 =
                                √(a ^ 2 + b ^ 2 + c ^ 2) ^ Nat.rawCast 1 * _a)
                            (Eq.symm rfl)))
                        (Eq.refl (√(a ^ 2 + b ^ 2 + c ^ 2) ^ Nat.rawCast 1 * Nat.rawCast 1))))
                    (Mathlib.Tactic.Ring.Common.atom_pf (FixedQuadratic.quadraticMahler a x y) rfl
                      (Eq.mpr
                        (id
                          (congrArg
                            (fun _a =>
                              FixedQuadratic.quadraticMahler a x y ^ Nat.rawCast 1 * Nat.rawCast 1 =
                                FixedQuadratic.quadraticMahler a x y ^ Nat.rawCast 1 * _a)
                            (Eq.symm rfl)))
                        (Eq.refl (FixedQuadratic.quadraticMahler a x y ^ Nat.rawCast 1 * Nat.rawCast 1))))
                    (Mathlib.Tactic.Ring.Common.sub_pf
                      (Mathlib.Tactic.Ring.Common.neg_add
                        (Mathlib.Tactic.Ring.Common.neg_mul (FixedQuadratic.quadraticMahler a x y) (Nat.rawCast 1)
                          (Mathlib.Meta.NormNum.IsInt.to_raw_eq
                            (Mathlib.Meta.NormNum.isInt_neg (Eq.refl Neg.neg)
                              (Mathlib.Meta.NormNum.IsNat.to_isInt (Mathlib.Meta.NormNum.IsNat.of_raw ℝ 1))
                              (Eq.refl (Int.negOfNat 1)))))
                        Mathlib.Tactic.Ring.Common.neg_zero)
                      (Mathlib.Tactic.Ring.Common.add_pf_add_gt
                        (FixedQuadratic.quadraticMahler a x y ^ Nat.rawCast 1 * (Int.negOfNat 1).rawCast)
                        (Mathlib.Tactic.Ring.Common.add_pf_add_zero
                          (√(a ^ 2 + b ^ 2 + c ^ 2) ^ Nat.rawCast 1 * Nat.rawCast 1 + 0)))))
                  (Mathlib.Tactic.Ring.Common.sub_congr
                    (Mathlib.Tactic.Ring.Common.atom_pf (√(a ^ 2 + b ^ 2 + c ^ 2)) rfl
                      (Eq.mpr
                        (id
                          (congrArg
                            (fun _a =>
                              √(a ^ 2 + b ^ 2 + c ^ 2) ^ Nat.rawCast 1 * Nat.rawCast 1 =
                                √(a ^ 2 + b ^ 2 + c ^ 2) ^ Nat.rawCast 1 * _a)
                            (Eq.symm rfl)))
                        (Eq.refl (√(a ^ 2 + b ^ 2 + c ^ 2) ^ Nat.rawCast 1 * Nat.rawCast 1))))
                    (Mathlib.Tactic.Ring.Common.atom_pf (FixedQuadratic.quadraticMahler a x y) rfl
                      (Eq.mpr
                        (id
                          (congrArg
                            (fun _a =>
                              FixedQuadratic.quadraticMahler a x y ^ Nat.rawCast 1 * Nat.rawCast 1 =
                                FixedQuadratic.quadraticMahler a x y ^ Nat.rawCast 1 * _a)
                            (Eq.symm rfl)))
                        (Eq.refl (FixedQuadratic.quadraticMahler a x y ^ Nat.rawCast 1 * Nat.rawCast 1))))
                    (Mathlib.Tactic.Ring.Common.sub_pf
                      (Mathlib.Tactic.Ring.Common.neg_add
                        (Mathlib.Tactic.Ring.Common.neg_mul (FixedQuadratic.quadraticMahler a x y) (Nat.rawCast 1)
                          (Mathlib.Meta.NormNum.IsInt.to_raw_eq
                            (Mathlib.Meta.NormNum.isInt_neg (Eq.refl Neg.neg)
                              (Mathlib.Meta.NormNum.IsNat.to_isInt (Mathlib.Meta.NormNum.IsNat.of_raw ℝ 1))
                              (Eq.refl (Int.negOfNat 1)))))
                        Mathlib.Tactic.Ring.Common.neg_zero)
                      (Mathlib.Tactic.Ring.Common.add_pf_add_gt
                        (FixedQuadratic.quadraticMahler a x y ^ Nat.rawCast 1 * (Int.negOfNat 1).rawCast)
                        (Mathlib.Tactic.Ring.Common.add_pf_add_zero
                          (√(a ^ 2 + b ^ 2 + c ^ 2) ^ Nat.rawCast 1 * Nat.rawCast 1 + 0)))))
                  (Mathlib.Tactic.Ring.Common.add_mul
                    (Mathlib.Tactic.Ring.Common.mul_add
                      (Mathlib.Tactic.Ring.Common.mul_pp_pf_overlap (FixedQuadratic.quadraticMahler a x y)
                        (Mathlib.Meta.NormNum.IsNat.to_raw_eq
                          (Mathlib.Meta.NormNum.isNat_add (Eq.refl HAdd.hAdd) (Mathlib.Meta.NormNum.IsNat.of_raw ℕ 1)
                            (Mathlib.Meta.NormNum.IsNat.of_raw ℕ 1) (Eq.refl 2)))
                        (Mathlib.Meta.NormNum.IsNat.to_raw_eq
                          (Mathlib.Meta.NormNum.IsInt.to_isNat
                            (Mathlib.Meta.NormNum.isInt_mul (Eq.refl HMul.hMul)
                              (Mathlib.Meta.NormNum.IsInt.of_raw ℝ (Int.negOfNat 1))
                              (Mathlib.Meta.NormNum.IsInt.of_raw ℝ (Int.negOfNat 1)) (Eq.refl (Int.ofNat 1))))))
                      (Mathlib.Tactic.Ring.Common.mul_add
                        (Mathlib.Tactic.Ring.Common.mul_pf_left (FixedQuadratic.quadraticMahler a x y) (Nat.rawCast 1)
                          (Mathlib.Tactic.Ring.Common.mul_pf_right (√(a ^ 2 + b ^ 2 + c ^ 2)) (Nat.rawCast 1)
                            (Mathlib.Meta.NormNum.IsInt.to_raw_eq
                              (Mathlib.Meta.NormNum.isInt_mul (Eq.refl HMul.hMul)
                                (Mathlib.Meta.NormNum.IsInt.of_raw ℝ (Int.negOfNat 1))
                                (Mathlib.Meta.NormNum.IsNat.to_isInt (Mathlib.Meta.NormNum.IsNat.of_raw ℝ 1))
                                (Eq.refl (Int.negOfNat 1))))))
                        (Mathlib.Tactic.Ring.Common.mul_zero
                          (FixedQuadratic.quadraticMahler a x y ^ Nat.rawCast 1 * (Int.negOfNat 1).rawCast))
                        (Mathlib.Tactic.Ring.Common.add_pf_add_zero
                          (FixedQuadratic.quadraticMahler a x y ^ Nat.rawCast 1 *
                              (√(a ^ 2 + b ^ 2 + c ^ 2) ^ Nat.rawCast 1 * (Int.negOfNat 1).rawCast) +
                            0)))
                      (Mathlib.Tactic.Ring.Common.add_pf_add_gt
                        (FixedQuadratic.quadraticMahler a x y ^ Nat.rawCast 1 *
                          (√(a ^ 2 + b ^ 2 + c ^ 2) ^ Nat.rawCast 1 * (Int.negOfNat 1).rawCast))
                        (Mathlib.Tactic.Ring.Common.add_pf_add_zero
                          (FixedQuadratic.quadraticMahler a x y ^ Nat.rawCast 2 * Nat.rawCast 1 + 0))))
                    (Mathlib.Tactic.Ring.Common.add_mul
                      (Mathlib.Tactic.Ring.Common.mul_add
                        (Mathlib.Tactic.Ring.Common.mul_pf_right (FixedQuadratic.quadraticMahler a x y) (Nat.rawCast 1)
                          (Mathlib.Tactic.Ring.Common.mul_pf_left (√(a ^ 2 + b ^ 2 + c ^ 2)) (Nat.rawCast 1)
                            (Mathlib.Meta.NormNum.IsInt.to_raw_eq
                              (Mathlib.Meta.NormNum.isInt_mul (Eq.refl HMul.hMul)
                                (Mathlib.Meta.NormNum.IsNat.to_isInt (Mathlib.Meta.NormNum.IsNat.of_raw ℝ 1))
                                (Mathlib.Meta.NormNum.IsInt.of_raw ℝ (Int.negOfNat 1)) (Eq.refl (Int.negOfNat 1))))))
                        (Mathlib.Tactic.Ring.Common.mul_add
                          (Mathlib.Tactic.Ring.Common.mul_pp_pf_overlap (√(a ^ 2 + b ^ 2 + c ^ 2))
                            (Mathlib.Meta.NormNum.IsNat.to_raw_eq
                              (Mathlib.Meta.NormNum.isNat_add (Eq.refl HAdd.hAdd)
                                (Mathlib.Meta.NormNum.IsNat.of_raw ℕ 1) (Mathlib.Meta.NormNum.IsNat.of_raw ℕ 1)
                                (Eq.refl 2)))
                            (Mathlib.Meta.NormNum.IsNat.to_raw_eq
                              (Mathlib.Meta.NormNum.isNat_mul (Eq.refl HMul.hMul)
                                (Mathlib.Meta.NormNum.IsNat.of_raw ℝ 1) (Mathlib.Meta.NormNum.IsNat.of_raw ℝ 1)
                                (Eq.refl 1))))
                          (Mathlib.Tactic.Ring.Common.mul_zero
                            (√(a ^ 2 + b ^ 2 + c ^ 2) ^ Nat.rawCast 1 * Nat.rawCast 1))
                          (Mathlib.Tactic.Ring.Common.add_pf_add_zero
                            (√(a ^ 2 + b ^ 2 + c ^ 2) ^ Nat.rawCast 2 * Nat.rawCast 1 + 0)))
                        (Mathlib.Tactic.Ring.Common.add_pf_add_lt
                          (FixedQuadratic.quadraticMahler a x y ^ Nat.rawCast 1 *
                            (√(a ^ 2 + b ^ 2 + c ^ 2) ^ Nat.rawCast 1 * (Int.negOfNat 1).rawCast))
                          (Mathlib.Tactic.Ring.Common.add_pf_zero_add
                            (√(a ^ 2 + b ^ 2 + c ^ 2) ^ Nat.rawCast 2 * Nat.rawCast 1 + 0))))
                      (Mathlib.Tactic.Ring.Common.zero_mul
                        (FixedQuadratic.quadraticMahler a x y ^ Nat.rawCast 1 * (Int.negOfNat 1).rawCast +
                          (√(a ^ 2 + b ^ 2 + c ^ 2) ^ Nat.rawCast 1 * Nat.rawCast 1 + 0)))
                      (Mathlib.Tactic.Ring.Common.add_pf_add_zero
                        (FixedQuadratic.quadraticMahler a x y ^ Nat.rawCast 1 *
                            (√(a ^ 2 + b ^ 2 + c ^ 2) ^ Nat.rawCast 1 * (Int.negOfNat 1).rawCast) +
                          (√(a ^ 2 + b ^ 2 + c ^ 2) ^ Nat.rawCast 2 * Nat.rawCast 1 + 0))))
                    (Mathlib.Tactic.Ring.Common.add_pf_add_overlap
                      (Mathlib.Tactic.Ring.Common.add_overlap_pf (FixedQuadratic.quadraticMahler a x y) (Nat.rawCast 1)
                        (Mathlib.Tactic.Ring.Common.add_overlap_pf (√(a ^ 2 + b ^ 2 + c ^ 2)) (Nat.rawCast 1)
                          (Mathlib.Meta.NormNum.IsInt.to_raw_eq
                            (Mathlib.Meta.NormNum.isInt_add (Eq.refl HAdd.hAdd)
                              (Mathlib.Meta.NormNum.IsInt.of_raw ℝ (Int.negOfNat 1))
                              (Mathlib.Meta.NormNum.IsInt.of_raw ℝ (Int.negOfNat 1)) (Eq.refl (Int.negOfNat 2))))))
                      (Mathlib.Tactic.Ring.Common.add_pf_add_lt
                        (FixedQuadratic.quadraticMahler a x y ^ Nat.rawCast 2 * Nat.rawCast 1)
                        (Mathlib.Tactic.Ring.Common.add_pf_zero_add
                          (√(a ^ 2 + b ^ 2 + c ^ 2) ^ Nat.rawCast 2 * Nat.rawCast 1 + 0))))))
                (Mathlib.Tactic.Ring.Common.sub_pf
                  (Mathlib.Tactic.Ring.Common.neg_add
                    (Mathlib.Tactic.Ring.Common.neg_mul (FixedQuadratic.quadraticMahler a x y) (Nat.rawCast 1)
                      (Mathlib.Tactic.Ring.Common.neg_mul (√(a ^ 2 + b ^ 2 + c ^ 2)) (Nat.rawCast 1)
                        (Mathlib.Meta.NormNum.IsNat.to_raw_eq
                          (Mathlib.Meta.NormNum.IsInt.to_isNat
                            (Mathlib.Meta.NormNum.isInt_neg (Eq.refl Neg.neg)
                              (Mathlib.Meta.NormNum.IsInt.of_raw ℝ (Int.negOfNat 2)) (Eq.refl (Int.ofNat 2)))))))
                    (Mathlib.Tactic.Ring.Common.neg_add
                      (Mathlib.Tactic.Ring.Common.neg_mul (FixedQuadratic.quadraticMahler a x y) (Nat.rawCast 2)
                        (Mathlib.Meta.NormNum.IsInt.to_raw_eq
                          (Mathlib.Meta.NormNum.isInt_neg (Eq.refl Neg.neg)
                            (Mathlib.Meta.NormNum.IsNat.to_isInt (Mathlib.Meta.NormNum.IsNat.of_raw ℝ 1))
                            (Eq.refl (Int.negOfNat 1)))))
                      (Mathlib.Tactic.Ring.Common.neg_add
                        (Mathlib.Tactic.Ring.Common.neg_mul (√(a ^ 2 + b ^ 2 + c ^ 2)) (Nat.rawCast 2)
                          (Mathlib.Meta.NormNum.IsInt.to_raw_eq
                            (Mathlib.Meta.NormNum.isInt_neg (Eq.refl Neg.neg)
                              (Mathlib.Meta.NormNum.IsNat.to_isInt (Mathlib.Meta.NormNum.IsNat.of_raw ℝ 1))
                              (Eq.refl (Int.negOfNat 1)))))
                        Mathlib.Tactic.Ring.Common.neg_zero)))
                  (Mathlib.Tactic.Ring.Common.add_pf_zero_add
                    (FixedQuadratic.quadraticMahler a x y ^ Nat.rawCast 1 *
                        (√(a ^ 2 + b ^ 2 + c ^ 2) ^ Nat.rawCast 1 * Nat.rawCast 2) +
                      (FixedQuadratic.quadraticMahler a x y ^ Nat.rawCast 2 * (Int.negOfNat 1).rawCast +
                        (√(a ^ 2 + b ^ 2 + c ^ 2) ^ Nat.rawCast 2 * (Int.negOfNat 1).rawCast + 0))))))
              (Mathlib.Tactic.Ring.Common.add_pf_add_overlap_zero
                (Mathlib.Tactic.Ring.Common.add_overlap_pf_zero (FixedQuadratic.quadraticMahler a x y) (Nat.rawCast 1)
                  (Mathlib.Tactic.Ring.Common.add_overlap_pf_zero (√(a ^ 2 + b ^ 2 + c ^ 2)) (Nat.rawCast 1)
                    (Mathlib.Meta.NormNum.IsInt.to_isNat
                      (Mathlib.Meta.NormNum.isInt_add (Eq.refl HAdd.hAdd)
                        (Mathlib.Meta.NormNum.IsInt.of_raw ℝ (Int.negOfNat 2))
                        (Mathlib.Meta.NormNum.IsNat.to_isInt (Mathlib.Meta.NormNum.IsNat.of_raw ℝ 2))
                        (Eq.refl (Int.ofNat 0))))))
                (Mathlib.Tactic.Ring.Common.add_pf_add_overlap_zero
                  (Mathlib.Tactic.Ring.Common.add_overlap_pf_zero (FixedQuadratic.quadraticMahler a x y) (Nat.rawCast 2)
                    (Mathlib.Meta.NormNum.IsInt.to_isNat
                      (Mathlib.Meta.NormNum.isInt_add (Eq.refl HAdd.hAdd)
                        (Mathlib.Meta.NormNum.IsNat.to_isInt (Mathlib.Meta.NormNum.IsNat.of_raw ℝ 1))
                        (Mathlib.Meta.NormNum.IsInt.of_raw ℝ (Int.negOfNat 1)) (Eq.refl (Int.ofNat 0)))))
                  (Mathlib.Tactic.Ring.Common.add_pf_add_overlap_zero
                    (Mathlib.Tactic.Ring.Common.add_overlap_pf_zero (√(a ^ 2 + b ^ 2 + c ^ 2)) (Nat.rawCast 2)
                      (Mathlib.Meta.NormNum.IsInt.to_isNat
                        (Mathlib.Meta.NormNum.isInt_add (Eq.refl HAdd.hAdd)
                          (Mathlib.Meta.NormNum.IsNat.to_isInt (Mathlib.Meta.NormNum.IsNat.of_raw ℝ 1))
                          (Mathlib.Meta.NormNum.IsInt.of_raw ℝ (Int.negOfNat 1)) (Eq.refl (Int.ofNat 0)))))
                    (Mathlib.Tactic.Ring.Common.add_pf_zero_add 0)))))
            (Mathlib.Tactic.Ring.cast_zero (Mathlib.Meta.NormNum.isNat_ofNat ℝ Nat.cast_zero))))
        (Mathlib.Tactic.Linarith.add_lt_of_le_of_neg
          (Mathlib.Tactic.Linarith.add_nonpos
            (Mathlib.Tactic.Linarith.le_of_le_of_eq (Mathlib.Tactic.Linarith.sub_nonpos_of_le hs)
              (neg_eq_zero.mpr (sub_eq_zero_of_eq he)))
            (Mathlib.Tactic.Linarith.mul_nonpos
              (Mathlib.Tactic.Linarith.sub_nonpos_of_le
                (mul_nonneg_of_nonpos_of_nonpos (Mathlib.Tactic.Linarith.sub_nonpos_of_le hp)
                  (le_of_lt (Mathlib.Tactic.Linarith.sub_neg_of_lt a_1))))
              (Mathlib.Meta.NormNum.isNat_lt_true (Mathlib.Meta.NormNum.isNat_ofNat ℝ Nat.cast_zero)
                (Mathlib.Meta.NormNum.isNat_ofNat ℝ (Eq.refl 2)) (Eq.refl false))))
          (Mathlib.Tactic.Linarith.sub_neg_of_lt
            (mul_pos_of_neg_of_neg (Mathlib.Tactic.Linarith.sub_neg_of_lt a_1)
              (Mathlib.Tactic.Linarith.sub_neg_of_lt a_1)))))
'FixedQuadratic.quadraticMahler_le_l2' depends on axioms: [propext, Classical.choice, Quot.sound]
theorem FixedQuadratic.quadraticMahler_le_sqrt_three_height : ∀ (a b c x y H : ℝ),
  0 ≤ a →
    0 ≤ H →
      a ≤ H → |b| ≤ H → |c| ≤ H → b = -a * (x + y) → c = a * x * y → FixedQuadratic.quadraticMahler a x y ≤ √3 * H :=
fun a b c x y H ha hH haH hbH hcH hb hc =>
  have hs := FixedQuadratic.quadraticMahler_sq_le a b c x y ha hb hc;
  have ha2 :=
    le_of_not_gt fun a_1 =>
      Mathlib.Tactic.Linarith.lt_irrefl
        (Eq.mp
          (congrArg (fun _a => _a < 0)
            (Mathlib.Tactic.Ring.of_eq
              (Mathlib.Tactic.Ring.Common.add_congr
                (Mathlib.Tactic.Ring.Common.add_congr
                  (Mathlib.Tactic.Ring.Common.sub_congr
                    (Mathlib.Tactic.Ring.Common.pow_congr
                      (Mathlib.Tactic.Ring.Common.atom_pf H rfl
                        (Eq.mpr
                          (id
                            (congrArg (fun _a => H ^ Nat.rawCast 1 * Nat.rawCast 1 = H ^ Nat.rawCast 1 * _a)
                              (Eq.symm rfl)))
                          (Eq.refl (H ^ Nat.rawCast 1 * Nat.rawCast 1))))
                      (Mathlib.Tactic.Ring.cast_pos (Mathlib.Meta.NormNum.isNat_ofNat ℕ (Eq.refl 2)))
                      (Mathlib.Tactic.Ring.Common.pow_add
                        (Mathlib.Tactic.Ring.Common.single_pow
                          (Mathlib.Tactic.Ring.Common.mul_pow_mul
                            (Mathlib.Meta.NormNum.IsNat.to_raw_eq
                              (Mathlib.Meta.NormNum.isNat_mul (Eq.refl HMul.hMul)
                                (Mathlib.Meta.NormNum.IsNat.of_raw ℕ 1) (Mathlib.Meta.NormNum.IsNat.of_raw ℕ 2)
                                (Eq.refl 2)))
                            (Mathlib.Tactic.Ring.Common.one_pow (Nat.rawCast 2) { out := rfl })
                            (Eq.mpr
                              (id
                                (congrArg (fun _a => H ^ Nat.rawCast 2 * Nat.rawCast 1 = H ^ Nat.rawCast 2 * _a)
                                  (Eq.symm rfl)))
                              (Eq.refl (H ^ Nat.rawCast 2 * Nat.rawCast 1)))
                            (Mathlib.Tactic.Ring.Common.mul_pf_left H (Nat.rawCast 2)
                              (Mathlib.Meta.NormNum.IsNat.to_raw_eq
                                (Mathlib.Meta.NormNum.isNat_mul (Eq.refl HMul.hMul)
                                  (Mathlib.Meta.NormNum.IsNat.of_raw ℝ 1) (Mathlib.Meta.NormNum.IsNat.of_raw ℝ 1)
                                  (Eq.refl 1))))))
                        (Mathlib.Tactic.Ring.Common.pow_zero (H ^ Nat.rawCast 1 * Nat.rawCast 1 + 0) rfl)
                        (Mathlib.Tactic.Ring.Common.add_mul
                          (Mathlib.Tactic.Ring.Common.mul_add
                            (Mathlib.Tactic.Ring.Common.mul_pf_left H (Nat.rawCast 2)
                              (Mathlib.Meta.NormNum.IsNat.to_raw_eq
                                (Mathlib.Meta.NormNum.isNat_mul (Eq.refl HMul.hMul)
                                  (Mathlib.Meta.NormNum.IsNat.of_raw ℝ 1) (Mathlib.Meta.NormNum.IsNat.of_raw ℝ 1)
                                  (Eq.refl 1))))
                            (Mathlib.Tactic.Ring.Common.mul_zero (H ^ Nat.rawCast 2 * Nat.rawCast 1))
                            (Mathlib.Tactic.Ring.Common.add_pf_add_zero (H ^ Nat.rawCast 2 * Nat.rawCast 1 + 0)))
                          (Mathlib.Tactic.Ring.Common.zero_mul (Nat.rawCast 1 + 0))
                          (Mathlib.Tactic.Ring.Common.add_pf_add_zero (H ^ Nat.rawCast 2 * Nat.rawCast 1 + 0)))))
                    (Mathlib.Tactic.Ring.Common.pow_congr
                      (Mathlib.Tactic.Ring.Common.atom_pf a rfl
                        (Eq.mpr
                          (id
                            (congrArg (fun _a => a ^ Nat.rawCast 1 * Nat.rawCast 1 = a ^ Nat.rawCast 1 * _a)
                              (Eq.symm rfl)))
                          (Eq.refl (a ^ Nat.rawCast 1 * Nat.rawCast 1))))
                      (Mathlib.Tactic.Ring.cast_pos (Mathlib.Meta.NormNum.isNat_ofNat ℕ (Eq.refl 2)))
                      (Mathlib.Tactic.Ring.Common.pow_add
                        (Mathlib.Tactic.Ring.Common.single_pow
                          (Mathlib.Tactic.Ring.Common.mul_pow_mul
                            (Mathlib.Meta.NormNum.IsNat.to_raw_eq
                              (Mathlib.Meta.NormNum.isNat_mul (Eq.refl HMul.hMul)
                                (Mathlib.Meta.NormNum.IsNat.of_raw ℕ 1) (Mathlib.Meta.NormNum.IsNat.of_raw ℕ 2)
                                (Eq.refl 2)))
                            (Mathlib.Tactic.Ring.Common.one_pow (Nat.rawCast 2) { out := rfl })
                            (Eq.mpr
                              (id
                                (congrArg (fun _a => a ^ Nat.rawCast 2 * Nat.rawCast 1 = a ^ Nat.rawCast 2 * _a)
                                  (Eq.symm rfl)))
                              (Eq.refl (a ^ Nat.rawCast 2 * Nat.rawCast 1)))
                            (Mathlib.Tactic.Ring.Common.mul_pf_left a (Nat.rawCast 2)
                              (Mathlib.Meta.NormNum.IsNat.to_raw_eq
                                (Mathlib.Meta.NormNum.isNat_mul (Eq.refl HMul.hMul)
                                  (Mathlib.Meta.NormNum.IsNat.of_raw ℝ 1) (Mathlib.Meta.NormNum.IsNat.of_raw ℝ 1)
                                  (Eq.refl 1))))))
                        (Mathlib.Tactic.Ring.Common.pow_zero (a ^ Nat.rawCast 1 * Nat.rawCast 1 + 0) rfl)
                        (Mathlib.Tactic.Ring.Common.add_mul
                          (Mathlib.Tactic.Ring.Common.mul_add
                            (Mathlib.Tactic.Ring.Common.mul_pf_left a (Nat.rawCast 2)
                              (Mathlib.Meta.NormNum.IsNat.to_raw_eq
                                (Mathlib.Meta.NormNum.isNat_mul (Eq.refl HMul.hMul)
                                  (Mathlib.Meta.NormNum.IsNat.of_raw ℝ 1) (Mathlib.Meta.NormNum.IsNat.of_raw ℝ 1)
                                  (Eq.refl 1))))
                            (Mathlib.Tactic.Ring.Common.mul_zero (a ^ Nat.rawCast 2 * Nat.rawCast 1))
                            (Mathlib.Tactic.Ring.Common.add_pf_add_zero (a ^ Nat.rawCast 2 * Nat.rawCast 1 + 0)))
                          (Mathlib.Tactic.Ring.Common.zero_mul (Nat.rawCast 1 + 0))
                          (Mathlib.Tactic.Ring.Common.add_pf_add_zero (a ^ Nat.rawCast 2 * Nat.rawCast 1 + 0)))))
                    (Mathlib.Tactic.Ring.Common.sub_pf
                      (Mathlib.Tactic.Ring.Common.neg_add
                        (Mathlib.Tactic.Ring.Common.neg_mul a (Nat.rawCast 2)
                          (Mathlib.Meta.NormNum.IsInt.to_raw_eq
                            (Mathlib.Meta.NormNum.isInt_neg (Eq.refl Neg.neg)
                              (Mathlib.Meta.NormNum.IsNat.to_isInt (Mathlib.Meta.NormNum.IsNat.of_raw ℝ 1))
                              (Eq.refl (Int.negOfNat 1)))))
                        Mathlib.Tactic.Ring.Common.neg_zero)
                      (Mathlib.Tactic.Ring.Common.add_pf_add_lt (H ^ Nat.rawCast 2 * Nat.rawCast 1)
                        (Mathlib.Tactic.Ring.Common.add_pf_zero_add
                          (a ^ Nat.rawCast 2 * (Int.negOfNat 1).rawCast + 0)))))
                  (Mathlib.Tactic.Ring.Common.sub_congr
                    (Mathlib.Tactic.Ring.cast_zero (Mathlib.Meta.NormNum.isNat_ofNat ℝ Nat.cast_zero))
                    (Mathlib.Tactic.Ring.Common.mul_congr
                      (Mathlib.Tactic.Ring.Common.sub_congr
                        (Mathlib.Tactic.Ring.cast_zero (Mathlib.Meta.NormNum.isNat_ofNat ℝ Nat.cast_zero))
                        (Mathlib.Tactic.Ring.Common.atom_pf a rfl
                          (Eq.mpr
                            (id
                              (congrArg (fun _a => a ^ Nat.rawCast 1 * Nat.rawCast 1 = a ^ Nat.rawCast 1 * _a)
                                (Eq.symm rfl)))
                            (Eq.refl (a ^ Nat.rawCast 1 * Nat.rawCast 1))))
                        (Mathlib.Tactic.Ring.Common.sub_pf
                          (Mathlib.Tactic.Ring.Common.neg_add
                            (Mathlib.Tactic.Ring.Common.neg_mul a (Nat.rawCast 1)
                              (Mathlib.Meta.NormNum.IsInt.to_raw_eq
                                (Mathlib.Meta.NormNum.isInt_neg (Eq.refl Neg.neg)
                                  (Mathlib.Meta.NormNum.IsNat.to_isInt (Mathlib.Meta.NormNum.IsNat.of_raw ℝ 1))
                                  (Eq.refl (Int.negOfNat 1)))))
                            Mathlib.Tactic.Ring.Common.neg_zero)
                          (Mathlib.Tactic.Ring.Common.add_pf_zero_add
                            (a ^ Nat.rawCast 1 * (Int.negOfNat 1).rawCast + 0))))
                      (Mathlib.Tactic.Ring.Common.sub_congr
                        (Mathlib.Tactic.Ring.Common.atom_pf a rfl
                          (Eq.mpr
                            (id
                              (congrArg (fun _a => a ^ Nat.rawCast 1 * Nat.rawCast 1 = a ^ Nat.rawCast 1 * _a)
                                (Eq.symm rfl)))
                            (Eq.refl (a ^ Nat.rawCast 1 * Nat.rawCast 1))))
                        (Mathlib.Tactic.Ring.Common.atom_pf H rfl
                          (Eq.mpr
                            (id
                              (congrArg (fun _a => H ^ Nat.rawCast 1 * Nat.rawCast 1 = H ^ Nat.rawCast 1 * _a)
                                (Eq.symm rfl)))
                            (Eq.refl (H ^ Nat.rawCast 1 * Nat.rawCast 1))))
                        (Mathlib.Tactic.Ring.Common.sub_pf
                          (Mathlib.Tactic.Ring.Common.neg_add
                            (Mathlib.Tactic.Ring.Common.neg_mul H (Nat.rawCast 1)
                              (Mathlib.Meta.NormNum.IsInt.to_raw_eq
                                (Mathlib.Meta.NormNum.isInt_neg (Eq.refl Neg.neg)
                                  (Mathlib.Meta.NormNum.IsNat.to_isInt (Mathlib.Meta.NormNum.IsNat.of_raw ℝ 1))
                                  (Eq.refl (Int.negOfNat 1)))))
                            Mathlib.Tactic.Ring.Common.neg_zero)
                          (Mathlib.Tactic.Ring.Common.add_pf_add_gt (H ^ Nat.rawCast 1 * (Int.negOfNat 1).rawCast)
                            (Mathlib.Tactic.Ring.Common.add_pf_add_zero (a ^ Nat.rawCast 1 * Nat.rawCast 1 + 0)))))
                      (Mathlib.Tactic.Ring.Common.add_mul
                        (Mathlib.Tactic.Ring.Common.mul_add
                          (Mathlib.Tactic.Ring.Common.mul_pf_right H (Nat.rawCast 1)
                            (Mathlib.Tactic.Ring.Common.mul_pf_left a (Nat.rawCast 1)
                              (Mathlib.Meta.NormNum.IsNat.to_raw_eq
                                (Mathlib.Meta.NormNum.IsInt.to_isNat
                                  (Mathlib.Meta.NormNum.isInt_mul (Eq.refl HMul.hMul)
                                    (Mathlib.Meta.NormNum.IsInt.of_raw ℝ (Int.negOfNat 1))
                                    (Mathlib.Meta.NormNum.IsInt.of_raw ℝ (Int.negOfNat 1)) (Eq.refl (Int.ofNat 1)))))))
                          (Mathlib.Tactic.Ring.Common.mul_add
                            (Mathlib.Tactic.Ring.Common.mul_pp_pf_overlap a
                              (Mathlib.Meta.NormNum.IsNat.to_raw_eq
                                (Mathlib.Meta.NormNum.isNat_add (Eq.refl HAdd.hAdd)
                                  (Mathlib.Meta.NormNum.IsNat.of_raw ℕ 1) (Mathlib.Meta.NormNum.IsNat.of_raw ℕ 1)
                                  (Eq.refl 2)))
                              (Mathlib.Meta.NormNum.IsInt.to_raw_eq
                                (Mathlib.Meta.NormNum.isInt_mul (Eq.refl HMul.hMul)
                                  (Mathlib.Meta.NormNum.IsInt.of_raw ℝ (Int.negOfNat 1))
                                  (Mathlib.Meta.NormNum.IsNat.to_isInt (Mathlib.Meta.NormNum.IsNat.of_raw ℝ 1))
                                  (Eq.refl (Int.negOfNat 1)))))
                            (Mathlib.Tactic.Ring.Common.mul_zero (a ^ Nat.rawCast 1 * (Int.negOfNat 1).rawCast))
                            (Mathlib.Tactic.Ring.Common.add_pf_add_zero
                              (a ^ Nat.rawCast 2 * (Int.negOfNat 1).rawCast + 0)))
                          (Mathlib.Tactic.Ring.Common.add_pf_add_lt
                            (H ^ Nat.rawCast 1 * (a ^ Nat.rawCast 1 * Nat.rawCast 1))
                            (Mathlib.Tactic.Ring.Common.add_pf_zero_add
                              (a ^ Nat.rawCast 2 * (Int.negOfNat 1).rawCast + 0))))
                        (Mathlib.Tactic.Ring.Common.zero_mul
                          (H ^ Nat.rawCast 1 * (Int.negOfNat 1).rawCast + (a ^ Nat.rawCast 1 * Nat.rawCast 1 + 0)))
                        (Mathlib.Tactic.Ring.Common.add_pf_add_zero
                          (H ^ Nat.rawCast 1 * (a ^ Nat.rawCast 1 * Nat.rawCast 1) +
                            (a ^ Nat.rawCast 2 * (Int.negOfNat 1).rawCast + 0)))))
                    (Mathlib.Tactic.Ring.Common.sub_pf
                      (Mathlib.Tactic.Ring.Common.neg_add
                        (Mathlib.Tactic.Ring.Common.neg_mul H (Nat.rawCast 1)
                          (Mathlib.Tactic.Ring.Common.neg_mul a (Nat.rawCast 1)
                            (Mathlib.Meta.NormNum.IsInt.to_raw_eq
                              (Mathlib.Meta.NormNum.isInt_neg (Eq.refl Neg.neg)
                                (Mathlib.Meta.NormNum.IsNat.to_isInt (Mathlib.Meta.NormNum.IsNat.of_raw ℝ 1))
                                (Eq.refl (Int.negOfNat 1))))))
                        (Mathlib.Tactic.Ring.Common.neg_add
                          (Mathlib.Tactic.Ring.Common.neg_mul a (Nat.rawCast 2)
                            (Mathlib.Meta.NormNum.IsNat.to_raw_eq
                              (Mathlib.Meta.NormNum.IsInt.to_isNat
                                (Mathlib.Meta.NormNum.isInt_neg (Eq.refl Neg.neg)
                                  (Mathlib.Meta.NormNum.IsInt.of_raw ℝ (Int.negOfNat 1)) (Eq.refl (Int.ofNat 1))))))
                          Mathlib.Tactic.Ring.Common.neg_zero))
                      (Mathlib.Tactic.Ring.Common.add_pf_zero_add
                        (H ^ Nat.rawCast 1 * (a ^ Nat.rawCast 1 * (Int.negOfNat 1).rawCast) +
                          (a ^ Nat.rawCast 2 * Nat.rawCast 1 + 0)))))
                  (Mathlib.Tactic.Ring.Common.add_pf_add_gt
                    (H ^ Nat.rawCast 1 * (a ^ Nat.rawCast 1 * (Int.negOfNat 1).rawCast))
                    (Mathlib.Tactic.Ring.Common.add_pf_add_lt (H ^ Nat.rawCast 2 * Nat.rawCast 1)
                      (Mathlib.Tactic.Ring.Common.add_pf_add_overlap_zero
                        (Mathlib.Tactic.Ring.Common.add_overlap_pf_zero a (Nat.rawCast 2)
                          (Mathlib.Meta.NormNum.IsInt.to_isNat
                            (Mathlib.Meta.NormNum.isInt_add (Eq.refl HAdd.hAdd)
                              (Mathlib.Meta.NormNum.IsInt.of_raw ℝ (Int.negOfNat 1))
                              (Mathlib.Meta.NormNum.IsNat.to_isInt (Mathlib.Meta.NormNum.IsNat.of_raw ℝ 1))
                              (Eq.refl (Int.ofNat 0)))))
                        (Mathlib.Tactic.Ring.Common.add_pf_zero_add 0)))))
                (Mathlib.Tactic.Ring.Common.sub_congr
                  (Mathlib.Tactic.Ring.cast_zero (Mathlib.Meta.NormNum.isNat_ofNat ℝ Nat.cast_zero))
                  (Mathlib.Tactic.Ring.Common.mul_congr
                    (Mathlib.Tactic.Ring.Common.sub_congr
                      (Mathlib.Tactic.Ring.cast_zero (Mathlib.Meta.NormNum.isNat_ofNat ℝ Nat.cast_zero))
                      (Mathlib.Tactic.Ring.Common.atom_pf H rfl
                        (Eq.mpr
                          (id
                            (congrArg (fun _a => H ^ Nat.rawCast 1 * Nat.rawCast 1 = H ^ Nat.rawCast 1 * _a)
                              (Eq.symm rfl)))
                          (Eq.refl (H ^ Nat.rawCast 1 * Nat.rawCast 1))))
                      (Mathlib.Tactic.Ring.Common.sub_pf
                        (Mathlib.Tactic.Ring.Common.neg_add
                          (Mathlib.Tactic.Ring.Common.neg_mul H (Nat.rawCast 1)
                            (Mathlib.Meta.NormNum.IsInt.to_raw_eq
                              (Mathlib.Meta.NormNum.isInt_neg (Eq.refl Neg.neg)
                                (Mathlib.Meta.NormNum.IsNat.to_isInt (Mathlib.Meta.NormNum.IsNat.of_raw ℝ 1))
                                (Eq.refl (Int.negOfNat 1)))))
                          Mathlib.Tactic.Ring.Common.neg_zero)
                        (Mathlib.Tactic.Ring.Common.add_pf_zero_add
                          (H ^ Nat.rawCast 1 * (Int.negOfNat 1).rawCast + 0))))
                    (Mathlib.Tactic.Ring.Common.sub_congr
                      (Mathlib.Tactic.Ring.Common.atom_pf a rfl
                        (Eq.mpr
                          (id
                            (congrArg (fun _a => a ^ Nat.rawCast 1 * Nat.rawCast 1 = a ^ Nat.rawCast 1 * _a)
                              (Eq.symm rfl)))
                          (Eq.refl (a ^ Nat.rawCast 1 * Nat.rawCast 1))))
                      (Mathlib.Tactic.Ring.Common.atom_pf H rfl
                        (Eq.mpr
                          (id
                            (congrArg (fun _a => H ^ Nat.rawCast 1 * Nat.rawCast 1 = H ^ Nat.rawCast 1 * _a)
                              (Eq.symm rfl)))
                          (Eq.refl (H ^ Nat.rawCast 1 * Nat.rawCast 1))))
                      (Mathlib.Tactic.Ring.Common.sub_pf
                        (Mathlib.Tactic.Ring.Common.neg_add
                          (Mathlib.Tactic.Ring.Common.neg_mul H (Nat.rawCast 1)
                            (Mathlib.Meta.NormNum.IsInt.to_raw_eq
                              (Mathlib.Meta.NormNum.isInt_neg (Eq.refl Neg.neg)
                                (Mathlib.Meta.NormNum.IsNat.to_isInt (Mathlib.Meta.NormNum.IsNat.of_raw ℝ 1))
                                (Eq.refl (Int.negOfNat 1)))))
                          Mathlib.Tactic.Ring.Common.neg_zero)
                        (Mathlib.Tactic.Ring.Common.add_pf_add_gt (H ^ Nat.rawCast 1 * (Int.negOfNat 1).rawCast)
                          (Mathlib.Tactic.Ring.Common.add_pf_add_zero (a ^ Nat.rawCast 1 * Nat.rawCast 1 + 0)))))
                    (Mathlib.Tactic.Ring.Common.add_mul
                      (Mathlib.Tactic.Ring.Common.mul_add
                        (Mathlib.Tactic.Ring.Common.mul_pp_pf_overlap H
                          (Mathlib.Meta.NormNum.IsNat.to_raw_eq
                            (Mathlib.Meta.NormNum.isNat_add (Eq.refl HAdd.hAdd) (Mathlib.Meta.NormNum.IsNat.of_raw ℕ 1)
                              (Mathlib.Meta.NormNum.IsNat.of_raw ℕ 1) (Eq.refl 2)))
                          (Mathlib.Meta.NormNum.IsNat.to_raw_eq
                            (Mathlib.Meta.NormNum.IsInt.to_isNat
                              (Mathlib.Meta.NormNum.isInt_mul (Eq.refl HMul.hMul)
                                (Mathlib.Meta.NormNum.IsInt.of_raw ℝ (Int.negOfNat 1))
                                (Mathlib.Meta.NormNum.IsInt.of_raw ℝ (Int.negOfNat 1)) (Eq.refl (Int.ofNat 1))))))
                        (Mathlib.Tactic.Ring.Common.mul_add
                          (Mathlib.Tactic.Ring.Common.mul_pf_left H (Nat.rawCast 1)
                            (Mathlib.Tactic.Ring.Common.mul_pf_right a (Nat.rawCast 1)
                              (Mathlib.Meta.NormNum.IsInt.to_raw_eq
                                (Mathlib.Meta.NormNum.isInt_mul (Eq.refl HMul.hMul)
                                  (Mathlib.Meta.NormNum.IsInt.of_raw ℝ (Int.negOfNat 1))
                                  (Mathlib.Meta.NormNum.IsNat.to_isInt (Mathlib.Meta.NormNum.IsNat.of_raw ℝ 1))
                                  (Eq.refl (Int.negOfNat 1))))))
                          (Mathlib.Tactic.Ring.Common.mul_zero (H ^ Nat.rawCast 1 * (Int.negOfNat 1).rawCast))
                          (Mathlib.Tactic.Ring.Common.add_pf_add_zero
                            (H ^ Nat.rawCast 1 * (a ^ Nat.rawCast 1 * (Int.negOfNat 1).rawCast) + 0)))
                        (Mathlib.Tactic.Ring.Common.add_pf_add_gt
                          (H ^ Nat.rawCast 1 * (a ^ Nat.rawCast 1 * (Int.negOfNat 1).rawCast))
                          (Mathlib.Tactic.Ring.Common.add_pf_add_zero (H ^ Nat.rawCast 2 * Nat.rawCast 1 + 0))))
                      (Mathlib.Tactic.Ring.Common.zero_mul
                        (H ^ Nat.rawCast 1 * (Int.negOfNat 1).rawCast + (a ^ Nat.rawCast 1 * Nat.rawCast 1 + 0)))
                      (Mathlib.Tactic.Ring.Common.add_pf_add_zero
                        (H ^ Nat.rawCast 1 * (a ^ Nat.rawCast 1 * (Int.negOfNat 1).rawCast) +
                          (H ^ Nat.rawCast 2 * Nat.rawCast 1 + 0)))))
                  (Mathlib.Tactic.Ring.Common.sub_pf
                    (Mathlib.Tactic.Ring.Common.neg_add
                      (Mathlib.Tactic.Ring.Common.neg_mul H (Nat.rawCast 1)
                        (Mathlib.Tactic.Ring.Common.neg_mul a (Nat.rawCast 1)
                          (Mathlib.Meta.NormNum.IsNat.to_raw_eq
                            (Mathlib.Meta.NormNum.IsInt.to_isNat
                              (Mathlib.Meta.NormNum.isInt_neg (Eq.refl Neg.neg)
                                (Mathlib.Meta.NormNum.IsInt.of_raw ℝ (Int.negOfNat 1)) (Eq.refl (Int.ofNat 1)))))))
                      (Mathlib.Tactic.Ring.Common.neg_add
                        (Mathlib.Tactic.Ring.Common.neg_mul H (Nat.rawCast 2)
                          (Mathlib.Meta.NormNum.IsInt.to_raw_eq
                            (Mathlib.Meta.NormNum.isInt_neg (Eq.refl Neg.neg)
                              (Mathlib.Meta.NormNum.IsNat.to_isInt (Mathlib.Meta.NormNum.IsNat.of_raw ℝ 1))
                              (Eq.refl (Int.negOfNat 1)))))
                        Mathlib.Tactic.Ring.Common.neg_zero))
                    (Mathlib.Tactic.Ring.Common.add_pf_zero_add
                      (H ^ Nat.rawCast 1 * (a ^ Nat.rawCast 1 * Nat.rawCast 1) +
                        (H ^ Nat.rawCast 2 * (Int.negOfNat 1).rawCast + 0)))))
                (Mathlib.Tactic.Ring.Common.add_pf_add_overlap_zero
                  (Mathlib.Tactic.Ring.Common.add_overlap_pf_zero H (Nat.rawCast 1)
                    (Mathlib.Tactic.Ring.Common.add_overlap_pf_zero a (Nat.rawCast 1)
                      (Mathlib.Meta.NormNum.IsInt.to_isNat
                        (Mathlib.Meta.NormNum.isInt_add (Eq.refl HAdd.hAdd)
                          (Mathlib.Meta.NormNum.IsInt.of_raw ℝ (Int.negOfNat 1))
                          (Mathlib.Meta.NormNum.IsNat.to_isInt (Mathlib.Meta.NormNum.IsNat.of_raw ℝ 1))
                          (Eq.refl (Int.ofNat 0))))))
                  (Mathlib.Tactic.Ring.Common.add_pf_add_overlap_zero
                    (Mathlib.Tactic.Ring.Common.add_overlap_pf_zero H (Nat.rawCast 2)
                      (Mathlib.Meta.NormNum.IsInt.to_isNat
                        (Mathlib.Meta.NormNum.isInt_add (Eq.refl HAdd.hAdd)
                          (Mathlib.Meta.NormNum.IsNat.to_isInt (Mathlib.Meta.NormNum.IsNat.of_raw ℝ 1))
                          (Mathlib.Meta.NormNum.IsInt.of_raw ℝ (Int.negOfNat 1)) (Eq.refl (Int.ofNat 0)))))
                    (Mathlib.Tactic.Ring.Common.add_pf_zero_add 0))))
              (Mathlib.Tactic.Ring.cast_zero (Mathlib.Meta.NormNum.isNat_ofNat ℝ Nat.cast_zero))))
          (Mathlib.Tactic.Linarith.add_lt_of_neg_of_le
            (Mathlib.Tactic.Linarith.add_lt_of_neg_of_le (Mathlib.Tactic.Linarith.sub_neg_of_lt a_1)
              (Mathlib.Tactic.Linarith.sub_nonpos_of_le
                (mul_nonneg_of_nonpos_of_nonpos (Mathlib.Tactic.Linarith.sub_nonpos_of_le ha)
                  (Mathlib.Tactic.Linarith.sub_nonpos_of_le haH))))
            (Mathlib.Tactic.Linarith.sub_nonpos_of_le
              (mul_nonneg_of_nonpos_of_nonpos (Mathlib.Tactic.Linarith.sub_nonpos_of_le hH)
                (Mathlib.Tactic.Linarith.sub_nonpos_of_le haH)))));
  have hb2 :=
    le_of_not_gt fun a =>
      Mathlib.Tactic.Linarith.lt_irrefl
        (Eq.mp
          (congrArg (fun _a => _a < 0)
            (Mathlib.Tactic.Ring.of_eq
              (Mathlib.Tactic.Ring.Common.add_congr
                (Mathlib.Tactic.Ring.Common.add_congr
                  (Mathlib.Tactic.Ring.Common.add_congr
                    (Mathlib.Tactic.Ring.Common.sub_congr
                      (Mathlib.Tactic.Ring.Common.pow_congr
                        (Mathlib.Tactic.Ring.Common.atom_pf H rfl
                          (Eq.mpr
                            (id
                              (congrArg (fun _a => H ^ Nat.rawCast 1 * Nat.rawCast 1 = H ^ Nat.rawCast 1 * _a)
                                (Eq.symm rfl)))
                            (Eq.refl (H ^ Nat.rawCast 1 * Nat.rawCast 1))))
                        (Mathlib.Tactic.Ring.cast_pos (Mathlib.Meta.NormNum.isNat_ofNat ℕ (Eq.refl 2)))
                        (Mathlib.Tactic.Ring.Common.pow_add
                          (Mathlib.Tactic.Ring.Common.single_pow
                            (Mathlib.Tactic.Ring.Common.mul_pow_mul
                              (Mathlib.Meta.NormNum.IsNat.to_raw_eq
                                (Mathlib.Meta.NormNum.isNat_mul (Eq.refl HMul.hMul)
                                  (Mathlib.Meta.NormNum.IsNat.of_raw ℕ 1) (Mathlib.Meta.NormNum.IsNat.of_raw ℕ 2)
                                  (Eq.refl 2)))
                              (Mathlib.Tactic.Ring.Common.one_pow (Nat.rawCast 2) { out := rfl })
                              (Eq.mpr
                                (id
                                  (congrArg (fun _a => H ^ Nat.rawCast 2 * Nat.rawCast 1 = H ^ Nat.rawCast 2 * _a)
                                    (Eq.symm rfl)))
                                (Eq.refl (H ^ Nat.rawCast 2 * Nat.rawCast 1)))
                              (Mathlib.Tactic.Ring.Common.mul_pf_left H (Nat.rawCast 2)
                                (Mathlib.Meta.NormNum.IsNat.to_raw_eq
                                  (Mathlib.Meta.NormNum.isNat_mul (Eq.refl HMul.hMul)
                                    (Mathlib.Meta.NormNum.IsNat.of_raw ℝ 1) (Mathlib.Meta.NormNum.IsNat.of_raw ℝ 1)
                                    (Eq.refl 1))))))
                          (Mathlib.Tactic.Ring.Common.pow_zero (H ^ Nat.rawCast 1 * Nat.rawCast 1 + 0) rfl)
                          (Mathlib.Tactic.Ring.Common.add_mul
                            (Mathlib.Tactic.Ring.Common.mul_add
                              (Mathlib.Tactic.Ring.Common.mul_pf_left H (Nat.rawCast 2)
                                (Mathlib.Meta.NormNum.IsNat.to_raw_eq
                                  (Mathlib.Meta.NormNum.isNat_mul (Eq.refl HMul.hMul)
                                    (Mathlib.Meta.NormNum.IsNat.of_raw ℝ 1) (Mathlib.Meta.NormNum.IsNat.of_raw ℝ 1)
                                    (Eq.refl 1))))
                              (Mathlib.Tactic.Ring.Common.mul_zero (H ^ Nat.rawCast 2 * Nat.rawCast 1))
                              (Mathlib.Tactic.Ring.Common.add_pf_add_zero (H ^ Nat.rawCast 2 * Nat.rawCast 1 + 0)))
                            (Mathlib.Tactic.Ring.Common.zero_mul (Nat.rawCast 1 + 0))
                            (Mathlib.Tactic.Ring.Common.add_pf_add_zero (H ^ Nat.rawCast 2 * Nat.rawCast 1 + 0)))))
                      (Mathlib.Tactic.Ring.Common.pow_congr
                        (Mathlib.Tactic.Ring.Common.atom_pf b rfl
                          (Eq.mpr
                            (id
                              (congrArg (fun _a => b ^ Nat.rawCast 1 * Nat.rawCast 1 = b ^ Nat.rawCast 1 * _a)
                                (Eq.symm rfl)))
                            (Eq.refl (b ^ Nat.rawCast 1 * Nat.rawCast 1))))
                        (Mathlib.Tactic.Ring.cast_pos (Mathlib.Meta.NormNum.isNat_ofNat ℕ (Eq.refl 2)))
                        (Mathlib.Tactic.Ring.Common.pow_add
                          (Mathlib.Tactic.Ring.Common.single_pow
                            (Mathlib.Tactic.Ring.Common.mul_pow_mul
                              (Mathlib.Meta.NormNum.IsNat.to_raw_eq
                                (Mathlib.Meta.NormNum.isNat_mul (Eq.refl HMul.hMul)
                                  (Mathlib.Meta.NormNum.IsNat.of_raw ℕ 1) (Mathlib.Meta.NormNum.IsNat.of_raw ℕ 2)
                                  (Eq.refl 2)))
                              (Mathlib.Tactic.Ring.Common.one_pow (Nat.rawCast 2) { out := rfl })
                              (Eq.mpr
                                (id
                                  (congrArg (fun _a => b ^ Nat.rawCast 2 * Nat.rawCast 1 = b ^ Nat.rawCast 2 * _a)
                                    (Eq.symm rfl)))
                                (Eq.refl (b ^ Nat.rawCast 2 * Nat.rawCast 1)))
                              (Mathlib.Tactic.Ring.Common.mul_pf_left b (Nat.rawCast 2)
                                (Mathlib.Meta.NormNum.IsNat.to_raw_eq
                                  (Mathlib.Meta.NormNum.isNat_mul (Eq.refl HMul.hMul)
                                    (Mathlib.Meta.NormNum.IsNat.of_raw ℝ 1) (Mathlib.Meta.NormNum.IsNat.of_raw ℝ 1)
                                    (Eq.refl 1))))))
                          (Mathlib.Tactic.Ring.Common.pow_zero (b ^ Nat.rawCast 1 * Nat.rawCast 1 + 0) rfl)
                          (Mathlib.Tactic.Ring.Common.add_mul
                            (Mathlib.Tactic.Ring.Common.mul_add
                              (Mathlib.Tactic.Ring.Common.mul_pf_left b (Nat.rawCast 2)
                                (Mathlib.Meta.NormNum.IsNat.to_raw_eq
                                  (Mathlib.Meta.NormNum.isNat_mul (Eq.refl HMul.hMul)
                                    (Mathlib.Meta.NormNum.IsNat.of_raw ℝ 1) (Mathlib.Meta.NormNum.IsNat.of_raw ℝ 1)
                                    (Eq.refl 1))))
                              (Mathlib.Tactic.Ring.Common.mul_zero (b ^ Nat.rawCast 2 * Nat.rawCast 1))
                              (Mathlib.Tactic.Ring.Common.add_pf_add_zero (b ^ Nat.rawCast 2 * Nat.rawCast 1 + 0)))
                            (Mathlib.Tactic.Ring.Common.zero_mul (Nat.rawCast 1 + 0))
                            (Mathlib.Tactic.Ring.Common.add_pf_add_zero (b ^ Nat.rawCast 2 * Nat.rawCast 1 + 0)))))
                      (Mathlib.Tactic.Ring.Common.sub_pf
                        (Mathlib.Tactic.Ring.Common.neg_add
                          (Mathlib.Tactic.Ring.Common.neg_mul b (Nat.rawCast 2)
                            (Mathlib.Meta.NormNum.IsInt.to_raw_eq
                              (Mathlib.Meta.NormNum.isInt_neg (Eq.refl Neg.neg)
                                (Mathlib.Meta.NormNum.IsNat.to_isInt (Mathlib.Meta.NormNum.IsNat.of_raw ℝ 1))
                                (Eq.refl (Int.negOfNat 1)))))
                          Mathlib.Tactic.Ring.Common.neg_zero)
                        (Mathlib.Tactic.Ring.Common.add_pf_add_lt (H ^ Nat.rawCast 2 * Nat.rawCast 1)
                          (Mathlib.Tactic.Ring.Common.add_pf_zero_add
                            (b ^ Nat.rawCast 2 * (Int.negOfNat 1).rawCast + 0)))))
                    (Mathlib.Tactic.Ring.Common.neg_congr
                      (Mathlib.Tactic.Ring.Common.sub_congr
                        (Mathlib.Tactic.Ring.Common.pow_congr
                          (Mathlib.Tactic.Ring.Common.atom_pf |b| rfl
                            (Eq.mpr
                              (id
                                (congrArg (fun _a => |b| ^ Nat.rawCast 1 * Nat.rawCast 1 = |b| ^ Nat.rawCast 1 * _a)
                                  (Eq.symm rfl)))
                              (Eq.refl (|b| ^ Nat.rawCast 1 * Nat.rawCast 1))))
                          (Mathlib.Tactic.Ring.cast_pos (Mathlib.Meta.NormNum.isNat_ofNat ℕ (Eq.refl 2)))
                          (Mathlib.Tactic.Ring.Common.pow_add
                            (Mathlib.Tactic.Ring.Common.single_pow
                              (Mathlib.Tactic.Ring.Common.mul_pow_mul
                                (Mathlib.Meta.NormNum.IsNat.to_raw_eq
                                  (Mathlib.Meta.NormNum.isNat_mul (Eq.refl HMul.hMul)
                                    (Mathlib.Meta.NormNum.IsNat.of_raw ℕ 1) (Mathlib.Meta.NormNum.IsNat.of_raw ℕ 2)
                                    (Eq.refl 2)))
                                (Mathlib.Tactic.Ring.Common.one_pow (Nat.rawCast 2) { out := rfl })
                                (Eq.mpr
                                  (id
                                    (congrArg (fun _a => |b| ^ Nat.rawCast 2 * Nat.rawCast 1 = |b| ^ Nat.rawCast 2 * _a)
                                      (Eq.symm rfl)))
                                  (Eq.refl (|b| ^ Nat.rawCast 2 * Nat.rawCast 1)))
                                (Mathlib.Tactic.Ring.Common.mul_pf_left |b| (Nat.rawCast 2)
                                  (Mathlib.Meta.NormNum.IsNat.to_raw_eq
                                    (Mathlib.Meta.NormNum.isNat_mul (Eq.refl HMul.hMul)
                                      (Mathlib.Meta.NormNum.IsNat.of_raw ℝ 1) (Mathlib.Meta.NormNum.IsNat.of_raw ℝ 1)
                                      (Eq.refl 1))))))
                            (Mathlib.Tactic.Ring.Common.pow_zero (|b| ^ Nat.rawCast 1 * Nat.rawCast 1 + 0) rfl)
                            (Mathlib.Tactic.Ring.Common.add_mul
                              (Mathlib.Tactic.Ring.Common.mul_add
                                (Mathlib.Tactic.Ring.Common.mul_pf_left |b| (Nat.rawCast 2)
                                  (Mathlib.Meta.NormNum.IsNat.to_raw_eq
                                    (Mathlib.Meta.NormNum.isNat_mul (Eq.refl HMul.hMul)
                                      (Mathlib.Meta.NormNum.IsNat.of_raw ℝ 1) (Mathlib.Meta.NormNum.IsNat.of_raw ℝ 1)
                                      (Eq.refl 1))))
                                (Mathlib.Tactic.Ring.Common.mul_zero (|b| ^ Nat.rawCast 2 * Nat.rawCast 1))
                                (Mathlib.Tactic.Ring.Common.add_pf_add_zero (|b| ^ Nat.rawCast 2 * Nat.rawCast 1 + 0)))
                              (Mathlib.Tactic.Ring.Common.zero_mul (Nat.rawCast 1 + 0))
                              (Mathlib.Tactic.Ring.Common.add_pf_add_zero (|b| ^ Nat.rawCast 2 * Nat.rawCast 1 + 0)))))
                        (Mathlib.Tactic.Ring.Common.pow_congr
                          (Mathlib.Tactic.Ring.Common.atom_pf b rfl
                            (Eq.mpr
                              (id
                                (congrArg (fun _a => b ^ Nat.rawCast 1 * Nat.rawCast 1 = b ^ Nat.rawCast 1 * _a)
                                  (Eq.symm rfl)))
                              (Eq.refl (b ^ Nat.rawCast 1 * Nat.rawCast 1))))
                          (Mathlib.Tactic.Ring.cast_pos (Mathlib.Meta.NormNum.isNat_ofNat ℕ (Eq.refl 2)))
                          (Mathlib.Tactic.Ring.Common.pow_add
                            (Mathlib.Tactic.Ring.Common.single_pow
                              (Mathlib.Tactic.Ring.Common.mul_pow_mul
                                (Mathlib.Meta.NormNum.IsNat.to_raw_eq
                                  (Mathlib.Meta.NormNum.isNat_mul (Eq.refl HMul.hMul)
                                    (Mathlib.Meta.NormNum.IsNat.of_raw ℕ 1) (Mathlib.Meta.NormNum.IsNat.of_raw ℕ 2)
                                    (Eq.refl 2)))
                                (Mathlib.Tactic.Ring.Common.one_pow (Nat.rawCast 2) { out := rfl })
                                (Eq.mpr
                                  (id
                                    (congrArg (fun _a => b ^ Nat.rawCast 2 * Nat.rawCast 1 = b ^ Nat.rawCast 2 * _a)
                                      (Eq.symm rfl)))
                                  (Eq.refl (b ^ Nat.rawCast 2 * Nat.rawCast 1)))
                                (Mathlib.Tactic.Ring.Common.mul_pf_left b (Nat.rawCast 2)
                                  (Mathlib.Meta.NormNum.IsNat.to_raw_eq
                                    (Mathlib.Meta.NormNum.isNat_mul (Eq.refl HMul.hMul)
                                      (Mathlib.Meta.NormNum.IsNat.of_raw ℝ 1) (Mathlib.Meta.NormNum.IsNat.of_raw ℝ 1)
                                      (Eq.refl 1))))))
                            (Mathlib.Tactic.Ring.Common.pow_zero (b ^ Nat.rawCast 1 * Nat.rawCast 1 + 0) rfl)
                            (Mathlib.Tactic.Ring.Common.add_mul
                              (Mathlib.Tactic.Ring.Common.mul_add
                                (Mathlib.Tactic.Ring.Common.mul_pf_left b (Nat.rawCast 2)
                                  (Mathlib.Meta.NormNum.IsNat.to_raw_eq
                                    (Mathlib.Meta.NormNum.isNat_mul (Eq.refl HMul.hMul)
                                      (Mathlib.Meta.NormNum.IsNat.of_raw ℝ 1) (Mathlib.Meta.NormNum.IsNat.of_raw ℝ 1)
                                      (Eq.refl 1))))
                                (Mathlib.Tactic.Ring.Common.mul_zero (b ^ Nat.rawCast 2 * Nat.rawCast 1))
                                (Mathlib.Tactic.Ring.Common.add_pf_add_zero (b ^ Nat.rawCast 2 * Nat.rawCast 1 + 0)))
                              (Mathlib.Tactic.Ring.Common.zero_mul (Nat.rawCast 1 + 0))
                              (Mathlib.Tactic.Ring.Common.add_pf_add_zero (b ^ Nat.rawCast 2 * Nat.rawCast 1 + 0)))))
                        (Mathlib.Tactic.Ring.Common.sub_pf
                          (Mathlib.Tactic.Ring.Common.neg_add
                            (Mathlib.Tactic.Ring.Common.neg_mul b (Nat.rawCast 2)
                              (Mathlib.Meta.NormNum.IsInt.to_raw_eq
                                (Mathlib.Meta.NormNum.isInt_neg (Eq.refl Neg.neg)
                                  (Mathlib.Meta.NormNum.IsNat.to_isInt (Mathlib.Meta.NormNum.IsNat.of_raw ℝ 1))
                                  (Eq.refl (Int.negOfNat 1)))))
                            Mathlib.Tactic.Ring.Common.neg_zero)
                          (Mathlib.Tactic.Ring.Common.add_pf_add_gt (b ^ Nat.rawCast 2 * (Int.negOfNat 1).rawCast)
                            (Mathlib.Tactic.Ring.Common.add_pf_add_zero (|b| ^ Nat.rawCast 2 * Nat.rawCast 1 + 0)))))
                      (Mathlib.Tactic.Ring.Common.neg_add
                        (Mathlib.Tactic.Ring.Common.neg_mul b (Nat.rawCast 2)
                          (Mathlib.Meta.NormNum.IsNat.to_raw_eq
                            (Mathlib.Meta.NormNum.IsInt.to_isNat
                              (Mathlib.Meta.NormNum.isInt_neg (Eq.refl Neg.neg)
                                (Mathlib.Meta.NormNum.IsInt.of_raw ℝ (Int.negOfNat 1)) (Eq.refl (Int.ofNat 1))))))
                        (Mathlib.Tactic.Ring.Common.neg_add
                          (Mathlib.Tactic.Ring.Common.neg_mul |b| (Nat.rawCast 2)
                            (Mathlib.Meta.NormNum.IsInt.to_raw_eq
                              (Mathlib.Meta.NormNum.isInt_neg (Eq.refl Neg.neg)
                                (Mathlib.Meta.NormNum.IsNat.to_isInt (Mathlib.Meta.NormNum.IsNat.of_raw ℝ 1))
                                (Eq.refl (Int.negOfNat 1)))))
                          Mathlib.Tactic.Ring.Common.neg_zero)))
                    (Mathlib.Tactic.Ring.Common.add_pf_add_lt (H ^ Nat.rawCast 2 * Nat.rawCast 1)
                      (Mathlib.Tactic.Ring.Common.add_pf_add_overlap_zero
                        (Mathlib.Tactic.Ring.Common.add_overlap_pf_zero b (Nat.rawCast 2)
                          (Mathlib.Meta.NormNum.IsInt.to_isNat
                            (Mathlib.Meta.NormNum.isInt_add (Eq.refl HAdd.hAdd)
                              (Mathlib.Meta.NormNum.IsInt.of_raw ℝ (Int.negOfNat 1))
                              (Mathlib.Meta.NormNum.IsNat.to_isInt (Mathlib.Meta.NormNum.IsNat.of_raw ℝ 1))
                              (Eq.refl (Int.ofNat 0)))))
                        (Mathlib.Tactic.Ring.Common.add_pf_zero_add
                          (|b| ^ Nat.rawCast 2 * (Int.negOfNat 1).rawCast + 0)))))
                  (Mathlib.Tactic.Ring.Common.sub_congr
                    (Mathlib.Tactic.Ring.cast_zero (Mathlib.Meta.NormNum.isNat_ofNat ℝ Nat.cast_zero))
                    (Mathlib.Tactic.Ring.Common.mul_congr
                      (Mathlib.Tactic.Ring.Common.sub_congr
                        (Mathlib.Tactic.Ring.cast_zero (Mathlib.Meta.NormNum.isNat_ofNat ℝ Nat.cast_zero))
                        (Mathlib.Tactic.Ring.Common.atom_pf H rfl
                          (Eq.mpr
                            (id
                              (congrArg (fun _a => H ^ Nat.rawCast 1 * Nat.rawCast 1 = H ^ Nat.rawCast 1 * _a)
                                (Eq.symm rfl)))
                            (Eq.refl (H ^ Nat.rawCast 1 * Nat.rawCast 1))))
                        (Mathlib.Tactic.Ring.Common.sub_pf
                          (Mathlib.Tactic.Ring.Common.neg_add
                            (Mathlib.Tactic.Ring.Common.neg_mul H (Nat.rawCast 1)
                              (Mathlib.Meta.NormNum.IsInt.to_raw_eq
                                (Mathlib.Meta.NormNum.isInt_neg (Eq.refl Neg.neg)
                                  (Mathlib.Meta.NormNum.IsNat.to_isInt (Mathlib.Meta.NormNum.IsNat.of_raw ℝ 1))
                                  (Eq.refl (Int.negOfNat 1)))))
                            Mathlib.Tactic.Ring.Common.neg_zero)
                          (Mathlib.Tactic.Ring.Common.add_pf_zero_add
                            (H ^ Nat.rawCast 1 * (Int.negOfNat 1).rawCast + 0))))
                      (Mathlib.Tactic.Ring.Common.sub_congr
                        (Mathlib.Tactic.Ring.Common.atom_pf |b| rfl
                          (Eq.mpr
                            (id
                              (congrArg (fun _a => |b| ^ Nat.rawCast 1 * Nat.rawCast 1 = |b| ^ Nat.rawCast 1 * _a)
                                (Eq.symm rfl)))
                            (Eq.refl (|b| ^ Nat.rawCast 1 * Nat.rawCast 1))))
                        (Mathlib.Tactic.Ring.Common.atom_pf H rfl
                          (Eq.mpr
                            (id
                              (congrArg (fun _a => H ^ Nat.rawCast 1 * Nat.rawCast 1 = H ^ Nat.rawCast 1 * _a)
                                (Eq.symm rfl)))
                            (Eq.refl (H ^ Nat.rawCast 1 * Nat.rawCast 1))))
                        (Mathlib.Tactic.Ring.Common.sub_pf
                          (Mathlib.Tactic.Ring.Common.neg_add
                            (Mathlib.Tactic.Ring.Common.neg_mul H (Nat.rawCast 1)
                              (Mathlib.Meta.NormNum.IsInt.to_raw_eq
                                (Mathlib.Meta.NormNum.isInt_neg (Eq.refl Neg.neg)
                                  (Mathlib.Meta.NormNum.IsNat.to_isInt (Mathlib.Meta.NormNum.IsNat.of_raw ℝ 1))
                                  (Eq.refl (Int.negOfNat 1)))))
                            Mathlib.Tactic.Ring.Common.neg_zero)
                          (Mathlib.Tactic.Ring.Common.add_pf_add_gt (H ^ Nat.rawCast 1 * (Int.negOfNat 1).rawCast)
                            (Mathlib.Tactic.Ring.Common.add_pf_add_zero (|b| ^ Nat.rawCast 1 * Nat.rawCast 1 + 0)))))
                      (Mathlib.Tactic.Ring.Common.add_mul
                        (Mathlib.Tactic.Ring.Common.mul_add
                          (Mathlib.Tactic.Ring.Common.mul_pp_pf_overlap H
                            (Mathlib.Meta.NormNum.IsNat.to_raw_eq
                              (Mathlib.Meta.NormNum.isNat_add (Eq.refl HAdd.hAdd)
                                (Mathlib.Meta.NormNum.IsNat.of_raw ℕ 1) (Mathlib.Meta.NormNum.IsNat.of_raw ℕ 1)
                                (Eq.refl 2)))
                            (Mathlib.Meta.NormNum.IsNat.to_raw_eq
                              (Mathlib.Meta.NormNum.IsInt.to_isNat
                                (Mathlib.Meta.NormNum.isInt_mul (Eq.refl HMul.hMul)
                                  (Mathlib.Meta.NormNum.IsInt.of_raw ℝ (Int.negOfNat 1))
                                  (Mathlib.Meta.NormNum.IsInt.of_raw ℝ (Int.negOfNat 1)) (Eq.refl (Int.ofNat 1))))))
                          (Mathlib.Tactic.Ring.Common.mul_add
                            (Mathlib.Tactic.Ring.Common.mul_pf_left H (Nat.rawCast 1)
                              (Mathlib.Tactic.Ring.Common.mul_pf_right |b| (Nat.rawCast 1)
                                (Mathlib.Meta.NormNum.IsInt.to_raw_eq
                                  (Mathlib.Meta.NormNum.isInt_mul (Eq.refl HMul.hMul)
                                    (Mathlib.Meta.NormNum.IsInt.of_raw ℝ (Int.negOfNat 1))
                                    (Mathlib.Meta.NormNum.IsNat.to_isInt (Mathlib.Meta.NormNum.IsNat.of_raw ℝ 1))
                                    (Eq.refl (Int.negOfNat 1))))))
                            (Mathlib.Tactic.Ring.Common.mul_zero (H ^ Nat.rawCast 1 * (Int.negOfNat 1).rawCast))
                            (Mathlib.Tactic.Ring.Common.add_pf_add_zero
                              (H ^ Nat.rawCast 1 * (|b| ^ Nat.rawCast 1 * (Int.negOfNat 1).rawCast) + 0)))
                          (Mathlib.Tactic.Ring.Common.add_pf_add_gt
                            (H ^ Nat.rawCast 1 * (|b| ^ Nat.rawCast 1 * (Int.negOfNat 1).rawCast))
                            (Mathlib.Tactic.Ring.Common.add_pf_add_zero (H ^ Nat.rawCast 2 * Nat.rawCast 1 + 0))))
                        (Mathlib.Tactic.Ring.Common.zero_mul
                          (H ^ Nat.rawCast 1 * (Int.negOfNat 1).rawCast + (|b| ^ Nat.rawCast 1 * Nat.rawCast 1 + 0)))
                        (Mathlib.Tactic.Ring.Common.add_pf_add_zero
                          (H ^ Nat.rawCast 1 * (|b| ^ Nat.rawCast 1 * (Int.negOfNat 1).rawCast) +
                            (H ^ Nat.rawCast 2 * Nat.rawCast 1 + 0)))))
                    (Mathlib.Tactic.Ring.Common.sub_pf
                      (Mathlib.Tactic.Ring.Common.neg_add
                        (Mathlib.Tactic.Ring.Common.neg_mul H (Nat.rawCast 1)
                          (Mathlib.Tactic.Ring.Common.neg_mul |b| (Nat.rawCast 1)
                            (Mathlib.Meta.NormNum.IsNat.to_raw_eq
                              (Mathlib.Meta.NormNum.IsInt.to_isNat
                                (Mathlib.Meta.NormNum.isInt_neg (Eq.refl Neg.neg)
                                  (Mathlib.Meta.NormNum.IsInt.of_raw ℝ (Int.negOfNat 1)) (Eq.refl (Int.ofNat 1)))))))
                        (Mathlib.Tactic.Ring.Common.neg_add
                          (Mathlib.Tactic.Ring.Common.neg_mul H (Nat.rawCast 2)
                            (Mathlib.Meta.NormNum.IsInt.to_raw_eq
                              (Mathlib.Meta.NormNum.isInt_neg (Eq.refl Neg.neg)
                                (Mathlib.Meta.NormNum.IsNat.to_isInt (Mathlib.Meta.NormNum.IsNat.of_raw ℝ 1))
                                (Eq.refl (Int.negOfNat 1)))))
                          Mathlib.Tactic.Ring.Common.neg_zero))
                      (Mathlib.Tactic.Ring.Common.add_pf_zero_add
                        (H ^ Nat.rawCast 1 * (|b| ^ Nat.rawCast 1 * Nat.rawCast 1) +
                          (H ^ Nat.rawCast 2 * (Int.negOfNat 1).rawCast + 0)))))
                  (Mathlib.Tactic.Ring.Common.add_pf_add_gt (H ^ Nat.rawCast 1 * (|b| ^ Nat.rawCast 1 * Nat.rawCast 1))
                    (Mathlib.Tactic.Ring.Common.add_pf_add_overlap_zero
                      (Mathlib.Tactic.Ring.Common.add_overlap_pf_zero H (Nat.rawCast 2)
                        (Mathlib.Meta.NormNum.IsInt.to_isNat
                          (Mathlib.Meta.NormNum.isInt_add (Eq.refl HAdd.hAdd)
                            (Mathlib.Meta.NormNum.IsNat.to_isInt (Mathlib.Meta.NormNum.IsNat.of_raw ℝ 1))
                            (Mathlib.Meta.NormNum.IsInt.of_raw ℝ (Int.negOfNat 1)) (Eq.refl (Int.ofNat 0)))))
                      (Mathlib.Tactic.Ring.Common.add_pf_add_zero
                        (|b| ^ Nat.rawCast 2 * (Int.negOfNat 1).rawCast + 0)))))
                (Mathlib.Tactic.Ring.Common.sub_congr
                  (Mathlib.Tactic.Ring.cast_zero (Mathlib.Meta.NormNum.isNat_ofNat ℝ Nat.cast_zero))
                  (Mathlib.Tactic.Ring.Common.mul_congr
                    (Mathlib.Tactic.Ring.Common.sub_congr
                      (Mathlib.Tactic.Ring.Common.atom_pf |b| rfl
                        (Eq.mpr
                          (id
                            (congrArg (fun _a => |b| ^ Nat.rawCast 1 * Nat.rawCast 1 = |b| ^ Nat.rawCast 1 * _a)
                              (Eq.symm rfl)))
                          (Eq.refl (|b| ^ Nat.rawCast 1 * Nat.rawCast 1))))
                      (Mathlib.Tactic.Ring.Common.atom_pf H rfl
                        (Eq.mpr
                          (id
                            (congrArg (fun _a => H ^ Nat.rawCast 1 * Nat.rawCast 1 = H ^ Nat.rawCast 1 * _a)
                              (Eq.symm rfl)))
                          (Eq.refl (H ^ Nat.rawCast 1 * Nat.rawCast 1))))
                      (Mathlib.Tactic.Ring.Common.sub_pf
                        (Mathlib.Tactic.Ring.Common.neg_add
                          (Mathlib.Tactic.Ring.Common.neg_mul H (Nat.rawCast 1)
                            (Mathlib.Meta.NormNum.IsInt.to_raw_eq
                              (Mathlib.Meta.NormNum.isInt_neg (Eq.refl Neg.neg)
                                (Mathlib.Meta.NormNum.IsNat.to_isInt (Mathlib.Meta.NormNum.IsNat.of_raw ℝ 1))
                                (Eq.refl (Int.negOfNat 1)))))
                          Mathlib.Tactic.Ring.Common.neg_zero)
                        (Mathlib.Tactic.Ring.Common.add_pf_add_gt (H ^ Nat.rawCast 1 * (Int.negOfNat 1).rawCast)
                          (Mathlib.Tactic.Ring.Common.add_pf_add_zero (|b| ^ Nat.rawCast 1 * Nat.rawCast 1 + 0)))))
                    (Mathlib.Tactic.Ring.Common.sub_congr
                      (Mathlib.Tactic.Ring.cast_zero (Mathlib.Meta.NormNum.isNat_ofNat ℝ Nat.cast_zero))
                      (Mathlib.Tactic.Ring.Common.atom_pf |b| rfl
                        (Eq.mpr
                          (id
                            (congrArg (fun _a => |b| ^ Nat.rawCast 1 * Nat.rawCast 1 = |b| ^ Nat.rawCast 1 * _a)
                              (Eq.symm rfl)))
                          (Eq.refl (|b| ^ Nat.rawCast 1 * Nat.rawCast 1))))
                      (Mathlib.Tactic.Ring.Common.sub_pf
                        (Mathlib.Tactic.Ring.Common.neg_add
                          (Mathlib.Tactic.Ring.Common.neg_mul |b| (Nat.rawCast 1)
                            (Mathlib.Meta.NormNum.IsInt.to_raw_eq
                              (Mathlib.Meta.NormNum.isInt_neg (Eq.refl Neg.neg)
                                (Mathlib.Meta.NormNum.IsNat.to_isInt (Mathlib.Meta.NormNum.IsNat.of_raw ℝ 1))
                                (Eq.refl (Int.negOfNat 1)))))
                          Mathlib.Tactic.Ring.Common.neg_zero)
                        (Mathlib.Tactic.Ring.Common.add_pf_zero_add
                          (|b| ^ Nat.rawCast 1 * (Int.negOfNat 1).rawCast + 0))))
                    (Mathlib.Tactic.Ring.Common.add_mul
                      (Mathlib.Tactic.Ring.Common.mul_add
                        (Mathlib.Tactic.Ring.Common.mul_pf_left H (Nat.rawCast 1)
                          (Mathlib.Tactic.Ring.Common.mul_pf_right |b| (Nat.rawCast 1)
                            (Mathlib.Meta.NormNum.IsNat.to_raw_eq
                              (Mathlib.Meta.NormNum.IsInt.to_isNat
                                (Mathlib.Meta.NormNum.isInt_mul (Eq.refl HMul.hMul)
                                  (Mathlib.Meta.NormNum.IsInt.of_raw ℝ (Int.negOfNat 1))
                                  (Mathlib.Meta.NormNum.IsInt.of_raw ℝ (Int.negOfNat 1)) (Eq.refl (Int.ofNat 1)))))))
                        (Mathlib.Tactic.Ring.Common.mul_zero (H ^ Nat.rawCast 1 * (Int.negOfNat 1).rawCast))
                        (Mathlib.Tactic.Ring.Common.add_pf_add_zero
                          (H ^ Nat.rawCast 1 * (|b| ^ Nat.rawCast 1 * Nat.rawCast 1) + 0)))
                      (Mathlib.Tactic.Ring.Common.add_mul
                        (Mathlib.Tactic.Ring.Common.mul_add
                          (Mathlib.Tactic.Ring.Common.mul_pp_pf_overlap |b|
                            (Mathlib.Meta.NormNum.IsNat.to_raw_eq
                              (Mathlib.Meta.NormNum.isNat_add (Eq.refl HAdd.hAdd)
                                (Mathlib.Meta.NormNum.IsNat.of_raw ℕ 1) (Mathlib.Meta.NormNum.IsNat.of_raw ℕ 1)
                                (Eq.refl 2)))
                            (Mathlib.Meta.NormNum.IsInt.to_raw_eq
                              (Mathlib.Meta.NormNum.isInt_mul (Eq.refl HMul.hMul)
                                (Mathlib.Meta.NormNum.IsNat.to_isInt (Mathlib.Meta.NormNum.IsNat.of_raw ℝ 1))
                                (Mathlib.Meta.NormNum.IsInt.of_raw ℝ (Int.negOfNat 1)) (Eq.refl (Int.negOfNat 1)))))
                          (Mathlib.Tactic.Ring.Common.mul_zero (|b| ^ Nat.rawCast 1 * Nat.rawCast 1))
                          (Mathlib.Tactic.Ring.Common.add_pf_add_zero
                            (|b| ^ Nat.rawCast 2 * (Int.negOfNat 1).rawCast + 0)))
                        (Mathlib.Tactic.Ring.Common.zero_mul (|b| ^ Nat.rawCast 1 * (Int.negOfNat 1).rawCast + 0))
                        (Mathlib.Tactic.Ring.Common.add_pf_add_zero
                          (|b| ^ Nat.rawCast 2 * (Int.negOfNat 1).rawCast + 0)))
                      (Mathlib.Tactic.Ring.Common.add_pf_add_lt
                        (H ^ Nat.rawCast 1 * (|b| ^ Nat.rawCast 1 * Nat.rawCast 1))
                        (Mathlib.Tactic.Ring.Common.add_pf_zero_add
                          (|b| ^ Nat.rawCast 2 * (Int.negOfNat 1).rawCast + 0)))))
                  (Mathlib.Tactic.Ring.Common.sub_pf
                    (Mathlib.Tactic.Ring.Common.neg_add
                      (Mathlib.Tactic.Ring.Common.neg_mul H (Nat.rawCast 1)
                        (Mathlib.Tactic.Ring.Common.neg_mul |b| (Nat.rawCast 1)
                          (Mathlib.Meta.NormNum.IsInt.to_raw_eq
                            (Mathlib.Meta.NormNum.isInt_neg (Eq.refl Neg.neg)
                              (Mathlib.Meta.NormNum.IsNat.to_isInt (Mathlib.Meta.NormNum.IsNat.of_raw ℝ 1))
                              (Eq.refl (Int.negOfNat 1))))))
                      (Mathlib.Tactic.Ring.Common.neg_add
                        (Mathlib.Tactic.Ring.Common.neg_mul |b| (Nat.rawCast 2)
                          (Mathlib.Meta.NormNum.IsNat.to_raw_eq
                            (Mathlib.Meta.NormNum.IsInt.to_isNat
                              (Mathlib.Meta.NormNum.isInt_neg (Eq.refl Neg.neg)
                                (Mathlib.Meta.NormNum.IsInt.of_raw ℝ (Int.negOfNat 1)) (Eq.refl (Int.ofNat 1))))))
                        Mathlib.Tactic.Ring.Common.neg_zero))
                    (Mathlib.Tactic.Ring.Common.add_pf_zero_add
                      (H ^ Nat.rawCast 1 * (|b| ^ Nat.rawCast 1 * (Int.negOfNat 1).rawCast) +
                        (|b| ^ Nat.rawCast 2 * Nat.rawCast 1 + 0)))))
                (Mathlib.Tactic.Ring.Common.add_pf_add_overlap_zero
                  (Mathlib.Tactic.Ring.Common.add_overlap_pf_zero H (Nat.rawCast 1)
                    (Mathlib.Tactic.Ring.Common.add_overlap_pf_zero |b| (Nat.rawCast 1)
                      (Mathlib.Meta.NormNum.IsInt.to_isNat
                        (Mathlib.Meta.NormNum.isInt_add (Eq.refl HAdd.hAdd)
                          (Mathlib.Meta.NormNum.IsNat.to_isInt (Mathlib.Meta.NormNum.IsNat.of_raw ℝ 1))
                          (Mathlib.Meta.NormNum.IsInt.of_raw ℝ (Int.negOfNat 1)) (Eq.refl (Int.ofNat 0))))))
                  (Mathlib.Tactic.Ring.Common.add_pf_add_overlap_zero
                    (Mathlib.Tactic.Ring.Common.add_overlap_pf_zero |b| (Nat.rawCast 2)
                      (Mathlib.Meta.NormNum.IsInt.to_isNat
                        (Mathlib.Meta.NormNum.isInt_add (Eq.refl HAdd.hAdd)
                          (Mathlib.Meta.NormNum.IsInt.of_raw ℝ (Int.negOfNat 1))
                          (Mathlib.Meta.NormNum.IsNat.to_isInt (Mathlib.Meta.NormNum.IsNat.of_raw ℝ 1))
                          (Eq.refl (Int.ofNat 0)))))
                    (Mathlib.Tactic.Ring.Common.add_pf_zero_add 0))))
              (Mathlib.Tactic.Ring.cast_zero (Mathlib.Meta.NormNum.isNat_ofNat ℝ Nat.cast_zero))))
          (Mathlib.Tactic.Linarith.add_lt_of_neg_of_le
            (Mathlib.Tactic.Linarith.add_lt_of_neg_of_le
              (Mathlib.Tactic.Linarith.lt_of_lt_of_eq (Mathlib.Tactic.Linarith.sub_neg_of_lt a)
                (neg_eq_zero.mpr (sub_eq_zero_of_eq (sq_abs b))))
              (Mathlib.Tactic.Linarith.sub_nonpos_of_le
                (mul_nonneg_of_nonpos_of_nonpos (Mathlib.Tactic.Linarith.sub_nonpos_of_le hH)
                  (Mathlib.Tactic.Linarith.sub_nonpos_of_le hbH))))
            (Mathlib.Tactic.Linarith.sub_nonpos_of_le
              (mul_nonneg_of_nonpos_of_nonpos (Mathlib.Tactic.Linarith.sub_nonpos_of_le hbH)
                (Mathlib.Tactic.Linarith.sub_nonpos_of_le (abs_nonneg b))))));
  have hc2 :=
    le_of_not_gt fun a =>
      Mathlib.Tactic.Linarith.lt_irrefl
        (Eq.mp
          (congrArg (fun _a => _a < 0)
            (Mathlib.Tactic.Ring.of_eq
              (Mathlib.Tactic.Ring.Common.add_congr
                (Mathlib.Tactic.Ring.Common.add_congr
                  (Mathlib.Tactic.Ring.Common.add_congr
                    (Mathlib.Tactic.Ring.Common.sub_congr
                      (Mathlib.Tactic.Ring.Common.pow_congr
                        (Mathlib.Tactic.Ring.Common.atom_pf H rfl
                          (Eq.mpr
                            (id
                              (congrArg (fun _a => H ^ Nat.rawCast 1 * Nat.rawCast 1 = H ^ Nat.rawCast 1 * _a)
                                (Eq.symm rfl)))
                            (Eq.refl (H ^ Nat.rawCast 1 * Nat.rawCast 1))))
                        (Mathlib.Tactic.Ring.cast_pos (Mathlib.Meta.NormNum.isNat_ofNat ℕ (Eq.refl 2)))
                        (Mathlib.Tactic.Ring.Common.pow_add
                          (Mathlib.Tactic.Ring.Common.single_pow
                            (Mathlib.Tactic.Ring.Common.mul_pow_mul
                              (Mathlib.Meta.NormNum.IsNat.to_raw_eq
                                (Mathlib.Meta.NormNum.isNat_mul (Eq.refl HMul.hMul)
                                  (Mathlib.Meta.NormNum.IsNat.of_raw ℕ 1) (Mathlib.Meta.NormNum.IsNat.of_raw ℕ 2)
                                  (Eq.refl 2)))
                              (Mathlib.Tactic.Ring.Common.one_pow (Nat.rawCast 2) { out := rfl })
                              (Eq.mpr
                                (id
                                  (congrArg (fun _a => H ^ Nat.rawCast 2 * Nat.rawCast 1 = H ^ Nat.rawCast 2 * _a)
                                    (Eq.symm rfl)))
                                (Eq.refl (H ^ Nat.rawCast 2 * Nat.rawCast 1)))
                              (Mathlib.Tactic.Ring.Common.mul_pf_left H (Nat.rawCast 2)
                                (Mathlib.Meta.NormNum.IsNat.to_raw_eq
                                  (Mathlib.Meta.NormNum.isNat_mul (Eq.refl HMul.hMul)
                                    (Mathlib.Meta.NormNum.IsNat.of_raw ℝ 1) (Mathlib.Meta.NormNum.IsNat.of_raw ℝ 1)
                                    (Eq.refl 1))))))
                          (Mathlib.Tactic.Ring.Common.pow_zero (H ^ Nat.rawCast 1 * Nat.rawCast 1 + 0) rfl)
                          (Mathlib.Tactic.Ring.Common.add_mul
                            (Mathlib.Tactic.Ring.Common.mul_add
                              (Mathlib.Tactic.Ring.Common.mul_pf_left H (Nat.rawCast 2)
                                (Mathlib.Meta.NormNum.IsNat.to_raw_eq
                                  (Mathlib.Meta.NormNum.isNat_mul (Eq.refl HMul.hMul)
                                    (Mathlib.Meta.NormNum.IsNat.of_raw ℝ 1) (Mathlib.Meta.NormNum.IsNat.of_raw ℝ 1)
                                    (Eq.refl 1))))
                              (Mathlib.Tactic.Ring.Common.mul_zero (H ^ Nat.rawCast 2 * Nat.rawCast 1))
                              (Mathlib.Tactic.Ring.Common.add_pf_add_zero (H ^ Nat.rawCast 2 * Nat.rawCast 1 + 0)))
                            (Mathlib.Tactic.Ring.Common.zero_mul (Nat.rawCast 1 + 0))
                            (Mathlib.Tactic.Ring.Common.add_pf_add_zero (H ^ Nat.rawCast 2 * Nat.rawCast 1 + 0)))))
                      (Mathlib.Tactic.Ring.Common.pow_congr
                        (Mathlib.Tactic.Ring.Common.atom_pf c rfl
                          (Eq.mpr
                            (id
                              (congrArg (fun _a => c ^ Nat.rawCast 1 * Nat.rawCast 1 = c ^ Nat.rawCast 1 * _a)
                                (Eq.symm rfl)))
                            (Eq.refl (c ^ Nat.rawCast 1 * Nat.rawCast 1))))
                        (Mathlib.Tactic.Ring.cast_pos (Mathlib.Meta.NormNum.isNat_ofNat ℕ (Eq.refl 2)))
                        (Mathlib.Tactic.Ring.Common.pow_add
                          (Mathlib.Tactic.Ring.Common.single_pow
                            (Mathlib.Tactic.Ring.Common.mul_pow_mul
                              (Mathlib.Meta.NormNum.IsNat.to_raw_eq
                                (Mathlib.Meta.NormNum.isNat_mul (Eq.refl HMul.hMul)
                                  (Mathlib.Meta.NormNum.IsNat.of_raw ℕ 1) (Mathlib.Meta.NormNum.IsNat.of_raw ℕ 2)
                                  (Eq.refl 2)))
                              (Mathlib.Tactic.Ring.Common.one_pow (Nat.rawCast 2) { out := rfl })
                              (Eq.mpr
                                (id
                                  (congrArg (fun _a => c ^ Nat.rawCast 2 * Nat.rawCast 1 = c ^ Nat.rawCast 2 * _a)
                                    (Eq.symm rfl)))
                                (Eq.refl (c ^ Nat.rawCast 2 * Nat.rawCast 1)))
                              (Mathlib.Tactic.Ring.Common.mul_pf_left c (Nat.rawCast 2)
                                (Mathlib.Meta.NormNum.IsNat.to_raw_eq
                                  (Mathlib.Meta.NormNum.isNat_mul (Eq.refl HMul.hMul)
                                    (Mathlib.Meta.NormNum.IsNat.of_raw ℝ 1) (Mathlib.Meta.NormNum.IsNat.of_raw ℝ 1)
                                    (Eq.refl 1))))))
                          (Mathlib.Tactic.Ring.Common.pow_zero (c ^ Nat.rawCast 1 * Nat.rawCast 1 + 0) rfl)
                          (Mathlib.Tactic.Ring.Common.add_mul
                            (Mathlib.Tactic.Ring.Common.mul_add
                              (Mathlib.Tactic.Ring.Common.mul_pf_left c (Nat.rawCast 2)
                                (Mathlib.Meta.NormNum.IsNat.to_raw_eq
                                  (Mathlib.Meta.NormNum.isNat_mul (Eq.refl HMul.hMul)
                                    (Mathlib.Meta.NormNum.IsNat.of_raw ℝ 1) (Mathlib.Meta.NormNum.IsNat.of_raw ℝ 1)
                                    (Eq.refl 1))))
                              (Mathlib.Tactic.Ring.Common.mul_zero (c ^ Nat.rawCast 2 * Nat.rawCast 1))
                              (Mathlib.Tactic.Ring.Common.add_pf_add_zero (c ^ Nat.rawCast 2 * Nat.rawCast 1 + 0)))
                            (Mathlib.Tactic.Ring.Common.zero_mul (Nat.rawCast 1 + 0))
                            (Mathlib.Tactic.Ring.Common.add_pf_add_zero (c ^ Nat.rawCast 2 * Nat.rawCast 1 + 0)))))
                      (Mathlib.Tactic.Ring.Common.sub_pf
                        (Mathlib.Tactic.Ring.Common.neg_add
                          (Mathlib.Tactic.Ring.Common.neg_mul c (Nat.rawCast 2)
                            (Mathlib.Meta.NormNum.IsInt.to_raw_eq
                              (Mathlib.Meta.NormNum.isInt_neg (Eq.refl Neg.neg)
                                (Mathlib.Meta.NormNum.IsNat.to_isInt (Mathlib.Meta.NormNum.IsNat.of_raw ℝ 1))
                                (Eq.refl (Int.negOfNat 1)))))
                          Mathlib.Tactic.Ring.Common.neg_zero)
                        (Mathlib.Tactic.Ring.Common.add_pf_add_lt (H ^ Nat.rawCast 2 * Nat.rawCast 1)
                          (Mathlib.Tactic.Ring.Common.add_pf_zero_add
                            (c ^ Nat.rawCast 2 * (Int.negOfNat 1).rawCast + 0)))))
                    (Mathlib.Tactic.Ring.Common.neg_congr
                      (Mathlib.Tactic.Ring.Common.sub_congr
                        (Mathlib.Tactic.Ring.Common.pow_congr
                          (Mathlib.Tactic.Ring.Common.atom_pf |c| rfl
                            (Eq.mpr
                              (id
                                (congrArg (fun _a => |c| ^ Nat.rawCast 1 * Nat.rawCast 1 = |c| ^ Nat.rawCast 1 * _a)
                                  (Eq.symm rfl)))
                              (Eq.refl (|c| ^ Nat.rawCast 1 * Nat.rawCast 1))))
                          (Mathlib.Tactic.Ring.cast_pos (Mathlib.Meta.NormNum.isNat_ofNat ℕ (Eq.refl 2)))
                          (Mathlib.Tactic.Ring.Common.pow_add
                            (Mathlib.Tactic.Ring.Common.single_pow
                              (Mathlib.Tactic.Ring.Common.mul_pow_mul
                                (Mathlib.Meta.NormNum.IsNat.to_raw_eq
                                  (Mathlib.Meta.NormNum.isNat_mul (Eq.refl HMul.hMul)
                                    (Mathlib.Meta.NormNum.IsNat.of_raw ℕ 1) (Mathlib.Meta.NormNum.IsNat.of_raw ℕ 2)
                                    (Eq.refl 2)))
                                (Mathlib.Tactic.Ring.Common.one_pow (Nat.rawCast 2) { out := rfl })
                                (Eq.mpr
                                  (id
                                    (congrArg (fun _a => |c| ^ Nat.rawCast 2 * Nat.rawCast 1 = |c| ^ Nat.rawCast 2 * _a)
                                      (Eq.symm rfl)))
                                  (Eq.refl (|c| ^ Nat.rawCast 2 * Nat.rawCast 1)))
                                (Mathlib.Tactic.Ring.Common.mul_pf_left |c| (Nat.rawCast 2)
                                  (Mathlib.Meta.NormNum.IsNat.to_raw_eq
                                    (Mathlib.Meta.NormNum.isNat_mul (Eq.refl HMul.hMul)
                                      (Mathlib.Meta.NormNum.IsNat.of_raw ℝ 1) (Mathlib.Meta.NormNum.IsNat.of_raw ℝ 1)
                                      (Eq.refl 1))))))
                            (Mathlib.Tactic.Ring.Common.pow_zero (|c| ^ Nat.rawCast 1 * Nat.rawCast 1 + 0) rfl)
                            (Mathlib.Tactic.Ring.Common.add_mul
                              (Mathlib.Tactic.Ring.Common.mul_add
                                (Mathlib.Tactic.Ring.Common.mul_pf_left |c| (Nat.rawCast 2)
                                  (Mathlib.Meta.NormNum.IsNat.to_raw_eq
                                    (Mathlib.Meta.NormNum.isNat_mul (Eq.refl HMul.hMul)
                                      (Mathlib.Meta.NormNum.IsNat.of_raw ℝ 1) (Mathlib.Meta.NormNum.IsNat.of_raw ℝ 1)
                                      (Eq.refl 1))))
                                (Mathlib.Tactic.Ring.Common.mul_zero (|c| ^ Nat.rawCast 2 * Nat.rawCast 1))
                                (Mathlib.Tactic.Ring.Common.add_pf_add_zero (|c| ^ Nat.rawCast 2 * Nat.rawCast 1 + 0)))
                              (Mathlib.Tactic.Ring.Common.zero_mul (Nat.rawCast 1 + 0))
                              (Mathlib.Tactic.Ring.Common.add_pf_add_zero (|c| ^ Nat.rawCast 2 * Nat.rawCast 1 + 0)))))
                        (Mathlib.Tactic.Ring.Common.pow_congr
                          (Mathlib.Tactic.Ring.Common.atom_pf c rfl
                            (Eq.mpr
                              (id
                                (congrArg (fun _a => c ^ Nat.rawCast 1 * Nat.rawCast 1 = c ^ Nat.rawCast 1 * _a)
                                  (Eq.symm rfl)))
                              (Eq.refl (c ^ Nat.rawCast 1 * Nat.rawCast 1))))
                          (Mathlib.Tactic.Ring.cast_pos (Mathlib.Meta.NormNum.isNat_ofNat ℕ (Eq.refl 2)))
                          (Mathlib.Tactic.Ring.Common.pow_add
                            (Mathlib.Tactic.Ring.Common.single_pow
                              (Mathlib.Tactic.Ring.Common.mul_pow_mul
                                (Mathlib.Meta.NormNum.IsNat.to_raw_eq
                                  (Mathlib.Meta.NormNum.isNat_mul (Eq.refl HMul.hMul)
                                    (Mathlib.Meta.NormNum.IsNat.of_raw ℕ 1) (Mathlib.Meta.NormNum.IsNat.of_raw ℕ 2)
                                    (Eq.refl 2)))
                                (Mathlib.Tactic.Ring.Common.one_pow (Nat.rawCast 2) { out := rfl })
                                (Eq.mpr
                                  (id
                                    (congrArg (fun _a => c ^ Nat.rawCast 2 * Nat.rawCast 1 = c ^ Nat.rawCast 2 * _a)
                                      (Eq.symm rfl)))
                                  (Eq.refl (c ^ Nat.rawCast 2 * Nat.rawCast 1)))
                                (Mathlib.Tactic.Ring.Common.mul_pf_left c (Nat.rawCast 2)
                                  (Mathlib.Meta.NormNum.IsNat.to_raw_eq
                                    (Mathlib.Meta.NormNum.isNat_mul (Eq.refl HMul.hMul)
                                      (Mathlib.Meta.NormNum.IsNat.of_raw ℝ 1) (Mathlib.Meta.NormNum.IsNat.of_raw ℝ 1)
                                      (Eq.refl 1))))))
                            (Mathlib.Tactic.Ring.Common.pow_zero (c ^ Nat.rawCast 1 * Nat.rawCast 1 + 0) rfl)
                            (Mathlib.Tactic.Ring.Common.add_mul
                              (Mathlib.Tactic.Ring.Common.mul_add
                                (Mathlib.Tactic.Ring.Common.mul_pf_left c (Nat.rawCast 2)
                                  (Mathlib.Meta.NormNum.IsNat.to_raw_eq
                                    (Mathlib.Meta.NormNum.isNat_mul (Eq.refl HMul.hMul)
                                      (Mathlib.Meta.NormNum.IsNat.of_raw ℝ 1) (Mathlib.Meta.NormNum.IsNat.of_raw ℝ 1)
                                      (Eq.refl 1))))
                                (Mathlib.Tactic.Ring.Common.mul_zero (c ^ Nat.rawCast 2 * Nat.rawCast 1))
                                (Mathlib.Tactic.Ring.Common.add_pf_add_zero (c ^ Nat.rawCast 2 * Nat.rawCast 1 + 0)))
                              (Mathlib.Tactic.Ring.Common.zero_mul (Nat.rawCast 1 + 0))
                              (Mathlib.Tactic.Ring.Common.add_pf_add_zero (c ^ Nat.rawCast 2 * Nat.rawCast 1 + 0)))))
                        (Mathlib.Tactic.Ring.Common.sub_pf
                          (Mathlib.Tactic.Ring.Common.neg_add
                            (Mathlib.Tactic.Ring.Common.neg_mul c (Nat.rawCast 2)
                              (Mathlib.Meta.NormNum.IsInt.to_raw_eq
                                (Mathlib.Meta.NormNum.isInt_neg (Eq.refl Neg.neg)
                                  (Mathlib.Meta.NormNum.IsNat.to_isInt (Mathlib.Meta.NormNum.IsNat.of_raw ℝ 1))
                                  (Eq.refl (Int.negOfNat 1)))))
                            Mathlib.Tactic.Ring.Common.neg_zero)
                          (Mathlib.Tactic.Ring.Common.add_pf_add_gt (c ^ Nat.rawCast 2 * (Int.negOfNat 1).rawCast)
                            (Mathlib.Tactic.Ring.Common.add_pf_add_zero (|c| ^ Nat.rawCast 2 * Nat.rawCast 1 + 0)))))
                      (Mathlib.Tactic.Ring.Common.neg_add
                        (Mathlib.Tactic.Ring.Common.neg_mul c (Nat.rawCast 2)
                          (Mathlib.Meta.NormNum.IsNat.to_raw_eq
                            (Mathlib.Meta.NormNum.IsInt.to_isNat
                              (Mathlib.Meta.NormNum.isInt_neg (Eq.refl Neg.neg)
                                (Mathlib.Meta.NormNum.IsInt.of_raw ℝ (Int.negOfNat 1)) (Eq.refl (Int.ofNat 1))))))
                        (Mathlib.Tactic.Ring.Common.neg_add
                          (Mathlib.Tactic.Ring.Common.neg_mul |c| (Nat.rawCast 2)
                            (Mathlib.Meta.NormNum.IsInt.to_raw_eq
                              (Mathlib.Meta.NormNum.isInt_neg (Eq.refl Neg.neg)
                                (Mathlib.Meta.NormNum.IsNat.to_isInt (Mathlib.Meta.NormNum.IsNat.of_raw ℝ 1))
                                (Eq.refl (Int.negOfNat 1)))))
                          Mathlib.Tactic.Ring.Common.neg_zero)))
                    (Mathlib.Tactic.Ring.Common.add_pf_add_lt (H ^ Nat.rawCast 2 * Nat.rawCast 1)
                      (Mathlib.Tactic.Ring.Common.add_pf_add_overlap_zero
                        (Mathlib.Tactic.Ring.Common.add_overlap_pf_zero c (Nat.rawCast 2)
                          (Mathlib.Meta.NormNum.IsInt.to_isNat
                            (Mathlib.Meta.NormNum.isInt_add (Eq.refl HAdd.hAdd)
                              (Mathlib.Meta.NormNum.IsInt.of_raw ℝ (Int.negOfNat 1))
                              (Mathlib.Meta.NormNum.IsNat.to_isInt (Mathlib.Meta.NormNum.IsNat.of_raw ℝ 1))
                              (Eq.refl (Int.ofNat 0)))))
                        (Mathlib.Tactic.Ring.Common.add_pf_zero_add
                          (|c| ^ Nat.rawCast 2 * (Int.negOfNat 1).rawCast + 0)))))
                  (Mathlib.Tactic.Ring.Common.sub_congr
                    (Mathlib.Tactic.Ring.cast_zero (Mathlib.Meta.NormNum.isNat_ofNat ℝ Nat.cast_zero))
                    (Mathlib.Tactic.Ring.Common.mul_congr
                      (Mathlib.Tactic.Ring.Common.sub_congr
                        (Mathlib.Tactic.Ring.cast_zero (Mathlib.Meta.NormNum.isNat_ofNat ℝ Nat.cast_zero))
                        (Mathlib.Tactic.Ring.Common.atom_pf H rfl
                          (Eq.mpr
                            (id
                              (congrArg (fun _a => H ^ Nat.rawCast 1 * Nat.rawCast 1 = H ^ Nat.rawCast 1 * _a)
                                (Eq.symm rfl)))
                            (Eq.refl (H ^ Nat.rawCast 1 * Nat.rawCast 1))))
                        (Mathlib.Tactic.Ring.Common.sub_pf
                          (Mathlib.Tactic.Ring.Common.neg_add
                            (Mathlib.Tactic.Ring.Common.neg_mul H (Nat.rawCast 1)
                              (Mathlib.Meta.NormNum.IsInt.to_raw_eq
                                (Mathlib.Meta.NormNum.isInt_neg (Eq.refl Neg.neg)
                                  (Mathlib.Meta.NormNum.IsNat.to_isInt (Mathlib.Meta.NormNum.IsNat.of_raw ℝ 1))
                                  (Eq.refl (Int.negOfNat 1)))))
                            Mathlib.Tactic.Ring.Common.neg_zero)
                          (Mathlib.Tactic.Ring.Common.add_pf_zero_add
                            (H ^ Nat.rawCast 1 * (Int.negOfNat 1).rawCast + 0))))
                      (Mathlib.Tactic.Ring.Common.sub_congr
                        (Mathlib.Tactic.Ring.Common.atom_pf |c| rfl
                          (Eq.mpr
                            (id
                              (congrArg (fun _a => |c| ^ Nat.rawCast 1 * Nat.rawCast 1 = |c| ^ Nat.rawCast 1 * _a)
                                (Eq.symm rfl)))
                            (Eq.refl (|c| ^ Nat.rawCast 1 * Nat.rawCast 1))))
                        (Mathlib.Tactic.Ring.Common.atom_pf H rfl
                          (Eq.mpr
                            (id
                              (congrArg (fun _a => H ^ Nat.rawCast 1 * Nat.rawCast 1 = H ^ Nat.rawCast 1 * _a)
                                (Eq.symm rfl)))
                            (Eq.refl (H ^ Nat.rawCast 1 * Nat.rawCast 1))))
                        (Mathlib.Tactic.Ring.Common.sub_pf
                          (Mathlib.Tactic.Ring.Common.neg_add
                            (Mathlib.Tactic.Ring.Common.neg_mul H (Nat.rawCast 1)
                              (Mathlib.Meta.NormNum.IsInt.to_raw_eq
                                (Mathlib.Meta.NormNum.isInt_neg (Eq.refl Neg.neg)
                                  (Mathlib.Meta.NormNum.IsNat.to_isInt (Mathlib.Meta.NormNum.IsNat.of_raw ℝ 1))
                                  (Eq.refl (Int.negOfNat 1)))))
                            Mathlib.Tactic.Ring.Common.neg_zero)
                          (Mathlib.Tactic.Ring.Common.add_pf_add_gt (H ^ Nat.rawCast 1 * (Int.negOfNat 1).rawCast)
                            (Mathlib.Tactic.Ring.Common.add_pf_add_zero (|c| ^ Nat.rawCast 1 * Nat.rawCast 1 + 0)))))
                      (Mathlib.Tactic.Ring.Common.add_mul
                        (Mathlib.Tactic.Ring.Common.mul_add
                          (Mathlib.Tactic.Ring.Common.mul_pp_pf_overlap H
                            (Mathlib.Meta.NormNum.IsNat.to_raw_eq
                              (Mathlib.Meta.NormNum.isNat_add (Eq.refl HAdd.hAdd)
                                (Mathlib.Meta.NormNum.IsNat.of_raw ℕ 1) (Mathlib.Meta.NormNum.IsNat.of_raw ℕ 1)
                                (Eq.refl 2)))
                            (Mathlib.Meta.NormNum.IsNat.to_raw_eq
                              (Mathlib.Meta.NormNum.IsInt.to_isNat
                                (Mathlib.Meta.NormNum.isInt_mul (Eq.refl HMul.hMul)
                                  (Mathlib.Meta.NormNum.IsInt.of_raw ℝ (Int.negOfNat 1))
                                  (Mathlib.Meta.NormNum.IsInt.of_raw ℝ (Int.negOfNat 1)) (Eq.refl (Int.ofNat 1))))))
                          (Mathlib.Tactic.Ring.Common.mul_add
                            (Mathlib.Tactic.Ring.Common.mul_pf_left H (Nat.rawCast 1)
                              (Mathlib.Tactic.Ring.Common.mul_pf_right |c| (Nat.rawCast 1)
                                (Mathlib.Meta.NormNum.IsInt.to_raw_eq
                                  (Mathlib.Meta.NormNum.isInt_mul (Eq.refl HMul.hMul)
                                    (Mathlib.Meta.NormNum.IsInt.of_raw ℝ (Int.negOfNat 1))
                                    (Mathlib.Meta.NormNum.IsNat.to_isInt (Mathlib.Meta.NormNum.IsNat.of_raw ℝ 1))
                                    (Eq.refl (Int.negOfNat 1))))))
                            (Mathlib.Tactic.Ring.Common.mul_zero (H ^ Nat.rawCast 1 * (Int.negOfNat 1).rawCast))
                            (Mathlib.Tactic.Ring.Common.add_pf_add_zero
                              (H ^ Nat.rawCast 1 * (|c| ^ Nat.rawCast 1 * (Int.negOfNat 1).rawCast) + 0)))
                          (Mathlib.Tactic.Ring.Common.add_pf_add_gt
                            (H ^ Nat.rawCast 1 * (|c| ^ Nat.rawCast 1 * (Int.negOfNat 1).rawCast))
                            (Mathlib.Tactic.Ring.Common.add_pf_add_zero (H ^ Nat.rawCast 2 * Nat.rawCast 1 + 0))))
                        (Mathlib.Tactic.Ring.Common.zero_mul
                          (H ^ Nat.rawCast 1 * (Int.negOfNat 1).rawCast + (|c| ^ Nat.rawCast 1 * Nat.rawCast 1 + 0)))
                        (Mathlib.Tactic.Ring.Common.add_pf_add_zero
                          (H ^ Nat.rawCast 1 * (|c| ^ Nat.rawCast 1 * (Int.negOfNat 1).rawCast) +
                            (H ^ Nat.rawCast 2 * Nat.rawCast 1 + 0)))))
                    (Mathlib.Tactic.Ring.Common.sub_pf
                      (Mathlib.Tactic.Ring.Common.neg_add
                        (Mathlib.Tactic.Ring.Common.neg_mul H (Nat.rawCast 1)
                          (Mathlib.Tactic.Ring.Common.neg_mul |c| (Nat.rawCast 1)
                            (Mathlib.Meta.NormNum.IsNat.to_raw_eq
                              (Mathlib.Meta.NormNum.IsInt.to_isNat
                                (Mathlib.Meta.NormNum.isInt_neg (Eq.refl Neg.neg)
                                  (Mathlib.Meta.NormNum.IsInt.of_raw ℝ (Int.negOfNat 1)) (Eq.refl (Int.ofNat 1)))))))
                        (Mathlib.Tactic.Ring.Common.neg_add
                          (Mathlib.Tactic.Ring.Common.neg_mul H (Nat.rawCast 2)
                            (Mathlib.Meta.NormNum.IsInt.to_raw_eq
                              (Mathlib.Meta.NormNum.isInt_neg (Eq.refl Neg.neg)
                                (Mathlib.Meta.NormNum.IsNat.to_isInt (Mathlib.Meta.NormNum.IsNat.of_raw ℝ 1))
                                (Eq.refl (Int.negOfNat 1)))))
                          Mathlib.Tactic.Ring.Common.neg_zero))
                      (Mathlib.Tactic.Ring.Common.add_pf_zero_add
                        (H ^ Nat.rawCast 1 * (|c| ^ Nat.rawCast 1 * Nat.rawCast 1) +
                          (H ^ Nat.rawCast 2 * (Int.negOfNat 1).rawCast + 0)))))
                  (Mathlib.Tactic.Ring.Common.add_pf_add_gt (H ^ Nat.rawCast 1 * (|c| ^ Nat.rawCast 1 * Nat.rawCast 1))
                    (Mathlib.Tactic.Ring.Common.add_pf_add_overlap_zero
                      (Mathlib.Tactic.Ring.Common.add_overlap_pf_zero H (Nat.rawCast 2)
                        (Mathlib.Meta.NormNum.IsInt.to_isNat
                          (Mathlib.Meta.NormNum.isInt_add (Eq.refl HAdd.hAdd)
                            (Mathlib.Meta.NormNum.IsNat.to_isInt (Mathlib.Meta.NormNum.IsNat.of_raw ℝ 1))
                            (Mathlib.Meta.NormNum.IsInt.of_raw ℝ (Int.negOfNat 1)) (Eq.refl (Int.ofNat 0)))))
                      (Mathlib.Tactic.Ring.Common.add_pf_add_zero
                        (|c| ^ Nat.rawCast 2 * (Int.negOfNat 1).rawCast + 0)))))
                (Mathlib.Tactic.Ring.Common.sub_congr
                  (Mathlib.Tactic.Ring.cast_zero (Mathlib.Meta.NormNum.isNat_ofNat ℝ Nat.cast_zero))
                  (Mathlib.Tactic.Ring.Common.mul_congr
                    (Mathlib.Tactic.Ring.Common.sub_congr
                      (Mathlib.Tactic.Ring.Common.atom_pf |c| rfl
                        (Eq.mpr
                          (id
                            (congrArg (fun _a => |c| ^ Nat.rawCast 1 * Nat.rawCast 1 = |c| ^ Nat.rawCast 1 * _a)
                              (Eq.symm rfl)))
                          (Eq.refl (|c| ^ Nat.rawCast 1 * Nat.rawCast 1))))
                      (Mathlib.Tactic.Ring.Common.atom_pf H rfl
                        (Eq.mpr
                          (id
                            (congrArg (fun _a => H ^ Nat.rawCast 1 * Nat.rawCast 1 = H ^ Nat.rawCast 1 * _a)
                              (Eq.symm rfl)))
                          (Eq.refl (H ^ Nat.rawCast 1 * Nat.rawCast 1))))
                      (Mathlib.Tactic.Ring.Common.sub_pf
                        (Mathlib.Tactic.Ring.Common.neg_add
                          (Mathlib.Tactic.Ring.Common.neg_mul H (Nat.rawCast 1)
                            (Mathlib.Meta.NormNum.IsInt.to_raw_eq
                              (Mathlib.Meta.NormNum.isInt_neg (Eq.refl Neg.neg)
                                (Mathlib.Meta.NormNum.IsNat.to_isInt (Mathlib.Meta.NormNum.IsNat.of_raw ℝ 1))
                                (Eq.refl (Int.negOfNat 1)))))
                          Mathlib.Tactic.Ring.Common.neg_zero)
                        (Mathlib.Tactic.Ring.Common.add_pf_add_gt (H ^ Nat.rawCast 1 * (Int.negOfNat 1).rawCast)
                          (Mathlib.Tactic.Ring.Common.add_pf_add_zero (|c| ^ Nat.rawCast 1 * Nat.rawCast 1 + 0)))))
                    (Mathlib.Tactic.Ring.Common.sub_congr
                      (Mathlib.Tactic.Ring.cast_zero (Mathlib.Meta.NormNum.isNat_ofNat ℝ Nat.cast_zero))
                      (Mathlib.Tactic.Ring.Common.atom_pf |c| rfl
                        (Eq.mpr
                          (id
                            (congrArg (fun _a => |c| ^ Nat.rawCast 1 * Nat.rawCast 1 = |c| ^ Nat.rawCast 1 * _a)
                              (Eq.symm rfl)))
                          (Eq.refl (|c| ^ Nat.rawCast 1 * Nat.rawCast 1))))
                      (Mathlib.Tactic.Ring.Common.sub_pf
                        (Mathlib.Tactic.Ring.Common.neg_add
                          (Mathlib.Tactic.Ring.Common.neg_mul |c| (Nat.rawCast 1)
                            (Mathlib.Meta.NormNum.IsInt.to_raw_eq
                              (Mathlib.Meta.NormNum.isInt_neg (Eq.refl Neg.neg)
                                (Mathlib.Meta.NormNum.IsNat.to_isInt (Mathlib.Meta.NormNum.IsNat.of_raw ℝ 1))
                                (Eq.refl (Int.negOfNat 1)))))
                          Mathlib.Tactic.Ring.Common.neg_zero)
                        (Mathlib.Tactic.Ring.Common.add_pf_zero_add
                          (|c| ^ Nat.rawCast 1 * (Int.negOfNat 1).rawCast + 0))))
                    (Mathlib.Tactic.Ring.Common.add_mul
                      (Mathlib.Tactic.Ring.Common.mul_add
                        (Mathlib.Tactic.Ring.Common.mul_pf_left H (Nat.rawCast 1)
                          (Mathlib.Tactic.Ring.Common.mul_pf_right |c| (Nat.rawCast 1)
                            (Mathlib.Meta.NormNum.IsNat.to_raw_eq
                              (Mathlib.Meta.NormNum.IsInt.to_isNat
                                (Mathlib.Meta.NormNum.isInt_mul (Eq.refl HMul.hMul)
                                  (Mathlib.Meta.NormNum.IsInt.of_raw ℝ (Int.negOfNat 1))
                                  (Mathlib.Meta.NormNum.IsInt.of_raw ℝ (Int.negOfNat 1)) (Eq.refl (Int.ofNat 1)))))))
                        (Mathlib.Tactic.Ring.Common.mul_zero (H ^ Nat.rawCast 1 * (Int.negOfNat 1).rawCast))
                        (Mathlib.Tactic.Ring.Common.add_pf_add_zero
                          (H ^ Nat.rawCast 1 * (|c| ^ Nat.rawCast 1 * Nat.rawCast 1) + 0)))
                      (Mathlib.Tactic.Ring.Common.add_mul
                        (Mathlib.Tactic.Ring.Common.mul_add
                          (Mathlib.Tactic.Ring.Common.mul_pp_pf_overlap |c|
                            (Mathlib.Meta.NormNum.IsNat.to_raw_eq
                              (Mathlib.Meta.NormNum.isNat_add (Eq.refl HAdd.hAdd)
                                (Mathlib.Meta.NormNum.IsNat.of_raw ℕ 1) (Mathlib.Meta.NormNum.IsNat.of_raw ℕ 1)
                                (Eq.refl 2)))
                            (Mathlib.Meta.NormNum.IsInt.to_raw_eq
                              (Mathlib.Meta.NormNum.isInt_mul (Eq.refl HMul.hMul)
                                (Mathlib.Meta.NormNum.IsNat.to_isInt (Mathlib.Meta.NormNum.IsNat.of_raw ℝ 1))
                                (Mathlib.Meta.NormNum.IsInt.of_raw ℝ (Int.negOfNat 1)) (Eq.refl (Int.negOfNat 1)))))
                          (Mathlib.Tactic.Ring.Common.mul_zero (|c| ^ Nat.rawCast 1 * Nat.rawCast 1))
                          (Mathlib.Tactic.Ring.Common.add_pf_add_zero
                            (|c| ^ Nat.rawCast 2 * (Int.negOfNat 1).rawCast + 0)))
                        (Mathlib.Tactic.Ring.Common.zero_mul (|c| ^ Nat.rawCast 1 * (Int.negOfNat 1).rawCast + 0))
                        (Mathlib.Tactic.Ring.Common.add_pf_add_zero
                          (|c| ^ Nat.rawCast 2 * (Int.negOfNat 1).rawCast + 0)))
                      (Mathlib.Tactic.Ring.Common.add_pf_add_lt
                        (H ^ Nat.rawCast 1 * (|c| ^ Nat.rawCast 1 * Nat.rawCast 1))
                        (Mathlib.Tactic.Ring.Common.add_pf_zero_add
                          (|c| ^ Nat.rawCast 2 * (Int.negOfNat 1).rawCast + 0)))))
                  (Mathlib.Tactic.Ring.Common.sub_pf
                    (Mathlib.Tactic.Ring.Common.neg_add
                      (Mathlib.Tactic.Ring.Common.neg_mul H (Nat.rawCast 1)
                        (Mathlib.Tactic.Ring.Common.neg_mul |c| (Nat.rawCast 1)
                          (Mathlib.Meta.NormNum.IsInt.to_raw_eq
                            (Mathlib.Meta.NormNum.isInt_neg (Eq.refl Neg.neg)
                              (Mathlib.Meta.NormNum.IsNat.to_isInt (Mathlib.Meta.NormNum.IsNat.of_raw ℝ 1))
                              (Eq.refl (Int.negOfNat 1))))))
                      (Mathlib.Tactic.Ring.Common.neg_add
                        (Mathlib.Tactic.Ring.Common.neg_mul |c| (Nat.rawCast 2)
                          (Mathlib.Meta.NormNum.IsNat.to_raw_eq
                            (Mathlib.Meta.NormNum.IsInt.to_isNat
                              (Mathlib.Meta.NormNum.isInt_neg (Eq.refl Neg.neg)
                                (Mathlib.Meta.NormNum.IsInt.of_raw ℝ (Int.negOfNat 1)) (Eq.refl (Int.ofNat 1))))))
                        Mathlib.Tactic.Ring.Common.neg_zero))
                    (Mathlib.Tactic.Ring.Common.add_pf_zero_add
                      (H ^ Nat.rawCast 1 * (|c| ^ Nat.rawCast 1 * (Int.negOfNat 1).rawCast) +
                        (|c| ^ Nat.rawCast 2 * Nat.rawCast 1 + 0)))))
                (Mathlib.Tactic.Ring.Common.add_pf_add_overlap_zero
                  (Mathlib.Tactic.Ring.Common.add_overlap_pf_zero H (Nat.rawCast 1)
                    (Mathlib.Tactic.Ring.Common.add_overlap_pf_zero |c| (Nat.rawCast 1)
                      (Mathlib.Meta.NormNum.IsInt.to_isNat
                        (Mathlib.Meta.NormNum.isInt_add (Eq.refl HAdd.hAdd)
                          (Mathlib.Meta.NormNum.IsNat.to_isInt (Mathlib.Meta.NormNum.IsNat.of_raw ℝ 1))
                          (Mathlib.Meta.NormNum.IsInt.of_raw ℝ (Int.negOfNat 1)) (Eq.refl (Int.ofNat 0))))))
                  (Mathlib.Tactic.Ring.Common.add_pf_add_overlap_zero
                    (Mathlib.Tactic.Ring.Common.add_overlap_pf_zero |c| (Nat.rawCast 2)
                      (Mathlib.Meta.NormNum.IsInt.to_isNat
                        (Mathlib.Meta.NormNum.isInt_add (Eq.refl HAdd.hAdd)
                          (Mathlib.Meta.NormNum.IsInt.of_raw ℝ (Int.negOfNat 1))
                          (Mathlib.Meta.NormNum.IsNat.to_isInt (Mathlib.Meta.NormNum.IsNat.of_raw ℝ 1))
                          (Eq.refl (Int.ofNat 0)))))
                    (Mathlib.Tactic.Ring.Common.add_pf_zero_add 0))))
              (Mathlib.Tactic.Ring.cast_zero (Mathlib.Meta.NormNum.isNat_ofNat ℝ Nat.cast_zero))))
          (Mathlib.Tactic.Linarith.add_lt_of_neg_of_le
            (Mathlib.Tactic.Linarith.add_lt_of_neg_of_le
              (Mathlib.Tactic.Linarith.lt_of_lt_of_eq (Mathlib.Tactic.Linarith.sub_neg_of_lt a)
                (neg_eq_zero.mpr (sub_eq_zero_of_eq (sq_abs c))))
              (Mathlib.Tactic.Linarith.sub_nonpos_of_le
                (mul_nonneg_of_nonpos_of_nonpos (Mathlib.Tactic.Linarith.sub_nonpos_of_le hH)
                  (Mathlib.Tactic.Linarith.sub_nonpos_of_le hcH))))
            (Mathlib.Tactic.Linarith.sub_nonpos_of_le
              (mul_nonneg_of_nonpos_of_nonpos (Mathlib.Tactic.Linarith.sub_nonpos_of_le hcH)
                (Mathlib.Tactic.Linarith.sub_nonpos_of_le (abs_nonneg c))))));
  have he :=
    Real.sq_sqrt
      (Mathlib.Meta.NormNum.isNat_le_true (Mathlib.Meta.NormNum.isNat_ofNat ℝ Nat.cast_zero)
        (Mathlib.Meta.NormNum.isNat_ofNat ℝ (Eq.refl 3)) (Eq.refl true));
  have hp := mul_nonneg (Real.sqrt_nonneg 3) hH;
  le_of_not_gt fun a_1 =>
    Mathlib.Tactic.Linarith.lt_irrefl
      (Eq.mp
        (congrArg (fun _a => _a < 0)
          (Mathlib.Tactic.Ring.of_eq
            (Mathlib.Tactic.Ring.Common.add_congr
              (Mathlib.Tactic.Ring.Common.add_congr
                (Mathlib.Tactic.Ring.Common.add_congr
                  (Mathlib.Tactic.Ring.Common.add_congr
                    (Mathlib.Tactic.Ring.Common.add_congr
                      (Mathlib.Tactic.Ring.Common.add_congr
                        (Mathlib.Tactic.Ring.Common.sub_congr
                          (Mathlib.Tactic.Ring.Common.pow_congr
                            (Mathlib.Tactic.Ring.Common.atom_pf (FixedQuadratic.quadraticMahler a x y) rfl
                              (Eq.mpr
                                (id
                                  (congrArg
                                    (fun _a =>
                                      FixedQuadratic.quadraticMahler a x y ^ Nat.rawCast 1 * Nat.rawCast 1 =
                                        FixedQuadratic.quadraticMahler a x y ^ Nat.rawCast 1 * _a)
                                    (Eq.symm rfl)))
                                (Eq.refl (FixedQuadratic.quadraticMahler a x y ^ Nat.rawCast 1 * Nat.rawCast 1))))
                            (Mathlib.Tactic.Ring.cast_pos (Mathlib.Meta.NormNum.isNat_ofNat ℕ (Eq.refl 2)))
                            (Mathlib.Tactic.Ring.Common.pow_add
                              (Mathlib.Tactic.Ring.Common.single_pow
                                (Mathlib.Tactic.Ring.Common.mul_pow_mul
                                  (Mathlib.Meta.NormNum.IsNat.to_raw_eq
                                    (Mathlib.Meta.NormNum.isNat_mul (Eq.refl HMul.hMul)
                                      (Mathlib.Meta.NormNum.IsNat.of_raw ℕ 1) (Mathlib.Meta.NormNum.IsNat.of_raw ℕ 2)
                                      (Eq.refl 2)))
                                  (Mathlib.Tactic.Ring.Common.one_pow (Nat.rawCast 2) { out := rfl })
                                  (Eq.mpr
                                    (id
                                      (congrArg
                                        (fun _a =>
                                          FixedQuadratic.quadraticMahler a x y ^ Nat.rawCast 2 * Nat.rawCast 1 =
                                            FixedQuadratic.quadraticMahler a x y ^ Nat.rawCast 2 * _a)
                                        (Eq.symm rfl)))
                                    (Eq.refl (FixedQuadratic.quadraticMahler a x y ^ Nat.rawCast 2 * Nat.rawCast 1)))
                                  (Mathlib.Tactic.Ring.Common.mul_pf_left (FixedQuadratic.quadraticMahler a x y)
                                    (Nat.rawCast 2)
                                    (Mathlib.Meta.NormNum.IsNat.to_raw_eq
                                      (Mathlib.Meta.NormNum.isNat_mul (Eq.refl HMul.hMul)
                                        (Mathlib.Meta.NormNum.IsNat.of_raw ℝ 1) (Mathlib.Meta.NormNum.IsNat.of_raw ℝ 1)
                                        (Eq.refl 1))))))
                              (Mathlib.Tactic.Ring.Common.pow_zero
                                (FixedQuadratic.quadraticMahler a x y ^ Nat.rawCast 1 * Nat.rawCast 1 + 0) rfl)
                              (Mathlib.Tactic.Ring.Common.add_mul
                                (Mathlib.Tactic.Ring.Common.mul_add
                                  (Mathlib.Tactic.Ring.Common.mul_pf_left (FixedQuadratic.quadraticMahler a x y)
                                    (Nat.rawCast 2)
                                    (Mathlib.Meta.NormNum.IsNat.to_raw_eq
                                      (Mathlib.Meta.NormNum.isNat_mul (Eq.refl HMul.hMul)
                                        (Mathlib.Meta.NormNum.IsNat.of_raw ℝ 1) (Mathlib.Meta.NormNum.IsNat.of_raw ℝ 1)
                                        (Eq.refl 1))))
                                  (Mathlib.Tactic.Ring.Common.mul_zero
                                    (FixedQuadratic.quadraticMahler a x y ^ Nat.rawCast 2 * Nat.rawCast 1))
                                  (Mathlib.Tactic.Ring.Common.add_pf_add_zero
                                    (FixedQuadratic.quadraticMahler a x y ^ Nat.rawCast 2 * Nat.rawCast 1 + 0)))
                                (Mathlib.Tactic.Ring.Common.zero_mul (Nat.rawCast 1 + 0))
                                (Mathlib.Tactic.Ring.Common.add_pf_add_zero
                                  (FixedQuadratic.quadraticMahler a x y ^ Nat.rawCast 2 * Nat.rawCast 1 + 0)))))
                          (Mathlib.Tactic.Ring.Common.add_congr
                            (Mathlib.Tactic.Ring.Common.add_congr
                              (Mathlib.Tactic.Ring.Common.pow_congr (Mathlib.Tactic.Ring.Common.atom_pf a ⋯ ⋯) ⋯ ⋯) ⋯ ⋯)
                            ⋯ ⋯)
                          ⋯)
                        ⋯ ⋯)
                      ⋯ ⋯)
                    ⋯ ⋯)
                  ⋯ ⋯)
                ⋯ ⋯)
              ⋯ ⋯)
            ⋯))
        ⋯)
'FixedQuadratic.quadraticMahler_le_sqrt_three_height' depends on axioms: [propext, Classical.choice, Quot.sound]
theorem FixedQuadratic.exists_matching_of_det_ne_zero.{u_1, u_3} : ∀ {ι : Type u_1} {R : Type u_3} [inst : Fintype ι]
  [inst_1 : DecidableEq ι] [inst_2 : CommRing R] (A : Matrix ι ι R), A.det ≠ 0 → ∃ p, ∀ (j : ι), A (p j) j ≠ 0 :=
fun {ι} {R} [Fintype ι] [DecidableEq ι] [CommRing R] A hA =>
  Decidable.byContradiction fun h =>
    hA
      (Eq.mpr (id (congrArg (fun _a => _a = 0) (Matrix.det_apply A)))
        (Finset.sum_eq_zero fun p hp =>
          Exists.casesOn
            (Eq.mp
              (Eq.trans (Mathlib.Tactic.Push.not_exists._simp_1 fun p => ∀ (j : ι), A (p j) j ≠ 0)
                (forall_congr fun p =>
                  Eq.trans (Mathlib.Tactic.Push.not_forall_eq fun j => A (p j) j ≠ 0)
                    (congrArg Exists (funext fun j => Classical.not_not._simp_2))))
              h p)
            fun j hj =>
            have hz := Finset.prod_eq_zero (Finset.mem_univ j) hj;
            Eq.mpr (id (congrArg (fun _a => Equiv.Perm.sign p • _a = 0) hz))
              (Eq.mpr (id (congrArg (fun _a => _a = 0) (smul_zero (Equiv.Perm.sign p)))) (Eq.refl 0))))
'FixedQuadratic.exists_matching_of_det_ne_zero' depends on axioms: [propext, Classical.choice, Quot.sound]
theorem FixedQuadratic.matched_sum_sub.{u_1} : ∀ {ι : Type u_1} [inst : Fintype ι] (α b : ι → ℕ) (p : Equiv.Perm ι),
  (∀ (j : ι), b (p j) ≤ α j) → ∑ j, (α j - b (p j)) = ∑ j, α j - ∑ j, b j :=
fun {ι} [Fintype ι] α b p h =>
  Eq.mpr (id (congrArg (fun _a => _a = ∑ j, α j - ∑ j, b j) (Finset.sum_tsub_distrib Finset.univ fun j x => h j)))
    (Eq.mpr (id (congrArg (fun _a => ∑ x, α x - _a = ∑ j, α j - ∑ j, b j) (Equiv.sum_comp p b)))
      (Eq.refl (∑ x, α x - ∑ i, b i)))
'FixedQuadratic.matched_sum_sub' depends on axioms: [propext, Classical.choice, Quot.sound]
theorem FixedQuadratic.det_degreeOf_le.{u_1, u_2, u_3} : ∀ {ι : Type u_1} {σ : Type u_2} {R : Type u_3}
  [inst : Fintype ι] [inst_1 : DecidableEq ι] [inst_2 : CommRing R] (A : Matrix ι ι (MvPolynomial σ R))
  (α b : ι → σ → ℕ),
  (∀ (r c : ι), (¬∀ (i : σ), b r i ≤ α c i) → A r c = 0) →
    (∀ (r c : ι) (i : σ), MvPolynomial.degreeOf i (A r c) ≤ α c i - b r i) →
      ∀ (i : σ), MvPolynomial.degreeOf i A.det ≤ ∑ c, α c i - ∑ r, b r i :=
fun {ι} {σ} {R} [Fintype ι] [DecidableEq ι] [CommRing R] A α b hzero hdegree i =>
  Eq.mpr (id (congrArg (fun _a => MvPolynomial.degreeOf i _a ≤ ∑ c, α c i - ∑ r, b r i) (Matrix.det_apply' A)))
    (LE.le.trans (MvPolynomial.degreeOf_sum_le i Finset.univ fun j => ↑↑(Equiv.Perm.sign j) * ∏ i, A (j i) i)
      (Finset.sup_le fun p hp =>
        if h : ∀ (c : ι) (k : σ), b (p c) k ≤ α c k then
          id
            (LE.le.trans (MvPolynomial.degreeOf_mul_le i (MvPolynomial.C ↑↑(Equiv.Perm.sign p)) (∏ i, A (p i) i))
              (Eq.mpr
                (id
                  (congrFun'
                    (congrArg LE.le
                      (Eq.trans
                        (congrFun' (congrArg HAdd.hAdd (MvPolynomial.degreeOf_C (↑↑(Equiv.Perm.sign p)) i))
                          (MvPolynomial.degreeOf i (∏ i, A (p i) i)))
                        (zero_add (MvPolynomial.degreeOf i (∏ i, A (p i) i)))))
                    (∑ c, α c i - ∑ r, b r i)))
                (LE.le.trans (MvPolynomial.degreeOf_prod_le i Finset.univ fun j => A (p j) j)
                  (Trans.trans (Finset.sum_le_sum fun c x => hdegree (p c) c i)
                    (FixedQuadratic.matched_sum_sub (fun c => α c i) (fun r => b r i) p fun c => h c i)))))
        else
          Exists.casesOn
            (Eq.mp
              (Eq.trans (Mathlib.Tactic.Push.not_forall_eq fun c => ∀ (k : σ), b (p c) k ≤ α c k)
                (congrArg Exists
                  (funext fun c =>
                    Eq.trans (Mathlib.Tactic.Push.not_forall_eq fun k => b (p c) k ≤ α c k)
                      (congrArg Exists (funext fun k => not_le._simp_1)))))
              h)
            fun c h =>
            Exists.casesOn h fun k hk =>
              have hz := hzero (p c) c fun hh => not_le_of_gt hk (hh k);
              have hpz := Finset.prod_eq_zero (Finset.mem_univ c) hz;
              Eq.mpr
                (id
                  (congrArg (fun _a => MvPolynomial.degreeOf i (↑↑(Equiv.Perm.sign p) * _a) ≤ ∑ c, α c i - ∑ r, b r i)
                    hpz))
                (Eq.mpr
                  (id
                    (congrArg (fun _a => MvPolynomial.degreeOf i _a ≤ ∑ c, α c i - ∑ r, b r i)
                      (mul_zero ↑↑(Equiv.Perm.sign p))))
                  (of_eq_true
                    (Eq.trans (congrFun' (congrArg LE.le (MvPolynomial.degreeOf_zero i)) (∑ c, α c i - ∑ r, b r i))
                      zero_le._simp_1)))))
'FixedQuadratic.det_degreeOf_le' depends on axioms: [propext, Classical.choice, Quot.sound]
theorem FixedQuadratic.row_total_le_column_total.{u_1, u_2, u_3} : ∀ {ι : Type u_1} {σ : Type u_2} {R : Type u_3}
  [inst : Fintype ι] [inst_1 : DecidableEq ι] [inst_2 : CommRing R] (A : Matrix ι ι R) (α b : ι → σ → ℕ),
  A.det ≠ 0 → (∀ (r c : ι), (¬∀ (i : σ), b r i ≤ α c i) → A r c = 0) → ∀ (i : σ), ∑ r, b r i ≤ ∑ c, α c i :=
fun {ι} {σ} {R} [Fintype ι] [DecidableEq ι] [CommRing R] A α b hA hzero i =>
  Exists.casesOn (FixedQuadratic.exists_matching_of_det_ne_zero A hA) fun p hp =>
    have h := fun c => Decidable.byContradiction fun hc => hp c (hzero (p c) c fun hh => hc (hh i));
    Trans.trans (Eq.symm (Equiv.sum_comp p fun i_1 => b i_1 i)) (Finset.sum_le_sum fun c x => h c)
'FixedQuadratic.row_total_le_column_total' depends on axioms: [propext, Classical.choice, Quot.sound]
theorem FixedQuadratic.weighted_rebate.{u_1} : ∀ {ι : Type u_1} [inst : Fintype ι] {m : ℕ} (α b : ι → Fin m → ℕ)
  (w : Fin m → ℝ),
  (∀ (i : Fin m), ∑ r, b r i ≤ ∑ c, α c i) →
    ∑ i, w i * ↑(∑ c, α c i - ∑ r, b r i) = ∑ c, ∑ i, w i * ↑(α c i) - ∑ r, ∑ i, w i * ↑(b r i) :=
fun {ι} [Fintype ι] {m} α b w h =>
  Eq.mpr
    (id
      (congrFun'
        (congrArg Eq
          (Finset.sum_congr (Eq.refl Finset.univ) fun x a =>
            congrArg (HMul.hMul (w x))
              ((fun x_0 x_1 x_2 => (fun x_0 x_1 x_2 => Nat.cast_sub (h x_2)) x_0 x_1 x_2) ℝ
                Real.instRing.toAddGroupWithOne x)))
        (∑ c, ∑ i, w i * ↑(α c i) - ∑ r, ∑ i, w i * ↑(b r i))))
    (Eq.mpr
      (id
        (congrFun'
          (congrArg Eq
            (Finset.sum_congr (Eq.refl Finset.univ) fun x a =>
              congrArg (HMul.hMul (w x))
                (congr (congrArg HSub.hSub (Nat.cast_sum Finset.univ fun x_1 => α x_1 x))
                  (Nat.cast_sum Finset.univ fun x_1 => b x_1 x))))
          (∑ c, ∑ i, w i * ↑(α c i) - ∑ r, ∑ i, w i * ↑(b r i))))
      (Eq.mpr
        (id
          (congrFun'
            (congrArg Eq
              (Finset.sum_congr (Eq.refl Finset.univ) fun x a => mul_sub (w x) (∑ x_1, ↑(α x_1 x)) (∑ x_1, ↑(b x_1 x))))
            (∑ c, ∑ i, w i * ↑(α c i) - ∑ r, ∑ i, w i * ↑(b r i))))
        (Eq.mpr
          (id
            (congrFun'
              (congrArg Eq
                (Finset.sum_congr (Eq.refl Finset.univ) fun x a =>
                  congr (congrArg HSub.hSub (Finset.mul_sum Finset.univ (fun i => ↑(α i x)) (w x)))
                    (Finset.mul_sum Finset.univ (fun i => ↑(b i x)) (w x))))
              (∑ c, ∑ i, w i * ↑(α c i) - ∑ r, ∑ i, w i * ↑(b r i))))
          (Eq.mpr
            (id
              (congrArg (fun _a => _a = ∑ c, ∑ i, w i * ↑(α c i) - ∑ r, ∑ i, w i * ↑(b r i))
                (Finset.sum_sub_distrib (fun x => ∑ i, w x * ↑(α i x)) fun x => ∑ i, w x * ↑(b i x))))
            (Eq.mpr
              (id
                (congrArg
                  (fun _a => _a - ∑ x, ∑ i, w x * ↑(b i x) = ∑ c, ∑ i, w i * ↑(α c i) - ∑ r, ∑ i, w i * ↑(b r i))
                  Finset.sum_comm))
              (Eq.mpr
                (id
                  (congrArg
                    (fun _a => ∑ y, ∑ x, w x * ↑(α y x) - _a = ∑ c, ∑ i, w i * ↑(α c i) - ∑ r, ∑ i, w i * ↑(b r i))
                    Finset.sum_comm))
                (Eq.refl (∑ y, ∑ x, w x * ↑(α y x) - ∑ y, ∑ x, w x * ↑(b y x)))))))))
'FixedQuadratic.weighted_rebate' depends on axioms: [propext, Classical.choice, Quot.sound]
def FixedQuadratic.multiCoefficientL1 : {m : ℕ} → MvPolynomial (Fin m) ℂ → ℝ :=
fun {m} P => ∑ α ∈ P.support, ‖P.coeff α‖
'FixedQuadratic.multiCoefficientL1' depends on axioms: [propext, Classical.choice, Quot.sound]
theorem FixedQuadratic.multi_eval_norm_le : ∀ {m : ℕ} (P : MvPolynomial (Fin m) ℂ) (β : Fin m → ℂ) (e : Fin m → ℕ),
  (∀ (i : Fin m), MvPolynomial.degreeOf i P ≤ e i) →
    ‖(MvPolynomial.eval β) P‖ ≤ FixedQuadratic.multiCoefficientL1 P * ∏ i, max 1 ‖β i‖ ^ e i :=
fun {m} P β e he =>
  Eq.mpr
    (id
      (congrArg (fun _a => ‖_a‖ ≤ FixedQuadratic.multiCoefficientL1 P * ∏ i, max 1 ‖β i‖ ^ e i)
        (MvPolynomial.eval_eq' β P)))
    (LE.le.trans (norm_sum_le P.support fun i => P.coeff i * ∏ i_1, β i_1 ^ i i_1)
      (id
        (Eq.mpr
          (id
            (congrArg (fun _a => ∑ i ∈ P.support, ‖P.coeff i * ∏ i_1, β i_1 ^ i i_1‖ ≤ _a)
              (Finset.sum_mul P.support (fun α => ‖P.coeff α‖) (∏ i, max 1 ‖β i‖ ^ e i))))
          (Finset.sum_le_sum fun α hα =>
            Eq.mpr
              (id
                (congrArg (fun _a => _a ≤ ‖P.coeff α‖ * ∏ i, max 1 ‖β i‖ ^ e i)
                  (norm_mul (P.coeff α) (∏ i, β i ^ α i))))
              (Eq.mpr
                (id
                  (congrArg (fun _a => ‖P.coeff α‖ * _a ≤ ‖P.coeff α‖ * ∏ i, max 1 ‖β i‖ ^ e i)
                    (norm_prod Finset.univ fun i => β i ^ α i)))
                (mul_le_mul_of_nonneg_left
                  (Finset.prod_le_prod₀ (fun i a => norm_nonneg (β i ^ α i)) fun i a =>
                    Eq.mpr (id (congrArg (fun _a => _a ≤ max 1 ‖β i‖ ^ e i) (norm_pow (β i) (α i))))
                      (Trans.trans (pow_le_pow_left₀ (norm_nonneg (β i)) (le_max_right 1 ‖β i‖) (α i))
                        (pow_le_pow_right₀ (le_max_left 1 ‖β i‖) (MvPolynomial.degreeOf_le_iff.mp (he i) α hα))))
                  (norm_nonneg (P.coeff α))))))))
'FixedQuadratic.multi_eval_norm_le' depends on axioms: [propext, Classical.choice, Quot.sound]
theorem FixedQuadratic.quadratic_resultant_identity : ∀ (f P : Polynomial GaussianInt) (a : GaussianInt) (x y : ℂ)
  (d : ℕ),
  P.natDegree ≤ d →
    Polynomial.map GaussianInt.toComplex f =
        Polynomial.C (GaussianInt.toComplex a) * ((Polynomial.X - Polynomial.C x) * (Polynomial.X - Polynomial.C y)) →
      GaussianInt.toComplex (f.resultant P 2 d) =
        GaussianInt.toComplex a ^ d * Polynomial.eval x (Polynomial.map GaussianInt.toComplex P) *
          Polynomial.eval y (Polynomial.map GaussianInt.toComplex P) :=
fun f P a x y d hP hf =>
  Eq.mpr
    (id
      (congrArg
        (fun _a =>
          _a =
            GaussianInt.toComplex a ^ d * Polynomial.eval x (Polynomial.map GaussianInt.toComplex P) *
              Polynomial.eval y (Polynomial.map GaussianInt.toComplex P))
        (Eq.symm (Polynomial.resultant_map_map f P 2 d GaussianInt.toComplex))))
    (Eq.mpr
      (id
        (congrArg
          (fun _a =>
            _a.resultant (Polynomial.map GaussianInt.toComplex P) 2 d =
              GaussianInt.toComplex a ^ d * Polynomial.eval x (Polynomial.map GaussianInt.toComplex P) *
                Polynomial.eval y (Polynomial.map GaussianInt.toComplex P))
          hf))
      (Eq.mpr
        (id
          (congrArg
            (fun _a =>
              _a =
                GaussianInt.toComplex a ^ d * Polynomial.eval x (Polynomial.map GaussianInt.toComplex P) *
                  Polynomial.eval y (Polynomial.map GaussianInt.toComplex P))
            (Polynomial.resultant_C_mul_left ((Polynomial.X - Polynomial.C x) * (Polynomial.X - Polynomial.C y))
              (Polynomial.map GaussianInt.toComplex P) 2 d (GaussianInt.toComplex a))))
        (have hd := LE.le.trans Polynomial.natDegree_map_le hP;
        have he :=
          Polynomial.resultant_mul_left (Polynomial.X - Polynomial.C x) (Polynomial.X - Polynomial.C y)
            (Polynomial.map GaussianInt.toComplex P) d hd;
        Eq.mpr
          (id
            (congrArg
              (fun _a =>
                GaussianInt.toComplex a ^ d * _a =
                  GaussianInt.toComplex a ^ d * Polynomial.eval x (Polynomial.map GaussianInt.toComplex P) *
                    Polynomial.eval y (Polynomial.map GaussianInt.toComplex P))
              (Eq.mp
                (congr
                  (congrArg Eq
                    (congrFun'
                      (congrArg
                        (@Polynomial.resultant ℂ Complex.commRing
                          ((Polynomial.X - Polynomial.C x) * (Polynomial.X - Polynomial.C y))
                          (Polynomial.map GaussianInt.toComplex P))
                        (congr (congrArg HAdd.hAdd (Polynomial.natDegree_X_sub_C x)) (Polynomial.natDegree_X_sub_C y)))
                      d))
                  (congr
                    (congrArg HMul.hMul
                      (congrFun'
                        (congrArg
                          (@Polynomial.resultant ℂ Complex.commRing (Polynomial.X - Polynomial.C x)
                            (Polynomial.map GaussianInt.toComplex P))
                          (Polynomial.natDegree_X_sub_C x))
                        d))
                    (congrFun'
                      (congrArg
                        (@Polynomial.resultant ℂ Complex.commRing (Polynomial.X - Polynomial.C y)
                          (Polynomial.map GaussianInt.toComplex P))
                        (Polynomial.natDegree_X_sub_C y))
                      d)))
                he)))
          (Eq.mpr
            (id
              (congrArg
                (fun _a =>
                  GaussianInt.toComplex a ^ d *
                      (_a * (Polynomial.X - Polynomial.C y).resultant (Polynomial.map GaussianInt.toComplex P) 1 d) =
                    GaussianInt.toComplex a ^ d * Polynomial.eval x (Polynomial.map GaussianInt.toComplex P) *
                      Polynomial.eval y (Polynomial.map GaussianInt.toComplex P))
                (Polynomial.resultant_X_sub_C_left (Polynomial.map GaussianInt.toComplex P) d x hd)))
            (Eq.mpr
              (id
                (congrArg
                  (fun _a =>
                    GaussianInt.toComplex a ^ d * (Polynomial.eval x (Polynomial.map GaussianInt.toComplex P) * _a) =
                      GaussianInt.toComplex a ^ d * Polynomial.eval x (Polynomial.map GaussianInt.toComplex P) *
                        Polynomial.eval y (Polynomial.map GaussianInt.toComplex P))
                  (Polynomial.resultant_X_sub_C_left (Polynomial.map GaussianInt.toComplex P) d y hd)))
              (Mathlib.Tactic.Ring.of_eq
                (Mathlib.Tactic.Ring.Common.mul_congr
                  (Mathlib.Tactic.Ring.Common.pow_congr
                    (Mathlib.Tactic.Ring.Common.atom_pf (GaussianInt.toComplex a) rfl
                      (Eq.mpr
                        (id
                          (congrArg
                            (fun _a =>
                              GaussianInt.toComplex a ^ Nat.rawCast 1 * Nat.rawCast 1 =
                                GaussianInt.toComplex a ^ Nat.rawCast 1 * _a)
                            (Eq.symm rfl)))
                        (Eq.refl (GaussianInt.toComplex a ^ Nat.rawCast 1 * Nat.rawCast 1))))
                    (Mathlib.Tactic.Ring.Common.atom_pf d rfl
                      (Eq.mpr
                        (id
                          (congrArg (fun _a => d ^ Nat.rawCast 1 * Nat.rawCast 1 = d ^ Nat.rawCast 1 * _a)
                            (Eq.symm rfl)))
                        (Eq.refl (d ^ Nat.rawCast 1 * Nat.rawCast 1))))
                    (Mathlib.Tactic.Ring.Common.pow_add
                      (Mathlib.Tactic.Ring.Common.single_pow
                        (Mathlib.Tactic.Ring.Common.mul_pow_mul
                          (Mathlib.Tactic.Ring.Common.mul_pf_right d (Nat.rawCast 1)
                            (Mathlib.Meta.NormNum.IsNat.to_raw_eq
                              (Mathlib.Meta.NormNum.isNat_mul (Eq.refl HMul.hMul)
                                (Mathlib.Meta.NormNum.IsNat.of_raw ℕ 1) (Mathlib.Meta.NormNum.IsNat.of_raw ℕ 1)
                                (Eq.refl 1))))
                          (Mathlib.Tactic.Ring.Common.one_pow (d ^ Nat.rawCast 1 * Nat.rawCast 1) { out := rfl })
                          (Eq.mpr
                            (id
                              (congrArg
                                (fun _a =>
                                  GaussianInt.toComplex a ^ (d ^ Nat.rawCast 1 * Nat.rawCast 1) * Nat.rawCast 1 =
                                    GaussianInt.toComplex a ^ (d ^ Nat.rawCast 1 * Nat.rawCast 1) * _a)
                                (Eq.symm rfl)))
                            (Eq.refl (GaussianInt.toComplex a ^ (d ^ Nat.rawCast 1 * Nat.rawCast 1) * Nat.rawCast 1)))
                          (Mathlib.Tactic.Ring.Common.mul_pf_left (GaussianInt.toComplex a)
                            (d ^ Nat.rawCast 1 * Nat.rawCast 1)
                            (Mathlib.Meta.NormNum.IsNat.to_raw_eq
                              (Mathlib.Meta.NormNum.isNat_mul (Eq.refl HMul.hMul)
                                (Mathlib.Meta.NormNum.IsNat.of_raw ℂ 1) (Mathlib.Meta.NormNum.IsNat.of_raw ℂ 1)
                                (Eq.refl 1))))))
                      (Mathlib.Tactic.Ring.Common.pow_zero (GaussianInt.toComplex a ^ Nat.rawCast 1 * Nat.rawCast 1 + 0)
                        rfl)
                      (Mathlib.Tactic.Ring.Common.add_mul
                        (Mathlib.Tactic.Ring.Common.mul_add
                          (Mathlib.Tactic.Ring.Common.mul_pf_left (GaussianInt.toComplex a)
                            (d ^ Nat.rawCast 1 * Nat.rawCast 1)
                            (Mathlib.Meta.NormNum.IsNat.to_raw_eq
                              (Mathlib.Meta.NormNum.isNat_mul (Eq.refl HMul.hMul)
                                (Mathlib.Meta.NormNum.IsNat.of_raw ℂ 1) (Mathlib.Meta.NormNum.IsNat.of_raw ℂ 1)
                                (Eq.refl 1))))
                          (Mathlib.Tactic.Ring.Common.mul_zero
                            (GaussianInt.toComplex a ^ (d ^ Nat.rawCast 1 * Nat.rawCast 1) * Nat.rawCast 1))
                          (Mathlib.Tactic.Ring.Common.add_pf_add_zero
                            (GaussianInt.toComplex a ^ (d ^ Nat.rawCast 1 * Nat.rawCast 1) * Nat.rawCast 1 + 0)))
                        (Mathlib.Tactic.Ring.Common.zero_mul (Nat.rawCast 1 + 0))
                        (Mathlib.Tactic.Ring.Common.add_pf_add_zero
                          (GaussianInt.toComplex a ^ (d ^ Nat.rawCast 1 * Nat.rawCast 1) * Nat.rawCast 1 + 0)))))
                  (Mathlib.Tactic.Ring.Common.mul_congr
                    (Mathlib.Tactic.Ring.Common.atom_pf (Polynomial.eval x (Polynomial.map GaussianInt.toComplex P)) rfl
                      (Eq.mpr
                        (id
                          (congrArg
                            (fun _a =>
                              Polynomial.eval x (Polynomial.map GaussianInt.toComplex P) ^ Nat.rawCast 1 *
                                  Nat.rawCast 1 =
                                Polynomial.eval x (Polynomial.map GaussianInt.toComplex P) ^ Nat.rawCast 1 * _a)
                            (Eq.symm rfl)))
                        (Eq.refl
                          (Polynomial.eval x (Polynomial.map GaussianInt.toComplex P) ^ Nat.rawCast 1 *
                            Nat.rawCast 1))))
                    (Mathlib.Tactic.Ring.Common.atom_pf (Polynomial.eval y (Polynomial.map GaussianInt.toComplex P)) rfl
                      (Eq.mpr
                        (id
                          (congrArg
                            (fun _a =>
                              Polynomial.eval y (Polynomial.map GaussianInt.toComplex P) ^ Nat.rawCast 1 *
                                  Nat.rawCast 1 =
                                Polynomial.eval y (Polynomial.map GaussianInt.toComplex P) ^ Nat.rawCast 1 * _a)
                            (Eq.symm rfl)))
                        (Eq.refl
                          (Polynomial.eval y (Polynomial.map GaussianInt.toComplex P) ^ Nat.rawCast 1 *
                            Nat.rawCast 1))))
                    (Mathlib.Tactic.Ring.Common.add_mul
                      (Mathlib.Tactic.Ring.Common.mul_add
                        (Mathlib.Tactic.Ring.Common.mul_pf_left
                          (Polynomial.eval x (Polynomial.map GaussianInt.toComplex P)) (Nat.rawCast 1)
                          (Mathlib.Tactic.Ring.Common.mul_pf_right
                            (Polynomial.eval y (Polynomial.map GaussianInt.toComplex P)) (Nat.rawCast 1)
                            (Mathlib.Meta.NormNum.IsNat.to_raw_eq
                              (Mathlib.Meta.NormNum.isNat_mul (Eq.refl HMul.hMul)
                                (Mathlib.Meta.NormNum.IsNat.of_raw ℂ 1) (Mathlib.Meta.NormNum.IsNat.of_raw ℂ 1)
                                (Eq.refl 1)))))
                        (Mathlib.Tactic.Ring.Common.mul_zero
                          (Polynomial.eval x (Polynomial.map GaussianInt.toComplex P) ^ Nat.rawCast 1 * Nat.rawCast 1))
                        (Mathlib.Tactic.Ring.Common.add_pf_add_zero
                          (Polynomial.eval x (Polynomial.map GaussianInt.toComplex P) ^ Nat.rawCast 1 *
                              (Polynomial.eval y (Polynomial.map GaussianInt.toComplex P) ^ Nat.rawCast 1 *
                                Nat.rawCast 1) +
                            0)))
                      (Mathlib.Tactic.Ring.Common.zero_mul
                        (Polynomial.eval y (Polynomial.map GaussianInt.toComplex P) ^ Nat.rawCast 1 * Nat.rawCast 1 +
                          0))
                      (Mathlib.Tactic.Ring.Common.add_pf_add_zero
                        (Polynomial.eval x (Polynomial.map GaussianInt.toComplex P) ^ Nat.rawCast 1 *
                            (Polynomial.eval y (Polynomial.map GaussianInt.toComplex P) ^ Nat.rawCast 1 *
                              Nat.rawCast 1) +
                          0))))
                  (Mathlib.Tactic.Ring.Common.add_mul
                    (Mathlib.Tactic.Ring.Common.mul_add
                      (Mathlib.Tactic.Ring.Common.mul_pf_left (GaussianInt.toComplex a)
                        (d ^ Nat.rawCast 1 * Nat.rawCast 1)
                        (Mathlib.Tactic.Ring.Common.mul_pf_right
                          (Polynomial.eval x (Polynomial.map GaussianInt.toComplex P)) (Nat.rawCast 1)
                          (Mathlib.Tactic.Ring.Common.mul_pf_right
                            (Polynomial.eval y (Polynomial.map GaussianInt.toComplex P)) (Nat.rawCast 1)
                            (Mathlib.Meta.NormNum.IsNat.to_raw_eq
                              (Mathlib.Meta.NormNum.isNat_mul (Eq.refl HMul.hMul)
                                (Mathlib.Meta.NormNum.IsNat.of_raw ℂ 1) (Mathlib.Meta.NormNum.IsNat.of_raw ℂ 1)
                                (Eq.refl 1))))))
                      (Mathlib.Tactic.Ring.Common.mul_zero
                        (GaussianInt.toComplex a ^ (d ^ Nat.rawCast 1 * Nat.rawCast 1) * Nat.rawCast 1))
                      (Mathlib.Tactic.Ring.Common.add_pf_add_zero
                        (GaussianInt.toComplex a ^ (d ^ Nat.rawCast 1 * Nat.rawCast 1) *
                            (Polynomial.eval x (Polynomial.map GaussianInt.toComplex P) ^ Nat.rawCast 1 *
                              (Polynomial.eval y (Polynomial.map GaussianInt.toComplex P) ^ Nat.rawCast 1 *
                                Nat.rawCast 1)) +
                          0)))
                    (Mathlib.Tactic.Ring.Common.zero_mul
                      (Polynomial.eval x (Polynomial.map GaussianInt.toComplex P) ^ Nat.rawCast 1 *
                          (Polynomial.eval y (Polynomial.map GaussianInt.toComplex P) ^ Nat.rawCast 1 * Nat.rawCast 1) +
                        0))
                    (Mathlib.Tactic.Ring.Common.add_pf_add_zero
                      (GaussianInt.toComplex a ^ (d ^ Nat.rawCast 1 * Nat.rawCast 1) *
                          (Polynomial.eval x (Polynomial.map GaussianInt.toComplex P) ^ Nat.rawCast 1 *
                            (Polynomial.eval y (Polynomial.map GaussianInt.toComplex P) ^ Nat.rawCast 1 *
                              Nat.rawCast 1)) +
                        0))))
                (Mathlib.Tactic.Ring.Common.mul_congr
                  (Mathlib.Tactic.Ring.Common.mul_congr
                    (Mathlib.Tactic.Ring.Common.pow_congr
                      (Mathlib.Tactic.Ring.Common.atom_pf (GaussianInt.toComplex a) rfl
                        (Eq.mpr
                          (id
                            (congrArg
                              (fun _a =>
                                GaussianInt.toComplex a ^ Nat.rawCast 1 * Nat.rawCast 1 =
                                  GaussianInt.toComplex a ^ Nat.rawCast 1 * _a)
                              (Eq.symm rfl)))
                          (Eq.refl (GaussianInt.toComplex a ^ Nat.rawCast 1 * Nat.rawCast 1))))
                      (Mathlib.Tactic.Ring.Common.atom_pf d rfl
                        (Eq.mpr
                          (id
                            (congrArg (fun _a => d ^ Nat.rawCast 1 * Nat.rawCast 1 = d ^ Nat.rawCast 1 * _a)
                              (Eq.symm rfl)))
                          (Eq.refl (d ^ Nat.rawCast 1 * Nat.rawCast 1))))
                      (Mathlib.Tactic.Ring.Common.pow_add
                        (Mathlib.Tactic.Ring.Common.single_pow
                          (Mathlib.Tactic.Ring.Common.mul_pow_mul
                            (Mathlib.Tactic.Ring.Common.mul_pf_right d (Nat.rawCast 1)
                              (Mathlib.Meta.NormNum.IsNat.to_raw_eq
                                (Mathlib.Meta.NormNum.isNat_mul (Eq.refl HMul.hMul)
                                  (Mathlib.Meta.NormNum.IsNat.of_raw ℕ 1) (Mathlib.Meta.NormNum.IsNat.of_raw ℕ 1)
                                  (Eq.refl 1))))
                            (Mathlib.Tactic.Ring.Common.one_pow (d ^ Nat.rawCast 1 * Nat.rawCast 1) { out := rfl })
                            (Eq.mpr
                              (id
                                (congrArg
                                  (fun _a =>
                                    GaussianInt.toComplex a ^ (d ^ Nat.rawCast 1 * Nat.rawCast 1) * Nat.rawCast 1 =
                                      GaussianInt.toComplex a ^ (d ^ Nat.rawCast 1 * Nat.rawCast 1) * _a)
                                  (Eq.symm rfl)))
                              (Eq.refl (GaussianInt.toComplex a ^ (d ^ Nat.rawCast 1 * Nat.rawCast 1) * Nat.rawCast 1)))
                            (Mathlib.Tactic.Ring.Common.mul_pf_left (GaussianInt.toComplex a)
                              (d ^ Nat.rawCast 1 * Nat.rawCast 1)
                              (Mathlib.Meta.NormNum.IsNat.to_raw_eq
                                (Mathlib.Meta.NormNum.isNat_mul (Eq.refl HMul.hMul)
                                  (Mathlib.Meta.NormNum.IsNat.of_raw ℂ 1) (Mathlib.Meta.NormNum.IsNat.of_raw ℂ 1)
                                  (Eq.refl 1))))))
                        (Mathlib.Tactic.Ring.Common.pow_zero
                          (GaussianInt.toComplex a ^ Nat.rawCast 1 * Nat.rawCast 1 + 0) rfl)
                        (Mathlib.Tactic.Ring.Common.add_mul
                          (Mathlib.Tactic.Ring.Common.mul_add
                            (Mathlib.Tactic.Ring.Common.mul_pf_left (GaussianInt.toComplex a)
                              (d ^ Nat.rawCast 1 * Nat.rawCast 1)
                              (Mathlib.Meta.NormNum.IsNat.to_raw_eq
                                (Mathlib.Meta.NormNum.isNat_mul (Eq.refl HMul.hMul)
                                  (Mathlib.Meta.NormNum.IsNat.of_raw ℂ 1) (Mathlib.Meta.NormNum.IsNat.of_raw ℂ 1)
                                  (Eq.refl 1))))
                            (Mathlib.Tactic.Ring.Common.mul_zero
                              (GaussianInt.toComplex a ^ (d ^ Nat.rawCast 1 * Nat.rawCast 1) * Nat.rawCast 1))
                            (Mathlib.Tactic.Ring.Common.add_pf_add_zero
                              (GaussianInt.toComplex a ^ (d ^ Nat.rawCast 1 * Nat.rawCast 1) * Nat.rawCast 1 + 0)))
                          (Mathlib.Tactic.Ring.Common.zero_mul (Nat.rawCast 1 + 0))
                          (Mathlib.Tactic.Ring.Common.add_pf_add_zero
                            (GaussianInt.toComplex a ^ (d ^ Nat.rawCast 1 * Nat.rawCast 1) * Nat.rawCast 1 + 0)))))
                    (Mathlib.Tactic.Ring.Common.atom_pf (Polynomial.eval x (Polynomial.map GaussianInt.toComplex P)) rfl
                      (Eq.mpr
                        (id
                          (congrArg
                            (fun _a =>
                              Polynomial.eval x (Polynomial.map GaussianInt.toComplex P) ^ Nat.rawCast 1 *
                                  Nat.rawCast 1 =
                                Polynomial.eval x (Polynomial.map GaussianInt.toComplex P) ^ Nat.rawCast 1 * _a)
                            (Eq.symm rfl)))
                        (Eq.refl
                          (Polynomial.eval x (Polynomial.map GaussianInt.toComplex P) ^ Nat.rawCast 1 *
                            Nat.rawCast 1))))
                    (Mathlib.Tactic.Ring.Common.add_mul
                      (Mathlib.Tactic.Ring.Common.mul_add
                        (Mathlib.Tactic.Ring.Common.mul_pf_left (GaussianInt.toComplex a)
                          (d ^ Nat.rawCast 1 * Nat.rawCast 1)
                          (Mathlib.Tactic.Ring.Common.mul_pf_right
                            (Polynomial.eval x (Polynomial.map GaussianInt.toComplex P)) (Nat.rawCast 1)
                            (Mathlib.Meta.NormNum.IsNat.to_raw_eq
                              (Mathlib.Meta.NormNum.isNat_mul (Eq.refl HMul.hMul)
                                (Mathlib.Meta.NormNum.IsNat.of_raw ℂ 1) (Mathlib.Meta.NormNum.IsNat.of_raw ℂ 1)
                                (Eq.refl 1)))))
                        (Mathlib.Tactic.Ring.Common.mul_zero
                          (GaussianInt.toComplex a ^ (d ^ Nat.rawCast 1 * Nat.rawCast 1) * Nat.rawCast 1))
                        (Mathlib.Tactic.Ring.Common.add_pf_add_zero
                          (GaussianInt.toComplex a ^ (d ^ Nat.rawCast 1 * Nat.rawCast 1) *
                              (Polynomial.eval x (Polynomial.map GaussianInt.toComplex P) ^ Nat.rawCast 1 *
                                Nat.rawCast 1) +
                            0)))
                      (Mathlib.Tactic.Ring.Common.zero_mul
                        (Polynomial.eval x (Polynomial.map GaussianInt.toComplex P) ^ Nat.rawCast 1 * Nat.rawCast 1 +
                          0))
                      (Mathlib.Tactic.Ring.Common.add_pf_add_zero
                        (GaussianInt.toComplex a ^ (d ^ Nat.rawCast 1 * Nat.rawCast 1) *
                            (Polynomial.eval x (Polynomial.map GaussianInt.toComplex P) ^ Nat.rawCast 1 *
                              Nat.rawCast 1) +
                          0))))
                  (Mathlib.Tactic.Ring.Common.atom_pf (Polynomial.eval y (Polynomial.map GaussianInt.toComplex P)) rfl
                    (Eq.mpr
                      (id
                        (congrArg
                          (fun _a =>
                            Polynomial.eval y (Polynomial.map GaussianInt.toComplex P) ^ Nat.rawCast 1 * Nat.rawCast 1 =
                              Polynomial.eval y (Polynomial.map GaussianInt.toComplex P) ^ Nat.rawCast 1 * _a)
                          (Eq.symm rfl)))
                      (Eq.refl
                        (Polynomial.eval y (Polynomial.map GaussianInt.toComplex P) ^ Nat.rawCast 1 * Nat.rawCast 1))))
                  (Mathlib.Tactic.Ring.Common.add_mul
                    (Mathlib.Tactic.Ring.Common.mul_add
                      (Mathlib.Tactic.Ring.Common.mul_pf_left (GaussianInt.toComplex a)
                        (d ^ Nat.rawCast 1 * Nat.rawCast 1)
                        (Mathlib.Tactic.Ring.Common.mul_pf_left
                          (Polynomial.eval x (Polynomial.map GaussianInt.toComplex P)) (Nat.rawCast 1)
                          (Mathlib.Tactic.Ring.Common.mul_pf_right
                            (Polynomial.eval y (Polynomial.map GaussianInt.toComplex P)) (Nat.rawCast 1)
                            (Mathlib.Meta.NormNum.IsNat.to_raw_eq
                              (Mathlib.Meta.NormNum.isNat_mul (Eq.refl HMul.hMul)
                                (Mathlib.Meta.NormNum.IsNat.of_raw ℂ 1) (Mathlib.Meta.NormNum.IsNat.of_raw ℂ 1)
                                (Eq.refl 1))))))
                      (Mathlib.Tactic.Ring.Common.mul_zero
                        (GaussianInt.toComplex a ^ (d ^ Nat.rawCast 1 * Nat.rawCast 1) *
                          (Polynomial.eval x (Polynomial.map GaussianInt.toComplex P) ^ Nat.rawCast 1 * Nat.rawCast 1)))
                      (Mathlib.Tactic.Ring.Common.add_pf_add_zero
                        (GaussianInt.toComplex a ^ (d ^ Nat.rawCast 1 * Nat.rawCast 1) *
                            (Polynomial.eval x (Polynomial.map GaussianInt.toComplex P) ^ Nat.rawCast 1 *
                              (Polynomial.eval y (Polynomial.map GaussianInt.toComplex P) ^ Nat.rawCast 1 *
                                Nat.rawCast 1)) +
                          0)))
                    (Mathlib.Tactic.Ring.Common.zero_mul
                      (Polynomial.eval y (Polynomial.map GaussianInt.toComplex P) ^ Nat.rawCast 1 * Nat.rawCast 1 + 0))
                    (Mathlib.Tactic.Ring.Common.add_pf_add_zero
                      (GaussianInt.toComplex a ^ (d ^ Nat.rawCast 1 * Nat.rawCast 1) *
                          (Polynomial.eval x (Polynomial.map GaussianInt.toComplex P) ^ Nat.rawCast 1 *
                            (Polynomial.eval y (Polynomial.map GaussianInt.toComplex P) ^ Nat.rawCast 1 *
                              Nat.rawCast 1)) +
                        0))))))))))
'FixedQuadratic.quadratic_resultant_identity' depends on axioms: [propext, Classical.choice, Quot.sound]
theorem FixedQuadratic.quadratic_product_gaussian : ∀ (f P : Polynomial GaussianInt) (a : GaussianInt) (x y : ℂ)
  (d : ℕ),
  P.natDegree ≤ d →
    Polynomial.map GaussianInt.toComplex f =
        Polynomial.C (GaussianInt.toComplex a) * ((Polynomial.X - Polynomial.C x) * (Polynomial.X - Polynomial.C y)) →
      GaussianInt.toComplex a ^ d * Polynomial.eval x (Polynomial.map GaussianInt.toComplex P) *
          Polynomial.eval y (Polynomial.map GaussianInt.toComplex P) ∈
        GaussianInt.toComplex.range :=
fun f P a x y d hP hf =>
  Exists.intro (f.resultant P 2 d) (FixedQuadratic.quadratic_resultant_identity f P a x y d hP hf)
'FixedQuadratic.quadratic_product_gaussian' depends on axioms: [propext, Classical.choice, Quot.sound]
theorem FixedQuadratic.gaussian_norm_one_le : ∀ (z : GaussianInt), z ≠ 0 → 1 ≤ ‖GaussianInt.toComplex z‖ :=
fun z hz =>
  have hi := GaussianInt.norm_pos.mpr hz;
  have hr :=
    cast
      (Eq.trans
        (Eq.trans (congrFun' (congrArg LE.le (Eq.symm Nat.cast_one)) (Zsqrtd.norm z))
          (congrFun' (congrArg LE.le Nat.cast_one) (Zsqrtd.norm z)))
        (Eq.symm
          (Eq.trans
            (Eq.trans (congrFun' (congrArg LE.le (Eq.symm Nat.cast_one)) ↑(Zsqrtd.norm z))
              (Eq.trans
                (congrArg (fun x => x ≤ ↑(Zsqrtd.norm z))
                  (Eq.trans Nat.cast_one (Eq.symm (Eq.trans (congrArg Int.cast Nat.cast_one) Int.cast_one))))
                Int.cast_le._simp_1))
            (congrFun' (congrArg LE.le Nat.cast_one) (Zsqrtd.norm z)))))
      hi;
  le_of_not_gt fun a =>
    Mathlib.Tactic.Linarith.lt_irrefl
      (Eq.mp
        (congrArg (fun _a => _a < 0)
          (Mathlib.Tactic.Ring.of_eq
            (Mathlib.Tactic.Ring.Common.add_congr
              (Mathlib.Tactic.Ring.Common.add_congr
                (Mathlib.Tactic.Ring.Common.sub_congr
                  (Mathlib.Tactic.Ring.cast_pos (Mathlib.Meta.NormNum.isNat_ofNat ℝ Nat.cast_one))
                  (Mathlib.Tactic.Ring.Common.pow_congr
                    (Mathlib.Tactic.Ring.Common.atom_pf ‖GaussianInt.toComplex z‖ rfl
                      (Eq.mpr
                        (id
                          (congrArg
                            (fun _a =>
                              ‖GaussianInt.toComplex z‖ ^ Nat.rawCast 1 * Nat.rawCast 1 =
                                ‖GaussianInt.toComplex z‖ ^ Nat.rawCast 1 * _a)
                            (Eq.symm rfl)))
                        (Eq.refl (‖GaussianInt.toComplex z‖ ^ Nat.rawCast 1 * Nat.rawCast 1))))
                    (Mathlib.Tactic.Ring.cast_pos (Mathlib.Meta.NormNum.isNat_ofNat ℕ (Eq.refl 2)))
                    (Mathlib.Tactic.Ring.Common.pow_add
                      (Mathlib.Tactic.Ring.Common.single_pow
                        (Mathlib.Tactic.Ring.Common.mul_pow_mul
                          (Mathlib.Meta.NormNum.IsNat.to_raw_eq
                            (Mathlib.Meta.NormNum.isNat_mul (Eq.refl HMul.hMul) (Mathlib.Meta.NormNum.IsNat.of_raw ℕ 1)
                              (Mathlib.Meta.NormNum.IsNat.of_raw ℕ 2) (Eq.refl 2)))
                          (Mathlib.Tactic.Ring.Common.one_pow (Nat.rawCast 2) { out := rfl })
                          (Eq.mpr
                            (id
                              (congrArg
                                (fun _a =>
                                  ‖GaussianInt.toComplex z‖ ^ Nat.rawCast 2 * Nat.rawCast 1 =
                                    ‖GaussianInt.toComplex z‖ ^ Nat.rawCast 2 * _a)
                                (Eq.symm rfl)))
                            (Eq.refl (‖GaussianInt.toComplex z‖ ^ Nat.rawCast 2 * Nat.rawCast 1)))
                          (Mathlib.Tactic.Ring.Common.mul_pf_left ‖GaussianInt.toComplex z‖ (Nat.rawCast 2)
                            (Mathlib.Meta.NormNum.IsNat.to_raw_eq
                              (Mathlib.Meta.NormNum.isNat_mul (Eq.refl HMul.hMul)
                                (Mathlib.Meta.NormNum.IsNat.of_raw ℝ 1) (Mathlib.Meta.NormNum.IsNat.of_raw ℝ 1)
                                (Eq.refl 1))))))
                      (Mathlib.Tactic.Ring.Common.pow_zero
                        (‖GaussianInt.toComplex z‖ ^ Nat.rawCast 1 * Nat.rawCast 1 + 0) rfl)
                      (Mathlib.Tactic.Ring.Common.add_mul
                        (Mathlib.Tactic.Ring.Common.mul_add
                          (Mathlib.Tactic.Ring.Common.mul_pf_left ‖GaussianInt.toComplex z‖ (Nat.rawCast 2)
                            (Mathlib.Meta.NormNum.IsNat.to_raw_eq
                              (Mathlib.Meta.NormNum.isNat_mul (Eq.refl HMul.hMul)
                                (Mathlib.Meta.NormNum.IsNat.of_raw ℝ 1) (Mathlib.Meta.NormNum.IsNat.of_raw ℝ 1)
                                (Eq.refl 1))))
                          (Mathlib.Tactic.Ring.Common.mul_zero
                            (‖GaussianInt.toComplex z‖ ^ Nat.rawCast 2 * Nat.rawCast 1))
                          (Mathlib.Tactic.Ring.Common.add_pf_add_zero
                            (‖GaussianInt.toComplex z‖ ^ Nat.rawCast 2 * Nat.rawCast 1 + 0)))
                        (Mathlib.Tactic.Ring.Common.zero_mul (Nat.rawCast 1 + 0))
                        (Mathlib.Tactic.Ring.Common.add_pf_add_zero
                          (‖GaussianInt.toComplex z‖ ^ Nat.rawCast 2 * Nat.rawCast 1 + 0)))))
                  (Mathlib.Tactic.Ring.Common.sub_pf
                    (Mathlib.Tactic.Ring.Common.neg_add
                      (Mathlib.Tactic.Ring.Common.neg_mul ‖GaussianInt.toComplex z‖ (Nat.rawCast 2)
                        (Mathlib.Meta.NormNum.IsInt.to_raw_eq
                          (Mathlib.Meta.NormNum.isInt_neg (Eq.refl Neg.neg)
                            (Mathlib.Meta.NormNum.IsNat.to_isInt (Mathlib.Meta.NormNum.IsNat.of_raw ℝ 1))
                            (Eq.refl (Int.negOfNat 1)))))
                      Mathlib.Tactic.Ring.Common.neg_zero)
                    (Mathlib.Tactic.Ring.Common.add_pf_add_lt (Nat.rawCast 1)
                      (Mathlib.Tactic.Ring.Common.add_pf_zero_add
                        (‖GaussianInt.toComplex z‖ ^ Nat.rawCast 2 * (Int.negOfNat 1).rawCast + 0)))))
                (Mathlib.Tactic.Ring.Common.sub_congr
                  (Mathlib.Tactic.Ring.Common.atom_pf ‖GaussianInt.toComplex z‖ rfl
                    (Eq.mpr
                      (id
                        (congrArg
                          (fun _a =>
                            ‖GaussianInt.toComplex z‖ ^ Nat.rawCast 1 * Nat.rawCast 1 =
                              ‖GaussianInt.toComplex z‖ ^ Nat.rawCast 1 * _a)
                          (Eq.symm rfl)))
                      (Eq.refl (‖GaussianInt.toComplex z‖ ^ Nat.rawCast 1 * Nat.rawCast 1))))
                  (Mathlib.Tactic.Ring.cast_pos (Mathlib.Meta.NormNum.isNat_ofNat ℝ Nat.cast_one))
                  (Mathlib.Tactic.Ring.Common.sub_pf
                    (Mathlib.Tactic.Ring.Common.neg_add
                      (Mathlib.Meta.NormNum.IsInt.to_raw_eq
                        (Mathlib.Meta.NormNum.isInt_neg (Eq.refl Neg.neg)
                          (Mathlib.Meta.NormNum.IsNat.to_isInt (Mathlib.Meta.NormNum.IsNat.of_raw ℝ 1))
                          (Eq.refl (Int.negOfNat 1))))
                      Mathlib.Tactic.Ring.Common.neg_zero)
                    (Mathlib.Tactic.Ring.Common.add_pf_add_gt (Int.negOfNat 1).rawCast
                      (Mathlib.Tactic.Ring.Common.add_pf_add_zero
                        (‖GaussianInt.toComplex z‖ ^ Nat.rawCast 1 * Nat.rawCast 1 + 0)))))
                (Mathlib.Tactic.Ring.Common.add_pf_add_overlap_zero
                  (Mathlib.Meta.NormNum.IsInt.to_isNat
                    (Mathlib.Meta.NormNum.isInt_add (Eq.refl HAdd.hAdd)
                      (Mathlib.Meta.NormNum.IsNat.to_isInt (Mathlib.Meta.NormNum.IsNat.of_raw ℝ 1))
                      (Mathlib.Meta.NormNum.IsInt.of_raw ℝ (Int.negOfNat 1)) (Eq.refl (Int.ofNat 0))))
                  (Mathlib.Tactic.Ring.Common.add_pf_add_gt (‖GaussianInt.toComplex z‖ ^ Nat.rawCast 1 * Nat.rawCast 1)
                    (Mathlib.Tactic.Ring.Common.add_pf_add_zero
                      (‖GaussianInt.toComplex z‖ ^ Nat.rawCast 2 * (Int.negOfNat 1).rawCast + 0)))))
              (Mathlib.Tactic.Ring.Common.sub_congr
                (Mathlib.Tactic.Ring.cast_zero (Mathlib.Meta.NormNum.isNat_ofNat ℝ Nat.cast_zero))
                (Mathlib.Tactic.Ring.Common.mul_congr
                  (Mathlib.Tactic.Ring.Common.sub_congr
                    (Mathlib.Tactic.Ring.Common.atom_pf ‖GaussianInt.toComplex z‖ rfl
                      (Eq.mpr
                        (id
                          (congrArg
                            (fun _a =>
                              ‖GaussianInt.toComplex z‖ ^ Nat.rawCast 1 * Nat.rawCast 1 =
                                ‖GaussianInt.toComplex z‖ ^ Nat.rawCast 1 * _a)
                            (Eq.symm rfl)))
                        (Eq.refl (‖GaussianInt.toComplex z‖ ^ Nat.rawCast 1 * Nat.rawCast 1))))
                    (Mathlib.Tactic.Ring.cast_pos (Mathlib.Meta.NormNum.isNat_ofNat ℝ Nat.cast_one))
                    (Mathlib.Tactic.Ring.Common.sub_pf
                      (Mathlib.Tactic.Ring.Common.neg_add
                        (Mathlib.Meta.NormNum.IsInt.to_raw_eq
                          (Mathlib.Meta.NormNum.isInt_neg (Eq.refl Neg.neg)
                            (Mathlib.Meta.NormNum.IsNat.to_isInt (Mathlib.Meta.NormNum.IsNat.of_raw ℝ 1))
                            (Eq.refl (Int.negOfNat 1))))
                        Mathlib.Tactic.Ring.Common.neg_zero)
                      (Mathlib.Tactic.Ring.Common.add_pf_add_gt (Int.negOfNat 1).rawCast
                        (Mathlib.Tactic.Ring.Common.add_pf_add_zero
                          (‖GaussianInt.toComplex z‖ ^ Nat.rawCast 1 * Nat.rawCast 1 + 0)))))
                  (Mathlib.Tactic.Ring.Common.sub_congr
                    (Mathlib.Tactic.Ring.cast_zero (Mathlib.Meta.NormNum.isNat_ofNat ℝ Nat.cast_zero))
                    (Mathlib.Tactic.Ring.Common.atom_pf ‖GaussianInt.toComplex z‖ rfl
                      (Eq.mpr
                        (id
                          (congrArg
                            (fun _a =>
                              ‖GaussianInt.toComplex z‖ ^ Nat.rawCast 1 * Nat.rawCast 1 =
                                ‖GaussianInt.toComplex z‖ ^ Nat.rawCast 1 * _a)
                            (Eq.symm rfl)))
                        (Eq.refl (‖GaussianInt.toComplex z‖ ^ Nat.rawCast 1 * Nat.rawCast 1))))
                    (Mathlib.Tactic.Ring.Common.sub_pf
                      (Mathlib.Tactic.Ring.Common.neg_add
                        (Mathlib.Tactic.Ring.Common.neg_mul ‖GaussianInt.toComplex z‖ (Nat.rawCast 1)
                          (Mathlib.Meta.NormNum.IsInt.to_raw_eq
                            (Mathlib.Meta.NormNum.isInt_neg (Eq.refl Neg.neg)
                              (Mathlib.Meta.NormNum.IsNat.to_isInt (Mathlib.Meta.NormNum.IsNat.of_raw ℝ 1))
                              (Eq.refl (Int.negOfNat 1)))))
                        Mathlib.Tactic.Ring.Common.neg_zero)
                      (Mathlib.Tactic.Ring.Common.add_pf_zero_add
                        (‖GaussianInt.toComplex z‖ ^ Nat.rawCast 1 * (Int.negOfNat 1).rawCast + 0))))
                  (Mathlib.Tactic.Ring.Common.add_mul
                    (Mathlib.Tactic.Ring.Common.mul_add
                      (Mathlib.Tactic.Ring.Common.mul_pf_right ‖GaussianInt.toComplex z‖ (Nat.rawCast 1)
                        (Mathlib.Meta.NormNum.IsNat.to_raw_eq
                          (Mathlib.Meta.NormNum.IsInt.to_isNat
                            (Mathlib.Meta.NormNum.isInt_mul (Eq.refl HMul.hMul)
                              (Mathlib.Meta.NormNum.IsInt.of_raw ℝ (Int.negOfNat 1))
                              (Mathlib.Meta.NormNum.IsInt.of_raw ℝ (Int.negOfNat 1)) (Eq.refl (Int.ofNat 1))))))
                      (Mathlib.Tactic.Ring.Common.mul_zero (Int.negOfNat 1).rawCast)
                      (Mathlib.Tactic.Ring.Common.add_pf_add_zero
                        (‖GaussianInt.toComplex z‖ ^ Nat.rawCast 1 * Nat.rawCast 1 + 0)))
                    (Mathlib.Tactic.Ring.Common.add_mul
                      (Mathlib.Tactic.Ring.Common.mul_add
                        (Mathlib.Tactic.Ring.Common.mul_pp_pf_overlap ‖GaussianInt.toComplex z‖
                          (Mathlib.Meta.NormNum.IsNat.to_raw_eq
                            (Mathlib.Meta.NormNum.isNat_add (Eq.refl HAdd.hAdd) (Mathlib.Meta.NormNum.IsNat.of_raw ℕ 1)
                              (Mathlib.Meta.NormNum.IsNat.of_raw ℕ 1) (Eq.refl 2)))
                          (Mathlib.Meta.NormNum.IsInt.to_raw_eq
                            (Mathlib.Meta.NormNum.isInt_mul (Eq.refl HMul.hMul)
                              (Mathlib.Meta.NormNum.IsNat.to_isInt (Mathlib.Meta.NormNum.IsNat.of_raw ℝ 1))
                              (Mathlib.Meta.NormNum.IsInt.of_raw ℝ (Int.negOfNat 1)) (Eq.refl (Int.negOfNat 1)))))
                        (Mathlib.Tactic.Ring.Common.mul_zero
                          (‖GaussianInt.toComplex z‖ ^ Nat.rawCast 1 * Nat.rawCast 1))
                        (Mathlib.Tactic.Ring.Common.add_pf_add_zero
                          (‖GaussianInt.toComplex z‖ ^ Nat.rawCast 2 * (Int.negOfNat 1).rawCast + 0)))
                      (Mathlib.Tactic.Ring.Common.zero_mul
                        (‖GaussianInt.toComplex z‖ ^ Nat.rawCast 1 * (Int.negOfNat 1).rawCast + 0))
                      (Mathlib.Tactic.Ring.Common.add_pf_add_zero
                        (‖GaussianInt.toComplex z‖ ^ Nat.rawCast 2 * (Int.negOfNat 1).rawCast + 0)))
                    (Mathlib.Tactic.Ring.Common.add_pf_add_lt
                      (‖GaussianInt.toComplex z‖ ^ Nat.rawCast 1 * Nat.rawCast 1)
                      (Mathlib.Tactic.Ring.Common.add_pf_zero_add
                        (‖GaussianInt.toComplex z‖ ^ Nat.rawCast 2 * (Int.negOfNat 1).rawCast + 0)))))
                (Mathlib.Tactic.Ring.Common.sub_pf
                  (Mathlib.Tactic.Ring.Common.neg_add
                    (Mathlib.Tactic.Ring.Common.neg_mul ‖GaussianInt.toComplex z‖ (Nat.rawCast 1)
                      (Mathlib.Meta.NormNum.IsInt.to_raw_eq
                        (Mathlib.Meta.NormNum.isInt_neg (Eq.refl Neg.neg)
                          (Mathlib.Meta.NormNum.IsNat.to_isInt (Mathlib.Meta.NormNum.IsNat.of_raw ℝ 1))
                          (Eq.refl (Int.negOfNat 1)))))
                    (Mathlib.Tactic.Ring.Common.neg_add
                      (Mathlib.Tactic.Ring.Common.neg_mul ‖GaussianInt.toComplex z‖ (Nat.rawCast 2)
                        (Mathlib.Meta.NormNum.IsNat.to_raw_eq
                          (Mathlib.Meta.NormNum.IsInt.to_isNat
                            (Mathlib.Meta.NormNum.isInt_neg (Eq.refl Neg.neg)
                              (Mathlib.Meta.NormNum.IsInt.of_raw ℝ (Int.negOfNat 1)) (Eq.refl (Int.ofNat 1))))))
                      Mathlib.Tactic.Ring.Common.neg_zero))
                  (Mathlib.Tactic.Ring.Common.add_pf_zero_add
                    (‖GaussianInt.toComplex z‖ ^ Nat.rawCast 1 * (Int.negOfNat 1).rawCast +
                      (‖GaussianInt.toComplex z‖ ^ Nat.rawCast 2 * Nat.rawCast 1 + 0)))))
              (Mathlib.Tactic.Ring.Common.add_pf_add_overlap_zero
                (Mathlib.Tactic.Ring.Common.add_overlap_pf_zero ‖GaussianInt.toComplex z‖ (Nat.rawCast 1)
                  (Mathlib.Meta.NormNum.IsInt.to_isNat
                    (Mathlib.Meta.NormNum.isInt_add (Eq.refl HAdd.hAdd)
                      (Mathlib.Meta.NormNum.IsNat.to_isInt (Mathlib.Meta.NormNum.IsNat.of_raw ℝ 1))
                      (Mathlib.Meta.NormNum.IsInt.of_raw ℝ (Int.negOfNat 1)) (Eq.refl (Int.ofNat 0)))))
                (Mathlib.Tactic.Ring.Common.add_pf_add_overlap_zero
                  (Mathlib.Tactic.Ring.Common.add_overlap_pf_zero ‖GaussianInt.toComplex z‖ (Nat.rawCast 2)
                    (Mathlib.Meta.NormNum.IsInt.to_isNat
                      (Mathlib.Meta.NormNum.isInt_add (Eq.refl HAdd.hAdd)
                        (Mathlib.Meta.NormNum.IsInt.of_raw ℝ (Int.negOfNat 1))
                        (Mathlib.Meta.NormNum.IsNat.to_isInt (Mathlib.Meta.NormNum.IsNat.of_raw ℝ 1))
                        (Eq.refl (Int.ofNat 0)))))
                  (Mathlib.Tactic.Ring.Common.add_pf_zero_add 0))))
            (Mathlib.Tactic.Ring.cast_zero (Mathlib.Meta.NormNum.isNat_ofNat ℝ Nat.cast_zero))))
        (Mathlib.Tactic.Linarith.add_lt_of_neg_of_le
          (Mathlib.Tactic.Linarith.add_lt_of_le_of_neg
            (Mathlib.Tactic.Linarith.sub_nonpos_of_le
              (Eq.mp (congrArg (fun _a => 1 ≤ _a) (Complex.normSq_eq_norm_sq (GaussianInt.toComplex z)))
                (Eq.mp (congrArg (fun _a => 1 ≤ _a) (GaussianInt.intCast_real_norm z)) hr)))
            (Mathlib.Tactic.Linarith.sub_neg_of_lt a))
          (Mathlib.Tactic.Linarith.sub_nonpos_of_le
            (mul_nonneg_of_nonpos_of_nonpos (le_of_lt (Mathlib.Tactic.Linarith.sub_neg_of_lt a))
              (Mathlib.Tactic.Linarith.sub_nonpos_of_le (norm_nonneg (GaussianInt.toComplex z)))))))
'FixedQuadratic.gaussian_norm_one_le' depends on axioms: [propext, Classical.choice, Quot.sound]
theorem FixedQuadratic.quadratic_norm_lower : ∀ (f P : Polynomial GaussianInt) (a : GaussianInt) (x y : ℂ) (d : ℕ),
  P.natDegree ≤ d →
    Polynomial.map GaussianInt.toComplex f =
        Polynomial.C (GaussianInt.toComplex a) * ((Polynomial.X - Polynomial.C x) * (Polynomial.X - Polynomial.C y)) →
      a ≠ 0 →
        Polynomial.eval x (Polynomial.map GaussianInt.toComplex P) ≠ 0 →
          Polynomial.eval y (Polynomial.map GaussianInt.toComplex P) ≠ 0 →
            1 ≤
              ‖GaussianInt.toComplex a‖ ^ d * ‖Polynomial.eval x (Polynomial.map GaussianInt.toComplex P)‖ *
                ‖Polynomial.eval y (Polynomial.map GaussianInt.toComplex P)‖ :=
fun f P a x y d hP hf ha hx hy =>
  have he := FixedQuadratic.quadratic_resultant_identity f P a x y d hP hf;
  have hn := fun hz =>
    have hc := (Iff.not GaussianInt.toComplex_eq_zero).mpr ha;
    mul_ne_zero (mul_ne_zero (pow_ne_zero d hc) hx) hy
      (Eq.symm
        (Eq.mp
          (congrArg
            (fun _a =>
              _a =
                GaussianInt.toComplex a ^ d * Polynomial.eval x (Polynomial.map GaussianInt.toComplex P) *
                  Polynomial.eval y (Polynomial.map GaussianInt.toComplex P))
            GaussianInt.toComplex_zero)
          (Eq.mp
            (congrArg
              (fun _a =>
                GaussianInt.toComplex _a =
                  GaussianInt.toComplex a ^ d * Polynomial.eval x (Polynomial.map GaussianInt.toComplex P) *
                    Polynomial.eval y (Polynomial.map GaussianInt.toComplex P))
              hz)
            he)));
  have h := FixedQuadratic.gaussian_norm_one_le (f.resultant P 2 d) hn;
  Eq.mp
    (congrArg
      (fun _a =>
        1 ≤
          _a * ‖Polynomial.eval x (Polynomial.map GaussianInt.toComplex P)‖ *
            ‖Polynomial.eval y (Polynomial.map GaussianInt.toComplex P)‖)
      (norm_pow (GaussianInt.toComplex a) d))
    (Eq.mp
      (congrArg (fun _a => 1 ≤ _a * ‖Polynomial.eval y (Polynomial.map GaussianInt.toComplex P)‖)
        (norm_mul (GaussianInt.toComplex a ^ d) (Polynomial.eval x (Polynomial.map GaussianInt.toComplex P))))
      (Eq.mp
        (congrArg (fun _a => 1 ≤ _a)
          (norm_mul (GaussianInt.toComplex a ^ d * Polynomial.eval x (Polynomial.map GaussianInt.toComplex P))
            (Polynomial.eval y (Polynomial.map GaussianInt.toComplex P))))
        (Eq.mp (congrArg (fun _a => 1 ≤ ‖_a‖) he) h)))
'FixedQuadratic.quadratic_norm_lower' depends on axioms: [propext, Classical.choice, Quot.sound]
theorem FixedQuadratic.height_rpow_le_rounded_exp : ∀ (H ν : ℝ),
  1 ≤ H → 0 ≤ ν → H ^ (-ν) ≤ Real.exp ν * Real.exp (-ν * ↑⌈Real.log H⌉₊) :=
fun H ν hH hν =>
  have hp := lt_of_lt_of_le zero_lt_one hH;
  have hl := Real.log_nonneg hH;
  have hw := LT.lt.le (Nat.ceil_lt_add_one hl);
  Eq.mpr (id (congrArg (fun _a => _a ≤ Real.exp ν * Real.exp (-ν * ↑⌈Real.log H⌉₊)) (Real.rpow_def_of_pos hp (-ν))))
    (Eq.mpr (id (congrArg (fun _a => Real.exp (Real.log H * -ν) ≤ _a) (Eq.symm (Real.exp_add ν (-ν * ↑⌈Real.log H⌉₊)))))
      (Real.exp_le_exp.mpr
        (le_of_not_gt fun a =>
          Mathlib.Tactic.Linarith.lt_irrefl
            (Eq.mp
              (congrArg (fun _a => _a < 0)
                (Mathlib.Tactic.Ring.of_eq
                  (Mathlib.Tactic.Ring.Common.add_congr
                    (Mathlib.Tactic.Ring.Common.sub_congr
                      (Mathlib.Tactic.Ring.Common.add_congr
                        (Mathlib.Tactic.Ring.Common.atom_pf ν rfl
                          (Eq.mpr
                            (id
                              (congrArg (fun _a => ν ^ Nat.rawCast 1 * Nat.rawCast 1 = ν ^ Nat.rawCast 1 * _a)
                                (Eq.symm rfl)))
                            (Eq.refl (ν ^ Nat.rawCast 1 * Nat.rawCast 1))))
                        (Mathlib.Tactic.Ring.Common.mul_congr
                          (Mathlib.Tactic.Ring.Common.neg_congr
                            (Mathlib.Tactic.Ring.Common.atom_pf ν rfl
                              (Eq.mpr
                                (id
                                  (congrArg (fun _a => ν ^ Nat.rawCast 1 * Nat.rawCast 1 = ν ^ Nat.rawCast 1 * _a)
                                    (Eq.symm rfl)))
                                (Eq.refl (ν ^ Nat.rawCast 1 * Nat.rawCast 1))))
                            (Mathlib.Tactic.Ring.Common.neg_add
                              (Mathlib.Tactic.Ring.Common.neg_mul ν (Nat.rawCast 1)
                                (Mathlib.Meta.NormNum.IsInt.to_raw_eq
                                  (Mathlib.Meta.NormNum.isInt_neg (Eq.refl Neg.neg)
                                    (Mathlib.Meta.NormNum.IsNat.to_isInt (Mathlib.Meta.NormNum.IsNat.of_raw ℝ 1))
                                    (Eq.refl (Int.negOfNat 1)))))
                              Mathlib.Tactic.Ring.Common.neg_zero))
                          (Mathlib.Tactic.Ring.Common.atom_pf (↑⌈Real.log H⌉₊) rfl
                            (Eq.mpr
                              (id
                                (congrArg
                                  (fun _a =>
                                    ↑⌈Real.log H⌉₊ ^ Nat.rawCast 1 * Nat.rawCast 1 =
                                      ↑⌈Real.log H⌉₊ ^ Nat.rawCast 1 * _a)
                                  (Eq.symm rfl)))
                              (Eq.refl (↑⌈Real.log H⌉₊ ^ Nat.rawCast 1 * Nat.rawCast 1))))
                          (Mathlib.Tactic.Ring.Common.add_mul
                            (Mathlib.Tactic.Ring.Common.mul_add
                              (Mathlib.Tactic.Ring.Common.mul_pf_left ν (Nat.rawCast 1)
                                (Mathlib.Tactic.Ring.Common.mul_pf_right (↑⌈Real.log H⌉₊) (Nat.rawCast 1)
                                  (Mathlib.Meta.NormNum.IsInt.to_raw_eq
                                    (Mathlib.Meta.NormNum.isInt_mul (Eq.refl HMul.hMul)
                                      (Mathlib.Meta.NormNum.IsInt.of_raw ℝ (Int.negOfNat 1))
                                      (Mathlib.Meta.NormNum.IsNat.to_isInt (Mathlib.Meta.NormNum.IsNat.of_raw ℝ 1))
                                      (Eq.refl (Int.negOfNat 1))))))
                              (Mathlib.Tactic.Ring.Common.mul_zero (ν ^ Nat.rawCast 1 * (Int.negOfNat 1).rawCast))
                              (Mathlib.Tactic.Ring.Common.add_pf_add_zero
                                (ν ^ Nat.rawCast 1 * (↑⌈Real.log H⌉₊ ^ Nat.rawCast 1 * (Int.negOfNat 1).rawCast) + 0)))
                            (Mathlib.Tactic.Ring.Common.zero_mul (↑⌈Real.log H⌉₊ ^ Nat.rawCast 1 * Nat.rawCast 1 + 0))
                            (Mathlib.Tactic.Ring.Common.add_pf_add_zero
                              (ν ^ Nat.rawCast 1 * (↑⌈Real.log H⌉₊ ^ Nat.rawCast 1 * (Int.negOfNat 1).rawCast) + 0))))
                        (Mathlib.Tactic.Ring.Common.add_pf_add_lt (ν ^ Nat.rawCast 1 * Nat.rawCast 1)
                          (Mathlib.Tactic.Ring.Common.add_pf_zero_add
                            (ν ^ Nat.rawCast 1 * (↑⌈Real.log H⌉₊ ^ Nat.rawCast 1 * (Int.negOfNat 1).rawCast) + 0))))
                      (Mathlib.Tactic.Ring.Common.mul_congr
                        (Mathlib.Tactic.Ring.Common.atom_pf (Real.log H) rfl
                          (Eq.mpr
                            (id
                              (congrArg
                                (fun _a => Real.log H ^ Nat.rawCast 1 * Nat.rawCast 1 = Real.log H ^ Nat.rawCast 1 * _a)
                                (Eq.symm rfl)))
                            (Eq.refl (Real.log H ^ Nat.rawCast 1 * Nat.rawCast 1))))
                        (Mathlib.Tactic.Ring.Common.neg_congr
                          (Mathlib.Tactic.Ring.Common.atom_pf ν rfl
                            (Eq.mpr
                              (id
                                (congrArg (fun _a => ν ^ Nat.rawCast 1 * Nat.rawCast 1 = ν ^ Nat.rawCast 1 * _a)
                                  (Eq.symm rfl)))
                              (Eq.refl (ν ^ Nat.rawCast 1 * Nat.rawCast 1))))
                          (Mathlib.Tactic.Ring.Common.neg_add
                            (Mathlib.Tactic.Ring.Common.neg_mul ν (Nat.rawCast 1)
                              (Mathlib.Meta.NormNum.IsInt.to_raw_eq
                                (Mathlib.Meta.NormNum.isInt_neg (Eq.refl Neg.neg)
                                  (Mathlib.Meta.NormNum.IsNat.to_isInt (Mathlib.Meta.NormNum.IsNat.of_raw ℝ 1))
                                  (Eq.refl (Int.negOfNat 1)))))
                            Mathlib.Tactic.Ring.Common.neg_zero))
                        (Mathlib.Tactic.Ring.Common.add_mul
                          (Mathlib.Tactic.Ring.Common.mul_add
                            (Mathlib.Tactic.Ring.Common.mul_pf_right ν (Nat.rawCast 1)
                              (Mathlib.Tactic.Ring.Common.mul_pf_left (Real.log H) (Nat.rawCast 1)
                                (Mathlib.Meta.NormNum.IsInt.to_raw_eq
                                  (Mathlib.Meta.NormNum.isInt_mul (Eq.refl HMul.hMul)
                                    (Mathlib.Meta.NormNum.IsNat.to_isInt (Mathlib.Meta.NormNum.IsNat.of_raw ℝ 1))
                                    (Mathlib.Meta.NormNum.IsInt.of_raw ℝ (Int.negOfNat 1))
                                    (Eq.refl (Int.negOfNat 1))))))
                            (Mathlib.Tactic.Ring.Common.mul_zero (Real.log H ^ Nat.rawCast 1 * Nat.rawCast 1))
                            (Mathlib.Tactic.Ring.Common.add_pf_add_zero
                              (ν ^ Nat.rawCast 1 * (Real.log H ^ Nat.rawCast 1 * (Int.negOfNat 1).rawCast) + 0)))
                          (Mathlib.Tactic.Ring.Common.zero_mul (ν ^ Nat.rawCast 1 * (Int.negOfNat 1).rawCast + 0))
                          (Mathlib.Tactic.Ring.Common.add_pf_add_zero
                            (ν ^ Nat.rawCast 1 * (Real.log H ^ Nat.rawCast 1 * (Int.negOfNat 1).rawCast) + 0))))
                      (Mathlib.Tactic.Ring.Common.sub_pf
                        (Mathlib.Tactic.Ring.Common.neg_add
                          (Mathlib.Tactic.Ring.Common.neg_mul ν (Nat.rawCast 1)
                            (Mathlib.Tactic.Ring.Common.neg_mul (Real.log H) (Nat.rawCast 1)
                              (Mathlib.Meta.NormNum.IsNat.to_raw_eq
                                (Mathlib.Meta.NormNum.IsInt.to_isNat
                                  (Mathlib.Meta.NormNum.isInt_neg (Eq.refl Neg.neg)
                                    (Mathlib.Meta.NormNum.IsInt.of_raw ℝ (Int.negOfNat 1)) (Eq.refl (Int.ofNat 1)))))))
                          Mathlib.Tactic.Ring.Common.neg_zero)
                        (Mathlib.Tactic.Ring.Common.add_pf_add_lt (ν ^ Nat.rawCast 1 * Nat.rawCast 1)
                          (Mathlib.Tactic.Ring.Common.add_pf_add_lt
                            (ν ^ Nat.rawCast 1 * (↑⌈Real.log H⌉₊ ^ Nat.rawCast 1 * (Int.negOfNat 1).rawCast))
                            (Mathlib.Tactic.Ring.Common.add_pf_zero_add
                              (ν ^ Nat.rawCast 1 * (Real.log H ^ Nat.rawCast 1 * Nat.rawCast 1) + 0))))))
                    (Mathlib.Tactic.Ring.Common.sub_congr
                      (Mathlib.Tactic.Ring.cast_zero (Mathlib.Meta.NormNum.isNat_ofNat ℝ Nat.cast_zero))
                      (Mathlib.Tactic.Ring.Common.mul_congr
                        (Mathlib.Tactic.Ring.Common.sub_congr
                          (Mathlib.Tactic.Ring.cast_zero (Mathlib.Meta.NormNum.isNat_ofNat ℝ Nat.cast_zero))
                          (Mathlib.Tactic.Ring.Common.atom_pf ν rfl
                            (Eq.mpr
                              (id
                                (congrArg (fun _a => ν ^ Nat.rawCast 1 * Nat.rawCast 1 = ν ^ Nat.rawCast 1 * _a)
                                  (Eq.symm rfl)))
                              (Eq.refl (ν ^ Nat.rawCast 1 * Nat.rawCast 1))))
                          (Mathlib.Tactic.Ring.Common.sub_pf
                            (Mathlib.Tactic.Ring.Common.neg_add
                              (Mathlib.Tactic.Ring.Common.neg_mul ν (Nat.rawCast 1)
                                (Mathlib.Meta.NormNum.IsInt.to_raw_eq
                                  (Mathlib.Meta.NormNum.isInt_neg (Eq.refl Neg.neg)
                                    (Mathlib.Meta.NormNum.IsNat.to_isInt (Mathlib.Meta.NormNum.IsNat.of_raw ℝ 1))
                                    (Eq.refl (Int.negOfNat 1)))))
                              Mathlib.Tactic.Ring.Common.neg_zero)
                            (Mathlib.Tactic.Ring.Common.add_pf_zero_add
                              (ν ^ Nat.rawCast 1 * (Int.negOfNat 1).rawCast + 0))))
                        (Mathlib.Tactic.Ring.Common.sub_congr
                          (Mathlib.Tactic.Ring.Common.atom_pf (↑⌈Real.log H⌉₊) rfl
                            (Eq.mpr
                              (id
                                (congrArg
                                  (fun _a =>
                                    ↑⌈Real.log H⌉₊ ^ Nat.rawCast 1 * Nat.rawCast 1 =
                                      ↑⌈Real.log H⌉₊ ^ Nat.rawCast 1 * _a)
                                  (Eq.symm rfl)))
                              (Eq.refl (↑⌈Real.log H⌉₊ ^ Nat.rawCast 1 * Nat.rawCast 1))))
                          (Mathlib.Tactic.Ring.Common.add_congr
                            (Mathlib.Tactic.Ring.Common.atom_pf (Real.log H) rfl
                              (Eq.mpr
                                (id
                                  (congrArg
                                    (fun _a =>
                                      Real.log H ^ Nat.rawCast 1 * Nat.rawCast 1 = Real.log H ^ Nat.rawCast 1 * _a)
                                    (Eq.symm rfl)))
                                (Eq.refl (Real.log H ^ Nat.rawCast 1 * Nat.rawCast 1))))
                            (Mathlib.Tactic.Ring.cast_pos (Mathlib.Meta.NormNum.isNat_ofNat ℝ Nat.cast_one))
                            (Mathlib.Tactic.Ring.Common.add_pf_add_gt (Nat.rawCast 1)
                              (Mathlib.Tactic.Ring.Common.add_pf_add_zero
                                (Real.log H ^ Nat.rawCast 1 * Nat.rawCast 1 + 0))))
                          (Mathlib.Tactic.Ring.Common.sub_pf
                            (Mathlib.Tactic.Ring.Common.neg_add
                              (Mathlib.Meta.NormNum.IsInt.to_raw_eq
                                (Mathlib.Meta.NormNum.isInt_neg (Eq.refl Neg.neg)
                                  (Mathlib.Meta.NormNum.IsNat.to_isInt (Mathlib.Meta.NormNum.IsNat.of_raw ℝ 1))
                                  (Eq.refl (Int.negOfNat 1))))
                              (Mathlib.Tactic.Ring.Common.neg_add
                                (Mathlib.Tactic.Ring.Common.neg_mul (Real.log H) (Nat.rawCast 1)
                                  (Mathlib.Meta.NormNum.IsInt.to_raw_eq
                                    (Mathlib.Meta.NormNum.isInt_neg (Eq.refl Neg.neg)
                                      (Mathlib.Meta.NormNum.IsNat.to_isInt (Mathlib.Meta.NormNum.IsNat.of_raw ℝ 1))
                                      (Eq.refl (Int.negOfNat 1)))))
                                Mathlib.Tactic.Ring.Common.neg_zero))
                            (Mathlib.Tactic.Ring.Common.add_pf_add_gt (Int.negOfNat 1).rawCast
                              (Mathlib.Tactic.Ring.Common.add_pf_add_lt (↑⌈Real.log H⌉₊ ^ Nat.rawCast 1 * Nat.rawCast 1)
                                (Mathlib.Tactic.Ring.Common.add_pf_zero_add
                                  (Real.log H ^ Nat.rawCast 1 * (Int.negOfNat 1).rawCast + 0))))))
                        (Mathlib.Tactic.Ring.Common.add_mul
                          (Mathlib.Tactic.Ring.Common.mul_add
                            (Mathlib.Tactic.Ring.Common.mul_pf_left ν (Nat.rawCast 1)
                              (Mathlib.Meta.NormNum.IsNat.to_raw_eq
                                (Mathlib.Meta.NormNum.IsInt.to_isNat
                                  (Mathlib.Meta.NormNum.isInt_mul (Eq.refl HMul.hMul)
                                    (Mathlib.Meta.NormNum.IsInt.of_raw ℝ (Int.negOfNat 1))
                                    (Mathlib.Meta.NormNum.IsInt.of_raw ℝ (Int.negOfNat 1)) (Eq.refl (Int.ofNat 1))))))
                            (Mathlib.Tactic.Ring.Common.mul_add
                              (Mathlib.Tactic.Ring.Common.mul_pf_left ν (Nat.rawCast 1)
                                (Mathlib.Tactic.Ring.Common.mul_pf_right (↑⌈Real.log H⌉₊) (Nat.rawCast 1)
                                  (Mathlib.Meta.NormNum.IsInt.to_raw_eq
                                    (Mathlib.Meta.NormNum.isInt_mul (Eq.refl HMul.hMul)
                                      (Mathlib.Meta.NormNum.IsInt.of_raw ℝ (Int.negOfNat 1))
                                      (Mathlib.Meta.NormNum.IsNat.to_isInt (Mathlib.Meta.NormNum.IsNat.of_raw ℝ 1))
                                      (Eq.refl (Int.negOfNat 1))))))
                              (Mathlib.Tactic.Ring.Common.mul_add
                                (Mathlib.Tactic.Ring.Common.mul_pf_left ν (Nat.rawCast 1)
                                  (Mathlib.Tactic.Ring.Common.mul_pf_right (Real.log H) (Nat.rawCast 1)
                                    (Mathlib.Meta.NormNum.IsNat.to_raw_eq
                                      (Mathlib.Meta.NormNum.IsInt.to_isNat
                                        (Mathlib.Meta.NormNum.isInt_mul (Eq.refl HMul.hMul)
                                          (Mathlib.Meta.NormNum.IsInt.of_raw ℝ (Int.negOfNat 1))
                                          (Mathlib.Meta.NormNum.IsInt.of_raw ℝ (Int.negOfNat 1))
                                          (Eq.refl (Int.ofNat 1)))))))
                                (Mathlib.Tactic.Ring.Common.mul_zero (ν ^ Nat.rawCast 1 * (Int.negOfNat 1).rawCast))
                                (Mathlib.Tactic.Ring.Common.add_pf_add_zero
                                  (ν ^ Nat.rawCast 1 * (Real.log H ^ Nat.rawCast 1 * Nat.rawCast 1) + 0)))
                              (Mathlib.Tactic.Ring.Common.add_pf_add_lt
                                (ν ^ Nat.rawCast 1 * (↑⌈Real.log H⌉₊ ^ Nat.rawCast 1 * (Int.negOfNat 1).rawCast))
                                (Mathlib.Tactic.Ring.Common.add_pf_zero_add
                                  (ν ^ Nat.rawCast 1 * (Real.log H ^ Nat.rawCast 1 * Nat.rawCast 1) + 0))))
                            (Mathlib.Tactic.Ring.Common.add_pf_add_lt (ν ^ Nat.rawCast 1 * Nat.rawCast 1)
                              (Mathlib.Tactic.Ring.Common.add_pf_zero_add
                                (ν ^ Nat.rawCast 1 * (↑⌈Real.log H⌉₊ ^ Nat.rawCast 1 * (Int.negOfNat 1).rawCast) +
                                  (ν ^ Nat.rawCast 1 * (Real.log H ^ Nat.rawCast 1 * Nat.rawCast 1) + 0)))))
                          (Mathlib.Tactic.Ring.Common.zero_mul
                            ((Int.negOfNat 1).rawCast +
                              (↑⌈Real.log H⌉₊ ^ Nat.rawCast 1 * Nat.rawCast 1 +
                                (Real.log H ^ Nat.rawCast 1 * (Int.negOfNat 1).rawCast + 0))))
                          (Mathlib.Tactic.Ring.Common.add_pf_add_zero
                            (ν ^ Nat.rawCast 1 * Nat.rawCast 1 +
                              (ν ^ Nat.rawCast 1 * (↑⌈Real.log H⌉₊ ^ Nat.rawCast 1 * (Int.negOfNat 1).rawCast) +
                                (ν ^ Nat.rawCast 1 * (Real.log H ^ Nat.rawCast 1 * Nat.rawCast 1) + 0))))))
                      (Mathlib.Tactic.Ring.Common.sub_pf
                        (Mathlib.Tactic.Ring.Common.neg_add
                          (Mathlib.Tactic.Ring.Common.neg_mul ν (Nat.rawCast 1)
                            (Mathlib.Meta.NormNum.IsInt.to_raw_eq
                              (Mathlib.Meta.NormNum.isInt_neg (Eq.refl Neg.neg)
                                (Mathlib.Meta.NormNum.IsNat.to_isInt (Mathlib.Meta.NormNum.IsNat.of_raw ℝ 1))
                                (Eq.refl (Int.negOfNat 1)))))
                          (Mathlib.Tactic.Ring.Common.neg_add
                            (Mathlib.Tactic.Ring.Common.neg_mul ν (Nat.rawCast 1)
                              (Mathlib.Tactic.Ring.Common.neg_mul (↑⌈Real.log H⌉₊) (Nat.rawCast 1)
                                (Mathlib.Meta.NormNum.IsNat.to_raw_eq
                                  (Mathlib.Meta.NormNum.IsInt.to_isNat
                                    (Mathlib.Meta.NormNum.isInt_neg (Eq.refl Neg.neg)
                                      (Mathlib.Meta.NormNum.IsInt.of_raw ℝ (Int.negOfNat 1))
                                      (Eq.refl (Int.ofNat 1)))))))
                            (Mathlib.Tactic.Ring.Common.neg_add
                              (Mathlib.Tactic.Ring.Common.neg_mul ν (Nat.rawCast 1)
                                (Mathlib.Tactic.Ring.Common.neg_mul (Real.log H) (Nat.rawCast 1)
                                  (Mathlib.Meta.NormNum.IsInt.to_raw_eq
                                    (Mathlib.Meta.NormNum.isInt_neg (Eq.refl Neg.neg)
                                      (Mathlib.Meta.NormNum.IsNat.to_isInt (Mathlib.Meta.NormNum.IsNat.of_raw ℝ 1))
                                      (Eq.refl (Int.negOfNat 1))))))
                              Mathlib.Tactic.Ring.Common.neg_zero)))
                        (Mathlib.Tactic.Ring.Common.add_pf_zero_add
                          (ν ^ Nat.rawCast 1 * (Int.negOfNat 1).rawCast +
                            (ν ^ Nat.rawCast 1 * (↑⌈Real.log H⌉₊ ^ Nat.rawCast 1 * Nat.rawCast 1) +
                              (ν ^ Nat.rawCast 1 * (Real.log H ^ Nat.rawCast 1 * (Int.negOfNat 1).rawCast) + 0))))))
                    (Mathlib.Tactic.Ring.Common.add_pf_add_overlap_zero
                      (Mathlib.Tactic.Ring.Common.add_overlap_pf_zero ν (Nat.rawCast 1)
                        (Mathlib.Meta.NormNum.IsInt.to_isNat
                          (Mathlib.Meta.NormNum.isInt_add (Eq.refl HAdd.hAdd)
                            (Mathlib.Meta.NormNum.IsNat.to_isInt (Mathlib.Meta.NormNum.IsNat.of_raw ℝ 1))
                            (Mathlib.Meta.NormNum.IsInt.of_raw ℝ (Int.negOfNat 1)) (Eq.refl (Int.ofNat 0)))))
                      (Mathlib.Tactic.Ring.Common.add_pf_add_overlap_zero
                        (Mathlib.Tactic.Ring.Common.add_overlap_pf_zero ν (Nat.rawCast 1)
                          (Mathlib.Tactic.Ring.Common.add_overlap_pf_zero (↑⌈Real.log H⌉₊) (Nat.rawCast 1)
                            (Mathlib.Meta.NormNum.IsInt.to_isNat
                              (Mathlib.Meta.NormNum.isInt_add (Eq.refl HAdd.hAdd)
                                (Mathlib.Meta.NormNum.IsInt.of_raw ℝ (Int.negOfNat 1))
                                (Mathlib.Meta.NormNum.IsNat.to_isInt (Mathlib.Meta.NormNum.IsNat.of_raw ℝ 1))
                                (Eq.refl (Int.ofNat 0))))))
                        (Mathlib.Tactic.Ring.Common.add_pf_add_overlap_zero
                          (Mathlib.Tactic.Ring.Common.add_overlap_pf_zero ν (Nat.rawCast 1)
                            (Mathlib.Tactic.Ring.Common.add_overlap_pf_zero (Real.log H) (Nat.rawCast 1)
                              (Mathlib.Meta.NormNum.IsInt.to_isNat
                                (Mathlib.Meta.NormNum.isInt_add (Eq.refl HAdd.hAdd)
                                  (Mathlib.Meta.NormNum.IsNat.to_isInt (Mathlib.Meta.NormNum.IsNat.of_raw ℝ 1))
                                  (Mathlib.Meta.NormNum.IsInt.of_raw ℝ (Int.negOfNat 1)) (Eq.refl (Int.ofNat 0))))))
                          (Mathlib.Tactic.Ring.Common.add_pf_zero_add 0)))))
                  (Mathlib.Tactic.Ring.cast_zero (Mathlib.Meta.NormNum.isNat_ofNat ℝ Nat.cast_zero))))
              (Mathlib.Tactic.Linarith.add_lt_of_neg_of_le (Mathlib.Tactic.Linarith.sub_neg_of_lt a)
                (Mathlib.Tactic.Linarith.sub_nonpos_of_le
                  (mul_nonneg_of_nonpos_of_nonpos (Mathlib.Tactic.Linarith.sub_nonpos_of_le hν)
                    (Mathlib.Tactic.Linarith.sub_nonpos_of_le hw))))))))
'FixedQuadratic.height_rpow_le_rounded_exp' depends on axioms: [propext, Classical.choice, Quot.sound]
theorem FixedQuadratic.quadratic_center_period_error : ∀ (β H ν : ℝ) (j k : ℕ),
  1 ≤ H →
    0 ≤ ν →
      j ≤ k →
        |Real.pi - β| ≤ H ^ (-ν) →
          ‖↑j * (2 * Complex.I * ↑β - 2 * ↑Real.pi * Complex.I)‖ ≤
            2 * ↑k * Real.exp ν * Real.exp (-ν * ↑⌈Real.log H⌉₊) :=
fun β H ν j k hH hν hjk happrox =>
  have he :=
    Eq.mpr
      (id
        (congrArg (Eq (↑j * (2 * Complex.I * ↑β - 2 * ↑Real.pi * Complex.I)))
          (congrArg (HMul.hMul (2 * ↑j * Complex.I)) (Complex.ofReal_sub β Real.pi))))
      (Mathlib.Tactic.Ring.of_eq
        (Mathlib.Tactic.Ring.Common.mul_congr
          (Mathlib.Tactic.Ring.Common.atom_pf (↑j) rfl
            (Eq.mpr
              (id (congrArg (fun _a => ↑j ^ Nat.rawCast 1 * Nat.rawCast 1 = ↑j ^ Nat.rawCast 1 * _a) (Eq.symm rfl)))
              (Eq.refl (↑j ^ Nat.rawCast 1 * Nat.rawCast 1))))
          (Mathlib.Tactic.Ring.Common.sub_congr
            (Mathlib.Tactic.Ring.Common.mul_congr
              (Mathlib.Tactic.Ring.Common.mul_congr
                (Mathlib.Tactic.Ring.cast_pos (Mathlib.Meta.NormNum.isNat_ofNat ℂ (Eq.refl 2)))
                (Mathlib.Tactic.Ring.Common.atom_pf Complex.I rfl
                  (Eq.mpr
                    (id
                      (congrArg (fun _a => Complex.I ^ Nat.rawCast 1 * Nat.rawCast 1 = Complex.I ^ Nat.rawCast 1 * _a)
                        (Eq.symm rfl)))
                    (Eq.refl (Complex.I ^ Nat.rawCast 1 * Nat.rawCast 1))))
                (Mathlib.Tactic.Ring.Common.add_mul
                  (Mathlib.Tactic.Ring.Common.mul_add
                    (Mathlib.Tactic.Ring.Common.mul_pf_right Complex.I (Nat.rawCast 1)
                      (Mathlib.Meta.NormNum.IsNat.to_raw_eq
                        (Mathlib.Meta.NormNum.isNat_mul (Eq.refl HMul.hMul) (Mathlib.Meta.NormNum.IsNat.of_raw ℂ 2)
                          (Mathlib.Meta.NormNum.IsNat.of_raw ℂ 1) (Eq.refl 2))))
                    (Mathlib.Tactic.Ring.Common.mul_zero (Nat.rawCast 2))
                    (Mathlib.Tactic.Ring.Common.add_pf_add_zero (Complex.I ^ Nat.rawCast 1 * Nat.rawCast 2 + 0)))
                  (Mathlib.Tactic.Ring.Common.zero_mul (Complex.I ^ Nat.rawCast 1 * Nat.rawCast 1 + 0))
                  (Mathlib.Tactic.Ring.Common.add_pf_add_zero (Complex.I ^ Nat.rawCast 1 * Nat.rawCast 2 + 0))))
              (Mathlib.Tactic.Ring.Common.atom_pf (↑β) rfl
                (Eq.mpr
                  (id (congrArg (fun _a => ↑β ^ Nat.rawCast 1 * Nat.rawCast 1 = ↑β ^ Nat.rawCast 1 * _a) (Eq.symm rfl)))
                  (Eq.refl (↑β ^ Nat.rawCast 1 * Nat.rawCast 1))))
              (Mathlib.Tactic.Ring.Common.add_mul
                (Mathlib.Tactic.Ring.Common.mul_add
                  (Mathlib.Tactic.Ring.Common.mul_pf_left Complex.I (Nat.rawCast 1)
                    (Mathlib.Tactic.Ring.Common.mul_pf_right (↑β) (Nat.rawCast 1)
                      (Mathlib.Meta.NormNum.IsNat.to_raw_eq
                        (Mathlib.Meta.NormNum.isNat_mul (Eq.refl HMul.hMul) (Mathlib.Meta.NormNum.IsNat.of_raw ℂ 2)
                          (Mathlib.Meta.NormNum.IsNat.of_raw ℂ 1) (Eq.refl 2)))))
                  (Mathlib.Tactic.Ring.Common.mul_zero (Complex.I ^ Nat.rawCast 1 * Nat.rawCast 2))
                  (Mathlib.Tactic.Ring.Common.add_pf_add_zero
                    (Complex.I ^ Nat.rawCast 1 * (↑β ^ Nat.rawCast 1 * Nat.rawCast 2) + 0)))
                (Mathlib.Tactic.Ring.Common.zero_mul (↑β ^ Nat.rawCast 1 * Nat.rawCast 1 + 0))
                (Mathlib.Tactic.Ring.Common.add_pf_add_zero
                  (Complex.I ^ Nat.rawCast 1 * (↑β ^ Nat.rawCast 1 * Nat.rawCast 2) + 0))))
            (Mathlib.Tactic.Ring.Common.mul_congr
              (Mathlib.Tactic.Ring.Common.mul_congr
                (Mathlib.Tactic.Ring.cast_pos (Mathlib.Meta.NormNum.isNat_ofNat ℂ (Eq.refl 2)))
                (Mathlib.Tactic.Ring.Common.atom_pf (↑Real.pi) rfl
                  (Eq.mpr
                    (id
                      (congrArg (fun _a => ↑Real.pi ^ Nat.rawCast 1 * Nat.rawCast 1 = ↑Real.pi ^ Nat.rawCast 1 * _a)
                        (Eq.symm rfl)))
                    (Eq.refl (↑Real.pi ^ Nat.rawCast 1 * Nat.rawCast 1))))
                (Mathlib.Tactic.Ring.Common.add_mul
                  (Mathlib.Tactic.Ring.Common.mul_add
                    (Mathlib.Tactic.Ring.Common.mul_pf_right (↑Real.pi) (Nat.rawCast 1)
                      (Mathlib.Meta.NormNum.IsNat.to_raw_eq
                        (Mathlib.Meta.NormNum.isNat_mul (Eq.refl HMul.hMul) (Mathlib.Meta.NormNum.IsNat.of_raw ℂ 2)
                          (Mathlib.Meta.NormNum.IsNat.of_raw ℂ 1) (Eq.refl 2))))
                    (Mathlib.Tactic.Ring.Common.mul_zero (Nat.rawCast 2))
                    (Mathlib.Tactic.Ring.Common.add_pf_add_zero (↑Real.pi ^ Nat.rawCast 1 * Nat.rawCast 2 + 0)))
                  (Mathlib.Tactic.Ring.Common.zero_mul (↑Real.pi ^ Nat.rawCast 1 * Nat.rawCast 1 + 0))
                  (Mathlib.Tactic.Ring.Common.add_pf_add_zero (↑Real.pi ^ Nat.rawCast 1 * Nat.rawCast 2 + 0))))
              (Mathlib.Tactic.Ring.Common.atom_pf Complex.I rfl
                (Eq.mpr
                  (id
                    (congrArg (fun _a => Complex.I ^ Nat.rawCast 1 * Nat.rawCast 1 = Complex.I ^ Nat.rawCast 1 * _a)
                      (Eq.symm rfl)))
                  (Eq.refl (Complex.I ^ Nat.rawCast 1 * Nat.rawCast 1))))
              (Mathlib.Tactic.Ring.Common.add_mul
                (Mathlib.Tactic.Ring.Common.mul_add
                  (Mathlib.Tactic.Ring.Common.mul_pf_right Complex.I (Nat.rawCast 1)
                    (Mathlib.Tactic.Ring.Common.mul_pf_left (↑Real.pi) (Nat.rawCast 1)
                      (Mathlib.Meta.NormNum.IsNat.to_raw_eq
                        (Mathlib.Meta.NormNum.isNat_mul (Eq.refl HMul.hMul) (Mathlib.Meta.NormNum.IsNat.of_raw ℂ 2)
                          (Mathlib.Meta.NormNum.IsNat.of_raw ℂ 1) (Eq.refl 2)))))
                  (Mathlib.Tactic.Ring.Common.mul_zero (↑Real.pi ^ Nat.rawCast 1 * Nat.rawCast 2))
                  (Mathlib.Tactic.Ring.Common.add_pf_add_zero
                    (Complex.I ^ Nat.rawCast 1 * (↑Real.pi ^ Nat.rawCast 1 * Nat.rawCast 2) + 0)))
                (Mathlib.Tactic.Ring.Common.zero_mul (Complex.I ^ Nat.rawCast 1 * Nat.rawCast 1 + 0))
                (Mathlib.Tactic.Ring.Common.add_pf_add_zero
                  (Complex.I ^ Nat.rawCast 1 * (↑Real.pi ^ Nat.rawCast 1 * Nat.rawCast 2) + 0))))
            (Mathlib.Tactic.Ring.Common.sub_pf
              (Mathlib.Tactic.Ring.Common.neg_add
                (Mathlib.Tactic.Ring.Common.neg_mul Complex.I (Nat.rawCast 1)
                  (Mathlib.Tactic.Ring.Common.neg_mul (↑Real.pi) (Nat.rawCast 1)
                    (Mathlib.Meta.NormNum.IsInt.to_raw_eq
                      (Mathlib.Meta.NormNum.isInt_neg (Eq.refl Neg.neg)
                        (Mathlib.Meta.NormNum.IsNat.to_isInt (Mathlib.Meta.NormNum.IsNat.of_raw ℂ 2))
                        (Eq.refl (Int.negOfNat 2))))))
                Mathlib.Tactic.Ring.Common.neg_zero)
              (Mathlib.Tactic.Ring.Common.add_pf_add_lt
                (Complex.I ^ Nat.rawCast 1 * (↑β ^ Nat.rawCast 1 * Nat.rawCast 2))
                (Mathlib.Tactic.Ring.Common.add_pf_zero_add
                  (Complex.I ^ Nat.rawCast 1 * (↑Real.pi ^ Nat.rawCast 1 * (Int.negOfNat 2).rawCast) + 0)))))
          (Mathlib.Tactic.Ring.Common.add_mul
            (Mathlib.Tactic.Ring.Common.mul_add
              (Mathlib.Tactic.Ring.Common.mul_pf_left (↑j) (Nat.rawCast 1)
                (Mathlib.Tactic.Ring.Common.mul_pf_right Complex.I (Nat.rawCast 1)
                  (Mathlib.Tactic.Ring.Common.mul_pf_right (↑β) (Nat.rawCast 1)
                    (Mathlib.Meta.NormNum.IsNat.to_raw_eq
                      (Mathlib.Meta.NormNum.isNat_mul (Eq.refl HMul.hMul) (Mathlib.Meta.NormNum.IsNat.of_raw ℂ 1)
                        (Mathlib.Meta.NormNum.IsNat.of_raw ℂ 2) (Eq.refl 2))))))
              (Mathlib.Tactic.Ring.Common.mul_add
                (Mathlib.Tactic.Ring.Common.mul_pf_left (↑j) (Nat.rawCast 1)
                  (Mathlib.Tactic.Ring.Common.mul_pf_right Complex.I (Nat.rawCast 1)
                    (Mathlib.Tactic.Ring.Common.mul_pf_right (↑Real.pi) (Nat.rawCast 1)
                      (Mathlib.Meta.NormNum.IsInt.to_raw_eq
                        (Mathlib.Meta.NormNum.isInt_mul (Eq.refl HMul.hMul)
                          (Mathlib.Meta.NormNum.IsNat.to_isInt (Mathlib.Meta.NormNum.IsNat.of_raw ℂ 1))
                          (Mathlib.Meta.NormNum.IsInt.of_raw ℂ (Int.negOfNat 2)) (Eq.refl (Int.negOfNat 2)))))))
                (Mathlib.Tactic.Ring.Common.mul_zero (↑j ^ Nat.rawCast 1 * Nat.rawCast 1))
                (Mathlib.Tactic.Ring.Common.add_pf_add_zero
                  (↑j ^ Nat.rawCast 1 *
                      (Complex.I ^ Nat.rawCast 1 * (↑Real.pi ^ Nat.rawCast 1 * (Int.negOfNat 2).rawCast)) +
                    0)))
              (Mathlib.Tactic.Ring.Common.add_pf_add_lt
                (↑j ^ Nat.rawCast 1 * (Complex.I ^ Nat.rawCast 1 * (↑β ^ Nat.rawCast 1 * Nat.rawCast 2)))
                (Mathlib.Tactic.Ring.Common.add_pf_zero_add
                  (↑j ^ Nat.rawCast 1 *
                      (Complex.I ^ Nat.rawCast 1 * (↑Real.pi ^ Nat.rawCast 1 * (Int.negOfNat 2).rawCast)) +
                    0))))
            (Mathlib.Tactic.Ring.Common.zero_mul
              (Complex.I ^ Nat.rawCast 1 * (↑β ^ Nat.rawCast 1 * Nat.rawCast 2) +
                (Complex.I ^ Nat.rawCast 1 * (↑Real.pi ^ Nat.rawCast 1 * (Int.negOfNat 2).rawCast) + 0)))
            (Mathlib.Tactic.Ring.Common.add_pf_add_zero
              (↑j ^ Nat.rawCast 1 * (Complex.I ^ Nat.rawCast 1 * (↑β ^ Nat.rawCast 1 * Nat.rawCast 2)) +
                (↑j ^ Nat.rawCast 1 *
                    (Complex.I ^ Nat.rawCast 1 * (↑Real.pi ^ Nat.rawCast 1 * (Int.negOfNat 2).rawCast)) +
                  0)))))
        (Mathlib.Tactic.Ring.Common.mul_congr
          (Mathlib.Tactic.Ring.Common.mul_congr
            (Mathlib.Tactic.Ring.Common.mul_congr
              (Mathlib.Tactic.Ring.cast_pos (Mathlib.Meta.NormNum.isNat_ofNat ℂ (Eq.refl 2)))
              (Mathlib.Tactic.Ring.Common.atom_pf (↑j) rfl
                (Eq.mpr
                  (id (congrArg (fun _a => ↑j ^ Nat.rawCast 1 * Nat.rawCast 1 = ↑j ^ Nat.rawCast 1 * _a) (Eq.symm rfl)))
                  (Eq.refl (↑j ^ Nat.rawCast 1 * Nat.rawCast 1))))
              (Mathlib.Tactic.Ring.Common.add_mul
                (Mathlib.Tactic.Ring.Common.mul_add
                  (Mathlib.Tactic.Ring.Common.mul_pf_right (↑j) (Nat.rawCast 1)
                    (Mathlib.Meta.NormNum.IsNat.to_raw_eq
                      (Mathlib.Meta.NormNum.isNat_mul (Eq.refl HMul.hMul) (Mathlib.Meta.NormNum.IsNat.of_raw ℂ 2)
                        (Mathlib.Meta.NormNum.IsNat.of_raw ℂ 1) (Eq.refl 2))))
                  (Mathlib.Tactic.Ring.Common.mul_zero (Nat.rawCast 2))
                  (Mathlib.Tactic.Ring.Common.add_pf_add_zero (↑j ^ Nat.rawCast 1 * Nat.rawCast 2 + 0)))
                (Mathlib.Tactic.Ring.Common.zero_mul (↑j ^ Nat.rawCast 1 * Nat.rawCast 1 + 0))
                (Mathlib.Tactic.Ring.Common.add_pf_add_zero (↑j ^ Nat.rawCast 1 * Nat.rawCast 2 + 0))))
            (Mathlib.Tactic.Ring.Common.atom_pf Complex.I rfl
              (Eq.mpr
                (id
                  (congrArg (fun _a => Complex.I ^ Nat.rawCast 1 * Nat.rawCast 1 = Complex.I ^ Nat.rawCast 1 * _a)
                    (Eq.symm rfl)))
                (Eq.refl (Complex.I ^ Nat.rawCast 1 * Nat.rawCast 1))))
            (Mathlib.Tactic.Ring.Common.add_mul
              (Mathlib.Tactic.Ring.Common.mul_add
                (Mathlib.Tactic.Ring.Common.mul_pf_left (↑j) (Nat.rawCast 1)
                  (Mathlib.Tactic.Ring.Common.mul_pf_right Complex.I (Nat.rawCast 1)
                    (Mathlib.Meta.NormNum.IsNat.to_raw_eq
                      (Mathlib.Meta.NormNum.isNat_mul (Eq.refl HMul.hMul) (Mathlib.Meta.NormNum.IsNat.of_raw ℂ 2)
                        (Mathlib.Meta.NormNum.IsNat.of_raw ℂ 1) (Eq.refl 2)))))
                (Mathlib.Tactic.Ring.Common.mul_zero (↑j ^ Nat.rawCast 1 * Nat.rawCast 2))
                (Mathlib.Tactic.Ring.Common.add_pf_add_zero
                  (↑j ^ Nat.rawCast 1 * (Complex.I ^ Nat.rawCast 1 * Nat.rawCast 2) + 0)))
              (Mathlib.Tactic.Ring.Common.zero_mul (Complex.I ^ Nat.rawCast 1 * Nat.rawCast 1 + 0))
              (Mathlib.Tactic.Ring.Common.add_pf_add_zero
                (↑j ^ Nat.rawCast 1 * (Complex.I ^ Nat.rawCast 1 * Nat.rawCast 2) + 0))))
          (Mathlib.Tactic.Ring.Common.sub_congr
            (Mathlib.Tactic.Ring.Common.atom_pf (↑β) rfl
              (Eq.mpr
                (id (congrArg (fun _a => ↑β ^ Nat.rawCast 1 * Nat.rawCast 1 = ↑β ^ Nat.rawCast 1 * _a) (Eq.symm rfl)))
                (Eq.refl (↑β ^ Nat.rawCast 1 * Nat.rawCast 1))))
            (Mathlib.Tactic.Ring.Common.atom_pf (↑Real.pi) rfl
              (Eq.mpr
                (id
                  (congrArg (fun _a => ↑Real.pi ^ Nat.rawCast 1 * Nat.rawCast 1 = ↑Real.pi ^ Nat.rawCast 1 * _a)
                    (Eq.symm rfl)))
                (Eq.refl (↑Real.pi ^ Nat.rawCast 1 * Nat.rawCast 1))))
            (Mathlib.Tactic.Ring.Common.sub_pf
              (Mathlib.Tactic.Ring.Common.neg_add
                (Mathlib.Tactic.Ring.Common.neg_mul (↑Real.pi) (Nat.rawCast 1)
                  (Mathlib.Meta.NormNum.IsInt.to_raw_eq
                    (Mathlib.Meta.NormNum.isInt_neg (Eq.refl Neg.neg)
                      (Mathlib.Meta.NormNum.IsNat.to_isInt (Mathlib.Meta.NormNum.IsNat.of_raw ℂ 1))
                      (Eq.refl (Int.negOfNat 1)))))
                Mathlib.Tactic.Ring.Common.neg_zero)
              (Mathlib.Tactic.Ring.Common.add_pf_add_lt (↑β ^ Nat.rawCast 1 * Nat.rawCast 1)
                (Mathlib.Tactic.Ring.Common.add_pf_zero_add
                  (↑Real.pi ^ Nat.rawCast 1 * (Int.negOfNat 1).rawCast + 0)))))
          (Mathlib.Tactic.Ring.Common.add_mul
            (Mathlib.Tactic.Ring.Common.mul_add
              (Mathlib.Tactic.Ring.Common.mul_pf_left (↑j) (Nat.rawCast 1)
                (Mathlib.Tactic.Ring.Common.mul_pf_left Complex.I (Nat.rawCast 1)
                  (Mathlib.Tactic.Ring.Common.mul_pf_right (↑β) (Nat.rawCast 1)
                    (Mathlib.Meta.NormNum.IsNat.to_raw_eq
                      (Mathlib.Meta.NormNum.isNat_mul (Eq.refl HMul.hMul) (Mathlib.Meta.NormNum.IsNat.of_raw ℂ 2)
                        (Mathlib.Meta.NormNum.IsNat.of_raw ℂ 1) (Eq.refl 2))))))
              (Mathlib.Tactic.Ring.Common.mul_add
                (Mathlib.Tactic.Ring.Common.mul_pf_left (↑j) (Nat.rawCast 1)
                  (Mathlib.Tactic.Ring.Common.mul_pf_left Complex.I (Nat.rawCast 1)
                    (Mathlib.Tactic.Ring.Common.mul_pf_right (↑Real.pi) (Nat.rawCast 1)
                      (Mathlib.Meta.NormNum.IsInt.to_raw_eq
                        (Mathlib.Meta.NormNum.isInt_mul (Eq.refl HMul.hMul)
                          (Mathlib.Meta.NormNum.IsNat.to_isInt (Mathlib.Meta.NormNum.IsNat.of_raw ℂ 2))
                          (Mathlib.Meta.NormNum.IsInt.of_raw ℂ (Int.negOfNat 1)) (Eq.refl (Int.negOfNat 2)))))))
                (Mathlib.Tactic.Ring.Common.mul_zero (↑j ^ Nat.rawCast 1 * (Complex.I ^ Nat.rawCast 1 * Nat.rawCast 2)))
                (Mathlib.Tactic.Ring.Common.add_pf_add_zero
                  (↑j ^ Nat.rawCast 1 *
                      (Complex.I ^ Nat.rawCast 1 * (↑Real.pi ^ Nat.rawCast 1 * (Int.negOfNat 2).rawCast)) +
                    0)))
              (Mathlib.Tactic.Ring.Common.add_pf_add_lt
                (↑j ^ Nat.rawCast 1 * (Complex.I ^ Nat.rawCast 1 * (↑β ^ Nat.rawCast 1 * Nat.rawCast 2)))
                (Mathlib.Tactic.Ring.Common.add_pf_zero_add
                  (↑j ^ Nat.rawCast 1 *
                      (Complex.I ^ Nat.rawCast 1 * (↑Real.pi ^ Nat.rawCast 1 * (Int.negOfNat 2).rawCast)) +
                    0))))
            (Mathlib.Tactic.Ring.Common.zero_mul
              (↑β ^ Nat.rawCast 1 * Nat.rawCast 1 + (↑Real.pi ^ Nat.rawCast 1 * (Int.negOfNat 1).rawCast + 0)))
            (Mathlib.Tactic.Ring.Common.add_pf_add_zero
              (↑j ^ Nat.rawCast 1 * (Complex.I ^ Nat.rawCast 1 * (↑β ^ Nat.rawCast 1 * Nat.rawCast 2)) +
                (↑j ^ Nat.rawCast 1 *
                    (Complex.I ^ Nat.rawCast 1 * (↑Real.pi ^ Nat.rawCast 1 * (Int.negOfNat 2).rawCast)) +
                  0))))));
  Eq.mpr (id (congrArg (fun _a => ‖_a‖ ≤ 2 * ↑k * Real.exp ν * Real.exp (-ν * ↑⌈Real.log H⌉₊)) he))
    (Eq.mpr
      (id
        (congrArg (fun _a => _a ≤ 2 * ↑k * Real.exp ν * Real.exp (-ν * ↑⌈Real.log H⌉₊))
          (norm_mul (2 * ↑j * Complex.I) ↑(β - Real.pi))))
      (Eq.mpr
        (id
          (congrArg (fun _a => _a * ‖↑(β - Real.pi)‖ ≤ 2 * ↑k * Real.exp ν * Real.exp (-ν * ↑⌈Real.log H⌉₊))
            (norm_mul (2 * ↑j) Complex.I)))
        (Eq.mpr
          (id
            (congrFun'
              (congrArg LE.le
                (congr
                  (congrArg HMul.hMul
                    (congr
                      (congrArg HMul.hMul
                        (Eq.trans (norm_mul 2 ↑j) (congrArg (HMul.hMul ‖2‖) (Complex.norm_natCast j))))
                      Complex.norm_I))
                  (Complex.norm_real (β - Real.pi))))
              (2 * ↑k * Real.exp ν * Real.exp (-ν * ↑⌈Real.log H⌉₊))))
          (have hnorm2 :=
            of_eq_true
              (Eq.trans (Eq.trans (congrFun' (congrArg Eq (Complex.norm_ofNat 2)) 2) (eq_self 2)) (eq_true True.intro));
          Eq.mpr
            (id
              (congrFun'
                (congrArg LE.le
                  (congrFun'
                    (congrArg HMul.hMul
                      (Eq.trans (congrFun' (congrArg HMul.hMul (congrFun' (congrArg HMul.hMul hnorm2) ↑j)) 1)
                        (mul_one (2 * ↑j))))
                    |β - Real.pi|))
                (2 * ↑k * Real.exp ν * Real.exp (-ν * ↑⌈Real.log H⌉₊))))
            (have hd0 := Eq.mp (congrFun' (congrArg LE.le (abs_sub_comm Real.pi β)) (H ^ (-ν))) happrox;
            have hdist := LE.le.trans hd0 (FixedQuadratic.height_rpow_le_rounded_exp H ν hH hν);
            have hkr := cast (Eq.symm Nat.cast_le._simp_1) hjk;
            have hp := le_of_lt (mul_pos (Real.exp_pos ν) (Real.exp_pos (-ν * ↑⌈Real.log H⌉₊)));
            Trans.trans
              (mul_le_mul_of_nonneg_left hdist
                (mul_nonneg
                  (le_of_lt
                    (Mathlib.Meta.Positivity.pos_of_isNat (Mathlib.Meta.NormNum.isNat_ofNat ℝ (Eq.refl 2))
                      (Eq.refl (Nat.ble 1 2))))
                  (Nat.cast_nonneg' j)))
              (have hh := mul_le_mul_of_nonneg_right hkr hp;
              le_of_not_gt fun a =>
                Mathlib.Tactic.Linarith.lt_irrefl
                  (Eq.mp
                    (congrArg (fun _a => _a < 0)
                      (Mathlib.Tactic.Ring.of_eq
                        (Mathlib.Tactic.Ring.Common.add_congr
                          (Mathlib.Tactic.Ring.Common.mul_congr
                            (Mathlib.Tactic.Ring.cast_pos (Mathlib.Meta.NormNum.isNat_ofNat ℝ (Eq.refl 2)))
                            (Mathlib.Tactic.Ring.Common.sub_congr
                              (Mathlib.Tactic.Ring.Common.mul_congr
                                (Mathlib.Tactic.Ring.Common.atom_pf (↑j) rfl
                                  (Eq.mpr
                                    (id
                                      (congrArg (fun _a => ↑j ^ Nat.rawCast 1 * Nat.rawCast 1 = ↑j ^ Nat.rawCast 1 * _a)
                                        (Eq.symm rfl)))
                                    (Eq.refl (↑j ^ Nat.rawCast 1 * Nat.rawCast 1))))
                                (Mathlib.Tactic.Ring.Common.mul_congr
                                  (Mathlib.Tactic.Ring.Common.atom_pf (Real.exp ν) rfl
                                    (Eq.mpr
                                      (id
                                        (congrArg
                                          (fun _a =>
                                            Real.exp ν ^ Nat.rawCast 1 * Nat.rawCast 1 =
                                              Real.exp ν ^ Nat.rawCast 1 * _a)
                                          (Eq.symm rfl)))
                                      (Eq.refl (Real.exp ν ^ Nat.rawCast 1 * Nat.rawCast 1))))
                                  (Mathlib.Tactic.Ring.Common.atom_pf (Real.exp (-ν * ↑⌈Real.log H⌉₊)) rfl
                                    (Eq.mpr
                                      (id
                                        (congrArg
                                          (fun _a =>
                                            Real.exp (-ν * ↑⌈Real.log H⌉₊) ^ Nat.rawCast 1 * Nat.rawCast 1 =
                                              Real.exp (-ν * ↑⌈Real.log H⌉₊) ^ Nat.rawCast 1 * _a)
                                          (Eq.symm rfl)))
                                      (Eq.refl (Real.exp (-ν * ↑⌈Real.log H⌉₊) ^ Nat.rawCast 1 * Nat.rawCast 1))))
                                  (Mathlib.Tactic.Ring.Common.add_mul
                                    (Mathlib.Tactic.Ring.Common.mul_add
                                      (Mathlib.Tactic.Ring.Common.mul_pf_left (Real.exp ν) (Nat.rawCast 1)
                                        (Mathlib.Tactic.Ring.Common.mul_pf_right (Real.exp (-ν * ↑⌈Real.log H⌉₊))
                                          (Nat.rawCast 1)
                                          (Mathlib.Meta.NormNum.IsNat.to_raw_eq
                                            (Mathlib.Meta.NormNum.isNat_mul (Eq.refl HMul.hMul)
                                              (Mathlib.Meta.NormNum.IsNat.of_raw ℝ 1)
                                              (Mathlib.Meta.NormNum.IsNat.of_raw ℝ 1) (Eq.refl 1)))))
                                      (Mathlib.Tactic.Ring.Common.mul_zero (Real.exp ν ^ Nat.rawCast 1 * Nat.rawCast 1))
                                      (Mathlib.Tactic.Ring.Common.add_pf_add_zero
                                        (Real.exp ν ^ Nat.rawCast 1 *
                                            (Real.exp (-ν * ↑⌈Real.log H⌉₊) ^ Nat.rawCast 1 * Nat.rawCast 1) +
                                          0)))
                                    (Mathlib.Tactic.Ring.Common.zero_mul
                                      (Real.exp (-ν * ↑⌈Real.log H⌉₊) ^ Nat.rawCast 1 * Nat.rawCast 1 + 0))
                                    (Mathlib.Tactic.Ring.Common.add_pf_add_zero
                                      (Real.exp ν ^ Nat.rawCast 1 *
                                          (Real.exp (-ν * ↑⌈Real.log H⌉₊) ^ Nat.rawCast 1 * Nat.rawCast 1) +
                                        0))))
                                (Mathlib.Tactic.Ring.Common.add_mul
                                  (Mathlib.Tactic.Ring.Common.mul_add
                                    (Mathlib.Tactic.Ring.Common.mul_pf_left (↑j) (Nat.rawCast 1)
                                      (Mathlib.Tactic.Ring.Common.mul_pf_right (Real.exp ν) (Nat.rawCast 1)
                                        (Mathlib.Tactic.Ring.Common.mul_pf_right (Real.exp (-ν * ↑⌈Real.log H⌉₊))
                                          (Nat.rawCast 1)
                                          (Mathlib.Meta.NormNum.IsNat.to_raw_eq
                                            (Mathlib.Meta.NormNum.isNat_mul (Eq.refl HMul.hMul)
                                              (Mathlib.Meta.NormNum.IsNat.of_raw ℝ 1)
                                              (Mathlib.Meta.NormNum.IsNat.of_raw ℝ 1) (Eq.refl 1))))))
                                    (Mathlib.Tactic.Ring.Common.mul_zero (↑j ^ Nat.rawCast 1 * Nat.rawCast 1))
                                    (Mathlib.Tactic.Ring.Common.add_pf_add_zero
                                      (↑j ^ Nat.rawCast 1 *
                                          (Real.exp ν ^ Nat.rawCast 1 *
                                            (Real.exp (-ν * ↑⌈Real.log H⌉₊) ^ Nat.rawCast 1 * Nat.rawCast 1)) +
                                        0)))
                                  (Mathlib.Tactic.Ring.Common.zero_mul
                                    (Real.exp ν ^ Nat.rawCast 1 *
                                        (Real.exp (-ν * ↑⌈Real.log H⌉₊) ^ Nat.rawCast 1 * Nat.rawCast 1) +
                                      0))
                                  (Mathlib.Tactic.Ring.Common.add_pf_add_zero
                                    (↑j ^ Nat.rawCast 1 *
                                        (Real.exp ν ^ Nat.rawCast 1 *
                                          (Real.exp (-ν * ↑⌈Real.log H⌉₊) ^ Nat.rawCast 1 * Nat.rawCast 1)) +
                                      0))))
                              (Mathlib.Tactic.Ring.Common.mul_congr
                                (Mathlib.Tactic.Ring.Common.atom_pf (↑k) rfl
                                  (Eq.mpr
                                    (id
                                      (congrArg (fun _a => ↑k ^ Nat.rawCast 1 * Nat.rawCast 1 = ↑k ^ Nat.rawCast 1 * _a)
                                        (Eq.symm rfl)))
                                    (Eq.refl (↑k ^ Nat.rawCast 1 * Nat.rawCast 1))))
                                (Mathlib.Tactic.Ring.Common.mul_congr
                                  (Mathlib.Tactic.Ring.Common.atom_pf (Real.exp ν) rfl
                                    (Eq.mpr
                                      (id
                                        (congrArg
                                          (fun _a =>
                                            Real.exp ν ^ Nat.rawCast 1 * Nat.rawCast 1 =
                                              Real.exp ν ^ Nat.rawCast 1 * _a)
                                          (Eq.symm rfl)))
                                      (Eq.refl (Real.exp ν ^ Nat.rawCast 1 * Nat.rawCast 1))))
                                  (Mathlib.Tactic.Ring.Common.atom_pf (Real.exp (-ν * ↑⌈Real.log H⌉₊)) rfl
                                    (Eq.mpr
                                      (id
                                        (congrArg
                                          (fun _a =>
                                            Real.exp (-ν * ↑⌈Real.log H⌉₊) ^ Nat.rawCast 1 * Nat.rawCast 1 =
                                              Real.exp (-ν * ↑⌈Real.log H⌉₊) ^ Nat.rawCast 1 * _a)
                                          (Eq.symm rfl)))
                                      (Eq.refl (Real.exp (-ν * ↑⌈Real.log H⌉₊) ^ Nat.rawCast 1 * Nat.rawCast 1))))
                                  (Mathlib.Tactic.Ring.Common.add_mul
                                    (Mathlib.Tactic.Ring.Common.mul_add
                                      (Mathlib.Tactic.Ring.Common.mul_pf_left (Real.exp ν) (Nat.rawCast 1)
                                        (Mathlib.Tactic.Ring.Common.mul_pf_right (Real.exp (-ν * ↑⌈Real.log H⌉₊))
                                          (Nat.rawCast 1)
                                          (Mathlib.Meta.NormNum.IsNat.to_raw_eq
                                            (Mathlib.Meta.NormNum.isNat_mul (Eq.refl HMul.hMul)
                                              (Mathlib.Meta.NormNum.IsNat.of_raw ℝ 1)
                                              (Mathlib.Meta.NormNum.IsNat.of_raw ℝ 1) (Eq.refl 1)))))
                                      (Mathlib.Tactic.Ring.Common.mul_zero (Real.exp ν ^ Nat.rawCast 1 * Nat.rawCast 1))
                                      (Mathlib.Tactic.Ring.Common.add_pf_add_zero
                                        (Real.exp ν ^ Nat.rawCast 1 *
                                            (Real.exp (-ν * ↑⌈Real.log H⌉₊) ^ Nat.rawCast 1 * Nat.rawCast 1) +
                                          0)))
                                    (Mathlib.Tactic.Ring.Common.zero_mul
                                      (Real.exp (-ν * ↑⌈Real.log H⌉₊) ^ Nat.rawCast 1 * Nat.rawCast 1 + 0))
                                    (Mathlib.Tactic.Ring.Common.add_pf_add_zero
                                      (Real.exp ν ^ Nat.rawCast 1 *
                                          (Real.exp (-ν * ↑⌈Real.log H⌉₊) ^ Nat.rawCast 1 * Nat.rawCast 1) +
                                        0))))
                                (Mathlib.Tactic.Ring.Common.add_mul
                                  (Mathlib.Tactic.Ring.Common.mul_add
                                    (Mathlib.Tactic.Ring.Common.mul_pf_right (Real.exp ν) (Nat.rawCast 1)
                                      (Mathlib.Tactic.Ring.Common.mul_pf_right (Real.exp (-ν * ↑⌈Real.log H⌉₊))
                                        (Nat.rawCast 1)
                                        (Mathlib.Tactic.Ring.Common.mul_pf_left (↑k) (Nat.rawCast 1)
                                          (Mathlib.Meta.NormNum.IsNat.to_raw_eq
                                            (Mathlib.Meta.NormNum.isNat_mul (Eq.refl HMul.hMul)
                                              (Mathlib.Meta.NormNum.IsNat.of_raw ℝ 1)
                                              (Mathlib.Meta.NormNum.IsNat.of_raw ℝ 1) (Eq.refl 1))))))
                                    (Mathlib.Tactic.Ring.Common.mul_zero (↑k ^ Nat.rawCast 1 * Nat.rawCast 1))
                                    (Mathlib.Tactic.Ring.Common.add_pf_add_zero
                                      (Real.exp ν ^ Nat.rawCast 1 *
                                          (Real.exp (-ν * ↑⌈Real.log H⌉₊) ^ Nat.rawCast 1 *
                                            (↑k ^ Nat.rawCast 1 * Nat.rawCast 1)) +
                                        0)))
                                  (Mathlib.Tactic.Ring.Common.zero_mul
                                    (Real.exp ν ^ Nat.rawCast 1 *
                                        (Real.exp (-ν * ↑⌈Real.log H⌉₊) ^ Nat.rawCast 1 * Nat.rawCast 1) +
                                      0))
                                  (Mathlib.Tactic.Ring.Common.add_pf_add_zero
                                    (Real.exp ν ^ Nat.rawCast 1 *
                                        (Real.exp (-ν * ↑⌈Real.log H⌉₊) ^ Nat.rawCast 1 *
                                          (↑k ^ Nat.rawCast 1 * Nat.rawCast 1)) +
                                      0))))
                              (Mathlib.Tactic.Ring.Common.sub_pf
                                (Mathlib.Tactic.Ring.Common.neg_add
                                  (Mathlib.Tactic.Ring.Common.neg_mul (Real.exp ν) (Nat.rawCast 1)
                                    (Mathlib.Tactic.Ring.Common.neg_mul (Real.exp (-ν * ↑⌈Real.log H⌉₊)) (Nat.rawCast 1)
                                      (Mathlib.Tactic.Ring.Common.neg_mul (↑k) (Nat.rawCast 1)
                                        (Mathlib.Meta.NormNum.IsInt.to_raw_eq
                                          (Mathlib.Meta.NormNum.isInt_neg (Eq.refl Neg.neg)
                                            (Mathlib.Meta.NormNum.IsNat.to_isInt
                                              (Mathlib.Meta.NormNum.IsNat.of_raw ℝ 1))
                                            (Eq.refl (Int.negOfNat 1)))))))
                                  Mathlib.Tactic.Ring.Common.neg_zero)
                                (Mathlib.Tactic.Ring.Common.add_pf_add_lt
                                  (↑j ^ Nat.rawCast 1 *
                                    (Real.exp ν ^ Nat.rawCast 1 *
                                      (Real.exp (-ν * ↑⌈Real.log H⌉₊) ^ Nat.rawCast 1 * Nat.rawCast 1)))
                                  (Mathlib.Tactic.Ring.Common.add_pf_zero_add
                                    (Real.exp ν ^ Nat.rawCast 1 *
                                        (Real.exp (-ν * ↑⌈Real.log H⌉₊) ^ Nat.rawCast 1 *
                                          (↑k ^ Nat.rawCast 1 * (Int.negOfNat 1).rawCast)) +
                                      0)))))
                            (Mathlib.Tactic.Ring.Common.add_mul
                              (Mathlib.Tactic.Ring.Common.mul_add
                                (Mathlib.Tactic.Ring.Common.mul_pf_right (↑j) (Nat.rawCast 1)
                                  (Mathlib.Tactic.Ring.Common.mul_pf_right (Real.exp ν) (Nat.rawCast 1)
                                    (Mathlib.Tactic.Ring.Common.mul_pf_right (Real.exp (-ν * ↑⌈Real.log H⌉₊))
                                      (Nat.rawCast 1)
                                      (Mathlib.Meta.NormNum.IsNat.to_raw_eq
                                        (Mathlib.Meta.NormNum.isNat_mul (Eq.refl HMul.hMul)
                                          (Mathlib.Meta.NormNum.IsNat.of_raw ℝ 2)
                                          (Mathlib.Meta.NormNum.IsNat.of_raw ℝ 1) (Eq.refl 2))))))
                                (Mathlib.Tactic.Ring.Common.mul_add
                                  (Mathlib.Tactic.Ring.Common.mul_pf_right (Real.exp ν) (Nat.rawCast 1)
                                    (Mathlib.Tactic.Ring.Common.mul_pf_right (Real.exp (-ν * ↑⌈Real.log H⌉₊))
                                      (Nat.rawCast 1)
                                      (Mathlib.Tactic.Ring.Common.mul_pf_right (↑k) (Nat.rawCast 1)
                                        (Mathlib.Meta.NormNum.IsInt.to_raw_eq
                                          (Mathlib.Meta.NormNum.isInt_mul (Eq.refl HMul.hMul)
                                            (Mathlib.Meta.NormNum.IsNat.to_isInt
                                              (Mathlib.Meta.NormNum.IsNat.of_raw ℝ 2))
                                            (Mathlib.Meta.NormNum.IsInt.of_raw ℝ (Int.negOfNat 1))
                                            (Eq.refl (Int.negOfNat 2)))))))
                                  (Mathlib.Tactic.Ring.Common.mul_zero (Nat.rawCast 2))
                                  (Mathlib.Tactic.Ring.Common.add_pf_add_zero
                                    (Real.exp ν ^ Nat.rawCast 1 *
                                        (Real.exp (-ν * ↑⌈Real.log H⌉₊) ^ Nat.rawCast 1 *
                                          (↑k ^ Nat.rawCast 1 * (Int.negOfNat 2).rawCast)) +
                                      0)))
                                (Mathlib.Tactic.Ring.Common.add_pf_add_lt
                                  (↑j ^ Nat.rawCast 1 *
                                    (Real.exp ν ^ Nat.rawCast 1 *
                                      (Real.exp (-ν * ↑⌈Real.log H⌉₊) ^ Nat.rawCast 1 * Nat.rawCast 2)))
                                  (Mathlib.Tactic.Ring.Common.add_pf_zero_add
                                    (Real.exp ν ^ Nat.rawCast 1 *
                                        (Real.exp (-ν * ↑⌈Real.log H⌉₊) ^ Nat.rawCast 1 *
                                          (↑k ^ Nat.rawCast 1 * (Int.negOfNat 2).rawCast)) +
                                      0))))
                              (Mathlib.Tactic.Ring.Common.zero_mul
                                (↑j ^ Nat.rawCast 1 *
                                    (Real.exp ν ^ Nat.rawCast 1 *
                                      (Real.exp (-ν * ↑⌈Real.log H⌉₊) ^ Nat.rawCast 1 * Nat.rawCast 1)) +
                                  (Real.exp ν ^ Nat.rawCast 1 *
                                      (Real.exp (-ν * ↑⌈Real.log H⌉₊) ^ Nat.rawCast 1 *
                                        (↑k ^ Nat.rawCast 1 * (Int.negOfNat 1).rawCast)) +
                                    0)))
                              (Mathlib.Tactic.Ring.Common.add_pf_add_zero
                                (↑j ^ Nat.rawCast 1 *
                                    (Real.exp ν ^ Nat.rawCast 1 *
                                      (Real.exp (-ν * ↑⌈Real.log H⌉₊) ^ Nat.rawCast 1 * Nat.rawCast 2)) +
                                  (Real.exp ν ^ Nat.rawCast 1 *
                                      (Real.exp (-ν * ↑⌈Real.log H⌉₊) ^ Nat.rawCast 1 *
                                        (↑k ^ Nat.rawCast 1 * (Int.negOfNat 2).rawCast)) +
                                    0)))))
                          (Mathlib.Tactic.Ring.Common.sub_congr
                            (Mathlib.Tactic.Ring.Common.mul_congr
                              (Mathlib.Tactic.Ring.Common.mul_congr
                                (Mathlib.Tactic.Ring.Common.mul_congr
                                  (Mathlib.Tactic.Ring.cast_pos (Mathlib.Meta.NormNum.isNat_ofNat ℝ (Eq.refl 2)))
                                  (Mathlib.Tactic.Ring.Common.atom_pf (↑k) rfl
                                    (Eq.mpr
                                      (id
                                        (congrArg
                                          (fun _a => ↑k ^ Nat.rawCast 1 * Nat.rawCast 1 = ↑k ^ Nat.rawCast 1 * _a)
                                          (Eq.symm rfl)))
                                      (Eq.refl (↑k ^ Nat.rawCast 1 * Nat.rawCast 1))))
                                  (Mathlib.Tactic.Ring.Common.add_mul
                                    (Mathlib.Tactic.Ring.Common.mul_add
                                      (Mathlib.Tactic.Ring.Common.mul_pf_right (↑k) (Nat.rawCast 1)
                                        (Mathlib.Meta.NormNum.IsNat.to_raw_eq
                                          (Mathlib.Meta.NormNum.isNat_mul (Eq.refl HMul.hMul)
                                            (Mathlib.Meta.NormNum.IsNat.of_raw ℝ 2)
                                            (Mathlib.Meta.NormNum.IsNat.of_raw ℝ 1) (Eq.refl 2))))
                                      (Mathlib.Tactic.Ring.Common.mul_zero (Nat.rawCast 2))
                                      (Mathlib.Tactic.Ring.Common.add_pf_add_zero
                                        (↑k ^ Nat.rawCast 1 * Nat.rawCast 2 + 0)))
                                    (Mathlib.Tactic.Ring.Common.zero_mul (↑k ^ Nat.rawCast 1 * Nat.rawCast 1 + 0))
                                    (Mathlib.Tactic.Ring.Common.add_pf_add_zero
                                      (↑k ^ Nat.rawCast 1 * Nat.rawCast 2 + 0))))
                                (Mathlib.Tactic.Ring.Common.atom_pf (Real.exp ν) rfl
                                  (Eq.mpr
                                    (id
                                      (congrArg
                                        (fun _a =>
                                          Real.exp ν ^ Nat.rawCast 1 * Nat.rawCast 1 = Real.exp ν ^ Nat.rawCast 1 * _a)
                                        (Eq.symm rfl)))
                                    (Eq.refl (Real.exp ν ^ Nat.rawCast 1 * Nat.rawCast 1))))
                                (Mathlib.Tactic.Ring.Common.add_mul
                                  (Mathlib.Tactic.Ring.Common.mul_add
                                    (Mathlib.Tactic.Ring.Common.mul_pf_right (Real.exp ν) (Nat.rawCast 1)
                                      (Mathlib.Tactic.Ring.Common.mul_pf_left (↑k) (Nat.rawCast 1)
                                        (Mathlib.Meta.NormNum.IsNat.to_raw_eq
                                          (Mathlib.Meta.NormNum.isNat_mul (Eq.refl HMul.hMul)
                                            (Mathlib.Meta.NormNum.IsNat.of_raw ℝ 2)
                                            (Mathlib.Meta.NormNum.IsNat.of_raw ℝ 1) (Eq.refl 2)))))
                                    (Mathlib.Tactic.Ring.Common.mul_zero (↑k ^ Nat.rawCast 1 * Nat.rawCast 2))
                                    (Mathlib.Tactic.Ring.Common.add_pf_add_zero
                                      (Real.exp ν ^ Nat.rawCast 1 * (↑k ^ Nat.rawCast 1 * Nat.rawCast 2) + 0)))
                                  (Mathlib.Tactic.Ring.Common.zero_mul (Real.exp ν ^ Nat.rawCast 1 * Nat.rawCast 1 + 0))
                                  (Mathlib.Tactic.Ring.Common.add_pf_add_zero
                                    (Real.exp ν ^ Nat.rawCast 1 * (↑k ^ Nat.rawCast 1 * Nat.rawCast 2) + 0))))
                              (Mathlib.Tactic.Ring.Common.atom_pf (Real.exp (-ν * ↑⌈Real.log H⌉₊)) rfl
                                (Eq.mpr
                                  (id
                                    (congrArg
                                      (fun _a =>
                                        Real.exp (-ν * ↑⌈Real.log H⌉₊) ^ Nat.rawCast 1 * Nat.rawCast 1 =
                                          Real.exp (-ν * ↑⌈Real.log H⌉₊) ^ Nat.rawCast 1 * _a)
                                      (Eq.symm rfl)))
                                  (Eq.refl (Real.exp (-ν * ↑⌈Real.log H⌉₊) ^ Nat.rawCast 1 * Nat.rawCast 1))))
                              (Mathlib.Tactic.Ring.Common.add_mul
                                (Mathlib.Tactic.Ring.Common.mul_add
                                  (Mathlib.Tactic.Ring.Common.mul_pf_left (Real.exp ν) (Nat.rawCast 1)
                                    (Mathlib.Tactic.Ring.Common.mul_pf_right (Real.exp (-ν * ↑⌈Real.log H⌉₊))
                                      (Nat.rawCast 1)
                                      (Mathlib.Tactic.Ring.Common.mul_pf_left (↑k) (Nat.rawCast 1)
                                        (Mathlib.Meta.NormNum.IsNat.to_raw_eq
                                          (Mathlib.Meta.NormNum.isNat_mul (Eq.refl HMul.hMul)
                                            (Mathlib.Meta.NormNum.IsNat.of_raw ℝ 2)
                                            (Mathlib.Meta.NormNum.IsNat.of_raw ℝ 1) (Eq.refl 2))))))
                                  (Mathlib.Tactic.Ring.Common.mul_zero
                                    (Real.exp ν ^ Nat.rawCast 1 * (↑k ^ Nat.rawCast 1 * Nat.rawCast 2)))
                                  (Mathlib.Tactic.Ring.Common.add_pf_add_zero
                                    (Real.exp ν ^ Nat.rawCast 1 *
                                        (Real.exp (-ν * ↑⌈Real.log H⌉₊) ^ Nat.rawCast 1 *
                                          (↑k ^ Nat.rawCast 1 * Nat.rawCast 2)) +
                                      0)))
                                (Mathlib.Tactic.Ring.Common.zero_mul
                                  (Real.exp (-ν * ↑⌈Real.log H⌉₊) ^ Nat.rawCast 1 * Nat.rawCast 1 + 0))
                                (Mathlib.Tactic.Ring.Common.add_pf_add_zero
                                  (Real.exp ν ^ Nat.rawCast 1 *
                                      (Real.exp (-ν * ↑⌈Real.log H⌉₊) ^ Nat.rawCast 1 *
                                        (↑k ^ Nat.rawCast 1 * Nat.rawCast 2)) +
                                    0))))
                            (Mathlib.Tactic.Ring.Common.mul_congr
                              (Mathlib.Tactic.Ring.Common.mul_congr
                                (Mathlib.Tactic.Ring.cast_pos (Mathlib.Meta.NormNum.isNat_ofNat ℝ (Eq.refl 2)))
                                (Mathlib.Tactic.Ring.Common.atom_pf (↑j) rfl
                                  (Eq.mpr
                                    (id
                                      (congrArg (fun _a => ↑j ^ Nat.rawCast 1 * Nat.rawCast 1 = ↑j ^ Nat.rawCast 1 * _a)
                                        (Eq.symm rfl)))
                                    (Eq.refl (↑j ^ Nat.rawCast 1 * Nat.rawCast 1))))
                                (Mathlib.Tactic.Ring.Common.add_mul
                                  (Mathlib.Tactic.Ring.Common.mul_add
                                    (Mathlib.Tactic.Ring.Common.mul_pf_right (↑j) (Nat.rawCast 1)
                                      (Mathlib.Meta.NormNum.IsNat.to_raw_eq
                                        (Mathlib.Meta.NormNum.isNat_mul (Eq.refl HMul.hMul)
                                          (Mathlib.Meta.NormNum.IsNat.of_raw ℝ 2)
                                          (Mathlib.Meta.NormNum.IsNat.of_raw ℝ 1) (Eq.refl 2))))
                                    (Mathlib.Tactic.Ring.Common.mul_zero (Nat.rawCast 2))
                                    (Mathlib.Tactic.Ring.Common.add_pf_add_zero
                                      (↑j ^ Nat.rawCast 1 * Nat.rawCast 2 + 0)))
                                  (Mathlib.Tactic.Ring.Common.zero_mul (↑j ^ Nat.rawCast 1 * Nat.rawCast 1 + 0))
                                  (Mathlib.Tactic.Ring.Common.add_pf_add_zero
                                    (↑j ^ Nat.rawCast 1 * Nat.rawCast 2 + 0))))
                              (Mathlib.Tactic.Ring.Common.mul_congr
                                (Mathlib.Tactic.Ring.Common.atom_pf (Real.exp ν) rfl
                                  (Eq.mpr
                                    (id
                                      (congrArg
                                        (fun _a =>
                                          Real.exp ν ^ Nat.rawCast 1 * Nat.rawCast 1 = Real.exp ν ^ Nat.rawCast 1 * _a)
                                        (Eq.symm rfl)))
                                    (Eq.refl (Real.exp ν ^ Nat.rawCast 1 * Nat.rawCast 1))))
                                (Mathlib.Tactic.Ring.Common.atom_pf (Real.exp (-ν * ↑⌈Real.log H⌉₊)) rfl
                                  (Eq.mpr
                                    (id
                                      (congrArg
                                        (fun _a =>
                                          Real.exp (-ν * ↑⌈Real.log H⌉₊) ^ Nat.rawCast 1 * Nat.rawCast 1 =
                                            Real.exp (-ν * ↑⌈Real.log H⌉₊) ^ Nat.rawCast 1 * _a)
                                        (Eq.symm rfl)))
                                    (Eq.refl (Real.exp (-ν * ↑⌈Real.log H⌉₊) ^ Nat.rawCast 1 * Nat.rawCast 1))))
                                (Mathlib.Tactic.Ring.Common.add_mul
                                  (Mathlib.Tactic.Ring.Common.mul_add
                                    (Mathlib.Tactic.Ring.Common.mul_pf_left (Real.exp ν) (Nat.rawCast 1)
                                      (Mathlib.Tactic.Ring.Common.mul_pf_right (Real.exp (-ν * ↑⌈Real.log H⌉₊))
                                        (Nat.rawCast 1)
                                        (Mathlib.Meta.NormNum.IsNat.to_raw_eq
                                          (Mathlib.Meta.NormNum.isNat_mul (Eq.refl HMul.hMul)
                                            (Mathlib.Meta.NormNum.IsNat.of_raw ℝ 1)
                                            (Mathlib.Meta.NormNum.IsNat.of_raw ℝ 1) (Eq.refl 1)))))
                                    (Mathlib.Tactic.Ring.Common.mul_zero (Real.exp ν ^ Nat.rawCast 1 * Nat.rawCast 1))
                                    (Mathlib.Tactic.Ring.Common.add_pf_add_zero
                                      (Real.exp ν ^ Nat.rawCast 1 *
                                          (Real.exp (-ν * ↑⌈Real.log H⌉₊) ^ Nat.rawCast 1 * Nat.rawCast 1) +
                                        0)))
                                  (Mathlib.Tactic.Ring.Common.zero_mul
                                    (Real.exp (-ν * ↑⌈Real.log H⌉₊) ^ Nat.rawCast 1 * Nat.rawCast 1 + 0))
                                  (Mathlib.Tactic.Ring.Common.add_pf_add_zero
                                    (Real.exp ν ^ Nat.rawCast 1 *
                                        (Real.exp (-ν * ↑⌈Real.log H⌉₊) ^ Nat.rawCast 1 * Nat.rawCast 1) +
                                      0))))
                              (Mathlib.Tactic.Ring.Common.add_mul
                                (Mathlib.Tactic.Ring.Common.mul_add
                                  (Mathlib.Tactic.Ring.Common.mul_pf_left (↑j) (Nat.rawCast 1)
                                    (Mathlib.Tactic.Ring.Common.mul_pf_right (Real.exp ν) (Nat.rawCast 1)
                                      (Mathlib.Tactic.Ring.Common.mul_pf_right (Real.exp (-ν * ↑⌈Real.log H⌉₊))
                                        (Nat.rawCast 1)
                                        (Mathlib.Meta.NormNum.IsNat.to_raw_eq
                                          (Mathlib.Meta.NormNum.isNat_mul (Eq.refl HMul.hMul)
                                            (Mathlib.Meta.NormNum.IsNat.of_raw ℝ 2)
                                            (Mathlib.Meta.NormNum.IsNat.of_raw ℝ 1) (Eq.refl 2))))))
                                  (Mathlib.Tactic.Ring.Common.mul_zero (↑j ^ Nat.rawCast 1 * Nat.rawCast 2))
                                  (Mathlib.Tactic.Ring.Common.add_pf_add_zero
                                    (↑j ^ Nat.rawCast 1 *
                                        (Real.exp ν ^ Nat.rawCast 1 *
                                          (Real.exp (-ν * ↑⌈Real.log H⌉₊) ^ Nat.rawCast 1 * Nat.rawCast 2)) +
                                      0)))
                                (Mathlib.Tactic.Ring.Common.zero_mul
                                  (Real.exp ν ^ Nat.rawCast 1 *
                                      (Real.exp (-ν * ↑⌈Real.log H⌉₊) ^ Nat.rawCast 1 * Nat.rawCast 1) +
                                    0))
                                (Mathlib.Tactic.Ring.Common.add_pf_add_zero
                                  (↑j ^ Nat.rawCast 1 *
                                      (Real.exp ν ^ Nat.rawCast 1 *
                                        (Real.exp (-ν * ↑⌈Real.log H⌉₊) ^ Nat.rawCast 1 * Nat.rawCast 2)) +
                                    0))))
                            (Mathlib.Tactic.Ring.Common.sub_pf
                              (Mathlib.Tactic.Ring.Common.neg_add
                                (Mathlib.Tactic.Ring.Common.neg_mul (↑j) (Nat.rawCast 1)
                                  (Mathlib.Tactic.Ring.Common.neg_mul (Real.exp ν) (Nat.rawCast 1)
                                    (Mathlib.Tactic.Ring.Common.neg_mul (Real.exp (-ν * ↑⌈Real.log H⌉₊)) (Nat.rawCast 1)
                                      (Mathlib.Meta.NormNum.IsInt.to_raw_eq
                                        (Mathlib.Meta.NormNum.isInt_neg (Eq.refl Neg.neg)
                                          (Mathlib.Meta.NormNum.IsNat.to_isInt (Mathlib.Meta.NormNum.IsNat.of_raw ℝ 2))
                                          (Eq.refl (Int.negOfNat 2)))))))
                                Mathlib.Tactic.Ring.Common.neg_zero)
                              (Mathlib.Tactic.Ring.Common.add_pf_add_gt
                                (↑j ^ Nat.rawCast 1 *
                                  (Real.exp ν ^ Nat.rawCast 1 *
                                    (Real.exp (-ν * ↑⌈Real.log H⌉₊) ^ Nat.rawCast 1 * (Int.negOfNat 2).rawCast)))
                                (Mathlib.Tactic.Ring.Common.add_pf_add_zero
                                  (Real.exp ν ^ Nat.rawCast 1 *
                                      (Real.exp (-ν * ↑⌈Real.log H⌉₊) ^ Nat.rawCast 1 *
                                        (↑k ^ Nat.rawCast 1 * Nat.rawCast 2)) +
                                    0)))))
                          (Mathlib.Tactic.Ring.Common.add_pf_add_overlap_zero
                            (Mathlib.Tactic.Ring.Common.add_overlap_pf_zero (↑j) (Nat.rawCast 1)
                              (Mathlib.Tactic.Ring.Common.add_overlap_pf_zero (Real.exp ν) (Nat.rawCast 1)
                                (Mathlib.Tactic.Ring.Common.add_overlap_pf_zero (Real.exp (-ν * ↑⌈Real.log H⌉₊))
                                  (Nat.rawCast 1)
                                  (Mathlib.Meta.NormNum.IsInt.to_isNat
                                    (Mathlib.Meta.NormNum.isInt_add (Eq.refl HAdd.hAdd)
                                      (Mathlib.Meta.NormNum.IsNat.to_isInt (Mathlib.Meta.NormNum.IsNat.of_raw ℝ 2))
                                      (Mathlib.Meta.NormNum.IsInt.of_raw ℝ (Int.negOfNat 2))
                                      (Eq.refl (Int.ofNat 0)))))))
                            (Mathlib.Tactic.Ring.Common.add_pf_add_overlap_zero
                              (Mathlib.Tactic.Ring.Common.add_overlap_pf_zero (Real.exp ν) (Nat.rawCast 1)
                                (Mathlib.Tactic.Ring.Common.add_overlap_pf_zero (Real.exp (-ν * ↑⌈Real.log H⌉₊))
                                  (Nat.rawCast 1)
                                  (Mathlib.Tactic.Ring.Common.add_overlap_pf_zero (↑k) (Nat.rawCast 1)
                                    (Mathlib.Meta.NormNum.IsInt.to_isNat
                                      (Mathlib.Meta.NormNum.isInt_add (Eq.refl HAdd.hAdd)
                                        (Mathlib.Meta.NormNum.IsInt.of_raw ℝ (Int.negOfNat 2))
                                        (Mathlib.Meta.NormNum.IsNat.to_isInt (Mathlib.Meta.NormNum.IsNat.of_raw ℝ 2))
                                        (Eq.refl (Int.ofNat 0)))))))
                              (Mathlib.Tactic.Ring.Common.add_pf_zero_add 0))))
                        (Mathlib.Tactic.Ring.cast_zero (Mathlib.Meta.NormNum.isNat_ofNat ℝ Nat.cast_zero))))
                    (Mathlib.Tactic.Linarith.add_lt_of_le_of_neg
                      (Mathlib.Tactic.Linarith.mul_nonpos (Mathlib.Tactic.Linarith.sub_nonpos_of_le hh)
                        (Mathlib.Meta.NormNum.isNat_lt_true (Mathlib.Meta.NormNum.isNat_ofNat ℝ Nat.cast_zero)
                          (Mathlib.Meta.NormNum.isNat_ofNat ℝ (Eq.refl 2)) (Eq.refl false)))
                      (Mathlib.Tactic.Linarith.sub_neg_of_lt a)))))))))
'FixedQuadratic.quadratic_center_period_error' depends on axioms: [propext, Classical.choice, Quot.sound]
theorem FixedQuadratic.quadratic_centers_injective : ∀ (β : ℝ),
  β ≠ 0 → ∀ (k : ℕ), Function.Injective fun j => ↑↑j * (2 * Complex.I * ↑β) :=
fun β hβ k =>
  have hp :=
    mul_ne_zero
      (mul_ne_zero
        (Mathlib.Meta.NormNum.isNat_eq_false (Mathlib.Meta.NormNum.isNat_ofNat ℂ (Eq.refl 2))
          (Mathlib.Meta.NormNum.isNat_ofNat ℂ Nat.cast_zero) (Eq.refl false))
        Complex.I_ne_zero)
      (cast
        (Eq.trans (Eq.trans (congrArg (Ne β) (Eq.symm Nat.cast_zero)) (congrArg Not (congrArg (Eq β) Nat.cast_zero)))
          (Eq.symm
            (Eq.trans
              (Eq.trans (congrArg (Ne ↑β) (Eq.symm Nat.cast_zero))
                (congrArg Not
                  (Eq.trans
                    (congrArg (Eq ↑β) (Eq.trans Nat.cast_zero (Eq.symm (congrArg Complex.ofReal Nat.cast_zero))))
                    Complex.ofReal_inj._simp_1)))
              (congrArg Not (congrArg (Eq β) Nat.cast_zero)))))
        hβ);
  fun ⦃j l⦄ h =>
  have he := mul_right_cancel₀ hp h;
  Fin.ext (cast Nat.cast_inj._simp_1 he)
'FixedQuadratic.quadratic_centers_injective' depends on axioms: [propext, Classical.choice, Quot.sound]
theorem FixedQuadratic.Regression.nonmonic_resultant : GaussianInt.toComplex
    ((Polynomial.C 2 * (Polynomial.X ^ 2 - Polynomial.C 2)).resultant Polynomial.X 2 1) =
  -4 :=
have hs :=
  cast (Eq.symm (Eq.trans (congrFun' (congrArg Eq (Complex.ofReal_pow._simp_1 (√↑2) 2)) ↑2) Complex.ofReal_inj._simp_1))
    (Real.sq_sqrt
      (Mathlib.Meta.NormNum.isNat_le_true (Mathlib.Meta.NormNum.isNat_ofNat ℝ Nat.cast_zero)
        (Mathlib.Meta.NormNum.isNat_ofNat ℝ (Eq.refl 2)) (Eq.refl true)));
have h :=
  FixedQuadratic.quadratic_resultant_identity (Polynomial.C 2 * (Polynomial.X ^ 2 - Polynomial.C 2)) Polynomial.X 2
    (↑√2) (-↑√2) 1 (of_eq_true (Eq.trans (congrFun' (congrArg LE.le Polynomial.natDegree_X) 1) (Std.le_refl._simp_1 1)))
    (Eq.mpr
      (id
        (Eq.trans
          (Eq.trans
            (congr
              (congrArg Eq
                (Eq.trans (Polynomial.map_mul GaussianInt.toComplex)
                  (congr
                    (congrArg HMul.hMul
                      (Eq.trans (Polynomial.map_C GaussianInt.toComplex)
                        (congrArg (⇑Polynomial.C)
                          (Eq.trans
                            (congr
                              (congrArg HAdd.hAdd
                                (Eq.trans
                                  (congrArg Int.cast
                                    (Mathlib.Meta.NormNum.IsNat.to_eq
                                      (Mathlib.Meta.NormNum.isNat_natCast 2 2 (Mathlib.Meta.NormNum.IsNat.raw_refl 2))
                                      (Eq.refl 2)))
                                  (Int.cast_ofNat 2)))
                              (Eq.trans (congrFun' (congrArg HMul.hMul Int.cast_zero) Complex.I) (zero_mul Complex.I)))
                            (add_zero 2)))))
                    (Eq.trans (Polynomial.map_sub GaussianInt.toComplex)
                      (congr
                        (congrArg HSub.hSub
                          (Eq.trans (Polynomial.map_pow GaussianInt.toComplex 2)
                            (congrFun' (congrArg HPow.hPow (Polynomial.map_X GaussianInt.toComplex)) 2)))
                        (Eq.trans (Polynomial.map_C GaussianInt.toComplex)
                          (congrArg (⇑Polynomial.C)
                            (Eq.trans
                              (congr
                                (congrArg HAdd.hAdd
                                  (Eq.trans
                                    (congrArg Int.cast
                                      (Mathlib.Meta.NormNum.IsNat.to_eq
                                        (Mathlib.Meta.NormNum.isNat_natCast 2 2 (Mathlib.Meta.NormNum.IsNat.raw_refl 2))
                                        (Eq.refl 2)))
                                    (Int.cast_ofNat 2)))
                                (Eq.trans (congrFun' (congrArg HMul.hMul Int.cast_zero) Complex.I)
                                  (zero_mul Complex.I)))
                              (add_zero 2)))))))))
              (congr
                (congrArg HMul.hMul
                  (congrArg (⇑Polynomial.C)
                    (Eq.trans
                      (congr
                        (congrArg HAdd.hAdd
                          (Eq.trans
                            (congrArg Int.cast
                              (Mathlib.Meta.NormNum.IsNat.to_eq
                                (Mathlib.Meta.NormNum.isNat_natCast 2 2 (Mathlib.Meta.NormNum.IsNat.raw_refl 2))
                                (Eq.refl 2)))
                            (Int.cast_ofNat 2)))
                        (Eq.trans (congrFun' (congrArg HMul.hMul Int.cast_zero) Complex.I) (zero_mul Complex.I)))
                      (add_zero 2))))
                (congrArg (HMul.hMul (Polynomial.X - Polynomial.C ↑√2))
                  (Eq.trans (congrArg (HSub.hSub Polynomial.X) (map_neg Polynomial.C ↑√2))
                    (sub_neg_eq_add Polynomial.X (Polynomial.C ↑√2))))))
            mul_eq_mul_left_iff._simp_1)
          (Eq.trans
            (congrArg
              (Or
                (Polynomial.X ^ 2 - Polynomial.C 2 =
                  (Polynomial.X - Polynomial.C ↑√2) * (Polynomial.X + Polynomial.C ↑√2)))
              (Eq.trans (map_eq_zero._simp_1 Polynomial.C)
                (eq_false
                  (Mathlib.Meta.NormNum.isNat_eq_false (Mathlib.Meta.NormNum.isNat_ofNat ℂ (Eq.refl 2))
                    (Mathlib.Meta.NormNum.isNat_ofNat ℂ Nat.cast_zero) (Eq.refl false)))))
            (or_false
              (Polynomial.X ^ 2 - Polynomial.C 2 =
                (Polynomial.X - Polynomial.C ↑√2) * (Polynomial.X + Polynomial.C ↑√2))))))
      (Eq.mpr
        (id
          (congrArg (Eq (Polynomial.X ^ 2 - Polynomial.C 2))
            (Eq.trans
              (Mathlib.Tactic.Ring.Common.mul_congr
                (Mathlib.Tactic.Ring.Common.sub_congr
                  (Mathlib.Tactic.Ring.Common.atom_pf Polynomial.X rfl
                    (Eq.mpr
                      (id
                        (congrArg
                          (fun _a => Polynomial.X ^ Nat.rawCast 1 * Nat.rawCast 1 = Polynomial.X ^ Nat.rawCast 1 * _a)
                          (Eq.symm rfl)))
                      (Eq.refl (Polynomial.X ^ Nat.rawCast 1 * Nat.rawCast 1))))
                  (Mathlib.Tactic.Ring.Common.atom_pf (Polynomial.C ↑√2) rfl
                    (Eq.mpr
                      (id
                        (congrArg
                          (fun _a =>
                            Polynomial.C ↑√2 ^ Nat.rawCast 1 * Nat.rawCast 1 = Polynomial.C ↑√2 ^ Nat.rawCast 1 * _a)
                          (Eq.symm rfl)))
                      (Eq.refl (Polynomial.C ↑√2 ^ Nat.rawCast 1 * Nat.rawCast 1))))
                  (Mathlib.Tactic.Ring.Common.sub_pf
                    (Mathlib.Tactic.Ring.Common.neg_add
                      (Mathlib.Tactic.Ring.Common.neg_mul (Polynomial.C ↑√2) (Nat.rawCast 1)
                        (Mathlib.Meta.NormNum.IsInt.to_raw_eq
                          (Mathlib.Meta.NormNum.isInt_neg (Eq.refl Neg.neg)
                            (Mathlib.Meta.NormNum.IsNat.to_isInt (Mathlib.Meta.NormNum.IsNat.of_raw (Polynomial ℂ) 1))
                            (Eq.refl (Int.negOfNat 1)))))
                      Mathlib.Tactic.Ring.Common.neg_zero)
                    (Mathlib.Tactic.Ring.Common.add_pf_add_lt (Polynomial.X ^ Nat.rawCast 1 * Nat.rawCast 1)
                      (Mathlib.Tactic.Ring.Common.add_pf_zero_add
                        (Polynomial.C ↑√2 ^ Nat.rawCast 1 * (Int.negOfNat 1).rawCast + 0)))))
                (Mathlib.Tactic.Ring.Common.add_congr
                  (Mathlib.Tactic.Ring.Common.atom_pf Polynomial.X rfl
                    (Eq.mpr
                      (id
                        (congrArg
                          (fun _a => Polynomial.X ^ Nat.rawCast 1 * Nat.rawCast 1 = Polynomial.X ^ Nat.rawCast 1 * _a)
                          (Eq.symm rfl)))
                      (Eq.refl (Polynomial.X ^ Nat.rawCast 1 * Nat.rawCast 1))))
                  (Mathlib.Tactic.Ring.Common.atom_pf (Polynomial.C ↑√2) rfl
                    (Eq.mpr
                      (id
                        (congrArg
                          (fun _a =>
                            Polynomial.C ↑√2 ^ Nat.rawCast 1 * Nat.rawCast 1 = Polynomial.C ↑√2 ^ Nat.rawCast 1 * _a)
                          (Eq.symm rfl)))
                      (Eq.refl (Polynomial.C ↑√2 ^ Nat.rawCast 1 * Nat.rawCast 1))))
                  (Mathlib.Tactic.Ring.Common.add_pf_add_lt (Polynomial.X ^ Nat.rawCast 1 * Nat.rawCast 1)
                    (Mathlib.Tactic.Ring.Common.add_pf_zero_add
                      (Polynomial.C ↑√2 ^ Nat.rawCast 1 * Nat.rawCast 1 + 0))))
                (Mathlib.Tactic.Ring.Common.add_mul
                  (Mathlib.Tactic.Ring.Common.mul_add
                    (Mathlib.Tactic.Ring.Common.mul_pp_pf_overlap Polynomial.X
                      (Mathlib.Meta.NormNum.IsNat.to_raw_eq
                        (Mathlib.Meta.NormNum.isNat_add (Eq.refl HAdd.hAdd) (Mathlib.Meta.NormNum.IsNat.of_raw ℕ 1)
                          (Mathlib.Meta.NormNum.IsNat.of_raw ℕ 1) (Eq.refl 2)))
                      (Mathlib.Meta.NormNum.IsNat.to_raw_eq
                        (Mathlib.Meta.NormNum.isNat_mul (Eq.refl HMul.hMul)
                          (Mathlib.Meta.NormNum.IsNat.of_raw (Polynomial ℂ) 1)
                          (Mathlib.Meta.NormNum.IsNat.of_raw (Polynomial ℂ) 1) (Eq.refl 1))))
                    (Mathlib.Tactic.Ring.Common.mul_add
                      (Mathlib.Tactic.Ring.Common.mul_pf_left Polynomial.X (Nat.rawCast 1)
                        (Mathlib.Tactic.Ring.Common.mul_pf_right (Polynomial.C ↑√2) (Nat.rawCast 1)
                          (Mathlib.Meta.NormNum.IsNat.to_raw_eq
                            (Mathlib.Meta.NormNum.isNat_mul (Eq.refl HMul.hMul)
                              (Mathlib.Meta.NormNum.IsNat.of_raw (Polynomial ℂ) 1)
                              (Mathlib.Meta.NormNum.IsNat.of_raw (Polynomial ℂ) 1) (Eq.refl 1)))))
                      (Mathlib.Tactic.Ring.Common.mul_zero (Polynomial.X ^ Nat.rawCast 1 * Nat.rawCast 1))
                      (Mathlib.Tactic.Ring.Common.add_pf_add_zero
                        (Polynomial.X ^ Nat.rawCast 1 * (Polynomial.C ↑√2 ^ Nat.rawCast 1 * Nat.rawCast 1) + 0)))
                    (Mathlib.Tactic.Ring.Common.add_pf_add_gt
                      (Polynomial.X ^ Nat.rawCast 1 * (Polynomial.C ↑√2 ^ Nat.rawCast 1 * Nat.rawCast 1))
                      (Mathlib.Tactic.Ring.Common.add_pf_add_zero (Polynomial.X ^ Nat.rawCast 2 * Nat.rawCast 1 + 0))))
                  (Mathlib.Tactic.Ring.Common.add_mul
                    (Mathlib.Tactic.Ring.Common.mul_add
                      (Mathlib.Tactic.Ring.Common.mul_pf_right Polynomial.X (Nat.rawCast 1)
                        (Mathlib.Tactic.Ring.Common.mul_pf_left (Polynomial.C ↑√2) (Nat.rawCast 1)
                          (Mathlib.Meta.NormNum.IsInt.to_raw_eq
                            (Mathlib.Meta.NormNum.isInt_mul (Eq.refl HMul.hMul)
                              (Mathlib.Meta.NormNum.IsInt.of_raw (Polynomial ℂ) (Int.negOfNat 1))
                              (Mathlib.Meta.NormNum.IsNat.to_isInt (Mathlib.Meta.NormNum.IsNat.of_raw (Polynomial ℂ) 1))
                              (Eq.refl (Int.negOfNat 1))))))
                      (Mathlib.Tactic.Ring.Common.mul_add
                        (Mathlib.Tactic.Ring.Common.mul_pp_pf_overlap (Polynomial.C ↑√2)
                          (Mathlib.Meta.NormNum.IsNat.to_raw_eq
                            (Mathlib.Meta.NormNum.isNat_add (Eq.refl HAdd.hAdd) (Mathlib.Meta.NormNum.IsNat.of_raw ℕ 1)
                              (Mathlib.Meta.NormNum.IsNat.of_raw ℕ 1) (Eq.refl 2)))
                          (Mathlib.Meta.NormNum.IsInt.to_raw_eq
                            (Mathlib.Meta.NormNum.isInt_mul (Eq.refl HMul.hMul)
                              (Mathlib.Meta.NormNum.IsInt.of_raw (Polynomial ℂ) (Int.negOfNat 1))
                              (Mathlib.Meta.NormNum.IsNat.to_isInt (Mathlib.Meta.NormNum.IsNat.of_raw (Polynomial ℂ) 1))
                              (Eq.refl (Int.negOfNat 1)))))
                        (Mathlib.Tactic.Ring.Common.mul_zero
                          (Polynomial.C ↑√2 ^ Nat.rawCast 1 * (Int.negOfNat 1).rawCast))
                        (Mathlib.Tactic.Ring.Common.add_pf_add_zero
                          (Polynomial.C ↑√2 ^ Nat.rawCast 2 * (Int.negOfNat 1).rawCast + 0)))
                      (Mathlib.Tactic.Ring.Common.add_pf_add_lt
                        (Polynomial.X ^ Nat.rawCast 1 * (Polynomial.C ↑√2 ^ Nat.rawCast 1 * (Int.negOfNat 1).rawCast))
                        (Mathlib.Tactic.Ring.Common.add_pf_zero_add
                          (Polynomial.C ↑√2 ^ Nat.rawCast 2 * (Int.negOfNat 1).rawCast + 0))))
                    (Mathlib.Tactic.Ring.Common.zero_mul
                      (Polynomial.X ^ Nat.rawCast 1 * Nat.rawCast 1 +
                        (Polynomial.C ↑√2 ^ Nat.rawCast 1 * Nat.rawCast 1 + 0)))
                    (Mathlib.Tactic.Ring.Common.add_pf_add_zero
                      (Polynomial.X ^ Nat.rawCast 1 * (Polynomial.C ↑√2 ^ Nat.rawCast 1 * (Int.negOfNat 1).rawCast) +
                        (Polynomial.C ↑√2 ^ Nat.rawCast 2 * (Int.negOfNat 1).rawCast + 0))))
                  (Mathlib.Tactic.Ring.Common.add_pf_add_overlap_zero
                    (Mathlib.Tactic.Ring.Common.add_overlap_pf_zero Polynomial.X (Nat.rawCast 1)
                      (Mathlib.Tactic.Ring.Common.add_overlap_pf_zero (Polynomial.C ↑√2) (Nat.rawCast 1)
                        (Mathlib.Meta.NormNum.IsInt.to_isNat
                          (Mathlib.Meta.NormNum.isInt_add (Eq.refl HAdd.hAdd)
                            (Mathlib.Meta.NormNum.IsNat.to_isInt (Mathlib.Meta.NormNum.IsNat.of_raw (Polynomial ℂ) 1))
                            (Mathlib.Meta.NormNum.IsInt.of_raw (Polynomial ℂ) (Int.negOfNat 1))
                            (Eq.refl (Int.ofNat 0))))))
                    (Mathlib.Tactic.Ring.Common.add_pf_add_lt (Polynomial.X ^ Nat.rawCast 2 * Nat.rawCast 1)
                      (Mathlib.Tactic.Ring.Common.add_pf_zero_add
                        (Polynomial.C ↑√2 ^ Nat.rawCast 2 * (Int.negOfNat 1).rawCast + 0))))))
              (Eq.trans
                (Mathlib.Tactic.RingNF.add_assoc_rev (Polynomial.X ^ Nat.rawCast 2 * Nat.rawCast 1)
                  (Polynomial.C ↑√2 ^ Nat.rawCast 2 * (Int.negOfNat 1).rawCast) 0)
                (Eq.trans
                  (congrFun'
                    (congrArg HAdd.hAdd
                      (Eq.trans
                        (congr
                          (congrArg HAdd.hAdd
                            (Eq.trans (congrArg (HMul.hMul (Polynomial.X ^ 2)) Mathlib.Tactic.RingNF.nat_rawCast_1)
                              (mul_one (Polynomial.X ^ 2))))
                          (Eq.trans
                            (Eq.trans
                              (congrArg (HMul.hMul (Polynomial.C ↑√2 ^ 2))
                                (Eq.trans Mathlib.Tactic.RingNF.int_rawCast_neg
                                  (congrArg Neg.neg Mathlib.Tactic.RingNF.nat_rawCast_1)))
                              (Mathlib.Tactic.RingNF.mul_neg (Polynomial.C ↑√2 ^ 2) 1))
                            (congrArg Neg.neg (mul_one (Polynomial.C ↑√2 ^ 2)))))
                        (Mathlib.Tactic.RingNF.add_neg (Polynomial.X ^ 2) (Polynomial.C ↑√2 ^ 2))))
                    0)
                  (add_zero (Polynomial.X ^ 2 - Polynomial.C ↑√2 ^ 2)))))))
        (of_eq_true
          (Eq.trans
            (congrArg (Eq (Polynomial.X ^ 2 - Polynomial.C 2))
              (congrArg (HSub.hSub (Polynomial.X ^ 2))
                (Eq.trans (FixedQuadratic.Regression.nonmonic_resultant._simp_1_1 Polynomial.C (↑√2) 2)
                  (congrArg (⇑Polynomial.C) hs))))
            (eq_self (Polynomial.X ^ 2 - Polynomial.C 2))))));
Trans.trans
  (Eq.mp
    (congrArg
      (Eq
        (↑((Polynomial.C 2 * (Polynomial.X ^ 2 - Polynomial.C 2)).resultant Polynomial.X 2 1).re +
          ↑((Polynomial.C 2 * (Polynomial.X ^ 2 - Polynomial.C 2)).resultant Polynomial.X 2 1).im * Complex.I))
      (Eq.trans
        (congr
          (congrArg HMul.hMul
            (congr
              (congrArg HMul.hMul
                (Eq.trans
                  (congrFun'
                    (congrArg HPow.hPow
                      (Eq.trans
                        (congr
                          (congrArg HAdd.hAdd
                            (Eq.trans
                              (congrArg Int.cast
                                (Mathlib.Meta.NormNum.IsNat.to_eq
                                  (Mathlib.Meta.NormNum.isNat_natCast 2 2 (Mathlib.Meta.NormNum.IsNat.raw_refl 2))
                                  (Eq.refl 2)))
                              (Int.cast_ofNat 2)))
                          (Eq.trans (congrFun' (congrArg HMul.hMul Int.cast_zero) Complex.I) (zero_mul Complex.I)))
                        (add_zero 2)))
                    1)
                  (pow_one 2)))
              (Eq.trans (congrArg (Polynomial.eval ↑√2) (Polynomial.map_X GaussianInt.toComplex)) Polynomial.eval_X)))
          (Eq.trans (congrArg (Polynomial.eval (-↑√2)) (Polynomial.map_X GaussianInt.toComplex)) Polynomial.eval_X))
        (mul_neg (2 * ↑√2) ↑√2)))
    h)
  (Trans.trans
    (Mathlib.Tactic.Ring.of_eq
      (Mathlib.Tactic.Ring.Common.neg_congr
        (Mathlib.Tactic.Ring.Common.mul_congr
          (Mathlib.Tactic.Ring.Common.mul_congr
            (Mathlib.Tactic.Ring.cast_pos (Mathlib.Meta.NormNum.isNat_ofNat ℂ (Eq.refl 2)))
            (Mathlib.Tactic.Ring.Common.atom_pf (↑√2) rfl
              (Eq.mpr
                (id (congrArg (fun _a => ↑√2 ^ Nat.rawCast 1 * Nat.rawCast 1 = ↑√2 ^ Nat.rawCast 1 * _a) (Eq.symm rfl)))
                (Eq.refl (↑√2 ^ Nat.rawCast 1 * Nat.rawCast 1))))
            (Mathlib.Tactic.Ring.Common.add_mul
              (Mathlib.Tactic.Ring.Common.mul_add
                (Mathlib.Tactic.Ring.Common.mul_pf_right (↑√2) (Nat.rawCast 1)
                  (Mathlib.Meta.NormNum.IsNat.to_raw_eq
                    (Mathlib.Meta.NormNum.isNat_mul (Eq.refl HMul.hMul) (Mathlib.Meta.NormNum.IsNat.of_raw ℂ 2)
                      (Mathlib.Meta.NormNum.IsNat.of_raw ℂ 1) (Eq.refl 2))))
                (Mathlib.Tactic.Ring.Common.mul_zero (Nat.rawCast 2))
                (Mathlib.Tactic.Ring.Common.add_pf_add_zero (↑√2 ^ Nat.rawCast 1 * Nat.rawCast 2 + 0)))
              (Mathlib.Tactic.Ring.Common.zero_mul (↑√2 ^ Nat.rawCast 1 * Nat.rawCast 1 + 0))
              (Mathlib.Tactic.Ring.Common.add_pf_add_zero (↑√2 ^ Nat.rawCast 1 * Nat.rawCast 2 + 0))))
          (Mathlib.Tactic.Ring.Common.atom_pf (↑√2) rfl
            (Eq.mpr
              (id (congrArg (fun _a => ↑√2 ^ Nat.rawCast 1 * Nat.rawCast 1 = ↑√2 ^ Nat.rawCast 1 * _a) (Eq.symm rfl)))
              (Eq.refl (↑√2 ^ Nat.rawCast 1 * Nat.rawCast 1))))
          (Mathlib.Tactic.Ring.Common.add_mul
            (Mathlib.Tactic.Ring.Common.mul_add
              (Mathlib.Tactic.Ring.Common.mul_pp_pf_overlap (↑√2)
                (Mathlib.Meta.NormNum.IsNat.to_raw_eq
                  (Mathlib.Meta.NormNum.isNat_add (Eq.refl HAdd.hAdd) (Mathlib.Meta.NormNum.IsNat.of_raw ℕ 1)
                    (Mathlib.Meta.NormNum.IsNat.of_raw ℕ 1) (Eq.refl 2)))
                (Mathlib.Meta.NormNum.IsNat.to_raw_eq
                  (Mathlib.Meta.NormNum.isNat_mul (Eq.refl HMul.hMul) (Mathlib.Meta.NormNum.IsNat.of_raw ℂ 2)
                    (Mathlib.Meta.NormNum.IsNat.of_raw ℂ 1) (Eq.refl 2))))
              (Mathlib.Tactic.Ring.Common.mul_zero (↑√2 ^ Nat.rawCast 1 * Nat.rawCast 2))
              (Mathlib.Tactic.Ring.Common.add_pf_add_zero (↑√2 ^ Nat.rawCast 2 * Nat.rawCast 2 + 0)))
            (Mathlib.Tactic.Ring.Common.zero_mul (↑√2 ^ Nat.rawCast 1 * Nat.rawCast 1 + 0))
            (Mathlib.Tactic.Ring.Common.add_pf_add_zero (↑√2 ^ Nat.rawCast 2 * Nat.rawCast 2 + 0))))
        (Mathlib.Tactic.Ring.Common.neg_add
          (Mathlib.Tactic.Ring.Common.neg_mul (↑√2) (Nat.rawCast 2)
            (Mathlib.Meta.NormNum.IsInt.to_raw_eq
              (Mathlib.Meta.NormNum.isInt_neg (Eq.refl Neg.neg)
                (Mathlib.Meta.NormNum.IsNat.to_isInt (Mathlib.Meta.NormNum.IsNat.of_raw ℂ 2))
                (Eq.refl (Int.negOfNat 2)))))
          Mathlib.Tactic.Ring.Common.neg_zero))
      (Mathlib.Tactic.Ring.Common.mul_congr
        (Mathlib.Tactic.Ring.Common.neg_congr
          (Mathlib.Tactic.Ring.cast_pos (Mathlib.Meta.NormNum.isNat_ofNat ℂ (Eq.refl 2)))
          (Mathlib.Tactic.Ring.Common.neg_add
            (Mathlib.Meta.NormNum.IsInt.to_raw_eq
              (Mathlib.Meta.NormNum.isInt_neg (Eq.refl Neg.neg)
                (Mathlib.Meta.NormNum.IsNat.to_isInt (Mathlib.Meta.NormNum.IsNat.of_raw ℂ 2))
                (Eq.refl (Int.negOfNat 2))))
            Mathlib.Tactic.Ring.Common.neg_zero))
        (Mathlib.Tactic.Ring.Common.pow_congr
          (Mathlib.Tactic.Ring.Common.atom_pf (↑√2) rfl
            (Eq.mpr
              (id (congrArg (fun _a => ↑√2 ^ Nat.rawCast 1 * Nat.rawCast 1 = ↑√2 ^ Nat.rawCast 1 * _a) (Eq.symm rfl)))
              (Eq.refl (↑√2 ^ Nat.rawCast 1 * Nat.rawCast 1))))
          (Mathlib.Tactic.Ring.cast_pos (Mathlib.Meta.NormNum.isNat_ofNat ℕ (Eq.refl 2)))
          (Mathlib.Tactic.Ring.Common.pow_add
            (Mathlib.Tactic.Ring.Common.single_pow
              (Mathlib.Tactic.Ring.Common.mul_pow_mul
                (Mathlib.Meta.NormNum.IsNat.to_raw_eq
                  (Mathlib.Meta.NormNum.isNat_mul (Eq.refl HMul.hMul) (Mathlib.Meta.NormNum.IsNat.of_raw ℕ 1)
                    (Mathlib.Meta.NormNum.IsNat.of_raw ℕ 2) (Eq.refl 2)))
                (Mathlib.Tactic.Ring.Common.one_pow (Nat.rawCast 2) { out := rfl })
                (Eq.mpr
                  (id
                    (congrArg (fun _a => ↑√2 ^ Nat.rawCast 2 * Nat.rawCast 1 = ↑√2 ^ Nat.rawCast 2 * _a) (Eq.symm rfl)))
                  (Eq.refl (↑√2 ^ Nat.rawCast 2 * Nat.rawCast 1)))
                (Mathlib.Tactic.Ring.Common.mul_pf_left (↑√2) (Nat.rawCast 2)
                  (Mathlib.Meta.NormNum.IsNat.to_raw_eq
                    (Mathlib.Meta.NormNum.isNat_mul (Eq.refl HMul.hMul) (Mathlib.Meta.NormNum.IsNat.of_raw ℂ 1)
                      (Mathlib.Meta.NormNum.IsNat.of_raw ℂ 1) (Eq.refl 1))))))
            (Mathlib.Tactic.Ring.Common.pow_zero (↑√2 ^ Nat.rawCast 1 * Nat.rawCast 1 + 0) rfl)
            (Mathlib.Tactic.Ring.Common.add_mul
              (Mathlib.Tactic.Ring.Common.mul_add
                (Mathlib.Tactic.Ring.Common.mul_pf_left (↑√2) (Nat.rawCast 2)
                  (Mathlib.Meta.NormNum.IsNat.to_raw_eq
                    (Mathlib.Meta.NormNum.isNat_mul (Eq.refl HMul.hMul) (Mathlib.Meta.NormNum.IsNat.of_raw ℂ 1)
                      (Mathlib.Meta.NormNum.IsNat.of_raw ℂ 1) (Eq.refl 1))))
                (Mathlib.Tactic.Ring.Common.mul_zero (↑√2 ^ Nat.rawCast 2 * Nat.rawCast 1))
                (Mathlib.Tactic.Ring.Common.add_pf_add_zero (↑√2 ^ Nat.rawCast 2 * Nat.rawCast 1 + 0)))
              (Mathlib.Tactic.Ring.Common.zero_mul (Nat.rawCast 1 + 0))
              (Mathlib.Tactic.Ring.Common.add_pf_add_zero (↑√2 ^ Nat.rawCast 2 * Nat.rawCast 1 + 0)))))
        (Mathlib.Tactic.Ring.Common.add_mul
          (Mathlib.Tactic.Ring.Common.mul_add
            (Mathlib.Tactic.Ring.Common.mul_pf_right (↑√2) (Nat.rawCast 2)
              (Mathlib.Meta.NormNum.IsInt.to_raw_eq
                (Mathlib.Meta.NormNum.isInt_mul (Eq.refl HMul.hMul)
                  (Mathlib.Meta.NormNum.IsInt.of_raw ℂ (Int.negOfNat 2))
                  (Mathlib.Meta.NormNum.IsNat.to_isInt (Mathlib.Meta.NormNum.IsNat.of_raw ℂ 1))
                  (Eq.refl (Int.negOfNat 2)))))
            (Mathlib.Tactic.Ring.Common.mul_zero (Int.negOfNat 2).rawCast)
            (Mathlib.Tactic.Ring.Common.add_pf_add_zero (↑√2 ^ Nat.rawCast 2 * (Int.negOfNat 2).rawCast + 0)))
          (Mathlib.Tactic.Ring.Common.zero_mul (↑√2 ^ Nat.rawCast 2 * Nat.rawCast 1 + 0))
          (Mathlib.Tactic.Ring.Common.add_pf_add_zero (↑√2 ^ Nat.rawCast 2 * (Int.negOfNat 2).rawCast + 0)))))
    (Eq.mpr (id (congrArg (fun _a => -2 * _a = -4) hs))
      (Mathlib.Meta.NormNum.isInt_eq_true
        (Mathlib.Meta.NormNum.isInt_mul (Eq.refl HMul.hMul)
          (Mathlib.Meta.NormNum.isInt_neg (Eq.refl Neg.neg)
            (Mathlib.Meta.NormNum.IsNat.to_isInt (Mathlib.Meta.NormNum.isNat_ofNat ℂ (Eq.refl 2)))
            (Eq.refl (Int.negOfNat 2)))
          (Mathlib.Meta.NormNum.IsNat.to_isInt (Mathlib.Meta.NormNum.isNat_ofNat ℂ (Eq.refl 2)))
          (Eq.refl (Int.negOfNat 4)))
        (Mathlib.Meta.NormNum.isInt_neg (Eq.refl Neg.neg)
          (Mathlib.Meta.NormNum.IsNat.to_isInt (Mathlib.Meta.NormNum.isNat_ofNat ℂ (Eq.refl 4)))
          (Eq.refl (Int.negOfNat 4))))))
'FixedQuadratic.Regression.nonmonic_resultant' depends on axioms: [propext, Classical.choice, Quot.sound]
theorem FixedQuadratic.Regression.omitted_coefficient_cost_is_false : ¬1 ≤ |3 - 2 * √2| * √2 :=
have hs :=
  Real.sq_sqrt
    (Mathlib.Meta.NormNum.isNat_le_true (Mathlib.Meta.NormNum.isNat_ofNat ℝ Nat.cast_zero)
      (Mathlib.Meta.NormNum.isNat_ofNat ℝ (Eq.refl 2)) (Eq.refl true));
have hp := Real.sqrt_nonneg 2;
have hlow :=
  lt_of_not_ge fun a =>
    Mathlib.Tactic.Linarith.lt_irrefl
      (Eq.mp
        (congrArg (fun _a => _a < 0)
          (Mathlib.Tactic.Ring.of_eq
            (Mathlib.Tactic.Ring.Common.add_congr
              (Mathlib.Tactic.Ring.Common.add_congr
                (Mathlib.Tactic.Ring.Common.add_congr
                  (Mathlib.Tactic.Ring.Common.neg_congr
                    (Mathlib.Tactic.Ring.cast_pos (Mathlib.Meta.NormNum.isNat_ofNat ℝ Nat.cast_one))
                    (Mathlib.Tactic.Ring.Common.neg_add
                      (Mathlib.Meta.NormNum.IsInt.to_raw_eq
                        (Mathlib.Meta.NormNum.isInt_neg (Eq.refl Neg.neg)
                          (Mathlib.Meta.NormNum.IsNat.to_isInt (Mathlib.Meta.NormNum.IsNat.of_raw ℝ 1))
                          (Eq.refl (Int.negOfNat 1))))
                      Mathlib.Tactic.Ring.Common.neg_zero))
                  (Mathlib.Tactic.Ring.Common.neg_congr
                    (Mathlib.Tactic.Ring.Common.sub_congr
                      (Mathlib.Tactic.Ring.Common.pow_congr
                        (Mathlib.Tactic.Ring.Common.atom_pf (√2) rfl
                          (Eq.mpr
                            (id
                              (congrArg (fun _a => √2 ^ Nat.rawCast 1 * Nat.rawCast 1 = √2 ^ Nat.rawCast 1 * _a)
                                (Eq.symm rfl)))
                            (Eq.refl (√2 ^ Nat.rawCast 1 * Nat.rawCast 1))))
                        (Mathlib.Tactic.Ring.cast_pos (Mathlib.Meta.NormNum.isNat_ofNat ℕ (Eq.refl 2)))
                        (Mathlib.Tactic.Ring.Common.pow_add
                          (Mathlib.Tactic.Ring.Common.single_pow
                            (Mathlib.Tactic.Ring.Common.mul_pow_mul
                              (Mathlib.Meta.NormNum.IsNat.to_raw_eq
                                (Mathlib.Meta.NormNum.isNat_mul (Eq.refl HMul.hMul)
                                  (Mathlib.Meta.NormNum.IsNat.of_raw ℕ 1) (Mathlib.Meta.NormNum.IsNat.of_raw ℕ 2)
                                  (Eq.refl 2)))
                              (Mathlib.Tactic.Ring.Common.one_pow (Nat.rawCast 2) { out := rfl })
                              (Eq.mpr
                                (id
                                  (congrArg (fun _a => √2 ^ Nat.rawCast 2 * Nat.rawCast 1 = √2 ^ Nat.rawCast 2 * _a)
                                    (Eq.symm rfl)))
                                (Eq.refl (√2 ^ Nat.rawCast 2 * Nat.rawCast 1)))
                              (Mathlib.Tactic.Ring.Common.mul_pf_left (√2) (Nat.rawCast 2)
                                (Mathlib.Meta.NormNum.IsNat.to_raw_eq
                                  (Mathlib.Meta.NormNum.isNat_mul (Eq.refl HMul.hMul)
                                    (Mathlib.Meta.NormNum.IsNat.of_raw ℝ 1) (Mathlib.Meta.NormNum.IsNat.of_raw ℝ 1)
                                    (Eq.refl 1))))))
                          (Mathlib.Tactic.Ring.Common.pow_zero (√2 ^ Nat.rawCast 1 * Nat.rawCast 1 + 0) rfl)
                          (Mathlib.Tactic.Ring.Common.add_mul
                            (Mathlib.Tactic.Ring.Common.mul_add
                              (Mathlib.Tactic.Ring.Common.mul_pf_left (√2) (Nat.rawCast 2)
                                (Mathlib.Meta.NormNum.IsNat.to_raw_eq
                                  (Mathlib.Meta.NormNum.isNat_mul (Eq.refl HMul.hMul)
                                    (Mathlib.Meta.NormNum.IsNat.of_raw ℝ 1) (Mathlib.Meta.NormNum.IsNat.of_raw ℝ 1)
                                    (Eq.refl 1))))
                              (Mathlib.Tactic.Ring.Common.mul_zero (√2 ^ Nat.rawCast 2 * Nat.rawCast 1))
                              (Mathlib.Tactic.Ring.Common.add_pf_add_zero (√2 ^ Nat.rawCast 2 * Nat.rawCast 1 + 0)))
                            (Mathlib.Tactic.Ring.Common.zero_mul (Nat.rawCast 1 + 0))
                            (Mathlib.Tactic.Ring.Common.add_pf_add_zero (√2 ^ Nat.rawCast 2 * Nat.rawCast 1 + 0)))))
                      (Mathlib.Tactic.Ring.cast_pos (Mathlib.Meta.NormNum.isNat_ofNat ℝ (Eq.refl 2)))
                      (Mathlib.Tactic.Ring.Common.sub_pf
                        (Mathlib.Tactic.Ring.Common.neg_add
                          (Mathlib.Meta.NormNum.IsInt.to_raw_eq
                            (Mathlib.Meta.NormNum.isInt_neg (Eq.refl Neg.neg)
                              (Mathlib.Meta.NormNum.IsNat.to_isInt (Mathlib.Meta.NormNum.IsNat.of_raw ℝ 2))
                              (Eq.refl (Int.negOfNat 2))))
                          Mathlib.Tactic.Ring.Common.neg_zero)
                        (Mathlib.Tactic.Ring.Common.add_pf_add_gt (Int.negOfNat 2).rawCast
                          (Mathlib.Tactic.Ring.Common.add_pf_add_zero (√2 ^ Nat.rawCast 2 * Nat.rawCast 1 + 0)))))
                    (Mathlib.Tactic.Ring.Common.neg_add
                      (Mathlib.Meta.NormNum.IsNat.to_raw_eq
                        (Mathlib.Meta.NormNum.IsInt.to_isNat
                          (Mathlib.Meta.NormNum.isInt_neg (Eq.refl Neg.neg)
                            (Mathlib.Meta.NormNum.IsInt.of_raw ℝ (Int.negOfNat 2)) (Eq.refl (Int.ofNat 2)))))
                      (Mathlib.Tactic.Ring.Common.neg_add
                        (Mathlib.Tactic.Ring.Common.neg_mul (√2) (Nat.rawCast 2)
                          (Mathlib.Meta.NormNum.IsInt.to_raw_eq
                            (Mathlib.Meta.NormNum.isInt_neg (Eq.refl Neg.neg)
                              (Mathlib.Meta.NormNum.IsNat.to_isInt (Mathlib.Meta.NormNum.IsNat.of_raw ℝ 1))
                              (Eq.refl (Int.negOfNat 1)))))
                        Mathlib.Tactic.Ring.Common.neg_zero)))
                  (Mathlib.Tactic.Ring.Common.add_pf_add_overlap
                    (Mathlib.Meta.NormNum.IsNat.to_raw_eq
                      (Mathlib.Meta.NormNum.IsInt.to_isNat
                        (Mathlib.Meta.NormNum.isInt_add (Eq.refl HAdd.hAdd)
                          (Mathlib.Meta.NormNum.IsInt.of_raw ℝ (Int.negOfNat 1))
                          (Mathlib.Meta.NormNum.IsNat.to_isInt (Mathlib.Meta.NormNum.IsNat.of_raw ℝ 2))
                          (Eq.refl (Int.ofNat 1)))))
                    (Mathlib.Tactic.Ring.Common.add_pf_zero_add (√2 ^ Nat.rawCast 2 * (Int.negOfNat 1).rawCast + 0))))
                (Mathlib.Tactic.Ring.Common.sub_congr
                  (Mathlib.Tactic.Ring.Common.atom_pf (√2) rfl
                    (Eq.mpr
                      (id
                        (congrArg (fun _a => √2 ^ Nat.rawCast 1 * Nat.rawCast 1 = √2 ^ Nat.rawCast 1 * _a)
                          (Eq.symm rfl)))
                      (Eq.refl (√2 ^ Nat.rawCast 1 * Nat.rawCast 1))))
                  (Mathlib.Tactic.Ring.cast_pos (Mathlib.Meta.NormNum.isNat_ofNat ℝ Nat.cast_one))
                  (Mathlib.Tactic.Ring.Common.sub_pf
                    (Mathlib.Tactic.Ring.Common.neg_add
                      (Mathlib.Meta.NormNum.IsInt.to_raw_eq
                        (Mathlib.Meta.NormNum.isInt_neg (Eq.refl Neg.neg)
                          (Mathlib.Meta.NormNum.IsNat.to_isInt (Mathlib.Meta.NormNum.IsNat.of_raw ℝ 1))
                          (Eq.refl (Int.negOfNat 1))))
                      Mathlib.Tactic.Ring.Common.neg_zero)
                    (Mathlib.Tactic.Ring.Common.add_pf_add_gt (Int.negOfNat 1).rawCast
                      (Mathlib.Tactic.Ring.Common.add_pf_add_zero (√2 ^ Nat.rawCast 1 * Nat.rawCast 1 + 0)))))
                (Mathlib.Tactic.Ring.Common.add_pf_add_overlap_zero
                  (Mathlib.Meta.NormNum.IsInt.to_isNat
                    (Mathlib.Meta.NormNum.isInt_add (Eq.refl HAdd.hAdd)
                      (Mathlib.Meta.NormNum.IsNat.to_isInt (Mathlib.Meta.NormNum.IsNat.of_raw ℝ 1))
                      (Mathlib.Meta.NormNum.IsInt.of_raw ℝ (Int.negOfNat 1)) (Eq.refl (Int.ofNat 0))))
                  (Mathlib.Tactic.Ring.Common.add_pf_add_gt (√2 ^ Nat.rawCast 1 * Nat.rawCast 1)
                    (Mathlib.Tactic.Ring.Common.add_pf_add_zero (√2 ^ Nat.rawCast 2 * (Int.negOfNat 1).rawCast + 0)))))
              (Mathlib.Tactic.Ring.Common.sub_congr
                (Mathlib.Tactic.Ring.cast_zero (Mathlib.Meta.NormNum.isNat_ofNat ℝ Nat.cast_zero))
                (Mathlib.Tactic.Ring.Common.mul_congr
                  (Mathlib.Tactic.Ring.Common.sub_congr
                    (Mathlib.Tactic.Ring.cast_zero (Mathlib.Meta.NormNum.isNat_ofNat ℝ Nat.cast_zero))
                    (Mathlib.Tactic.Ring.Common.atom_pf (√2) rfl
                      (Eq.mpr
                        (id
                          (congrArg (fun _a => √2 ^ Nat.rawCast 1 * Nat.rawCast 1 = √2 ^ Nat.rawCast 1 * _a)
                            (Eq.symm rfl)))
                        (Eq.refl (√2 ^ Nat.rawCast 1 * Nat.rawCast 1))))
                    (Mathlib.Tactic.Ring.Common.sub_pf
                      (Mathlib.Tactic.Ring.Common.neg_add
                        (Mathlib.Tactic.Ring.Common.neg_mul (√2) (Nat.rawCast 1)
                          (Mathlib.Meta.NormNum.IsInt.to_raw_eq
                            (Mathlib.Meta.NormNum.isInt_neg (Eq.refl Neg.neg)
                              (Mathlib.Meta.NormNum.IsNat.to_isInt (Mathlib.Meta.NormNum.IsNat.of_raw ℝ 1))
                              (Eq.refl (Int.negOfNat 1)))))
                        Mathlib.Tactic.Ring.Common.neg_zero)
                      (Mathlib.Tactic.Ring.Common.add_pf_zero_add (√2 ^ Nat.rawCast 1 * (Int.negOfNat 1).rawCast + 0))))
                  (Mathlib.Tactic.Ring.Common.sub_congr
                    (Mathlib.Tactic.Ring.Common.atom_pf (√2) rfl
                      (Eq.mpr
                        (id
                          (congrArg (fun _a => √2 ^ Nat.rawCast 1 * Nat.rawCast 1 = √2 ^ Nat.rawCast 1 * _a)
                            (Eq.symm rfl)))
                        (Eq.refl (√2 ^ Nat.rawCast 1 * Nat.rawCast 1))))
                    (Mathlib.Tactic.Ring.cast_pos (Mathlib.Meta.NormNum.isNat_ofNat ℝ Nat.cast_one))
                    (Mathlib.Tactic.Ring.Common.sub_pf
                      (Mathlib.Tactic.Ring.Common.neg_add
                        (Mathlib.Meta.NormNum.IsInt.to_raw_eq
                          (Mathlib.Meta.NormNum.isInt_neg (Eq.refl Neg.neg)
                            (Mathlib.Meta.NormNum.IsNat.to_isInt (Mathlib.Meta.NormNum.IsNat.of_raw ℝ 1))
                            (Eq.refl (Int.negOfNat 1))))
                        Mathlib.Tactic.Ring.Common.neg_zero)
                      (Mathlib.Tactic.Ring.Common.add_pf_add_gt (Int.negOfNat 1).rawCast
                        (Mathlib.Tactic.Ring.Common.add_pf_add_zero (√2 ^ Nat.rawCast 1 * Nat.rawCast 1 + 0)))))
                  (Mathlib.Tactic.Ring.Common.add_mul
                    (Mathlib.Tactic.Ring.Common.mul_add
                      (Mathlib.Tactic.Ring.Common.mul_pf_left (√2) (Nat.rawCast 1)
                        (Mathlib.Meta.NormNum.IsNat.to_raw_eq
                          (Mathlib.Meta.NormNum.IsInt.to_isNat
                            (Mathlib.Meta.NormNum.isInt_mul (Eq.refl HMul.hMul)
                              (Mathlib.Meta.NormNum.IsInt.of_raw ℝ (Int.negOfNat 1))
                              (Mathlib.Meta.NormNum.IsInt.of_raw ℝ (Int.negOfNat 1)) (Eq.refl (Int.ofNat 1))))))
                      (Mathlib.Tactic.Ring.Common.mul_add
                        (Mathlib.Tactic.Ring.Common.mul_pp_pf_overlap (√2)
                          (Mathlib.Meta.NormNum.IsNat.to_raw_eq
                            (Mathlib.Meta.NormNum.isNat_add (Eq.refl HAdd.hAdd) (Mathlib.Meta.NormNum.IsNat.of_raw ℕ 1)
                              (Mathlib.Meta.NormNum.IsNat.of_raw ℕ 1) (Eq.refl 2)))
                          (Mathlib.Meta.NormNum.IsInt.to_raw_eq
                            (Mathlib.Meta.NormNum.isInt_mul (Eq.refl HMul.hMul)
                              (Mathlib.Meta.NormNum.IsInt.of_raw ℝ (Int.negOfNat 1))
                              (Mathlib.Meta.NormNum.IsNat.to_isInt (Mathlib.Meta.NormNum.IsNat.of_raw ℝ 1))
                              (Eq.refl (Int.negOfNat 1)))))
                        (Mathlib.Tactic.Ring.Common.mul_zero (√2 ^ Nat.rawCast 1 * (Int.negOfNat 1).rawCast))
                        (Mathlib.Tactic.Ring.Common.add_pf_add_zero
                          (√2 ^ Nat.rawCast 2 * (Int.negOfNat 1).rawCast + 0)))
                      (Mathlib.Tactic.Ring.Common.add_pf_add_lt (√2 ^ Nat.rawCast 1 * Nat.rawCast 1)
                        (Mathlib.Tactic.Ring.Common.add_pf_zero_add
                          (√2 ^ Nat.rawCast 2 * (Int.negOfNat 1).rawCast + 0))))
                    (Mathlib.Tactic.Ring.Common.zero_mul
                      ((Int.negOfNat 1).rawCast + (√2 ^ Nat.rawCast 1 * Nat.rawCast 1 + 0)))
                    (Mathlib.Tactic.Ring.Common.add_pf_add_zero
                      (√2 ^ Nat.rawCast 1 * Nat.rawCast 1 + (√2 ^ Nat.rawCast 2 * (Int.negOfNat 1).rawCast + 0)))))
                (Mathlib.Tactic.Ring.Common.sub_pf
                  (Mathlib.Tactic.Ring.Common.neg_add
                    (Mathlib.Tactic.Ring.Common.neg_mul (√2) (Nat.rawCast 1)
                      (Mathlib.Meta.NormNum.IsInt.to_raw_eq
                        (Mathlib.Meta.NormNum.isInt_neg (Eq.refl Neg.neg)
                          (Mathlib.Meta.NormNum.IsNat.to_isInt (Mathlib.Meta.NormNum.IsNat.of_raw ℝ 1))
                          (Eq.refl (Int.negOfNat 1)))))
                    (Mathlib.Tactic.Ring.Common.neg_add
                      (Mathlib.Tactic.Ring.Common.neg_mul (√2) (Nat.rawCast 2)
                        (Mathlib.Meta.NormNum.IsNat.to_raw_eq
                          (Mathlib.Meta.NormNum.IsInt.to_isNat
                            (Mathlib.Meta.NormNum.isInt_neg (Eq.refl Neg.neg)
                              (Mathlib.Meta.NormNum.IsInt.of_raw ℝ (Int.negOfNat 1)) (Eq.refl (Int.ofNat 1))))))
                      Mathlib.Tactic.Ring.Common.neg_zero))
                  (Mathlib.Tactic.Ring.Common.add_pf_zero_add
                    (√2 ^ Nat.rawCast 1 * (Int.negOfNat 1).rawCast + (√2 ^ Nat.rawCast 2 * Nat.rawCast 1 + 0)))))
              (Mathlib.Tactic.Ring.Common.add_pf_add_overlap_zero
                (Mathlib.Tactic.Ring.Common.add_overlap_pf_zero (√2) (Nat.rawCast 1)
                  (Mathlib.Meta.NormNum.IsInt.to_isNat
                    (Mathlib.Meta.NormNum.isInt_add (Eq.refl HAdd.hAdd)
                      (Mathlib.Meta.NormNum.IsNat.to_isInt (Mathlib.Meta.NormNum.IsNat.of_raw ℝ 1))
                      (Mathlib.Meta.NormNum.IsInt.of_raw ℝ (Int.negOfNat 1)) (Eq.refl (Int.ofNat 0)))))
                (Mathlib.Tactic.Ring.Common.add_pf_add_overlap_zero
                  (Mathlib.Tactic.Ring.Common.add_overlap_pf_zero (√2) (Nat.rawCast 2)
                    (Mathlib.Meta.NormNum.IsInt.to_isNat
                      (Mathlib.Meta.NormNum.isInt_add (Eq.refl HAdd.hAdd)
                        (Mathlib.Meta.NormNum.IsInt.of_raw ℝ (Int.negOfNat 1))
                        (Mathlib.Meta.NormNum.IsNat.to_isInt (Mathlib.Meta.NormNum.IsNat.of_raw ℝ 1))
                        (Eq.refl (Int.ofNat 0)))))
                  (Mathlib.Tactic.Ring.Common.add_pf_zero_add 0))))
            (Mathlib.Tactic.Ring.cast_zero (Mathlib.Meta.NormNum.isNat_ofNat ℝ Nat.cast_zero))))
        (Mathlib.Tactic.Linarith.add_lt_of_neg_of_le
          (Mathlib.Tactic.Linarith.add_lt_of_neg_of_le
            (Mathlib.Tactic.Linarith.lt_of_lt_of_eq (neg_neg_of_pos Mathlib.Tactic.Linarith.zero_lt_one)
              (neg_eq_zero.mpr (sub_eq_zero_of_eq hs)))
            (Mathlib.Tactic.Linarith.sub_nonpos_of_le a))
          (Mathlib.Tactic.Linarith.sub_nonpos_of_le
            (mul_nonneg_of_nonpos_of_nonpos (Mathlib.Tactic.Linarith.sub_nonpos_of_le hp)
              (Mathlib.Tactic.Linarith.sub_nonpos_of_le a)))));
have hhigh :=
  lt_of_not_ge fun a =>
    Mathlib.Tactic.Linarith.lt_irrefl
      (Eq.mp
        (congrArg (fun _a => _a < 0)
          (Mathlib.Tactic.Ring.of_eq
            (Mathlib.Tactic.Ring.Common.add_congr
              (Mathlib.Tactic.Ring.Common.add_congr
                (Mathlib.Tactic.Ring.Common.add_congr
                  (Mathlib.Tactic.Ring.Common.mul_congr
                    (Mathlib.Tactic.Ring.cast_pos (Mathlib.Meta.NormNum.isNat_ofNat ℝ (Eq.refl 2)))
                    (Mathlib.Tactic.Ring.Common.sub_congr
                      (Mathlib.Tactic.Ring.Common.pow_congr
                        (Mathlib.Tactic.Ring.Common.atom_pf (√2) rfl
                          (Eq.mpr
                            (id
                              (congrArg (fun _a => √2 ^ Nat.rawCast 1 * Nat.rawCast 1 = √2 ^ Nat.rawCast 1 * _a)
                                (Eq.symm rfl)))
                            (Eq.refl (√2 ^ Nat.rawCast 1 * Nat.rawCast 1))))
                        (Mathlib.Tactic.Ring.cast_pos (Mathlib.Meta.NormNum.isNat_ofNat ℕ (Eq.refl 2)))
                        (Mathlib.Tactic.Ring.Common.pow_add
                          (Mathlib.Tactic.Ring.Common.single_pow
                            (Mathlib.Tactic.Ring.Common.mul_pow_mul
                              (Mathlib.Meta.NormNum.IsNat.to_raw_eq
                                (Mathlib.Meta.NormNum.isNat_mul (Eq.refl HMul.hMul)
                                  (Mathlib.Meta.NormNum.IsNat.of_raw ℕ 1) (Mathlib.Meta.NormNum.IsNat.of_raw ℕ 2)
                                  (Eq.refl 2)))
                              (Mathlib.Tactic.Ring.Common.one_pow (Nat.rawCast 2) { out := rfl })
                              (Eq.mpr
                                (id
                                  (congrArg (fun _a => √2 ^ Nat.rawCast 2 * Nat.rawCast 1 = √2 ^ Nat.rawCast 2 * _a)
                                    (Eq.symm rfl)))
                                (Eq.refl (√2 ^ Nat.rawCast 2 * Nat.rawCast 1)))
                              (Mathlib.Tactic.Ring.Common.mul_pf_left (√2) (Nat.rawCast 2)
                                (Mathlib.Meta.NormNum.IsNat.to_raw_eq
                                  (Mathlib.Meta.NormNum.isNat_mul (Eq.refl HMul.hMul)
                                    (Mathlib.Meta.NormNum.IsNat.of_raw ℝ 1) (Mathlib.Meta.NormNum.IsNat.of_raw ℝ 1)
                                    (Eq.refl 1))))))
                          (Mathlib.Tactic.Ring.Common.pow_zero (√2 ^ Nat.rawCast 1 * Nat.rawCast 1 + 0) rfl)
                          (Mathlib.Tactic.Ring.Common.add_mul
                            (Mathlib.Tactic.Ring.Common.mul_add
                              (Mathlib.Tactic.Ring.Common.mul_pf_left (√2) (Nat.rawCast 2)
                                (Mathlib.Meta.NormNum.IsNat.to_raw_eq
                                  (Mathlib.Meta.NormNum.isNat_mul (Eq.refl HMul.hMul)
                                    (Mathlib.Meta.NormNum.IsNat.of_raw ℝ 1) (Mathlib.Meta.NormNum.IsNat.of_raw ℝ 1)
                                    (Eq.refl 1))))
                              (Mathlib.Tactic.Ring.Common.mul_zero (√2 ^ Nat.rawCast 2 * Nat.rawCast 1))
                              (Mathlib.Tactic.Ring.Common.add_pf_add_zero (√2 ^ Nat.rawCast 2 * Nat.rawCast 1 + 0)))
                            (Mathlib.Tactic.Ring.Common.zero_mul (Nat.rawCast 1 + 0))
                            (Mathlib.Tactic.Ring.Common.add_pf_add_zero (√2 ^ Nat.rawCast 2 * Nat.rawCast 1 + 0)))))
                      (Mathlib.Tactic.Ring.cast_pos (Mathlib.Meta.NormNum.isNat_ofNat ℝ (Eq.refl 2)))
                      (Mathlib.Tactic.Ring.Common.sub_pf
                        (Mathlib.Tactic.Ring.Common.neg_add
                          (Mathlib.Meta.NormNum.IsInt.to_raw_eq
                            (Mathlib.Meta.NormNum.isInt_neg (Eq.refl Neg.neg)
                              (Mathlib.Meta.NormNum.IsNat.to_isInt (Mathlib.Meta.NormNum.IsNat.of_raw ℝ 2))
                              (Eq.refl (Int.negOfNat 2))))
                          Mathlib.Tactic.Ring.Common.neg_zero)
                        (Mathlib.Tactic.Ring.Common.add_pf_add_gt (Int.negOfNat 2).rawCast
                          (Mathlib.Tactic.Ring.Common.add_pf_add_zero (√2 ^ Nat.rawCast 2 * Nat.rawCast 1 + 0)))))
                    (Mathlib.Tactic.Ring.Common.add_mul
                      (Mathlib.Tactic.Ring.Common.mul_add
                        (Mathlib.Meta.NormNum.IsInt.to_raw_eq
                          (Mathlib.Meta.NormNum.isInt_mul (Eq.refl HMul.hMul)
                            (Mathlib.Meta.NormNum.IsNat.to_isInt (Mathlib.Meta.NormNum.IsNat.of_raw ℝ 2))
                            (Mathlib.Meta.NormNum.IsInt.of_raw ℝ (Int.negOfNat 2)) (Eq.refl (Int.negOfNat 4))))
                        (Mathlib.Tactic.Ring.Common.mul_add
                          (Mathlib.Tactic.Ring.Common.mul_pf_right (√2) (Nat.rawCast 2)
                            (Mathlib.Meta.NormNum.IsNat.to_raw_eq
                              (Mathlib.Meta.NormNum.isNat_mul (Eq.refl HMul.hMul)
                                (Mathlib.Meta.NormNum.IsNat.of_raw ℝ 2) (Mathlib.Meta.NormNum.IsNat.of_raw ℝ 1)
                                (Eq.refl 2))))
                          (Mathlib.Tactic.Ring.Common.mul_zero (Nat.rawCast 2))
                          (Mathlib.Tactic.Ring.Common.add_pf_add_zero (√2 ^ Nat.rawCast 2 * Nat.rawCast 2 + 0)))
                        (Mathlib.Tactic.Ring.Common.add_pf_add_lt (Int.negOfNat 4).rawCast
                          (Mathlib.Tactic.Ring.Common.add_pf_zero_add (√2 ^ Nat.rawCast 2 * Nat.rawCast 2 + 0))))
                      (Mathlib.Tactic.Ring.Common.zero_mul
                        ((Int.negOfNat 2).rawCast + (√2 ^ Nat.rawCast 2 * Nat.rawCast 1 + 0)))
                      (Mathlib.Tactic.Ring.Common.add_pf_add_zero
                        ((Int.negOfNat 4).rawCast + (√2 ^ Nat.rawCast 2 * Nat.rawCast 2 + 0)))))
                  (Mathlib.Tactic.Ring.Common.sub_congr
                    (Mathlib.Tactic.Ring.cast_pos (Mathlib.Meta.NormNum.isNat_ofNat ℝ Nat.cast_one))
                    (Mathlib.Tactic.Ring.Common.atom_pf (√2) rfl
                      (Eq.mpr
                        (id
                          (congrArg (fun _a => √2 ^ Nat.rawCast 1 * Nat.rawCast 1 = √2 ^ Nat.rawCast 1 * _a)
                            (Eq.symm rfl)))
                        (Eq.refl (√2 ^ Nat.rawCast 1 * Nat.rawCast 1))))
                    (Mathlib.Tactic.Ring.Common.sub_pf
                      (Mathlib.Tactic.Ring.Common.neg_add
                        (Mathlib.Tactic.Ring.Common.neg_mul (√2) (Nat.rawCast 1)
                          (Mathlib.Meta.NormNum.IsInt.to_raw_eq
                            (Mathlib.Meta.NormNum.isInt_neg (Eq.refl Neg.neg)
                              (Mathlib.Meta.NormNum.IsNat.to_isInt (Mathlib.Meta.NormNum.IsNat.of_raw ℝ 1))
                              (Eq.refl (Int.negOfNat 1)))))
                        Mathlib.Tactic.Ring.Common.neg_zero)
                      (Mathlib.Tactic.Ring.Common.add_pf_add_lt (Nat.rawCast 1)
                        (Mathlib.Tactic.Ring.Common.add_pf_zero_add
                          (√2 ^ Nat.rawCast 1 * (Int.negOfNat 1).rawCast + 0)))))
                  (Mathlib.Tactic.Ring.Common.add_pf_add_overlap
                    (Mathlib.Meta.NormNum.IsInt.to_raw_eq
                      (Mathlib.Meta.NormNum.isInt_add (Eq.refl HAdd.hAdd)
                        (Mathlib.Meta.NormNum.IsInt.of_raw ℝ (Int.negOfNat 4))
                        (Mathlib.Meta.NormNum.IsNat.to_isInt (Mathlib.Meta.NormNum.IsNat.of_raw ℝ 1))
                        (Eq.refl (Int.negOfNat 3))))
                    (Mathlib.Tactic.Ring.Common.add_pf_add_gt (√2 ^ Nat.rawCast 1 * (Int.negOfNat 1).rawCast)
                      (Mathlib.Tactic.Ring.Common.add_pf_add_zero (√2 ^ Nat.rawCast 2 * Nat.rawCast 2 + 0)))))
                (Mathlib.Tactic.Ring.Common.sub_congr
                  (Mathlib.Tactic.Ring.Common.mul_congr
                    (Mathlib.Tactic.Ring.cast_pos (Mathlib.Meta.NormNum.isNat_ofNat ℝ Nat.cast_one))
                    (Mathlib.Tactic.Ring.cast_pos (Mathlib.Meta.NormNum.isNat_ofNat ℝ (Eq.refl 3)))
                    (Mathlib.Tactic.Ring.Common.add_mul
                      (Mathlib.Tactic.Ring.Common.mul_add
                        (Mathlib.Meta.NormNum.IsNat.to_raw_eq
                          (Mathlib.Meta.NormNum.isNat_mul (Eq.refl HMul.hMul) (Mathlib.Meta.NormNum.IsNat.of_raw ℝ 1)
                            (Mathlib.Meta.NormNum.IsNat.of_raw ℝ 3) (Eq.refl 3)))
                        (Mathlib.Tactic.Ring.Common.mul_zero (Nat.rawCast 1))
                        (Mathlib.Tactic.Ring.Common.add_pf_add_zero (Nat.rawCast 3 + 0)))
                      (Mathlib.Tactic.Ring.Common.zero_mul (Nat.rawCast 3 + 0))
                      (Mathlib.Tactic.Ring.Common.add_pf_add_zero (Nat.rawCast 3 + 0))))
                  (Mathlib.Tactic.Ring.Common.mul_congr
                    (Mathlib.Tactic.Ring.cast_pos (Mathlib.Meta.NormNum.isNat_ofNat ℝ (Eq.refl 2)))
                    (Mathlib.Tactic.Ring.Common.atom_pf (√2) rfl
                      (Eq.mpr
                        (id
                          (congrArg (fun _a => √2 ^ Nat.rawCast 1 * Nat.rawCast 1 = √2 ^ Nat.rawCast 1 * _a)
                            (Eq.symm rfl)))
                        (Eq.refl (√2 ^ Nat.rawCast 1 * Nat.rawCast 1))))
                    (Mathlib.Tactic.Ring.Common.add_mul
                      (Mathlib.Tactic.Ring.Common.mul_add
                        (Mathlib.Tactic.Ring.Common.mul_pf_right (√2) (Nat.rawCast 1)
                          (Mathlib.Meta.NormNum.IsNat.to_raw_eq
                            (Mathlib.Meta.NormNum.isNat_mul (Eq.refl HMul.hMul) (Mathlib.Meta.NormNum.IsNat.of_raw ℝ 2)
                              (Mathlib.Meta.NormNum.IsNat.of_raw ℝ 1) (Eq.refl 2))))
                        (Mathlib.Tactic.Ring.Common.mul_zero (Nat.rawCast 2))
                        (Mathlib.Tactic.Ring.Common.add_pf_add_zero (√2 ^ Nat.rawCast 1 * Nat.rawCast 2 + 0)))
                      (Mathlib.Tactic.Ring.Common.zero_mul (√2 ^ Nat.rawCast 1 * Nat.rawCast 1 + 0))
                      (Mathlib.Tactic.Ring.Common.add_pf_add_zero (√2 ^ Nat.rawCast 1 * Nat.rawCast 2 + 0))))
                  (Mathlib.Tactic.Ring.Common.sub_pf
                    (Mathlib.Tactic.Ring.Common.neg_add
                      (Mathlib.Tactic.Ring.Common.neg_mul (√2) (Nat.rawCast 1)
                        (Mathlib.Meta.NormNum.IsInt.to_raw_eq
                          (Mathlib.Meta.NormNum.isInt_neg (Eq.refl Neg.neg)
                            (Mathlib.Meta.NormNum.IsNat.to_isInt (Mathlib.Meta.NormNum.IsNat.of_raw ℝ 2))
                            (Eq.refl (Int.negOfNat 2)))))
                      Mathlib.Tactic.Ring.Common.neg_zero)
                    (Mathlib.Tactic.Ring.Common.add_pf_add_lt (Nat.rawCast 3)
                      (Mathlib.Tactic.Ring.Common.add_pf_zero_add
                        (√2 ^ Nat.rawCast 1 * (Int.negOfNat 2).rawCast + 0)))))
                (Mathlib.Tactic.Ring.Common.add_pf_add_overlap_zero
                  (Mathlib.Meta.NormNum.IsInt.to_isNat
                    (Mathlib.Meta.NormNum.isInt_add (Eq.refl HAdd.hAdd)
                      (Mathlib.Meta.NormNum.IsInt.of_raw ℝ (Int.negOfNat 3))
                      (Mathlib.Meta.NormNum.IsNat.to_isInt (Mathlib.Meta.NormNum.IsNat.of_raw ℝ 3))
                      (Eq.refl (Int.ofNat 0))))
                  (Mathlib.Tactic.Ring.Common.add_pf_add_overlap
                    (Mathlib.Tactic.Ring.Common.add_overlap_pf (√2) (Nat.rawCast 1)
                      (Mathlib.Meta.NormNum.IsInt.to_raw_eq
                        (Mathlib.Meta.NormNum.isInt_add (Eq.refl HAdd.hAdd)
                          (Mathlib.Meta.NormNum.IsInt.of_raw ℝ (Int.negOfNat 1))
                          (Mathlib.Meta.NormNum.IsInt.of_raw ℝ (Int.negOfNat 2)) (Eq.refl (Int.negOfNat 3)))))
                    (Mathlib.Tactic.Ring.Common.add_pf_add_zero (√2 ^ Nat.rawCast 2 * Nat.rawCast 2 + 0)))))
              (Mathlib.Tactic.Ring.Common.sub_congr
                (Mathlib.Tactic.Ring.cast_zero (Mathlib.Meta.NormNum.isNat_ofNat ℝ Nat.cast_zero))
                (Mathlib.Tactic.Ring.Common.mul_congr
                  (Mathlib.Tactic.Ring.Common.sub_congr
                    (Mathlib.Tactic.Ring.cast_zero (Mathlib.Meta.NormNum.isNat_ofNat ℝ Nat.cast_zero))
                    (Mathlib.Tactic.Ring.Common.atom_pf (√2) rfl
                      (Eq.mpr
                        (id
                          (congrArg (fun _a => √2 ^ Nat.rawCast 1 * Nat.rawCast 1 = √2 ^ Nat.rawCast 1 * _a)
                            (Eq.symm rfl)))
                        (Eq.refl (√2 ^ Nat.rawCast 1 * Nat.rawCast 1))))
                    (Mathlib.Tactic.Ring.Common.sub_pf
                      (Mathlib.Tactic.Ring.Common.neg_add
                        (Mathlib.Tactic.Ring.Common.neg_mul (√2) (Nat.rawCast 1)
                          (Mathlib.Meta.NormNum.IsInt.to_raw_eq
                            (Mathlib.Meta.NormNum.isInt_neg (Eq.refl Neg.neg)
                              (Mathlib.Meta.NormNum.IsNat.to_isInt (Mathlib.Meta.NormNum.IsNat.of_raw ℝ 1))
                              (Eq.refl (Int.negOfNat 1)))))
                        Mathlib.Tactic.Ring.Common.neg_zero)
                      (Mathlib.Tactic.Ring.Common.add_pf_zero_add (√2 ^ Nat.rawCast 1 * (Int.negOfNat 1).rawCast + 0))))
                  (Mathlib.Tactic.Ring.Common.sub_congr
                    (Mathlib.Tactic.Ring.Common.mul_congr
                      (Mathlib.Tactic.Ring.cast_pos (Mathlib.Meta.NormNum.isNat_ofNat ℝ Nat.cast_one))
                      (Mathlib.Tactic.Ring.cast_pos (Mathlib.Meta.NormNum.isNat_ofNat ℝ (Eq.refl 3)))
                      (Mathlib.Tactic.Ring.Common.add_mul
                        (Mathlib.Tactic.Ring.Common.mul_add
                          (Mathlib.Meta.NormNum.IsNat.to_raw_eq
                            (Mathlib.Meta.NormNum.isNat_mul (Eq.refl HMul.hMul) (Mathlib.Meta.NormNum.IsNat.of_raw ℝ 1)
                              (Mathlib.Meta.NormNum.IsNat.of_raw ℝ 3) (Eq.refl 3)))
                          (Mathlib.Tactic.Ring.Common.mul_zero (Nat.rawCast 1))
                          (Mathlib.Tactic.Ring.Common.add_pf_add_zero (Nat.rawCast 3 + 0)))
                        (Mathlib.Tactic.Ring.Common.zero_mul (Nat.rawCast 3 + 0))
                        (Mathlib.Tactic.Ring.Common.add_pf_add_zero (Nat.rawCast 3 + 0))))
                    (Mathlib.Tactic.Ring.Common.mul_congr
                      (Mathlib.Tactic.Ring.cast_pos (Mathlib.Meta.NormNum.isNat_ofNat ℝ (Eq.refl 2)))
                      (Mathlib.Tactic.Ring.Common.atom_pf (√2) rfl
                        (Eq.mpr
                          (id
                            (congrArg (fun _a => √2 ^ Nat.rawCast 1 * Nat.rawCast 1 = √2 ^ Nat.rawCast 1 * _a)
                              (Eq.symm rfl)))
                          (Eq.refl (√2 ^ Nat.rawCast 1 * Nat.rawCast 1))))
                      (Mathlib.Tactic.Ring.Common.add_mul
                        (Mathlib.Tactic.Ring.Common.mul_add
                          (Mathlib.Tactic.Ring.Common.mul_pf_right (√2) (Nat.rawCast 1)
                            (Mathlib.Meta.NormNum.IsNat.to_raw_eq
                              (Mathlib.Meta.NormNum.isNat_mul (Eq.refl HMul.hMul)
                                (Mathlib.Meta.NormNum.IsNat.of_raw ℝ 2) (Mathlib.Meta.NormNum.IsNat.of_raw ℝ 1)
                                (Eq.refl 2))))
                          (Mathlib.Tactic.Ring.Common.mul_zero (Nat.rawCast 2))
                          (Mathlib.Tactic.Ring.Common.add_pf_add_zero (√2 ^ Nat.rawCast 1 * Nat.rawCast 2 + 0)))
                        (Mathlib.Tactic.Ring.Common.zero_mul (√2 ^ Nat.rawCast 1 * Nat.rawCast 1 + 0))
                        (Mathlib.Tactic.Ring.Common.add_pf_add_zero (√2 ^ Nat.rawCast 1 * Nat.rawCast 2 + 0))))
                    (Mathlib.Tactic.Ring.Common.sub_pf
                      (Mathlib.Tactic.Ring.Common.neg_add
                        (Mathlib.Tactic.Ring.Common.neg_mul (√2) (Nat.rawCast 1)
                          (Mathlib.Meta.NormNum.IsInt.to_raw_eq
                            (Mathlib.Meta.NormNum.isInt_neg (Eq.refl Neg.neg)
                              (Mathlib.Meta.NormNum.IsNat.to_isInt (Mathlib.Meta.NormNum.IsNat.of_raw ℝ 2))
                              (Eq.refl (Int.negOfNat 2)))))
                        Mathlib.Tactic.Ring.Common.neg_zero)
                      (Mathlib.Tactic.Ring.Common.add_pf_add_lt (Nat.rawCast 3)
                        (Mathlib.Tactic.Ring.Common.add_pf_zero_add
                          (√2 ^ Nat.rawCast 1 * (Int.negOfNat 2).rawCast + 0)))))
                  (Mathlib.Tactic.Ring.Common.add_mul
                    (Mathlib.Tactic.Ring.Common.mul_add
                      (Mathlib.Tactic.Ring.Common.mul_pf_left (√2) (Nat.rawCast 1)
                        (Mathlib.Meta.NormNum.IsInt.to_raw_eq
                          (Mathlib.Meta.NormNum.isInt_mul (Eq.refl HMul.hMul)
                            (Mathlib.Meta.NormNum.IsInt.of_raw ℝ (Int.negOfNat 1))
                            (Mathlib.Meta.NormNum.IsNat.to_isInt (Mathlib.Meta.NormNum.IsNat.of_raw ℝ 3))
                            (Eq.refl (Int.negOfNat 3)))))
                      (Mathlib.Tactic.Ring.Common.mul_add
                        (Mathlib.Tactic.Ring.Common.mul_pp_pf_overlap (√2)
                          (Mathlib.Meta.NormNum.IsNat.to_raw_eq
                            (Mathlib.Meta.NormNum.isNat_add (Eq.refl HAdd.hAdd) (Mathlib.Meta.NormNum.IsNat.of_raw ℕ 1)
                              (Mathlib.Meta.NormNum.IsNat.of_raw ℕ 1) (Eq.refl 2)))
                          (Mathlib.Meta.NormNum.IsNat.to_raw_eq
                            (Mathlib.Meta.NormNum.IsInt.to_isNat
                              (Mathlib.Meta.NormNum.isInt_mul (Eq.refl HMul.hMul)
                                (Mathlib.Meta.NormNum.IsInt.of_raw ℝ (Int.negOfNat 1))
                                (Mathlib.Meta.NormNum.IsInt.of_raw ℝ (Int.negOfNat 2)) (Eq.refl (Int.ofNat 2))))))
                        (Mathlib.Tactic.Ring.Common.mul_zero (√2 ^ Nat.rawCast 1 * (Int.negOfNat 1).rawCast))
                        (Mathlib.Tactic.Ring.Common.add_pf_add_zero (√2 ^ Nat.rawCast 2 * Nat.rawCast 2 + 0)))
                      (Mathlib.Tactic.Ring.Common.add_pf_add_lt (√2 ^ Nat.rawCast 1 * (Int.negOfNat 3).rawCast)
                        (Mathlib.Tactic.Ring.Common.add_pf_zero_add (√2 ^ Nat.rawCast 2 * Nat.rawCast 2 + 0))))
                    (Mathlib.Tactic.Ring.Common.zero_mul
                      (Nat.rawCast 3 + (√2 ^ Nat.rawCast 1 * (Int.negOfNat 2).rawCast + 0)))
                    (Mathlib.Tactic.Ring.Common.add_pf_add_zero
                      (√2 ^ Nat.rawCast 1 * (Int.negOfNat 3).rawCast + (√2 ^ Nat.rawCast 2 * Nat.rawCast 2 + 0)))))
                (Mathlib.Tactic.Ring.Common.sub_pf
                  (Mathlib.Tactic.Ring.Common.neg_add
                    (Mathlib.Tactic.Ring.Common.neg_mul (√2) (Nat.rawCast 1)
                      (Mathlib.Meta.NormNum.IsNat.to_raw_eq
                        (Mathlib.Meta.NormNum.IsInt.to_isNat
                          (Mathlib.Meta.NormNum.isInt_neg (Eq.refl Neg.neg)
                            (Mathlib.Meta.NormNum.IsInt.of_raw ℝ (Int.negOfNat 3)) (Eq.refl (Int.ofNat 3))))))
                    (Mathlib.Tactic.Ring.Common.neg_add
                      (Mathlib.Tactic.Ring.Common.neg_mul (√2) (Nat.rawCast 2)
                        (Mathlib.Meta.NormNum.IsInt.to_raw_eq
                          (Mathlib.Meta.NormNum.isInt_neg (Eq.refl Neg.neg)
                            (Mathlib.Meta.NormNum.IsNat.to_isInt (Mathlib.Meta.NormNum.IsNat.of_raw ℝ 2))
                            (Eq.refl (Int.negOfNat 2)))))
                      Mathlib.Tactic.Ring.Common.neg_zero))
                  (Mathlib.Tactic.Ring.Common.add_pf_zero_add
                    (√2 ^ Nat.rawCast 1 * Nat.rawCast 3 + (√2 ^ Nat.rawCast 2 * (Int.negOfNat 2).rawCast + 0)))))
              (Mathlib.Tactic.Ring.Common.add_pf_add_overlap_zero
                (Mathlib.Tactic.Ring.Common.add_overlap_pf_zero (√2) (Nat.rawCast 1)
                  (Mathlib.Meta.NormNum.IsInt.to_isNat
                    (Mathlib.Meta.NormNum.isInt_add (Eq.refl HAdd.hAdd)
                      (Mathlib.Meta.NormNum.IsInt.of_raw ℝ (Int.negOfNat 3))
                      (Mathlib.Meta.NormNum.IsNat.to_isInt (Mathlib.Meta.NormNum.IsNat.of_raw ℝ 3))
                      (Eq.refl (Int.ofNat 0)))))
                (Mathlib.Tactic.Ring.Common.add_pf_add_overlap_zero
                  (Mathlib.Tactic.Ring.Common.add_overlap_pf_zero (√2) (Nat.rawCast 2)
                    (Mathlib.Meta.NormNum.IsInt.to_isNat
                      (Mathlib.Meta.NormNum.isInt_add (Eq.refl HAdd.hAdd)
                        (Mathlib.Meta.NormNum.IsNat.to_isInt (Mathlib.Meta.NormNum.IsNat.of_raw ℝ 2))
                        (Mathlib.Meta.NormNum.IsInt.of_raw ℝ (Int.negOfNat 2)) (Eq.refl (Int.ofNat 0)))))
                  (Mathlib.Tactic.Ring.Common.add_pf_zero_add 0))))
            (Mathlib.Tactic.Ring.cast_zero (Mathlib.Meta.NormNum.isNat_ofNat ℝ Nat.cast_zero))))
        (Mathlib.Tactic.Linarith.add_lt_of_neg_of_le
          (Mathlib.Tactic.Linarith.add_lt_of_neg_of_le
            (Mathlib.Tactic.Linarith.lt_of_eq_of_lt
              (Mathlib.Tactic.Linarith.mul_eq (sub_eq_zero_of_eq hs)
                (Mathlib.Meta.NormNum.isNat_lt_true (Mathlib.Meta.NormNum.isNat_ofNat ℝ Nat.cast_zero)
                  (Mathlib.Meta.NormNum.isNat_ofNat ℝ (Eq.refl 2)) (Eq.refl false)))
              (Mathlib.Tactic.Linarith.sub_neg_of_lt hlow))
            (Eq.mp
              (congrArg (fun _a => _a ≤ 0)
                (Mathlib.Tactic.CancelDenoms.derive_trans
                  (Eq.trans
                    (congrFun'
                      (congrArg HSub.hSub
                        (Mathlib.Meta.NormNum.IsNNRat.to_eq
                          (Mathlib.Meta.NormNum.isNNRat_div
                            (Mathlib.Meta.NormNum.isNNRat_mul (Eq.refl HMul.hMul)
                              (Mathlib.Meta.NormNum.IsNat.to_isNNRat (Mathlib.Meta.NormNum.isNat_ofNat ℝ (Eq.refl 3)))
                              (Mathlib.Meta.NormNum.isNNRat_inv_pos
                                (Mathlib.Meta.NormNum.IsNat.to_isNNRat
                                  (Mathlib.Meta.NormNum.isNat_ofNat ℝ (Eq.refl 2))))
                              (Eq.refl (Nat.mul 3 1)) (Eq.refl 2)))
                          (Eq.refl 3) (Eq.refl 2)))
                      √2)
                    (congrFun'
                      (congrArg HSub.hSub
                        (Mathlib.Meta.NormNum.IsNNRat.to_eq
                          (Mathlib.Meta.NormNum.isNNRat_div
                            (Mathlib.Meta.NormNum.isNNRat_mul (Eq.refl HMul.hMul)
                              (Mathlib.Meta.NormNum.IsNat.to_isNNRat (Mathlib.Meta.NormNum.isNat_ofNat ℝ (Eq.refl 3)))
                              (Mathlib.Meta.NormNum.isNNRat_inv_pos
                                (Mathlib.Meta.NormNum.IsNat.to_isNNRat
                                  (Mathlib.Meta.NormNum.isNat_ofNat ℝ (Eq.refl 2))))
                              (Eq.refl (Nat.mul 3 1)) (Eq.refl 2)))
                          (Eq.refl 3) (Eq.refl 2)))
                      √2))
                  (Mathlib.Tactic.CancelDenoms.sub_subst
                    (Mathlib.Tactic.CancelDenoms.div_subst rfl
                      (Mathlib.Meta.NormNum.isNat_eq_true
                        (Mathlib.Meta.NormNum.IsNNRat.to_isNat
                          (Mathlib.Meta.NormNum.isNNRat_div
                            (Mathlib.Meta.NormNum.IsNat.to_isNNRat
                              (Mathlib.Meta.NormNum.IsNNRat.to_isNat
                                (Mathlib.Meta.NormNum.isNNRat_mul (Eq.refl HMul.hMul)
                                  (Mathlib.Meta.NormNum.IsNat.to_isNNRat
                                    (Mathlib.Meta.NormNum.isNat_ofNat ℝ (Eq.refl 2)))
                                  (Mathlib.Meta.NormNum.isNNRat_inv_pos
                                    (Mathlib.Meta.NormNum.IsNat.to_isNNRat
                                      (Mathlib.Meta.NormNum.isNat_ofNat ℝ (Eq.refl 2))))
                                  (Eq.refl (Nat.mul 2 1)) (Eq.refl 2))))))
                        (Mathlib.Meta.NormNum.isNat_ofNat ℝ Nat.cast_one))
                      (Mathlib.Meta.NormNum.isNat_eq_true
                        (Mathlib.Meta.NormNum.isNat_mul (Eq.refl HMul.hMul)
                          (Mathlib.Meta.NormNum.isNat_ofNat ℝ Nat.cast_one)
                          (Mathlib.Meta.NormNum.isNat_ofNat ℝ (Eq.refl 2)) (Eq.refl 2))
                        (Mathlib.Meta.NormNum.isNat_ofNat ℝ (Eq.refl 2))))
                    rfl)))
              (Mathlib.Tactic.Linarith.mul_nonpos (Mathlib.Tactic.Linarith.sub_nonpos_of_le a)
                (Mathlib.Meta.NormNum.isNat_lt_true (Mathlib.Meta.NormNum.isNat_ofNat ℝ Nat.cast_zero)
                  (Mathlib.Meta.NormNum.isNat_ofNat ℝ (Eq.refl 2)) (Eq.refl false)))))
          (Mathlib.Tactic.Linarith.sub_nonpos_of_le
            (mul_nonneg_of_nonpos_of_nonpos (Mathlib.Tactic.Linarith.sub_nonpos_of_le hp)
              (Eq.mp
                (congrArg (fun _a => _a ≤ 0)
                  (Mathlib.Tactic.CancelDenoms.derive_trans
                    (Eq.trans
                      (congrFun'
                        (congrArg HSub.hSub
                          (Mathlib.Meta.NormNum.IsNNRat.to_eq
                            (Mathlib.Meta.NormNum.isNNRat_div
                              (Mathlib.Meta.NormNum.isNNRat_mul (Eq.refl HMul.hMul)
                                (Mathlib.Meta.NormNum.IsNat.to_isNNRat (Mathlib.Meta.NormNum.isNat_ofNat ℝ (Eq.refl 3)))
                                (Mathlib.Meta.NormNum.isNNRat_inv_pos
                                  (Mathlib.Meta.NormNum.IsNat.to_isNNRat
                                    (Mathlib.Meta.NormNum.isNat_ofNat ℝ (Eq.refl 2))))
                                (Eq.refl (Nat.mul 3 1)) (Eq.refl 2)))
                            (Eq.refl 3) (Eq.refl 2)))
                        √2)
                      (congrFun'
                        (congrArg HSub.hSub
                          (Mathlib.Meta.NormNum.IsNNRat.to_eq
                            (Mathlib.Meta.NormNum.isNNRat_div
                              (Mathlib.Meta.NormNum.isNNRat_mul (Eq.refl HMul.hMul)
                                (Mathlib.Meta.NormNum.IsNat.to_isNNRat (Mathlib.Meta.NormNum.isNat_ofNat ℝ (Eq.refl 3)))
                                (Mathlib.Meta.NormNum.isNNRat_inv_pos
                                  (Mathlib.Meta.NormNum.IsNat.to_isNNRat
                                    (Mathlib.Meta.NormNum.isNat_ofNat ℝ (Eq.refl 2))))
                                (Eq.refl (Nat.mul 3 1)) (Eq.refl 2)))
                            (Eq.refl 3) (Eq.refl 2)))
                        √2))
                    (Mathlib.Tactic.CancelDenoms.sub_subst
                      (Mathlib.Tactic.CancelDenoms.div_subst rfl
                        (Mathlib.Meta.NormNum.isNat_eq_true
                          (Mathlib.Meta.NormNum.IsNNRat.to_isNat
                            (Mathlib.Meta.NormNum.isNNRat_div
                              (Mathlib.Meta.NormNum.IsNat.to_isNNRat
                                (Mathlib.Meta.NormNum.IsNNRat.to_isNat
                                  (Mathlib.Meta.NormNum.isNNRat_mul (Eq.refl HMul.hMul)
                                    (Mathlib.Meta.NormNum.IsNat.to_isNNRat
                                      (Mathlib.Meta.NormNum.isNat_ofNat ℝ (Eq.refl 2)))
                                    (Mathlib.Meta.NormNum.isNNRat_inv_pos
                                      (Mathlib.Meta.NormNum.IsNat.to_isNNRat
                                        (Mathlib.Meta.NormNum.isNat_ofNat ℝ (Eq.refl 2))))
                                    (Eq.refl (Nat.mul 2 1)) (Eq.refl 2))))))
                          (Mathlib.Meta.NormNum.isNat_ofNat ℝ Nat.cast_one))
                        (Mathlib.Meta.NormNum.isNat_eq_true
                          (Mathlib.Meta.NormNum.isNat_mul (Eq.refl HMul.hMul)
                            (Mathlib.Meta.NormNum.isNat_ofNat ℝ Nat.cast_one)
                            (Mathlib.Meta.NormNum.isNat_ofNat ℝ (Eq.refl 2)) (Eq.refl 2))
                          (Mathlib.Meta.NormNum.isNat_ofNat ℝ (Eq.refl 2))))
                      rfl)))
                (Mathlib.Tactic.Linarith.mul_nonpos (Mathlib.Tactic.Linarith.sub_nonpos_of_le a)
                  (Mathlib.Meta.NormNum.isNat_lt_true (Mathlib.Meta.NormNum.isNat_ofNat ℝ Nat.cast_zero)
                    (Mathlib.Meta.NormNum.isNat_ofNat ℝ (Eq.refl 2)) (Eq.refl false))))))));
Eq.mpr
  (id
    (congrArg (fun _a => ¬1 ≤ _a * √2)
      (abs_of_pos
        (lt_of_not_ge fun a =>
          Mathlib.Tactic.Linarith.lt_irrefl
            (Eq.mp
              (congrArg (fun _a => _a < 0)
                (Mathlib.Tactic.Ring.of_eq
                  (Mathlib.Tactic.Ring.Common.add_congr
                    (Mathlib.Tactic.Ring.Common.sub_congr
                      (Mathlib.Tactic.Ring.Common.mul_congr
                        (Mathlib.Tactic.Ring.cast_pos (Mathlib.Meta.NormNum.isNat_ofNat ℝ (Eq.refl 2)))
                        (Mathlib.Tactic.Ring.Common.atom_pf (√2) rfl
                          (Eq.mpr
                            (id
                              (congrArg (fun _a => √2 ^ Nat.rawCast 1 * Nat.rawCast 1 = √2 ^ Nat.rawCast 1 * _a)
                                (Eq.symm rfl)))
                            (Eq.refl (√2 ^ Nat.rawCast 1 * Nat.rawCast 1))))
                        (Mathlib.Tactic.Ring.Common.add_mul
                          (Mathlib.Tactic.Ring.Common.mul_add
                            (Mathlib.Tactic.Ring.Common.mul_pf_right (√2) (Nat.rawCast 1)
                              (Mathlib.Meta.NormNum.IsNat.to_raw_eq
                                (Mathlib.Meta.NormNum.isNat_mul (Eq.refl HMul.hMul)
                                  (Mathlib.Meta.NormNum.IsNat.of_raw ℝ 2) (Mathlib.Meta.NormNum.IsNat.of_raw ℝ 1)
                                  (Eq.refl 2))))
                            (Mathlib.Tactic.Ring.Common.mul_zero (Nat.rawCast 2))
                            (Mathlib.Tactic.Ring.Common.add_pf_add_zero (√2 ^ Nat.rawCast 1 * Nat.rawCast 2 + 0)))
                          (Mathlib.Tactic.Ring.Common.zero_mul (√2 ^ Nat.rawCast 1 * Nat.rawCast 1 + 0))
                          (Mathlib.Tactic.Ring.Common.add_pf_add_zero (√2 ^ Nat.rawCast 1 * Nat.rawCast 2 + 0))))
                      (Mathlib.Tactic.Ring.Common.mul_congr
                        (Mathlib.Tactic.Ring.cast_pos (Mathlib.Meta.NormNum.isNat_ofNat ℝ Nat.cast_one))
                        (Mathlib.Tactic.Ring.cast_pos (Mathlib.Meta.NormNum.isNat_ofNat ℝ (Eq.refl 3)))
                        (Mathlib.Tactic.Ring.Common.add_mul
                          (Mathlib.Tactic.Ring.Common.mul_add
                            (Mathlib.Meta.NormNum.IsNat.to_raw_eq
                              (Mathlib.Meta.NormNum.isNat_mul (Eq.refl HMul.hMul)
                                (Mathlib.Meta.NormNum.IsNat.of_raw ℝ 1) (Mathlib.Meta.NormNum.IsNat.of_raw ℝ 3)
                                (Eq.refl 3)))
                            (Mathlib.Tactic.Ring.Common.mul_zero (Nat.rawCast 1))
                            (Mathlib.Tactic.Ring.Common.add_pf_add_zero (Nat.rawCast 3 + 0)))
                          (Mathlib.Tactic.Ring.Common.zero_mul (Nat.rawCast 3 + 0))
                          (Mathlib.Tactic.Ring.Common.add_pf_add_zero (Nat.rawCast 3 + 0))))
                      (Mathlib.Tactic.Ring.Common.sub_pf
                        (Mathlib.Tactic.Ring.Common.neg_add
                          (Mathlib.Meta.NormNum.IsInt.to_raw_eq
                            (Mathlib.Meta.NormNum.isInt_neg (Eq.refl Neg.neg)
                              (Mathlib.Meta.NormNum.IsNat.to_isInt (Mathlib.Meta.NormNum.IsNat.of_raw ℝ 3))
                              (Eq.refl (Int.negOfNat 3))))
                          Mathlib.Tactic.Ring.Common.neg_zero)
                        (Mathlib.Tactic.Ring.Common.add_pf_add_gt (Int.negOfNat 3).rawCast
                          (Mathlib.Tactic.Ring.Common.add_pf_add_zero (√2 ^ Nat.rawCast 1 * Nat.rawCast 2 + 0)))))
                    (Mathlib.Tactic.Ring.Common.sub_congr
                      (Mathlib.Tactic.Ring.Common.sub_congr
                        (Mathlib.Tactic.Ring.cast_pos (Mathlib.Meta.NormNum.isNat_ofNat ℝ (Eq.refl 3)))
                        (Mathlib.Tactic.Ring.Common.mul_congr
                          (Mathlib.Tactic.Ring.cast_pos (Mathlib.Meta.NormNum.isNat_ofNat ℝ (Eq.refl 2)))
                          (Mathlib.Tactic.Ring.Common.atom_pf (√2) rfl
                            (Eq.mpr
                              (id
                                (congrArg (fun _a => √2 ^ Nat.rawCast 1 * Nat.rawCast 1 = √2 ^ Nat.rawCast 1 * _a)
                                  (Eq.symm rfl)))
                              (Eq.refl (√2 ^ Nat.rawCast 1 * Nat.rawCast 1))))
                          (Mathlib.Tactic.Ring.Common.add_mul
                            (Mathlib.Tactic.Ring.Common.mul_add
                              (Mathlib.Tactic.Ring.Common.mul_pf_right (√2) (Nat.rawCast 1)
                                (Mathlib.Meta.NormNum.IsNat.to_raw_eq
                                  (Mathlib.Meta.NormNum.isNat_mul (Eq.refl HMul.hMul)
                                    (Mathlib.Meta.NormNum.IsNat.of_raw ℝ 2) (Mathlib.Meta.NormNum.IsNat.of_raw ℝ 1)
                                    (Eq.refl 2))))
                              (Mathlib.Tactic.Ring.Common.mul_zero (Nat.rawCast 2))
                              (Mathlib.Tactic.Ring.Common.add_pf_add_zero (√2 ^ Nat.rawCast 1 * Nat.rawCast 2 + 0)))
                            (Mathlib.Tactic.Ring.Common.zero_mul (√2 ^ Nat.rawCast 1 * Nat.rawCast 1 + 0))
                            (Mathlib.Tactic.Ring.Common.add_pf_add_zero (√2 ^ Nat.rawCast 1 * Nat.rawCast 2 + 0))))
                        (Mathlib.Tactic.Ring.Common.sub_pf
                          (Mathlib.Tactic.Ring.Common.neg_add
                            (Mathlib.Tactic.Ring.Common.neg_mul (√2) (Nat.rawCast 1)
                              (Mathlib.Meta.NormNum.IsInt.to_raw_eq
                                (Mathlib.Meta.NormNum.isInt_neg (Eq.refl Neg.neg)
                                  (Mathlib.Meta.NormNum.IsNat.to_isInt (Mathlib.Meta.NormNum.IsNat.of_raw ℝ 2))
                                  (Eq.refl (Int.negOfNat 2)))))
                            Mathlib.Tactic.Ring.Common.neg_zero)
                          (Mathlib.Tactic.Ring.Common.add_pf_add_lt (Nat.rawCast 3)
                            (Mathlib.Tactic.Ring.Common.add_pf_zero_add
                              (√2 ^ Nat.rawCast 1 * (Int.negOfNat 2).rawCast + 0)))))
                      (Mathlib.Tactic.Ring.cast_zero (Mathlib.Meta.NormNum.isNat_ofNat ℝ Nat.cast_zero))
                      (Mathlib.Tactic.Ring.Common.sub_pf Mathlib.Tactic.Ring.Common.neg_zero
                        (Mathlib.Tactic.Ring.Common.add_pf_add_zero
                          (Nat.rawCast 3 + (√2 ^ Nat.rawCast 1 * (Int.negOfNat 2).rawCast + 0)))))
                    (Mathlib.Tactic.Ring.Common.add_pf_add_overlap_zero
                      (Mathlib.Meta.NormNum.IsInt.to_isNat
                        (Mathlib.Meta.NormNum.isInt_add (Eq.refl HAdd.hAdd)
                          (Mathlib.Meta.NormNum.IsInt.of_raw ℝ (Int.negOfNat 3))
                          (Mathlib.Meta.NormNum.IsNat.to_isInt (Mathlib.Meta.NormNum.IsNat.of_raw ℝ 3))
                          (Eq.refl (Int.ofNat 0))))
                      (Mathlib.Tactic.Ring.Common.add_pf_add_overlap_zero
                        (Mathlib.Tactic.Ring.Common.add_overlap_pf_zero (√2) (Nat.rawCast 1)
                          (Mathlib.Meta.NormNum.IsInt.to_isNat
                            (Mathlib.Meta.NormNum.isInt_add (Eq.refl HAdd.hAdd)
                              (Mathlib.Meta.NormNum.IsNat.to_isInt (Mathlib.Meta.NormNum.IsNat.of_raw ℝ 2))
                              (Mathlib.Meta.NormNum.IsInt.of_raw ℝ (Int.negOfNat 2)) (Eq.refl (Int.ofNat 0)))))
                        (Mathlib.Tactic.Ring.Common.add_pf_zero_add 0))))
                  (Mathlib.Tactic.Ring.cast_zero (Mathlib.Meta.NormNum.isNat_ofNat ℝ Nat.cast_zero))))
              (Mathlib.Tactic.Linarith.add_lt_of_neg_of_le
                (Eq.mp
                  (congrArg (fun _a => _a < 0)
                    (Mathlib.Tactic.CancelDenoms.derive_trans
                      (Eq.trans
                        (congrArg (HSub.hSub √2)
                          (Mathlib.Meta.NormNum.IsNNRat.to_eq
                            (Mathlib.Meta.NormNum.isNNRat_div
                              (Mathlib.Meta.NormNum.isNNRat_mul (Eq.refl HMul.hMul)
                                (Mathlib.Meta.NormNum.IsNat.to_isNNRat (Mathlib.Meta.NormNum.isNat_ofNat ℝ (Eq.refl 3)))
                                (Mathlib.Meta.NormNum.isNNRat_inv_pos
                                  (Mathlib.Meta.NormNum.IsNat.to_isNNRat
                                    (Mathlib.Meta.NormNum.isNat_ofNat ℝ (Eq.refl 2))))
                                (Eq.refl (Nat.mul 3 1)) (Eq.refl 2)))
                            (Eq.refl 3) (Eq.refl 2)))
                        (congrArg (HSub.hSub √2)
                          (Mathlib.Meta.NormNum.IsNNRat.to_eq
                            (Mathlib.Meta.NormNum.isNNRat_div
                              (Mathlib.Meta.NormNum.isNNRat_mul (Eq.refl HMul.hMul)
                                (Mathlib.Meta.NormNum.IsNat.to_isNNRat (Mathlib.Meta.NormNum.isNat_ofNat ℝ (Eq.refl 3)))
                                (Mathlib.Meta.NormNum.isNNRat_inv_pos
                                  (Mathlib.Meta.NormNum.IsNat.to_isNNRat
                                    (Mathlib.Meta.NormNum.isNat_ofNat ℝ (Eq.refl 2))))
                                (Eq.refl (Nat.mul 3 1)) (Eq.refl 2)))
                            (Eq.refl 3) (Eq.refl 2))))
                      (Mathlib.Tactic.CancelDenoms.sub_subst rfl
                        (Mathlib.Tactic.CancelDenoms.div_subst rfl
                          (Mathlib.Meta.NormNum.isNat_eq_true
                            (Mathlib.Meta.NormNum.IsNNRat.to_isNat
                              (Mathlib.Meta.NormNum.isNNRat_div
                                (Mathlib.Meta.NormNum.IsNat.to_isNNRat
                                  (Mathlib.Meta.NormNum.IsNNRat.to_isNat
                                    (Mathlib.Meta.NormNum.isNNRat_mul (Eq.refl HMul.hMul)
                                      (Mathlib.Meta.NormNum.IsNat.to_isNNRat
                                        (Mathlib.Meta.NormNum.isNat_ofNat ℝ (Eq.refl 2)))
                                      (Mathlib.Meta.NormNum.isNNRat_inv_pos
                                        (Mathlib.Meta.NormNum.IsNat.to_isNNRat
                                          (Mathlib.Meta.NormNum.isNat_ofNat ℝ (Eq.refl 2))))
                                      (Eq.refl (Nat.mul 2 1)) (Eq.refl 2))))))
                            (Mathlib.Meta.NormNum.isNat_ofNat ℝ Nat.cast_one))
                          (Mathlib.Meta.NormNum.isNat_eq_true
                            (Mathlib.Meta.NormNum.isNat_mul (Eq.refl HMul.hMul)
                              (Mathlib.Meta.NormNum.isNat_ofNat ℝ Nat.cast_one)
                              (Mathlib.Meta.NormNum.isNat_ofNat ℝ (Eq.refl 2)) (Eq.refl 2))
                            (Mathlib.Meta.NormNum.isNat_ofNat ℝ (Eq.refl 2)))))))
                  (Mathlib.Tactic.Linarith.mul_neg (Mathlib.Tactic.Linarith.sub_neg_of_lt hhigh)
                    (Mathlib.Meta.NormNum.isNat_lt_true (Mathlib.Meta.NormNum.isNat_ofNat ℝ Nat.cast_zero)
                      (Mathlib.Meta.NormNum.isNat_ofNat ℝ (Eq.refl 2)) (Eq.refl false))))
                (Mathlib.Tactic.Linarith.sub_nonpos_of_le a)))))))
  (Not.intro fun a =>
    Mathlib.Tactic.Linarith.lt_irrefl
      (Eq.mp
        (congrArg (fun _a => _a < 0)
          (Mathlib.Tactic.Ring.of_eq
            (Mathlib.Tactic.Ring.Common.add_congr
              (Mathlib.Tactic.Ring.Common.add_congr
                (Mathlib.Tactic.Ring.Common.add_congr
                  (Mathlib.Tactic.Ring.Common.mul_congr
                    (Mathlib.Tactic.Ring.cast_pos (Mathlib.Meta.NormNum.isNat_ofNat ℝ (Eq.refl 2)))
                    (Mathlib.Tactic.Ring.Common.neg_congr
                      (Mathlib.Tactic.Ring.Common.sub_congr
                        (Mathlib.Tactic.Ring.Common.pow_congr
                          (Mathlib.Tactic.Ring.Common.atom_pf (√2) rfl
                            (Eq.mpr
                              (id
                                (congrArg (fun _a => √2 ^ Nat.rawCast 1 * Nat.rawCast 1 = √2 ^ Nat.rawCast 1 * _a)
                                  (Eq.symm rfl)))
                              (Eq.refl (√2 ^ Nat.rawCast 1 * Nat.rawCast 1))))
                          (Mathlib.Tactic.Ring.cast_pos (Mathlib.Meta.NormNum.isNat_ofNat ℕ (Eq.refl 2)))
                          (Mathlib.Tactic.Ring.Common.pow_add
                            (Mathlib.Tactic.Ring.Common.single_pow
                              (Mathlib.Tactic.Ring.Common.mul_pow_mul
                                (Mathlib.Meta.NormNum.IsNat.to_raw_eq
                                  (Mathlib.Meta.NormNum.isNat_mul (Eq.refl HMul.hMul)
                                    (Mathlib.Meta.NormNum.IsNat.of_raw ℕ 1) (Mathlib.Meta.NormNum.IsNat.of_raw ℕ 2)
                                    (Eq.refl 2)))
                                (Mathlib.Tactic.Ring.Common.one_pow (Nat.rawCast 2) { out := rfl })
                                (Eq.mpr
                                  (id
                                    (congrArg (fun _a => √2 ^ Nat.rawCast 2 * Nat.rawCast 1 = √2 ^ Nat.rawCast 2 * _a)
                                      (Eq.symm rfl)))
                                  (Eq.refl (√2 ^ Nat.rawCast 2 * Nat.rawCast 1)))
                                (Mathlib.Tactic.Ring.Common.mul_pf_left (√2) (Nat.rawCast 2)
                                  (Mathlib.Meta.NormNum.IsNat.to_raw_eq
                                    (Mathlib.Meta.NormNum.isNat_mul (Eq.refl HMul.hMul)
                                      (Mathlib.Meta.NormNum.IsNat.of_raw ℝ 1) (Mathlib.Meta.NormNum.IsNat.of_raw ℝ 1)
                                      (Eq.refl 1))))))
                            (Mathlib.Tactic.Ring.Common.pow_zero (√2 ^ Nat.rawCast 1 * Nat.rawCast 1 + 0) rfl)
                            (Mathlib.Tactic.Ring.Common.add_mul
                              (Mathlib.Tactic.Ring.Common.mul_add
                                (Mathlib.Tactic.Ring.Common.mul_pf_left (√2) (Nat.rawCast 2)
                                  (Mathlib.Meta.NormNum.IsNat.to_raw_eq
                                    (Mathlib.Meta.NormNum.isNat_mul (Eq.refl HMul.hMul)
                                      (Mathlib.Meta.NormNum.IsNat.of_raw ℝ 1) (Mathlib.Meta.NormNum.IsNat.of_raw ℝ 1)
                                      (Eq.refl 1))))
                                (Mathlib.Tactic.Ring.Common.mul_zero (√2 ^ Nat.rawCast 2 * Nat.rawCast 1))
                                (Mathlib.Tactic.Ring.Common.add_pf_add_zero (√2 ^ Nat.rawCast 2 * Nat.rawCast 1 + 0)))
                              (Mathlib.Tactic.Ring.Common.zero_mul (Nat.rawCast 1 + 0))
                              (Mathlib.Tactic.Ring.Common.add_pf_add_zero (√2 ^ Nat.rawCast 2 * Nat.rawCast 1 + 0)))))
                        (Mathlib.Tactic.Ring.cast_pos (Mathlib.Meta.NormNum.isNat_ofNat ℝ (Eq.refl 2)))
                        (Mathlib.Tactic.Ring.Common.sub_pf
                          (Mathlib.Tactic.Ring.Common.neg_add
                            (Mathlib.Meta.NormNum.IsInt.to_raw_eq
                              (Mathlib.Meta.NormNum.isInt_neg (Eq.refl Neg.neg)
                                (Mathlib.Meta.NormNum.IsNat.to_isInt (Mathlib.Meta.NormNum.IsNat.of_raw ℝ 2))
                                (Eq.refl (Int.negOfNat 2))))
                            Mathlib.Tactic.Ring.Common.neg_zero)
                          (Mathlib.Tactic.Ring.Common.add_pf_add_gt (Int.negOfNat 2).rawCast
                            (Mathlib.Tactic.Ring.Common.add_pf_add_zero (√2 ^ Nat.rawCast 2 * Nat.rawCast 1 + 0)))))
                      (Mathlib.Tactic.Ring.Common.neg_add
                        (Mathlib.Meta.NormNum.IsNat.to_raw_eq
                          (Mathlib.Meta.NormNum.IsInt.to_isNat
                            (Mathlib.Meta.NormNum.isInt_neg (Eq.refl Neg.neg)
                              (Mathlib.Meta.NormNum.IsInt.of_raw ℝ (Int.negOfNat 2)) (Eq.refl (Int.ofNat 2)))))
                        (Mathlib.Tactic.Ring.Common.neg_add
                          (Mathlib.Tactic.Ring.Common.neg_mul (√2) (Nat.rawCast 2)
                            (Mathlib.Meta.NormNum.IsInt.to_raw_eq
                              (Mathlib.Meta.NormNum.isInt_neg (Eq.refl Neg.neg)
                                (Mathlib.Meta.NormNum.IsNat.to_isInt (Mathlib.Meta.NormNum.IsNat.of_raw ℝ 1))
                                (Eq.refl (Int.negOfNat 1)))))
                          Mathlib.Tactic.Ring.Common.neg_zero)))
                    (Mathlib.Tactic.Ring.Common.add_mul
                      (Mathlib.Tactic.Ring.Common.mul_add
                        (Mathlib.Meta.NormNum.IsNat.to_raw_eq
                          (Mathlib.Meta.NormNum.isNat_mul (Eq.refl HMul.hMul) (Mathlib.Meta.NormNum.IsNat.of_raw ℝ 2)
                            (Mathlib.Meta.NormNum.IsNat.of_raw ℝ 2) (Eq.refl 4)))
                        (Mathlib.Tactic.Ring.Common.mul_add
                          (Mathlib.Tactic.Ring.Common.mul_pf_right (√2) (Nat.rawCast 2)
                            (Mathlib.Meta.NormNum.IsInt.to_raw_eq
                              (Mathlib.Meta.NormNum.isInt_mul (Eq.refl HMul.hMul)
                                (Mathlib.Meta.NormNum.IsNat.to_isInt (Mathlib.Meta.NormNum.IsNat.of_raw ℝ 2))
                                (Mathlib.Meta.NormNum.IsInt.of_raw ℝ (Int.negOfNat 1)) (Eq.refl (Int.negOfNat 2)))))
                          (Mathlib.Tactic.Ring.Common.mul_zero (Nat.rawCast 2))
                          (Mathlib.Tactic.Ring.Common.add_pf_add_zero
                            (√2 ^ Nat.rawCast 2 * (Int.negOfNat 2).rawCast + 0)))
                        (Mathlib.Tactic.Ring.Common.add_pf_add_lt (Nat.rawCast 4)
                          (Mathlib.Tactic.Ring.Common.add_pf_zero_add
                            (√2 ^ Nat.rawCast 2 * (Int.negOfNat 2).rawCast + 0))))
                      (Mathlib.Tactic.Ring.Common.zero_mul
                        (Nat.rawCast 2 + (√2 ^ Nat.rawCast 2 * (Int.negOfNat 1).rawCast + 0)))
                      (Mathlib.Tactic.Ring.Common.add_pf_add_zero
                        (Nat.rawCast 4 + (√2 ^ Nat.rawCast 2 * (Int.negOfNat 2).rawCast + 0)))))
                  (Mathlib.Tactic.Ring.Common.sub_congr
                    (Mathlib.Tactic.Ring.cast_pos (Mathlib.Meta.NormNum.isNat_ofNat ℝ Nat.cast_one))
                    (Mathlib.Tactic.Ring.Common.atom_pf (√2) rfl
                      (Eq.mpr
                        (id
                          (congrArg (fun _a => √2 ^ Nat.rawCast 1 * Nat.rawCast 1 = √2 ^ Nat.rawCast 1 * _a)
                            (Eq.symm rfl)))
                        (Eq.refl (√2 ^ Nat.rawCast 1 * Nat.rawCast 1))))
                    (Mathlib.Tactic.Ring.Common.sub_pf
                      (Mathlib.Tactic.Ring.Common.neg_add
                        (Mathlib.Tactic.Ring.Common.neg_mul (√2) (Nat.rawCast 1)
                          (Mathlib.Meta.NormNum.IsInt.to_raw_eq
                            (Mathlib.Meta.NormNum.isInt_neg (Eq.refl Neg.neg)
                              (Mathlib.Meta.NormNum.IsNat.to_isInt (Mathlib.Meta.NormNum.IsNat.of_raw ℝ 1))
                              (Eq.refl (Int.negOfNat 1)))))
                        Mathlib.Tactic.Ring.Common.neg_zero)
                      (Mathlib.Tactic.Ring.Common.add_pf_add_lt (Nat.rawCast 1)
                        (Mathlib.Tactic.Ring.Common.add_pf_zero_add
                          (√2 ^ Nat.rawCast 1 * (Int.negOfNat 1).rawCast + 0)))))
                  (Mathlib.Tactic.Ring.Common.add_pf_add_overlap
                    (Mathlib.Meta.NormNum.IsNat.to_raw_eq
                      (Mathlib.Meta.NormNum.isNat_add (Eq.refl HAdd.hAdd) (Mathlib.Meta.NormNum.IsNat.of_raw ℝ 4)
                        (Mathlib.Meta.NormNum.IsNat.of_raw ℝ 1) (Eq.refl 5)))
                    (Mathlib.Tactic.Ring.Common.add_pf_add_gt (√2 ^ Nat.rawCast 1 * (Int.negOfNat 1).rawCast)
                      (Mathlib.Tactic.Ring.Common.add_pf_add_zero
                        (√2 ^ Nat.rawCast 2 * (Int.negOfNat 2).rawCast + 0)))))
                (Mathlib.Tactic.Ring.Common.mul_congr
                  (Mathlib.Tactic.Ring.cast_pos (Mathlib.Meta.NormNum.isNat_ofNat ℝ (Eq.refl 2)))
                  (Mathlib.Tactic.Ring.Common.sub_congr
                    (Mathlib.Tactic.Ring.Common.mul_congr
                      (Mathlib.Tactic.Ring.cast_pos (Mathlib.Meta.NormNum.isNat_ofNat ℝ (Eq.refl 2)))
                      (Mathlib.Tactic.Ring.Common.atom_pf (√2) rfl
                        (Eq.mpr
                          (id
                            (congrArg (fun _a => √2 ^ Nat.rawCast 1 * Nat.rawCast 1 = √2 ^ Nat.rawCast 1 * _a)
                              (Eq.symm rfl)))
                          (Eq.refl (√2 ^ Nat.rawCast 1 * Nat.rawCast 1))))
                      (Mathlib.Tactic.Ring.Common.add_mul
                        (Mathlib.Tactic.Ring.Common.mul_add
                          (Mathlib.Tactic.Ring.Common.mul_pf_right (√2) (Nat.rawCast 1)
                            (Mathlib.Meta.NormNum.IsNat.to_raw_eq
                              (Mathlib.Meta.NormNum.isNat_mul (Eq.refl HMul.hMul)
                                (Mathlib.Meta.NormNum.IsNat.of_raw ℝ 2) (Mathlib.Meta.NormNum.IsNat.of_raw ℝ 1)
                                (Eq.refl 2))))
                          (Mathlib.Tactic.Ring.Common.mul_zero (Nat.rawCast 2))
                          (Mathlib.Tactic.Ring.Common.add_pf_add_zero (√2 ^ Nat.rawCast 1 * Nat.rawCast 2 + 0)))
                        (Mathlib.Tactic.Ring.Common.zero_mul (√2 ^ Nat.rawCast 1 * Nat.rawCast 1 + 0))
                        (Mathlib.Tactic.Ring.Common.add_pf_add_zero (√2 ^ Nat.rawCast 1 * Nat.rawCast 2 + 0))))
                    (Mathlib.Tactic.Ring.Common.mul_congr
                      (Mathlib.Tactic.Ring.cast_pos (Mathlib.Meta.NormNum.isNat_ofNat ℝ Nat.cast_one))
                      (Mathlib.Tactic.Ring.cast_pos (Mathlib.Meta.NormNum.isNat_ofNat ℝ (Eq.refl 3)))
                      (Mathlib.Tactic.Ring.Common.add_mul
                        (Mathlib.Tactic.Ring.Common.mul_add
                          (Mathlib.Meta.NormNum.IsNat.to_raw_eq
                            (Mathlib.Meta.NormNum.isNat_mul (Eq.refl HMul.hMul) (Mathlib.Meta.NormNum.IsNat.of_raw ℝ 1)
                              (Mathlib.Meta.NormNum.IsNat.of_raw ℝ 3) (Eq.refl 3)))
                          (Mathlib.Tactic.Ring.Common.mul_zero (Nat.rawCast 1))
                          (Mathlib.Tactic.Ring.Common.add_pf_add_zero (Nat.rawCast 3 + 0)))
                        (Mathlib.Tactic.Ring.Common.zero_mul (Nat.rawCast 3 + 0))
                        (Mathlib.Tactic.Ring.Common.add_pf_add_zero (Nat.rawCast 3 + 0))))
                    (Mathlib.Tactic.Ring.Common.sub_pf
                      (Mathlib.Tactic.Ring.Common.neg_add
                        (Mathlib.Meta.NormNum.IsInt.to_raw_eq
                          (Mathlib.Meta.NormNum.isInt_neg (Eq.refl Neg.neg)
                            (Mathlib.Meta.NormNum.IsNat.to_isInt (Mathlib.Meta.NormNum.IsNat.of_raw ℝ 3))
                            (Eq.refl (Int.negOfNat 3))))
                        Mathlib.Tactic.Ring.Common.neg_zero)
                      (Mathlib.Tactic.Ring.Common.add_pf_add_gt (Int.negOfNat 3).rawCast
                        (Mathlib.Tactic.Ring.Common.add_pf_add_zero (√2 ^ Nat.rawCast 1 * Nat.rawCast 2 + 0)))))
                  (Mathlib.Tactic.Ring.Common.add_mul
                    (Mathlib.Tactic.Ring.Common.mul_add
                      (Mathlib.Meta.NormNum.IsInt.to_raw_eq
                        (Mathlib.Meta.NormNum.isInt_mul (Eq.refl HMul.hMul)
                          (Mathlib.Meta.NormNum.IsNat.to_isInt (Mathlib.Meta.NormNum.IsNat.of_raw ℝ 2))
                          (Mathlib.Meta.NormNum.IsInt.of_raw ℝ (Int.negOfNat 3)) (Eq.refl (Int.negOfNat 6))))
                      (Mathlib.Tactic.Ring.Common.mul_add
                        (Mathlib.Tactic.Ring.Common.mul_pf_right (√2) (Nat.rawCast 1)
                          (Mathlib.Meta.NormNum.IsNat.to_raw_eq
                            (Mathlib.Meta.NormNum.isNat_mul (Eq.refl HMul.hMul) (Mathlib.Meta.NormNum.IsNat.of_raw ℝ 2)
                              (Mathlib.Meta.NormNum.IsNat.of_raw ℝ 2) (Eq.refl 4))))
                        (Mathlib.Tactic.Ring.Common.mul_zero (Nat.rawCast 2))
                        (Mathlib.Tactic.Ring.Common.add_pf_add_zero (√2 ^ Nat.rawCast 1 * Nat.rawCast 4 + 0)))
                      (Mathlib.Tactic.Ring.Common.add_pf_add_lt (Int.negOfNat 6).rawCast
                        (Mathlib.Tactic.Ring.Common.add_pf_zero_add (√2 ^ Nat.rawCast 1 * Nat.rawCast 4 + 0))))
                    (Mathlib.Tactic.Ring.Common.zero_mul
                      ((Int.negOfNat 3).rawCast + (√2 ^ Nat.rawCast 1 * Nat.rawCast 2 + 0)))
                    (Mathlib.Tactic.Ring.Common.add_pf_add_zero
                      ((Int.negOfNat 6).rawCast + (√2 ^ Nat.rawCast 1 * Nat.rawCast 4 + 0)))))
                (Mathlib.Tactic.Ring.Common.add_pf_add_overlap
                  (Mathlib.Meta.NormNum.IsInt.to_raw_eq
                    (Mathlib.Meta.NormNum.isInt_add (Eq.refl HAdd.hAdd)
                      (Mathlib.Meta.NormNum.IsNat.to_isInt (Mathlib.Meta.NormNum.IsNat.of_raw ℝ 5))
                      (Mathlib.Meta.NormNum.IsInt.of_raw ℝ (Int.negOfNat 6)) (Eq.refl (Int.negOfNat 1))))
                  (Mathlib.Tactic.Ring.Common.add_pf_add_overlap
                    (Mathlib.Tactic.Ring.Common.add_overlap_pf (√2) (Nat.rawCast 1)
                      (Mathlib.Meta.NormNum.IsNat.to_raw_eq
                        (Mathlib.Meta.NormNum.IsInt.to_isNat
                          (Mathlib.Meta.NormNum.isInt_add (Eq.refl HAdd.hAdd)
                            (Mathlib.Meta.NormNum.IsInt.of_raw ℝ (Int.negOfNat 1))
                            (Mathlib.Meta.NormNum.IsNat.to_isInt (Mathlib.Meta.NormNum.IsNat.of_raw ℝ 4))
                            (Eq.refl (Int.ofNat 3))))))
                    (Mathlib.Tactic.Ring.Common.add_pf_add_zero (√2 ^ Nat.rawCast 2 * (Int.negOfNat 2).rawCast + 0)))))
              (Mathlib.Tactic.Ring.Common.sub_congr
                (Mathlib.Tactic.Ring.cast_pos (Mathlib.Meta.NormNum.isNat_ofNat ℝ Nat.cast_one))
                (Mathlib.Tactic.Ring.Common.mul_congr
                  (Mathlib.Tactic.Ring.Common.sub_congr
                    (Mathlib.Tactic.Ring.cast_pos (Mathlib.Meta.NormNum.isNat_ofNat ℝ (Eq.refl 3)))
                    (Mathlib.Tactic.Ring.Common.mul_congr
                      (Mathlib.Tactic.Ring.cast_pos (Mathlib.Meta.NormNum.isNat_ofNat ℝ (Eq.refl 2)))
                      (Mathlib.Tactic.Ring.Common.atom_pf (√2) rfl
                        (Eq.mpr
                          (id
                            (congrArg (fun _a => √2 ^ Nat.rawCast 1 * Nat.rawCast 1 = √2 ^ Nat.rawCast 1 * _a)
                              (Eq.symm rfl)))
                          (Eq.refl (√2 ^ Nat.rawCast 1 * Nat.rawCast 1))))
                      (Mathlib.Tactic.Ring.Common.add_mul
                        (Mathlib.Tactic.Ring.Common.mul_add
                          (Mathlib.Tactic.Ring.Common.mul_pf_right (√2) (Nat.rawCast 1)
                            (Mathlib.Meta.NormNum.IsNat.to_raw_eq
                              (Mathlib.Meta.NormNum.isNat_mul (Eq.refl HMul.hMul)
                                (Mathlib.Meta.NormNum.IsNat.of_raw ℝ 2) (Mathlib.Meta.NormNum.IsNat.of_raw ℝ 1)
                                (Eq.refl 2))))
                          (Mathlib.Tactic.Ring.Common.mul_zero (Nat.rawCast 2))
                          (Mathlib.Tactic.Ring.Common.add_pf_add_zero (√2 ^ Nat.rawCast 1 * Nat.rawCast 2 + 0)))
                        (Mathlib.Tactic.Ring.Common.zero_mul (√2 ^ Nat.rawCast 1 * Nat.rawCast 1 + 0))
                        (Mathlib.Tactic.Ring.Common.add_pf_add_zero (√2 ^ Nat.rawCast 1 * Nat.rawCast 2 + 0))))
                    (Mathlib.Tactic.Ring.Common.sub_pf
                      (Mathlib.Tactic.Ring.Common.neg_add
                        (Mathlib.Tactic.Ring.Common.neg_mul (√2) (Nat.rawCast 1)
                          (Mathlib.Meta.NormNum.IsInt.to_raw_eq
                            (Mathlib.Meta.NormNum.isInt_neg (Eq.refl Neg.neg)
                              (Mathlib.Meta.NormNum.IsNat.to_isInt (Mathlib.Meta.NormNum.IsNat.of_raw ℝ 2))
                              (Eq.refl (Int.negOfNat 2)))))
                        Mathlib.Tactic.Ring.Common.neg_zero)
                      (Mathlib.Tactic.Ring.Common.add_pf_add_lt (Nat.rawCast 3)
                        (Mathlib.Tactic.Ring.Common.add_pf_zero_add
                          (√2 ^ Nat.rawCast 1 * (Int.negOfNat 2).rawCast + 0)))))
                  (Mathlib.Tactic.Ring.Common.atom_pf (√2) rfl
                    (Eq.mpr
                      (id
                        (congrArg (fun _a => √2 ^ Nat.rawCast 1 * Nat.rawCast 1 = √2 ^ Nat.rawCast 1 * _a)
                          (Eq.symm rfl)))
                      (Eq.refl (√2 ^ Nat.rawCast 1 * Nat.rawCast 1))))
                  (Mathlib.Tactic.Ring.Common.add_mul
                    (Mathlib.Tactic.Ring.Common.mul_add
                      (Mathlib.Tactic.Ring.Common.mul_pf_right (√2) (Nat.rawCast 1)
                        (Mathlib.Meta.NormNum.IsNat.to_raw_eq
                          (Mathlib.Meta.NormNum.isNat_mul (Eq.refl HMul.hMul) (Mathlib.Meta.NormNum.IsNat.of_raw ℝ 3)
                            (Mathlib.Meta.NormNum.IsNat.of_raw ℝ 1) (Eq.refl 3))))
                      (Mathlib.Tactic.Ring.Common.mul_zero (Nat.rawCast 3))
                      (Mathlib.Tactic.Ring.Common.add_pf_add_zero (√2 ^ Nat.rawCast 1 * Nat.rawCast 3 + 0)))
                    (Mathlib.Tactic.Ring.Common.add_mul
                      (Mathlib.Tactic.Ring.Common.mul_add
                        (Mathlib.Tactic.Ring.Common.mul_pp_pf_overlap (√2)
                          (Mathlib.Meta.NormNum.IsNat.to_raw_eq
                            (Mathlib.Meta.NormNum.isNat_add (Eq.refl HAdd.hAdd) (Mathlib.Meta.NormNum.IsNat.of_raw ℕ 1)
                              (Mathlib.Meta.NormNum.IsNat.of_raw ℕ 1) (Eq.refl 2)))
                          (Mathlib.Meta.NormNum.IsInt.to_raw_eq
                            (Mathlib.Meta.NormNum.isInt_mul (Eq.refl HMul.hMul)
                              (Mathlib.Meta.NormNum.IsInt.of_raw ℝ (Int.negOfNat 2))
                              (Mathlib.Meta.NormNum.IsNat.to_isInt (Mathlib.Meta.NormNum.IsNat.of_raw ℝ 1))
                              (Eq.refl (Int.negOfNat 2)))))
                        (Mathlib.Tactic.Ring.Common.mul_zero (√2 ^ Nat.rawCast 1 * (Int.negOfNat 2).rawCast))
                        (Mathlib.Tactic.Ring.Common.add_pf_add_zero
                          (√2 ^ Nat.rawCast 2 * (Int.negOfNat 2).rawCast + 0)))
                      (Mathlib.Tactic.Ring.Common.zero_mul (√2 ^ Nat.rawCast 1 * Nat.rawCast 1 + 0))
                      (Mathlib.Tactic.Ring.Common.add_pf_add_zero (√2 ^ Nat.rawCast 2 * (Int.negOfNat 2).rawCast + 0)))
                    (Mathlib.Tactic.Ring.Common.add_pf_add_lt (√2 ^ Nat.rawCast 1 * Nat.rawCast 3)
                      (Mathlib.Tactic.Ring.Common.add_pf_zero_add
                        (√2 ^ Nat.rawCast 2 * (Int.negOfNat 2).rawCast + 0)))))
                (Mathlib.Tactic.Ring.Common.sub_pf
                  (Mathlib.Tactic.Ring.Common.neg_add
                    (Mathlib.Tactic.Ring.Common.neg_mul (√2) (Nat.rawCast 1)
                      (Mathlib.Meta.NormNum.IsInt.to_raw_eq
                        (Mathlib.Meta.NormNum.isInt_neg (Eq.refl Neg.neg)
                          (Mathlib.Meta.NormNum.IsNat.to_isInt (Mathlib.Meta.NormNum.IsNat.of_raw ℝ 3))
                          (Eq.refl (Int.negOfNat 3)))))
                    (Mathlib.Tactic.Ring.Common.neg_add
                      (Mathlib.Tactic.Ring.Common.neg_mul (√2) (Nat.rawCast 2)
                        (Mathlib.Meta.NormNum.IsNat.to_raw_eq
                          (Mathlib.Meta.NormNum.IsInt.to_isNat
                            (Mathlib.Meta.NormNum.isInt_neg (Eq.refl Neg.neg)
                              (Mathlib.Meta.NormNum.IsInt.of_raw ℝ (Int.negOfNat 2)) (Eq.refl (Int.ofNat 2))))))
                      Mathlib.Tactic.Ring.Common.neg_zero))
                  (Mathlib.Tactic.Ring.Common.add_pf_add_lt (Nat.rawCast 1)
                    (Mathlib.Tactic.Ring.Common.add_pf_zero_add
                      (√2 ^ Nat.rawCast 1 * (Int.negOfNat 3).rawCast + (√2 ^ Nat.rawCast 2 * Nat.rawCast 2 + 0))))))
              (Mathlib.Tactic.Ring.Common.add_pf_add_overlap_zero
                (Mathlib.Meta.NormNum.IsInt.to_isNat
                  (Mathlib.Meta.NormNum.isInt_add (Eq.refl HAdd.hAdd)
                    (Mathlib.Meta.NormNum.IsInt.of_raw ℝ (Int.negOfNat 1))
                    (Mathlib.Meta.NormNum.IsNat.to_isInt (Mathlib.Meta.NormNum.IsNat.of_raw ℝ 1))
                    (Eq.refl (Int.ofNat 0))))
                (Mathlib.Tactic.Ring.Common.add_pf_add_overlap_zero
                  (Mathlib.Tactic.Ring.Common.add_overlap_pf_zero (√2) (Nat.rawCast 1)
                    (Mathlib.Meta.NormNum.IsInt.to_isNat
                      (Mathlib.Meta.NormNum.isInt_add (Eq.refl HAdd.hAdd)
                        (Mathlib.Meta.NormNum.IsNat.to_isInt (Mathlib.Meta.NormNum.IsNat.of_raw ℝ 3))
                        (Mathlib.Meta.NormNum.IsInt.of_raw ℝ (Int.negOfNat 3)) (Eq.refl (Int.ofNat 0)))))
                  (Mathlib.Tactic.Ring.Common.add_pf_add_overlap_zero
                    (Mathlib.Tactic.Ring.Common.add_overlap_pf_zero (√2) (Nat.rawCast 2)
                      (Mathlib.Meta.NormNum.IsInt.to_isNat
                        (Mathlib.Meta.NormNum.isInt_add (Eq.refl HAdd.hAdd)
                          (Mathlib.Meta.NormNum.IsInt.of_raw ℝ (Int.negOfNat 2))
                          (Mathlib.Meta.NormNum.IsNat.to_isInt (Mathlib.Meta.NormNum.IsNat.of_raw ℝ 2))
                          (Eq.refl (Int.ofNat 0)))))
                    (Mathlib.Tactic.Ring.Common.add_pf_zero_add 0)))))
            (Mathlib.Tactic.Ring.cast_zero (Mathlib.Meta.NormNum.isNat_ofNat ℝ Nat.cast_zero))))
        (Mathlib.Tactic.Linarith.add_lt_of_neg_of_le
          (Mathlib.Tactic.Linarith.add_neg
            (Mathlib.Tactic.Linarith.lt_of_eq_of_lt
              (Mathlib.Tactic.Linarith.mul_eq (neg_eq_zero.mpr (sub_eq_zero_of_eq hs))
                (Mathlib.Meta.NormNum.isNat_lt_true (Mathlib.Meta.NormNum.isNat_ofNat ℝ Nat.cast_zero)
                  (Mathlib.Meta.NormNum.isNat_ofNat ℝ (Eq.refl 2)) (Eq.refl false)))
              (Mathlib.Tactic.Linarith.sub_neg_of_lt hlow))
            (Mathlib.Tactic.Linarith.mul_neg
              (Eq.mp
                (congrArg (fun _a => _a < 0)
                  (Mathlib.Tactic.CancelDenoms.derive_trans
                    (Eq.trans
                      (congrArg (HSub.hSub √2)
                        (Mathlib.Meta.NormNum.IsNNRat.to_eq
                          (Mathlib.Meta.NormNum.isNNRat_div
                            (Mathlib.Meta.NormNum.isNNRat_mul (Eq.refl HMul.hMul)
                              (Mathlib.Meta.NormNum.IsNat.to_isNNRat (Mathlib.Meta.NormNum.isNat_ofNat ℝ (Eq.refl 3)))
                              (Mathlib.Meta.NormNum.isNNRat_inv_pos
                                (Mathlib.Meta.NormNum.IsNat.to_isNNRat
                                  (Mathlib.Meta.NormNum.isNat_ofNat ℝ (Eq.refl 2))))
                              (Eq.refl (Nat.mul 3 1)) (Eq.refl 2)))
                          (Eq.refl 3) (Eq.refl 2)))
                      (congrArg (HSub.hSub √2)
                        (Mathlib.Meta.NormNum.IsNNRat.to_eq
                          (Mathlib.Meta.NormNum.isNNRat_div
                            (Mathlib.Meta.NormNum.isNNRat_mul (Eq.refl HMul.hMul)
                              (Mathlib.Meta.NormNum.IsNat.to_isNNRat (Mathlib.Meta.NormNum.isNat_ofNat ℝ (Eq.refl 3)))
                              (Mathlib.Meta.NormNum.isNNRat_inv_pos
                                (Mathlib.Meta.NormNum.IsNat.to_isNNRat
                                  (Mathlib.Meta.NormNum.isNat_ofNat ℝ (Eq.refl 2))))
                              (Eq.refl (Nat.mul 3 1)) (Eq.refl 2)))
                          (Eq.refl 3) (Eq.refl 2))))
                    (Mathlib.Tactic.CancelDenoms.sub_subst rfl
                      (Mathlib.Tactic.CancelDenoms.div_subst rfl
                        (Mathlib.Meta.NormNum.isNat_eq_true
                          (Mathlib.Meta.NormNum.IsNNRat.to_isNat
                            (Mathlib.Meta.NormNum.isNNRat_div
                              (Mathlib.Meta.NormNum.IsNat.to_isNNRat
                                (Mathlib.Meta.NormNum.IsNNRat.to_isNat
                                  (Mathlib.Meta.NormNum.isNNRat_mul (Eq.refl HMul.hMul)
                                    (Mathlib.Meta.NormNum.IsNat.to_isNNRat
                                      (Mathlib.Meta.NormNum.isNat_ofNat ℝ (Eq.refl 2)))
                                    (Mathlib.Meta.NormNum.isNNRat_inv_pos
                                      (Mathlib.Meta.NormNum.IsNat.to_isNNRat
                                        (Mathlib.Meta.NormNum.isNat_ofNat ℝ (Eq.refl 2))))
                                    (Eq.refl (Nat.mul 2 1)) (Eq.refl 2))))))
                          (Mathlib.Meta.NormNum.isNat_ofNat ℝ Nat.cast_one))
                        (Mathlib.Meta.NormNum.isNat_eq_true
                          (Mathlib.Meta.NormNum.isNat_mul (Eq.refl HMul.hMul)
                            (Mathlib.Meta.NormNum.isNat_ofNat ℝ Nat.cast_one)
                            (Mathlib.Meta.NormNum.isNat_ofNat ℝ (Eq.refl 2)) (Eq.refl 2))
                          (Mathlib.Meta.NormNum.isNat_ofNat ℝ (Eq.refl 2)))))))
                (Mathlib.Tactic.Linarith.mul_neg (Mathlib.Tactic.Linarith.sub_neg_of_lt hhigh)
                  (Mathlib.Meta.NormNum.isNat_lt_true (Mathlib.Meta.NormNum.isNat_ofNat ℝ Nat.cast_zero)
                    (Mathlib.Meta.NormNum.isNat_ofNat ℝ (Eq.refl 2)) (Eq.refl false))))
              (Mathlib.Meta.NormNum.isNat_lt_true (Mathlib.Meta.NormNum.isNat_ofNat ℝ Nat.cast_zero)
                (Mathlib.Meta.NormNum.isNat_ofNat ℝ (Eq.refl 2)) (Eq.refl false))))
          (Mathlib.Tactic.Linarith.sub_nonpos_of_le a))))
'FixedQuadratic.Regression.omitted_coefficient_cost_is_false' depends on axioms: [propext, Classical.choice, Quot.sound]
theorem FixedQuadratic.Regression.sqrt_two_mahler : FixedQuadratic.quadraticMahler 1 (√2) (-√2) = 2 :=
have hs :=
  Real.sq_sqrt
    (Mathlib.Meta.NormNum.isNat_le_true (Mathlib.Meta.NormNum.isNat_ofNat ℝ Nat.cast_zero)
      (Mathlib.Meta.NormNum.isNat_ofNat ℝ (Eq.refl 2)) (Eq.refl true));
have hp := Real.sqrt_nonneg 2;
have h :=
  le_of_not_gt fun a =>
    Mathlib.Tactic.Linarith.lt_irrefl
      (Eq.mp
        (congrArg (fun _a => _a < 0)
          (Mathlib.Tactic.Ring.of_eq
            (Mathlib.Tactic.Ring.Common.add_congr
              (Mathlib.Tactic.Ring.Common.add_congr
                (Mathlib.Tactic.Ring.Common.add_congr
                  (Mathlib.Tactic.Ring.Common.neg_congr
                    (Mathlib.Tactic.Ring.cast_pos (Mathlib.Meta.NormNum.isNat_ofNat ℝ Nat.cast_one))
                    (Mathlib.Tactic.Ring.Common.neg_add
                      (Mathlib.Meta.NormNum.IsInt.to_raw_eq
                        (Mathlib.Meta.NormNum.isInt_neg (Eq.refl Neg.neg)
                          (Mathlib.Meta.NormNum.IsNat.to_isInt (Mathlib.Meta.NormNum.IsNat.of_raw ℝ 1))
                          (Eq.refl (Int.negOfNat 1))))
                      Mathlib.Tactic.Ring.Common.neg_zero))
                  (Mathlib.Tactic.Ring.Common.neg_congr
                    (Mathlib.Tactic.Ring.Common.sub_congr
                      (Mathlib.Tactic.Ring.Common.pow_congr
                        (Mathlib.Tactic.Ring.Common.atom_pf (√2) rfl
                          (Eq.mpr
                            (id
                              (congrArg (fun _a => √2 ^ Nat.rawCast 1 * Nat.rawCast 1 = √2 ^ Nat.rawCast 1 * _a)
                                (Eq.symm rfl)))
                            (Eq.refl (√2 ^ Nat.rawCast 1 * Nat.rawCast 1))))
                        (Mathlib.Tactic.Ring.cast_pos (Mathlib.Meta.NormNum.isNat_ofNat ℕ (Eq.refl 2)))
                        (Mathlib.Tactic.Ring.Common.pow_add
                          (Mathlib.Tactic.Ring.Common.single_pow
                            (Mathlib.Tactic.Ring.Common.mul_pow_mul
                              (Mathlib.Meta.NormNum.IsNat.to_raw_eq
                                (Mathlib.Meta.NormNum.isNat_mul (Eq.refl HMul.hMul)
                                  (Mathlib.Meta.NormNum.IsNat.of_raw ℕ 1) (Mathlib.Meta.NormNum.IsNat.of_raw ℕ 2)
                                  (Eq.refl 2)))
                              (Mathlib.Tactic.Ring.Common.one_pow (Nat.rawCast 2) { out := rfl })
                              (Eq.mpr
                                (id
                                  (congrArg (fun _a => √2 ^ Nat.rawCast 2 * Nat.rawCast 1 = √2 ^ Nat.rawCast 2 * _a)
                                    (Eq.symm rfl)))
                                (Eq.refl (√2 ^ Nat.rawCast 2 * Nat.rawCast 1)))
                              (Mathlib.Tactic.Ring.Common.mul_pf_left (√2) (Nat.rawCast 2)
                                (Mathlib.Meta.NormNum.IsNat.to_raw_eq
                                  (Mathlib.Meta.NormNum.isNat_mul (Eq.refl HMul.hMul)
                                    (Mathlib.Meta.NormNum.IsNat.of_raw ℝ 1) (Mathlib.Meta.NormNum.IsNat.of_raw ℝ 1)
                                    (Eq.refl 1))))))
                          (Mathlib.Tactic.Ring.Common.pow_zero (√2 ^ Nat.rawCast 1 * Nat.rawCast 1 + 0) rfl)
                          (Mathlib.Tactic.Ring.Common.add_mul
                            (Mathlib.Tactic.Ring.Common.mul_add
                              (Mathlib.Tactic.Ring.Common.mul_pf_left (√2) (Nat.rawCast 2)
                                (Mathlib.Meta.NormNum.IsNat.to_raw_eq
                                  (Mathlib.Meta.NormNum.isNat_mul (Eq.refl HMul.hMul)
                                    (Mathlib.Meta.NormNum.IsNat.of_raw ℝ 1) (Mathlib.Meta.NormNum.IsNat.of_raw ℝ 1)
                                    (Eq.refl 1))))
                              (Mathlib.Tactic.Ring.Common.mul_zero (√2 ^ Nat.rawCast 2 * Nat.rawCast 1))
                              (Mathlib.Tactic.Ring.Common.add_pf_add_zero (√2 ^ Nat.rawCast 2 * Nat.rawCast 1 + 0)))
                            (Mathlib.Tactic.Ring.Common.zero_mul (Nat.rawCast 1 + 0))
                            (Mathlib.Tactic.Ring.Common.add_pf_add_zero (√2 ^ Nat.rawCast 2 * Nat.rawCast 1 + 0)))))
                      (Mathlib.Tactic.Ring.cast_pos (Mathlib.Meta.NormNum.isNat_ofNat ℝ (Eq.refl 2)))
                      (Mathlib.Tactic.Ring.Common.sub_pf
                        (Mathlib.Tactic.Ring.Common.neg_add
                          (Mathlib.Meta.NormNum.IsInt.to_raw_eq
                            (Mathlib.Meta.NormNum.isInt_neg (Eq.refl Neg.neg)
                              (Mathlib.Meta.NormNum.IsNat.to_isInt (Mathlib.Meta.NormNum.IsNat.of_raw ℝ 2))
                              (Eq.refl (Int.negOfNat 2))))
                          Mathlib.Tactic.Ring.Common.neg_zero)
                        (Mathlib.Tactic.Ring.Common.add_pf_add_gt (Int.negOfNat 2).rawCast
                          (Mathlib.Tactic.Ring.Common.add_pf_add_zero (√2 ^ Nat.rawCast 2 * Nat.rawCast 1 + 0)))))
                    (Mathlib.Tactic.Ring.Common.neg_add
                      (Mathlib.Meta.NormNum.IsNat.to_raw_eq
                        (Mathlib.Meta.NormNum.IsInt.to_isNat
                          (Mathlib.Meta.NormNum.isInt_neg (Eq.refl Neg.neg)
                            (Mathlib.Meta.NormNum.IsInt.of_raw ℝ (Int.negOfNat 2)) (Eq.refl (Int.ofNat 2)))))
                      (Mathlib.Tactic.Ring.Common.neg_add
                        (Mathlib.Tactic.Ring.Common.neg_mul (√2) (Nat.rawCast 2)
                          (Mathlib.Meta.NormNum.IsInt.to_raw_eq
                            (Mathlib.Meta.NormNum.isInt_neg (Eq.refl Neg.neg)
                              (Mathlib.Meta.NormNum.IsNat.to_isInt (Mathlib.Meta.NormNum.IsNat.of_raw ℝ 1))
                              (Eq.refl (Int.negOfNat 1)))))
                        Mathlib.Tactic.Ring.Common.neg_zero)))
                  (Mathlib.Tactic.Ring.Common.add_pf_add_overlap
                    (Mathlib.Meta.NormNum.IsNat.to_raw_eq
                      (Mathlib.Meta.NormNum.IsInt.to_isNat
                        (Mathlib.Meta.NormNum.isInt_add (Eq.refl HAdd.hAdd)
                          (Mathlib.Meta.NormNum.IsInt.of_raw ℝ (Int.negOfNat 1))
                          (Mathlib.Meta.NormNum.IsNat.to_isInt (Mathlib.Meta.NormNum.IsNat.of_raw ℝ 2))
                          (Eq.refl (Int.ofNat 1)))))
                    (Mathlib.Tactic.Ring.Common.add_pf_zero_add (√2 ^ Nat.rawCast 2 * (Int.negOfNat 1).rawCast + 0))))
                (Mathlib.Tactic.Ring.Common.sub_congr
                  (Mathlib.Tactic.Ring.Common.atom_pf (√2) rfl
                    (Eq.mpr
                      (id
                        (congrArg (fun _a => √2 ^ Nat.rawCast 1 * Nat.rawCast 1 = √2 ^ Nat.rawCast 1 * _a)
                          (Eq.symm rfl)))
                      (Eq.refl (√2 ^ Nat.rawCast 1 * Nat.rawCast 1))))
                  (Mathlib.Tactic.Ring.cast_pos (Mathlib.Meta.NormNum.isNat_ofNat ℝ Nat.cast_one))
                  (Mathlib.Tactic.Ring.Common.sub_pf
                    (Mathlib.Tactic.Ring.Common.neg_add
                      (Mathlib.Meta.NormNum.IsInt.to_raw_eq
                        (Mathlib.Meta.NormNum.isInt_neg (Eq.refl Neg.neg)
                          (Mathlib.Meta.NormNum.IsNat.to_isInt (Mathlib.Meta.NormNum.IsNat.of_raw ℝ 1))
                          (Eq.refl (Int.negOfNat 1))))
                      Mathlib.Tactic.Ring.Common.neg_zero)
                    (Mathlib.Tactic.Ring.Common.add_pf_add_gt (Int.negOfNat 1).rawCast
                      (Mathlib.Tactic.Ring.Common.add_pf_add_zero (√2 ^ Nat.rawCast 1 * Nat.rawCast 1 + 0)))))
                (Mathlib.Tactic.Ring.Common.add_pf_add_overlap_zero
                  (Mathlib.Meta.NormNum.IsInt.to_isNat
                    (Mathlib.Meta.NormNum.isInt_add (Eq.refl HAdd.hAdd)
                      (Mathlib.Meta.NormNum.IsNat.to_isInt (Mathlib.Meta.NormNum.IsNat.of_raw ℝ 1))
                      (Mathlib.Meta.NormNum.IsInt.of_raw ℝ (Int.negOfNat 1)) (Eq.refl (Int.ofNat 0))))
                  (Mathlib.Tactic.Ring.Common.add_pf_add_gt (√2 ^ Nat.rawCast 1 * Nat.rawCast 1)
                    (Mathlib.Tactic.Ring.Common.add_pf_add_zero (√2 ^ Nat.rawCast 2 * (Int.negOfNat 1).rawCast + 0)))))
              (Mathlib.Tactic.Ring.Common.sub_congr
                (Mathlib.Tactic.Ring.cast_zero (Mathlib.Meta.NormNum.isNat_ofNat ℝ Nat.cast_zero))
                (Mathlib.Tactic.Ring.Common.mul_congr
                  (Mathlib.Tactic.Ring.Common.sub_congr
                    (Mathlib.Tactic.Ring.cast_zero (Mathlib.Meta.NormNum.isNat_ofNat ℝ Nat.cast_zero))
                    (Mathlib.Tactic.Ring.Common.atom_pf (√2) rfl
                      (Eq.mpr
                        (id
                          (congrArg (fun _a => √2 ^ Nat.rawCast 1 * Nat.rawCast 1 = √2 ^ Nat.rawCast 1 * _a)
                            (Eq.symm rfl)))
                        (Eq.refl (√2 ^ Nat.rawCast 1 * Nat.rawCast 1))))
                    (Mathlib.Tactic.Ring.Common.sub_pf
                      (Mathlib.Tactic.Ring.Common.neg_add
                        (Mathlib.Tactic.Ring.Common.neg_mul (√2) (Nat.rawCast 1)
                          (Mathlib.Meta.NormNum.IsInt.to_raw_eq
                            (Mathlib.Meta.NormNum.isInt_neg (Eq.refl Neg.neg)
                              (Mathlib.Meta.NormNum.IsNat.to_isInt (Mathlib.Meta.NormNum.IsNat.of_raw ℝ 1))
                              (Eq.refl (Int.negOfNat 1)))))
                        Mathlib.Tactic.Ring.Common.neg_zero)
                      (Mathlib.Tactic.Ring.Common.add_pf_zero_add (√2 ^ Nat.rawCast 1 * (Int.negOfNat 1).rawCast + 0))))
                  (Mathlib.Tactic.Ring.Common.sub_congr
                    (Mathlib.Tactic.Ring.Common.atom_pf (√2) rfl
                      (Eq.mpr
                        (id
                          (congrArg (fun _a => √2 ^ Nat.rawCast 1 * Nat.rawCast 1 = √2 ^ Nat.rawCast 1 * _a)
                            (Eq.symm rfl)))
                        (Eq.refl (√2 ^ Nat.rawCast 1 * Nat.rawCast 1))))
                    (Mathlib.Tactic.Ring.cast_pos (Mathlib.Meta.NormNum.isNat_ofNat ℝ Nat.cast_one))
                    (Mathlib.Tactic.Ring.Common.sub_pf
                      (Mathlib.Tactic.Ring.Common.neg_add
                        (Mathlib.Meta.NormNum.IsInt.to_raw_eq
                          (Mathlib.Meta.NormNum.isInt_neg (Eq.refl Neg.neg)
                            (Mathlib.Meta.NormNum.IsNat.to_isInt (Mathlib.Meta.NormNum.IsNat.of_raw ℝ 1))
                            (Eq.refl (Int.negOfNat 1))))
                        Mathlib.Tactic.Ring.Common.neg_zero)
                      (Mathlib.Tactic.Ring.Common.add_pf_add_gt (Int.negOfNat 1).rawCast
                        (Mathlib.Tactic.Ring.Common.add_pf_add_zero (√2 ^ Nat.rawCast 1 * Nat.rawCast 1 + 0)))))
                  (Mathlib.Tactic.Ring.Common.add_mul
                    (Mathlib.Tactic.Ring.Common.mul_add
                      (Mathlib.Tactic.Ring.Common.mul_pf_left (√2) (Nat.rawCast 1)
                        (Mathlib.Meta.NormNum.IsNat.to_raw_eq
                          (Mathlib.Meta.NormNum.IsInt.to_isNat
                            (Mathlib.Meta.NormNum.isInt_mul (Eq.refl HMul.hMul)
                              (Mathlib.Meta.NormNum.IsInt.of_raw ℝ (Int.negOfNat 1))
                              (Mathlib.Meta.NormNum.IsInt.of_raw ℝ (Int.negOfNat 1)) (Eq.refl (Int.ofNat 1))))))
                      (Mathlib.Tactic.Ring.Common.mul_add
                        (Mathlib.Tactic.Ring.Common.mul_pp_pf_overlap (√2)
                          (Mathlib.Meta.NormNum.IsNat.to_raw_eq
                            (Mathlib.Meta.NormNum.isNat_add (Eq.refl HAdd.hAdd) (Mathlib.Meta.NormNum.IsNat.of_raw ℕ 1)
                              (Mathlib.Meta.NormNum.IsNat.of_raw ℕ 1) (Eq.refl 2)))
                          (Mathlib.Meta.NormNum.IsInt.to_raw_eq
                            (Mathlib.Meta.NormNum.isInt_mul (Eq.refl HMul.hMul)
                              (Mathlib.Meta.NormNum.IsInt.of_raw ℝ (Int.negOfNat 1))
                              (Mathlib.Meta.NormNum.IsNat.to_isInt (Mathlib.Meta.NormNum.IsNat.of_raw ℝ 1))
                              (Eq.refl (Int.negOfNat 1)))))
                        (Mathlib.Tactic.Ring.Common.mul_zero (√2 ^ Nat.rawCast 1 * (Int.negOfNat 1).rawCast))
                        (Mathlib.Tactic.Ring.Common.add_pf_add_zero
                          (√2 ^ Nat.rawCast 2 * (Int.negOfNat 1).rawCast + 0)))
                      (Mathlib.Tactic.Ring.Common.add_pf_add_lt (√2 ^ Nat.rawCast 1 * Nat.rawCast 1)
                        (Mathlib.Tactic.Ring.Common.add_pf_zero_add
                          (√2 ^ Nat.rawCast 2 * (Int.negOfNat 1).rawCast + 0))))
                    (Mathlib.Tactic.Ring.Common.zero_mul
                      ((Int.negOfNat 1).rawCast + (√2 ^ Nat.rawCast 1 * Nat.rawCast 1 + 0)))
                    (Mathlib.Tactic.Ring.Common.add_pf_add_zero
                      (√2 ^ Nat.rawCast 1 * Nat.rawCast 1 + (√2 ^ Nat.rawCast 2 * (Int.negOfNat 1).rawCast + 0)))))
                (Mathlib.Tactic.Ring.Common.sub_pf
                  (Mathlib.Tactic.Ring.Common.neg_add
                    (Mathlib.Tactic.Ring.Common.neg_mul (√2) (Nat.rawCast 1)
                      (Mathlib.Meta.NormNum.IsInt.to_raw_eq
                        (Mathlib.Meta.NormNum.isInt_neg (Eq.refl Neg.neg)
                          (Mathlib.Meta.NormNum.IsNat.to_isInt (Mathlib.Meta.NormNum.IsNat.of_raw ℝ 1))
                          (Eq.refl (Int.negOfNat 1)))))
                    (Mathlib.Tactic.Ring.Common.neg_add
                      (Mathlib.Tactic.Ring.Common.neg_mul (√2) (Nat.rawCast 2)
                        (Mathlib.Meta.NormNum.IsNat.to_raw_eq
                          (Mathlib.Meta.NormNum.IsInt.to_isNat
                            (Mathlib.Meta.NormNum.isInt_neg (Eq.refl Neg.neg)
                              (Mathlib.Meta.NormNum.IsInt.of_raw ℝ (Int.negOfNat 1)) (Eq.refl (Int.ofNat 1))))))
                      Mathlib.Tactic.Ring.Common.neg_zero))
                  (Mathlib.Tactic.Ring.Common.add_pf_zero_add
                    (√2 ^ Nat.rawCast 1 * (Int.negOfNat 1).rawCast + (√2 ^ Nat.rawCast 2 * Nat.rawCast 1 + 0)))))
              (Mathlib.Tactic.Ring.Common.add_pf_add_overlap_zero
                (Mathlib.Tactic.Ring.Common.add_overlap_pf_zero (√2) (Nat.rawCast 1)
                  (Mathlib.Meta.NormNum.IsInt.to_isNat
                    (Mathlib.Meta.NormNum.isInt_add (Eq.refl HAdd.hAdd)
                      (Mathlib.Meta.NormNum.IsNat.to_isInt (Mathlib.Meta.NormNum.IsNat.of_raw ℝ 1))
                      (Mathlib.Meta.NormNum.IsInt.of_raw ℝ (Int.negOfNat 1)) (Eq.refl (Int.ofNat 0)))))
                (Mathlib.Tactic.Ring.Common.add_pf_add_overlap_zero
                  (Mathlib.Tactic.Ring.Common.add_overlap_pf_zero (√2) (Nat.rawCast 2)
                    (Mathlib.Meta.NormNum.IsInt.to_isNat
                      (Mathlib.Meta.NormNum.isInt_add (Eq.refl HAdd.hAdd)
                        (Mathlib.Meta.NormNum.IsInt.of_raw ℝ (Int.negOfNat 1))
                        (Mathlib.Meta.NormNum.IsNat.to_isInt (Mathlib.Meta.NormNum.IsNat.of_raw ℝ 1))
                        (Eq.refl (Int.ofNat 0)))))
                  (Mathlib.Tactic.Ring.Common.add_pf_zero_add 0))))
            (Mathlib.Tactic.Ring.cast_zero (Mathlib.Meta.NormNum.isNat_ofNat ℝ Nat.cast_zero))))
        (Mathlib.Tactic.Linarith.add_lt_of_neg_of_le
          (Mathlib.Tactic.Linarith.add_neg
            (Mathlib.Tactic.Linarith.lt_of_lt_of_eq (neg_neg_of_pos Mathlib.Tactic.Linarith.zero_lt_one)
              (neg_eq_zero.mpr (sub_eq_zero_of_eq hs)))
            (Mathlib.Tactic.Linarith.sub_neg_of_lt a))
          (Mathlib.Tactic.Linarith.sub_nonpos_of_le
            (mul_nonneg_of_nonpos_of_nonpos (Mathlib.Tactic.Linarith.sub_nonpos_of_le hp)
              (le_of_lt (Mathlib.Tactic.Linarith.sub_neg_of_lt a))))));
of_eq_true
  (Eq.trans
    (congrFun'
      (congrArg Eq
        (Eq.trans
          (congr
            (congrArg HMul.hMul
              (Eq.trans
                (congrArg (HMul.hMul 1)
                  (Eq.trans (congrArg (max 1) (abs_of_nonneg hp))
                    (sup_of_le_right (of_eq_true (Eq.trans Real.one_le_sqrt._simp_1 Nat.one_le_ofNat._simp_1)))))
                (one_mul √2)))
            (Eq.trans (congrArg (max 1) (Eq.trans (abs_neg √2) (abs_of_nonneg hp)))
              (sup_of_le_right (of_eq_true (Eq.trans Real.one_le_sqrt._simp_1 Nat.one_le_ofNat._simp_1)))))
          (Real.mul_self_sqrt (of_eq_true (Nat.ofNat_nonneg._simp_1 2)))))
      2)
    (eq_self 2))
'FixedQuadratic.Regression.sqrt_two_mahler' depends on axioms: [propext, Classical.choice, Quot.sound]
theorem FixedQuadratic.Regression.cancellation_minor : !![MvPolynomial.X 0, MvPolynomial.X 0 + 1;
      MvPolynomial.X 0 - 1, MvPolynomial.X 0].det =
  1 :=
Eq.mpr
  (id
    (congrArg (fun _a => _a = 1)
      (Matrix.det_fin_two !![MvPolynomial.X 0, MvPolynomial.X 0 + 1; MvPolynomial.X 0 - 1, MvPolynomial.X 0])))
  (Eq.mpr
    (id
      (congrFun'
        (congrArg Eq
          (congr
            (congrArg HSub.hSub
              (congrArg (HMul.hMul (MvPolynomial.X 0))
                (Eq.trans (congrFun (Matrix.cons_val_fin_one ![MvPolynomial.X 0 - 1, MvPolynomial.X 0] ![] 0) 1)
                  (Matrix.cons_val_fin_one (MvPolynomial.X 0) ![] 0))))
            (congr (congrArg HMul.hMul (Matrix.cons_val_fin_one (MvPolynomial.X 0 + 1) ![] 0))
              (congrFun (Matrix.cons_val_fin_one ![MvPolynomial.X 0 - 1, MvPolynomial.X 0] ![] 0) 0))))
        1))
    (Mathlib.Tactic.Ring.of_eq
      (Mathlib.Tactic.Ring.Common.sub_congr
        (Mathlib.Tactic.Ring.Common.mul_congr
          (Mathlib.Tactic.Ring.Common.atom_pf (MvPolynomial.X 0) rfl
            (Eq.mpr
              (id
                (congrArg
                  (fun _a => MvPolynomial.X 0 ^ Nat.rawCast 1 * Nat.rawCast 1 = MvPolynomial.X 0 ^ Nat.rawCast 1 * _a)
                  (Eq.symm rfl)))
              (Eq.refl (MvPolynomial.X 0 ^ Nat.rawCast 1 * Nat.rawCast 1))))
          (Mathlib.Tactic.Ring.Common.atom_pf (MvPolynomial.X 0) rfl
            (Eq.mpr
              (id
                (congrArg
                  (fun _a => MvPolynomial.X 0 ^ Nat.rawCast 1 * Nat.rawCast 1 = MvPolynomial.X 0 ^ Nat.rawCast 1 * _a)
                  (Eq.symm rfl)))
              (Eq.refl (MvPolynomial.X 0 ^ Nat.rawCast 1 * Nat.rawCast 1))))
          (Mathlib.Tactic.Ring.Common.add_mul
            (Mathlib.Tactic.Ring.Common.mul_add
              (Mathlib.Tactic.Ring.Common.mul_pp_pf_overlap (MvPolynomial.X 0)
                (Mathlib.Meta.NormNum.IsNat.to_raw_eq
                  (Mathlib.Meta.NormNum.isNat_add (Eq.refl HAdd.hAdd) (Mathlib.Meta.NormNum.IsNat.of_raw ℕ 1)
                    (Mathlib.Meta.NormNum.IsNat.of_raw ℕ 1) (Eq.refl 2)))
                (Mathlib.Meta.NormNum.IsNat.to_raw_eq
                  (Mathlib.Meta.NormNum.isNat_mul (Eq.refl HMul.hMul)
                    (Mathlib.Meta.NormNum.IsNat.of_raw (MvPolynomial (Fin 1) ℚ) 1)
                    (Mathlib.Meta.NormNum.IsNat.of_raw (MvPolynomial (Fin 1) ℚ) 1) (Eq.refl 1))))
              (Mathlib.Tactic.Ring.Common.mul_zero (MvPolynomial.X 0 ^ Nat.rawCast 1 * Nat.rawCast 1))
              (Mathlib.Tactic.Ring.Common.add_pf_add_zero (MvPolynomial.X 0 ^ Nat.rawCast 2 * Nat.rawCast 1 + 0)))
            (Mathlib.Tactic.Ring.Common.zero_mul (MvPolynomial.X 0 ^ Nat.rawCast 1 * Nat.rawCast 1 + 0))
            (Mathlib.Tactic.Ring.Common.add_pf_add_zero (MvPolynomial.X 0 ^ Nat.rawCast 2 * Nat.rawCast 1 + 0))))
        (Mathlib.Tactic.Ring.Common.mul_congr
          (Mathlib.Tactic.Ring.Common.add_congr
            (Mathlib.Tactic.Ring.Common.atom_pf (MvPolynomial.X 0) rfl
              (Eq.mpr
                (id
                  (congrArg
                    (fun _a => MvPolynomial.X 0 ^ Nat.rawCast 1 * Nat.rawCast 1 = MvPolynomial.X 0 ^ Nat.rawCast 1 * _a)
                    (Eq.symm rfl)))
                (Eq.refl (MvPolynomial.X 0 ^ Nat.rawCast 1 * Nat.rawCast 1))))
            (Mathlib.Tactic.Ring.cast_pos (Mathlib.Meta.NormNum.isNat_ofNat (MvPolynomial (Fin 1) ℚ) Nat.cast_one))
            (Mathlib.Tactic.Ring.Common.add_pf_add_gt (Nat.rawCast 1)
              (Mathlib.Tactic.Ring.Common.add_pf_add_zero (MvPolynomial.X 0 ^ Nat.rawCast 1 * Nat.rawCast 1 + 0))))
          (Mathlib.Tactic.Ring.Common.sub_congr
            (Mathlib.Tactic.Ring.Common.atom_pf (MvPolynomial.X 0) rfl
              (Eq.mpr
                (id
                  (congrArg
                    (fun _a => MvPolynomial.X 0 ^ Nat.rawCast 1 * Nat.rawCast 1 = MvPolynomial.X 0 ^ Nat.rawCast 1 * _a)
                    (Eq.symm rfl)))
                (Eq.refl (MvPolynomial.X 0 ^ Nat.rawCast 1 * Nat.rawCast 1))))
            (Mathlib.Tactic.Ring.cast_pos (Mathlib.Meta.NormNum.isNat_ofNat (MvPolynomial (Fin 1) ℚ) Nat.cast_one))
            (Mathlib.Tactic.Ring.Common.sub_pf
              (Mathlib.Tactic.Ring.Common.neg_add
                (Mathlib.Meta.NormNum.IsInt.to_raw_eq
                  (Mathlib.Meta.NormNum.isInt_neg (Eq.refl Neg.neg)
                    (Mathlib.Meta.NormNum.IsNat.to_isInt (Mathlib.Meta.NormNum.IsNat.of_raw (MvPolynomial (Fin 1) ℚ) 1))
                    (Eq.refl (Int.negOfNat 1))))
                Mathlib.Tactic.Ring.Common.neg_zero)
              (Mathlib.Tactic.Ring.Common.add_pf_add_gt (Int.negOfNat 1).rawCast
                (Mathlib.Tactic.Ring.Common.add_pf_add_zero (MvPolynomial.X 0 ^ Nat.rawCast 1 * Nat.rawCast 1 + 0)))))
          (Mathlib.Tactic.Ring.Common.add_mul
            (Mathlib.Tactic.Ring.Common.mul_add
              (Mathlib.Meta.NormNum.IsInt.to_raw_eq
                (Mathlib.Meta.NormNum.isInt_mul (Eq.refl HMul.hMul)
                  (Mathlib.Meta.NormNum.IsNat.to_isInt (Mathlib.Meta.NormNum.IsNat.of_raw (MvPolynomial (Fin 1) ℚ) 1))
                  (Mathlib.Meta.NormNum.IsInt.of_raw (MvPolynomial (Fin 1) ℚ) (Int.negOfNat 1))
                  (Eq.refl (Int.negOfNat 1))))
              (Mathlib.Tactic.Ring.Common.mul_add
                (Mathlib.Tactic.Ring.Common.mul_pf_right (MvPolynomial.X 0) (Nat.rawCast 1)
                  (Mathlib.Meta.NormNum.IsNat.to_raw_eq
                    (Mathlib.Meta.NormNum.isNat_mul (Eq.refl HMul.hMul)
                      (Mathlib.Meta.NormNum.IsNat.of_raw (MvPolynomial (Fin 1) ℚ) 1)
                      (Mathlib.Meta.NormNum.IsNat.of_raw (MvPolynomial (Fin 1) ℚ) 1) (Eq.refl 1))))
                (Mathlib.Tactic.Ring.Common.mul_zero (Nat.rawCast 1))
                (Mathlib.Tactic.Ring.Common.add_pf_add_zero (MvPolynomial.X 0 ^ Nat.rawCast 1 * Nat.rawCast 1 + 0)))
              (Mathlib.Tactic.Ring.Common.add_pf_add_lt (Int.negOfNat 1).rawCast
                (Mathlib.Tactic.Ring.Common.add_pf_zero_add (MvPolynomial.X 0 ^ Nat.rawCast 1 * Nat.rawCast 1 + 0))))
            (Mathlib.Tactic.Ring.Common.add_mul
              (Mathlib.Tactic.Ring.Common.mul_add
                (Mathlib.Tactic.Ring.Common.mul_pf_left (MvPolynomial.X 0) (Nat.rawCast 1)
                  (Mathlib.Meta.NormNum.IsInt.to_raw_eq
                    (Mathlib.Meta.NormNum.isInt_mul (Eq.refl HMul.hMul)
                      (Mathlib.Meta.NormNum.IsNat.to_isInt
                        (Mathlib.Meta.NormNum.IsNat.of_raw (MvPolynomial (Fin 1) ℚ) 1))
                      (Mathlib.Meta.NormNum.IsInt.of_raw (MvPolynomial (Fin 1) ℚ) (Int.negOfNat 1))
                      (Eq.refl (Int.negOfNat 1)))))
                (Mathlib.Tactic.Ring.Common.mul_add
                  (Mathlib.Tactic.Ring.Common.mul_pp_pf_overlap (MvPolynomial.X 0)
                    (Mathlib.Meta.NormNum.IsNat.to_raw_eq
                      (Mathlib.Meta.NormNum.isNat_add (Eq.refl HAdd.hAdd) (Mathlib.Meta.NormNum.IsNat.of_raw ℕ 1)
                        (Mathlib.Meta.NormNum.IsNat.of_raw ℕ 1) (Eq.refl 2)))
                    (Mathlib.Meta.NormNum.IsNat.to_raw_eq
                      (Mathlib.Meta.NormNum.isNat_mul (Eq.refl HMul.hMul)
                        (Mathlib.Meta.NormNum.IsNat.of_raw (MvPolynomial (Fin 1) ℚ) 1)
                        (Mathlib.Meta.NormNum.IsNat.of_raw (MvPolynomial (Fin 1) ℚ) 1) (Eq.refl 1))))
                  (Mathlib.Tactic.Ring.Common.mul_zero (MvPolynomial.X 0 ^ Nat.rawCast 1 * Nat.rawCast 1))
                  (Mathlib.Tactic.Ring.Common.add_pf_add_zero (MvPolynomial.X 0 ^ Nat.rawCast 2 * Nat.rawCast 1 + 0)))
                (Mathlib.Tactic.Ring.Common.add_pf_add_lt (MvPolynomial.X 0 ^ Nat.rawCast 1 * (Int.negOfNat 1).rawCast)
                  (Mathlib.Tactic.Ring.Common.add_pf_zero_add (MvPolynomial.X 0 ^ Nat.rawCast 2 * Nat.rawCast 1 + 0))))
              (Mathlib.Tactic.Ring.Common.zero_mul
                ((Int.negOfNat 1).rawCast + (MvPolynomial.X 0 ^ Nat.rawCast 1 * Nat.rawCast 1 + 0)))
              (Mathlib.Tactic.Ring.Common.add_pf_add_zero
                (MvPolynomial.X 0 ^ Nat.rawCast 1 * (Int.negOfNat 1).rawCast +
                  (MvPolynomial.X 0 ^ Nat.rawCast 2 * Nat.rawCast 1 + 0))))
            (Mathlib.Tactic.Ring.Common.add_pf_add_lt (Int.negOfNat 1).rawCast
              (Mathlib.Tactic.Ring.Common.add_pf_add_overlap_zero
                (Mathlib.Tactic.Ring.Common.add_overlap_pf_zero (MvPolynomial.X 0) (Nat.rawCast 1)
                  (Mathlib.Meta.NormNum.IsInt.to_isNat
                    (Mathlib.Meta.NormNum.isInt_add (Eq.refl HAdd.hAdd)
                      (Mathlib.Meta.NormNum.IsNat.to_isInt
                        (Mathlib.Meta.NormNum.IsNat.of_raw (MvPolynomial (Fin 1) ℚ) 1))
                      (Mathlib.Meta.NormNum.IsInt.of_raw (MvPolynomial (Fin 1) ℚ) (Int.negOfNat 1))
                      (Eq.refl (Int.ofNat 0)))))
                (Mathlib.Tactic.Ring.Common.add_pf_zero_add (MvPolynomial.X 0 ^ Nat.rawCast 2 * Nat.rawCast 1 + 0))))))
        (Mathlib.Tactic.Ring.Common.sub_pf
          (Mathlib.Tactic.Ring.Common.neg_add
            (Mathlib.Meta.NormNum.IsNat.to_raw_eq
              (Mathlib.Meta.NormNum.IsInt.to_isNat
                (Mathlib.Meta.NormNum.isInt_neg (Eq.refl Neg.neg)
                  (Mathlib.Meta.NormNum.IsInt.of_raw (MvPolynomial (Fin 1) ℚ) (Int.negOfNat 1))
                  (Eq.refl (Int.ofNat 1)))))
            (Mathlib.Tactic.Ring.Common.neg_add
              (Mathlib.Tactic.Ring.Common.neg_mul (MvPolynomial.X 0) (Nat.rawCast 2)
                (Mathlib.Meta.NormNum.IsInt.to_raw_eq
                  (Mathlib.Meta.NormNum.isInt_neg (Eq.refl Neg.neg)
                    (Mathlib.Meta.NormNum.IsNat.to_isInt (Mathlib.Meta.NormNum.IsNat.of_raw (MvPolynomial (Fin 1) ℚ) 1))
                    (Eq.refl (Int.negOfNat 1)))))
              Mathlib.Tactic.Ring.Common.neg_zero))
          (Mathlib.Tactic.Ring.Common.add_pf_add_gt (Nat.rawCast 1)
            (Mathlib.Tactic.Ring.Common.add_pf_add_overlap_zero
              (Mathlib.Tactic.Ring.Common.add_overlap_pf_zero (MvPolynomial.X 0) (Nat.rawCast 2)
                (Mathlib.Meta.NormNum.IsInt.to_isNat
                  (Mathlib.Meta.NormNum.isInt_add (Eq.refl HAdd.hAdd)
                    (Mathlib.Meta.NormNum.IsNat.to_isInt (Mathlib.Meta.NormNum.IsNat.of_raw (MvPolynomial (Fin 1) ℚ) 1))
                    (Mathlib.Meta.NormNum.IsInt.of_raw (MvPolynomial (Fin 1) ℚ) (Int.negOfNat 1))
                    (Eq.refl (Int.ofNat 0)))))
              (Mathlib.Tactic.Ring.Common.add_pf_zero_add 0)))))
      (Mathlib.Tactic.Ring.cast_pos (Mathlib.Meta.NormNum.isNat_ofNat (MvPolynomial (Fin 1) ℚ) Nat.cast_one))))
'FixedQuadratic.Regression.cancellation_minor' depends on axioms: [propext, Classical.choice, Quot.sound]
theorem FixedQuadratic.Regression.cancellation_degree : MvPolynomial.degreeOf 0
    !![MvPolynomial.X 0, MvPolynomial.X 0 + 1; MvPolynomial.X 0 - 1, MvPolynomial.X 0].det =
  0 :=
Eq.mpr (id (congrArg (fun _a => MvPolynomial.degreeOf 0 _a = 0) FixedQuadratic.Regression.cancellation_minor))
  (of_eq_true (Eq.trans (congrFun' (congrArg Eq (MvPolynomial.degreeOf_one 0)) 0) (eq_self 0)))
'FixedQuadratic.Regression.cancellation_degree' depends on axioms: [propext, Classical.choice, Quot.sound]
theorem FixedQuadratic.Regression.bounded_height_two_finite : (FixedQuadratic.boundedQuadraticRoots 2).Finite :=
FixedQuadratic.finite_boundedQuadraticRoots 2
'FixedQuadratic.Regression.bounded_height_two_finite' depends on axioms: [propext, Classical.choice, Quot.sound]
